table,field,poll_id,respondent_id,definition_id,old_value,proposed_value,item_id,wave,battery_id
respondent_measures,value_numeric,zeguo-2005,241,zeguo-2005.industrial_roads_t2@historical-v1,0.5,NA,NA,NA,NA
respondent_measures,value_numeric,zeguo-2005,244,zeguo-2005.industrial_roads_t2@historical-v1,0.5,NA,NA,NA,NA
respondent_measures,value_numeric,zeguo-2005,266,zeguo-2005.industrial_roads_t2@historical-v1,0.5,NA,NA,NA,NA
respondent_measures,value_numeric,zeguo-2005,44,zeguo-2005.industrial_roads_t2@historical-v1,0.5,NA,NA,NA,NA
respondent_measures,value_numeric,zeguo-2005,29,zeguo-2005.industrial_roads_t2@historical-v1,0.5,NA,NA,NA,NA
respondent_measures,value_numeric,zeguo-2005,269,zeguo-2005.industrial_roads_t2@historical-v1,0.5,NA,NA,NA,NA
respondent_measures,value_numeric,zeguo-2005,246,zeguo-2005.industrial_roads_t2@historical-v1,0.5,NA,NA,NA,NA
respondent_measures,value_numeric,zeguo-2005,245,zeguo-2005.industrial_roads_t2@historical-v1,0.5,NA,NA,NA,NA
respondent_measures,value_numeric,zeguo-2005,259,zeguo-2005.industrial_roads_t2@historical-v1,0.5,NA,NA,NA,NA
respondent_measures,value_numeric,zeguo-2005,173,zeguo-2005.industrial_roads_t2@historical-v1,0.5,NA,NA,NA,NA
respondent_measures,value_numeric,zeguo-2005,140,zeguo-2005.industrial_roads_t2@historical-v1,0.5,NA,NA,NA,NA
respondent_measures,value_numeric,zeguo-2005,182,zeguo-2005.industrial_roads_t2@historical-v1,0.5,NA,NA,NA,NA
respondent_measures,value_numeric,zeguo-2005,115,zeguo-2005.industrial_roads_t2@historical-v1,0.5,NA,NA,NA,NA
respondent_measures,value_numeric,zeguo-2005,46,zeguo-2005.industrial_roads_t2@historical-v1,0.5,NA,NA,NA,NA
respondent_measures,value_numeric,zeguo-2005,71,zeguo-2005.industrial_roads_t2@historical-v1,0.5,NA,NA,NA,NA
respondent_measures,value_numeric,zeguo-2005,158,zeguo-2005.industrial_roads_t2@historical-v1,0.5,NA,NA,NA,NA
respondent_measures,value_numeric,zeguo-2005,70,zeguo-2005.industrial_roads_t2@historical-v1,0.5,NA,NA,NA,NA
respondent_measures,value_numeric,zeguo-2005,238,zeguo-2005.industrial_roads_t2@historical-v1,0.5,NA,NA,NA,NA
respondent_measures,value_numeric,zeguo-2005,213,zeguo-2005.industrial_roads_t2@historical-v1,0.5,NA,NA,NA,NA
respondent_measures,value_numeric,zeguo-2005,224,zeguo-2005.industrial_roads_t2@historical-v1,0.5,NA,NA,NA,NA
respondent_measures,value_numeric,zeguo-2005,102,zeguo-2005.industrial_roads_t2@historical-v1,0.5,NA,NA,NA,NA
respondent_measures,value_numeric,zeguo-2005,265,zeguo-2005.industrial_roads_t2@historical-v1,0.5,NA,NA,NA,NA
respondent_measures,value_numeric,zeguo-2005,128,zeguo-2005.industrial_roads_t2@historical-v1,0.5,NA,NA,NA,NA
respondent_measures,value_numeric,zeguo-2005,225,zeguo-2005.industrial_roads_t2@historical-v1,0.5,NA,NA,NA,NA
respondent_measures,value_numeric,zeguo-2005,164,zeguo-2005.industrial_roads_t2@historical-v1,0.5,NA,NA,NA,NA
respondent_measures,value_numeric,zeguo-2005,162,zeguo-2005.industrial_roads_t2@historical-v1,0.5,NA,NA,NA,NA
respondent_measures,value_numeric,zeguo-2005,221,zeguo-2005.industrial_roads_t2@historical-v1,0.5,NA,NA,NA,NA
respondent_measures,value_numeric,zeguo-2005,232,zeguo-2005.industrial_roads_t2@historical-v1,0.5,NA,NA,NA,NA
respondent_measures,value_numeric,zeguo-2005,219,zeguo-2005.industrial_roads_t2@historical-v1,0.5,NA,NA,NA,NA
respondent_measures,value_numeric,zeguo-2005,155,zeguo-2005.industrial_roads_t2@historical-v1,0.5,NA,NA,NA,NA
respondent_measures,value_numeric,zeguo-2005,99,zeguo-2005.industrial_roads_t2@historical-v1,0.5,NA,NA,NA,NA
respondent_measures,value_numeric,zeguo-2005,169,zeguo-2005.industrial_roads_t2@historical-v1,0.5,NA,NA,NA,NA
respondent_measures,value_numeric,zeguo-2005,31,zeguo-2005.industrial_roads_t2@historical-v1,0.5,NA,NA,NA,NA
respondent_measures,value_numeric,zeguo-2005,166,zeguo-2005.industrial_roads_t2@historical-v1,0.5,NA,NA,NA,NA
respondent_measures,value_numeric,zeguo-2005,241,zeguo-2005.village_roads_t2@historical-v1,0.5,NA,NA,NA,NA
respondent_measures,value_numeric,zeguo-2005,244,zeguo-2005.village_roads_t2@historical-v1,0.5,NA,NA,NA,NA
respondent_measures,value_numeric,zeguo-2005,266,zeguo-2005.village_roads_t2@historical-v1,0.5,NA,NA,NA,NA
respondent_measures,value_numeric,zeguo-2005,44,zeguo-2005.village_roads_t2@historical-v1,0.5,NA,NA,NA,NA
respondent_measures,value_numeric,zeguo-2005,29,zeguo-2005.village_roads_t2@historical-v1,0.5,NA,NA,NA,NA
respondent_measures,value_numeric,zeguo-2005,269,zeguo-2005.village_roads_t2@historical-v1,0.5,NA,NA,NA,NA
respondent_measures,value_numeric,zeguo-2005,246,zeguo-2005.village_roads_t2@historical-v1,0.5,NA,NA,NA,NA
respondent_measures,value_numeric,zeguo-2005,245,zeguo-2005.village_roads_t2@historical-v1,0.5,NA,NA,NA,NA
respondent_measures,value_numeric,zeguo-2005,259,zeguo-2005.village_roads_t2@historical-v1,0.5,NA,NA,NA,NA
respondent_measures,value_numeric,zeguo-2005,173,zeguo-2005.village_roads_t2@historical-v1,0.5,NA,NA,NA,NA
respondent_measures,value_numeric,zeguo-2005,140,zeguo-2005.village_roads_t2@historical-v1,0.5,NA,NA,NA,NA
respondent_measures,value_numeric,zeguo-2005,182,zeguo-2005.village_roads_t2@historical-v1,0.5,NA,NA,NA,NA
respondent_measures,value_numeric,zeguo-2005,115,zeguo-2005.village_roads_t2@historical-v1,0.5,NA,NA,NA,NA
respondent_measures,value_numeric,zeguo-2005,46,zeguo-2005.village_roads_t2@historical-v1,0.5,NA,NA,NA,NA
respondent_measures,value_numeric,zeguo-2005,71,zeguo-2005.village_roads_t2@historical-v1,0.5,NA,NA,NA,NA
respondent_measures,value_numeric,zeguo-2005,158,zeguo-2005.village_roads_t2@historical-v1,0.5,NA,NA,NA,NA
respondent_measures,value_numeric,zeguo-2005,70,zeguo-2005.village_roads_t2@historical-v1,0.5,NA,NA,NA,NA
respondent_measures,value_numeric,zeguo-2005,238,zeguo-2005.village_roads_t2@historical-v1,0.5,NA,NA,NA,NA
respondent_measures,value_numeric,zeguo-2005,213,zeguo-2005.village_roads_t2@historical-v1,0.5,NA,NA,NA,NA
respondent_measures,value_numeric,zeguo-2005,224,zeguo-2005.village_roads_t2@historical-v1,0.5,NA,NA,NA,NA
respondent_measures,value_numeric,zeguo-2005,102,zeguo-2005.village_roads_t2@historical-v1,0.5,NA,NA,NA,NA
respondent_measures,value_numeric,zeguo-2005,265,zeguo-2005.village_roads_t2@historical-v1,0.5,NA,NA,NA,NA
respondent_measures,value_numeric,zeguo-2005,128,zeguo-2005.village_roads_t2@historical-v1,0.5,NA,NA,NA,NA
respondent_measures,value_numeric,zeguo-2005,225,zeguo-2005.village_roads_t2@historical-v1,0.5,NA,NA,NA,NA
respondent_measures,value_numeric,zeguo-2005,164,zeguo-2005.village_roads_t2@historical-v1,0.5,NA,NA,NA,NA
respondent_measures,value_numeric,zeguo-2005,162,zeguo-2005.village_roads_t2@historical-v1,0.5,NA,NA,NA,NA
respondent_measures,value_numeric,zeguo-2005,221,zeguo-2005.village_roads_t2@historical-v1,0.5,NA,NA,NA,NA
respondent_measures,value_numeric,zeguo-2005,232,zeguo-2005.village_roads_t2@historical-v1,0.5,NA,NA,NA,NA
respondent_measures,value_numeric,zeguo-2005,219,zeguo-2005.village_roads_t2@historical-v1,0.5,NA,NA,NA,NA
respondent_measures,value_numeric,zeguo-2005,155,zeguo-2005.village_roads_t2@historical-v1,0.5,NA,NA,NA,NA
respondent_measures,value_numeric,zeguo-2005,99,zeguo-2005.village_roads_t2@historical-v1,0.5,NA,NA,NA,NA
respondent_measures,value_numeric,zeguo-2005,169,zeguo-2005.village_roads_t2@historical-v1,0.5,NA,NA,NA,NA
respondent_measures,value_numeric,zeguo-2005,31,zeguo-2005.village_roads_t2@historical-v1,0.5,NA,NA,NA,NA
respondent_measures,value_numeric,zeguo-2005,166,zeguo-2005.village_roads_t2@historical-v1,0.5,NA,NA,NA,NA
respondent_measures,value_numeric,zeguo-2005,241,zeguo-2005.main_roads_t2@zg-02-v2,0.5,NA,NA,NA,NA
respondent_measures,value_numeric,zeguo-2005,244,zeguo-2005.main_roads_t2@zg-02-v2,0.5,NA,NA,NA,NA
respondent_measures,value_numeric,zeguo-2005,266,zeguo-2005.main_roads_t2@zg-02-v2,0.5,NA,NA,NA,NA
respondent_measures,value_numeric,zeguo-2005,44,zeguo-2005.main_roads_t2@zg-02-v2,0.5,NA,NA,NA,NA
respondent_measures,value_numeric,zeguo-2005,29,zeguo-2005.main_roads_t2@zg-02-v2,0.5,NA,NA,NA,NA
respondent_measures,value_numeric,zeguo-2005,269,zeguo-2005.main_roads_t2@zg-02-v2,0.5,NA,NA,NA,NA
respondent_measures,value_numeric,zeguo-2005,246,zeguo-2005.main_roads_t2@zg-02-v2,0.5,NA,NA,NA,NA
respondent_measures,value_numeric,zeguo-2005,245,zeguo-2005.main_roads_t2@zg-02-v2,0.5,NA,NA,NA,NA
respondent_measures,value_numeric,zeguo-2005,259,zeguo-2005.main_roads_t2@zg-02-v2,0.5,NA,NA,NA,NA
respondent_measures,value_numeric,zeguo-2005,173,zeguo-2005.main_roads_t2@zg-02-v2,0.5,NA,NA,NA,NA
respondent_measures,value_numeric,zeguo-2005,140,zeguo-2005.main_roads_t2@zg-02-v2,0.5,NA,NA,NA,NA
respondent_measures,value_numeric,zeguo-2005,182,zeguo-2005.main_roads_t2@zg-02-v2,0.5,NA,NA,NA,NA
respondent_measures,value_numeric,zeguo-2005,115,zeguo-2005.main_roads_t2@zg-02-v2,0.5,NA,NA,NA,NA
respondent_measures,value_numeric,zeguo-2005,46,zeguo-2005.main_roads_t2@zg-02-v2,0.5,NA,NA,NA,NA
respondent_measures,value_numeric,zeguo-2005,71,zeguo-2005.main_roads_t2@zg-02-v2,0.5,NA,NA,NA,NA
respondent_measures,value_numeric,zeguo-2005,158,zeguo-2005.main_roads_t2@zg-02-v2,0.5,NA,NA,NA,NA
respondent_measures,value_numeric,zeguo-2005,70,zeguo-2005.main_roads_t2@zg-02-v2,0.5,NA,NA,NA,NA
respondent_measures,value_numeric,zeguo-2005,238,zeguo-2005.main_roads_t2@zg-02-v2,0.5,NA,NA,NA,NA
respondent_measures,value_numeric,zeguo-2005,213,zeguo-2005.main_roads_t2@zg-02-v2,0.5,NA,NA,NA,NA
respondent_measures,value_numeric,zeguo-2005,224,zeguo-2005.main_roads_t2@zg-02-v2,0.5,NA,NA,NA,NA
respondent_measures,value_numeric,zeguo-2005,102,zeguo-2005.main_roads_t2@zg-02-v2,0.5,NA,NA,NA,NA
respondent_measures,value_numeric,zeguo-2005,265,zeguo-2005.main_roads_t2@zg-02-v2,0.5,NA,NA,NA,NA
respondent_measures,value_numeric,zeguo-2005,128,zeguo-2005.main_roads_t2@zg-02-v2,0.5,NA,NA,NA,NA
respondent_measures,value_numeric,zeguo-2005,225,zeguo-2005.main_roads_t2@zg-02-v2,0.5,NA,NA,NA,NA
respondent_measures,value_numeric,zeguo-2005,164,zeguo-2005.main_roads_t2@zg-02-v2,0.5,NA,NA,NA,NA
respondent_measures,value_numeric,zeguo-2005,162,zeguo-2005.main_roads_t2@zg-02-v2,0.5,NA,NA,NA,NA
respondent_measures,value_numeric,zeguo-2005,221,zeguo-2005.main_roads_t2@zg-02-v2,0.5,NA,NA,NA,NA
respondent_measures,value_numeric,zeguo-2005,232,zeguo-2005.main_roads_t2@zg-02-v2,0.5,NA,NA,NA,NA
respondent_measures,value_numeric,zeguo-2005,219,zeguo-2005.main_roads_t2@zg-02-v2,0.5,NA,NA,NA,NA
respondent_measures,value_numeric,zeguo-2005,155,zeguo-2005.main_roads_t2@zg-02-v2,0.5,NA,NA,NA,NA
respondent_measures,value_numeric,zeguo-2005,99,zeguo-2005.main_roads_t2@zg-02-v2,0.5,NA,NA,NA,NA
respondent_measures,value_numeric,zeguo-2005,169,zeguo-2005.main_roads_t2@zg-02-v2,0.5,NA,NA,NA,NA
respondent_measures,value_numeric,zeguo-2005,31,zeguo-2005.main_roads_t2@zg-02-v2,0.5,NA,NA,NA,NA
respondent_measures,value_numeric,zeguo-2005,166,zeguo-2005.main_roads_t2@zg-02-v2,0.5,NA,NA,NA,NA
respondent_measures,value_numeric,zeguo-2005,241,zeguo-2005.commercial_roads_t2@historical-v1,0.5,NA,NA,NA,NA
respondent_measures,value_numeric,zeguo-2005,244,zeguo-2005.commercial_roads_t2@historical-v1,0.5,NA,NA,NA,NA
respondent_measures,value_numeric,zeguo-2005,266,zeguo-2005.commercial_roads_t2@historical-v1,0.5,NA,NA,NA,NA
respondent_measures,value_numeric,zeguo-2005,44,zeguo-2005.commercial_roads_t2@historical-v1,0.5,NA,NA,NA,NA
respondent_measures,value_numeric,zeguo-2005,29,zeguo-2005.commercial_roads_t2@historical-v1,0.5,NA,NA,NA,NA
respondent_measures,value_numeric,zeguo-2005,269,zeguo-2005.commercial_roads_t2@historical-v1,0.5,NA,NA,NA,NA
respondent_measures,value_numeric,zeguo-2005,246,zeguo-2005.commercial_roads_t2@historical-v1,0.5,NA,NA,NA,NA
respondent_measures,value_numeric,zeguo-2005,245,zeguo-2005.commercial_roads_t2@historical-v1,0.5,NA,NA,NA,NA
respondent_measures,value_numeric,zeguo-2005,259,zeguo-2005.commercial_roads_t2@historical-v1,0.5,NA,NA,NA,NA
respondent_measures,value_numeric,zeguo-2005,173,zeguo-2005.commercial_roads_t2@historical-v1,0.5,NA,NA,NA,NA
respondent_measures,value_numeric,zeguo-2005,140,zeguo-2005.commercial_roads_t2@historical-v1,0.5,NA,NA,NA,NA
respondent_measures,value_numeric,zeguo-2005,182,zeguo-2005.commercial_roads_t2@historical-v1,0.5,NA,NA,NA,NA
respondent_measures,value_numeric,zeguo-2005,115,zeguo-2005.commercial_roads_t2@historical-v1,0.5,NA,NA,NA,NA
respondent_measures,value_numeric,zeguo-2005,46,zeguo-2005.commercial_roads_t2@historical-v1,0.5,NA,NA,NA,NA
respondent_measures,value_numeric,zeguo-2005,71,zeguo-2005.commercial_roads_t2@historical-v1,0.5,NA,NA,NA,NA
respondent_measures,value_numeric,zeguo-2005,158,zeguo-2005.commercial_roads_t2@historical-v1,0.5,NA,NA,NA,NA
respondent_measures,value_numeric,zeguo-2005,70,zeguo-2005.commercial_roads_t2@historical-v1,0.5,NA,NA,NA,NA
respondent_measures,value_numeric,zeguo-2005,238,zeguo-2005.commercial_roads_t2@historical-v1,0.5,NA,NA,NA,NA
respondent_measures,value_numeric,zeguo-2005,213,zeguo-2005.commercial_roads_t2@historical-v1,0.5,NA,NA,NA,NA
respondent_measures,value_numeric,zeguo-2005,224,zeguo-2005.commercial_roads_t2@historical-v1,0.5,NA,NA,NA,NA
respondent_measures,value_numeric,zeguo-2005,102,zeguo-2005.commercial_roads_t2@historical-v1,0.5,NA,NA,NA,NA
respondent_measures,value_numeric,zeguo-2005,265,zeguo-2005.commercial_roads_t2@historical-v1,0.5,NA,NA,NA,NA
respondent_measures,value_numeric,zeguo-2005,128,zeguo-2005.commercial_roads_t2@historical-v1,0.5,NA,NA,NA,NA
respondent_measures,value_numeric,zeguo-2005,225,zeguo-2005.commercial_roads_t2@historical-v1,0.5,NA,NA,NA,NA
respondent_measures,value_numeric,zeguo-2005,164,zeguo-2005.commercial_roads_t2@historical-v1,0.5,NA,NA,NA,NA
respondent_measures,value_numeric,zeguo-2005,162,zeguo-2005.commercial_roads_t2@historical-v1,0.5,NA,NA,NA,NA
respondent_measures,value_numeric,zeguo-2005,221,zeguo-2005.commercial_roads_t2@historical-v1,0.5,NA,NA,NA,NA
respondent_measures,value_numeric,zeguo-2005,232,zeguo-2005.commercial_roads_t2@historical-v1,0.5,NA,NA,NA,NA
respondent_measures,value_numeric,zeguo-2005,219,zeguo-2005.commercial_roads_t2@historical-v1,0.5,NA,NA,NA,NA
respondent_measures,value_numeric,zeguo-2005,155,zeguo-2005.commercial_roads_t2@historical-v1,0.5,NA,NA,NA,NA
respondent_measures,value_numeric,zeguo-2005,99,zeguo-2005.commercial_roads_t2@historical-v1,0.5,NA,NA,NA,NA
respondent_measures,value_numeric,zeguo-2005,169,zeguo-2005.commercial_roads_t2@historical-v1,0.5,NA,NA,NA,NA
respondent_measures,value_numeric,zeguo-2005,31,zeguo-2005.commercial_roads_t2@historical-v1,0.5,NA,NA,NA,NA
respondent_measures,value_numeric,zeguo-2005,166,zeguo-2005.commercial_roads_t2@historical-v1,0.5,NA,NA,NA,NA
respondent_measures,value_numeric,zeguo-2005,241,zeguo-2005.wenchang_main_avenue_t2@zg-05-v2,0.5,NA,NA,NA,NA
respondent_measures,value_numeric,zeguo-2005,244,zeguo-2005.wenchang_main_avenue_t2@zg-05-v2,0.5,NA,NA,NA,NA
respondent_measures,value_numeric,zeguo-2005,266,zeguo-2005.wenchang_main_avenue_t2@zg-05-v2,0.5,NA,NA,NA,NA
respondent_measures,value_numeric,zeguo-2005,44,zeguo-2005.wenchang_main_avenue_t2@zg-05-v2,0.5,NA,NA,NA,NA
respondent_measures,value_numeric,zeguo-2005,29,zeguo-2005.wenchang_main_avenue_t2@zg-05-v2,0.5,NA,NA,NA,NA
respondent_measures,value_numeric,zeguo-2005,269,zeguo-2005.wenchang_main_avenue_t2@zg-05-v2,0.5,NA,NA,NA,NA
respondent_measures,value_numeric,zeguo-2005,246,zeguo-2005.wenchang_main_avenue_t2@zg-05-v2,0.5,NA,NA,NA,NA
respondent_measures,value_numeric,zeguo-2005,245,zeguo-2005.wenchang_main_avenue_t2@zg-05-v2,0.5,NA,NA,NA,NA
respondent_measures,value_numeric,zeguo-2005,259,zeguo-2005.wenchang_main_avenue_t2@zg-05-v2,0.5,NA,NA,NA,NA
respondent_measures,value_numeric,zeguo-2005,173,zeguo-2005.wenchang_main_avenue_t2@zg-05-v2,0.5,NA,NA,NA,NA
respondent_measures,value_numeric,zeguo-2005,140,zeguo-2005.wenchang_main_avenue_t2@zg-05-v2,0.5,NA,NA,NA,NA
respondent_measures,value_numeric,zeguo-2005,182,zeguo-2005.wenchang_main_avenue_t2@zg-05-v2,0.5,NA,NA,NA,NA
respondent_measures,value_numeric,zeguo-2005,115,zeguo-2005.wenchang_main_avenue_t2@zg-05-v2,0.5,NA,NA,NA,NA
respondent_measures,value_numeric,zeguo-2005,46,zeguo-2005.wenchang_main_avenue_t2@zg-05-v2,0.5,NA,NA,NA,NA
respondent_measures,value_numeric,zeguo-2005,71,zeguo-2005.wenchang_main_avenue_t2@zg-05-v2,0.5,NA,NA,NA,NA
respondent_measures,value_numeric,zeguo-2005,158,zeguo-2005.wenchang_main_avenue_t2@zg-05-v2,0.5,NA,NA,NA,NA
respondent_measures,value_numeric,zeguo-2005,70,zeguo-2005.wenchang_main_avenue_t2@zg-05-v2,0.5,NA,NA,NA,NA
respondent_measures,value_numeric,zeguo-2005,238,zeguo-2005.wenchang_main_avenue_t2@zg-05-v2,0.5,NA,NA,NA,NA
respondent_measures,value_numeric,zeguo-2005,213,zeguo-2005.wenchang_main_avenue_t2@zg-05-v2,0.5,NA,NA,NA,NA
respondent_measures,value_numeric,zeguo-2005,224,zeguo-2005.wenchang_main_avenue_t2@zg-05-v2,0.5,NA,NA,NA,NA
respondent_measures,value_numeric,zeguo-2005,102,zeguo-2005.wenchang_main_avenue_t2@zg-05-v2,0.5,NA,NA,NA,NA
respondent_measures,value_numeric,zeguo-2005,265,zeguo-2005.wenchang_main_avenue_t2@zg-05-v2,0.5,NA,NA,NA,NA
respondent_measures,value_numeric,zeguo-2005,128,zeguo-2005.wenchang_main_avenue_t2@zg-05-v2,0.5,NA,NA,NA,NA
respondent_measures,value_numeric,zeguo-2005,225,zeguo-2005.wenchang_main_avenue_t2@zg-05-v2,0.5,NA,NA,NA,NA
respondent_measures,value_numeric,zeguo-2005,164,zeguo-2005.wenchang_main_avenue_t2@zg-05-v2,0.5,NA,NA,NA,NA
respondent_measures,value_numeric,zeguo-2005,162,zeguo-2005.wenchang_main_avenue_t2@zg-05-v2,0.5,NA,NA,NA,NA
respondent_measures,value_numeric,zeguo-2005,221,zeguo-2005.wenchang_main_avenue_t2@zg-05-v2,0.5,NA,NA,NA,NA
respondent_measures,value_numeric,zeguo-2005,232,zeguo-2005.wenchang_main_avenue_t2@zg-05-v2,0.5,NA,NA,NA,NA
respondent_measures,value_numeric,zeguo-2005,219,zeguo-2005.wenchang_main_avenue_t2@zg-05-v2,0.5,NA,NA,NA,NA
respondent_measures,value_numeric,zeguo-2005,155,zeguo-2005.wenchang_main_avenue_t2@zg-05-v2,0.5,NA,NA,NA,NA
respondent_measures,value_numeric,zeguo-2005,99,zeguo-2005.wenchang_main_avenue_t2@zg-05-v2,0.5,NA,NA,NA,NA
respondent_measures,value_numeric,zeguo-2005,169,zeguo-2005.wenchang_main_avenue_t2@zg-05-v2,0.5,NA,NA,NA,NA
respondent_measures,value_numeric,zeguo-2005,31,zeguo-2005.wenchang_main_avenue_t2@zg-05-v2,0.5,NA,NA,NA,NA
respondent_measures,value_numeric,zeguo-2005,166,zeguo-2005.wenchang_main_avenue_t2@zg-05-v2,0.5,NA,NA,NA,NA
respondent_measures,value_numeric,zeguo-2005,241,zeguo-2005.other_parks_t2@historical-v1,0.5,NA,NA,NA,NA
respondent_measures,value_numeric,zeguo-2005,244,zeguo-2005.other_parks_t2@historical-v1,0.5,NA,NA,NA,NA
respondent_measures,value_numeric,zeguo-2005,266,zeguo-2005.other_parks_t2@historical-v1,0.5,NA,NA,NA,NA
respondent_measures,value_numeric,zeguo-2005,44,zeguo-2005.other_parks_t2@historical-v1,0.5,NA,NA,NA,NA
respondent_measures,value_numeric,zeguo-2005,29,zeguo-2005.other_parks_t2@historical-v1,0.5,NA,NA,NA,NA
respondent_measures,value_numeric,zeguo-2005,269,zeguo-2005.other_parks_t2@historical-v1,0.5,NA,NA,NA,NA
respondent_measures,value_numeric,zeguo-2005,246,zeguo-2005.other_parks_t2@historical-v1,0.5,NA,NA,NA,NA
respondent_measures,value_numeric,zeguo-2005,245,zeguo-2005.other_parks_t2@historical-v1,0.5,NA,NA,NA,NA
respondent_measures,value_numeric,zeguo-2005,259,zeguo-2005.other_parks_t2@historical-v1,0.5,NA,NA,NA,NA
respondent_measures,value_numeric,zeguo-2005,173,zeguo-2005.other_parks_t2@historical-v1,0.5,NA,NA,NA,NA
respondent_measures,value_numeric,zeguo-2005,140,zeguo-2005.other_parks_t2@historical-v1,0.5,NA,NA,NA,NA
respondent_measures,value_numeric,zeguo-2005,182,zeguo-2005.other_parks_t2@historical-v1,0.5,NA,NA,NA,NA
respondent_measures,value_numeric,zeguo-2005,115,zeguo-2005.other_parks_t2@historical-v1,0.5,NA,NA,NA,NA
respondent_measures,value_numeric,zeguo-2005,46,zeguo-2005.other_parks_t2@historical-v1,0.5,NA,NA,NA,NA
respondent_measures,value_numeric,zeguo-2005,71,zeguo-2005.other_parks_t2@historical-v1,0.5,NA,NA,NA,NA
respondent_measures,value_numeric,zeguo-2005,158,zeguo-2005.other_parks_t2@historical-v1,0.5,NA,NA,NA,NA
respondent_measures,value_numeric,zeguo-2005,70,zeguo-2005.other_parks_t2@historical-v1,0.5,NA,NA,NA,NA
respondent_measures,value_numeric,zeguo-2005,238,zeguo-2005.other_parks_t2@historical-v1,0.5,NA,NA,NA,NA
respondent_measures,value_numeric,zeguo-2005,213,zeguo-2005.other_parks_t2@historical-v1,0.5,NA,NA,NA,NA
respondent_measures,value_numeric,zeguo-2005,224,zeguo-2005.other_parks_t2@historical-v1,0.5,NA,NA,NA,NA
respondent_measures,value_numeric,zeguo-2005,102,zeguo-2005.other_parks_t2@historical-v1,0.5,NA,NA,NA,NA
respondent_measures,value_numeric,zeguo-2005,265,zeguo-2005.other_parks_t2@historical-v1,0.5,NA,NA,NA,NA
respondent_measures,value_numeric,zeguo-2005,128,zeguo-2005.other_parks_t2@historical-v1,0.5,NA,NA,NA,NA
respondent_measures,value_numeric,zeguo-2005,225,zeguo-2005.other_parks_t2@historical-v1,0.5,NA,NA,NA,NA
respondent_measures,value_numeric,zeguo-2005,164,zeguo-2005.other_parks_t2@historical-v1,0.5,NA,NA,NA,NA
respondent_measures,value_numeric,zeguo-2005,162,zeguo-2005.other_parks_t2@historical-v1,0.5,NA,NA,NA,NA
respondent_measures,value_numeric,zeguo-2005,221,zeguo-2005.other_parks_t2@historical-v1,0.5,NA,NA,NA,NA
respondent_measures,value_numeric,zeguo-2005,232,zeguo-2005.other_parks_t2@historical-v1,0.5,NA,NA,NA,NA
respondent_measures,value_numeric,zeguo-2005,219,zeguo-2005.other_parks_t2@historical-v1,0.5,NA,NA,NA,NA
respondent_measures,value_numeric,zeguo-2005,155,zeguo-2005.other_parks_t2@historical-v1,0.5,NA,NA,NA,NA
respondent_measures,value_numeric,zeguo-2005,99,zeguo-2005.other_parks_t2@historical-v1,0.5,NA,NA,NA,NA
respondent_measures,value_numeric,zeguo-2005,169,zeguo-2005.other_parks_t2@historical-v1,0.5,NA,NA,NA,NA
respondent_measures,value_numeric,zeguo-2005,31,zeguo-2005.other_parks_t2@historical-v1,0.5,NA,NA,NA,NA
respondent_measures,value_numeric,zeguo-2005,166,zeguo-2005.other_parks_t2@historical-v1,0.5,NA,NA,NA,NA
respondent_measures,value_numeric,zeguo-2005,241,zeguo-2005.township_image_t2@historical-v1,0.5,NA,NA,NA,NA
respondent_measures,value_numeric,zeguo-2005,244,zeguo-2005.township_image_t2@historical-v1,0.5,NA,NA,NA,NA
respondent_measures,value_numeric,zeguo-2005,266,zeguo-2005.township_image_t2@historical-v1,0.5,NA,NA,NA,NA
respondent_measures,value_numeric,zeguo-2005,44,zeguo-2005.township_image_t2@historical-v1,0.5,NA,NA,NA,NA
respondent_measures,value_numeric,zeguo-2005,29,zeguo-2005.township_image_t2@historical-v1,0.5,NA,NA,NA,NA
respondent_measures,value_numeric,zeguo-2005,269,zeguo-2005.township_image_t2@historical-v1,0.5,NA,NA,NA,NA
respondent_measures,value_numeric,zeguo-2005,246,zeguo-2005.township_image_t2@historical-v1,0.5,NA,NA,NA,NA
respondent_measures,value_numeric,zeguo-2005,245,zeguo-2005.township_image_t2@historical-v1,0.5,NA,NA,NA,NA
respondent_measures,value_numeric,zeguo-2005,259,zeguo-2005.township_image_t2@historical-v1,0.5,NA,NA,NA,NA
respondent_measures,value_numeric,zeguo-2005,173,zeguo-2005.township_image_t2@historical-v1,0.5,NA,NA,NA,NA
respondent_measures,value_numeric,zeguo-2005,140,zeguo-2005.township_image_t2@historical-v1,0.5,NA,NA,NA,NA
respondent_measures,value_numeric,zeguo-2005,182,zeguo-2005.township_image_t2@historical-v1,0.5,NA,NA,NA,NA
respondent_measures,value_numeric,zeguo-2005,115,zeguo-2005.township_image_t2@historical-v1,0.5,NA,NA,NA,NA
respondent_measures,value_numeric,zeguo-2005,46,zeguo-2005.township_image_t2@historical-v1,0.5,NA,NA,NA,NA
respondent_measures,value_numeric,zeguo-2005,71,zeguo-2005.township_image_t2@historical-v1,0.5,NA,NA,NA,NA
respondent_measures,value_numeric,zeguo-2005,158,zeguo-2005.township_image_t2@historical-v1,0.5,NA,NA,NA,NA
respondent_measures,value_numeric,zeguo-2005,70,zeguo-2005.township_image_t2@historical-v1,0.5,NA,NA,NA,NA
respondent_measures,value_numeric,zeguo-2005,238,zeguo-2005.township_image_t2@historical-v1,0.5,NA,NA,NA,NA
respondent_measures,value_numeric,zeguo-2005,213,zeguo-2005.township_image_t2@historical-v1,0.5,NA,NA,NA,NA
respondent_measures,value_numeric,zeguo-2005,224,zeguo-2005.township_image_t2@historical-v1,0.5,NA,NA,NA,NA
respondent_measures,value_numeric,zeguo-2005,102,zeguo-2005.township_image_t2@historical-v1,0.5,NA,NA,NA,NA
respondent_measures,value_numeric,zeguo-2005,265,zeguo-2005.township_image_t2@historical-v1,0.5,NA,NA,NA,NA
respondent_measures,value_numeric,zeguo-2005,128,zeguo-2005.township_image_t2@historical-v1,0.5,NA,NA,NA,NA
respondent_measures,value_numeric,zeguo-2005,225,zeguo-2005.township_image_t2@historical-v1,0.5,NA,NA,NA,NA
respondent_measures,value_numeric,zeguo-2005,164,zeguo-2005.township_image_t2@historical-v1,0.5,NA,NA,NA,NA
respondent_measures,value_numeric,zeguo-2005,162,zeguo-2005.township_image_t2@historical-v1,0.5,NA,NA,NA,NA
respondent_measures,value_numeric,zeguo-2005,221,zeguo-2005.township_image_t2@historical-v1,0.5,NA,NA,NA,NA
respondent_measures,value_numeric,zeguo-2005,232,zeguo-2005.township_image_t2@historical-v1,0.5,NA,NA,NA,NA
respondent_measures,value_numeric,zeguo-2005,219,zeguo-2005.township_image_t2@historical-v1,0.5,NA,NA,NA,NA
respondent_measures,value_numeric,zeguo-2005,155,zeguo-2005.township_image_t2@historical-v1,0.5,NA,NA,NA,NA
respondent_measures,value_numeric,zeguo-2005,99,zeguo-2005.township_image_t2@historical-v1,0.5,NA,NA,NA,NA
respondent_measures,value_numeric,zeguo-2005,169,zeguo-2005.township_image_t2@historical-v1,0.5,NA,NA,NA,NA
respondent_measures,value_numeric,zeguo-2005,31,zeguo-2005.township_image_t2@historical-v1,0.5,NA,NA,NA,NA
respondent_measures,value_numeric,zeguo-2005,166,zeguo-2005.township_image_t2@historical-v1,0.5,NA,NA,NA,NA
respondent_measures,value_numeric,zeguo-2005,241,zeguo-2005.cultural_heritage_t2@historical-v1,0.5,NA,NA,NA,NA
respondent_measures,value_numeric,zeguo-2005,244,zeguo-2005.cultural_heritage_t2@historical-v1,0.5,NA,NA,NA,NA
respondent_measures,value_numeric,zeguo-2005,266,zeguo-2005.cultural_heritage_t2@historical-v1,0.5,NA,NA,NA,NA
respondent_measures,value_numeric,zeguo-2005,44,zeguo-2005.cultural_heritage_t2@historical-v1,0.5,NA,NA,NA,NA
respondent_measures,value_numeric,zeguo-2005,29,zeguo-2005.cultural_heritage_t2@historical-v1,0.5,NA,NA,NA,NA
respondent_measures,value_numeric,zeguo-2005,269,zeguo-2005.cultural_heritage_t2@historical-v1,0.5,NA,NA,NA,NA
respondent_measures,value_numeric,zeguo-2005,246,zeguo-2005.cultural_heritage_t2@historical-v1,0.5,NA,NA,NA,NA
respondent_measures,value_numeric,zeguo-2005,245,zeguo-2005.cultural_heritage_t2@historical-v1,0.5,NA,NA,NA,NA
respondent_measures,value_numeric,zeguo-2005,259,zeguo-2005.cultural_heritage_t2@historical-v1,0.5,NA,NA,NA,NA
respondent_measures,value_numeric,zeguo-2005,173,zeguo-2005.cultural_heritage_t2@historical-v1,0.5,NA,NA,NA,NA
respondent_measures,value_numeric,zeguo-2005,140,zeguo-2005.cultural_heritage_t2@historical-v1,0.5,NA,NA,NA,NA
respondent_measures,value_numeric,zeguo-2005,182,zeguo-2005.cultural_heritage_t2@historical-v1,0.5,NA,NA,NA,NA
respondent_measures,value_numeric,zeguo-2005,115,zeguo-2005.cultural_heritage_t2@historical-v1,0.5,NA,NA,NA,NA
respondent_measures,value_numeric,zeguo-2005,46,zeguo-2005.cultural_heritage_t2@historical-v1,0.5,NA,NA,NA,NA
respondent_measures,value_numeric,zeguo-2005,71,zeguo-2005.cultural_heritage_t2@historical-v1,0.5,NA,NA,NA,NA
respondent_measures,value_numeric,zeguo-2005,158,zeguo-2005.cultural_heritage_t2@historical-v1,0.5,NA,NA,NA,NA
respondent_measures,value_numeric,zeguo-2005,70,zeguo-2005.cultural_heritage_t2@historical-v1,0.5,NA,NA,NA,NA
respondent_measures,value_numeric,zeguo-2005,238,zeguo-2005.cultural_heritage_t2@historical-v1,0.5,NA,NA,NA,NA
respondent_measures,value_numeric,zeguo-2005,213,zeguo-2005.cultural_heritage_t2@historical-v1,0.5,NA,NA,NA,NA
respondent_measures,value_numeric,zeguo-2005,224,zeguo-2005.cultural_heritage_t2@historical-v1,0.5,NA,NA,NA,NA
respondent_measures,value_numeric,zeguo-2005,102,zeguo-2005.cultural_heritage_t2@historical-v1,0.5,NA,NA,NA,NA
respondent_measures,value_numeric,zeguo-2005,265,zeguo-2005.cultural_heritage_t2@historical-v1,0.5,NA,NA,NA,NA
respondent_measures,value_numeric,zeguo-2005,128,zeguo-2005.cultural_heritage_t2@historical-v1,0.5,NA,NA,NA,NA
respondent_measures,value_numeric,zeguo-2005,225,zeguo-2005.cultural_heritage_t2@historical-v1,0.5,NA,NA,NA,NA
respondent_measures,value_numeric,zeguo-2005,164,zeguo-2005.cultural_heritage_t2@historical-v1,0.5,NA,NA,NA,NA
respondent_measures,value_numeric,zeguo-2005,162,zeguo-2005.cultural_heritage_t2@historical-v1,0.5,NA,NA,NA,NA
respondent_measures,value_numeric,zeguo-2005,221,zeguo-2005.cultural_heritage_t2@historical-v1,0.5,NA,NA,NA,NA
respondent_measures,value_numeric,zeguo-2005,232,zeguo-2005.cultural_heritage_t2@historical-v1,0.5,NA,NA,NA,NA
respondent_measures,value_numeric,zeguo-2005,219,zeguo-2005.cultural_heritage_t2@historical-v1,0.5,NA,NA,NA,NA
respondent_measures,value_numeric,zeguo-2005,155,zeguo-2005.cultural_heritage_t2@historical-v1,0.5,NA,NA,NA,NA
respondent_measures,value_numeric,zeguo-2005,99,zeguo-2005.cultural_heritage_t2@historical-v1,0.5,NA,NA,NA,NA
respondent_measures,value_numeric,zeguo-2005,169,zeguo-2005.cultural_heritage_t2@historical-v1,0.5,NA,NA,NA,NA
respondent_measures,value_numeric,zeguo-2005,31,zeguo-2005.cultural_heritage_t2@historical-v1,0.5,NA,NA,NA,NA
respondent_measures,value_numeric,zeguo-2005,166,zeguo-2005.cultural_heritage_t2@historical-v1,0.5,NA,NA,NA,NA
respondent_measures,value_numeric,zeguo-2005,241,zeguo-2005.sewage_t2@historical-v1,0.5,NA,NA,NA,NA
respondent_measures,value_numeric,zeguo-2005,244,zeguo-2005.sewage_t2@historical-v1,0.5,NA,NA,NA,NA
respondent_measures,value_numeric,zeguo-2005,266,zeguo-2005.sewage_t2@historical-v1,0.5,NA,NA,NA,NA
respondent_measures,value_numeric,zeguo-2005,44,zeguo-2005.sewage_t2@historical-v1,0.5,NA,NA,NA,NA
respondent_measures,value_numeric,zeguo-2005,29,zeguo-2005.sewage_t2@historical-v1,0.5,NA,NA,NA,NA
respondent_measures,value_numeric,zeguo-2005,269,zeguo-2005.sewage_t2@historical-v1,0.5,NA,NA,NA,NA
respondent_measures,value_numeric,zeguo-2005,246,zeguo-2005.sewage_t2@historical-v1,0.5,NA,NA,NA,NA
respondent_measures,value_numeric,zeguo-2005,245,zeguo-2005.sewage_t2@historical-v1,0.5,NA,NA,NA,NA
respondent_measures,value_numeric,zeguo-2005,259,zeguo-2005.sewage_t2@historical-v1,0.5,NA,NA,NA,NA
respondent_measures,value_numeric,zeguo-2005,173,zeguo-2005.sewage_t2@historical-v1,0.5,NA,NA,NA,NA
respondent_measures,value_numeric,zeguo-2005,140,zeguo-2005.sewage_t2@historical-v1,0.5,NA,NA,NA,NA
respondent_measures,value_numeric,zeguo-2005,182,zeguo-2005.sewage_t2@historical-v1,0.5,NA,NA,NA,NA
respondent_measures,value_numeric,zeguo-2005,115,zeguo-2005.sewage_t2@historical-v1,0.5,NA,NA,NA,NA
respondent_measures,value_numeric,zeguo-2005,46,zeguo-2005.sewage_t2@historical-v1,0.5,NA,NA,NA,NA
respondent_measures,value_numeric,zeguo-2005,71,zeguo-2005.sewage_t2@historical-v1,0.5,NA,NA,NA,NA
respondent_measures,value_numeric,zeguo-2005,158,zeguo-2005.sewage_t2@historical-v1,0.5,NA,NA,NA,NA
respondent_measures,value_numeric,zeguo-2005,70,zeguo-2005.sewage_t2@historical-v1,0.5,NA,NA,NA,NA
respondent_measures,value_numeric,zeguo-2005,238,zeguo-2005.sewage_t2@historical-v1,0.5,NA,NA,NA,NA
respondent_measures,value_numeric,zeguo-2005,213,zeguo-2005.sewage_t2@historical-v1,0.5,NA,NA,NA,NA
respondent_measures,value_numeric,zeguo-2005,224,zeguo-2005.sewage_t2@historical-v1,0.5,NA,NA,NA,NA
respondent_measures,value_numeric,zeguo-2005,102,zeguo-2005.sewage_t2@historical-v1,0.5,NA,NA,NA,NA
respondent_measures,value_numeric,zeguo-2005,265,zeguo-2005.sewage_t2@historical-v1,0.5,NA,NA,NA,NA
respondent_measures,value_numeric,zeguo-2005,128,zeguo-2005.sewage_t2@historical-v1,0.5,NA,NA,NA,NA
respondent_measures,value_numeric,zeguo-2005,225,zeguo-2005.sewage_t2@historical-v1,0.5,NA,NA,NA,NA
respondent_measures,value_numeric,zeguo-2005,164,zeguo-2005.sewage_t2@historical-v1,0.5,NA,NA,NA,NA
respondent_measures,value_numeric,zeguo-2005,162,zeguo-2005.sewage_t2@historical-v1,0.5,NA,NA,NA,NA
respondent_measures,value_numeric,zeguo-2005,221,zeguo-2005.sewage_t2@historical-v1,0.5,NA,NA,NA,NA
respondent_measures,value_numeric,zeguo-2005,232,zeguo-2005.sewage_t2@historical-v1,0.5,NA,NA,NA,NA
respondent_measures,value_numeric,zeguo-2005,219,zeguo-2005.sewage_t2@historical-v1,0.5,NA,NA,NA,NA
respondent_measures,value_numeric,zeguo-2005,155,zeguo-2005.sewage_t2@historical-v1,0.5,NA,NA,NA,NA
respondent_measures,value_numeric,zeguo-2005,99,zeguo-2005.sewage_t2@historical-v1,0.5,NA,NA,NA,NA
respondent_measures,value_numeric,zeguo-2005,169,zeguo-2005.sewage_t2@historical-v1,0.5,NA,NA,NA,NA
respondent_measures,value_numeric,zeguo-2005,31,zeguo-2005.sewage_t2@historical-v1,0.5,NA,NA,NA,NA
respondent_measures,value_numeric,zeguo-2005,166,zeguo-2005.sewage_t2@historical-v1,0.5,NA,NA,NA,NA
respondent_measures,value_numeric,zeguo-2005,241,zeguo-2005.knowledge_joint@historical-v1,0,NA,NA,NA,NA
respondent_measures,value_numeric,zeguo-2005,244,zeguo-2005.knowledge_joint@historical-v1,0,NA,NA,NA,NA
respondent_measures,value_numeric,zeguo-2005,266,zeguo-2005.knowledge_joint@historical-v1,0,NA,NA,NA,NA
respondent_measures,value_numeric,zeguo-2005,44,zeguo-2005.knowledge_joint@historical-v1,0,NA,NA,NA,NA
respondent_measures,value_numeric,zeguo-2005,29,zeguo-2005.knowledge_joint@historical-v1,0,NA,NA,NA,NA
respondent_measures,value_numeric,zeguo-2005,269,zeguo-2005.knowledge_joint@historical-v1,0,NA,NA,NA,NA
respondent_measures,value_numeric,zeguo-2005,246,zeguo-2005.knowledge_joint@historical-v1,0,NA,NA,NA,NA
respondent_measures,value_numeric,zeguo-2005,245,zeguo-2005.knowledge_joint@historical-v1,0,NA,NA,NA,NA
respondent_measures,value_numeric,zeguo-2005,259,zeguo-2005.knowledge_joint@historical-v1,0,NA,NA,NA,NA
respondent_measures,value_numeric,zeguo-2005,173,zeguo-2005.knowledge_joint@historical-v1,0,NA,NA,NA,NA
respondent_measures,value_numeric,zeguo-2005,140,zeguo-2005.knowledge_joint@historical-v1,0,NA,NA,NA,NA
respondent_measures,value_numeric,zeguo-2005,182,zeguo-2005.knowledge_joint@historical-v1,0,NA,NA,NA,NA
respondent_measures,value_numeric,zeguo-2005,115,zeguo-2005.knowledge_joint@historical-v1,0,NA,NA,NA,NA
respondent_measures,value_numeric,zeguo-2005,46,zeguo-2005.knowledge_joint@historical-v1,0,NA,NA,NA,NA
respondent_measures,value_numeric,zeguo-2005,71,zeguo-2005.knowledge_joint@historical-v1,0,NA,NA,NA,NA
respondent_measures,value_numeric,zeguo-2005,158,zeguo-2005.knowledge_joint@historical-v1,0,NA,NA,NA,NA
respondent_measures,value_numeric,zeguo-2005,70,zeguo-2005.knowledge_joint@historical-v1,0,NA,NA,NA,NA
respondent_measures,value_numeric,zeguo-2005,238,zeguo-2005.knowledge_joint@historical-v1,0,NA,NA,NA,NA
respondent_measures,value_numeric,zeguo-2005,213,zeguo-2005.knowledge_joint@historical-v1,0,NA,NA,NA,NA
respondent_measures,value_numeric,zeguo-2005,224,zeguo-2005.knowledge_joint@historical-v1,0,NA,NA,NA,NA
respondent_measures,value_numeric,zeguo-2005,102,zeguo-2005.knowledge_joint@historical-v1,0,NA,NA,NA,NA
respondent_measures,value_numeric,zeguo-2005,265,zeguo-2005.knowledge_joint@historical-v1,0,NA,NA,NA,NA
respondent_measures,value_numeric,zeguo-2005,128,zeguo-2005.knowledge_joint@historical-v1,0,NA,NA,NA,NA
respondent_measures,value_numeric,zeguo-2005,225,zeguo-2005.knowledge_joint@historical-v1,0,NA,NA,NA,NA
respondent_measures,value_numeric,zeguo-2005,164,zeguo-2005.knowledge_joint@historical-v1,0,NA,NA,NA,NA
respondent_measures,value_numeric,zeguo-2005,162,zeguo-2005.knowledge_joint@historical-v1,0,NA,NA,NA,NA
respondent_measures,value_numeric,zeguo-2005,221,zeguo-2005.knowledge_joint@historical-v1,0,NA,NA,NA,NA
respondent_measures,value_numeric,zeguo-2005,232,zeguo-2005.knowledge_joint@historical-v1,0,NA,NA,NA,NA
respondent_measures,value_numeric,zeguo-2005,219,zeguo-2005.knowledge_joint@historical-v1,0,NA,NA,NA,NA
respondent_measures,value_numeric,zeguo-2005,155,zeguo-2005.knowledge_joint@historical-v1,0,NA,NA,NA,NA
respondent_measures,value_numeric,zeguo-2005,99,zeguo-2005.knowledge_joint@historical-v1,0,NA,NA,NA,NA
respondent_measures,value_numeric,zeguo-2005,169,zeguo-2005.knowledge_joint@historical-v1,0,NA,NA,NA,NA
respondent_measures,value_numeric,zeguo-2005,31,zeguo-2005.knowledge_joint@historical-v1,0,NA,NA,NA,NA
respondent_measures,value_numeric,zeguo-2005,166,zeguo-2005.knowledge_joint@historical-v1,0,NA,NA,NA,NA
respondent_measures,value_numeric,zeguo-2005,241,zeguo-2005.knowledge_gain@historical-v1,-0.5,NA,NA,NA,NA
respondent_measures,value_numeric,zeguo-2005,244,zeguo-2005.knowledge_gain@historical-v1,-0.25,NA,NA,NA,NA
respondent_measures,value_numeric,zeguo-2005,266,zeguo-2005.knowledge_gain@historical-v1,-0.75,NA,NA,NA,NA
respondent_measures,value_numeric,zeguo-2005,44,zeguo-2005.knowledge_gain@historical-v1,0,NA,NA,NA,NA
respondent_measures,value_numeric,zeguo-2005,29,zeguo-2005.knowledge_gain@historical-v1,0,NA,NA,NA,NA
respondent_measures,value_numeric,zeguo-2005,269,zeguo-2005.knowledge_gain@historical-v1,0,NA,NA,NA,NA
respondent_measures,value_numeric,zeguo-2005,246,zeguo-2005.knowledge_gain@historical-v1,-0.5,NA,NA,NA,NA
respondent_measures,value_numeric,zeguo-2005,245,zeguo-2005.knowledge_gain@historical-v1,0,NA,NA,NA,NA
respondent_measures,value_numeric,zeguo-2005,259,zeguo-2005.knowledge_gain@historical-v1,-0.5,NA,NA,NA,NA
respondent_measures,value_numeric,zeguo-2005,173,zeguo-2005.knowledge_gain@historical-v1,0,NA,NA,NA,NA
respondent_measures,value_numeric,zeguo-2005,140,zeguo-2005.knowledge_gain@historical-v1,-0.75,NA,NA,NA,NA
respondent_measures,value_numeric,zeguo-2005,182,zeguo-2005.knowledge_gain@historical-v1,-1,NA,NA,NA,NA
respondent_measures,value_numeric,zeguo-2005,115,zeguo-2005.knowledge_gain@historical-v1,-1,NA,NA,NA,NA
respondent_measures,value_numeric,zeguo-2005,46,zeguo-2005.knowledge_gain@historical-v1,-0.25,NA,NA,NA,NA
respondent_measures,value_numeric,zeguo-2005,71,zeguo-2005.knowledge_gain@historical-v1,-0.25,NA,NA,NA,NA
respondent_measures,value_numeric,zeguo-2005,158,zeguo-2005.knowledge_gain@historical-v1,-0.25,NA,NA,NA,NA
respondent_measures,value_numeric,zeguo-2005,70,zeguo-2005.knowledge_gain@historical-v1,-0.25,NA,NA,NA,NA
respondent_measures,value_numeric,zeguo-2005,238,zeguo-2005.knowledge_gain@historical-v1,0,NA,NA,NA,NA
respondent_measures,value_numeric,zeguo-2005,213,zeguo-2005.knowledge_gain@historical-v1,0,NA,NA,NA,NA
respondent_measures,value_numeric,zeguo-2005,224,zeguo-2005.knowledge_gain@historical-v1,-0.75,NA,NA,NA,NA
respondent_measures,value_numeric,zeguo-2005,102,zeguo-2005.knowledge_gain@historical-v1,-0.25,NA,NA,NA,NA
respondent_measures,value_numeric,zeguo-2005,265,zeguo-2005.knowledge_gain@historical-v1,-0.5,NA,NA,NA,NA
respondent_measures,value_numeric,zeguo-2005,128,zeguo-2005.knowledge_gain@historical-v1,-0.25,NA,NA,NA,NA
respondent_measures,value_numeric,zeguo-2005,225,zeguo-2005.knowledge_gain@historical-v1,-0.5,NA,NA,NA,NA
respondent_measures,value_numeric,zeguo-2005,164,zeguo-2005.knowledge_gain@historical-v1,0,NA,NA,NA,NA
respondent_measures,value_numeric,zeguo-2005,162,zeguo-2005.knowledge_gain@historical-v1,-0.25,NA,NA,NA,NA
respondent_measures,value_numeric,zeguo-2005,221,zeguo-2005.knowledge_gain@historical-v1,-0.5,NA,NA,NA,NA
respondent_measures,value_numeric,zeguo-2005,232,zeguo-2005.knowledge_gain@historical-v1,-0.5,NA,NA,NA,NA
respondent_measures,value_numeric,zeguo-2005,219,zeguo-2005.knowledge_gain@historical-v1,0,NA,NA,NA,NA
respondent_measures,value_numeric,zeguo-2005,155,zeguo-2005.knowledge_gain@historical-v1,-0.25,NA,NA,NA,NA
respondent_measures,value_numeric,zeguo-2005,99,zeguo-2005.knowledge_gain@historical-v1,-0.75,NA,NA,NA,NA
respondent_measures,value_numeric,zeguo-2005,169,zeguo-2005.knowledge_gain@historical-v1,-0.5,NA,NA,NA,NA
respondent_measures,value_numeric,zeguo-2005,31,zeguo-2005.knowledge_gain@historical-v1,0,NA,NA,NA,NA
respondent_measures,value_numeric,zeguo-2005,166,zeguo-2005.knowledge_gain@historical-v1,0,NA,NA,NA,NA
respondent_measures,value_numeric,zeguo-2005,241,zeguo-2005.log_knowledge_joint@historical-v1,-9.21034037197618,NA,NA,NA,NA
respondent_measures,value_numeric,zeguo-2005,244,zeguo-2005.log_knowledge_joint@historical-v1,-9.21034037197618,NA,NA,NA,NA
respondent_measures,value_numeric,zeguo-2005,266,zeguo-2005.log_knowledge_joint@historical-v1,-9.21034037197618,NA,NA,NA,NA
respondent_measures,value_numeric,zeguo-2005,44,zeguo-2005.log_knowledge_joint@historical-v1,-9.21034037197618,NA,NA,NA,NA
respondent_measures,value_numeric,zeguo-2005,29,zeguo-2005.log_knowledge_joint@historical-v1,-9.21034037197618,NA,NA,NA,NA
respondent_measures,value_numeric,zeguo-2005,269,zeguo-2005.log_knowledge_joint@historical-v1,-9.21034037197618,NA,NA,NA,NA
respondent_measures,value_numeric,zeguo-2005,246,zeguo-2005.log_knowledge_joint@historical-v1,-9.21034037197618,NA,NA,NA,NA
respondent_measures,value_numeric,zeguo-2005,245,zeguo-2005.log_knowledge_joint@historical-v1,-9.21034037197618,NA,NA,NA,NA
respondent_measures,value_numeric,zeguo-2005,259,zeguo-2005.log_knowledge_joint@historical-v1,-9.21034037197618,NA,NA,NA,NA
respondent_measures,value_numeric,zeguo-2005,173,zeguo-2005.log_knowledge_joint@historical-v1,-9.21034037197618,NA,NA,NA,NA
respondent_measures,value_numeric,zeguo-2005,140,zeguo-2005.log_knowledge_joint@historical-v1,-9.21034037197618,NA,NA,NA,NA
respondent_measures,value_numeric,zeguo-2005,182,zeguo-2005.log_knowledge_joint@historical-v1,-9.21034037197618,NA,NA,NA,NA
respondent_measures,value_numeric,zeguo-2005,115,zeguo-2005.log_knowledge_joint@historical-v1,-9.21034037197618,NA,NA,NA,NA
respondent_measures,value_numeric,zeguo-2005,46,zeguo-2005.log_knowledge_joint@historical-v1,-9.21034037197618,NA,NA,NA,NA
respondent_measures,value_numeric,zeguo-2005,71,zeguo-2005.log_knowledge_joint@historical-v1,-9.21034037197618,NA,NA,NA,NA
respondent_measures,value_numeric,zeguo-2005,158,zeguo-2005.log_knowledge_joint@historical-v1,-9.21034037197618,NA,NA,NA,NA
respondent_measures,value_numeric,zeguo-2005,70,zeguo-2005.log_knowledge_joint@historical-v1,-9.21034037197618,NA,NA,NA,NA
respondent_measures,value_numeric,zeguo-2005,238,zeguo-2005.log_knowledge_joint@historical-v1,-9.21034037197618,NA,NA,NA,NA
respondent_measures,value_numeric,zeguo-2005,213,zeguo-2005.log_knowledge_joint@historical-v1,-9.21034037197618,NA,NA,NA,NA
respondent_measures,value_numeric,zeguo-2005,224,zeguo-2005.log_knowledge_joint@historical-v1,-9.21034037197618,NA,NA,NA,NA
respondent_measures,value_numeric,zeguo-2005,102,zeguo-2005.log_knowledge_joint@historical-v1,-9.21034037197618,NA,NA,NA,NA
respondent_measures,value_numeric,zeguo-2005,265,zeguo-2005.log_knowledge_joint@historical-v1,-9.21034037197618,NA,NA,NA,NA
respondent_measures,value_numeric,zeguo-2005,128,zeguo-2005.log_knowledge_joint@historical-v1,-9.21034037197618,NA,NA,NA,NA
respondent_measures,value_numeric,zeguo-2005,225,zeguo-2005.log_knowledge_joint@historical-v1,-9.21034037197618,NA,NA,NA,NA
respondent_measures,value_numeric,zeguo-2005,164,zeguo-2005.log_knowledge_joint@historical-v1,-9.21034037197618,NA,NA,NA,NA
respondent_measures,value_numeric,zeguo-2005,162,zeguo-2005.log_knowledge_joint@historical-v1,-9.21034037197618,NA,NA,NA,NA
respondent_measures,value_numeric,zeguo-2005,221,zeguo-2005.log_knowledge_joint@historical-v1,-9.21034037197618,NA,NA,NA,NA
respondent_measures,value_numeric,zeguo-2005,232,zeguo-2005.log_knowledge_joint@historical-v1,-9.21034037197618,NA,NA,NA,NA
respondent_measures,value_numeric,zeguo-2005,219,zeguo-2005.log_knowledge_joint@historical-v1,-9.21034037197618,NA,NA,NA,NA
respondent_measures,value_numeric,zeguo-2005,155,zeguo-2005.log_knowledge_joint@historical-v1,-9.21034037197618,NA,NA,NA,NA
respondent_measures,value_numeric,zeguo-2005,99,zeguo-2005.log_knowledge_joint@historical-v1,-9.21034037197618,NA,NA,NA,NA
respondent_measures,value_numeric,zeguo-2005,169,zeguo-2005.log_knowledge_joint@historical-v1,-9.21034037197618,NA,NA,NA,NA
respondent_measures,value_numeric,zeguo-2005,31,zeguo-2005.log_knowledge_joint@historical-v1,-9.21034037197618,NA,NA,NA,NA
respondent_measures,value_numeric,zeguo-2005,166,zeguo-2005.log_knowledge_joint@historical-v1,-9.21034037197618,NA,NA,NA,NA
respondent_measures,value_numeric,zeguo-2005,241,zeguo-2005.knowledge_gain_joint@historical-v1,0,NA,NA,NA,NA
respondent_measures,value_numeric,zeguo-2005,244,zeguo-2005.knowledge_gain_joint@historical-v1,0,NA,NA,NA,NA
respondent_measures,value_numeric,zeguo-2005,266,zeguo-2005.knowledge_gain_joint@historical-v1,0,NA,NA,NA,NA
respondent_measures,value_numeric,zeguo-2005,44,zeguo-2005.knowledge_gain_joint@historical-v1,0,NA,NA,NA,NA
respondent_measures,value_numeric,zeguo-2005,29,zeguo-2005.knowledge_gain_joint@historical-v1,0,NA,NA,NA,NA
respondent_measures,value_numeric,zeguo-2005,269,zeguo-2005.knowledge_gain_joint@historical-v1,0,NA,NA,NA,NA
respondent_measures,value_numeric,zeguo-2005,246,zeguo-2005.knowledge_gain_joint@historical-v1,0,NA,NA,NA,NA
respondent_measures,value_numeric,zeguo-2005,245,zeguo-2005.knowledge_gain_joint@historical-v1,0,NA,NA,NA,NA
respondent_measures,value_numeric,zeguo-2005,259,zeguo-2005.knowledge_gain_joint@historical-v1,0,NA,NA,NA,NA
respondent_measures,value_numeric,zeguo-2005,173,zeguo-2005.knowledge_gain_joint@historical-v1,0,NA,NA,NA,NA
respondent_measures,value_numeric,zeguo-2005,140,zeguo-2005.knowledge_gain_joint@historical-v1,0,NA,NA,NA,NA
respondent_measures,value_numeric,zeguo-2005,182,zeguo-2005.knowledge_gain_joint@historical-v1,0,NA,NA,NA,NA
respondent_measures,value_numeric,zeguo-2005,115,zeguo-2005.knowledge_gain_joint@historical-v1,0,NA,NA,NA,NA
respondent_measures,value_numeric,zeguo-2005,46,zeguo-2005.knowledge_gain_joint@historical-v1,0,NA,NA,NA,NA
respondent_measures,value_numeric,zeguo-2005,71,zeguo-2005.knowledge_gain_joint@historical-v1,0,NA,NA,NA,NA
respondent_measures,value_numeric,zeguo-2005,158,zeguo-2005.knowledge_gain_joint@historical-v1,0,NA,NA,NA,NA
respondent_measures,value_numeric,zeguo-2005,70,zeguo-2005.knowledge_gain_joint@historical-v1,0,NA,NA,NA,NA
respondent_measures,value_numeric,zeguo-2005,238,zeguo-2005.knowledge_gain_joint@historical-v1,0,NA,NA,NA,NA
respondent_measures,value_numeric,zeguo-2005,213,zeguo-2005.knowledge_gain_joint@historical-v1,0,NA,NA,NA,NA
respondent_measures,value_numeric,zeguo-2005,224,zeguo-2005.knowledge_gain_joint@historical-v1,0,NA,NA,NA,NA
respondent_measures,value_numeric,zeguo-2005,102,zeguo-2005.knowledge_gain_joint@historical-v1,0,NA,NA,NA,NA
respondent_measures,value_numeric,zeguo-2005,265,zeguo-2005.knowledge_gain_joint@historical-v1,0,NA,NA,NA,NA
respondent_measures,value_numeric,zeguo-2005,128,zeguo-2005.knowledge_gain_joint@historical-v1,0,NA,NA,NA,NA
respondent_measures,value_numeric,zeguo-2005,225,zeguo-2005.knowledge_gain_joint@historical-v1,0,NA,NA,NA,NA
respondent_measures,value_numeric,zeguo-2005,164,zeguo-2005.knowledge_gain_joint@historical-v1,0,NA,NA,NA,NA
respondent_measures,value_numeric,zeguo-2005,162,zeguo-2005.knowledge_gain_joint@historical-v1,0,NA,NA,NA,NA
respondent_measures,value_numeric,zeguo-2005,221,zeguo-2005.knowledge_gain_joint@historical-v1,0,NA,NA,NA,NA
respondent_measures,value_numeric,zeguo-2005,232,zeguo-2005.knowledge_gain_joint@historical-v1,0,NA,NA,NA,NA
respondent_measures,value_numeric,zeguo-2005,219,zeguo-2005.knowledge_gain_joint@historical-v1,0,NA,NA,NA,NA
respondent_measures,value_numeric,zeguo-2005,155,zeguo-2005.knowledge_gain_joint@historical-v1,0,NA,NA,NA,NA
respondent_measures,value_numeric,zeguo-2005,99,zeguo-2005.knowledge_gain_joint@historical-v1,0,NA,NA,NA,NA
respondent_measures,value_numeric,zeguo-2005,169,zeguo-2005.knowledge_gain_joint@historical-v1,0,NA,NA,NA,NA
respondent_measures,value_numeric,zeguo-2005,31,zeguo-2005.knowledge_gain_joint@historical-v1,0,NA,NA,NA,NA
respondent_measures,value_numeric,zeguo-2005,166,zeguo-2005.knowledge_gain_joint@historical-v1,0,NA,NA,NA,NA
respondent_measures,value_numeric,zeguo-2005,241,zeguo-2005.high_knowledge_joint@historical-v1,0,NA,NA,NA,NA
respondent_measures,value_numeric,zeguo-2005,244,zeguo-2005.high_knowledge_joint@historical-v1,0,NA,NA,NA,NA
respondent_measures,value_numeric,zeguo-2005,266,zeguo-2005.high_knowledge_joint@historical-v1,0,NA,NA,NA,NA
respondent_measures,value_numeric,zeguo-2005,44,zeguo-2005.high_knowledge_joint@historical-v1,0,NA,NA,NA,NA
respondent_measures,value_numeric,zeguo-2005,29,zeguo-2005.high_knowledge_joint@historical-v1,0,NA,NA,NA,NA
respondent_measures,value_numeric,zeguo-2005,269,zeguo-2005.high_knowledge_joint@historical-v1,0,NA,NA,NA,NA
respondent_measures,value_numeric,zeguo-2005,246,zeguo-2005.high_knowledge_joint@historical-v1,0,NA,NA,NA,NA
respondent_measures,value_numeric,zeguo-2005,245,zeguo-2005.high_knowledge_joint@historical-v1,0,NA,NA,NA,NA
respondent_measures,value_numeric,zeguo-2005,259,zeguo-2005.high_knowledge_joint@historical-v1,0,NA,NA,NA,NA
respondent_measures,value_numeric,zeguo-2005,173,zeguo-2005.high_knowledge_joint@historical-v1,0,NA,NA,NA,NA
respondent_measures,value_numeric,zeguo-2005,140,zeguo-2005.high_knowledge_joint@historical-v1,0,NA,NA,NA,NA
respondent_measures,value_numeric,zeguo-2005,182,zeguo-2005.high_knowledge_joint@historical-v1,0,NA,NA,NA,NA
respondent_measures,value_numeric,zeguo-2005,115,zeguo-2005.high_knowledge_joint@historical-v1,0,NA,NA,NA,NA
respondent_measures,value_numeric,zeguo-2005,46,zeguo-2005.high_knowledge_joint@historical-v1,0,NA,NA,NA,NA
respondent_measures,value_numeric,zeguo-2005,71,zeguo-2005.high_knowledge_joint@historical-v1,0,NA,NA,NA,NA
respondent_measures,value_numeric,zeguo-2005,158,zeguo-2005.high_knowledge_joint@historical-v1,0,NA,NA,NA,NA
respondent_measures,value_numeric,zeguo-2005,70,zeguo-2005.high_knowledge_joint@historical-v1,0,NA,NA,NA,NA
respondent_measures,value_numeric,zeguo-2005,238,zeguo-2005.high_knowledge_joint@historical-v1,0,NA,NA,NA,NA
respondent_measures,value_numeric,zeguo-2005,213,zeguo-2005.high_knowledge_joint@historical-v1,0,NA,NA,NA,NA
respondent_measures,value_numeric,zeguo-2005,224,zeguo-2005.high_knowledge_joint@historical-v1,0,NA,NA,NA,NA
respondent_measures,value_numeric,zeguo-2005,102,zeguo-2005.high_knowledge_joint@historical-v1,0,NA,NA,NA,NA
respondent_measures,value_numeric,zeguo-2005,265,zeguo-2005.high_knowledge_joint@historical-v1,0,NA,NA,NA,NA
respondent_measures,value_numeric,zeguo-2005,128,zeguo-2005.high_knowledge_joint@historical-v1,0,NA,NA,NA,NA
respondent_measures,value_numeric,zeguo-2005,225,zeguo-2005.high_knowledge_joint@historical-v1,0,NA,NA,NA,NA
respondent_measures,value_numeric,zeguo-2005,164,zeguo-2005.high_knowledge_joint@historical-v1,0,NA,NA,NA,NA
respondent_measures,value_numeric,zeguo-2005,162,zeguo-2005.high_knowledge_joint@historical-v1,0,NA,NA,NA,NA
respondent_measures,value_numeric,zeguo-2005,221,zeguo-2005.high_knowledge_joint@historical-v1,0,NA,NA,NA,NA
respondent_measures,value_numeric,zeguo-2005,232,zeguo-2005.high_knowledge_joint@historical-v1,0,NA,NA,NA,NA
respondent_measures,value_numeric,zeguo-2005,219,zeguo-2005.high_knowledge_joint@historical-v1,0,NA,NA,NA,NA
respondent_measures,value_numeric,zeguo-2005,155,zeguo-2005.high_knowledge_joint@historical-v1,0,NA,NA,NA,NA
respondent_measures,value_numeric,zeguo-2005,99,zeguo-2005.high_knowledge_joint@historical-v1,0,NA,NA,NA,NA
respondent_measures,value_numeric,zeguo-2005,169,zeguo-2005.high_knowledge_joint@historical-v1,0,NA,NA,NA,NA
respondent_measures,value_numeric,zeguo-2005,31,zeguo-2005.high_knowledge_joint@historical-v1,0,NA,NA,NA,NA
respondent_measures,value_numeric,zeguo-2005,166,zeguo-2005.high_knowledge_joint@historical-v1,0,NA,NA,NA,NA
respondent_measures,value_numeric,zeguo-2005,241,zeguo-2005.knowledge_t2@historical-v1,0,NA,NA,NA,NA
respondent_measures,value_numeric,zeguo-2005,244,zeguo-2005.knowledge_t2@historical-v1,0,NA,NA,NA,NA
respondent_measures,value_numeric,zeguo-2005,266,zeguo-2005.knowledge_t2@historical-v1,0,NA,NA,NA,NA
respondent_measures,value_numeric,zeguo-2005,44,zeguo-2005.knowledge_t2@historical-v1,0,NA,NA,NA,NA
respondent_measures,value_numeric,zeguo-2005,29,zeguo-2005.knowledge_t2@historical-v1,0,NA,NA,NA,NA
respondent_measures,value_numeric,zeguo-2005,269,zeguo-2005.knowledge_t2@historical-v1,0,NA,NA,NA,NA
respondent_measures,value_numeric,zeguo-2005,246,zeguo-2005.knowledge_t2@historical-v1,0,NA,NA,NA,NA
respondent_measures,value_numeric,zeguo-2005,245,zeguo-2005.knowledge_t2@historical-v1,0,NA,NA,NA,NA
respondent_measures,value_numeric,zeguo-2005,259,zeguo-2005.knowledge_t2@historical-v1,0,NA,NA,NA,NA
respondent_measures,value_numeric,zeguo-2005,173,zeguo-2005.knowledge_t2@historical-v1,0,NA,NA,NA,NA
respondent_measures,value_numeric,zeguo-2005,140,zeguo-2005.knowledge_t2@historical-v1,0,NA,NA,NA,NA
respondent_measures,value_numeric,zeguo-2005,182,zeguo-2005.knowledge_t2@historical-v1,0,NA,NA,NA,NA
respondent_measures,value_numeric,zeguo-2005,115,zeguo-2005.knowledge_t2@historical-v1,0,NA,NA,NA,NA
respondent_measures,value_numeric,zeguo-2005,46,zeguo-2005.knowledge_t2@historical-v1,0,NA,NA,NA,NA
respondent_measures,value_numeric,zeguo-2005,71,zeguo-2005.knowledge_t2@historical-v1,0,NA,NA,NA,NA
respondent_measures,value_numeric,zeguo-2005,158,zeguo-2005.knowledge_t2@historical-v1,0,NA,NA,NA,NA
respondent_measures,value_numeric,zeguo-2005,70,zeguo-2005.knowledge_t2@historical-v1,0,NA,NA,NA,NA
respondent_measures,value_numeric,zeguo-2005,238,zeguo-2005.knowledge_t2@historical-v1,0,NA,NA,NA,NA
respondent_measures,value_numeric,zeguo-2005,213,zeguo-2005.knowledge_t2@historical-v1,0,NA,NA,NA,NA
respondent_measures,value_numeric,zeguo-2005,224,zeguo-2005.knowledge_t2@historical-v1,0,NA,NA,NA,NA
respondent_measures,value_numeric,zeguo-2005,102,zeguo-2005.knowledge_t2@historical-v1,0,NA,NA,NA,NA
respondent_measures,value_numeric,zeguo-2005,265,zeguo-2005.knowledge_t2@historical-v1,0,NA,NA,NA,NA
respondent_measures,value_numeric,zeguo-2005,128,zeguo-2005.knowledge_t2@historical-v1,0,NA,NA,NA,NA
respondent_measures,value_numeric,zeguo-2005,225,zeguo-2005.knowledge_t2@historical-v1,0,NA,NA,NA,NA
respondent_measures,value_numeric,zeguo-2005,164,zeguo-2005.knowledge_t2@historical-v1,0,NA,NA,NA,NA
respondent_measures,value_numeric,zeguo-2005,162,zeguo-2005.knowledge_t2@historical-v1,0,NA,NA,NA,NA
respondent_measures,value_numeric,zeguo-2005,221,zeguo-2005.knowledge_t2@historical-v1,0,NA,NA,NA,NA
respondent_measures,value_numeric,zeguo-2005,232,zeguo-2005.knowledge_t2@historical-v1,0,NA,NA,NA,NA
respondent_measures,value_numeric,zeguo-2005,219,zeguo-2005.knowledge_t2@historical-v1,0,NA,NA,NA,NA
respondent_measures,value_numeric,zeguo-2005,155,zeguo-2005.knowledge_t2@historical-v1,0,NA,NA,NA,NA
respondent_measures,value_numeric,zeguo-2005,99,zeguo-2005.knowledge_t2@historical-v1,0,NA,NA,NA,NA
respondent_measures,value_numeric,zeguo-2005,169,zeguo-2005.knowledge_t2@historical-v1,0,NA,NA,NA,NA
respondent_measures,value_numeric,zeguo-2005,31,zeguo-2005.knowledge_t2@historical-v1,0,NA,NA,NA,NA
respondent_measures,value_numeric,zeguo-2005,166,zeguo-2005.knowledge_t2@historical-v1,0,NA,NA,NA,NA
historical_knowledge_items,correct,zeguo-2005,241,NA,0,NA,post_d3043,2,NA
historical_knowledge_items,correct,zeguo-2005,241,NA,0,NA,post_d3044,2,NA
historical_knowledge_items,correct,zeguo-2005,241,NA,0,NA,post_d3045,2,NA
historical_knowledge_items,correct,zeguo-2005,241,NA,0,NA,post_d3046,2,NA
historical_knowledge_items,correct,zeguo-2005,244,NA,0,NA,post_d3043,2,NA
historical_knowledge_items,correct,zeguo-2005,244,NA,0,NA,post_d3044,2,NA
historical_knowledge_items,correct,zeguo-2005,244,NA,0,NA,post_d3045,2,NA
historical_knowledge_items,correct,zeguo-2005,244,NA,0,NA,post_d3046,2,NA
historical_knowledge_items,correct,zeguo-2005,266,NA,0,NA,post_d3043,2,NA
historical_knowledge_items,correct,zeguo-2005,266,NA,0,NA,post_d3044,2,NA
historical_knowledge_items,correct,zeguo-2005,266,NA,0,NA,post_d3045,2,NA
historical_knowledge_items,correct,zeguo-2005,266,NA,0,NA,post_d3046,2,NA
historical_knowledge_items,correct,zeguo-2005,44,NA,0,NA,post_d3043,2,NA
historical_knowledge_items,correct,zeguo-2005,44,NA,0,NA,post_d3044,2,NA
historical_knowledge_items,correct,zeguo-2005,44,NA,0,NA,post_d3045,2,NA
historical_knowledge_items,correct,zeguo-2005,44,NA,0,NA,post_d3046,2,NA
historical_knowledge_items,correct,zeguo-2005,29,NA,0,NA,post_d3043,2,NA
historical_knowledge_items,correct,zeguo-2005,29,NA,0,NA,post_d3044,2,NA
historical_knowledge_items,correct,zeguo-2005,29,NA,0,NA,post_d3045,2,NA
historical_knowledge_items,correct,zeguo-2005,29,NA,0,NA,post_d3046,2,NA
historical_knowledge_items,correct,zeguo-2005,269,NA,0,NA,post_d3043,2,NA
historical_knowledge_items,correct,zeguo-2005,269,NA,0,NA,post_d3044,2,NA
historical_knowledge_items,correct,zeguo-2005,269,NA,0,NA,post_d3045,2,NA
historical_knowledge_items,correct,zeguo-2005,269,NA,0,NA,post_d3046,2,NA
historical_knowledge_items,correct,zeguo-2005,246,NA,0,NA,post_d3043,2,NA
historical_knowledge_items,correct,zeguo-2005,246,NA,0,NA,post_d3044,2,NA
historical_knowledge_items,correct,zeguo-2005,246,NA,0,NA,post_d3045,2,NA
historical_knowledge_items,correct,zeguo-2005,246,NA,0,NA,post_d3046,2,NA
historical_knowledge_items,correct,zeguo-2005,245,NA,0,NA,post_d3043,2,NA
historical_knowledge_items,correct,zeguo-2005,245,NA,0,NA,post_d3044,2,NA
historical_knowledge_items,correct,zeguo-2005,245,NA,0,NA,post_d3045,2,NA
historical_knowledge_items,correct,zeguo-2005,245,NA,0,NA,post_d3046,2,NA
historical_knowledge_items,correct,zeguo-2005,259,NA,0,NA,post_d3043,2,NA
historical_knowledge_items,correct,zeguo-2005,259,NA,0,NA,post_d3044,2,NA
historical_knowledge_items,correct,zeguo-2005,259,NA,0,NA,post_d3045,2,NA
historical_knowledge_items,correct,zeguo-2005,259,NA,0,NA,post_d3046,2,NA
historical_knowledge_items,correct,zeguo-2005,173,NA,0,NA,post_d3043,2,NA
historical_knowledge_items,correct,zeguo-2005,173,NA,0,NA,post_d3044,2,NA
historical_knowledge_items,correct,zeguo-2005,173,NA,0,NA,post_d3045,2,NA
historical_knowledge_items,correct,zeguo-2005,173,NA,0,NA,post_d3046,2,NA
historical_knowledge_items,correct,zeguo-2005,140,NA,0,NA,post_d3043,2,NA
historical_knowledge_items,correct,zeguo-2005,140,NA,0,NA,post_d3044,2,NA
historical_knowledge_items,correct,zeguo-2005,140,NA,0,NA,post_d3045,2,NA
historical_knowledge_items,correct,zeguo-2005,140,NA,0,NA,post_d3046,2,NA
historical_knowledge_items,correct,zeguo-2005,182,NA,0,NA,post_d3043,2,NA
historical_knowledge_items,correct,zeguo-2005,182,NA,0,NA,post_d3044,2,NA
historical_knowledge_items,correct,zeguo-2005,182,NA,0,NA,post_d3045,2,NA
historical_knowledge_items,correct,zeguo-2005,182,NA,0,NA,post_d3046,2,NA
historical_knowledge_items,correct,zeguo-2005,115,NA,0,NA,post_d3043,2,NA
historical_knowledge_items,correct,zeguo-2005,115,NA,0,NA,post_d3044,2,NA
historical_knowledge_items,correct,zeguo-2005,115,NA,0,NA,post_d3045,2,NA
historical_knowledge_items,correct,zeguo-2005,115,NA,0,NA,post_d3046,2,NA
historical_knowledge_items,correct,zeguo-2005,46,NA,0,NA,post_d3043,2,NA
historical_knowledge_items,correct,zeguo-2005,46,NA,0,NA,post_d3044,2,NA
historical_knowledge_items,correct,zeguo-2005,46,NA,0,NA,post_d3045,2,NA
historical_knowledge_items,correct,zeguo-2005,46,NA,0,NA,post_d3046,2,NA
historical_knowledge_items,correct,zeguo-2005,71,NA,0,NA,post_d3043,2,NA
historical_knowledge_items,correct,zeguo-2005,71,NA,0,NA,post_d3044,2,NA
historical_knowledge_items,correct,zeguo-2005,71,NA,0,NA,post_d3045,2,NA
historical_knowledge_items,correct,zeguo-2005,71,NA,0,NA,post_d3046,2,NA
historical_knowledge_items,correct,zeguo-2005,158,NA,0,NA,post_d3043,2,NA
historical_knowledge_items,correct,zeguo-2005,158,NA,0,NA,post_d3044,2,NA
historical_knowledge_items,correct,zeguo-2005,158,NA,0,NA,post_d3045,2,NA
historical_knowledge_items,correct,zeguo-2005,158,NA,0,NA,post_d3046,2,NA
historical_knowledge_items,correct,zeguo-2005,70,NA,0,NA,post_d3043,2,NA
historical_knowledge_items,correct,zeguo-2005,70,NA,0,NA,post_d3044,2,NA
historical_knowledge_items,correct,zeguo-2005,70,NA,0,NA,post_d3045,2,NA
historical_knowledge_items,correct,zeguo-2005,70,NA,0,NA,post_d3046,2,NA
historical_knowledge_items,correct,zeguo-2005,238,NA,0,NA,post_d3043,2,NA
historical_knowledge_items,correct,zeguo-2005,238,NA,0,NA,post_d3044,2,NA
historical_knowledge_items,correct,zeguo-2005,238,NA,0,NA,post_d3045,2,NA
historical_knowledge_items,correct,zeguo-2005,238,NA,0,NA,post_d3046,2,NA
historical_knowledge_items,correct,zeguo-2005,213,NA,0,NA,post_d3043,2,NA
historical_knowledge_items,correct,zeguo-2005,213,NA,0,NA,post_d3044,2,NA
historical_knowledge_items,correct,zeguo-2005,213,NA,0,NA,post_d3045,2,NA
historical_knowledge_items,correct,zeguo-2005,213,NA,0,NA,post_d3046,2,NA
historical_knowledge_items,correct,zeguo-2005,224,NA,0,NA,post_d3043,2,NA
historical_knowledge_items,correct,zeguo-2005,224,NA,0,NA,post_d3044,2,NA
historical_knowledge_items,correct,zeguo-2005,224,NA,0,NA,post_d3045,2,NA
historical_knowledge_items,correct,zeguo-2005,224,NA,0,NA,post_d3046,2,NA
historical_knowledge_items,correct,zeguo-2005,102,NA,0,NA,post_d3043,2,NA
historical_knowledge_items,correct,zeguo-2005,102,NA,0,NA,post_d3044,2,NA
historical_knowledge_items,correct,zeguo-2005,102,NA,0,NA,post_d3045,2,NA
historical_knowledge_items,correct,zeguo-2005,102,NA,0,NA,post_d3046,2,NA
historical_knowledge_items,correct,zeguo-2005,265,NA,0,NA,post_d3043,2,NA
historical_knowledge_items,correct,zeguo-2005,265,NA,0,NA,post_d3044,2,NA
historical_knowledge_items,correct,zeguo-2005,265,NA,0,NA,post_d3045,2,NA
historical_knowledge_items,correct,zeguo-2005,265,NA,0,NA,post_d3046,2,NA
historical_knowledge_items,correct,zeguo-2005,128,NA,0,NA,post_d3043,2,NA
historical_knowledge_items,correct,zeguo-2005,128,NA,0,NA,post_d3044,2,NA
historical_knowledge_items,correct,zeguo-2005,128,NA,0,NA,post_d3045,2,NA
historical_knowledge_items,correct,zeguo-2005,128,NA,0,NA,post_d3046,2,NA
historical_knowledge_items,correct,zeguo-2005,225,NA,0,NA,post_d3043,2,NA
historical_knowledge_items,correct,zeguo-2005,225,NA,0,NA,post_d3044,2,NA
historical_knowledge_items,correct,zeguo-2005,225,NA,0,NA,post_d3045,2,NA
historical_knowledge_items,correct,zeguo-2005,225,NA,0,NA,post_d3046,2,NA
historical_knowledge_items,correct,zeguo-2005,164,NA,0,NA,post_d3043,2,NA
historical_knowledge_items,correct,zeguo-2005,164,NA,0,NA,post_d3044,2,NA
historical_knowledge_items,correct,zeguo-2005,164,NA,0,NA,post_d3045,2,NA
historical_knowledge_items,correct,zeguo-2005,164,NA,0,NA,post_d3046,2,NA
historical_knowledge_items,correct,zeguo-2005,162,NA,0,NA,post_d3043,2,NA
historical_knowledge_items,correct,zeguo-2005,162,NA,0,NA,post_d3044,2,NA
historical_knowledge_items,correct,zeguo-2005,162,NA,0,NA,post_d3045,2,NA
historical_knowledge_items,correct,zeguo-2005,162,NA,0,NA,post_d3046,2,NA
historical_knowledge_items,correct,zeguo-2005,221,NA,0,NA,post_d3043,2,NA
historical_knowledge_items,correct,zeguo-2005,221,NA,0,NA,post_d3044,2,NA
historical_knowledge_items,correct,zeguo-2005,221,NA,0,NA,post_d3045,2,NA
historical_knowledge_items,correct,zeguo-2005,221,NA,0,NA,post_d3046,2,NA
historical_knowledge_items,correct,zeguo-2005,232,NA,0,NA,post_d3043,2,NA
historical_knowledge_items,correct,zeguo-2005,232,NA,0,NA,post_d3044,2,NA
historical_knowledge_items,correct,zeguo-2005,232,NA,0,NA,post_d3045,2,NA
historical_knowledge_items,correct,zeguo-2005,232,NA,0,NA,post_d3046,2,NA
historical_knowledge_items,correct,zeguo-2005,219,NA,0,NA,post_d3043,2,NA
historical_knowledge_items,correct,zeguo-2005,219,NA,0,NA,post_d3044,2,NA
historical_knowledge_items,correct,zeguo-2005,219,NA,0,NA,post_d3045,2,NA
historical_knowledge_items,correct,zeguo-2005,219,NA,0,NA,post_d3046,2,NA
historical_knowledge_items,correct,zeguo-2005,155,NA,0,NA,post_d3043,2,NA
historical_knowledge_items,correct,zeguo-2005,155,NA,0,NA,post_d3044,2,NA
historical_knowledge_items,correct,zeguo-2005,155,NA,0,NA,post_d3045,2,NA
historical_knowledge_items,correct,zeguo-2005,155,NA,0,NA,post_d3046,2,NA
historical_knowledge_items,correct,zeguo-2005,99,NA,0,NA,post_d3043,2,NA
historical_knowledge_items,correct,zeguo-2005,99,NA,0,NA,post_d3044,2,NA
historical_knowledge_items,correct,zeguo-2005,99,NA,0,NA,post_d3045,2,NA
historical_knowledge_items,correct,zeguo-2005,99,NA,0,NA,post_d3046,2,NA
historical_knowledge_items,correct,zeguo-2005,169,NA,0,NA,post_d3043,2,NA
historical_knowledge_items,correct,zeguo-2005,169,NA,0,NA,post_d3044,2,NA
historical_knowledge_items,correct,zeguo-2005,169,NA,0,NA,post_d3045,2,NA
historical_knowledge_items,correct,zeguo-2005,169,NA,0,NA,post_d3046,2,NA
historical_knowledge_items,correct,zeguo-2005,31,NA,0,NA,post_d3043,2,NA
historical_knowledge_items,correct,zeguo-2005,31,NA,0,NA,post_d3044,2,NA
historical_knowledge_items,correct,zeguo-2005,31,NA,0,NA,post_d3045,2,NA
historical_knowledge_items,correct,zeguo-2005,31,NA,0,NA,post_d3046,2,NA
historical_knowledge_items,correct,zeguo-2005,166,NA,0,NA,post_d3043,2,NA
historical_knowledge_items,correct,zeguo-2005,166,NA,0,NA,post_d3044,2,NA
historical_knowledge_items,correct,zeguo-2005,166,NA,0,NA,post_d3045,2,NA
historical_knowledge_items,correct,zeguo-2005,166,NA,0,NA,post_d3046,2,NA
analysis_item_responses,correct,zeguo-2005,241,NA,0,NA,knowledge_001,t2,NA
analysis_item_responses,correct,zeguo-2005,241,NA,0,NA,knowledge_002,t2,NA
analysis_item_responses,correct,zeguo-2005,241,NA,0,NA,knowledge_003,t2,NA
analysis_item_responses,correct,zeguo-2005,241,NA,0,NA,knowledge_004,t2,NA
analysis_item_responses,correct,zeguo-2005,244,NA,0,NA,knowledge_001,t2,NA
analysis_item_responses,correct,zeguo-2005,244,NA,0,NA,knowledge_002,t2,NA
analysis_item_responses,correct,zeguo-2005,244,NA,0,NA,knowledge_003,t2,NA
analysis_item_responses,correct,zeguo-2005,244,NA,0,NA,knowledge_004,t2,NA
analysis_item_responses,correct,zeguo-2005,266,NA,0,NA,knowledge_001,t2,NA
analysis_item_responses,correct,zeguo-2005,266,NA,0,NA,knowledge_002,t2,NA
analysis_item_responses,correct,zeguo-2005,266,NA,0,NA,knowledge_003,t2,NA
analysis_item_responses,correct,zeguo-2005,266,NA,0,NA,knowledge_004,t2,NA
analysis_item_responses,correct,zeguo-2005,44,NA,0,NA,knowledge_001,t2,NA
analysis_item_responses,correct,zeguo-2005,44,NA,0,NA,knowledge_002,t2,NA
analysis_item_responses,correct,zeguo-2005,44,NA,0,NA,knowledge_003,t2,NA
analysis_item_responses,correct,zeguo-2005,44,NA,0,NA,knowledge_004,t2,NA
analysis_item_responses,correct,zeguo-2005,29,NA,0,NA,knowledge_001,t2,NA
analysis_item_responses,correct,zeguo-2005,29,NA,0,NA,knowledge_002,t2,NA
analysis_item_responses,correct,zeguo-2005,29,NA,0,NA,knowledge_003,t2,NA
analysis_item_responses,correct,zeguo-2005,29,NA,0,NA,knowledge_004,t2,NA
analysis_item_responses,correct,zeguo-2005,269,NA,0,NA,knowledge_001,t2,NA
analysis_item_responses,correct,zeguo-2005,269,NA,0,NA,knowledge_002,t2,NA
analysis_item_responses,correct,zeguo-2005,269,NA,0,NA,knowledge_003,t2,NA
analysis_item_responses,correct,zeguo-2005,269,NA,0,NA,knowledge_004,t2,NA
analysis_item_responses,correct,zeguo-2005,246,NA,0,NA,knowledge_001,t2,NA
analysis_item_responses,correct,zeguo-2005,246,NA,0,NA,knowledge_002,t2,NA
analysis_item_responses,correct,zeguo-2005,246,NA,0,NA,knowledge_003,t2,NA
analysis_item_responses,correct,zeguo-2005,246,NA,0,NA,knowledge_004,t2,NA
analysis_item_responses,correct,zeguo-2005,245,NA,0,NA,knowledge_001,t2,NA
analysis_item_responses,correct,zeguo-2005,245,NA,0,NA,knowledge_002,t2,NA
analysis_item_responses,correct,zeguo-2005,245,NA,0,NA,knowledge_003,t2,NA
analysis_item_responses,correct,zeguo-2005,245,NA,0,NA,knowledge_004,t2,NA
analysis_item_responses,correct,zeguo-2005,259,NA,0,NA,knowledge_001,t2,NA
analysis_item_responses,correct,zeguo-2005,259,NA,0,NA,knowledge_002,t2,NA
analysis_item_responses,correct,zeguo-2005,259,NA,0,NA,knowledge_003,t2,NA
analysis_item_responses,correct,zeguo-2005,259,NA,0,NA,knowledge_004,t2,NA
analysis_item_responses,correct,zeguo-2005,173,NA,0,NA,knowledge_001,t2,NA
analysis_item_responses,correct,zeguo-2005,173,NA,0,NA,knowledge_002,t2,NA
analysis_item_responses,correct,zeguo-2005,173,NA,0,NA,knowledge_003,t2,NA
analysis_item_responses,correct,zeguo-2005,173,NA,0,NA,knowledge_004,t2,NA
analysis_item_responses,correct,zeguo-2005,140,NA,0,NA,knowledge_001,t2,NA
analysis_item_responses,correct,zeguo-2005,140,NA,0,NA,knowledge_002,t2,NA
analysis_item_responses,correct,zeguo-2005,140,NA,0,NA,knowledge_003,t2,NA
analysis_item_responses,correct,zeguo-2005,140,NA,0,NA,knowledge_004,t2,NA
analysis_item_responses,correct,zeguo-2005,182,NA,0,NA,knowledge_001,t2,NA
analysis_item_responses,correct,zeguo-2005,182,NA,0,NA,knowledge_002,t2,NA
analysis_item_responses,correct,zeguo-2005,182,NA,0,NA,knowledge_003,t2,NA
analysis_item_responses,correct,zeguo-2005,182,NA,0,NA,knowledge_004,t2,NA
analysis_item_responses,correct,zeguo-2005,115,NA,0,NA,knowledge_001,t2,NA
analysis_item_responses,correct,zeguo-2005,115,NA,0,NA,knowledge_002,t2,NA
analysis_item_responses,correct,zeguo-2005,115,NA,0,NA,knowledge_003,t2,NA
analysis_item_responses,correct,zeguo-2005,115,NA,0,NA,knowledge_004,t2,NA
analysis_item_responses,correct,zeguo-2005,46,NA,0,NA,knowledge_001,t2,NA
analysis_item_responses,correct,zeguo-2005,46,NA,0,NA,knowledge_002,t2,NA
analysis_item_responses,correct,zeguo-2005,46,NA,0,NA,knowledge_003,t2,NA
analysis_item_responses,correct,zeguo-2005,46,NA,0,NA,knowledge_004,t2,NA
analysis_item_responses,correct,zeguo-2005,71,NA,0,NA,knowledge_001,t2,NA
analysis_item_responses,correct,zeguo-2005,71,NA,0,NA,knowledge_002,t2,NA
analysis_item_responses,correct,zeguo-2005,71,NA,0,NA,knowledge_003,t2,NA
analysis_item_responses,correct,zeguo-2005,71,NA,0,NA,knowledge_004,t2,NA
analysis_item_responses,correct,zeguo-2005,158,NA,0,NA,knowledge_001,t2,NA
analysis_item_responses,correct,zeguo-2005,158,NA,0,NA,knowledge_002,t2,NA
analysis_item_responses,correct,zeguo-2005,158,NA,0,NA,knowledge_003,t2,NA
analysis_item_responses,correct,zeguo-2005,158,NA,0,NA,knowledge_004,t2,NA
analysis_item_responses,correct,zeguo-2005,70,NA,0,NA,knowledge_001,t2,NA
analysis_item_responses,correct,zeguo-2005,70,NA,0,NA,knowledge_002,t2,NA
analysis_item_responses,correct,zeguo-2005,70,NA,0,NA,knowledge_003,t2,NA
analysis_item_responses,correct,zeguo-2005,70,NA,0,NA,knowledge_004,t2,NA
analysis_item_responses,correct,zeguo-2005,238,NA,0,NA,knowledge_001,t2,NA
analysis_item_responses,correct,zeguo-2005,238,NA,0,NA,knowledge_002,t2,NA
analysis_item_responses,correct,zeguo-2005,238,NA,0,NA,knowledge_003,t2,NA
analysis_item_responses,correct,zeguo-2005,238,NA,0,NA,knowledge_004,t2,NA
analysis_item_responses,correct,zeguo-2005,213,NA,0,NA,knowledge_001,t2,NA
analysis_item_responses,correct,zeguo-2005,213,NA,0,NA,knowledge_002,t2,NA
analysis_item_responses,correct,zeguo-2005,213,NA,0,NA,knowledge_003,t2,NA
analysis_item_responses,correct,zeguo-2005,213,NA,0,NA,knowledge_004,t2,NA
analysis_item_responses,correct,zeguo-2005,224,NA,0,NA,knowledge_001,t2,NA
analysis_item_responses,correct,zeguo-2005,224,NA,0,NA,knowledge_002,t2,NA
analysis_item_responses,correct,zeguo-2005,224,NA,0,NA,knowledge_003,t2,NA
analysis_item_responses,correct,zeguo-2005,224,NA,0,NA,knowledge_004,t2,NA
analysis_item_responses,correct,zeguo-2005,102,NA,0,NA,knowledge_001,t2,NA
analysis_item_responses,correct,zeguo-2005,102,NA,0,NA,knowledge_002,t2,NA
analysis_item_responses,correct,zeguo-2005,102,NA,0,NA,knowledge_003,t2,NA
analysis_item_responses,correct,zeguo-2005,102,NA,0,NA,knowledge_004,t2,NA
analysis_item_responses,correct,zeguo-2005,265,NA,0,NA,knowledge_001,t2,NA
analysis_item_responses,correct,zeguo-2005,265,NA,0,NA,knowledge_002,t2,NA
analysis_item_responses,correct,zeguo-2005,265,NA,0,NA,knowledge_003,t2,NA
analysis_item_responses,correct,zeguo-2005,265,NA,0,NA,knowledge_004,t2,NA
analysis_item_responses,correct,zeguo-2005,128,NA,0,NA,knowledge_001,t2,NA
analysis_item_responses,correct,zeguo-2005,128,NA,0,NA,knowledge_002,t2,NA
analysis_item_responses,correct,zeguo-2005,128,NA,0,NA,knowledge_003,t2,NA
analysis_item_responses,correct,zeguo-2005,128,NA,0,NA,knowledge_004,t2,NA
analysis_item_responses,correct,zeguo-2005,225,NA,0,NA,knowledge_001,t2,NA
analysis_item_responses,correct,zeguo-2005,225,NA,0,NA,knowledge_002,t2,NA
analysis_item_responses,correct,zeguo-2005,225,NA,0,NA,knowledge_003,t2,NA
analysis_item_responses,correct,zeguo-2005,225,NA,0,NA,knowledge_004,t2,NA
analysis_item_responses,correct,zeguo-2005,164,NA,0,NA,knowledge_001,t2,NA
analysis_item_responses,correct,zeguo-2005,164,NA,0,NA,knowledge_002,t2,NA
analysis_item_responses,correct,zeguo-2005,164,NA,0,NA,knowledge_003,t2,NA
analysis_item_responses,correct,zeguo-2005,164,NA,0,NA,knowledge_004,t2,NA
analysis_item_responses,correct,zeguo-2005,162,NA,0,NA,knowledge_001,t2,NA
analysis_item_responses,correct,zeguo-2005,162,NA,0,NA,knowledge_002,t2,NA
analysis_item_responses,correct,zeguo-2005,162,NA,0,NA,knowledge_003,t2,NA
analysis_item_responses,correct,zeguo-2005,162,NA,0,NA,knowledge_004,t2,NA
analysis_item_responses,correct,zeguo-2005,221,NA,0,NA,knowledge_001,t2,NA
analysis_item_responses,correct,zeguo-2005,221,NA,0,NA,knowledge_002,t2,NA
analysis_item_responses,correct,zeguo-2005,221,NA,0,NA,knowledge_003,t2,NA
analysis_item_responses,correct,zeguo-2005,221,NA,0,NA,knowledge_004,t2,NA
analysis_item_responses,correct,zeguo-2005,232,NA,0,NA,knowledge_001,t2,NA
analysis_item_responses,correct,zeguo-2005,232,NA,0,NA,knowledge_002,t2,NA
analysis_item_responses,correct,zeguo-2005,232,NA,0,NA,knowledge_003,t2,NA
analysis_item_responses,correct,zeguo-2005,232,NA,0,NA,knowledge_004,t2,NA
analysis_item_responses,correct,zeguo-2005,219,NA,0,NA,knowledge_001,t2,NA
analysis_item_responses,correct,zeguo-2005,219,NA,0,NA,knowledge_002,t2,NA
analysis_item_responses,correct,zeguo-2005,219,NA,0,NA,knowledge_003,t2,NA
analysis_item_responses,correct,zeguo-2005,219,NA,0,NA,knowledge_004,t2,NA
analysis_item_responses,correct,zeguo-2005,155,NA,0,NA,knowledge_001,t2,NA
analysis_item_responses,correct,zeguo-2005,155,NA,0,NA,knowledge_002,t2,NA
analysis_item_responses,correct,zeguo-2005,155,NA,0,NA,knowledge_003,t2,NA
analysis_item_responses,correct,zeguo-2005,155,NA,0,NA,knowledge_004,t2,NA
analysis_item_responses,correct,zeguo-2005,99,NA,0,NA,knowledge_001,t2,NA
analysis_item_responses,correct,zeguo-2005,99,NA,0,NA,knowledge_002,t2,NA
analysis_item_responses,correct,zeguo-2005,99,NA,0,NA,knowledge_003,t2,NA
analysis_item_responses,correct,zeguo-2005,99,NA,0,NA,knowledge_004,t2,NA
analysis_item_responses,correct,zeguo-2005,169,NA,0,NA,knowledge_001,t2,NA
analysis_item_responses,correct,zeguo-2005,169,NA,0,NA,knowledge_002,t2,NA
analysis_item_responses,correct,zeguo-2005,169,NA,0,NA,knowledge_003,t2,NA
analysis_item_responses,correct,zeguo-2005,169,NA,0,NA,knowledge_004,t2,NA
analysis_item_responses,correct,zeguo-2005,31,NA,0,NA,knowledge_001,t2,NA
analysis_item_responses,correct,zeguo-2005,31,NA,0,NA,knowledge_002,t2,NA
analysis_item_responses,correct,zeguo-2005,31,NA,0,NA,knowledge_003,t2,NA
analysis_item_responses,correct,zeguo-2005,31,NA,0,NA,knowledge_004,t2,NA
analysis_item_responses,correct,zeguo-2005,166,NA,0,NA,knowledge_001,t2,NA
analysis_item_responses,correct,zeguo-2005,166,NA,0,NA,knowledge_002,t2,NA
analysis_item_responses,correct,zeguo-2005,166,NA,0,NA,knowledge_003,t2,NA
analysis_item_responses,correct,zeguo-2005,166,NA,0,NA,knowledge_004,t2,NA
analysis_item_responses,response_status,zeguo-2005,241,NA,scored,wave_absent,knowledge_001,t2,NA
analysis_item_responses,response_status,zeguo-2005,241,NA,scored,wave_absent,knowledge_002,t2,NA
analysis_item_responses,response_status,zeguo-2005,241,NA,scored,wave_absent,knowledge_003,t2,NA
analysis_item_responses,response_status,zeguo-2005,241,NA,scored,wave_absent,knowledge_004,t2,NA
analysis_item_responses,response_status,zeguo-2005,244,NA,scored,wave_absent,knowledge_001,t2,NA
analysis_item_responses,response_status,zeguo-2005,244,NA,scored,wave_absent,knowledge_002,t2,NA
analysis_item_responses,response_status,zeguo-2005,244,NA,scored,wave_absent,knowledge_003,t2,NA
analysis_item_responses,response_status,zeguo-2005,244,NA,scored,wave_absent,knowledge_004,t2,NA
analysis_item_responses,response_status,zeguo-2005,266,NA,scored,wave_absent,knowledge_001,t2,NA
analysis_item_responses,response_status,zeguo-2005,266,NA,scored,wave_absent,knowledge_002,t2,NA
analysis_item_responses,response_status,zeguo-2005,266,NA,scored,wave_absent,knowledge_003,t2,NA
analysis_item_responses,response_status,zeguo-2005,266,NA,scored,wave_absent,knowledge_004,t2,NA
analysis_item_responses,response_status,zeguo-2005,44,NA,scored,wave_absent,knowledge_001,t2,NA
analysis_item_responses,response_status,zeguo-2005,44,NA,scored,wave_absent,knowledge_002,t2,NA
analysis_item_responses,response_status,zeguo-2005,44,NA,scored,wave_absent,knowledge_003,t2,NA
analysis_item_responses,response_status,zeguo-2005,44,NA,scored,wave_absent,knowledge_004,t2,NA
analysis_item_responses,response_status,zeguo-2005,29,NA,scored,wave_absent,knowledge_001,t2,NA
analysis_item_responses,response_status,zeguo-2005,29,NA,scored,wave_absent,knowledge_002,t2,NA
analysis_item_responses,response_status,zeguo-2005,29,NA,scored,wave_absent,knowledge_003,t2,NA
analysis_item_responses,response_status,zeguo-2005,29,NA,scored,wave_absent,knowledge_004,t2,NA
analysis_item_responses,response_status,zeguo-2005,269,NA,scored,wave_absent,knowledge_001,t2,NA
analysis_item_responses,response_status,zeguo-2005,269,NA,scored,wave_absent,knowledge_002,t2,NA
analysis_item_responses,response_status,zeguo-2005,269,NA,scored,wave_absent,knowledge_003,t2,NA
analysis_item_responses,response_status,zeguo-2005,269,NA,scored,wave_absent,knowledge_004,t2,NA
analysis_item_responses,response_status,zeguo-2005,246,NA,scored,wave_absent,knowledge_001,t2,NA
analysis_item_responses,response_status,zeguo-2005,246,NA,scored,wave_absent,knowledge_002,t2,NA
analysis_item_responses,response_status,zeguo-2005,246,NA,scored,wave_absent,knowledge_003,t2,NA
analysis_item_responses,response_status,zeguo-2005,246,NA,scored,wave_absent,knowledge_004,t2,NA
analysis_item_responses,response_status,zeguo-2005,245,NA,scored,wave_absent,knowledge_001,t2,NA
analysis_item_responses,response_status,zeguo-2005,245,NA,scored,wave_absent,knowledge_002,t2,NA
analysis_item_responses,response_status,zeguo-2005,245,NA,scored,wave_absent,knowledge_003,t2,NA
analysis_item_responses,response_status,zeguo-2005,245,NA,scored,wave_absent,knowledge_004,t2,NA
analysis_item_responses,response_status,zeguo-2005,259,NA,scored,wave_absent,knowledge_001,t2,NA
analysis_item_responses,response_status,zeguo-2005,259,NA,scored,wave_absent,knowledge_002,t2,NA
analysis_item_responses,response_status,zeguo-2005,259,NA,scored,wave_absent,knowledge_003,t2,NA
analysis_item_responses,response_status,zeguo-2005,259,NA,scored,wave_absent,knowledge_004,t2,NA
analysis_item_responses,response_status,zeguo-2005,173,NA,scored,wave_absent,knowledge_001,t2,NA
analysis_item_responses,response_status,zeguo-2005,173,NA,scored,wave_absent,knowledge_002,t2,NA
analysis_item_responses,response_status,zeguo-2005,173,NA,scored,wave_absent,knowledge_003,t2,NA
analysis_item_responses,response_status,zeguo-2005,173,NA,scored,wave_absent,knowledge_004,t2,NA
analysis_item_responses,response_status,zeguo-2005,140,NA,scored,wave_absent,knowledge_001,t2,NA
analysis_item_responses,response_status,zeguo-2005,140,NA,scored,wave_absent,knowledge_002,t2,NA
analysis_item_responses,response_status,zeguo-2005,140,NA,scored,wave_absent,knowledge_003,t2,NA
analysis_item_responses,response_status,zeguo-2005,140,NA,scored,wave_absent,knowledge_004,t2,NA
analysis_item_responses,response_status,zeguo-2005,182,NA,scored,wave_absent,knowledge_001,t2,NA
analysis_item_responses,response_status,zeguo-2005,182,NA,scored,wave_absent,knowledge_002,t2,NA
analysis_item_responses,response_status,zeguo-2005,182,NA,scored,wave_absent,knowledge_003,t2,NA
analysis_item_responses,response_status,zeguo-2005,182,NA,scored,wave_absent,knowledge_004,t2,NA
analysis_item_responses,response_status,zeguo-2005,115,NA,scored,wave_absent,knowledge_001,t2,NA
analysis_item_responses,response_status,zeguo-2005,115,NA,scored,wave_absent,knowledge_002,t2,NA
analysis_item_responses,response_status,zeguo-2005,115,NA,scored,wave_absent,knowledge_003,t2,NA
analysis_item_responses,response_status,zeguo-2005,115,NA,scored,wave_absent,knowledge_004,t2,NA
analysis_item_responses,response_status,zeguo-2005,46,NA,scored,wave_absent,knowledge_001,t2,NA
analysis_item_responses,response_status,zeguo-2005,46,NA,scored,wave_absent,knowledge_002,t2,NA
analysis_item_responses,response_status,zeguo-2005,46,NA,scored,wave_absent,knowledge_003,t2,NA
analysis_item_responses,response_status,zeguo-2005,46,NA,scored,wave_absent,knowledge_004,t2,NA
analysis_item_responses,response_status,zeguo-2005,71,NA,scored,wave_absent,knowledge_001,t2,NA
analysis_item_responses,response_status,zeguo-2005,71,NA,scored,wave_absent,knowledge_002,t2,NA
analysis_item_responses,response_status,zeguo-2005,71,NA,scored,wave_absent,knowledge_003,t2,NA
analysis_item_responses,response_status,zeguo-2005,71,NA,scored,wave_absent,knowledge_004,t2,NA
analysis_item_responses,response_status,zeguo-2005,158,NA,scored,wave_absent,knowledge_001,t2,NA
analysis_item_responses,response_status,zeguo-2005,158,NA,scored,wave_absent,knowledge_002,t2,NA
analysis_item_responses,response_status,zeguo-2005,158,NA,scored,wave_absent,knowledge_003,t2,NA
analysis_item_responses,response_status,zeguo-2005,158,NA,scored,wave_absent,knowledge_004,t2,NA
analysis_item_responses,response_status,zeguo-2005,70,NA,scored,wave_absent,knowledge_001,t2,NA
analysis_item_responses,response_status,zeguo-2005,70,NA,scored,wave_absent,knowledge_002,t2,NA
analysis_item_responses,response_status,zeguo-2005,70,NA,scored,wave_absent,knowledge_003,t2,NA
analysis_item_responses,response_status,zeguo-2005,70,NA,scored,wave_absent,knowledge_004,t2,NA
analysis_item_responses,response_status,zeguo-2005,238,NA,scored,wave_absent,knowledge_001,t2,NA
analysis_item_responses,response_status,zeguo-2005,238,NA,scored,wave_absent,knowledge_002,t2,NA
analysis_item_responses,response_status,zeguo-2005,238,NA,scored,wave_absent,knowledge_003,t2,NA
analysis_item_responses,response_status,zeguo-2005,238,NA,scored,wave_absent,knowledge_004,t2,NA
analysis_item_responses,response_status,zeguo-2005,213,NA,scored,wave_absent,knowledge_001,t2,NA
analysis_item_responses,response_status,zeguo-2005,213,NA,scored,wave_absent,knowledge_002,t2,NA
analysis_item_responses,response_status,zeguo-2005,213,NA,scored,wave_absent,knowledge_003,t2,NA
analysis_item_responses,response_status,zeguo-2005,213,NA,scored,wave_absent,knowledge_004,t2,NA
analysis_item_responses,response_status,zeguo-2005,224,NA,scored,wave_absent,knowledge_001,t2,NA
analysis_item_responses,response_status,zeguo-2005,224,NA,scored,wave_absent,knowledge_002,t2,NA
analysis_item_responses,response_status,zeguo-2005,224,NA,scored,wave_absent,knowledge_003,t2,NA
analysis_item_responses,response_status,zeguo-2005,224,NA,scored,wave_absent,knowledge_004,t2,NA
analysis_item_responses,response_status,zeguo-2005,102,NA,scored,wave_absent,knowledge_001,t2,NA
analysis_item_responses,response_status,zeguo-2005,102,NA,scored,wave_absent,knowledge_002,t2,NA
analysis_item_responses,response_status,zeguo-2005,102,NA,scored,wave_absent,knowledge_003,t2,NA
analysis_item_responses,response_status,zeguo-2005,102,NA,scored,wave_absent,knowledge_004,t2,NA
analysis_item_responses,response_status,zeguo-2005,265,NA,scored,wave_absent,knowledge_001,t2,NA
analysis_item_responses,response_status,zeguo-2005,265,NA,scored,wave_absent,knowledge_002,t2,NA
analysis_item_responses,response_status,zeguo-2005,265,NA,scored,wave_absent,knowledge_003,t2,NA
analysis_item_responses,response_status,zeguo-2005,265,NA,scored,wave_absent,knowledge_004,t2,NA
analysis_item_responses,response_status,zeguo-2005,128,NA,scored,wave_absent,knowledge_001,t2,NA
analysis_item_responses,response_status,zeguo-2005,128,NA,scored,wave_absent,knowledge_002,t2,NA
analysis_item_responses,response_status,zeguo-2005,128,NA,scored,wave_absent,knowledge_003,t2,NA
analysis_item_responses,response_status,zeguo-2005,128,NA,scored,wave_absent,knowledge_004,t2,NA
analysis_item_responses,response_status,zeguo-2005,225,NA,scored,wave_absent,knowledge_001,t2,NA
analysis_item_responses,response_status,zeguo-2005,225,NA,scored,wave_absent,knowledge_002,t2,NA
analysis_item_responses,response_status,zeguo-2005,225,NA,scored,wave_absent,knowledge_003,t2,NA
analysis_item_responses,response_status,zeguo-2005,225,NA,scored,wave_absent,knowledge_004,t2,NA
analysis_item_responses,response_status,zeguo-2005,164,NA,scored,wave_absent,knowledge_001,t2,NA
analysis_item_responses,response_status,zeguo-2005,164,NA,scored,wave_absent,knowledge_002,t2,NA
analysis_item_responses,response_status,zeguo-2005,164,NA,scored,wave_absent,knowledge_003,t2,NA
analysis_item_responses,response_status,zeguo-2005,164,NA,scored,wave_absent,knowledge_004,t2,NA
analysis_item_responses,response_status,zeguo-2005,162,NA,scored,wave_absent,knowledge_001,t2,NA
analysis_item_responses,response_status,zeguo-2005,162,NA,scored,wave_absent,knowledge_002,t2,NA
analysis_item_responses,response_status,zeguo-2005,162,NA,scored,wave_absent,knowledge_003,t2,NA
analysis_item_responses,response_status,zeguo-2005,162,NA,scored,wave_absent,knowledge_004,t2,NA
analysis_item_responses,response_status,zeguo-2005,221,NA,scored,wave_absent,knowledge_001,t2,NA
analysis_item_responses,response_status,zeguo-2005,221,NA,scored,wave_absent,knowledge_002,t2,NA
analysis_item_responses,response_status,zeguo-2005,221,NA,scored,wave_absent,knowledge_003,t2,NA
analysis_item_responses,response_status,zeguo-2005,221,NA,scored,wave_absent,knowledge_004,t2,NA
analysis_item_responses,response_status,zeguo-2005,232,NA,scored,wave_absent,knowledge_001,t2,NA
analysis_item_responses,response_status,zeguo-2005,232,NA,scored,wave_absent,knowledge_002,t2,NA
analysis_item_responses,response_status,zeguo-2005,232,NA,scored,wave_absent,knowledge_003,t2,NA
analysis_item_responses,response_status,zeguo-2005,232,NA,scored,wave_absent,knowledge_004,t2,NA
analysis_item_responses,response_status,zeguo-2005,219,NA,scored,wave_absent,knowledge_001,t2,NA
analysis_item_responses,response_status,zeguo-2005,219,NA,scored,wave_absent,knowledge_002,t2,NA
analysis_item_responses,response_status,zeguo-2005,219,NA,scored,wave_absent,knowledge_003,t2,NA
analysis_item_responses,response_status,zeguo-2005,219,NA,scored,wave_absent,knowledge_004,t2,NA
analysis_item_responses,response_status,zeguo-2005,155,NA,scored,wave_absent,knowledge_001,t2,NA
analysis_item_responses,response_status,zeguo-2005,155,NA,scored,wave_absent,knowledge_002,t2,NA
analysis_item_responses,response_status,zeguo-2005,155,NA,scored,wave_absent,knowledge_003,t2,NA
analysis_item_responses,response_status,zeguo-2005,155,NA,scored,wave_absent,knowledge_004,t2,NA
analysis_item_responses,response_status,zeguo-2005,99,NA,scored,wave_absent,knowledge_001,t2,NA
analysis_item_responses,response_status,zeguo-2005,99,NA,scored,wave_absent,knowledge_002,t2,NA
analysis_item_responses,response_status,zeguo-2005,99,NA,scored,wave_absent,knowledge_003,t2,NA
analysis_item_responses,response_status,zeguo-2005,99,NA,scored,wave_absent,knowledge_004,t2,NA
analysis_item_responses,response_status,zeguo-2005,169,NA,scored,wave_absent,knowledge_001,t2,NA
analysis_item_responses,response_status,zeguo-2005,169,NA,scored,wave_absent,knowledge_002,t2,NA
analysis_item_responses,response_status,zeguo-2005,169,NA,scored,wave_absent,knowledge_003,t2,NA
analysis_item_responses,response_status,zeguo-2005,169,NA,scored,wave_absent,knowledge_004,t2,NA
analysis_item_responses,response_status,zeguo-2005,31,NA,scored,wave_absent,knowledge_001,t2,NA
analysis_item_responses,response_status,zeguo-2005,31,NA,scored,wave_absent,knowledge_002,t2,NA
analysis_item_responses,response_status,zeguo-2005,31,NA,scored,wave_absent,knowledge_003,t2,NA
analysis_item_responses,response_status,zeguo-2005,31,NA,scored,wave_absent,knowledge_004,t2,NA
analysis_item_responses,response_status,zeguo-2005,166,NA,scored,wave_absent,knowledge_001,t2,NA
analysis_item_responses,response_status,zeguo-2005,166,NA,scored,wave_absent,knowledge_002,t2,NA
analysis_item_responses,response_status,zeguo-2005,166,NA,scored,wave_absent,knowledge_003,t2,NA
analysis_item_responses,response_status,zeguo-2005,166,NA,scored,wave_absent,knowledge_004,t2,NA
analysis_scores,n_observed,zeguo-2005,241,NA,NA,0,NA,t2,NA
analysis_scores,n_observed,zeguo-2005,244,NA,NA,0,NA,t2,NA
analysis_scores,n_observed,zeguo-2005,266,NA,NA,0,NA,t2,NA
analysis_scores,n_observed,zeguo-2005,44,NA,NA,0,NA,t2,NA
analysis_scores,n_observed,zeguo-2005,29,NA,NA,0,NA,t2,NA
analysis_scores,n_observed,zeguo-2005,269,NA,NA,0,NA,t2,NA
analysis_scores,n_observed,zeguo-2005,246,NA,NA,0,NA,t2,NA
analysis_scores,n_observed,zeguo-2005,245,NA,NA,0,NA,t2,NA
analysis_scores,n_observed,zeguo-2005,259,NA,NA,0,NA,t2,NA
analysis_scores,n_observed,zeguo-2005,173,NA,NA,0,NA,t2,NA
analysis_scores,n_observed,zeguo-2005,140,NA,NA,0,NA,t2,NA
analysis_scores,n_observed,zeguo-2005,182,NA,NA,0,NA,t2,NA
analysis_scores,n_observed,zeguo-2005,115,NA,NA,0,NA,t2,NA
analysis_scores,n_observed,zeguo-2005,46,NA,NA,0,NA,t2,NA
analysis_scores,n_observed,zeguo-2005,71,NA,NA,0,NA,t2,NA
analysis_scores,n_observed,zeguo-2005,158,NA,NA,0,NA,t2,NA
analysis_scores,n_observed,zeguo-2005,70,NA,NA,0,NA,t2,NA
analysis_scores,n_observed,zeguo-2005,238,NA,NA,0,NA,t2,NA
analysis_scores,n_observed,zeguo-2005,213,NA,NA,0,NA,t2,NA
analysis_scores,n_observed,zeguo-2005,224,NA,NA,0,NA,t2,NA
analysis_scores,n_observed,zeguo-2005,102,NA,NA,0,NA,t2,NA
analysis_scores,n_observed,zeguo-2005,265,NA,NA,0,NA,t2,NA
analysis_scores,n_observed,zeguo-2005,128,NA,NA,0,NA,t2,NA
analysis_scores,n_observed,zeguo-2005,225,NA,NA,0,NA,t2,NA
analysis_scores,n_observed,zeguo-2005,164,NA,NA,0,NA,t2,NA
analysis_scores,n_observed,zeguo-2005,162,NA,NA,0,NA,t2,NA
analysis_scores,n_observed,zeguo-2005,221,NA,NA,0,NA,t2,NA
analysis_scores,n_observed,zeguo-2005,232,NA,NA,0,NA,t2,NA
analysis_scores,n_observed,zeguo-2005,219,NA,NA,0,NA,t2,NA
analysis_scores,n_observed,zeguo-2005,155,NA,NA,0,NA,t2,NA
analysis_scores,n_observed,zeguo-2005,99,NA,NA,0,NA,t2,NA
analysis_scores,n_observed,zeguo-2005,169,NA,NA,0,NA,t2,NA
analysis_scores,n_observed,zeguo-2005,31,NA,NA,0,NA,t2,NA
analysis_scores,n_observed,zeguo-2005,166,NA,NA,0,NA,t2,NA
analysis_scores,n_correct,zeguo-2005,241,NA,0,NA,NA,t2,NA
analysis_scores,n_correct,zeguo-2005,244,NA,0,NA,NA,t2,NA
analysis_scores,n_correct,zeguo-2005,266,NA,0,NA,NA,t2,NA
analysis_scores,n_correct,zeguo-2005,44,NA,0,NA,NA,t2,NA
analysis_scores,n_correct,zeguo-2005,29,NA,0,NA,NA,t2,NA
analysis_scores,n_correct,zeguo-2005,269,NA,0,NA,NA,t2,NA
analysis_scores,n_correct,zeguo-2005,246,NA,0,NA,NA,t2,NA
analysis_scores,n_correct,zeguo-2005,245,NA,0,NA,NA,t2,NA
analysis_scores,n_correct,zeguo-2005,259,NA,0,NA,NA,t2,NA
analysis_scores,n_correct,zeguo-2005,173,NA,0,NA,NA,t2,NA
analysis_scores,n_correct,zeguo-2005,140,NA,0,NA,NA,t2,NA
analysis_scores,n_correct,zeguo-2005,182,NA,0,NA,NA,t2,NA
analysis_scores,n_correct,zeguo-2005,115,NA,0,NA,NA,t2,NA
analysis_scores,n_correct,zeguo-2005,46,NA,0,NA,NA,t2,NA
analysis_scores,n_correct,zeguo-2005,71,NA,0,NA,NA,t2,NA
analysis_scores,n_correct,zeguo-2005,158,NA,0,NA,NA,t2,NA
analysis_scores,n_correct,zeguo-2005,70,NA,0,NA,NA,t2,NA
analysis_scores,n_correct,zeguo-2005,238,NA,0,NA,NA,t2,NA
analysis_scores,n_correct,zeguo-2005,213,NA,0,NA,NA,t2,NA
analysis_scores,n_correct,zeguo-2005,224,NA,0,NA,NA,t2,NA
analysis_scores,n_correct,zeguo-2005,102,NA,0,NA,NA,t2,NA
analysis_scores,n_correct,zeguo-2005,265,NA,0,NA,NA,t2,NA
analysis_scores,n_correct,zeguo-2005,128,NA,0,NA,NA,t2,NA
analysis_scores,n_correct,zeguo-2005,225,NA,0,NA,NA,t2,NA
analysis_scores,n_correct,zeguo-2005,164,NA,0,NA,NA,t2,NA
analysis_scores,n_correct,zeguo-2005,162,NA,0,NA,NA,t2,NA
analysis_scores,n_correct,zeguo-2005,221,NA,0,NA,NA,t2,NA
analysis_scores,n_correct,zeguo-2005,232,NA,0,NA,NA,t2,NA
analysis_scores,n_correct,zeguo-2005,219,NA,0,NA,NA,t2,NA
analysis_scores,n_correct,zeguo-2005,155,NA,0,NA,NA,t2,NA
analysis_scores,n_correct,zeguo-2005,99,NA,0,NA,NA,t2,NA
analysis_scores,n_correct,zeguo-2005,169,NA,0,NA,NA,t2,NA
analysis_scores,n_correct,zeguo-2005,31,NA,0,NA,NA,t2,NA
analysis_scores,n_correct,zeguo-2005,166,NA,0,NA,NA,t2,NA
analysis_scores,score,zeguo-2005,241,NA,0,NA,NA,t2,NA
analysis_scores,score,zeguo-2005,244,NA,0,NA,NA,t2,NA
analysis_scores,score,zeguo-2005,266,NA,0,NA,NA,t2,NA
analysis_scores,score,zeguo-2005,44,NA,0,NA,NA,t2,NA
analysis_scores,score,zeguo-2005,29,NA,0,NA,NA,t2,NA
analysis_scores,score,zeguo-2005,269,NA,0,NA,NA,t2,NA
analysis_scores,score,zeguo-2005,246,NA,0,NA,NA,t2,NA
analysis_scores,score,zeguo-2005,245,NA,0,NA,NA,t2,NA
analysis_scores,score,zeguo-2005,259,NA,0,NA,NA,t2,NA
analysis_scores,score,zeguo-2005,173,NA,0,NA,NA,t2,NA
analysis_scores,score,zeguo-2005,140,NA,0,NA,NA,t2,NA
analysis_scores,score,zeguo-2005,182,NA,0,NA,NA,t2,NA
analysis_scores,score,zeguo-2005,115,NA,0,NA,NA,t2,NA
analysis_scores,score,zeguo-2005,46,NA,0,NA,NA,t2,NA
analysis_scores,score,zeguo-2005,71,NA,0,NA,NA,t2,NA
analysis_scores,score,zeguo-2005,158,NA,0,NA,NA,t2,NA
analysis_scores,score,zeguo-2005,70,NA,0,NA,NA,t2,NA
analysis_scores,score,zeguo-2005,238,NA,0,NA,NA,t2,NA
analysis_scores,score,zeguo-2005,213,NA,0,NA,NA,t2,NA
analysis_scores,score,zeguo-2005,224,NA,0,NA,NA,t2,NA
analysis_scores,score,zeguo-2005,102,NA,0,NA,NA,t2,NA
analysis_scores,score,zeguo-2005,265,NA,0,NA,NA,t2,NA
analysis_scores,score,zeguo-2005,128,NA,0,NA,NA,t2,NA
analysis_scores,score,zeguo-2005,225,NA,0,NA,NA,t2,NA
analysis_scores,score,zeguo-2005,164,NA,0,NA,NA,t2,NA
analysis_scores,score,zeguo-2005,162,NA,0,NA,NA,t2,NA
analysis_scores,score,zeguo-2005,221,NA,0,NA,NA,t2,NA
analysis_scores,score,zeguo-2005,232,NA,0,NA,NA,t2,NA
analysis_scores,score,zeguo-2005,219,NA,0,NA,NA,t2,NA
analysis_scores,score,zeguo-2005,155,NA,0,NA,NA,t2,NA
analysis_scores,score,zeguo-2005,99,NA,0,NA,NA,t2,NA
analysis_scores,score,zeguo-2005,169,NA,0,NA,NA,t2,NA
analysis_scores,score,zeguo-2005,31,NA,0,NA,NA,t2,NA
analysis_scores,score,zeguo-2005,166,NA,0,NA,NA,t2,NA
analysis_phase_scores,n_observed,zeguo-2005,241,NA,NA,0,NA,t2,zeguo-2005:historical:knowledge
analysis_phase_scores,n_observed,zeguo-2005,244,NA,NA,0,NA,t2,zeguo-2005:historical:knowledge
analysis_phase_scores,n_observed,zeguo-2005,266,NA,NA,0,NA,t2,zeguo-2005:historical:knowledge
analysis_phase_scores,n_observed,zeguo-2005,44,NA,NA,0,NA,t2,zeguo-2005:historical:knowledge
analysis_phase_scores,n_observed,zeguo-2005,29,NA,NA,0,NA,t2,zeguo-2005:historical:knowledge
analysis_phase_scores,n_observed,zeguo-2005,269,NA,NA,0,NA,t2,zeguo-2005:historical:knowledge
analysis_phase_scores,n_observed,zeguo-2005,246,NA,NA,0,NA,t2,zeguo-2005:historical:knowledge
analysis_phase_scores,n_observed,zeguo-2005,245,NA,NA,0,NA,t2,zeguo-2005:historical:knowledge
analysis_phase_scores,n_observed,zeguo-2005,259,NA,NA,0,NA,t2,zeguo-2005:historical:knowledge
analysis_phase_scores,n_observed,zeguo-2005,173,NA,NA,0,NA,t2,zeguo-2005:historical:knowledge
analysis_phase_scores,n_observed,zeguo-2005,140,NA,NA,0,NA,t2,zeguo-2005:historical:knowledge
analysis_phase_scores,n_observed,zeguo-2005,182,NA,NA,0,NA,t2,zeguo-2005:historical:knowledge
analysis_phase_scores,n_observed,zeguo-2005,115,NA,NA,0,NA,t2,zeguo-2005:historical:knowledge
analysis_phase_scores,n_observed,zeguo-2005,46,NA,NA,0,NA,t2,zeguo-2005:historical:knowledge
analysis_phase_scores,n_observed,zeguo-2005,71,NA,NA,0,NA,t2,zeguo-2005:historical:knowledge
analysis_phase_scores,n_observed,zeguo-2005,158,NA,NA,0,NA,t2,zeguo-2005:historical:knowledge
analysis_phase_scores,n_observed,zeguo-2005,70,NA,NA,0,NA,t2,zeguo-2005:historical:knowledge
analysis_phase_scores,n_observed,zeguo-2005,238,NA,NA,0,NA,t2,zeguo-2005:historical:knowledge
analysis_phase_scores,n_observed,zeguo-2005,213,NA,NA,0,NA,t2,zeguo-2005:historical:knowledge
analysis_phase_scores,n_observed,zeguo-2005,224,NA,NA,0,NA,t2,zeguo-2005:historical:knowledge
analysis_phase_scores,n_observed,zeguo-2005,102,NA,NA,0,NA,t2,zeguo-2005:historical:knowledge
analysis_phase_scores,n_observed,zeguo-2005,265,NA,NA,0,NA,t2,zeguo-2005:historical:knowledge
analysis_phase_scores,n_observed,zeguo-2005,128,NA,NA,0,NA,t2,zeguo-2005:historical:knowledge
analysis_phase_scores,n_observed,zeguo-2005,225,NA,NA,0,NA,t2,zeguo-2005:historical:knowledge
analysis_phase_scores,n_observed,zeguo-2005,164,NA,NA,0,NA,t2,zeguo-2005:historical:knowledge
analysis_phase_scores,n_observed,zeguo-2005,162,NA,NA,0,NA,t2,zeguo-2005:historical:knowledge
analysis_phase_scores,n_observed,zeguo-2005,221,NA,NA,0,NA,t2,zeguo-2005:historical:knowledge
analysis_phase_scores,n_observed,zeguo-2005,232,NA,NA,0,NA,t2,zeguo-2005:historical:knowledge
analysis_phase_scores,n_observed,zeguo-2005,219,NA,NA,0,NA,t2,zeguo-2005:historical:knowledge
analysis_phase_scores,n_observed,zeguo-2005,155,NA,NA,0,NA,t2,zeguo-2005:historical:knowledge
analysis_phase_scores,n_observed,zeguo-2005,99,NA,NA,0,NA,t2,zeguo-2005:historical:knowledge
analysis_phase_scores,n_observed,zeguo-2005,169,NA,NA,0,NA,t2,zeguo-2005:historical:knowledge
analysis_phase_scores,n_observed,zeguo-2005,31,NA,NA,0,NA,t2,zeguo-2005:historical:knowledge
analysis_phase_scores,n_observed,zeguo-2005,166,NA,NA,0,NA,t2,zeguo-2005:historical:knowledge
analysis_phase_scores,n_correct,zeguo-2005,241,NA,0,NA,NA,t2,zeguo-2005:historical:knowledge
analysis_phase_scores,n_correct,zeguo-2005,244,NA,0,NA,NA,t2,zeguo-2005:historical:knowledge
analysis_phase_scores,n_correct,zeguo-2005,266,NA,0,NA,NA,t2,zeguo-2005:historical:knowledge
analysis_phase_scores,n_correct,zeguo-2005,44,NA,0,NA,NA,t2,zeguo-2005:historical:knowledge
analysis_phase_scores,n_correct,zeguo-2005,29,NA,0,NA,NA,t2,zeguo-2005:historical:knowledge
analysis_phase_scores,n_correct,zeguo-2005,269,NA,0,NA,NA,t2,zeguo-2005:historical:knowledge
analysis_phase_scores,n_correct,zeguo-2005,246,NA,0,NA,NA,t2,zeguo-2005:historical:knowledge
analysis_phase_scores,n_correct,zeguo-2005,245,NA,0,NA,NA,t2,zeguo-2005:historical:knowledge
analysis_phase_scores,n_correct,zeguo-2005,259,NA,0,NA,NA,t2,zeguo-2005:historical:knowledge
analysis_phase_scores,n_correct,zeguo-2005,173,NA,0,NA,NA,t2,zeguo-2005:historical:knowledge
analysis_phase_scores,n_correct,zeguo-2005,140,NA,0,NA,NA,t2,zeguo-2005:historical:knowledge
analysis_phase_scores,n_correct,zeguo-2005,182,NA,0,NA,NA,t2,zeguo-2005:historical:knowledge
analysis_phase_scores,n_correct,zeguo-2005,115,NA,0,NA,NA,t2,zeguo-2005:historical:knowledge
analysis_phase_scores,n_correct,zeguo-2005,46,NA,0,NA,NA,t2,zeguo-2005:historical:knowledge
analysis_phase_scores,n_correct,zeguo-2005,71,NA,0,NA,NA,t2,zeguo-2005:historical:knowledge
analysis_phase_scores,n_correct,zeguo-2005,158,NA,0,NA,NA,t2,zeguo-2005:historical:knowledge
analysis_phase_scores,n_correct,zeguo-2005,70,NA,0,NA,NA,t2,zeguo-2005:historical:knowledge
analysis_phase_scores,n_correct,zeguo-2005,238,NA,0,NA,NA,t2,zeguo-2005:historical:knowledge
analysis_phase_scores,n_correct,zeguo-2005,213,NA,0,NA,NA,t2,zeguo-2005:historical:knowledge
analysis_phase_scores,n_correct,zeguo-2005,224,NA,0,NA,NA,t2,zeguo-2005:historical:knowledge
analysis_phase_scores,n_correct,zeguo-2005,102,NA,0,NA,NA,t2,zeguo-2005:historical:knowledge
analysis_phase_scores,n_correct,zeguo-2005,265,NA,0,NA,NA,t2,zeguo-2005:historical:knowledge
analysis_phase_scores,n_correct,zeguo-2005,128,NA,0,NA,NA,t2,zeguo-2005:historical:knowledge
analysis_phase_scores,n_correct,zeguo-2005,225,NA,0,NA,NA,t2,zeguo-2005:historical:knowledge
analysis_phase_scores,n_correct,zeguo-2005,164,NA,0,NA,NA,t2,zeguo-2005:historical:knowledge
analysis_phase_scores,n_correct,zeguo-2005,162,NA,0,NA,NA,t2,zeguo-2005:historical:knowledge
analysis_phase_scores,n_correct,zeguo-2005,221,NA,0,NA,NA,t2,zeguo-2005:historical:knowledge
analysis_phase_scores,n_correct,zeguo-2005,232,NA,0,NA,NA,t2,zeguo-2005:historical:knowledge
analysis_phase_scores,n_correct,zeguo-2005,219,NA,0,NA,NA,t2,zeguo-2005:historical:knowledge
analysis_phase_scores,n_correct,zeguo-2005,155,NA,0,NA,NA,t2,zeguo-2005:historical:knowledge
analysis_phase_scores,n_correct,zeguo-2005,99,NA,0,NA,NA,t2,zeguo-2005:historical:knowledge
analysis_phase_scores,n_correct,zeguo-2005,169,NA,0,NA,NA,t2,zeguo-2005:historical:knowledge
analysis_phase_scores,n_correct,zeguo-2005,31,NA,0,NA,NA,t2,zeguo-2005:historical:knowledge
analysis_phase_scores,n_correct,zeguo-2005,166,NA,0,NA,NA,t2,zeguo-2005:historical:knowledge
analysis_phase_scores,score,zeguo-2005,241,NA,0,NA,NA,t2,zeguo-2005:historical:knowledge
analysis_phase_scores,score,zeguo-2005,244,NA,0,NA,NA,t2,zeguo-2005:historical:knowledge
analysis_phase_scores,score,zeguo-2005,266,NA,0,NA,NA,t2,zeguo-2005:historical:knowledge
analysis_phase_scores,score,zeguo-2005,44,NA,0,NA,NA,t2,zeguo-2005:historical:knowledge
analysis_phase_scores,score,zeguo-2005,29,NA,0,NA,NA,t2,zeguo-2005:historical:knowledge
analysis_phase_scores,score,zeguo-2005,269,NA,0,NA,NA,t2,zeguo-2005:historical:knowledge
analysis_phase_scores,score,zeguo-2005,246,NA,0,NA,NA,t2,zeguo-2005:historical:knowledge
analysis_phase_scores,score,zeguo-2005,245,NA,0,NA,NA,t2,zeguo-2005:historical:knowledge
analysis_phase_scores,score,zeguo-2005,259,NA,0,NA,NA,t2,zeguo-2005:historical:knowledge
analysis_phase_scores,score,zeguo-2005,173,NA,0,NA,NA,t2,zeguo-2005:historical:knowledge
analysis_phase_scores,score,zeguo-2005,140,NA,0,NA,NA,t2,zeguo-2005:historical:knowledge
analysis_phase_scores,score,zeguo-2005,182,NA,0,NA,NA,t2,zeguo-2005:historical:knowledge
analysis_phase_scores,score,zeguo-2005,115,NA,0,NA,NA,t2,zeguo-2005:historical:knowledge
analysis_phase_scores,score,zeguo-2005,46,NA,0,NA,NA,t2,zeguo-2005:historical:knowledge
analysis_phase_scores,score,zeguo-2005,71,NA,0,NA,NA,t2,zeguo-2005:historical:knowledge
analysis_phase_scores,score,zeguo-2005,158,NA,0,NA,NA,t2,zeguo-2005:historical:knowledge
analysis_phase_scores,score,zeguo-2005,70,NA,0,NA,NA,t2,zeguo-2005:historical:knowledge
analysis_phase_scores,score,zeguo-2005,238,NA,0,NA,NA,t2,zeguo-2005:historical:knowledge
analysis_phase_scores,score,zeguo-2005,213,NA,0,NA,NA,t2,zeguo-2005:historical:knowledge
analysis_phase_scores,score,zeguo-2005,224,NA,0,NA,NA,t2,zeguo-2005:historical:knowledge
analysis_phase_scores,score,zeguo-2005,102,NA,0,NA,NA,t2,zeguo-2005:historical:knowledge
analysis_phase_scores,score,zeguo-2005,265,NA,0,NA,NA,t2,zeguo-2005:historical:knowledge
analysis_phase_scores,score,zeguo-2005,128,NA,0,NA,NA,t2,zeguo-2005:historical:knowledge
analysis_phase_scores,score,zeguo-2005,225,NA,0,NA,NA,t2,zeguo-2005:historical:knowledge
analysis_phase_scores,score,zeguo-2005,164,NA,0,NA,NA,t2,zeguo-2005:historical:knowledge
analysis_phase_scores,score,zeguo-2005,162,NA,0,NA,NA,t2,zeguo-2005:historical:knowledge
analysis_phase_scores,score,zeguo-2005,221,NA,0,NA,NA,t2,zeguo-2005:historical:knowledge
analysis_phase_scores,score,zeguo-2005,232,NA,0,NA,NA,t2,zeguo-2005:historical:knowledge
analysis_phase_scores,score,zeguo-2005,219,NA,0,NA,NA,t2,zeguo-2005:historical:knowledge
analysis_phase_scores,score,zeguo-2005,155,NA,0,NA,NA,t2,zeguo-2005:historical:knowledge
analysis_phase_scores,score,zeguo-2005,99,NA,0,NA,NA,t2,zeguo-2005:historical:knowledge
analysis_phase_scores,score,zeguo-2005,169,NA,0,NA,NA,t2,zeguo-2005:historical:knowledge
analysis_phase_scores,score,zeguo-2005,31,NA,0,NA,NA,t2,zeguo-2005:historical:knowledge
analysis_phase_scores,score,zeguo-2005,166,NA,0,NA,NA,t2,zeguo-2005:historical:knowledge
analysis_phase_scores,wave_observed,zeguo-2005,90,NA,NA,TRUE,NA,t2,zeguo-2005:historical:knowledge
analysis_phase_scores,wave_observed,zeguo-2005,241,NA,NA,FALSE,NA,t2,zeguo-2005:historical:knowledge
analysis_phase_scores,wave_observed,zeguo-2005,244,NA,NA,FALSE,NA,t2,zeguo-2005:historical:knowledge
analysis_phase_scores,wave_observed,zeguo-2005,266,NA,NA,FALSE,NA,t2,zeguo-2005:historical:knowledge
analysis_phase_scores,wave_observed,zeguo-2005,44,NA,NA,FALSE,NA,t2,zeguo-2005:historical:knowledge
analysis_phase_scores,wave_observed,zeguo-2005,29,NA,NA,FALSE,NA,t2,zeguo-2005:historical:knowledge
analysis_phase_scores,wave_observed,zeguo-2005,269,NA,NA,FALSE,NA,t2,zeguo-2005:historical:knowledge
analysis_phase_scores,wave_observed,zeguo-2005,246,NA,NA,FALSE,NA,t2,zeguo-2005:historical:knowledge
analysis_phase_scores,wave_observed,zeguo-2005,245,NA,NA,FALSE,NA,t2,zeguo-2005:historical:knowledge
analysis_phase_scores,wave_observed,zeguo-2005,259,NA,NA,FALSE,NA,t2,zeguo-2005:historical:knowledge
analysis_phase_scores,wave_observed,zeguo-2005,173,NA,NA,FALSE,NA,t2,zeguo-2005:historical:knowledge
analysis_phase_scores,wave_observed,zeguo-2005,140,NA,NA,FALSE,NA,t2,zeguo-2005:historical:knowledge
analysis_phase_scores,wave_observed,zeguo-2005,182,NA,NA,FALSE,NA,t2,zeguo-2005:historical:knowledge
analysis_phase_scores,wave_observed,zeguo-2005,115,NA,NA,FALSE,NA,t2,zeguo-2005:historical:knowledge
analysis_phase_scores,wave_observed,zeguo-2005,46,NA,NA,FALSE,NA,t2,zeguo-2005:historical:knowledge
analysis_phase_scores,wave_observed,zeguo-2005,71,NA,NA,FALSE,NA,t2,zeguo-2005:historical:knowledge
analysis_phase_scores,wave_observed,zeguo-2005,158,NA,NA,FALSE,NA,t2,zeguo-2005:historical:knowledge
analysis_phase_scores,wave_observed,zeguo-2005,70,NA,NA,FALSE,NA,t2,zeguo-2005:historical:knowledge
analysis_phase_scores,wave_observed,zeguo-2005,238,NA,NA,FALSE,NA,t2,zeguo-2005:historical:knowledge
analysis_phase_scores,wave_observed,zeguo-2005,213,NA,NA,FALSE,NA,t2,zeguo-2005:historical:knowledge
analysis_phase_scores,wave_observed,zeguo-2005,224,NA,NA,FALSE,NA,t2,zeguo-2005:historical:knowledge
analysis_phase_scores,wave_observed,zeguo-2005,102,NA,NA,FALSE,NA,t2,zeguo-2005:historical:knowledge
analysis_phase_scores,wave_observed,zeguo-2005,265,NA,NA,FALSE,NA,t2,zeguo-2005:historical:knowledge
analysis_phase_scores,wave_observed,zeguo-2005,128,NA,NA,FALSE,NA,t2,zeguo-2005:historical:knowledge
analysis_phase_scores,wave_observed,zeguo-2005,225,NA,NA,FALSE,NA,t2,zeguo-2005:historical:knowledge
analysis_phase_scores,wave_observed,zeguo-2005,164,NA,NA,FALSE,NA,t2,zeguo-2005:historical:knowledge
analysis_phase_scores,wave_observed,zeguo-2005,162,NA,NA,FALSE,NA,t2,zeguo-2005:historical:knowledge
analysis_phase_scores,wave_observed,zeguo-2005,221,NA,NA,FALSE,NA,t2,zeguo-2005:historical:knowledge
analysis_phase_scores,wave_observed,zeguo-2005,232,NA,NA,FALSE,NA,t2,zeguo-2005:historical:knowledge
analysis_phase_scores,wave_observed,zeguo-2005,219,NA,NA,FALSE,NA,t2,zeguo-2005:historical:knowledge
analysis_phase_scores,wave_observed,zeguo-2005,155,NA,NA,FALSE,NA,t2,zeguo-2005:historical:knowledge
analysis_phase_scores,wave_observed,zeguo-2005,99,NA,NA,FALSE,NA,t2,zeguo-2005:historical:knowledge
analysis_phase_scores,wave_observed,zeguo-2005,169,NA,NA,FALSE,NA,t2,zeguo-2005:historical:knowledge
analysis_phase_scores,wave_observed,zeguo-2005,31,NA,NA,FALSE,NA,t2,zeguo-2005:historical:knowledge
analysis_phase_scores,wave_observed,zeguo-2005,166,NA,NA,FALSE,NA,t2,zeguo-2005:historical:knowledge
analysis_phase_scores,questionnaire_presence_status,zeguo-2005,90,NA,unknown,observed,NA,t2,zeguo-2005:historical:knowledge
analysis_phase_scores,questionnaire_presence_status,zeguo-2005,241,NA,unknown,absent,NA,t2,zeguo-2005:historical:knowledge
analysis_phase_scores,questionnaire_presence_status,zeguo-2005,244,NA,unknown,absent,NA,t2,zeguo-2005:historical:knowledge
analysis_phase_scores,questionnaire_presence_status,zeguo-2005,266,NA,unknown,absent,NA,t2,zeguo-2005:historical:knowledge
analysis_phase_scores,questionnaire_presence_status,zeguo-2005,44,NA,unknown,absent,NA,t2,zeguo-2005:historical:knowledge
analysis_phase_scores,questionnaire_presence_status,zeguo-2005,29,NA,unknown,absent,NA,t2,zeguo-2005:historical:knowledge
analysis_phase_scores,questionnaire_presence_status,zeguo-2005,269,NA,unknown,absent,NA,t2,zeguo-2005:historical:knowledge
analysis_phase_scores,questionnaire_presence_status,zeguo-2005,246,NA,unknown,absent,NA,t2,zeguo-2005:historical:knowledge
analysis_phase_scores,questionnaire_presence_status,zeguo-2005,245,NA,unknown,absent,NA,t2,zeguo-2005:historical:knowledge
analysis_phase_scores,questionnaire_presence_status,zeguo-2005,259,NA,unknown,absent,NA,t2,zeguo-2005:historical:knowledge
analysis_phase_scores,questionnaire_presence_status,zeguo-2005,173,NA,unknown,absent,NA,t2,zeguo-2005:historical:knowledge
analysis_phase_scores,questionnaire_presence_status,zeguo-2005,140,NA,unknown,absent,NA,t2,zeguo-2005:historical:knowledge
analysis_phase_scores,questionnaire_presence_status,zeguo-2005,182,NA,unknown,absent,NA,t2,zeguo-2005:historical:knowledge
analysis_phase_scores,questionnaire_presence_status,zeguo-2005,115,NA,unknown,absent,NA,t2,zeguo-2005:historical:knowledge
analysis_phase_scores,questionnaire_presence_status,zeguo-2005,46,NA,unknown,absent,NA,t2,zeguo-2005:historical:knowledge
analysis_phase_scores,questionnaire_presence_status,zeguo-2005,71,NA,unknown,absent,NA,t2,zeguo-2005:historical:knowledge
analysis_phase_scores,questionnaire_presence_status,zeguo-2005,158,NA,unknown,absent,NA,t2,zeguo-2005:historical:knowledge
analysis_phase_scores,questionnaire_presence_status,zeguo-2005,70,NA,unknown,absent,NA,t2,zeguo-2005:historical:knowledge
analysis_phase_scores,questionnaire_presence_status,zeguo-2005,238,NA,unknown,absent,NA,t2,zeguo-2005:historical:knowledge
analysis_phase_scores,questionnaire_presence_status,zeguo-2005,213,NA,unknown,absent,NA,t2,zeguo-2005:historical:knowledge
analysis_phase_scores,questionnaire_presence_status,zeguo-2005,224,NA,unknown,absent,NA,t2,zeguo-2005:historical:knowledge
analysis_phase_scores,questionnaire_presence_status,zeguo-2005,102,NA,unknown,absent,NA,t2,zeguo-2005:historical:knowledge
analysis_phase_scores,questionnaire_presence_status,zeguo-2005,265,NA,unknown,absent,NA,t2,zeguo-2005:historical:knowledge
analysis_phase_scores,questionnaire_presence_status,zeguo-2005,128,NA,unknown,absent,NA,t2,zeguo-2005:historical:knowledge
analysis_phase_scores,questionnaire_presence_status,zeguo-2005,225,NA,unknown,absent,NA,t2,zeguo-2005:historical:knowledge
analysis_phase_scores,questionnaire_presence_status,zeguo-2005,164,NA,unknown,absent,NA,t2,zeguo-2005:historical:knowledge
analysis_phase_scores,questionnaire_presence_status,zeguo-2005,162,NA,unknown,absent,NA,t2,zeguo-2005:historical:knowledge
analysis_phase_scores,questionnaire_presence_status,zeguo-2005,221,NA,unknown,absent,NA,t2,zeguo-2005:historical:knowledge
analysis_phase_scores,questionnaire_presence_status,zeguo-2005,232,NA,unknown,absent,NA,t2,zeguo-2005:historical:knowledge
analysis_phase_scores,questionnaire_presence_status,zeguo-2005,219,NA,unknown,absent,NA,t2,zeguo-2005:historical:knowledge
analysis_phase_scores,questionnaire_presence_status,zeguo-2005,155,NA,unknown,absent,NA,t2,zeguo-2005:historical:knowledge
analysis_phase_scores,questionnaire_presence_status,zeguo-2005,99,NA,unknown,absent,NA,t2,zeguo-2005:historical:knowledge
analysis_phase_scores,questionnaire_presence_status,zeguo-2005,169,NA,unknown,absent,NA,t2,zeguo-2005:historical:knowledge
analysis_phase_scores,questionnaire_presence_status,zeguo-2005,31,NA,unknown,absent,NA,t2,zeguo-2005:historical:knowledge
analysis_phase_scores,questionnaire_presence_status,zeguo-2005,166,NA,unknown,absent,NA,t2,zeguo-2005:historical:knowledge
analysis_phase_item_responses,correct,zeguo-2005,241,NA,0,NA,knowledge_001,t2,zeguo-2005:historical:knowledge
analysis_phase_item_responses,correct,zeguo-2005,241,NA,0,NA,knowledge_002,t2,zeguo-2005:historical:knowledge
analysis_phase_item_responses,correct,zeguo-2005,241,NA,0,NA,knowledge_003,t2,zeguo-2005:historical:knowledge
analysis_phase_item_responses,correct,zeguo-2005,241,NA,0,NA,knowledge_004,t2,zeguo-2005:historical:knowledge
analysis_phase_item_responses,correct,zeguo-2005,244,NA,0,NA,knowledge_001,t2,zeguo-2005:historical:knowledge
analysis_phase_item_responses,correct,zeguo-2005,244,NA,0,NA,knowledge_002,t2,zeguo-2005:historical:knowledge
analysis_phase_item_responses,correct,zeguo-2005,244,NA,0,NA,knowledge_003,t2,zeguo-2005:historical:knowledge
analysis_phase_item_responses,correct,zeguo-2005,244,NA,0,NA,knowledge_004,t2,zeguo-2005:historical:knowledge
analysis_phase_item_responses,correct,zeguo-2005,266,NA,0,NA,knowledge_001,t2,zeguo-2005:historical:knowledge
analysis_phase_item_responses,correct,zeguo-2005,266,NA,0,NA,knowledge_002,t2,zeguo-2005:historical:knowledge
analysis_phase_item_responses,correct,zeguo-2005,266,NA,0,NA,knowledge_003,t2,zeguo-2005:historical:knowledge
analysis_phase_item_responses,correct,zeguo-2005,266,NA,0,NA,knowledge_004,t2,zeguo-2005:historical:knowledge
analysis_phase_item_responses,correct,zeguo-2005,44,NA,0,NA,knowledge_001,t2,zeguo-2005:historical:knowledge
analysis_phase_item_responses,correct,zeguo-2005,44,NA,0,NA,knowledge_002,t2,zeguo-2005:historical:knowledge
analysis_phase_item_responses,correct,zeguo-2005,44,NA,0,NA,knowledge_003,t2,zeguo-2005:historical:knowledge
analysis_phase_item_responses,correct,zeguo-2005,44,NA,0,NA,knowledge_004,t2,zeguo-2005:historical:knowledge
analysis_phase_item_responses,correct,zeguo-2005,29,NA,0,NA,knowledge_001,t2,zeguo-2005:historical:knowledge
analysis_phase_item_responses,correct,zeguo-2005,29,NA,0,NA,knowledge_002,t2,zeguo-2005:historical:knowledge
analysis_phase_item_responses,correct,zeguo-2005,29,NA,0,NA,knowledge_003,t2,zeguo-2005:historical:knowledge
analysis_phase_item_responses,correct,zeguo-2005,29,NA,0,NA,knowledge_004,t2,zeguo-2005:historical:knowledge
analysis_phase_item_responses,correct,zeguo-2005,269,NA,0,NA,knowledge_001,t2,zeguo-2005:historical:knowledge
analysis_phase_item_responses,correct,zeguo-2005,269,NA,0,NA,knowledge_002,t2,zeguo-2005:historical:knowledge
analysis_phase_item_responses,correct,zeguo-2005,269,NA,0,NA,knowledge_003,t2,zeguo-2005:historical:knowledge
analysis_phase_item_responses,correct,zeguo-2005,269,NA,0,NA,knowledge_004,t2,zeguo-2005:historical:knowledge
analysis_phase_item_responses,correct,zeguo-2005,246,NA,0,NA,knowledge_001,t2,zeguo-2005:historical:knowledge
analysis_phase_item_responses,correct,zeguo-2005,246,NA,0,NA,knowledge_002,t2,zeguo-2005:historical:knowledge
analysis_phase_item_responses,correct,zeguo-2005,246,NA,0,NA,knowledge_003,t2,zeguo-2005:historical:knowledge
analysis_phase_item_responses,correct,zeguo-2005,246,NA,0,NA,knowledge_004,t2,zeguo-2005:historical:knowledge
analysis_phase_item_responses,correct,zeguo-2005,245,NA,0,NA,knowledge_001,t2,zeguo-2005:historical:knowledge
analysis_phase_item_responses,correct,zeguo-2005,245,NA,0,NA,knowledge_002,t2,zeguo-2005:historical:knowledge
analysis_phase_item_responses,correct,zeguo-2005,245,NA,0,NA,knowledge_003,t2,zeguo-2005:historical:knowledge
analysis_phase_item_responses,correct,zeguo-2005,245,NA,0,NA,knowledge_004,t2,zeguo-2005:historical:knowledge
analysis_phase_item_responses,correct,zeguo-2005,259,NA,0,NA,knowledge_001,t2,zeguo-2005:historical:knowledge
analysis_phase_item_responses,correct,zeguo-2005,259,NA,0,NA,knowledge_002,t2,zeguo-2005:historical:knowledge
analysis_phase_item_responses,correct,zeguo-2005,259,NA,0,NA,knowledge_003,t2,zeguo-2005:historical:knowledge
analysis_phase_item_responses,correct,zeguo-2005,259,NA,0,NA,knowledge_004,t2,zeguo-2005:historical:knowledge
analysis_phase_item_responses,correct,zeguo-2005,173,NA,0,NA,knowledge_001,t2,zeguo-2005:historical:knowledge
analysis_phase_item_responses,correct,zeguo-2005,173,NA,0,NA,knowledge_002,t2,zeguo-2005:historical:knowledge
analysis_phase_item_responses,correct,zeguo-2005,173,NA,0,NA,knowledge_003,t2,zeguo-2005:historical:knowledge
analysis_phase_item_responses,correct,zeguo-2005,173,NA,0,NA,knowledge_004,t2,zeguo-2005:historical:knowledge
analysis_phase_item_responses,correct,zeguo-2005,140,NA,0,NA,knowledge_001,t2,zeguo-2005:historical:knowledge
analysis_phase_item_responses,correct,zeguo-2005,140,NA,0,NA,knowledge_002,t2,zeguo-2005:historical:knowledge
analysis_phase_item_responses,correct,zeguo-2005,140,NA,0,NA,knowledge_003,t2,zeguo-2005:historical:knowledge
analysis_phase_item_responses,correct,zeguo-2005,140,NA,0,NA,knowledge_004,t2,zeguo-2005:historical:knowledge
analysis_phase_item_responses,correct,zeguo-2005,182,NA,0,NA,knowledge_001,t2,zeguo-2005:historical:knowledge
analysis_phase_item_responses,correct,zeguo-2005,182,NA,0,NA,knowledge_002,t2,zeguo-2005:historical:knowledge
analysis_phase_item_responses,correct,zeguo-2005,182,NA,0,NA,knowledge_003,t2,zeguo-2005:historical:knowledge
analysis_phase_item_responses,correct,zeguo-2005,182,NA,0,NA,knowledge_004,t2,zeguo-2005:historical:knowledge
analysis_phase_item_responses,correct,zeguo-2005,115,NA,0,NA,knowledge_001,t2,zeguo-2005:historical:knowledge
analysis_phase_item_responses,correct,zeguo-2005,115,NA,0,NA,knowledge_002,t2,zeguo-2005:historical:knowledge
analysis_phase_item_responses,correct,zeguo-2005,115,NA,0,NA,knowledge_003,t2,zeguo-2005:historical:knowledge
analysis_phase_item_responses,correct,zeguo-2005,115,NA,0,NA,knowledge_004,t2,zeguo-2005:historical:knowledge
analysis_phase_item_responses,correct,zeguo-2005,46,NA,0,NA,knowledge_001,t2,zeguo-2005:historical:knowledge
analysis_phase_item_responses,correct,zeguo-2005,46,NA,0,NA,knowledge_002,t2,zeguo-2005:historical:knowledge
analysis_phase_item_responses,correct,zeguo-2005,46,NA,0,NA,knowledge_003,t2,zeguo-2005:historical:knowledge
analysis_phase_item_responses,correct,zeguo-2005,46,NA,0,NA,knowledge_004,t2,zeguo-2005:historical:knowledge
analysis_phase_item_responses,correct,zeguo-2005,71,NA,0,NA,knowledge_001,t2,zeguo-2005:historical:knowledge
analysis_phase_item_responses,correct,zeguo-2005,71,NA,0,NA,knowledge_002,t2,zeguo-2005:historical:knowledge
analysis_phase_item_responses,correct,zeguo-2005,71,NA,0,NA,knowledge_003,t2,zeguo-2005:historical:knowledge
analysis_phase_item_responses,correct,zeguo-2005,71,NA,0,NA,knowledge_004,t2,zeguo-2005:historical:knowledge
analysis_phase_item_responses,correct,zeguo-2005,158,NA,0,NA,knowledge_001,t2,zeguo-2005:historical:knowledge
analysis_phase_item_responses,correct,zeguo-2005,158,NA,0,NA,knowledge_002,t2,zeguo-2005:historical:knowledge
analysis_phase_item_responses,correct,zeguo-2005,158,NA,0,NA,knowledge_003,t2,zeguo-2005:historical:knowledge
analysis_phase_item_responses,correct,zeguo-2005,158,NA,0,NA,knowledge_004,t2,zeguo-2005:historical:knowledge
analysis_phase_item_responses,correct,zeguo-2005,70,NA,0,NA,knowledge_001,t2,zeguo-2005:historical:knowledge
analysis_phase_item_responses,correct,zeguo-2005,70,NA,0,NA,knowledge_002,t2,zeguo-2005:historical:knowledge
analysis_phase_item_responses,correct,zeguo-2005,70,NA,0,NA,knowledge_003,t2,zeguo-2005:historical:knowledge
analysis_phase_item_responses,correct,zeguo-2005,70,NA,0,NA,knowledge_004,t2,zeguo-2005:historical:knowledge
analysis_phase_item_responses,correct,zeguo-2005,238,NA,0,NA,knowledge_001,t2,zeguo-2005:historical:knowledge
analysis_phase_item_responses,correct,zeguo-2005,238,NA,0,NA,knowledge_002,t2,zeguo-2005:historical:knowledge
analysis_phase_item_responses,correct,zeguo-2005,238,NA,0,NA,knowledge_003,t2,zeguo-2005:historical:knowledge
analysis_phase_item_responses,correct,zeguo-2005,238,NA,0,NA,knowledge_004,t2,zeguo-2005:historical:knowledge
analysis_phase_item_responses,correct,zeguo-2005,213,NA,0,NA,knowledge_001,t2,zeguo-2005:historical:knowledge
analysis_phase_item_responses,correct,zeguo-2005,213,NA,0,NA,knowledge_002,t2,zeguo-2005:historical:knowledge
analysis_phase_item_responses,correct,zeguo-2005,213,NA,0,NA,knowledge_003,t2,zeguo-2005:historical:knowledge
analysis_phase_item_responses,correct,zeguo-2005,213,NA,0,NA,knowledge_004,t2,zeguo-2005:historical:knowledge
analysis_phase_item_responses,correct,zeguo-2005,224,NA,0,NA,knowledge_001,t2,zeguo-2005:historical:knowledge
analysis_phase_item_responses,correct,zeguo-2005,224,NA,0,NA,knowledge_002,t2,zeguo-2005:historical:knowledge
analysis_phase_item_responses,correct,zeguo-2005,224,NA,0,NA,knowledge_003,t2,zeguo-2005:historical:knowledge
analysis_phase_item_responses,correct,zeguo-2005,224,NA,0,NA,knowledge_004,t2,zeguo-2005:historical:knowledge
analysis_phase_item_responses,correct,zeguo-2005,102,NA,0,NA,knowledge_001,t2,zeguo-2005:historical:knowledge
analysis_phase_item_responses,correct,zeguo-2005,102,NA,0,NA,knowledge_002,t2,zeguo-2005:historical:knowledge
analysis_phase_item_responses,correct,zeguo-2005,102,NA,0,NA,knowledge_003,t2,zeguo-2005:historical:knowledge
analysis_phase_item_responses,correct,zeguo-2005,102,NA,0,NA,knowledge_004,t2,zeguo-2005:historical:knowledge
analysis_phase_item_responses,correct,zeguo-2005,265,NA,0,NA,knowledge_001,t2,zeguo-2005:historical:knowledge
analysis_phase_item_responses,correct,zeguo-2005,265,NA,0,NA,knowledge_002,t2,zeguo-2005:historical:knowledge
analysis_phase_item_responses,correct,zeguo-2005,265,NA,0,NA,knowledge_003,t2,zeguo-2005:historical:knowledge
analysis_phase_item_responses,correct,zeguo-2005,265,NA,0,NA,knowledge_004,t2,zeguo-2005:historical:knowledge
analysis_phase_item_responses,correct,zeguo-2005,128,NA,0,NA,knowledge_001,t2,zeguo-2005:historical:knowledge
analysis_phase_item_responses,correct,zeguo-2005,128,NA,0,NA,knowledge_002,t2,zeguo-2005:historical:knowledge
analysis_phase_item_responses,correct,zeguo-2005,128,NA,0,NA,knowledge_003,t2,zeguo-2005:historical:knowledge
analysis_phase_item_responses,correct,zeguo-2005,128,NA,0,NA,knowledge_004,t2,zeguo-2005:historical:knowledge
analysis_phase_item_responses,correct,zeguo-2005,225,NA,0,NA,knowledge_001,t2,zeguo-2005:historical:knowledge
analysis_phase_item_responses,correct,zeguo-2005,225,NA,0,NA,knowledge_002,t2,zeguo-2005:historical:knowledge
analysis_phase_item_responses,correct,zeguo-2005,225,NA,0,NA,knowledge_003,t2,zeguo-2005:historical:knowledge
analysis_phase_item_responses,correct,zeguo-2005,225,NA,0,NA,knowledge_004,t2,zeguo-2005:historical:knowledge
analysis_phase_item_responses,correct,zeguo-2005,164,NA,0,NA,knowledge_001,t2,zeguo-2005:historical:knowledge
analysis_phase_item_responses,correct,zeguo-2005,164,NA,0,NA,knowledge_002,t2,zeguo-2005:historical:knowledge
analysis_phase_item_responses,correct,zeguo-2005,164,NA,0,NA,knowledge_003,t2,zeguo-2005:historical:knowledge
analysis_phase_item_responses,correct,zeguo-2005,164,NA,0,NA,knowledge_004,t2,zeguo-2005:historical:knowledge
analysis_phase_item_responses,correct,zeguo-2005,162,NA,0,NA,knowledge_001,t2,zeguo-2005:historical:knowledge
analysis_phase_item_responses,correct,zeguo-2005,162,NA,0,NA,knowledge_002,t2,zeguo-2005:historical:knowledge
analysis_phase_item_responses,correct,zeguo-2005,162,NA,0,NA,knowledge_003,t2,zeguo-2005:historical:knowledge
analysis_phase_item_responses,correct,zeguo-2005,162,NA,0,NA,knowledge_004,t2,zeguo-2005:historical:knowledge
analysis_phase_item_responses,correct,zeguo-2005,221,NA,0,NA,knowledge_001,t2,zeguo-2005:historical:knowledge
analysis_phase_item_responses,correct,zeguo-2005,221,NA,0,NA,knowledge_002,t2,zeguo-2005:historical:knowledge
analysis_phase_item_responses,correct,zeguo-2005,221,NA,0,NA,knowledge_003,t2,zeguo-2005:historical:knowledge
analysis_phase_item_responses,correct,zeguo-2005,221,NA,0,NA,knowledge_004,t2,zeguo-2005:historical:knowledge
analysis_phase_item_responses,correct,zeguo-2005,232,NA,0,NA,knowledge_001,t2,zeguo-2005:historical:knowledge
analysis_phase_item_responses,correct,zeguo-2005,232,NA,0,NA,knowledge_002,t2,zeguo-2005:historical:knowledge
analysis_phase_item_responses,correct,zeguo-2005,232,NA,0,NA,knowledge_003,t2,zeguo-2005:historical:knowledge
analysis_phase_item_responses,correct,zeguo-2005,232,NA,0,NA,knowledge_004,t2,zeguo-2005:historical:knowledge
analysis_phase_item_responses,correct,zeguo-2005,219,NA,0,NA,knowledge_001,t2,zeguo-2005:historical:knowledge
analysis_phase_item_responses,correct,zeguo-2005,219,NA,0,NA,knowledge_002,t2,zeguo-2005:historical:knowledge
analysis_phase_item_responses,correct,zeguo-2005,219,NA,0,NA,knowledge_003,t2,zeguo-2005:historical:knowledge
analysis_phase_item_responses,correct,zeguo-2005,219,NA,0,NA,knowledge_004,t2,zeguo-2005:historical:knowledge
analysis_phase_item_responses,correct,zeguo-2005,155,NA,0,NA,knowledge_001,t2,zeguo-2005:historical:knowledge
analysis_phase_item_responses,correct,zeguo-2005,155,NA,0,NA,knowledge_002,t2,zeguo-2005:historical:knowledge
analysis_phase_item_responses,correct,zeguo-2005,155,NA,0,NA,knowledge_003,t2,zeguo-2005:historical:knowledge
analysis_phase_item_responses,correct,zeguo-2005,155,NA,0,NA,knowledge_004,t2,zeguo-2005:historical:knowledge
analysis_phase_item_responses,correct,zeguo-2005,99,NA,0,NA,knowledge_001,t2,zeguo-2005:historical:knowledge
analysis_phase_item_responses,correct,zeguo-2005,99,NA,0,NA,knowledge_002,t2,zeguo-2005:historical:knowledge
analysis_phase_item_responses,correct,zeguo-2005,99,NA,0,NA,knowledge_003,t2,zeguo-2005:historical:knowledge
analysis_phase_item_responses,correct,zeguo-2005,99,NA,0,NA,knowledge_004,t2,zeguo-2005:historical:knowledge
analysis_phase_item_responses,correct,zeguo-2005,169,NA,0,NA,knowledge_001,t2,zeguo-2005:historical:knowledge
analysis_phase_item_responses,correct,zeguo-2005,169,NA,0,NA,knowledge_002,t2,zeguo-2005:historical:knowledge
analysis_phase_item_responses,correct,zeguo-2005,169,NA,0,NA,knowledge_003,t2,zeguo-2005:historical:knowledge
analysis_phase_item_responses,correct,zeguo-2005,169,NA,0,NA,knowledge_004,t2,zeguo-2005:historical:knowledge
analysis_phase_item_responses,correct,zeguo-2005,31,NA,0,NA,knowledge_001,t2,zeguo-2005:historical:knowledge
analysis_phase_item_responses,correct,zeguo-2005,31,NA,0,NA,knowledge_002,t2,zeguo-2005:historical:knowledge
analysis_phase_item_responses,correct,zeguo-2005,31,NA,0,NA,knowledge_003,t2,zeguo-2005:historical:knowledge
analysis_phase_item_responses,correct,zeguo-2005,31,NA,0,NA,knowledge_004,t2,zeguo-2005:historical:knowledge
analysis_phase_item_responses,correct,zeguo-2005,166,NA,0,NA,knowledge_001,t2,zeguo-2005:historical:knowledge
analysis_phase_item_responses,correct,zeguo-2005,166,NA,0,NA,knowledge_002,t2,zeguo-2005:historical:knowledge
analysis_phase_item_responses,correct,zeguo-2005,166,NA,0,NA,knowledge_003,t2,zeguo-2005:historical:knowledge
analysis_phase_item_responses,correct,zeguo-2005,166,NA,0,NA,knowledge_004,t2,zeguo-2005:historical:knowledge
analysis_phase_item_responses,response_status,zeguo-2005,241,NA,scored,wave_absent,knowledge_001,t2,zeguo-2005:historical:knowledge
analysis_phase_item_responses,response_status,zeguo-2005,241,NA,scored,wave_absent,knowledge_002,t2,zeguo-2005:historical:knowledge
analysis_phase_item_responses,response_status,zeguo-2005,241,NA,scored,wave_absent,knowledge_003,t2,zeguo-2005:historical:knowledge
analysis_phase_item_responses,response_status,zeguo-2005,241,NA,scored,wave_absent,knowledge_004,t2,zeguo-2005:historical:knowledge
analysis_phase_item_responses,response_status,zeguo-2005,244,NA,scored,wave_absent,knowledge_001,t2,zeguo-2005:historical:knowledge
analysis_phase_item_responses,response_status,zeguo-2005,244,NA,scored,wave_absent,knowledge_002,t2,zeguo-2005:historical:knowledge
analysis_phase_item_responses,response_status,zeguo-2005,244,NA,scored,wave_absent,knowledge_003,t2,zeguo-2005:historical:knowledge
analysis_phase_item_responses,response_status,zeguo-2005,244,NA,scored,wave_absent,knowledge_004,t2,zeguo-2005:historical:knowledge
analysis_phase_item_responses,response_status,zeguo-2005,266,NA,scored,wave_absent,knowledge_001,t2,zeguo-2005:historical:knowledge
analysis_phase_item_responses,response_status,zeguo-2005,266,NA,scored,wave_absent,knowledge_002,t2,zeguo-2005:historical:knowledge
analysis_phase_item_responses,response_status,zeguo-2005,266,NA,scored,wave_absent,knowledge_003,t2,zeguo-2005:historical:knowledge
analysis_phase_item_responses,response_status,zeguo-2005,266,NA,scored,wave_absent,knowledge_004,t2,zeguo-2005:historical:knowledge
analysis_phase_item_responses,response_status,zeguo-2005,44,NA,scored,wave_absent,knowledge_001,t2,zeguo-2005:historical:knowledge
analysis_phase_item_responses,response_status,zeguo-2005,44,NA,scored,wave_absent,knowledge_002,t2,zeguo-2005:historical:knowledge
analysis_phase_item_responses,response_status,zeguo-2005,44,NA,scored,wave_absent,knowledge_003,t2,zeguo-2005:historical:knowledge
analysis_phase_item_responses,response_status,zeguo-2005,44,NA,scored,wave_absent,knowledge_004,t2,zeguo-2005:historical:knowledge
analysis_phase_item_responses,response_status,zeguo-2005,29,NA,scored,wave_absent,knowledge_001,t2,zeguo-2005:historical:knowledge
analysis_phase_item_responses,response_status,zeguo-2005,29,NA,scored,wave_absent,knowledge_002,t2,zeguo-2005:historical:knowledge
analysis_phase_item_responses,response_status,zeguo-2005,29,NA,scored,wave_absent,knowledge_003,t2,zeguo-2005:historical:knowledge
analysis_phase_item_responses,response_status,zeguo-2005,29,NA,scored,wave_absent,knowledge_004,t2,zeguo-2005:historical:knowledge
analysis_phase_item_responses,response_status,zeguo-2005,269,NA,scored,wave_absent,knowledge_001,t2,zeguo-2005:historical:knowledge
analysis_phase_item_responses,response_status,zeguo-2005,269,NA,scored,wave_absent,knowledge_002,t2,zeguo-2005:historical:knowledge
analysis_phase_item_responses,response_status,zeguo-2005,269,NA,scored,wave_absent,knowledge_003,t2,zeguo-2005:historical:knowledge
analysis_phase_item_responses,response_status,zeguo-2005,269,NA,scored,wave_absent,knowledge_004,t2,zeguo-2005:historical:knowledge
analysis_phase_item_responses,response_status,zeguo-2005,246,NA,scored,wave_absent,knowledge_001,t2,zeguo-2005:historical:knowledge
analysis_phase_item_responses,response_status,zeguo-2005,246,NA,scored,wave_absent,knowledge_002,t2,zeguo-2005:historical:knowledge
analysis_phase_item_responses,response_status,zeguo-2005,246,NA,scored,wave_absent,knowledge_003,t2,zeguo-2005:historical:knowledge
analysis_phase_item_responses,response_status,zeguo-2005,246,NA,scored,wave_absent,knowledge_004,t2,zeguo-2005:historical:knowledge
analysis_phase_item_responses,response_status,zeguo-2005,245,NA,scored,wave_absent,knowledge_001,t2,zeguo-2005:historical:knowledge
analysis_phase_item_responses,response_status,zeguo-2005,245,NA,scored,wave_absent,knowledge_002,t2,zeguo-2005:historical:knowledge
analysis_phase_item_responses,response_status,zeguo-2005,245,NA,scored,wave_absent,knowledge_003,t2,zeguo-2005:historical:knowledge
analysis_phase_item_responses,response_status,zeguo-2005,245,NA,scored,wave_absent,knowledge_004,t2,zeguo-2005:historical:knowledge
analysis_phase_item_responses,response_status,zeguo-2005,259,NA,scored,wave_absent,knowledge_001,t2,zeguo-2005:historical:knowledge
analysis_phase_item_responses,response_status,zeguo-2005,259,NA,scored,wave_absent,knowledge_002,t2,zeguo-2005:historical:knowledge
analysis_phase_item_responses,response_status,zeguo-2005,259,NA,scored,wave_absent,knowledge_003,t2,zeguo-2005:historical:knowledge
analysis_phase_item_responses,response_status,zeguo-2005,259,NA,scored,wave_absent,knowledge_004,t2,zeguo-2005:historical:knowledge
analysis_phase_item_responses,response_status,zeguo-2005,173,NA,scored,wave_absent,knowledge_001,t2,zeguo-2005:historical:knowledge
analysis_phase_item_responses,response_status,zeguo-2005,173,NA,scored,wave_absent,knowledge_002,t2,zeguo-2005:historical:knowledge
analysis_phase_item_responses,response_status,zeguo-2005,173,NA,scored,wave_absent,knowledge_003,t2,zeguo-2005:historical:knowledge
analysis_phase_item_responses,response_status,zeguo-2005,173,NA,scored,wave_absent,knowledge_004,t2,zeguo-2005:historical:knowledge
analysis_phase_item_responses,response_status,zeguo-2005,140,NA,scored,wave_absent,knowledge_001,t2,zeguo-2005:historical:knowledge
analysis_phase_item_responses,response_status,zeguo-2005,140,NA,scored,wave_absent,knowledge_002,t2,zeguo-2005:historical:knowledge
analysis_phase_item_responses,response_status,zeguo-2005,140,NA,scored,wave_absent,knowledge_003,t2,zeguo-2005:historical:knowledge
analysis_phase_item_responses,response_status,zeguo-2005,140,NA,scored,wave_absent,knowledge_004,t2,zeguo-2005:historical:knowledge
analysis_phase_item_responses,response_status,zeguo-2005,182,NA,scored,wave_absent,knowledge_001,t2,zeguo-2005:historical:knowledge
analysis_phase_item_responses,response_status,zeguo-2005,182,NA,scored,wave_absent,knowledge_002,t2,zeguo-2005:historical:knowledge
analysis_phase_item_responses,response_status,zeguo-2005,182,NA,scored,wave_absent,knowledge_003,t2,zeguo-2005:historical:knowledge
analysis_phase_item_responses,response_status,zeguo-2005,182,NA,scored,wave_absent,knowledge_004,t2,zeguo-2005:historical:knowledge
analysis_phase_item_responses,response_status,zeguo-2005,115,NA,scored,wave_absent,knowledge_001,t2,zeguo-2005:historical:knowledge
analysis_phase_item_responses,response_status,zeguo-2005,115,NA,scored,wave_absent,knowledge_002,t2,zeguo-2005:historical:knowledge
analysis_phase_item_responses,response_status,zeguo-2005,115,NA,scored,wave_absent,knowledge_003,t2,zeguo-2005:historical:knowledge
analysis_phase_item_responses,response_status,zeguo-2005,115,NA,scored,wave_absent,knowledge_004,t2,zeguo-2005:historical:knowledge
analysis_phase_item_responses,response_status,zeguo-2005,46,NA,scored,wave_absent,knowledge_001,t2,zeguo-2005:historical:knowledge
analysis_phase_item_responses,response_status,zeguo-2005,46,NA,scored,wave_absent,knowledge_002,t2,zeguo-2005:historical:knowledge
analysis_phase_item_responses,response_status,zeguo-2005,46,NA,scored,wave_absent,knowledge_003,t2,zeguo-2005:historical:knowledge
analysis_phase_item_responses,response_status,zeguo-2005,46,NA,scored,wave_absent,knowledge_004,t2,zeguo-2005:historical:knowledge
analysis_phase_item_responses,response_status,zeguo-2005,71,NA,scored,wave_absent,knowledge_001,t2,zeguo-2005:historical:knowledge
analysis_phase_item_responses,response_status,zeguo-2005,71,NA,scored,wave_absent,knowledge_002,t2,zeguo-2005:historical:knowledge
analysis_phase_item_responses,response_status,zeguo-2005,71,NA,scored,wave_absent,knowledge_003,t2,zeguo-2005:historical:knowledge
analysis_phase_item_responses,response_status,zeguo-2005,71,NA,scored,wave_absent,knowledge_004,t2,zeguo-2005:historical:knowledge
analysis_phase_item_responses,response_status,zeguo-2005,158,NA,scored,wave_absent,knowledge_001,t2,zeguo-2005:historical:knowledge
analysis_phase_item_responses,response_status,zeguo-2005,158,NA,scored,wave_absent,knowledge_002,t2,zeguo-2005:historical:knowledge
analysis_phase_item_responses,response_status,zeguo-2005,158,NA,scored,wave_absent,knowledge_003,t2,zeguo-2005:historical:knowledge
analysis_phase_item_responses,response_status,zeguo-2005,158,NA,scored,wave_absent,knowledge_004,t2,zeguo-2005:historical:knowledge
analysis_phase_item_responses,response_status,zeguo-2005,70,NA,scored,wave_absent,knowledge_001,t2,zeguo-2005:historical:knowledge
analysis_phase_item_responses,response_status,zeguo-2005,70,NA,scored,wave_absent,knowledge_002,t2,zeguo-2005:historical:knowledge
analysis_phase_item_responses,response_status,zeguo-2005,70,NA,scored,wave_absent,knowledge_003,t2,zeguo-2005:historical:knowledge
analysis_phase_item_responses,response_status,zeguo-2005,70,NA,scored,wave_absent,knowledge_004,t2,zeguo-2005:historical:knowledge
analysis_phase_item_responses,response_status,zeguo-2005,238,NA,scored,wave_absent,knowledge_001,t2,zeguo-2005:historical:knowledge
analysis_phase_item_responses,response_status,zeguo-2005,238,NA,scored,wave_absent,knowledge_002,t2,zeguo-2005:historical:knowledge
analysis_phase_item_responses,response_status,zeguo-2005,238,NA,scored,wave_absent,knowledge_003,t2,zeguo-2005:historical:knowledge
analysis_phase_item_responses,response_status,zeguo-2005,238,NA,scored,wave_absent,knowledge_004,t2,zeguo-2005:historical:knowledge
analysis_phase_item_responses,response_status,zeguo-2005,213,NA,scored,wave_absent,knowledge_001,t2,zeguo-2005:historical:knowledge
analysis_phase_item_responses,response_status,zeguo-2005,213,NA,scored,wave_absent,knowledge_002,t2,zeguo-2005:historical:knowledge
analysis_phase_item_responses,response_status,zeguo-2005,213,NA,scored,wave_absent,knowledge_003,t2,zeguo-2005:historical:knowledge
analysis_phase_item_responses,response_status,zeguo-2005,213,NA,scored,wave_absent,knowledge_004,t2,zeguo-2005:historical:knowledge
analysis_phase_item_responses,response_status,zeguo-2005,224,NA,scored,wave_absent,knowledge_001,t2,zeguo-2005:historical:knowledge
analysis_phase_item_responses,response_status,zeguo-2005,224,NA,scored,wave_absent,knowledge_002,t2,zeguo-2005:historical:knowledge
analysis_phase_item_responses,response_status,zeguo-2005,224,NA,scored,wave_absent,knowledge_003,t2,zeguo-2005:historical:knowledge
analysis_phase_item_responses,response_status,zeguo-2005,224,NA,scored,wave_absent,knowledge_004,t2,zeguo-2005:historical:knowledge
analysis_phase_item_responses,response_status,zeguo-2005,102,NA,scored,wave_absent,knowledge_001,t2,zeguo-2005:historical:knowledge
analysis_phase_item_responses,response_status,zeguo-2005,102,NA,scored,wave_absent,knowledge_002,t2,zeguo-2005:historical:knowledge
analysis_phase_item_responses,response_status,zeguo-2005,102,NA,scored,wave_absent,knowledge_003,t2,zeguo-2005:historical:knowledge
analysis_phase_item_responses,response_status,zeguo-2005,102,NA,scored,wave_absent,knowledge_004,t2,zeguo-2005:historical:knowledge
analysis_phase_item_responses,response_status,zeguo-2005,265,NA,scored,wave_absent,knowledge_001,t2,zeguo-2005:historical:knowledge
analysis_phase_item_responses,response_status,zeguo-2005,265,NA,scored,wave_absent,knowledge_002,t2,zeguo-2005:historical:knowledge
analysis_phase_item_responses,response_status,zeguo-2005,265,NA,scored,wave_absent,knowledge_003,t2,zeguo-2005:historical:knowledge
analysis_phase_item_responses,response_status,zeguo-2005,265,NA,scored,wave_absent,knowledge_004,t2,zeguo-2005:historical:knowledge
analysis_phase_item_responses,response_status,zeguo-2005,128,NA,scored,wave_absent,knowledge_001,t2,zeguo-2005:historical:knowledge
analysis_phase_item_responses,response_status,zeguo-2005,128,NA,scored,wave_absent,knowledge_002,t2,zeguo-2005:historical:knowledge
analysis_phase_item_responses,response_status,zeguo-2005,128,NA,scored,wave_absent,knowledge_003,t2,zeguo-2005:historical:knowledge
analysis_phase_item_responses,response_status,zeguo-2005,128,NA,scored,wave_absent,knowledge_004,t2,zeguo-2005:historical:knowledge
analysis_phase_item_responses,response_status,zeguo-2005,225,NA,scored,wave_absent,knowledge_001,t2,zeguo-2005:historical:knowledge
analysis_phase_item_responses,response_status,zeguo-2005,225,NA,scored,wave_absent,knowledge_002,t2,zeguo-2005:historical:knowledge
analysis_phase_item_responses,response_status,zeguo-2005,225,NA,scored,wave_absent,knowledge_003,t2,zeguo-2005:historical:knowledge
analysis_phase_item_responses,response_status,zeguo-2005,225,NA,scored,wave_absent,knowledge_004,t2,zeguo-2005:historical:knowledge
analysis_phase_item_responses,response_status,zeguo-2005,164,NA,scored,wave_absent,knowledge_001,t2,zeguo-2005:historical:knowledge
analysis_phase_item_responses,response_status,zeguo-2005,164,NA,scored,wave_absent,knowledge_002,t2,zeguo-2005:historical:knowledge
analysis_phase_item_responses,response_status,zeguo-2005,164,NA,scored,wave_absent,knowledge_003,t2,zeguo-2005:historical:knowledge
analysis_phase_item_responses,response_status,zeguo-2005,164,NA,scored,wave_absent,knowledge_004,t2,zeguo-2005:historical:knowledge
analysis_phase_item_responses,response_status,zeguo-2005,162,NA,scored,wave_absent,knowledge_001,t2,zeguo-2005:historical:knowledge
analysis_phase_item_responses,response_status,zeguo-2005,162,NA,scored,wave_absent,knowledge_002,t2,zeguo-2005:historical:knowledge
analysis_phase_item_responses,response_status,zeguo-2005,162,NA,scored,wave_absent,knowledge_003,t2,zeguo-2005:historical:knowledge
analysis_phase_item_responses,response_status,zeguo-2005,162,NA,scored,wave_absent,knowledge_004,t2,zeguo-2005:historical:knowledge
analysis_phase_item_responses,response_status,zeguo-2005,221,NA,scored,wave_absent,knowledge_001,t2,zeguo-2005:historical:knowledge
analysis_phase_item_responses,response_status,zeguo-2005,221,NA,scored,wave_absent,knowledge_002,t2,zeguo-2005:historical:knowledge
analysis_phase_item_responses,response_status,zeguo-2005,221,NA,scored,wave_absent,knowledge_003,t2,zeguo-2005:historical:knowledge
analysis_phase_item_responses,response_status,zeguo-2005,221,NA,scored,wave_absent,knowledge_004,t2,zeguo-2005:historical:knowledge
analysis_phase_item_responses,response_status,zeguo-2005,232,NA,scored,wave_absent,knowledge_001,t2,zeguo-2005:historical:knowledge
analysis_phase_item_responses,response_status,zeguo-2005,232,NA,scored,wave_absent,knowledge_002,t2,zeguo-2005:historical:knowledge
analysis_phase_item_responses,response_status,zeguo-2005,232,NA,scored,wave_absent,knowledge_003,t2,zeguo-2005:historical:knowledge
analysis_phase_item_responses,response_status,zeguo-2005,232,NA,scored,wave_absent,knowledge_004,t2,zeguo-2005:historical:knowledge
analysis_phase_item_responses,response_status,zeguo-2005,219,NA,scored,wave_absent,knowledge_001,t2,zeguo-2005:historical:knowledge
analysis_phase_item_responses,response_status,zeguo-2005,219,NA,scored,wave_absent,knowledge_002,t2,zeguo-2005:historical:knowledge
analysis_phase_item_responses,response_status,zeguo-2005,219,NA,scored,wave_absent,knowledge_003,t2,zeguo-2005:historical:knowledge
analysis_phase_item_responses,response_status,zeguo-2005,219,NA,scored,wave_absent,knowledge_004,t2,zeguo-2005:historical:knowledge
analysis_phase_item_responses,response_status,zeguo-2005,155,NA,scored,wave_absent,knowledge_001,t2,zeguo-2005:historical:knowledge
analysis_phase_item_responses,response_status,zeguo-2005,155,NA,scored,wave_absent,knowledge_002,t2,zeguo-2005:historical:knowledge
analysis_phase_item_responses,response_status,zeguo-2005,155,NA,scored,wave_absent,knowledge_003,t2,zeguo-2005:historical:knowledge
analysis_phase_item_responses,response_status,zeguo-2005,155,NA,scored,wave_absent,knowledge_004,t2,zeguo-2005:historical:knowledge
analysis_phase_item_responses,response_status,zeguo-2005,99,NA,scored,wave_absent,knowledge_001,t2,zeguo-2005:historical:knowledge
analysis_phase_item_responses,response_status,zeguo-2005,99,NA,scored,wave_absent,knowledge_002,t2,zeguo-2005:historical:knowledge
analysis_phase_item_responses,response_status,zeguo-2005,99,NA,scored,wave_absent,knowledge_003,t2,zeguo-2005:historical:knowledge
analysis_phase_item_responses,response_status,zeguo-2005,99,NA,scored,wave_absent,knowledge_004,t2,zeguo-2005:historical:knowledge
analysis_phase_item_responses,response_status,zeguo-2005,169,NA,scored,wave_absent,knowledge_001,t2,zeguo-2005:historical:knowledge
analysis_phase_item_responses,response_status,zeguo-2005,169,NA,scored,wave_absent,knowledge_002,t2,zeguo-2005:historical:knowledge
analysis_phase_item_responses,response_status,zeguo-2005,169,NA,scored,wave_absent,knowledge_003,t2,zeguo-2005:historical:knowledge
analysis_phase_item_responses,response_status,zeguo-2005,169,NA,scored,wave_absent,knowledge_004,t2,zeguo-2005:historical:knowledge
analysis_phase_item_responses,response_status,zeguo-2005,31,NA,scored,wave_absent,knowledge_001,t2,zeguo-2005:historical:knowledge
analysis_phase_item_responses,response_status,zeguo-2005,31,NA,scored,wave_absent,knowledge_002,t2,zeguo-2005:historical:knowledge
analysis_phase_item_responses,response_status,zeguo-2005,31,NA,scored,wave_absent,knowledge_003,t2,zeguo-2005:historical:knowledge
analysis_phase_item_responses,response_status,zeguo-2005,31,NA,scored,wave_absent,knowledge_004,t2,zeguo-2005:historical:knowledge
analysis_phase_item_responses,response_status,zeguo-2005,166,NA,scored,wave_absent,knowledge_001,t2,zeguo-2005:historical:knowledge
analysis_phase_item_responses,response_status,zeguo-2005,166,NA,scored,wave_absent,knowledge_002,t2,zeguo-2005:historical:knowledge
analysis_phase_item_responses,response_status,zeguo-2005,166,NA,scored,wave_absent,knowledge_003,t2,zeguo-2005:historical:knowledge
analysis_phase_item_responses,response_status,zeguo-2005,166,NA,scored,wave_absent,knowledge_004,t2,zeguo-2005:historical:knowledge
analysis_phase_item_responses,wave_observed,zeguo-2005,90,NA,NA,TRUE,knowledge_001,t2,zeguo-2005:historical:knowledge
analysis_phase_item_responses,wave_observed,zeguo-2005,90,NA,NA,TRUE,knowledge_002,t2,zeguo-2005:historical:knowledge
analysis_phase_item_responses,wave_observed,zeguo-2005,90,NA,NA,TRUE,knowledge_003,t2,zeguo-2005:historical:knowledge
analysis_phase_item_responses,wave_observed,zeguo-2005,90,NA,NA,TRUE,knowledge_004,t2,zeguo-2005:historical:knowledge
analysis_phase_item_responses,wave_observed,zeguo-2005,241,NA,NA,FALSE,knowledge_001,t2,zeguo-2005:historical:knowledge
analysis_phase_item_responses,wave_observed,zeguo-2005,241,NA,NA,FALSE,knowledge_002,t2,zeguo-2005:historical:knowledge
analysis_phase_item_responses,wave_observed,zeguo-2005,241,NA,NA,FALSE,knowledge_003,t2,zeguo-2005:historical:knowledge
analysis_phase_item_responses,wave_observed,zeguo-2005,241,NA,NA,FALSE,knowledge_004,t2,zeguo-2005:historical:knowledge
analysis_phase_item_responses,wave_observed,zeguo-2005,244,NA,NA,FALSE,knowledge_001,t2,zeguo-2005:historical:knowledge
analysis_phase_item_responses,wave_observed,zeguo-2005,244,NA,NA,FALSE,knowledge_002,t2,zeguo-2005:historical:knowledge
analysis_phase_item_responses,wave_observed,zeguo-2005,244,NA,NA,FALSE,knowledge_003,t2,zeguo-2005:historical:knowledge
analysis_phase_item_responses,wave_observed,zeguo-2005,244,NA,NA,FALSE,knowledge_004,t2,zeguo-2005:historical:knowledge
analysis_phase_item_responses,wave_observed,zeguo-2005,266,NA,NA,FALSE,knowledge_001,t2,zeguo-2005:historical:knowledge
analysis_phase_item_responses,wave_observed,zeguo-2005,266,NA,NA,FALSE,knowledge_002,t2,zeguo-2005:historical:knowledge
analysis_phase_item_responses,wave_observed,zeguo-2005,266,NA,NA,FALSE,knowledge_003,t2,zeguo-2005:historical:knowledge
analysis_phase_item_responses,wave_observed,zeguo-2005,266,NA,NA,FALSE,knowledge_004,t2,zeguo-2005:historical:knowledge
analysis_phase_item_responses,wave_observed,zeguo-2005,44,NA,NA,FALSE,knowledge_001,t2,zeguo-2005:historical:knowledge
analysis_phase_item_responses,wave_observed,zeguo-2005,44,NA,NA,FALSE,knowledge_002,t2,zeguo-2005:historical:knowledge
analysis_phase_item_responses,wave_observed,zeguo-2005,44,NA,NA,FALSE,knowledge_003,t2,zeguo-2005:historical:knowledge
analysis_phase_item_responses,wave_observed,zeguo-2005,44,NA,NA,FALSE,knowledge_004,t2,zeguo-2005:historical:knowledge
analysis_phase_item_responses,wave_observed,zeguo-2005,29,NA,NA,FALSE,knowledge_001,t2,zeguo-2005:historical:knowledge
analysis_phase_item_responses,wave_observed,zeguo-2005,29,NA,NA,FALSE,knowledge_002,t2,zeguo-2005:historical:knowledge
analysis_phase_item_responses,wave_observed,zeguo-2005,29,NA,NA,FALSE,knowledge_003,t2,zeguo-2005:historical:knowledge
analysis_phase_item_responses,wave_observed,zeguo-2005,29,NA,NA,FALSE,knowledge_004,t2,zeguo-2005:historical:knowledge
analysis_phase_item_responses,wave_observed,zeguo-2005,269,NA,NA,FALSE,knowledge_001,t2,zeguo-2005:historical:knowledge
analysis_phase_item_responses,wave_observed,zeguo-2005,269,NA,NA,FALSE,knowledge_002,t2,zeguo-2005:historical:knowledge
analysis_phase_item_responses,wave_observed,zeguo-2005,269,NA,NA,FALSE,knowledge_003,t2,zeguo-2005:historical:knowledge
analysis_phase_item_responses,wave_observed,zeguo-2005,269,NA,NA,FALSE,knowledge_004,t2,zeguo-2005:historical:knowledge
analysis_phase_item_responses,wave_observed,zeguo-2005,246,NA,NA,FALSE,knowledge_001,t2,zeguo-2005:historical:knowledge
analysis_phase_item_responses,wave_observed,zeguo-2005,246,NA,NA,FALSE,knowledge_002,t2,zeguo-2005:historical:knowledge
analysis_phase_item_responses,wave_observed,zeguo-2005,246,NA,NA,FALSE,knowledge_003,t2,zeguo-2005:historical:knowledge
analysis_phase_item_responses,wave_observed,zeguo-2005,246,NA,NA,FALSE,knowledge_004,t2,zeguo-2005:historical:knowledge
analysis_phase_item_responses,wave_observed,zeguo-2005,245,NA,NA,FALSE,knowledge_001,t2,zeguo-2005:historical:knowledge
analysis_phase_item_responses,wave_observed,zeguo-2005,245,NA,NA,FALSE,knowledge_002,t2,zeguo-2005:historical:knowledge
analysis_phase_item_responses,wave_observed,zeguo-2005,245,NA,NA,FALSE,knowledge_003,t2,zeguo-2005:historical:knowledge
analysis_phase_item_responses,wave_observed,zeguo-2005,245,NA,NA,FALSE,knowledge_004,t2,zeguo-2005:historical:knowledge
analysis_phase_item_responses,wave_observed,zeguo-2005,259,NA,NA,FALSE,knowledge_001,t2,zeguo-2005:historical:knowledge
analysis_phase_item_responses,wave_observed,zeguo-2005,259,NA,NA,FALSE,knowledge_002,t2,zeguo-2005:historical:knowledge
analysis_phase_item_responses,wave_observed,zeguo-2005,259,NA,NA,FALSE,knowledge_003,t2,zeguo-2005:historical:knowledge
analysis_phase_item_responses,wave_observed,zeguo-2005,259,NA,NA,FALSE,knowledge_004,t2,zeguo-2005:historical:knowledge
analysis_phase_item_responses,wave_observed,zeguo-2005,173,NA,NA,FALSE,knowledge_001,t2,zeguo-2005:historical:knowledge
analysis_phase_item_responses,wave_observed,zeguo-2005,173,NA,NA,FALSE,knowledge_002,t2,zeguo-2005:historical:knowledge
analysis_phase_item_responses,wave_observed,zeguo-2005,173,NA,NA,FALSE,knowledge_003,t2,zeguo-2005:historical:knowledge
analysis_phase_item_responses,wave_observed,zeguo-2005,173,NA,NA,FALSE,knowledge_004,t2,zeguo-2005:historical:knowledge
analysis_phase_item_responses,wave_observed,zeguo-2005,140,NA,NA,FALSE,knowledge_001,t2,zeguo-2005:historical:knowledge
analysis_phase_item_responses,wave_observed,zeguo-2005,140,NA,NA,FALSE,knowledge_002,t2,zeguo-2005:historical:knowledge
analysis_phase_item_responses,wave_observed,zeguo-2005,140,NA,NA,FALSE,knowledge_003,t2,zeguo-2005:historical:knowledge
analysis_phase_item_responses,wave_observed,zeguo-2005,140,NA,NA,FALSE,knowledge_004,t2,zeguo-2005:historical:knowledge
analysis_phase_item_responses,wave_observed,zeguo-2005,182,NA,NA,FALSE,knowledge_001,t2,zeguo-2005:historical:knowledge
analysis_phase_item_responses,wave_observed,zeguo-2005,182,NA,NA,FALSE,knowledge_002,t2,zeguo-2005:historical:knowledge
analysis_phase_item_responses,wave_observed,zeguo-2005,182,NA,NA,FALSE,knowledge_003,t2,zeguo-2005:historical:knowledge
analysis_phase_item_responses,wave_observed,zeguo-2005,182,NA,NA,FALSE,knowledge_004,t2,zeguo-2005:historical:knowledge
analysis_phase_item_responses,wave_observed,zeguo-2005,115,NA,NA,FALSE,knowledge_001,t2,zeguo-2005:historical:knowledge
analysis_phase_item_responses,wave_observed,zeguo-2005,115,NA,NA,FALSE,knowledge_002,t2,zeguo-2005:historical:knowledge
analysis_phase_item_responses,wave_observed,zeguo-2005,115,NA,NA,FALSE,knowledge_003,t2,zeguo-2005:historical:knowledge
analysis_phase_item_responses,wave_observed,zeguo-2005,115,NA,NA,FALSE,knowledge_004,t2,zeguo-2005:historical:knowledge
analysis_phase_item_responses,wave_observed,zeguo-2005,46,NA,NA,FALSE,knowledge_001,t2,zeguo-2005:historical:knowledge
analysis_phase_item_responses,wave_observed,zeguo-2005,46,NA,NA,FALSE,knowledge_002,t2,zeguo-2005:historical:knowledge
analysis_phase_item_responses,wave_observed,zeguo-2005,46,NA,NA,FALSE,knowledge_003,t2,zeguo-2005:historical:knowledge
analysis_phase_item_responses,wave_observed,zeguo-2005,46,NA,NA,FALSE,knowledge_004,t2,zeguo-2005:historical:knowledge
analysis_phase_item_responses,wave_observed,zeguo-2005,71,NA,NA,FALSE,knowledge_001,t2,zeguo-2005:historical:knowledge
analysis_phase_item_responses,wave_observed,zeguo-2005,71,NA,NA,FALSE,knowledge_002,t2,zeguo-2005:historical:knowledge
analysis_phase_item_responses,wave_observed,zeguo-2005,71,NA,NA,FALSE,knowledge_003,t2,zeguo-2005:historical:knowledge
analysis_phase_item_responses,wave_observed,zeguo-2005,71,NA,NA,FALSE,knowledge_004,t2,zeguo-2005:historical:knowledge
analysis_phase_item_responses,wave_observed,zeguo-2005,158,NA,NA,FALSE,knowledge_001,t2,zeguo-2005:historical:knowledge
analysis_phase_item_responses,wave_observed,zeguo-2005,158,NA,NA,FALSE,knowledge_002,t2,zeguo-2005:historical:knowledge
analysis_phase_item_responses,wave_observed,zeguo-2005,158,NA,NA,FALSE,knowledge_003,t2,zeguo-2005:historical:knowledge
analysis_phase_item_responses,wave_observed,zeguo-2005,158,NA,NA,FALSE,knowledge_004,t2,zeguo-2005:historical:knowledge
analysis_phase_item_responses,wave_observed,zeguo-2005,70,NA,NA,FALSE,knowledge_001,t2,zeguo-2005:historical:knowledge
analysis_phase_item_responses,wave_observed,zeguo-2005,70,NA,NA,FALSE,knowledge_002,t2,zeguo-2005:historical:knowledge
analysis_phase_item_responses,wave_observed,zeguo-2005,70,NA,NA,FALSE,knowledge_003,t2,zeguo-2005:historical:knowledge
analysis_phase_item_responses,wave_observed,zeguo-2005,70,NA,NA,FALSE,knowledge_004,t2,zeguo-2005:historical:knowledge
analysis_phase_item_responses,wave_observed,zeguo-2005,238,NA,NA,FALSE,knowledge_001,t2,zeguo-2005:historical:knowledge
analysis_phase_item_responses,wave_observed,zeguo-2005,238,NA,NA,FALSE,knowledge_002,t2,zeguo-2005:historical:knowledge
analysis_phase_item_responses,wave_observed,zeguo-2005,238,NA,NA,FALSE,knowledge_003,t2,zeguo-2005:historical:knowledge
analysis_phase_item_responses,wave_observed,zeguo-2005,238,NA,NA,FALSE,knowledge_004,t2,zeguo-2005:historical:knowledge
analysis_phase_item_responses,wave_observed,zeguo-2005,213,NA,NA,FALSE,knowledge_001,t2,zeguo-2005:historical:knowledge
analysis_phase_item_responses,wave_observed,zeguo-2005,213,NA,NA,FALSE,knowledge_002,t2,zeguo-2005:historical:knowledge
analysis_phase_item_responses,wave_observed,zeguo-2005,213,NA,NA,FALSE,knowledge_003,t2,zeguo-2005:historical:knowledge
analysis_phase_item_responses,wave_observed,zeguo-2005,213,NA,NA,FALSE,knowledge_004,t2,zeguo-2005:historical:knowledge
analysis_phase_item_responses,wave_observed,zeguo-2005,224,NA,NA,FALSE,knowledge_001,t2,zeguo-2005:historical:knowledge
analysis_phase_item_responses,wave_observed,zeguo-2005,224,NA,NA,FALSE,knowledge_002,t2,zeguo-2005:historical:knowledge
analysis_phase_item_responses,wave_observed,zeguo-2005,224,NA,NA,FALSE,knowledge_003,t2,zeguo-2005:historical:knowledge
analysis_phase_item_responses,wave_observed,zeguo-2005,224,NA,NA,FALSE,knowledge_004,t2,zeguo-2005:historical:knowledge
analysis_phase_item_responses,wave_observed,zeguo-2005,102,NA,NA,FALSE,knowledge_001,t2,zeguo-2005:historical:knowledge
analysis_phase_item_responses,wave_observed,zeguo-2005,102,NA,NA,FALSE,knowledge_002,t2,zeguo-2005:historical:knowledge
analysis_phase_item_responses,wave_observed,zeguo-2005,102,NA,NA,FALSE,knowledge_003,t2,zeguo-2005:historical:knowledge
analysis_phase_item_responses,wave_observed,zeguo-2005,102,NA,NA,FALSE,knowledge_004,t2,zeguo-2005:historical:knowledge
analysis_phase_item_responses,wave_observed,zeguo-2005,265,NA,NA,FALSE,knowledge_001,t2,zeguo-2005:historical:knowledge
analysis_phase_item_responses,wave_observed,zeguo-2005,265,NA,NA,FALSE,knowledge_002,t2,zeguo-2005:historical:knowledge
analysis_phase_item_responses,wave_observed,zeguo-2005,265,NA,NA,FALSE,knowledge_003,t2,zeguo-2005:historical:knowledge
analysis_phase_item_responses,wave_observed,zeguo-2005,265,NA,NA,FALSE,knowledge_004,t2,zeguo-2005:historical:knowledge
analysis_phase_item_responses,wave_observed,zeguo-2005,128,NA,NA,FALSE,knowledge_001,t2,zeguo-2005:historical:knowledge
analysis_phase_item_responses,wave_observed,zeguo-2005,128,NA,NA,FALSE,knowledge_002,t2,zeguo-2005:historical:knowledge
analysis_phase_item_responses,wave_observed,zeguo-2005,128,NA,NA,FALSE,knowledge_003,t2,zeguo-2005:historical:knowledge
analysis_phase_item_responses,wave_observed,zeguo-2005,128,NA,NA,FALSE,knowledge_004,t2,zeguo-2005:historical:knowledge
analysis_phase_item_responses,wave_observed,zeguo-2005,225,NA,NA,FALSE,knowledge_001,t2,zeguo-2005:historical:knowledge
analysis_phase_item_responses,wave_observed,zeguo-2005,225,NA,NA,FALSE,knowledge_002,t2,zeguo-2005:historical:knowledge
analysis_phase_item_responses,wave_observed,zeguo-2005,225,NA,NA,FALSE,knowledge_003,t2,zeguo-2005:historical:knowledge
analysis_phase_item_responses,wave_observed,zeguo-2005,225,NA,NA,FALSE,knowledge_004,t2,zeguo-2005:historical:knowledge
analysis_phase_item_responses,wave_observed,zeguo-2005,164,NA,NA,FALSE,knowledge_001,t2,zeguo-2005:historical:knowledge
analysis_phase_item_responses,wave_observed,zeguo-2005,164,NA,NA,FALSE,knowledge_002,t2,zeguo-2005:historical:knowledge
analysis_phase_item_responses,wave_observed,zeguo-2005,164,NA,NA,FALSE,knowledge_003,t2,zeguo-2005:historical:knowledge
analysis_phase_item_responses,wave_observed,zeguo-2005,164,NA,NA,FALSE,knowledge_004,t2,zeguo-2005:historical:knowledge
analysis_phase_item_responses,wave_observed,zeguo-2005,162,NA,NA,FALSE,knowledge_001,t2,zeguo-2005:historical:knowledge
analysis_phase_item_responses,wave_observed,zeguo-2005,162,NA,NA,FALSE,knowledge_002,t2,zeguo-2005:historical:knowledge
analysis_phase_item_responses,wave_observed,zeguo-2005,162,NA,NA,FALSE,knowledge_003,t2,zeguo-2005:historical:knowledge
analysis_phase_item_responses,wave_observed,zeguo-2005,162,NA,NA,FALSE,knowledge_004,t2,zeguo-2005:historical:knowledge
analysis_phase_item_responses,wave_observed,zeguo-2005,221,NA,NA,FALSE,knowledge_001,t2,zeguo-2005:historical:knowledge
analysis_phase_item_responses,wave_observed,zeguo-2005,221,NA,NA,FALSE,knowledge_002,t2,zeguo-2005:historical:knowledge
analysis_phase_item_responses,wave_observed,zeguo-2005,221,NA,NA,FALSE,knowledge_003,t2,zeguo-2005:historical:knowledge
analysis_phase_item_responses,wave_observed,zeguo-2005,221,NA,NA,FALSE,knowledge_004,t2,zeguo-2005:historical:knowledge
analysis_phase_item_responses,wave_observed,zeguo-2005,232,NA,NA,FALSE,knowledge_001,t2,zeguo-2005:historical:knowledge
analysis_phase_item_responses,wave_observed,zeguo-2005,232,NA,NA,FALSE,knowledge_002,t2,zeguo-2005:historical:knowledge
analysis_phase_item_responses,wave_observed,zeguo-2005,232,NA,NA,FALSE,knowledge_003,t2,zeguo-2005:historical:knowledge
analysis_phase_item_responses,wave_observed,zeguo-2005,232,NA,NA,FALSE,knowledge_004,t2,zeguo-2005:historical:knowledge
analysis_phase_item_responses,wave_observed,zeguo-2005,219,NA,NA,FALSE,knowledge_001,t2,zeguo-2005:historical:knowledge
analysis_phase_item_responses,wave_observed,zeguo-2005,219,NA,NA,FALSE,knowledge_002,t2,zeguo-2005:historical:knowledge
analysis_phase_item_responses,wave_observed,zeguo-2005,219,NA,NA,FALSE,knowledge_003,t2,zeguo-2005:historical:knowledge
analysis_phase_item_responses,wave_observed,zeguo-2005,219,NA,NA,FALSE,knowledge_004,t2,zeguo-2005:historical:knowledge
analysis_phase_item_responses,wave_observed,zeguo-2005,155,NA,NA,FALSE,knowledge_001,t2,zeguo-2005:historical:knowledge
analysis_phase_item_responses,wave_observed,zeguo-2005,155,NA,NA,FALSE,knowledge_002,t2,zeguo-2005:historical:knowledge
analysis_phase_item_responses,wave_observed,zeguo-2005,155,NA,NA,FALSE,knowledge_003,t2,zeguo-2005:historical:knowledge
analysis_phase_item_responses,wave_observed,zeguo-2005,155,NA,NA,FALSE,knowledge_004,t2,zeguo-2005:historical:knowledge
analysis_phase_item_responses,wave_observed,zeguo-2005,99,NA,NA,FALSE,knowledge_001,t2,zeguo-2005:historical:knowledge
analysis_phase_item_responses,wave_observed,zeguo-2005,99,NA,NA,FALSE,knowledge_002,t2,zeguo-2005:historical:knowledge
analysis_phase_item_responses,wave_observed,zeguo-2005,99,NA,NA,FALSE,knowledge_003,t2,zeguo-2005:historical:knowledge
analysis_phase_item_responses,wave_observed,zeguo-2005,99,NA,NA,FALSE,knowledge_004,t2,zeguo-2005:historical:knowledge
analysis_phase_item_responses,wave_observed,zeguo-2005,169,NA,NA,FALSE,knowledge_001,t2,zeguo-2005:historical:knowledge
analysis_phase_item_responses,wave_observed,zeguo-2005,169,NA,NA,FALSE,knowledge_002,t2,zeguo-2005:historical:knowledge
analysis_phase_item_responses,wave_observed,zeguo-2005,169,NA,NA,FALSE,knowledge_003,t2,zeguo-2005:historical:knowledge
analysis_phase_item_responses,wave_observed,zeguo-2005,169,NA,NA,FALSE,knowledge_004,t2,zeguo-2005:historical:knowledge
analysis_phase_item_responses,wave_observed,zeguo-2005,31,NA,NA,FALSE,knowledge_001,t2,zeguo-2005:historical:knowledge
analysis_phase_item_responses,wave_observed,zeguo-2005,31,NA,NA,FALSE,knowledge_002,t2,zeguo-2005:historical:knowledge
analysis_phase_item_responses,wave_observed,zeguo-2005,31,NA,NA,FALSE,knowledge_003,t2,zeguo-2005:historical:knowledge
analysis_phase_item_responses,wave_observed,zeguo-2005,31,NA,NA,FALSE,knowledge_004,t2,zeguo-2005:historical:knowledge
analysis_phase_item_responses,wave_observed,zeguo-2005,166,NA,NA,FALSE,knowledge_001,t2,zeguo-2005:historical:knowledge
analysis_phase_item_responses,wave_observed,zeguo-2005,166,NA,NA,FALSE,knowledge_002,t2,zeguo-2005:historical:knowledge
analysis_phase_item_responses,wave_observed,zeguo-2005,166,NA,NA,FALSE,knowledge_003,t2,zeguo-2005:historical:knowledge
analysis_phase_item_responses,wave_observed,zeguo-2005,166,NA,NA,FALSE,knowledge_004,t2,zeguo-2005:historical:knowledge
