poll_id,respondent_id,wave,item_id,source_row,source_column,raw_value,raw_text,correct,response_status,missing_code,correct_before_standardization,wave_observed,knowledge_response,response_reason,source_response_label,battery_row,benchmark_column,deposited_correct,differs
uk-monarchy-1996,source-row-605,2,knowledge-3,605,R5C,4,NA,NA,non_substantive,4,NA,TRUE,dk,blank,9   not answered,6,knowc2raw,1,TRUE
uk-monarchy-1996,source-row-606,2,knowledge-3,606,R5C,1,NA,1,answered,NA,1,TRUE,correct,answered,1   true,7,knowc2raw,0,TRUE
uk-monarchy-1996,source-row-607,2,knowledge-3,607,R5C,2,NA,0,answered,NA,0,TRUE,incorrect,answered,2   false,8,knowc2raw,1,TRUE
uk-monarchy-1996,source-row-609,2,knowledge-3,609,R5C,1,NA,1,answered,NA,1,TRUE,correct,answered,1   true,10,knowc2raw,NA,TRUE
uk-monarchy-1996,source-row-610,2,knowledge-3,610,R5C,2,NA,0,answered,NA,0,TRUE,incorrect,answered,2   false,11,knowc2raw,1,TRUE
uk-monarchy-1996,source-row-614,2,knowledge-3,614,R5C,1,NA,1,answered,NA,1,TRUE,correct,answered,1   true,15,knowc2raw,0,TRUE
uk-monarchy-1996,source-row-622,2,knowledge-3,622,R5C,4,NA,NA,non_substantive,4,NA,TRUE,dk,blank,9   not answered,23,knowc2raw,1,TRUE
uk-monarchy-1996,source-row-628,2,knowledge-3,628,R5C,3,NA,NA,non_substantive,3,NA,TRUE,dk,dk,3   don't know,29,knowc2raw,1,TRUE
uk-monarchy-1996,source-row-632,2,knowledge-3,632,R5C,1,NA,1,answered,NA,1,TRUE,correct,answered,1   true,33,knowc2raw,NA,TRUE
uk-monarchy-1996,source-row-641,2,knowledge-3,641,R5C,1,NA,1,answered,NA,1,TRUE,correct,answered,1   true,42,knowc2raw,NA,TRUE
uk-monarchy-1996,source-row-657,2,knowledge-3,657,R5C,4,NA,NA,non_substantive,4,NA,TRUE,dk,blank,9   not answered,58,knowc2raw,1,TRUE
uk-monarchy-1996,source-row-659,2,knowledge-3,659,R5C,4,NA,NA,non_substantive,4,NA,TRUE,dk,blank,9   not answered,60,knowc2raw,1,TRUE
uk-monarchy-1996,source-row-661,2,knowledge-3,661,R5C,3,NA,NA,non_substantive,3,NA,TRUE,dk,dk,3   don't know,62,knowc2raw,1,TRUE
uk-monarchy-1996,source-row-671,2,knowledge-3,671,R5C,2,NA,0,answered,NA,0,TRUE,incorrect,answered,2   false,72,knowc2raw,NA,TRUE
uk-monarchy-1996,source-row-678,2,knowledge-3,678,R5C,2,NA,0,answered,NA,0,TRUE,incorrect,answered,2   false,79,knowc2raw,1,TRUE
uk-monarchy-1996,source-row-682,2,knowledge-3,682,R5C,1,NA,1,answered,NA,1,TRUE,correct,answered,1   true,83,knowc2raw,NA,TRUE
uk-monarchy-1996,source-row-685,2,knowledge-3,685,R5C,3,NA,NA,non_substantive,3,NA,TRUE,dk,dk,3   don't know,86,knowc2raw,1,TRUE
uk-monarchy-1996,source-row-687,2,knowledge-3,687,R5C,2,NA,0,answered,NA,0,TRUE,incorrect,answered,2   false,88,knowc2raw,1,TRUE
uk-monarchy-1996,source-row-689,2,knowledge-3,689,R5C,2,NA,0,answered,NA,0,TRUE,incorrect,answered,2   false,90,knowc2raw,NA,TRUE
uk-monarchy-1996,source-row-690,2,knowledge-3,690,R5C,2,NA,0,answered,NA,0,TRUE,incorrect,answered,2   false,91,knowc2raw,1,TRUE
uk-monarchy-1996,source-row-692,2,knowledge-3,692,R5C,2,NA,0,answered,NA,0,TRUE,incorrect,answered,2   false,93,knowc2raw,1,TRUE
uk-monarchy-1996,source-row-694,2,knowledge-3,694,R5C,1,NA,1,answered,NA,1,TRUE,correct,answered,1   true,95,knowc2raw,0,TRUE
uk-monarchy-1996,source-row-695,2,knowledge-3,695,R5C,2,NA,0,answered,NA,0,TRUE,incorrect,answered,2   false,96,knowc2raw,1,TRUE
uk-monarchy-1996,source-row-704,2,knowledge-3,704,R5C,3,NA,NA,non_substantive,3,NA,TRUE,dk,dk,3   don't know,105,knowc2raw,0,TRUE
uk-monarchy-1996,source-row-708,2,knowledge-3,708,R5C,1,NA,1,answered,NA,1,TRUE,correct,answered,1   true,109,knowc2raw,NA,TRUE
uk-monarchy-1996,source-row-717,2,knowledge-3,717,R5C,3,NA,NA,non_substantive,3,NA,TRUE,dk,dk,3   don't know,118,knowc2raw,1,TRUE
uk-monarchy-1996,source-row-718,2,knowledge-3,718,R5C,1,NA,1,answered,NA,1,TRUE,correct,answered,1   true,119,knowc2raw,0,TRUE
uk-monarchy-1996,source-row-720,2,knowledge-3,720,R5C,2,NA,0,answered,NA,0,TRUE,incorrect,answered,2   false,121,knowc2raw,1,TRUE
uk-monarchy-1996,source-row-724,2,knowledge-3,724,R5C,1,NA,1,answered,NA,1,TRUE,correct,answered,1   true,125,knowc2raw,0,TRUE
uk-monarchy-1996,source-row-734,2,knowledge-3,734,R5C,2,NA,0,answered,NA,0,TRUE,incorrect,answered,2   false,135,knowc2raw,1,TRUE
uk-monarchy-1996,source-row-736,2,knowledge-3,736,R5C,1,NA,1,answered,NA,1,TRUE,correct,answered,1   true,137,knowc2raw,NA,TRUE
uk-monarchy-1996,source-row-748,2,knowledge-3,748,R5C,1,NA,1,answered,NA,1,TRUE,correct,answered,1   true,149,knowc2raw,NA,TRUE
uk-monarchy-1996,source-row-750,2,knowledge-3,750,R5C,2,NA,0,answered,NA,0,TRUE,incorrect,answered,2   false,151,knowc2raw,1,TRUE
uk-monarchy-1996,source-row-754,2,knowledge-3,754,R5C,1,NA,1,answered,NA,1,TRUE,correct,answered,1   true,155,knowc2raw,NA,TRUE
uk-monarchy-1996,source-row-756,2,knowledge-3,756,R5C,3,NA,NA,non_substantive,3,NA,TRUE,dk,dk,3   don't know,157,knowc2raw,1,TRUE
uk-monarchy-1996,source-row-762,2,knowledge-3,762,R5C,1,NA,1,answered,NA,1,TRUE,correct,answered,1   true,163,knowc2raw,NA,TRUE
uk-monarchy-1996,source-row-763,2,knowledge-3,763,R5C,1,NA,1,answered,NA,1,TRUE,correct,answered,1   true,164,knowc2raw,0,TRUE
uk-monarchy-1996,source-row-767,2,knowledge-3,767,R5C,2,NA,0,answered,NA,0,TRUE,incorrect,answered,2   false,168,knowc2raw,1,TRUE
uk-monarchy-1996,source-row-768,2,knowledge-3,768,R5C,3,NA,NA,non_substantive,3,NA,TRUE,dk,dk,3   don't know,169,knowc2raw,1,TRUE
uk-monarchy-1996,source-row-770,2,knowledge-3,770,R5C,1,NA,1,answered,NA,1,TRUE,correct,answered,1   true,171,knowc2raw,NA,TRUE
uk-monarchy-1996,source-row-774,2,knowledge-3,774,R5C,3,NA,NA,non_substantive,3,NA,TRUE,dk,dk,3   don't know,175,knowc2raw,1,TRUE
uk-monarchy-1996,source-row-782,2,knowledge-3,782,R5C,1,NA,1,answered,NA,1,TRUE,correct,answered,1   true,183,knowc2raw,NA,TRUE
uk-monarchy-1996,source-row-785,2,knowledge-3,785,R5C,1,NA,1,answered,NA,1,TRUE,correct,answered,1   true,186,knowc2raw,0,TRUE
uk-monarchy-1996,source-row-797,2,knowledge-3,797,R5C,1,NA,1,answered,NA,1,TRUE,correct,answered,1   true,198,knowc2raw,NA,TRUE
uk-monarchy-1996,source-row-798,2,knowledge-3,798,R5C,3,NA,NA,non_substantive,3,NA,TRUE,dk,dk,3   don't know,199,knowc2raw,1,TRUE
uk-monarchy-1996,source-row-803,2,knowledge-3,803,R5C,2,NA,0,answered,NA,0,TRUE,incorrect,answered,2   false,204,knowc2raw,1,TRUE
uk-monarchy-1996,source-row-806,2,knowledge-3,806,R5C,2,NA,0,answered,NA,0,TRUE,incorrect,answered,2   false,207,knowc2raw,1,TRUE
uk-monarchy-1996,source-row-811,2,knowledge-3,811,R5C,1,NA,1,answered,NA,1,TRUE,correct,answered,1   true,212,knowc2raw,0,TRUE
uk-monarchy-1996,source-row-813,2,knowledge-3,813,R5C,1,NA,1,answered,NA,1,TRUE,correct,answered,1   true,214,knowc2raw,NA,TRUE
uk-monarchy-1996,source-row-816,2,knowledge-3,816,R5C,1,NA,1,answered,NA,1,TRUE,correct,answered,1   true,217,knowc2raw,0,TRUE
uk-monarchy-1996,source-row-817,2,knowledge-3,817,R5C,1,NA,1,answered,NA,1,TRUE,correct,answered,1   true,218,knowc2raw,0,TRUE
uk-monarchy-1996,source-row-818,2,knowledge-3,818,R5C,4,NA,NA,non_substantive,4,NA,TRUE,dk,blank,9   not answered,219,knowc2raw,1,TRUE
uk-monarchy-1996,source-row-824,2,knowledge-3,824,R5C,3,NA,NA,non_substantive,3,NA,TRUE,dk,dk,3   don't know,225,knowc2raw,1,TRUE
uk-monarchy-1996,source-row-836,2,knowledge-3,836,R5C,4,NA,NA,non_substantive,4,NA,TRUE,dk,blank,9   not answered,237,knowc2raw,1,TRUE
uk-monarchy-1996,source-row-838,2,knowledge-3,838,R5C,2,NA,0,answered,NA,0,TRUE,incorrect,answered,2   false,239,knowc2raw,1,TRUE
uk-monarchy-1996,source-row-839,2,knowledge-3,839,R5C,1,NA,1,answered,NA,1,TRUE,correct,answered,1   true,240,knowc2raw,0,TRUE
uk-monarchy-1996,source-row-840,2,knowledge-3,840,R5C,2,NA,0,answered,NA,0,TRUE,incorrect,answered,2   false,241,knowc2raw,1,TRUE
uk-monarchy-1996,source-row-846,2,knowledge-3,846,R5C,1,NA,1,answered,NA,1,TRUE,correct,answered,1   true,247,knowc2raw,0,TRUE
australia-republic-1999,1032,1,knowledge-10,4307,pargame1,1,NA,0,non_substantive,dkchg1=1,0,TRUE,dk,none_or_dk,NO,228,pargame1r,NA,TRUE
australia-republic-1999,1032,1,knowledge-7,4307,flagchg1,1,NA,0,non_substantive,dkchg1=1,0,TRUE,dk,none_or_dk,NO,228,flagchg1r,NA,TRUE
australia-republic-1999,1032,1,knowledge-8,4307,anthem1,1,NA,0,non_substantive,dkchg1=1,0,TRUE,dk,none_or_dk,NO,228,anthem1r,NA,TRUE
australia-republic-1999,1032,1,knowledge-9,4307,wdroyal1,1,NA,0,non_substantive,dkchg1=1,0,TRUE,dk,none_or_dk,NO,228,wdroyal1r,NA,TRUE
australia-republic-1999,1107,1,knowledge-10,4370,pargame1,1,NA,0,non_substantive,dkchg1=1,0,TRUE,dk,none_or_dk,NO,248,pargame1r,NA,TRUE
australia-republic-1999,1107,1,knowledge-7,4370,flagchg1,1,NA,0,non_substantive,dkchg1=1,0,TRUE,dk,none_or_dk,NO,248,flagchg1r,NA,TRUE
australia-republic-1999,1107,1,knowledge-8,4370,anthem1,1,NA,0,non_substantive,dkchg1=1,0,TRUE,dk,none_or_dk,NO,248,anthem1r,NA,TRUE
australia-republic-1999,1107,1,knowledge-9,4370,wdroyal1,1,NA,0,non_substantive,dkchg1=1,0,TRUE,dk,none_or_dk,NO,248,wdroyal1r,NA,TRUE
australia-republic-1999,1113,1,knowledge-10,4376,pargame1,1,NA,0,non_substantive,dkchg1=1,0,TRUE,dk,none_or_dk,NO,253,pargame1r,NA,TRUE
australia-republic-1999,1113,1,knowledge-7,4376,flagchg1,1,NA,0,non_substantive,dkchg1=1,0,TRUE,dk,none_or_dk,NO,253,flagchg1r,NA,TRUE
australia-republic-1999,1113,1,knowledge-8,4376,anthem1,1,NA,0,non_substantive,dkchg1=1,0,TRUE,dk,none_or_dk,NO,253,anthem1r,NA,TRUE
australia-republic-1999,1113,1,knowledge-9,4376,wdroyal1,1,NA,0,non_substantive,dkchg1=1,0,TRUE,dk,none_or_dk,NO,253,wdroyal1r,NA,TRUE
australia-republic-1999,1124,2,knowledge-10,4387,pargame2,1,NA,1,answered,NA,1,TRUE,correct,answered,NO,258,pargame2r,NA,TRUE
australia-republic-1999,1124,2,knowledge-7,4387,flagchg2,1,NA,1,answered,NA,1,TRUE,correct,answered,NO,258,flagchg2r,NA,TRUE
australia-republic-1999,1124,2,knowledge-8,4387,anthem2,1,NA,1,answered,NA,1,TRUE,correct,answered,NO,258,anthem2r,NA,TRUE
australia-republic-1999,1124,2,knowledge-9,4387,wdroyal2,1,NA,0,answered,NA,0,TRUE,incorrect,answered,NO,258,wdroyal2r,NA,TRUE
australia-republic-1999,1201,2,knowledge-10,4394,pargame2,1,NA,1,answered,NA,1,TRUE,correct,answered,NO,260,pargame2r,NA,TRUE
australia-republic-1999,1201,2,knowledge-7,4394,flagchg2,1,NA,1,answered,NA,1,TRUE,correct,answered,NO,260,flagchg2r,NA,TRUE
australia-republic-1999,1201,2,knowledge-8,4394,anthem2,1,NA,1,answered,NA,1,TRUE,correct,answered,NO,260,anthem2r,NA,TRUE
australia-republic-1999,1201,2,knowledge-9,4394,wdroyal2,1,NA,0,answered,NA,0,TRUE,incorrect,answered,NO,260,wdroyal2r,NA,TRUE
australia-republic-1999,1212,1,knowledge-10,4405,pargame1,1,NA,0,non_substantive,dkchg1=1,0,TRUE,dk,none_or_dk,NO,265,pargame1r,NA,TRUE
australia-republic-1999,1212,1,knowledge-7,4405,flagchg1,1,NA,0,non_substantive,dkchg1=1,0,TRUE,dk,none_or_dk,NO,265,flagchg1r,NA,TRUE
australia-republic-1999,1212,1,knowledge-8,4405,anthem1,1,NA,0,non_substantive,dkchg1=1,0,TRUE,dk,none_or_dk,NO,265,anthem1r,NA,TRUE
australia-republic-1999,1212,1,knowledge-9,4405,wdroyal1,1,NA,0,non_substantive,dkchg1=1,0,TRUE,dk,none_or_dk,NO,265,wdroyal1r,NA,TRUE
australia-republic-1999,1251,2,knowledge-10,4424,pargame2,1,NA,1,answered,NA,1,TRUE,correct,answered,NO,272,pargame2r,NA,TRUE
australia-republic-1999,1251,2,knowledge-7,4424,flagchg2,1,NA,1,answered,NA,1,TRUE,correct,answered,NO,272,flagchg2r,NA,TRUE
australia-republic-1999,1251,2,knowledge-8,4424,anthem2,1,NA,1,answered,NA,1,TRUE,correct,answered,NO,272,anthem2r,NA,TRUE
australia-republic-1999,1251,2,knowledge-9,4424,wdroyal2,1,NA,0,answered,NA,0,TRUE,incorrect,answered,NO,272,wdroyal2r,NA,TRUE
australia-republic-1999,1254,1,knowledge-10,4427,pargame1,1,NA,0,non_substantive,dkchg1=1,0,TRUE,dk,none_or_dk,NO,274,pargame1r,NA,TRUE
australia-republic-1999,1254,1,knowledge-7,4427,flagchg1,1,NA,0,non_substantive,dkchg1=1,0,TRUE,dk,none_or_dk,NO,274,flagchg1r,NA,TRUE
australia-republic-1999,1254,1,knowledge-8,4427,anthem1,1,NA,0,non_substantive,dkchg1=1,0,TRUE,dk,none_or_dk,NO,274,anthem1r,NA,TRUE
australia-republic-1999,1254,1,knowledge-9,4427,wdroyal1,1,NA,0,non_substantive,dkchg1=1,0,TRUE,dk,none_or_dk,NO,274,wdroyal1r,NA,TRUE
australia-republic-1999,126,1,knowledge-10,3565,pargame1,1,NA,0,non_substantive,dkchg1=1,0,TRUE,dk,none_or_dk,NO,34,pargame1r,NA,TRUE
australia-republic-1999,126,1,knowledge-7,3565,flagchg1,1,NA,0,non_substantive,dkchg1=1,0,TRUE,dk,none_or_dk,NO,34,flagchg1r,NA,TRUE
australia-republic-1999,126,1,knowledge-8,3565,anthem1,1,NA,0,non_substantive,dkchg1=1,0,TRUE,dk,none_or_dk,NO,34,anthem1r,NA,TRUE
australia-republic-1999,126,1,knowledge-9,3565,wdroyal1,1,NA,0,non_substantive,dkchg1=1,0,TRUE,dk,none_or_dk,NO,34,wdroyal1r,NA,TRUE
australia-republic-1999,127,2,knowledge-10,3566,pargame2,1,NA,1,answered,NA,1,TRUE,correct,answered,NO,35,pargame2r,NA,TRUE
australia-republic-1999,127,2,knowledge-7,3566,flagchg2,1,NA,1,answered,NA,1,TRUE,correct,answered,NO,35,flagchg2r,NA,TRUE
australia-republic-1999,127,2,knowledge-8,3566,anthem2,1,NA,1,answered,NA,1,TRUE,correct,answered,NO,35,anthem2r,NA,TRUE
australia-republic-1999,127,2,knowledge-9,3566,wdroyal2,1,NA,0,answered,NA,0,TRUE,incorrect,answered,NO,35,wdroyal2r,NA,TRUE
australia-republic-1999,1306,1,knowledge-10,4441,pargame1,1,NA,0,non_substantive,dkchg1=1,0,TRUE,dk,none_or_dk,NO,279,pargame1r,NA,TRUE
australia-republic-1999,1306,1,knowledge-7,4441,flagchg1,1,NA,0,non_substantive,dkchg1=1,0,TRUE,dk,none_or_dk,NO,279,flagchg1r,NA,TRUE
australia-republic-1999,1306,1,knowledge-8,4441,anthem1,1,NA,0,non_substantive,dkchg1=1,0,TRUE,dk,none_or_dk,NO,279,anthem1r,NA,TRUE
australia-republic-1999,1306,1,knowledge-9,4441,wdroyal1,1,NA,0,non_substantive,dkchg1=1,0,TRUE,dk,none_or_dk,NO,279,wdroyal1r,NA,TRUE
australia-republic-1999,1349,1,knowledge-10,4484,pargame1,1,NA,0,non_substantive,dkchg1=1,0,TRUE,dk,none_or_dk,NO,289,pargame1r,NA,TRUE
australia-republic-1999,1349,1,knowledge-7,4484,flagchg1,1,NA,0,non_substantive,dkchg1=1,0,TRUE,dk,none_or_dk,NO,289,flagchg1r,NA,TRUE
australia-republic-1999,1349,1,knowledge-8,4484,anthem1,1,NA,0,non_substantive,dkchg1=1,0,TRUE,dk,none_or_dk,NO,289,anthem1r,NA,TRUE
australia-republic-1999,1349,1,knowledge-9,4484,wdroyal1,1,NA,0,non_substantive,dkchg1=1,0,TRUE,dk,none_or_dk,NO,289,wdroyal1r,NA,TRUE
australia-republic-1999,135,1,knowledge-10,3574,pargame1,1,NA,0,non_substantive,dkchg1=1,0,TRUE,dk,none_or_dk,NO,38,pargame1r,NA,TRUE
australia-republic-1999,135,1,knowledge-7,3574,flagchg1,1,NA,0,non_substantive,dkchg1=1,0,TRUE,dk,none_or_dk,NO,38,flagchg1r,NA,TRUE
australia-republic-1999,135,1,knowledge-8,3574,anthem1,1,NA,0,non_substantive,dkchg1=1,0,TRUE,dk,none_or_dk,NO,38,anthem1r,NA,TRUE
australia-republic-1999,135,1,knowledge-9,3574,wdroyal1,1,NA,0,non_substantive,dkchg1=1,0,TRUE,dk,none_or_dk,NO,38,wdroyal1r,NA,TRUE
australia-republic-1999,135,2,knowledge-10,3574,pargame2,1,NA,1,answered,NA,1,TRUE,correct,answered,NO,38,pargame2r,NA,TRUE
australia-republic-1999,135,2,knowledge-7,3574,flagchg2,1,NA,1,answered,NA,1,TRUE,correct,answered,NO,38,flagchg2r,NA,TRUE
australia-republic-1999,135,2,knowledge-8,3574,anthem2,1,NA,1,answered,NA,1,TRUE,correct,answered,NO,38,anthem2r,NA,TRUE
australia-republic-1999,135,2,knowledge-9,3574,wdroyal2,1,NA,0,answered,NA,0,TRUE,incorrect,answered,NO,38,wdroyal2r,NA,TRUE
australia-republic-1999,1353,1,knowledge-10,4488,pargame1,1,NA,0,non_substantive,dkchg1=1,0,TRUE,dk,none_or_dk,NO,290,pargame1r,NA,TRUE
australia-republic-1999,1353,1,knowledge-7,4488,flagchg1,1,NA,0,non_substantive,dkchg1=1,0,TRUE,dk,none_or_dk,NO,290,flagchg1r,NA,TRUE
australia-republic-1999,1353,1,knowledge-8,4488,anthem1,1,NA,0,non_substantive,dkchg1=1,0,TRUE,dk,none_or_dk,NO,290,anthem1r,NA,TRUE
australia-republic-1999,1353,1,knowledge-9,4488,wdroyal1,1,NA,0,non_substantive,dkchg1=1,0,TRUE,dk,none_or_dk,NO,290,wdroyal1r,NA,TRUE
australia-republic-1999,1356,1,knowledge-10,4491,pargame1,1,NA,0,non_substantive,dkchg1=1,0,TRUE,dk,none_or_dk,NO,291,pargame1r,NA,TRUE
australia-republic-1999,1356,1,knowledge-7,4491,flagchg1,1,NA,0,non_substantive,dkchg1=1,0,TRUE,dk,none_or_dk,NO,291,flagchg1r,NA,TRUE
australia-republic-1999,1356,1,knowledge-8,4491,anthem1,1,NA,0,non_substantive,dkchg1=1,0,TRUE,dk,none_or_dk,NO,291,anthem1r,NA,TRUE
australia-republic-1999,1356,1,knowledge-9,4491,wdroyal1,1,NA,0,non_substantive,dkchg1=1,0,TRUE,dk,none_or_dk,NO,291,wdroyal1r,NA,TRUE
australia-republic-1999,1364,1,knowledge-10,4499,pargame1,1,NA,0,non_substantive,dkchg1=1,0,TRUE,dk,none_or_dk,NO,294,pargame1r,NA,TRUE
australia-republic-1999,1364,1,knowledge-7,4499,flagchg1,1,NA,0,non_substantive,dkchg1=1,0,TRUE,dk,none_or_dk,NO,294,flagchg1r,NA,TRUE
australia-republic-1999,1364,1,knowledge-8,4499,anthem1,1,NA,0,non_substantive,dkchg1=1,0,TRUE,dk,none_or_dk,NO,294,anthem1r,NA,TRUE
australia-republic-1999,1364,1,knowledge-9,4499,wdroyal1,1,NA,0,non_substantive,dkchg1=1,0,TRUE,dk,none_or_dk,NO,294,wdroyal1r,NA,TRUE
australia-republic-1999,1400,1,knowledge-10,4535,pargame1,1,NA,0,non_substantive,dkchg1=1,0,TRUE,dk,none_or_dk,NO,308,pargame1r,NA,TRUE
australia-republic-1999,1400,1,knowledge-7,4535,flagchg1,1,NA,0,non_substantive,dkchg1=1,0,TRUE,dk,none_or_dk,NO,308,flagchg1r,NA,TRUE
australia-republic-1999,1400,1,knowledge-8,4535,anthem1,1,NA,0,non_substantive,dkchg1=1,0,TRUE,dk,none_or_dk,NO,308,anthem1r,NA,TRUE
australia-republic-1999,1400,1,knowledge-9,4535,wdroyal1,1,NA,0,non_substantive,dkchg1=1,0,TRUE,dk,none_or_dk,NO,308,wdroyal1r,NA,TRUE
australia-republic-1999,1400,2,knowledge-10,4535,pargame2,1,NA,1,answered,NA,1,TRUE,correct,answered,NO,308,pargame2r,NA,TRUE
australia-republic-1999,1400,2,knowledge-7,4535,flagchg2,1,NA,1,answered,NA,1,TRUE,correct,answered,NO,308,flagchg2r,NA,TRUE
australia-republic-1999,1400,2,knowledge-8,4535,anthem2,1,NA,1,answered,NA,1,TRUE,correct,answered,NO,308,anthem2r,NA,TRUE
australia-republic-1999,1400,2,knowledge-9,4535,wdroyal2,1,NA,0,answered,NA,0,TRUE,incorrect,answered,NO,308,wdroyal2r,NA,TRUE
australia-republic-1999,143,1,knowledge-10,3582,pargame1,1,NA,0,non_substantive,dkchg1=1,0,TRUE,dk,none_or_dk,NO,41,pargame1r,NA,TRUE
australia-republic-1999,143,1,knowledge-7,3582,flagchg1,1,NA,0,non_substantive,dkchg1=1,0,TRUE,dk,none_or_dk,NO,41,flagchg1r,NA,TRUE
australia-republic-1999,143,1,knowledge-8,3582,anthem1,1,NA,0,non_substantive,dkchg1=1,0,TRUE,dk,none_or_dk,NO,41,anthem1r,NA,TRUE
australia-republic-1999,143,1,knowledge-9,3582,wdroyal1,1,NA,0,non_substantive,dkchg1=1,0,TRUE,dk,none_or_dk,NO,41,wdroyal1r,NA,TRUE
australia-republic-1999,143,2,knowledge-10,3582,pargame2,1,NA,1,answered,NA,1,TRUE,correct,answered,NO,41,pargame2r,NA,TRUE
australia-republic-1999,143,2,knowledge-7,3582,flagchg2,1,NA,1,answered,NA,1,TRUE,correct,answered,NO,41,flagchg2r,NA,TRUE
australia-republic-1999,143,2,knowledge-8,3582,anthem2,1,NA,1,answered,NA,1,TRUE,correct,answered,NO,41,anthem2r,NA,TRUE
australia-republic-1999,143,2,knowledge-9,3582,wdroyal2,1,NA,0,answered,NA,0,TRUE,incorrect,answered,NO,41,wdroyal2r,NA,TRUE
australia-republic-1999,1511,1,knowledge-10,4549,pargame1,1,NA,0,non_substantive,dkchg1=1,0,TRUE,dk,none_or_dk,NO,311,pargame1r,NA,TRUE
australia-republic-1999,1511,1,knowledge-7,4549,flagchg1,1,NA,0,non_substantive,dkchg1=1,0,TRUE,dk,none_or_dk,NO,311,flagchg1r,NA,TRUE
australia-republic-1999,1511,1,knowledge-8,4549,anthem1,1,NA,0,non_substantive,dkchg1=1,0,TRUE,dk,none_or_dk,NO,311,anthem1r,NA,TRUE
australia-republic-1999,1511,1,knowledge-9,4549,wdroyal1,1,NA,0,non_substantive,dkchg1=1,0,TRUE,dk,none_or_dk,NO,311,wdroyal1r,NA,TRUE
australia-republic-1999,1512,2,knowledge-10,4550,pargame2,99,NA,NA,non_substantive,99,NA,TRUE,dk,blank,NOT ANSWERED,312,pargame2r,0,TRUE
australia-republic-1999,1512,2,knowledge-7,4550,flagchg2,99,NA,NA,non_substantive,99,NA,TRUE,dk,blank,NOT ANSWERED,312,flagchg2r,0,TRUE
australia-republic-1999,1512,2,knowledge-8,4550,anthem2,99,NA,NA,non_substantive,99,NA,TRUE,dk,blank,NOT ANSWERED,312,anthem2r,0,TRUE
australia-republic-1999,1512,2,knowledge-9,4550,wdroyal2,99,NA,NA,non_substantive,99,NA,TRUE,dk,blank,NOT ANSWERED,312,wdroyal2r,0,TRUE
australia-republic-1999,1516,2,knowledge-10,4554,pargame2,1,NA,1,answered,NA,1,TRUE,correct,answered,NO,315,pargame2r,NA,TRUE
australia-republic-1999,1516,2,knowledge-7,4554,flagchg2,1,NA,1,answered,NA,1,TRUE,correct,answered,NO,315,flagchg2r,NA,TRUE
australia-republic-1999,1516,2,knowledge-8,4554,anthem2,1,NA,1,answered,NA,1,TRUE,correct,answered,NO,315,anthem2r,NA,TRUE
australia-republic-1999,1516,2,knowledge-9,4554,wdroyal2,1,NA,0,answered,NA,0,TRUE,incorrect,answered,NO,315,wdroyal2r,NA,TRUE
australia-republic-1999,1525,2,knowledge-10,4563,pargame2,1,NA,1,answered,NA,1,TRUE,correct,answered,NO,319,pargame2r,NA,TRUE
australia-republic-1999,1525,2,knowledge-7,4563,flagchg2,1,NA,1,answered,NA,1,TRUE,correct,answered,NO,319,flagchg2r,NA,TRUE
australia-republic-1999,1525,2,knowledge-8,4563,anthem2,1,NA,1,answered,NA,1,TRUE,correct,answered,NO,319,anthem2r,NA,TRUE
australia-republic-1999,1525,2,knowledge-9,4563,wdroyal2,1,NA,0,answered,NA,0,TRUE,incorrect,answered,NO,319,wdroyal2r,NA,TRUE
australia-republic-1999,1526,2,knowledge-10,4564,pargame2,99,NA,NA,non_substantive,99,NA,TRUE,dk,blank,NOT ANSWERED,320,pargame2r,0,TRUE
australia-republic-1999,1526,2,knowledge-7,4564,flagchg2,99,NA,NA,non_substantive,99,NA,TRUE,dk,blank,NOT ANSWERED,320,flagchg2r,0,TRUE
australia-republic-1999,1526,2,knowledge-8,4564,anthem2,99,NA,NA,non_substantive,99,NA,TRUE,dk,blank,NOT ANSWERED,320,anthem2r,0,TRUE
australia-republic-1999,1526,2,knowledge-9,4564,wdroyal2,99,NA,NA,non_substantive,99,NA,TRUE,dk,blank,NOT ANSWERED,320,wdroyal2r,0,TRUE
australia-republic-1999,1544,1,knowledge-10,4582,pargame1,1,NA,0,non_substantive,dkchg1=1,0,TRUE,dk,none_or_dk,NO,326,pargame1r,NA,TRUE
australia-republic-1999,1544,1,knowledge-7,4582,flagchg1,1,NA,0,non_substantive,dkchg1=1,0,TRUE,dk,none_or_dk,NO,326,flagchg1r,NA,TRUE
australia-republic-1999,1544,1,knowledge-8,4582,anthem1,1,NA,0,non_substantive,dkchg1=1,0,TRUE,dk,none_or_dk,NO,326,anthem1r,NA,TRUE
australia-republic-1999,1544,1,knowledge-9,4582,wdroyal1,1,NA,0,non_substantive,dkchg1=1,0,TRUE,dk,none_or_dk,NO,326,wdroyal1r,NA,TRUE
australia-republic-1999,1546,1,knowledge-10,4584,pargame1,1,NA,0,non_substantive,dkchg1=1,0,TRUE,dk,none_or_dk,NO,328,pargame1r,NA,TRUE
australia-republic-1999,1546,1,knowledge-7,4584,flagchg1,1,NA,0,non_substantive,dkchg1=1,0,TRUE,dk,none_or_dk,NO,328,flagchg1r,NA,TRUE
australia-republic-1999,1546,1,knowledge-8,4584,anthem1,1,NA,0,non_substantive,dkchg1=1,0,TRUE,dk,none_or_dk,NO,328,anthem1r,NA,TRUE
australia-republic-1999,1546,1,knowledge-9,4584,wdroyal1,1,NA,0,non_substantive,dkchg1=1,0,TRUE,dk,none_or_dk,NO,328,wdroyal1r,NA,TRUE
australia-republic-1999,155,2,knowledge-10,3594,pargame2,1,NA,1,answered,NA,1,TRUE,correct,answered,NO,45,pargame2r,NA,TRUE
australia-republic-1999,155,2,knowledge-7,3594,flagchg2,1,NA,1,answered,NA,1,TRUE,correct,answered,NO,45,flagchg2r,NA,TRUE
australia-republic-1999,155,2,knowledge-8,3594,anthem2,1,NA,1,answered,NA,1,TRUE,correct,answered,NO,45,anthem2r,NA,TRUE
australia-republic-1999,155,2,knowledge-9,3594,wdroyal2,1,NA,0,answered,NA,0,TRUE,incorrect,answered,NO,45,wdroyal2r,NA,TRUE
australia-republic-1999,1560,1,knowledge-10,4598,pargame1,1,NA,0,non_substantive,dkchg1=1,0,TRUE,dk,none_or_dk,NO,333,pargame1r,NA,TRUE
australia-republic-1999,1560,1,knowledge-7,4598,flagchg1,1,NA,0,non_substantive,dkchg1=1,0,TRUE,dk,none_or_dk,NO,333,flagchg1r,NA,TRUE
australia-republic-1999,1560,1,knowledge-8,4598,anthem1,1,NA,0,non_substantive,dkchg1=1,0,TRUE,dk,none_or_dk,NO,333,anthem1r,NA,TRUE
australia-republic-1999,1560,1,knowledge-9,4598,wdroyal1,1,NA,0,non_substantive,dkchg1=1,0,TRUE,dk,none_or_dk,NO,333,wdroyal1r,NA,TRUE
australia-republic-1999,1589,2,knowledge-10,4627,pargame2,1,NA,1,answered,NA,1,TRUE,correct,answered,NO,342,pargame2r,NA,TRUE
australia-republic-1999,1589,2,knowledge-7,4627,flagchg2,1,NA,1,answered,NA,1,TRUE,correct,answered,NO,342,flagchg2r,NA,TRUE
australia-republic-1999,1589,2,knowledge-8,4627,anthem2,1,NA,1,answered,NA,1,TRUE,correct,answered,NO,342,anthem2r,NA,TRUE
australia-republic-1999,1589,2,knowledge-9,4627,wdroyal2,1,NA,0,answered,NA,0,TRUE,incorrect,answered,NO,342,wdroyal2r,NA,TRUE
australia-republic-1999,1604,2,knowledge-10,4642,pargame2,1,NA,1,answered,NA,1,TRUE,correct,answered,NO,346,pargame2r,NA,TRUE
australia-republic-1999,1604,2,knowledge-7,4642,flagchg2,1,NA,1,answered,NA,1,TRUE,correct,answered,NO,346,flagchg2r,NA,TRUE
australia-republic-1999,1604,2,knowledge-8,4642,anthem2,1,NA,1,answered,NA,1,TRUE,correct,answered,NO,346,anthem2r,NA,TRUE
australia-republic-1999,1604,2,knowledge-9,4642,wdroyal2,1,NA,0,answered,NA,0,TRUE,incorrect,answered,NO,346,wdroyal2r,NA,TRUE
australia-republic-1999,177,1,knowledge-10,3616,pargame1,1,NA,0,non_substantive,dkchg1=1,0,TRUE,dk,none_or_dk,NO,52,pargame1r,NA,TRUE
australia-republic-1999,177,1,knowledge-7,3616,flagchg1,1,NA,0,non_substantive,dkchg1=1,0,TRUE,dk,none_or_dk,NO,52,flagchg1r,NA,TRUE
australia-republic-1999,177,1,knowledge-8,3616,anthem1,1,NA,0,non_substantive,dkchg1=1,0,TRUE,dk,none_or_dk,NO,52,anthem1r,NA,TRUE
australia-republic-1999,177,1,knowledge-9,3616,wdroyal1,1,NA,0,non_substantive,dkchg1=1,0,TRUE,dk,none_or_dk,NO,52,wdroyal1r,NA,TRUE
australia-republic-1999,178,2,knowledge-10,3617,pargame2,1,NA,1,answered,NA,1,TRUE,correct,answered,NO,53,pargame2r,NA,TRUE
australia-republic-1999,178,2,knowledge-7,3617,flagchg2,1,NA,1,answered,NA,1,TRUE,correct,answered,NO,53,flagchg2r,NA,TRUE
australia-republic-1999,178,2,knowledge-8,3617,anthem2,1,NA,1,answered,NA,1,TRUE,correct,answered,NO,53,anthem2r,NA,TRUE
australia-republic-1999,178,2,knowledge-9,3617,wdroyal2,1,NA,0,answered,NA,0,TRUE,incorrect,answered,NO,53,wdroyal2r,NA,TRUE
australia-republic-1999,182,1,knowledge-10,3621,pargame1,1,NA,0,non_substantive,dkchg1=1,0,TRUE,dk,none_or_dk,NO,55,pargame1r,NA,TRUE
australia-republic-1999,182,1,knowledge-7,3621,flagchg1,1,NA,0,non_substantive,dkchg1=1,0,TRUE,dk,none_or_dk,NO,55,flagchg1r,NA,TRUE
australia-republic-1999,182,1,knowledge-8,3621,anthem1,1,NA,0,non_substantive,dkchg1=1,0,TRUE,dk,none_or_dk,NO,55,anthem1r,NA,TRUE
australia-republic-1999,182,1,knowledge-9,3621,wdroyal1,1,NA,0,non_substantive,dkchg1=1,0,TRUE,dk,none_or_dk,NO,55,wdroyal1r,NA,TRUE
australia-republic-1999,182,2,knowledge-10,3621,pargame2,1,NA,1,answered,NA,1,TRUE,correct,answered,NO,55,pargame2r,NA,TRUE
australia-republic-1999,182,2,knowledge-7,3621,flagchg2,1,NA,1,answered,NA,1,TRUE,correct,answered,NO,55,flagchg2r,NA,TRUE
australia-republic-1999,182,2,knowledge-8,3621,anthem2,1,NA,1,answered,NA,1,TRUE,correct,answered,NO,55,anthem2r,NA,TRUE
australia-republic-1999,182,2,knowledge-9,3621,wdroyal2,1,NA,0,answered,NA,0,TRUE,incorrect,answered,NO,55,wdroyal2r,NA,TRUE
australia-republic-1999,183,2,knowledge-10,3622,pargame2,1,NA,1,answered,NA,1,TRUE,correct,answered,NO,56,pargame2r,NA,TRUE
australia-republic-1999,183,2,knowledge-7,3622,flagchg2,1,NA,1,answered,NA,1,TRUE,correct,answered,NO,56,flagchg2r,NA,TRUE
australia-republic-1999,183,2,knowledge-8,3622,anthem2,1,NA,1,answered,NA,1,TRUE,correct,answered,NO,56,anthem2r,NA,TRUE
australia-republic-1999,183,2,knowledge-9,3622,wdroyal2,1,NA,0,answered,NA,0,TRUE,incorrect,answered,NO,56,wdroyal2r,NA,TRUE
australia-republic-1999,216,1,knowledge-10,3655,pargame1,1,NA,0,non_substantive,dkchg1=1,0,TRUE,dk,none_or_dk,NO,64,pargame1r,NA,TRUE
australia-republic-1999,216,1,knowledge-7,3655,flagchg1,1,NA,0,non_substantive,dkchg1=1,0,TRUE,dk,none_or_dk,NO,64,flagchg1r,NA,TRUE
australia-republic-1999,216,1,knowledge-8,3655,anthem1,1,NA,0,non_substantive,dkchg1=1,0,TRUE,dk,none_or_dk,NO,64,anthem1r,NA,TRUE
australia-republic-1999,216,1,knowledge-9,3655,wdroyal1,1,NA,0,non_substantive,dkchg1=1,0,TRUE,dk,none_or_dk,NO,64,wdroyal1r,NA,TRUE
australia-republic-1999,216,2,knowledge-10,3655,pargame2,1,NA,1,answered,NA,1,TRUE,correct,answered,NO,64,pargame2r,NA,TRUE
australia-republic-1999,216,2,knowledge-7,3655,flagchg2,1,NA,1,answered,NA,1,TRUE,correct,answered,NO,64,flagchg2r,NA,TRUE
australia-republic-1999,216,2,knowledge-8,3655,anthem2,1,NA,1,answered,NA,1,TRUE,correct,answered,NO,64,anthem2r,NA,TRUE
australia-republic-1999,216,2,knowledge-9,3655,wdroyal2,1,NA,0,answered,NA,0,TRUE,incorrect,answered,NO,64,wdroyal2r,NA,TRUE
australia-republic-1999,240,2,knowledge-10,3679,pargame2,99,NA,NA,non_substantive,99,NA,TRUE,dk,blank,NOT ANSWERED,68,pargame2r,0,TRUE
australia-republic-1999,240,2,knowledge-7,3679,flagchg2,99,NA,NA,non_substantive,99,NA,TRUE,dk,blank,NOT ANSWERED,68,flagchg2r,0,TRUE
australia-republic-1999,240,2,knowledge-8,3679,anthem2,99,NA,NA,non_substantive,99,NA,TRUE,dk,blank,NOT ANSWERED,68,anthem2r,0,TRUE
australia-republic-1999,240,2,knowledge-9,3679,wdroyal2,99,NA,NA,non_substantive,99,NA,TRUE,dk,blank,NOT ANSWERED,68,wdroyal2r,0,TRUE
australia-republic-1999,249,2,knowledge-10,3688,pargame2,1,NA,1,answered,NA,1,TRUE,correct,answered,NO,71,pargame2r,NA,TRUE
australia-republic-1999,249,2,knowledge-7,3688,flagchg2,1,NA,1,answered,NA,1,TRUE,correct,answered,NO,71,flagchg2r,NA,TRUE
australia-republic-1999,249,2,knowledge-8,3688,anthem2,1,NA,1,answered,NA,1,TRUE,correct,answered,NO,71,anthem2r,NA,TRUE
australia-republic-1999,249,2,knowledge-9,3688,wdroyal2,1,NA,0,answered,NA,0,TRUE,incorrect,answered,NO,71,wdroyal2r,NA,TRUE
australia-republic-1999,25,1,knowledge-10,3464,pargame1,1,NA,0,non_substantive,dkchg1=1,0,TRUE,dk,none_or_dk,NO,10,pargame1r,NA,TRUE
australia-republic-1999,25,1,knowledge-7,3464,flagchg1,1,NA,0,non_substantive,dkchg1=1,0,TRUE,dk,none_or_dk,NO,10,flagchg1r,NA,TRUE
australia-republic-1999,25,1,knowledge-8,3464,anthem1,1,NA,0,non_substantive,dkchg1=1,0,TRUE,dk,none_or_dk,NO,10,anthem1r,NA,TRUE
australia-republic-1999,25,1,knowledge-9,3464,wdroyal1,1,NA,0,non_substantive,dkchg1=1,0,TRUE,dk,none_or_dk,NO,10,wdroyal1r,NA,TRUE
australia-republic-1999,256,1,knowledge-10,3695,pargame1,1,NA,0,non_substantive,dkchg1=1,0,TRUE,dk,none_or_dk,NO,73,pargame1r,NA,TRUE
australia-republic-1999,256,1,knowledge-7,3695,flagchg1,1,NA,0,non_substantive,dkchg1=1,0,TRUE,dk,none_or_dk,NO,73,flagchg1r,NA,TRUE
australia-republic-1999,256,1,knowledge-8,3695,anthem1,1,NA,0,non_substantive,dkchg1=1,0,TRUE,dk,none_or_dk,NO,73,anthem1r,NA,TRUE
australia-republic-1999,256,1,knowledge-9,3695,wdroyal1,1,NA,0,non_substantive,dkchg1=1,0,TRUE,dk,none_or_dk,NO,73,wdroyal1r,NA,TRUE
australia-republic-1999,31,1,knowledge-10,3470,pargame1,1,NA,0,non_substantive,dkchg1=1,0,TRUE,dk,none_or_dk,NO,11,pargame1r,NA,TRUE
australia-republic-1999,31,1,knowledge-7,3470,flagchg1,1,NA,0,non_substantive,dkchg1=1,0,TRUE,dk,none_or_dk,NO,11,flagchg1r,NA,TRUE
australia-republic-1999,31,1,knowledge-8,3470,anthem1,1,NA,0,non_substantive,dkchg1=1,0,TRUE,dk,none_or_dk,NO,11,anthem1r,NA,TRUE
australia-republic-1999,31,1,knowledge-9,3470,wdroyal1,1,NA,0,non_substantive,dkchg1=1,0,TRUE,dk,none_or_dk,NO,11,wdroyal1r,NA,TRUE
australia-republic-1999,312,2,knowledge-10,3714,pargame2,99,NA,NA,non_substantive,99,NA,TRUE,dk,blank,NOT ANSWERED,78,pargame2r,0,TRUE
australia-republic-1999,312,2,knowledge-7,3714,flagchg2,99,NA,NA,non_substantive,99,NA,TRUE,dk,blank,NOT ANSWERED,78,flagchg2r,0,TRUE
australia-republic-1999,312,2,knowledge-8,3714,anthem2,99,NA,NA,non_substantive,99,NA,TRUE,dk,blank,NOT ANSWERED,78,anthem2r,0,TRUE
australia-republic-1999,312,2,knowledge-9,3714,wdroyal2,99,NA,NA,non_substantive,99,NA,TRUE,dk,blank,NOT ANSWERED,78,wdroyal2r,0,TRUE
australia-republic-1999,327,2,knowledge-10,3729,pargame2,1,NA,1,answered,NA,1,TRUE,correct,answered,NO,82,pargame2r,NA,TRUE
australia-republic-1999,327,2,knowledge-7,3729,flagchg2,1,NA,1,answered,NA,1,TRUE,correct,answered,NO,82,flagchg2r,NA,TRUE
australia-republic-1999,327,2,knowledge-8,3729,anthem2,1,NA,1,answered,NA,1,TRUE,correct,answered,NO,82,anthem2r,NA,TRUE
australia-republic-1999,327,2,knowledge-9,3729,wdroyal2,1,NA,0,answered,NA,0,TRUE,incorrect,answered,NO,82,wdroyal2r,NA,TRUE
australia-republic-1999,329,2,knowledge-10,3731,pargame2,1,NA,1,answered,NA,1,TRUE,correct,answered,NO,83,pargame2r,NA,TRUE
australia-republic-1999,329,2,knowledge-7,3731,flagchg2,1,NA,1,answered,NA,1,TRUE,correct,answered,NO,83,flagchg2r,NA,TRUE
australia-republic-1999,329,2,knowledge-8,3731,anthem2,1,NA,1,answered,NA,1,TRUE,correct,answered,NO,83,anthem2r,NA,TRUE
australia-republic-1999,329,2,knowledge-9,3731,wdroyal2,1,NA,0,answered,NA,0,TRUE,incorrect,answered,NO,83,wdroyal2r,NA,TRUE
australia-republic-1999,357,2,knowledge-10,3759,pargame2,1,NA,1,answered,NA,1,TRUE,correct,answered,NO,90,pargame2r,NA,TRUE
australia-republic-1999,357,2,knowledge-7,3759,flagchg2,1,NA,1,answered,NA,1,TRUE,correct,answered,NO,90,flagchg2r,NA,TRUE
australia-republic-1999,357,2,knowledge-8,3759,anthem2,1,NA,1,answered,NA,1,TRUE,correct,answered,NO,90,anthem2r,NA,TRUE
australia-republic-1999,357,2,knowledge-9,3759,wdroyal2,1,NA,0,answered,NA,0,TRUE,incorrect,answered,NO,90,wdroyal2r,NA,TRUE
australia-republic-1999,366,1,knowledge-10,3768,pargame1,1,NA,0,non_substantive,dkchg1=1,0,TRUE,dk,none_or_dk,NO,94,pargame1r,NA,TRUE
australia-republic-1999,366,1,knowledge-7,3768,flagchg1,1,NA,0,non_substantive,dkchg1=1,0,TRUE,dk,none_or_dk,NO,94,flagchg1r,NA,TRUE
australia-republic-1999,366,1,knowledge-8,3768,anthem1,1,NA,0,non_substantive,dkchg1=1,0,TRUE,dk,none_or_dk,NO,94,anthem1r,NA,TRUE
australia-republic-1999,366,1,knowledge-9,3768,wdroyal1,1,NA,0,non_substantive,dkchg1=1,0,TRUE,dk,none_or_dk,NO,94,wdroyal1r,NA,TRUE
australia-republic-1999,370,1,knowledge-10,3772,pargame1,1,NA,0,non_substantive,dkchg1=1,0,TRUE,dk,none_or_dk,NO,95,pargame1r,NA,TRUE
australia-republic-1999,370,1,knowledge-7,3772,flagchg1,1,NA,0,non_substantive,dkchg1=1,0,TRUE,dk,none_or_dk,NO,95,flagchg1r,NA,TRUE
australia-republic-1999,370,1,knowledge-8,3772,anthem1,1,NA,0,non_substantive,dkchg1=1,0,TRUE,dk,none_or_dk,NO,95,anthem1r,NA,TRUE
australia-republic-1999,370,1,knowledge-9,3772,wdroyal1,1,NA,0,non_substantive,dkchg1=1,0,TRUE,dk,none_or_dk,NO,95,wdroyal1r,NA,TRUE
australia-republic-1999,370,2,knowledge-10,3772,pargame2,1,NA,1,answered,NA,1,TRUE,correct,answered,NO,95,pargame2r,NA,TRUE
australia-republic-1999,370,2,knowledge-7,3772,flagchg2,1,NA,1,answered,NA,1,TRUE,correct,answered,NO,95,flagchg2r,NA,TRUE
australia-republic-1999,370,2,knowledge-8,3772,anthem2,1,NA,1,answered,NA,1,TRUE,correct,answered,NO,95,anthem2r,NA,TRUE
australia-republic-1999,370,2,knowledge-9,3772,wdroyal2,1,NA,0,answered,NA,0,TRUE,incorrect,answered,NO,95,wdroyal2r,NA,TRUE
australia-republic-1999,38,1,knowledge-10,3477,pargame1,1,NA,0,non_substantive,dkchg1=1,0,TRUE,dk,none_or_dk,NO,13,pargame1r,NA,TRUE
australia-republic-1999,38,1,knowledge-7,3477,flagchg1,1,NA,0,non_substantive,dkchg1=1,0,TRUE,dk,none_or_dk,NO,13,flagchg1r,NA,TRUE
australia-republic-1999,38,1,knowledge-8,3477,anthem1,1,NA,0,non_substantive,dkchg1=1,0,TRUE,dk,none_or_dk,NO,13,anthem1r,NA,TRUE
australia-republic-1999,38,1,knowledge-9,3477,wdroyal1,1,NA,0,non_substantive,dkchg1=1,0,TRUE,dk,none_or_dk,NO,13,wdroyal1r,NA,TRUE
australia-republic-1999,403,1,knowledge-10,3805,pargame1,1,NA,0,non_substantive,dkchg1=1,0,TRUE,dk,none_or_dk,NO,99,pargame1r,NA,TRUE
australia-republic-1999,403,1,knowledge-7,3805,flagchg1,1,NA,0,non_substantive,dkchg1=1,0,TRUE,dk,none_or_dk,NO,99,flagchg1r,NA,TRUE
australia-republic-1999,403,1,knowledge-8,3805,anthem1,1,NA,0,non_substantive,dkchg1=1,0,TRUE,dk,none_or_dk,NO,99,anthem1r,NA,TRUE
australia-republic-1999,403,1,knowledge-9,3805,wdroyal1,1,NA,0,non_substantive,dkchg1=1,0,TRUE,dk,none_or_dk,NO,99,wdroyal1r,NA,TRUE
australia-republic-1999,404,2,knowledge-10,3806,pargame2,1,NA,1,answered,NA,1,TRUE,correct,answered,NO,100,pargame2r,NA,TRUE
australia-republic-1999,404,2,knowledge-7,3806,flagchg2,1,NA,1,answered,NA,1,TRUE,correct,answered,NO,100,flagchg2r,NA,TRUE
australia-republic-1999,404,2,knowledge-8,3806,anthem2,1,NA,1,answered,NA,1,TRUE,correct,answered,NO,100,anthem2r,NA,TRUE
australia-republic-1999,404,2,knowledge-9,3806,wdroyal2,1,NA,0,answered,NA,0,TRUE,incorrect,answered,NO,100,wdroyal2r,NA,TRUE
australia-republic-1999,419,2,knowledge-10,3821,pargame2,1,NA,1,answered,NA,1,TRUE,correct,answered,NO,102,pargame2r,NA,TRUE
australia-republic-1999,419,2,knowledge-7,3821,flagchg2,1,NA,1,answered,NA,1,TRUE,correct,answered,NO,102,flagchg2r,NA,TRUE
australia-republic-1999,419,2,knowledge-8,3821,anthem2,1,NA,1,answered,NA,1,TRUE,correct,answered,NO,102,anthem2r,NA,TRUE
australia-republic-1999,419,2,knowledge-9,3821,wdroyal2,1,NA,0,answered,NA,0,TRUE,incorrect,answered,NO,102,wdroyal2r,NA,TRUE
australia-republic-1999,43,1,knowledge-10,3482,pargame1,1,NA,0,non_substantive,dkchg1=1,0,TRUE,dk,none_or_dk,NO,16,pargame1r,NA,TRUE
australia-republic-1999,43,1,knowledge-7,3482,flagchg1,1,NA,0,non_substantive,dkchg1=1,0,TRUE,dk,none_or_dk,NO,16,flagchg1r,NA,TRUE
australia-republic-1999,43,1,knowledge-8,3482,anthem1,1,NA,0,non_substantive,dkchg1=1,0,TRUE,dk,none_or_dk,NO,16,anthem1r,NA,TRUE
australia-republic-1999,43,1,knowledge-9,3482,wdroyal1,1,NA,0,non_substantive,dkchg1=1,0,TRUE,dk,none_or_dk,NO,16,wdroyal1r,NA,TRUE
australia-republic-1999,430,2,knowledge-10,3832,pargame2,1,NA,1,answered,NA,1,TRUE,correct,answered,NO,105,pargame2r,NA,TRUE
australia-republic-1999,430,2,knowledge-7,3832,flagchg2,1,NA,1,answered,NA,1,TRUE,correct,answered,NO,105,flagchg2r,NA,TRUE
australia-republic-1999,430,2,knowledge-8,3832,anthem2,1,NA,1,answered,NA,1,TRUE,correct,answered,NO,105,anthem2r,NA,TRUE
australia-republic-1999,430,2,knowledge-9,3832,wdroyal2,1,NA,0,answered,NA,0,TRUE,incorrect,answered,NO,105,wdroyal2r,NA,TRUE
australia-republic-1999,46,1,knowledge-10,3485,pargame1,1,NA,0,non_substantive,dkchg1=1,0,TRUE,dk,none_or_dk,NO,17,pargame1r,NA,TRUE
australia-republic-1999,46,1,knowledge-7,3485,flagchg1,1,NA,0,non_substantive,dkchg1=1,0,TRUE,dk,none_or_dk,NO,17,flagchg1r,NA,TRUE
australia-republic-1999,46,1,knowledge-8,3485,anthem1,1,NA,0,non_substantive,dkchg1=1,0,TRUE,dk,none_or_dk,NO,17,anthem1r,NA,TRUE
australia-republic-1999,46,1,knowledge-9,3485,wdroyal1,1,NA,0,non_substantive,dkchg1=1,0,TRUE,dk,none_or_dk,NO,17,wdroyal1r,NA,TRUE
australia-republic-1999,5,2,knowledge-10,3444,pargame2,1,NA,1,answered,NA,1,TRUE,correct,answered,NO,3,pargame2r,NA,TRUE
australia-republic-1999,5,2,knowledge-7,3444,flagchg2,1,NA,1,answered,NA,1,TRUE,correct,answered,NO,3,flagchg2r,NA,TRUE
australia-republic-1999,5,2,knowledge-8,3444,anthem2,1,NA,1,answered,NA,1,TRUE,correct,answered,NO,3,anthem2r,NA,TRUE
australia-republic-1999,5,2,knowledge-9,3444,wdroyal2,1,NA,0,answered,NA,0,TRUE,incorrect,answered,NO,3,wdroyal2r,NA,TRUE
australia-republic-1999,514,2,knowledge-10,3886,pargame2,1,NA,1,answered,NA,1,TRUE,correct,answered,NO,114,pargame2r,NA,TRUE
australia-republic-1999,514,2,knowledge-7,3886,flagchg2,1,NA,1,answered,NA,1,TRUE,correct,answered,NO,114,flagchg2r,NA,TRUE
australia-republic-1999,514,2,knowledge-8,3886,anthem2,1,NA,1,answered,NA,1,TRUE,correct,answered,NO,114,anthem2r,NA,TRUE
australia-republic-1999,514,2,knowledge-9,3886,wdroyal2,1,NA,0,answered,NA,0,TRUE,incorrect,answered,NO,114,wdroyal2r,NA,TRUE
australia-republic-1999,522,1,knowledge-10,3894,pargame1,1,NA,0,non_substantive,dkchg1=1,0,TRUE,dk,none_or_dk,NO,118,pargame1r,NA,TRUE
australia-republic-1999,522,1,knowledge-7,3894,flagchg1,1,NA,0,non_substantive,dkchg1=1,0,TRUE,dk,none_or_dk,NO,118,flagchg1r,NA,TRUE
australia-republic-1999,522,1,knowledge-8,3894,anthem1,1,NA,0,non_substantive,dkchg1=1,0,TRUE,dk,none_or_dk,NO,118,anthem1r,NA,TRUE
australia-republic-1999,522,1,knowledge-9,3894,wdroyal1,1,NA,0,non_substantive,dkchg1=1,0,TRUE,dk,none_or_dk,NO,118,wdroyal1r,NA,TRUE
australia-republic-1999,531,2,knowledge-10,3903,pargame2,1,NA,1,answered,NA,1,TRUE,correct,answered,NO,123,pargame2r,NA,TRUE
australia-republic-1999,531,2,knowledge-7,3903,flagchg2,1,NA,1,answered,NA,1,TRUE,correct,answered,NO,123,flagchg2r,NA,TRUE
australia-republic-1999,531,2,knowledge-8,3903,anthem2,1,NA,1,answered,NA,1,TRUE,correct,answered,NO,123,anthem2r,NA,TRUE
australia-republic-1999,531,2,knowledge-9,3903,wdroyal2,1,NA,0,answered,NA,0,TRUE,incorrect,answered,NO,123,wdroyal2r,NA,TRUE
australia-republic-1999,532,2,knowledge-10,3904,pargame2,1,NA,1,answered,NA,1,TRUE,correct,answered,NO,124,pargame2r,NA,TRUE
australia-republic-1999,532,2,knowledge-7,3904,flagchg2,1,NA,1,answered,NA,1,TRUE,correct,answered,NO,124,flagchg2r,NA,TRUE
australia-republic-1999,532,2,knowledge-8,3904,anthem2,1,NA,1,answered,NA,1,TRUE,correct,answered,NO,124,anthem2r,NA,TRUE
australia-republic-1999,532,2,knowledge-9,3904,wdroyal2,1,NA,0,answered,NA,0,TRUE,incorrect,answered,NO,124,wdroyal2r,NA,TRUE
australia-republic-1999,539,1,knowledge-10,3911,pargame1,1,NA,0,non_substantive,dkchg1=1,0,TRUE,dk,none_or_dk,NO,127,pargame1r,NA,TRUE
australia-republic-1999,539,1,knowledge-7,3911,flagchg1,1,NA,0,non_substantive,dkchg1=1,0,TRUE,dk,none_or_dk,NO,127,flagchg1r,NA,TRUE
australia-republic-1999,539,1,knowledge-8,3911,anthem1,1,NA,0,non_substantive,dkchg1=1,0,TRUE,dk,none_or_dk,NO,127,anthem1r,NA,TRUE
australia-republic-1999,539,1,knowledge-9,3911,wdroyal1,1,NA,0,non_substantive,dkchg1=1,0,TRUE,dk,none_or_dk,NO,127,wdroyal1r,NA,TRUE
australia-republic-1999,542,2,knowledge-10,3914,pargame2,1,NA,1,answered,NA,1,TRUE,correct,answered,NO,129,pargame2r,NA,TRUE
australia-republic-1999,542,2,knowledge-7,3914,flagchg2,1,NA,1,answered,NA,1,TRUE,correct,answered,NO,129,flagchg2r,NA,TRUE
australia-republic-1999,542,2,knowledge-8,3914,anthem2,1,NA,1,answered,NA,1,TRUE,correct,answered,NO,129,anthem2r,NA,TRUE
australia-republic-1999,542,2,knowledge-9,3914,wdroyal2,1,NA,0,answered,NA,0,TRUE,incorrect,answered,NO,129,wdroyal2r,NA,TRUE
australia-republic-1999,565,1,knowledge-10,3937,pargame1,1,NA,0,non_substantive,dkchg1=1,0,TRUE,dk,none_or_dk,NO,131,pargame1r,NA,TRUE
australia-republic-1999,565,1,knowledge-7,3937,flagchg1,1,NA,0,non_substantive,dkchg1=1,0,TRUE,dk,none_or_dk,NO,131,flagchg1r,NA,TRUE
australia-republic-1999,565,1,knowledge-8,3937,anthem1,1,NA,0,non_substantive,dkchg1=1,0,TRUE,dk,none_or_dk,NO,131,anthem1r,NA,TRUE
australia-republic-1999,565,1,knowledge-9,3937,wdroyal1,1,NA,0,non_substantive,dkchg1=1,0,TRUE,dk,none_or_dk,NO,131,wdroyal1r,NA,TRUE
australia-republic-1999,572,1,knowledge-10,3944,pargame1,1,NA,0,non_substantive,dkchg1=1,0,TRUE,dk,none_or_dk,NO,136,pargame1r,NA,TRUE
australia-republic-1999,572,1,knowledge-7,3944,flagchg1,1,NA,0,non_substantive,dkchg1=1,0,TRUE,dk,none_or_dk,NO,136,flagchg1r,NA,TRUE
australia-republic-1999,572,1,knowledge-8,3944,anthem1,1,NA,0,non_substantive,dkchg1=1,0,TRUE,dk,none_or_dk,NO,136,anthem1r,NA,TRUE
australia-republic-1999,572,1,knowledge-9,3944,wdroyal1,1,NA,0,non_substantive,dkchg1=1,0,TRUE,dk,none_or_dk,NO,136,wdroyal1r,NA,TRUE
australia-republic-1999,592,2,knowledge-10,3964,pargame2,1,NA,1,answered,NA,1,TRUE,correct,answered,NO,144,pargame2r,NA,TRUE
australia-republic-1999,592,2,knowledge-7,3964,flagchg2,1,NA,1,answered,NA,1,TRUE,correct,answered,NO,144,flagchg2r,NA,TRUE
australia-republic-1999,592,2,knowledge-8,3964,anthem2,1,NA,1,answered,NA,1,TRUE,correct,answered,NO,144,anthem2r,NA,TRUE
australia-republic-1999,592,2,knowledge-9,3964,wdroyal2,1,NA,0,answered,NA,0,TRUE,incorrect,answered,NO,144,wdroyal2r,NA,TRUE
australia-republic-1999,602,1,knowledge-10,3974,pargame1,1,NA,0,non_substantive,dkchg1=1,0,TRUE,dk,none_or_dk,NO,147,pargame1r,NA,TRUE
australia-republic-1999,602,1,knowledge-7,3974,flagchg1,1,NA,0,non_substantive,dkchg1=1,0,TRUE,dk,none_or_dk,NO,147,flagchg1r,NA,TRUE
australia-republic-1999,602,1,knowledge-8,3974,anthem1,1,NA,0,non_substantive,dkchg1=1,0,TRUE,dk,none_or_dk,NO,147,anthem1r,NA,TRUE
australia-republic-1999,602,1,knowledge-9,3974,wdroyal1,1,NA,0,non_substantive,dkchg1=1,0,TRUE,dk,none_or_dk,NO,147,wdroyal1r,NA,TRUE
australia-republic-1999,61,2,knowledge-10,3500,pargame2,1,NA,1,answered,NA,1,TRUE,correct,answered,NO,20,pargame2r,NA,TRUE
australia-republic-1999,61,2,knowledge-7,3500,flagchg2,1,NA,1,answered,NA,1,TRUE,correct,answered,NO,20,flagchg2r,NA,TRUE
australia-republic-1999,61,2,knowledge-8,3500,anthem2,1,NA,1,answered,NA,1,TRUE,correct,answered,NO,20,anthem2r,NA,TRUE
australia-republic-1999,61,2,knowledge-9,3500,wdroyal2,1,NA,0,answered,NA,0,TRUE,incorrect,answered,NO,20,wdroyal2r,NA,TRUE
australia-republic-1999,621,1,knowledge-10,3993,pargame1,1,NA,0,non_substantive,dkchg1=1,0,TRUE,dk,none_or_dk,NO,150,pargame1r,NA,TRUE
australia-republic-1999,621,1,knowledge-7,3993,flagchg1,1,NA,0,non_substantive,dkchg1=1,0,TRUE,dk,none_or_dk,NO,150,flagchg1r,NA,TRUE
australia-republic-1999,621,1,knowledge-8,3993,anthem1,1,NA,0,non_substantive,dkchg1=1,0,TRUE,dk,none_or_dk,NO,150,anthem1r,NA,TRUE
australia-republic-1999,621,1,knowledge-9,3993,wdroyal1,1,NA,0,non_substantive,dkchg1=1,0,TRUE,dk,none_or_dk,NO,150,wdroyal1r,NA,TRUE
australia-republic-1999,632,1,knowledge-10,4004,pargame1,1,NA,0,non_substantive,dkchg1=1,0,TRUE,dk,none_or_dk,NO,153,pargame1r,NA,TRUE
australia-republic-1999,632,1,knowledge-7,4004,flagchg1,1,NA,0,non_substantive,dkchg1=1,0,TRUE,dk,none_or_dk,NO,153,flagchg1r,NA,TRUE
australia-republic-1999,632,1,knowledge-8,4004,anthem1,1,NA,0,non_substantive,dkchg1=1,0,TRUE,dk,none_or_dk,NO,153,anthem1r,NA,TRUE
australia-republic-1999,632,1,knowledge-9,4004,wdroyal1,1,NA,0,non_substantive,dkchg1=1,0,TRUE,dk,none_or_dk,NO,153,wdroyal1r,NA,TRUE
australia-republic-1999,650,2,knowledge-10,4022,pargame2,1,NA,1,answered,NA,1,TRUE,correct,answered,NO,158,pargame2r,NA,TRUE
australia-republic-1999,650,2,knowledge-7,4022,flagchg2,1,NA,1,answered,NA,1,TRUE,correct,answered,NO,158,flagchg2r,NA,TRUE
australia-republic-1999,650,2,knowledge-8,4022,anthem2,1,NA,1,answered,NA,1,TRUE,correct,answered,NO,158,anthem2r,NA,TRUE
australia-republic-1999,650,2,knowledge-9,4022,wdroyal2,1,NA,0,answered,NA,0,TRUE,incorrect,answered,NO,158,wdroyal2r,NA,TRUE
australia-republic-1999,668,1,knowledge-10,4040,pargame1,1,NA,0,non_substantive,dkchg1=1,0,TRUE,dk,none_or_dk,NO,162,pargame1r,NA,TRUE
australia-republic-1999,668,1,knowledge-7,4040,flagchg1,1,NA,0,non_substantive,dkchg1=1,0,TRUE,dk,none_or_dk,NO,162,flagchg1r,NA,TRUE
australia-republic-1999,668,1,knowledge-8,4040,anthem1,1,NA,0,non_substantive,dkchg1=1,0,TRUE,dk,none_or_dk,NO,162,anthem1r,NA,TRUE
australia-republic-1999,668,1,knowledge-9,4040,wdroyal1,1,NA,0,non_substantive,dkchg1=1,0,TRUE,dk,none_or_dk,NO,162,wdroyal1r,NA,TRUE
australia-republic-1999,683,1,knowledge-10,4055,pargame1,1,NA,0,non_substantive,dkchg1=1,0,TRUE,dk,none_or_dk,NO,163,pargame1r,NA,TRUE
australia-republic-1999,683,1,knowledge-7,4055,flagchg1,1,NA,0,non_substantive,dkchg1=1,0,TRUE,dk,none_or_dk,NO,163,flagchg1r,NA,TRUE
australia-republic-1999,683,1,knowledge-8,4055,anthem1,1,NA,0,non_substantive,dkchg1=1,0,TRUE,dk,none_or_dk,NO,163,anthem1r,NA,TRUE
australia-republic-1999,683,1,knowledge-9,4055,wdroyal1,1,NA,0,non_substantive,dkchg1=1,0,TRUE,dk,none_or_dk,NO,163,wdroyal1r,NA,TRUE
australia-republic-1999,688,2,knowledge-10,4060,pargame2,1,NA,1,answered,NA,1,TRUE,correct,answered,NO,168,pargame2r,NA,TRUE
australia-republic-1999,688,2,knowledge-7,4060,flagchg2,1,NA,1,answered,NA,1,TRUE,correct,answered,NO,168,flagchg2r,NA,TRUE
australia-republic-1999,688,2,knowledge-8,4060,anthem2,1,NA,1,answered,NA,1,TRUE,correct,answered,NO,168,anthem2r,NA,TRUE
australia-republic-1999,688,2,knowledge-9,4060,wdroyal2,1,NA,0,answered,NA,0,TRUE,incorrect,answered,NO,168,wdroyal2r,NA,TRUE
australia-republic-1999,693,1,knowledge-10,4065,pargame1,1,NA,0,non_substantive,dkchg1=1,0,TRUE,dk,none_or_dk,NO,171,pargame1r,NA,TRUE
australia-republic-1999,693,1,knowledge-7,4065,flagchg1,1,NA,0,non_substantive,dkchg1=1,0,TRUE,dk,none_or_dk,NO,171,flagchg1r,NA,TRUE
australia-republic-1999,693,1,knowledge-8,4065,anthem1,1,NA,0,non_substantive,dkchg1=1,0,TRUE,dk,none_or_dk,NO,171,anthem1r,NA,TRUE
australia-republic-1999,693,1,knowledge-9,4065,wdroyal1,1,NA,0,non_substantive,dkchg1=1,0,TRUE,dk,none_or_dk,NO,171,wdroyal1r,NA,TRUE
australia-republic-1999,721,2,knowledge-10,4093,pargame2,1,NA,1,answered,NA,1,TRUE,correct,answered,NO,177,pargame2r,NA,TRUE
australia-republic-1999,721,2,knowledge-7,4093,flagchg2,1,NA,1,answered,NA,1,TRUE,correct,answered,NO,177,flagchg2r,NA,TRUE
australia-republic-1999,721,2,knowledge-8,4093,anthem2,1,NA,1,answered,NA,1,TRUE,correct,answered,NO,177,anthem2r,NA,TRUE
australia-republic-1999,721,2,knowledge-9,4093,wdroyal2,1,NA,0,answered,NA,0,TRUE,incorrect,answered,NO,177,wdroyal2r,NA,TRUE
australia-republic-1999,723,2,knowledge-10,4095,pargame2,1,NA,1,answered,NA,1,TRUE,correct,answered,NO,178,pargame2r,NA,TRUE
australia-republic-1999,723,2,knowledge-7,4095,flagchg2,1,NA,1,answered,NA,1,TRUE,correct,answered,NO,178,flagchg2r,NA,TRUE
australia-republic-1999,723,2,knowledge-8,4095,anthem2,1,NA,1,answered,NA,1,TRUE,correct,answered,NO,178,anthem2r,NA,TRUE
australia-republic-1999,723,2,knowledge-9,4095,wdroyal2,1,NA,0,answered,NA,0,TRUE,incorrect,answered,NO,178,wdroyal2r,NA,TRUE
australia-republic-1999,764,1,knowledge-10,4109,pargame1,1,NA,0,non_substantive,dkchg1=1,0,TRUE,dk,none_or_dk,NO,182,pargame1r,NA,TRUE
australia-republic-1999,764,1,knowledge-7,4109,flagchg1,1,NA,0,non_substantive,dkchg1=1,0,TRUE,dk,none_or_dk,NO,182,flagchg1r,NA,TRUE
australia-republic-1999,764,1,knowledge-8,4109,anthem1,1,NA,0,non_substantive,dkchg1=1,0,TRUE,dk,none_or_dk,NO,182,anthem1r,NA,TRUE
australia-republic-1999,764,1,knowledge-9,4109,wdroyal1,1,NA,0,non_substantive,dkchg1=1,0,TRUE,dk,none_or_dk,NO,182,wdroyal1r,NA,TRUE
australia-republic-1999,779,1,knowledge-10,4124,pargame1,1,NA,0,non_substantive,dkchg1=1,0,TRUE,dk,none_or_dk,NO,184,pargame1r,NA,TRUE
australia-republic-1999,779,1,knowledge-7,4124,flagchg1,1,NA,0,non_substantive,dkchg1=1,0,TRUE,dk,none_or_dk,NO,184,flagchg1r,NA,TRUE
australia-republic-1999,779,1,knowledge-8,4124,anthem1,1,NA,0,non_substantive,dkchg1=1,0,TRUE,dk,none_or_dk,NO,184,anthem1r,NA,TRUE
australia-republic-1999,779,1,knowledge-9,4124,wdroyal1,1,NA,0,non_substantive,dkchg1=1,0,TRUE,dk,none_or_dk,NO,184,wdroyal1r,NA,TRUE
australia-republic-1999,784,2,knowledge-10,4129,pargame2,1,NA,1,answered,NA,1,TRUE,correct,answered,NO,185,pargame2r,NA,TRUE
australia-republic-1999,784,2,knowledge-7,4129,flagchg2,1,NA,1,answered,NA,1,TRUE,correct,answered,NO,185,flagchg2r,NA,TRUE
australia-republic-1999,784,2,knowledge-8,4129,anthem2,1,NA,1,answered,NA,1,TRUE,correct,answered,NO,185,anthem2r,NA,TRUE
australia-republic-1999,784,2,knowledge-9,4129,wdroyal2,1,NA,0,answered,NA,0,TRUE,incorrect,answered,NO,185,wdroyal2r,NA,TRUE
australia-republic-1999,8,1,knowledge-10,3447,pargame1,1,NA,0,non_substantive,dkchg1=1,0,TRUE,dk,none_or_dk,NO,5,pargame1r,NA,TRUE
australia-republic-1999,8,1,knowledge-7,3447,flagchg1,1,NA,0,non_substantive,dkchg1=1,0,TRUE,dk,none_or_dk,NO,5,flagchg1r,NA,TRUE
australia-republic-1999,8,1,knowledge-8,3447,anthem1,1,NA,0,non_substantive,dkchg1=1,0,TRUE,dk,none_or_dk,NO,5,anthem1r,NA,TRUE
australia-republic-1999,8,1,knowledge-9,3447,wdroyal1,1,NA,0,non_substantive,dkchg1=1,0,TRUE,dk,none_or_dk,NO,5,wdroyal1r,NA,TRUE
australia-republic-1999,815,2,knowledge-10,4160,pargame2,1,NA,1,answered,NA,1,TRUE,correct,answered,NO,194,pargame2r,NA,TRUE
australia-republic-1999,815,2,knowledge-7,4160,flagchg2,1,NA,1,answered,NA,1,TRUE,correct,answered,NO,194,flagchg2r,NA,TRUE
australia-republic-1999,815,2,knowledge-8,4160,anthem2,1,NA,1,answered,NA,1,TRUE,correct,answered,NO,194,anthem2r,NA,TRUE
australia-republic-1999,815,2,knowledge-9,4160,wdroyal2,1,NA,0,answered,NA,0,TRUE,incorrect,answered,NO,194,wdroyal2r,NA,TRUE
australia-republic-1999,816,1,knowledge-10,4161,pargame1,1,NA,0,non_substantive,dkchg1=1,0,TRUE,dk,none_or_dk,NO,195,pargame1r,NA,TRUE
australia-republic-1999,816,1,knowledge-7,4161,flagchg1,1,NA,0,non_substantive,dkchg1=1,0,TRUE,dk,none_or_dk,NO,195,flagchg1r,NA,TRUE
australia-republic-1999,816,1,knowledge-8,4161,anthem1,1,NA,0,non_substantive,dkchg1=1,0,TRUE,dk,none_or_dk,NO,195,anthem1r,NA,TRUE
australia-republic-1999,816,1,knowledge-9,4161,wdroyal1,1,NA,0,non_substantive,dkchg1=1,0,TRUE,dk,none_or_dk,NO,195,wdroyal1r,NA,TRUE
australia-republic-1999,854,1,knowledge-10,4181,pargame1,1,NA,0,non_substantive,dkchg1=1,0,TRUE,dk,none_or_dk,NO,203,pargame1r,NA,TRUE
australia-republic-1999,854,1,knowledge-7,4181,flagchg1,1,NA,0,non_substantive,dkchg1=1,0,TRUE,dk,none_or_dk,NO,203,flagchg1r,NA,TRUE
australia-republic-1999,854,1,knowledge-8,4181,anthem1,1,NA,0,non_substantive,dkchg1=1,0,TRUE,dk,none_or_dk,NO,203,anthem1r,NA,TRUE
australia-republic-1999,854,1,knowledge-9,4181,wdroyal1,1,NA,0,non_substantive,dkchg1=1,0,TRUE,dk,none_or_dk,NO,203,wdroyal1r,NA,TRUE
australia-republic-1999,858,1,knowledge-10,4185,pargame1,1,NA,0,non_substantive,dkchg1=1,0,TRUE,dk,none_or_dk,NO,204,pargame1r,NA,TRUE
australia-republic-1999,858,1,knowledge-7,4185,flagchg1,1,NA,0,non_substantive,dkchg1=1,0,TRUE,dk,none_or_dk,NO,204,flagchg1r,NA,TRUE
australia-republic-1999,858,1,knowledge-8,4185,anthem1,1,NA,0,non_substantive,dkchg1=1,0,TRUE,dk,none_or_dk,NO,204,anthem1r,NA,TRUE
australia-republic-1999,858,1,knowledge-9,4185,wdroyal1,1,NA,0,non_substantive,dkchg1=1,0,TRUE,dk,none_or_dk,NO,204,wdroyal1r,NA,TRUE
australia-republic-1999,859,1,knowledge-10,4186,pargame1,1,NA,0,non_substantive,dkchg1=1,0,TRUE,dk,none_or_dk,NO,205,pargame1r,NA,TRUE
australia-republic-1999,859,1,knowledge-7,4186,flagchg1,1,NA,0,non_substantive,dkchg1=1,0,TRUE,dk,none_or_dk,NO,205,flagchg1r,NA,TRUE
australia-republic-1999,859,1,knowledge-8,4186,anthem1,1,NA,0,non_substantive,dkchg1=1,0,TRUE,dk,none_or_dk,NO,205,anthem1r,NA,TRUE
australia-republic-1999,859,1,knowledge-9,4186,wdroyal1,1,NA,0,non_substantive,dkchg1=1,0,TRUE,dk,none_or_dk,NO,205,wdroyal1r,NA,TRUE
australia-republic-1999,866,1,knowledge-10,4193,pargame1,1,NA,0,non_substantive,dkchg1=1,0,TRUE,dk,none_or_dk,NO,207,pargame1r,NA,TRUE
australia-republic-1999,866,1,knowledge-7,4193,flagchg1,1,NA,0,non_substantive,dkchg1=1,0,TRUE,dk,none_or_dk,NO,207,flagchg1r,NA,TRUE
australia-republic-1999,866,1,knowledge-8,4193,anthem1,1,NA,0,non_substantive,dkchg1=1,0,TRUE,dk,none_or_dk,NO,207,anthem1r,NA,TRUE
australia-republic-1999,866,1,knowledge-9,4193,wdroyal1,1,NA,0,non_substantive,dkchg1=1,0,TRUE,dk,none_or_dk,NO,207,wdroyal1r,NA,TRUE
australia-republic-1999,881,1,knowledge-10,4208,pargame1,1,NA,0,non_substantive,dkchg1=1,0,TRUE,dk,none_or_dk,NO,216,pargame1r,NA,TRUE
australia-republic-1999,881,1,knowledge-7,4208,flagchg1,1,NA,0,non_substantive,dkchg1=1,0,TRUE,dk,none_or_dk,NO,216,flagchg1r,NA,TRUE
australia-republic-1999,881,1,knowledge-8,4208,anthem1,1,NA,0,non_substantive,dkchg1=1,0,TRUE,dk,none_or_dk,NO,216,anthem1r,NA,TRUE
australia-republic-1999,881,1,knowledge-9,4208,wdroyal1,1,NA,0,non_substantive,dkchg1=1,0,TRUE,dk,none_or_dk,NO,216,wdroyal1r,NA,TRUE
australia-republic-1999,886,1,knowledge-10,4213,pargame1,1,NA,0,non_substantive,dkchg1=1,0,TRUE,dk,none_or_dk,NO,217,pargame1r,NA,TRUE
australia-republic-1999,886,1,knowledge-7,4213,flagchg1,1,NA,0,non_substantive,dkchg1=1,0,TRUE,dk,none_or_dk,NO,217,flagchg1r,NA,TRUE
australia-republic-1999,886,1,knowledge-8,4213,anthem1,1,NA,0,non_substantive,dkchg1=1,0,TRUE,dk,none_or_dk,NO,217,anthem1r,NA,TRUE
australia-republic-1999,886,1,knowledge-9,4213,wdroyal1,1,NA,0,non_substantive,dkchg1=1,0,TRUE,dk,none_or_dk,NO,217,wdroyal1r,NA,TRUE
australia-republic-1999,905,1,knowledge-10,4232,pargame1,1,NA,0,non_substantive,dkchg1=1,0,TRUE,dk,none_or_dk,NO,220,pargame1r,NA,TRUE
australia-republic-1999,905,1,knowledge-7,4232,flagchg1,1,NA,0,non_substantive,dkchg1=1,0,TRUE,dk,none_or_dk,NO,220,flagchg1r,NA,TRUE
australia-republic-1999,905,1,knowledge-8,4232,anthem1,1,NA,0,non_substantive,dkchg1=1,0,TRUE,dk,none_or_dk,NO,220,anthem1r,NA,TRUE
australia-republic-1999,905,1,knowledge-9,4232,wdroyal1,1,NA,0,non_substantive,dkchg1=1,0,TRUE,dk,none_or_dk,NO,220,wdroyal1r,NA,TRUE
australia-republic-1999,911,1,knowledge-10,4238,pargame1,1,NA,0,non_substantive,dkchg1=1,0,TRUE,dk,none_or_dk,NO,222,pargame1r,NA,TRUE
australia-republic-1999,911,1,knowledge-7,4238,flagchg1,1,NA,0,non_substantive,dkchg1=1,0,TRUE,dk,none_or_dk,NO,222,flagchg1r,NA,TRUE
australia-republic-1999,911,1,knowledge-8,4238,anthem1,1,NA,0,non_substantive,dkchg1=1,0,TRUE,dk,none_or_dk,NO,222,anthem1r,NA,TRUE
australia-republic-1999,911,1,knowledge-9,4238,wdroyal1,1,NA,0,non_substantive,dkchg1=1,0,TRUE,dk,none_or_dk,NO,222,wdroyal1r,NA,TRUE
btp-general-election-2004,1259,1,knowledge-7,18,w4b66,-1,NA,NA,non_substantive,-1,NA,TRUE,NA,refused,refused,16,t1know7raw,0,TRUE
btp-general-election-2004,1389,2,knowledge-1,297,w4f60,-1,NA,NA,non_substantive,-1,NA,TRUE,NA,refused,refused,249,t3know1raw,0,TRUE
btp-general-election-2004,1695,2,knowledge-4,282,w4f63,-1,NA,NA,non_substantive,-1,NA,TRUE,NA,refused,refused,238,t3know4raw,0,TRUE
btp-general-election-2004,1695,2,knowledge-9,282,w4f69,-1,NA,NA,non_substantive,-1,NA,TRUE,NA,refused,refused,238,t3know9raw,0,TRUE
btp-general-election-2004,2683,1,knowledge-1,109,w4b60,-1,NA,NA,non_substantive,-1,NA,TRUE,NA,refused,refused,99,t1know1raw,0,TRUE
btp-general-election-2004,437,2,knowledge-7,143,w4f66,-1,NA,NA,non_substantive,-1,NA,TRUE,NA,refused,refused,130,t3know7raw,0,TRUE
btp-general-election-2004,585,2,knowledge-7,246,w4f66,-1,NA,NA,non_substantive,-1,NA,TRUE,NA,refused,refused,211,t3know7raw,0,TRUE
btp-health-education-2005,1,1,knowledge-3,1,q17,3,NA,1,answered,NA,1,TRUE,correct,answered,decreasing,1,t1know3raw,0,TRUE
btp-health-education-2005,10,1,knowledge-3,10,q17,1,NA,0,answered,NA,0,TRUE,incorrect,answered,increasing,10,t1know3raw,1,TRUE
btp-health-education-2005,100,1,knowledge-3,100,q17,1,NA,0,answered,NA,0,TRUE,incorrect,answered,increasing,100,t1know3raw,1,TRUE
btp-health-education-2005,100,2,knowledge-3,100,q17post,3,NA,1,answered,NA,1,TRUE,correct,answered,decreasing,100,t3know3raw,0,TRUE
btp-health-education-2005,101,1,knowledge-3,101,q17,3,NA,1,answered,NA,1,TRUE,correct,answered,decreasing,101,t1know3raw,0,TRUE
btp-health-education-2005,101,2,knowledge-3,101,q17post,1,NA,0,answered,NA,0,TRUE,incorrect,answered,increasing,101,t3know3raw,1,TRUE
btp-health-education-2005,102,2,knowledge-3,102,q17post,3,NA,1,answered,NA,1,TRUE,correct,answered,decreasing,102,t3know3raw,0,TRUE
btp-health-education-2005,103,2,knowledge-3,103,q17post,1,NA,0,answered,NA,0,TRUE,incorrect,answered,increasing,103,t3know3raw,1,TRUE
btp-health-education-2005,104,1,knowledge-3,104,q17,3,NA,1,answered,NA,1,TRUE,correct,answered,decreasing,104,t1know3raw,0,TRUE
btp-health-education-2005,105,2,knowledge-3,105,q17post,3,NA,1,answered,NA,1,TRUE,correct,answered,decreasing,105,t3know3raw,0,TRUE
btp-health-education-2005,106,2,knowledge-3,106,q17post,3,NA,1,answered,NA,1,TRUE,correct,answered,decreasing,106,t3know3raw,0,TRUE
btp-health-education-2005,107,2,knowledge-3,107,q17post,3,NA,1,answered,NA,1,TRUE,correct,answered,decreasing,107,t3know3raw,0,TRUE
btp-health-education-2005,108,2,knowledge-3,108,q17post,1,NA,0,answered,NA,0,TRUE,incorrect,answered,increasing,108,t3know3raw,1,TRUE
btp-health-education-2005,11,1,knowledge-3,11,q17,1,NA,0,answered,NA,0,TRUE,incorrect,answered,increasing,11,t1know3raw,1,TRUE
btp-health-education-2005,11,2,knowledge-3,11,q17post,1,NA,0,answered,NA,0,TRUE,incorrect,answered,increasing,11,t3know3raw,1,TRUE
btp-health-education-2005,110,1,knowledge-3,110,q17,1,NA,0,answered,NA,0,TRUE,incorrect,answered,increasing,110,t1know3raw,1,TRUE
btp-health-education-2005,110,2,knowledge-3,110,q17post,1,NA,0,answered,NA,0,TRUE,incorrect,answered,increasing,110,t3know3raw,1,TRUE
btp-health-education-2005,112,1,knowledge-3,112,q17,1,NA,0,answered,NA,0,TRUE,incorrect,answered,increasing,112,t1know3raw,1,TRUE
btp-health-education-2005,112,2,knowledge-3,112,q17post,1,NA,0,answered,NA,0,TRUE,incorrect,answered,increasing,112,t3know3raw,1,TRUE
btp-health-education-2005,113,2,knowledge-3,113,q17post,1,NA,0,answered,NA,0,TRUE,incorrect,answered,increasing,113,t3know3raw,1,TRUE
btp-health-education-2005,114,1,knowledge-3,114,q17,1,NA,0,answered,NA,0,TRUE,incorrect,answered,increasing,114,t1know3raw,1,TRUE
btp-health-education-2005,115,1,knowledge-3,115,q17,1,NA,0,answered,NA,0,TRUE,incorrect,answered,increasing,115,t1know3raw,1,TRUE
btp-health-education-2005,116,1,knowledge-3,116,q17,1,NA,0,answered,NA,0,TRUE,incorrect,answered,increasing,116,t1know3raw,1,TRUE
btp-health-education-2005,119,1,knowledge-3,119,q17,1,NA,0,answered,NA,0,TRUE,incorrect,answered,increasing,119,t1know3raw,1,TRUE
btp-health-education-2005,119,2,knowledge-3,119,q17post,1,NA,0,answered,NA,0,TRUE,incorrect,answered,increasing,119,t3know3raw,1,TRUE
btp-health-education-2005,12,1,knowledge-3,12,q17,3,NA,1,answered,NA,1,TRUE,correct,answered,decreasing,12,t1know3raw,0,TRUE
btp-health-education-2005,12,2,knowledge-3,12,q17post,1,NA,0,answered,NA,0,TRUE,incorrect,answered,increasing,12,t3know3raw,1,TRUE
btp-health-education-2005,121,1,knowledge-3,121,q17,3,NA,1,answered,NA,1,TRUE,correct,answered,decreasing,121,t1know3raw,0,TRUE
btp-health-education-2005,121,2,knowledge-3,121,q17post,3,NA,1,answered,NA,1,TRUE,correct,answered,decreasing,121,t3know3raw,0,TRUE
btp-health-education-2005,122,1,knowledge-3,122,q17,3,NA,1,answered,NA,1,TRUE,correct,answered,decreasing,122,t1know3raw,0,TRUE
btp-health-education-2005,122,2,knowledge-3,122,q17post,3,NA,1,answered,NA,1,TRUE,correct,answered,decreasing,122,t3know3raw,0,TRUE
btp-health-education-2005,124,1,knowledge-3,124,q17,1,NA,0,answered,NA,0,TRUE,incorrect,answered,increasing,124,t1know3raw,1,TRUE
btp-health-education-2005,124,2,knowledge-3,124,q17post,1,NA,0,answered,NA,0,TRUE,incorrect,answered,increasing,124,t3know3raw,1,TRUE
btp-health-education-2005,125,1,knowledge-3,125,q17,1,NA,0,answered,NA,0,TRUE,incorrect,answered,increasing,125,t1know3raw,1,TRUE
btp-health-education-2005,125,2,knowledge-3,125,q17post,1,NA,0,answered,NA,0,TRUE,incorrect,answered,increasing,125,t3know3raw,1,TRUE
btp-health-education-2005,127,2,knowledge-3,127,q17post,3,NA,1,answered,NA,1,TRUE,correct,answered,decreasing,127,t3know3raw,0,TRUE
btp-health-education-2005,128,1,knowledge-3,128,q17,1,NA,0,answered,NA,0,TRUE,incorrect,answered,increasing,128,t1know3raw,1,TRUE
btp-health-education-2005,129,1,knowledge-3,129,q17,3,NA,1,answered,NA,1,TRUE,correct,answered,decreasing,129,t1know3raw,0,TRUE
btp-health-education-2005,129,2,knowledge-3,129,q17post,1,NA,0,answered,NA,0,TRUE,incorrect,answered,increasing,129,t3know3raw,1,TRUE
btp-health-education-2005,13,1,knowledge-3,13,q17,3,NA,1,answered,NA,1,TRUE,correct,answered,decreasing,13,t1know3raw,0,TRUE
btp-health-education-2005,13,2,knowledge-3,13,q17post,1,NA,0,answered,NA,0,TRUE,incorrect,answered,increasing,13,t3know3raw,1,TRUE
btp-health-education-2005,130,1,knowledge-3,130,q17,1,NA,0,answered,NA,0,TRUE,incorrect,answered,increasing,130,t1know3raw,1,TRUE
btp-health-education-2005,130,2,knowledge-3,130,q17post,1,NA,0,answered,NA,0,TRUE,incorrect,answered,increasing,130,t3know3raw,1,TRUE
btp-health-education-2005,131,1,knowledge-3,131,q17,3,NA,1,answered,NA,1,TRUE,correct,answered,decreasing,131,t1know3raw,0,TRUE
btp-health-education-2005,131,2,knowledge-3,131,q17post,3,NA,1,answered,NA,1,TRUE,correct,answered,decreasing,131,t3know3raw,0,TRUE
btp-health-education-2005,132,1,knowledge-3,132,q17,1,NA,0,answered,NA,0,TRUE,incorrect,answered,increasing,132,t1know3raw,1,TRUE
btp-health-education-2005,133,1,knowledge-3,133,q17,3,NA,1,answered,NA,1,TRUE,correct,answered,decreasing,133,t1know3raw,0,TRUE
btp-health-education-2005,134,1,knowledge-3,134,q17,1,NA,0,answered,NA,0,TRUE,incorrect,answered,increasing,134,t1know3raw,1,TRUE
btp-health-education-2005,134,2,knowledge-3,134,q17post,1,NA,0,answered,NA,0,TRUE,incorrect,answered,increasing,134,t3know3raw,1,TRUE
btp-health-education-2005,135,1,knowledge-3,135,q17,3,NA,1,answered,NA,1,TRUE,correct,answered,decreasing,135,t1know3raw,0,TRUE
btp-health-education-2005,135,2,knowledge-3,135,q17post,1,NA,0,answered,NA,0,TRUE,incorrect,answered,increasing,135,t3know3raw,1,TRUE
btp-health-education-2005,136,1,knowledge-3,136,q17,1,NA,0,answered,NA,0,TRUE,incorrect,answered,increasing,136,t1know3raw,1,TRUE
btp-health-education-2005,136,2,knowledge-3,136,q17post,1,NA,0,answered,NA,0,TRUE,incorrect,answered,increasing,136,t3know3raw,1,TRUE
btp-health-education-2005,137,1,knowledge-3,137,q17,1,NA,0,answered,NA,0,TRUE,incorrect,answered,increasing,137,t1know3raw,1,TRUE
btp-health-education-2005,137,2,knowledge-3,137,q17post,1,NA,0,answered,NA,0,TRUE,incorrect,answered,increasing,137,t3know3raw,1,TRUE
btp-health-education-2005,139,1,knowledge-3,139,q17,3,NA,1,answered,NA,1,TRUE,correct,answered,decreasing,139,t1know3raw,0,TRUE
btp-health-education-2005,139,2,knowledge-3,139,q17post,1,NA,0,answered,NA,0,TRUE,incorrect,answered,increasing,139,t3know3raw,1,TRUE
btp-health-education-2005,14,2,knowledge-3,14,q17post,1,NA,0,answered,NA,0,TRUE,incorrect,answered,increasing,14,t3know3raw,1,TRUE
btp-health-education-2005,140,1,knowledge-3,140,q17,1,NA,0,answered,NA,0,TRUE,incorrect,answered,increasing,140,t1know3raw,1,TRUE
btp-health-education-2005,140,2,knowledge-3,140,q17post,1,NA,0,answered,NA,0,TRUE,incorrect,answered,increasing,140,t3know3raw,1,TRUE
btp-health-education-2005,141,1,knowledge-3,141,q17,3,NA,1,answered,NA,1,TRUE,correct,answered,decreasing,141,t1know3raw,0,TRUE
btp-health-education-2005,141,2,knowledge-3,141,q17post,3,NA,1,answered,NA,1,TRUE,correct,answered,decreasing,141,t3know3raw,0,TRUE
btp-health-education-2005,142,1,knowledge-3,142,q17,1,NA,0,answered,NA,0,TRUE,incorrect,answered,increasing,142,t1know3raw,1,TRUE
btp-health-education-2005,142,2,knowledge-3,142,q17post,1,NA,0,answered,NA,0,TRUE,incorrect,answered,increasing,142,t3know3raw,1,TRUE
btp-health-education-2005,143,1,knowledge-3,143,q17,3,NA,1,answered,NA,1,TRUE,correct,answered,decreasing,143,t1know3raw,0,TRUE
btp-health-education-2005,143,2,knowledge-3,143,q17post,3,NA,1,answered,NA,1,TRUE,correct,answered,decreasing,143,t3know3raw,0,TRUE
btp-health-education-2005,144,2,knowledge-3,144,q17post,3,NA,1,answered,NA,1,TRUE,correct,answered,decreasing,144,t3know3raw,0,TRUE
btp-health-education-2005,145,1,knowledge-3,145,q17,1,NA,0,answered,NA,0,TRUE,incorrect,answered,increasing,145,t1know3raw,1,TRUE
btp-health-education-2005,145,2,knowledge-3,145,q17post,1,NA,0,answered,NA,0,TRUE,incorrect,answered,increasing,145,t3know3raw,1,TRUE
btp-health-education-2005,147,2,knowledge-3,147,q17post,1,NA,0,answered,NA,0,TRUE,incorrect,answered,increasing,147,t3know3raw,1,TRUE
btp-health-education-2005,149,1,knowledge-3,149,q17,1,NA,0,answered,NA,0,TRUE,incorrect,answered,increasing,149,t1know3raw,1,TRUE
btp-health-education-2005,149,2,knowledge-3,149,q17post,1,NA,0,answered,NA,0,TRUE,incorrect,answered,increasing,149,t3know3raw,1,TRUE
btp-health-education-2005,150,2,knowledge-3,150,q17post,3,NA,1,answered,NA,1,TRUE,correct,answered,decreasing,150,t3know3raw,0,TRUE
btp-health-education-2005,151,2,knowledge-3,151,q17post,1,NA,0,answered,NA,0,TRUE,incorrect,answered,increasing,151,t3know3raw,1,TRUE
btp-health-education-2005,153,1,knowledge-3,153,q17,3,NA,1,answered,NA,1,TRUE,correct,answered,decreasing,153,t1know3raw,0,TRUE
btp-health-education-2005,153,2,knowledge-3,153,q17post,3,NA,1,answered,NA,1,TRUE,correct,answered,decreasing,153,t3know3raw,0,TRUE
btp-health-education-2005,154,1,knowledge-3,154,q17,3,NA,1,answered,NA,1,TRUE,correct,answered,decreasing,154,t1know3raw,0,TRUE
btp-health-education-2005,154,2,knowledge-3,154,q17post,3,NA,1,answered,NA,1,TRUE,correct,answered,decreasing,154,t3know3raw,0,TRUE
btp-health-education-2005,155,2,knowledge-3,155,q17post,1,NA,0,answered,NA,0,TRUE,incorrect,answered,increasing,155,t3know3raw,1,TRUE
btp-health-education-2005,156,1,knowledge-3,156,q17,1,NA,0,answered,NA,0,TRUE,incorrect,answered,increasing,156,t1know3raw,1,TRUE
btp-health-education-2005,156,2,knowledge-3,156,q17post,1,NA,0,answered,NA,0,TRUE,incorrect,answered,increasing,156,t3know3raw,1,TRUE
btp-health-education-2005,157,2,knowledge-3,157,q17post,3,NA,1,answered,NA,1,TRUE,correct,answered,decreasing,157,t3know3raw,0,TRUE
btp-health-education-2005,158,1,knowledge-3,158,q17,3,NA,1,answered,NA,1,TRUE,correct,answered,decreasing,158,t1know3raw,0,TRUE
btp-health-education-2005,158,2,knowledge-3,158,q17post,1,NA,0,answered,NA,0,TRUE,incorrect,answered,increasing,158,t3know3raw,1,TRUE
btp-health-education-2005,16,1,knowledge-3,16,q17,3,NA,1,answered,NA,1,TRUE,correct,answered,decreasing,16,t1know3raw,0,TRUE
btp-health-education-2005,160,1,knowledge-3,160,q17,1,NA,0,answered,NA,0,TRUE,incorrect,answered,increasing,160,t1know3raw,1,TRUE
btp-health-education-2005,160,2,knowledge-3,160,q17post,3,NA,1,answered,NA,1,TRUE,correct,answered,decreasing,160,t3know3raw,0,TRUE
btp-health-education-2005,161,1,knowledge-3,161,q17,3,NA,1,answered,NA,1,TRUE,correct,answered,decreasing,161,t1know3raw,0,TRUE
btp-health-education-2005,161,2,knowledge-3,161,q17post,3,NA,1,answered,NA,1,TRUE,correct,answered,decreasing,161,t3know3raw,0,TRUE
btp-health-education-2005,163,2,knowledge-3,163,q17post,3,NA,1,answered,NA,1,TRUE,correct,answered,decreasing,163,t3know3raw,0,TRUE
btp-health-education-2005,167,1,knowledge-3,167,q17,1,NA,0,answered,NA,0,TRUE,incorrect,answered,increasing,167,t1know3raw,1,TRUE
btp-health-education-2005,167,2,knowledge-3,167,q17post,3,NA,1,answered,NA,1,TRUE,correct,answered,decreasing,167,t3know3raw,0,TRUE
btp-health-education-2005,168,1,knowledge-3,168,q17,1,NA,0,answered,NA,0,TRUE,incorrect,answered,increasing,168,t1know3raw,1,TRUE
btp-health-education-2005,168,2,knowledge-3,168,q17post,3,NA,1,answered,NA,1,TRUE,correct,answered,decreasing,168,t3know3raw,0,TRUE
btp-health-education-2005,169,2,knowledge-3,169,q17post,1,NA,0,answered,NA,0,TRUE,incorrect,answered,increasing,169,t3know3raw,1,TRUE
btp-health-education-2005,17,1,knowledge-3,17,q17,1,NA,0,answered,NA,0,TRUE,incorrect,answered,increasing,17,t1know3raw,1,TRUE
btp-health-education-2005,17,2,knowledge-3,17,q17post,1,NA,0,answered,NA,0,TRUE,incorrect,answered,increasing,17,t3know3raw,1,TRUE
btp-health-education-2005,170,1,knowledge-3,170,q17,3,NA,1,answered,NA,1,TRUE,correct,answered,decreasing,170,t1know3raw,0,TRUE
btp-health-education-2005,170,2,knowledge-3,170,q17post,1,NA,0,answered,NA,0,TRUE,incorrect,answered,increasing,170,t3know3raw,1,TRUE
btp-health-education-2005,171,1,knowledge-3,171,q17,3,NA,1,answered,NA,1,TRUE,correct,answered,decreasing,171,t1know3raw,0,TRUE
btp-health-education-2005,171,2,knowledge-3,171,q17post,1,NA,0,answered,NA,0,TRUE,incorrect,answered,increasing,171,t3know3raw,1,TRUE
btp-health-education-2005,172,2,knowledge-3,172,q17post,3,NA,1,answered,NA,1,TRUE,correct,answered,decreasing,172,t3know3raw,0,TRUE
btp-health-education-2005,173,1,knowledge-3,173,q17,3,NA,1,answered,NA,1,TRUE,correct,answered,decreasing,173,t1know3raw,0,TRUE
btp-health-education-2005,173,2,knowledge-3,173,q17post,3,NA,1,answered,NA,1,TRUE,correct,answered,decreasing,173,t3know3raw,0,TRUE
btp-health-education-2005,174,1,knowledge-3,174,q17,1,NA,0,answered,NA,0,TRUE,incorrect,answered,increasing,174,t1know3raw,1,TRUE
btp-health-education-2005,174,2,knowledge-3,174,q17post,1,NA,0,answered,NA,0,TRUE,incorrect,answered,increasing,174,t3know3raw,1,TRUE
btp-health-education-2005,175,1,knowledge-3,175,q17,1,NA,0,answered,NA,0,TRUE,incorrect,answered,increasing,175,t1know3raw,1,TRUE
btp-health-education-2005,176,1,knowledge-3,176,q17,1,NA,0,answered,NA,0,TRUE,incorrect,answered,increasing,176,t1know3raw,1,TRUE
btp-health-education-2005,176,2,knowledge-3,176,q17post,3,NA,1,answered,NA,1,TRUE,correct,answered,decreasing,176,t3know3raw,0,TRUE
btp-health-education-2005,177,1,knowledge-3,177,q17,3,NA,1,answered,NA,1,TRUE,correct,answered,decreasing,177,t1know3raw,0,TRUE
btp-health-education-2005,177,2,knowledge-3,177,q17post,3,NA,1,answered,NA,1,TRUE,correct,answered,decreasing,177,t3know3raw,0,TRUE
btp-health-education-2005,178,1,knowledge-3,178,q17,1,NA,0,answered,NA,0,TRUE,incorrect,answered,increasing,178,t1know3raw,1,TRUE
btp-health-education-2005,178,2,knowledge-3,178,q17post,1,NA,0,answered,NA,0,TRUE,incorrect,answered,increasing,178,t3know3raw,1,TRUE
btp-health-education-2005,18,2,knowledge-3,18,q17post,3,NA,1,answered,NA,1,TRUE,correct,answered,decreasing,18,t3know3raw,0,TRUE
btp-health-education-2005,181,1,knowledge-3,181,q17,3,NA,1,answered,NA,1,TRUE,correct,answered,decreasing,181,t1know3raw,0,TRUE
btp-health-education-2005,181,2,knowledge-3,181,q17post,1,NA,0,answered,NA,0,TRUE,incorrect,answered,increasing,181,t3know3raw,1,TRUE
btp-health-education-2005,182,1,knowledge-3,182,q17,1,NA,0,answered,NA,0,TRUE,incorrect,answered,increasing,182,t1know3raw,1,TRUE
btp-health-education-2005,182,2,knowledge-3,182,q17post,1,NA,0,answered,NA,0,TRUE,incorrect,answered,increasing,182,t3know3raw,1,TRUE
btp-health-education-2005,183,2,knowledge-3,183,q17post,1,NA,0,answered,NA,0,TRUE,incorrect,answered,increasing,183,t3know3raw,1,TRUE
btp-health-education-2005,184,2,knowledge-3,184,q17post,1,NA,0,answered,NA,0,TRUE,incorrect,answered,increasing,184,t3know3raw,1,TRUE
btp-health-education-2005,185,1,knowledge-3,185,q17,3,NA,1,answered,NA,1,TRUE,correct,answered,decreasing,185,t1know3raw,0,TRUE
btp-health-education-2005,186,1,knowledge-3,186,q17,3,NA,1,answered,NA,1,TRUE,correct,answered,decreasing,186,t1know3raw,0,TRUE
btp-health-education-2005,186,2,knowledge-3,186,q17post,3,NA,1,answered,NA,1,TRUE,correct,answered,decreasing,186,t3know3raw,0,TRUE
btp-health-education-2005,187,1,knowledge-3,187,q17,1,NA,0,answered,NA,0,TRUE,incorrect,answered,increasing,187,t1know3raw,1,TRUE
btp-health-education-2005,188,1,knowledge-3,188,q17,1,NA,0,answered,NA,0,TRUE,incorrect,answered,increasing,188,t1know3raw,1,TRUE
btp-health-education-2005,188,2,knowledge-3,188,q17post,3,NA,1,answered,NA,1,TRUE,correct,answered,decreasing,188,t3know3raw,0,TRUE
btp-health-education-2005,189,2,knowledge-3,189,q17post,3,NA,1,answered,NA,1,TRUE,correct,answered,decreasing,189,t3know3raw,0,TRUE
btp-health-education-2005,190,2,knowledge-3,190,q17post,3,NA,1,answered,NA,1,TRUE,correct,answered,decreasing,190,t3know3raw,0,TRUE
btp-health-education-2005,191,1,knowledge-3,191,q17,1,NA,0,answered,NA,0,TRUE,incorrect,answered,increasing,191,t1know3raw,1,TRUE
btp-health-education-2005,194,2,knowledge-3,194,q17post,3,NA,1,answered,NA,1,TRUE,correct,answered,decreasing,194,t3know3raw,0,TRUE
btp-health-education-2005,195,1,knowledge-3,195,q17,1,NA,0,answered,NA,0,TRUE,incorrect,answered,increasing,195,t1know3raw,1,TRUE
btp-health-education-2005,195,2,knowledge-3,195,q17post,1,NA,0,answered,NA,0,TRUE,incorrect,answered,increasing,195,t3know3raw,1,TRUE
btp-health-education-2005,196,1,knowledge-3,196,q17,3,NA,1,answered,NA,1,TRUE,correct,answered,decreasing,196,t1know3raw,0,TRUE
btp-health-education-2005,196,2,knowledge-3,196,q17post,1,NA,0,answered,NA,0,TRUE,incorrect,answered,increasing,196,t3know3raw,1,TRUE
btp-health-education-2005,197,1,knowledge-3,197,q17,3,NA,1,answered,NA,1,TRUE,correct,answered,decreasing,197,t1know3raw,0,TRUE
btp-health-education-2005,197,2,knowledge-3,197,q17post,1,NA,0,answered,NA,0,TRUE,incorrect,answered,increasing,197,t3know3raw,1,TRUE
btp-health-education-2005,198,1,knowledge-3,198,q17,1,NA,0,answered,NA,0,TRUE,incorrect,answered,increasing,198,t1know3raw,1,TRUE
btp-health-education-2005,199,1,knowledge-3,199,q17,1,NA,0,answered,NA,0,TRUE,incorrect,answered,increasing,199,t1know3raw,1,TRUE
btp-health-education-2005,2,2,knowledge-3,2,q17post,3,NA,1,answered,NA,1,TRUE,correct,answered,decreasing,2,t3know3raw,0,TRUE
btp-health-education-2005,20,1,knowledge-3,20,q17,3,NA,1,answered,NA,1,TRUE,correct,answered,decreasing,20,t1know3raw,0,TRUE
btp-health-education-2005,20,2,knowledge-3,20,q17post,3,NA,1,answered,NA,1,TRUE,correct,answered,decreasing,20,t3know3raw,0,TRUE
btp-health-education-2005,200,1,knowledge-3,200,q17,1,NA,0,answered,NA,0,TRUE,incorrect,answered,increasing,200,t1know3raw,1,TRUE
btp-health-education-2005,203,2,knowledge-3,203,q17post,1,NA,0,answered,NA,0,TRUE,incorrect,answered,increasing,203,t3know3raw,1,TRUE
btp-health-education-2005,204,1,knowledge-3,204,q17,3,NA,1,answered,NA,1,TRUE,correct,answered,decreasing,204,t1know3raw,0,TRUE
btp-health-education-2005,204,2,knowledge-3,204,q17post,1,NA,0,answered,NA,0,TRUE,incorrect,answered,increasing,204,t3know3raw,1,TRUE
btp-health-education-2005,205,1,knowledge-3,205,q17,1,NA,0,answered,NA,0,TRUE,incorrect,answered,increasing,205,t1know3raw,1,TRUE
btp-health-education-2005,206,1,knowledge-3,206,q17,1,NA,0,answered,NA,0,TRUE,incorrect,answered,increasing,206,t1know3raw,1,TRUE
btp-health-education-2005,206,2,knowledge-3,206,q17post,1,NA,0,answered,NA,0,TRUE,incorrect,answered,increasing,206,t3know3raw,1,TRUE
btp-health-education-2005,208,1,knowledge-3,208,q17,3,NA,1,answered,NA,1,TRUE,correct,answered,decreasing,208,t1know3raw,0,TRUE
btp-health-education-2005,209,2,knowledge-3,209,q17post,3,NA,1,answered,NA,1,TRUE,correct,answered,decreasing,209,t3know3raw,0,TRUE
btp-health-education-2005,211,1,knowledge-3,211,q17,1,NA,0,answered,NA,0,TRUE,incorrect,answered,increasing,211,t1know3raw,1,TRUE
btp-health-education-2005,211,2,knowledge-3,211,q17post,1,NA,0,answered,NA,0,TRUE,incorrect,answered,increasing,211,t3know3raw,1,TRUE
btp-health-education-2005,212,1,knowledge-3,212,q17,3,NA,1,answered,NA,1,TRUE,correct,answered,decreasing,212,t1know3raw,0,TRUE
btp-health-education-2005,212,2,knowledge-3,212,q17post,3,NA,1,answered,NA,1,TRUE,correct,answered,decreasing,212,t3know3raw,0,TRUE
btp-health-education-2005,213,1,knowledge-3,213,q17,3,NA,1,answered,NA,1,TRUE,correct,answered,decreasing,213,t1know3raw,0,TRUE
btp-health-education-2005,213,2,knowledge-3,213,q17post,3,NA,1,answered,NA,1,TRUE,correct,answered,decreasing,213,t3know3raw,0,TRUE
btp-health-education-2005,214,1,knowledge-3,214,q17,3,NA,1,answered,NA,1,TRUE,correct,answered,decreasing,214,t1know3raw,0,TRUE
btp-health-education-2005,215,1,knowledge-3,215,q17,3,NA,1,answered,NA,1,TRUE,correct,answered,decreasing,215,t1know3raw,0,TRUE
btp-health-education-2005,215,2,knowledge-3,215,q17post,3,NA,1,answered,NA,1,TRUE,correct,answered,decreasing,215,t3know3raw,0,TRUE
btp-health-education-2005,216,1,knowledge-3,216,q17,3,NA,1,answered,NA,1,TRUE,correct,answered,decreasing,216,t1know3raw,0,TRUE
btp-health-education-2005,216,2,knowledge-3,216,q17post,3,NA,1,answered,NA,1,TRUE,correct,answered,decreasing,216,t3know3raw,0,TRUE
btp-health-education-2005,217,2,knowledge-3,217,q17post,1,NA,0,answered,NA,0,TRUE,incorrect,answered,increasing,217,t3know3raw,1,TRUE
btp-health-education-2005,218,2,knowledge-3,218,q17post,1,NA,0,answered,NA,0,TRUE,incorrect,answered,increasing,218,t3know3raw,1,TRUE
btp-health-education-2005,219,2,knowledge-3,219,q17post,3,NA,1,answered,NA,1,TRUE,correct,answered,decreasing,219,t3know3raw,0,TRUE
btp-health-education-2005,220,1,knowledge-3,220,q17,3,NA,1,answered,NA,1,TRUE,correct,answered,decreasing,220,t1know3raw,0,TRUE
btp-health-education-2005,220,2,knowledge-3,220,q17post,1,NA,0,answered,NA,0,TRUE,incorrect,answered,increasing,220,t3know3raw,1,TRUE
btp-health-education-2005,222,1,knowledge-3,222,q17,1,NA,0,answered,NA,0,TRUE,incorrect,answered,increasing,222,t1know3raw,1,TRUE
btp-health-education-2005,223,1,knowledge-3,223,q17,1,NA,0,answered,NA,0,TRUE,incorrect,answered,increasing,223,t1know3raw,1,TRUE
btp-health-education-2005,223,2,knowledge-3,223,q17post,1,NA,0,answered,NA,0,TRUE,incorrect,answered,increasing,223,t3know3raw,1,TRUE
btp-health-education-2005,225,1,knowledge-3,225,q17,1,NA,0,answered,NA,0,TRUE,incorrect,answered,increasing,225,t1know3raw,1,TRUE
btp-health-education-2005,226,1,knowledge-3,226,q17,3,NA,1,answered,NA,1,TRUE,correct,answered,decreasing,226,t1know3raw,0,TRUE
btp-health-education-2005,226,2,knowledge-3,226,q17post,1,NA,0,answered,NA,0,TRUE,incorrect,answered,increasing,226,t3know3raw,1,TRUE
btp-health-education-2005,228,2,knowledge-3,228,q17post,3,NA,1,answered,NA,1,TRUE,correct,answered,decreasing,228,t3know3raw,0,TRUE
btp-health-education-2005,23,1,knowledge-3,23,q17,1,NA,0,answered,NA,0,TRUE,incorrect,answered,increasing,23,t1know3raw,1,TRUE
btp-health-education-2005,232,1,knowledge-3,232,q17,3,NA,1,answered,NA,1,TRUE,correct,answered,decreasing,232,t1know3raw,0,TRUE
btp-health-education-2005,232,2,knowledge-3,232,q17post,3,NA,1,answered,NA,1,TRUE,correct,answered,decreasing,232,t3know3raw,0,TRUE
btp-health-education-2005,233,1,knowledge-3,233,q17,3,NA,1,answered,NA,1,TRUE,correct,answered,decreasing,233,t1know3raw,0,TRUE
btp-health-education-2005,235,1,knowledge-3,235,q17,1,NA,0,answered,NA,0,TRUE,incorrect,answered,increasing,235,t1know3raw,1,TRUE
btp-health-education-2005,235,2,knowledge-3,235,q17post,3,NA,1,answered,NA,1,TRUE,correct,answered,decreasing,235,t3know3raw,0,TRUE
btp-health-education-2005,236,2,knowledge-3,236,q17post,3,NA,1,answered,NA,1,TRUE,correct,answered,decreasing,236,t3know3raw,0,TRUE
btp-health-education-2005,239,1,knowledge-3,239,q17,1,NA,0,answered,NA,0,TRUE,incorrect,answered,increasing,239,t1know3raw,1,TRUE
btp-health-education-2005,239,2,knowledge-3,239,q17post,1,NA,0,answered,NA,0,TRUE,incorrect,answered,increasing,239,t3know3raw,1,TRUE
btp-health-education-2005,24,1,knowledge-3,24,q17,1,NA,0,answered,NA,0,TRUE,incorrect,answered,increasing,24,t1know3raw,1,TRUE
btp-health-education-2005,24,2,knowledge-3,24,q17post,1,NA,0,answered,NA,0,TRUE,incorrect,answered,increasing,24,t3know3raw,1,TRUE
btp-health-education-2005,240,1,knowledge-3,240,q17,3,NA,1,answered,NA,1,TRUE,correct,answered,decreasing,240,t1know3raw,0,TRUE
btp-health-education-2005,240,2,knowledge-3,240,q17post,3,NA,1,answered,NA,1,TRUE,correct,answered,decreasing,240,t3know3raw,0,TRUE
btp-health-education-2005,241,1,knowledge-3,241,q17,1,NA,0,answered,NA,0,TRUE,incorrect,answered,increasing,241,t1know3raw,1,TRUE
btp-health-education-2005,241,2,knowledge-3,241,q17post,1,NA,0,answered,NA,0,TRUE,incorrect,answered,increasing,241,t3know3raw,1,TRUE
btp-health-education-2005,243,1,knowledge-3,243,q17,1,NA,0,answered,NA,0,TRUE,incorrect,answered,increasing,243,t1know3raw,1,TRUE
btp-health-education-2005,243,2,knowledge-3,243,q17post,1,NA,0,answered,NA,0,TRUE,incorrect,answered,increasing,243,t3know3raw,1,TRUE
btp-health-education-2005,245,1,knowledge-3,245,q17,1,NA,0,answered,NA,0,TRUE,incorrect,answered,increasing,245,t1know3raw,1,TRUE
btp-health-education-2005,245,2,knowledge-3,245,q17post,1,NA,0,answered,NA,0,TRUE,incorrect,answered,increasing,245,t3know3raw,1,TRUE
btp-health-education-2005,248,1,knowledge-3,248,q17,3,NA,1,answered,NA,1,TRUE,correct,answered,decreasing,248,t1know3raw,0,TRUE
btp-health-education-2005,248,2,knowledge-3,248,q17post,3,NA,1,answered,NA,1,TRUE,correct,answered,decreasing,248,t3know3raw,0,TRUE
btp-health-education-2005,249,1,knowledge-3,249,q17,1,NA,0,answered,NA,0,TRUE,incorrect,answered,increasing,249,t1know3raw,1,TRUE
btp-health-education-2005,249,2,knowledge-3,249,q17post,1,NA,0,answered,NA,0,TRUE,incorrect,answered,increasing,249,t3know3raw,1,TRUE
btp-health-education-2005,250,2,knowledge-3,250,q17post,1,NA,0,answered,NA,0,TRUE,incorrect,answered,increasing,250,t3know3raw,1,TRUE
btp-health-education-2005,252,2,knowledge-3,252,q17post,3,NA,1,answered,NA,1,TRUE,correct,answered,decreasing,252,t3know3raw,0,TRUE
btp-health-education-2005,253,1,knowledge-3,253,q17,1,NA,0,answered,NA,0,TRUE,incorrect,answered,increasing,253,t1know3raw,1,TRUE
btp-health-education-2005,253,2,knowledge-3,253,q17post,3,NA,1,answered,NA,1,TRUE,correct,answered,decreasing,253,t3know3raw,0,TRUE
btp-health-education-2005,254,1,knowledge-3,254,q17,3,NA,1,answered,NA,1,TRUE,correct,answered,decreasing,254,t1know3raw,0,TRUE
btp-health-education-2005,254,2,knowledge-3,254,q17post,1,NA,0,answered,NA,0,TRUE,incorrect,answered,increasing,254,t3know3raw,1,TRUE
btp-health-education-2005,256,2,knowledge-3,256,q17post,3,NA,1,answered,NA,1,TRUE,correct,answered,decreasing,256,t3know3raw,0,TRUE
btp-health-education-2005,258,1,knowledge-3,258,q17,1,NA,0,answered,NA,0,TRUE,incorrect,answered,increasing,258,t1know3raw,1,TRUE
btp-health-education-2005,258,2,knowledge-3,258,q17post,1,NA,0,answered,NA,0,TRUE,incorrect,answered,increasing,258,t3know3raw,1,TRUE
btp-health-education-2005,26,1,knowledge-3,26,q17,1,NA,0,answered,NA,0,TRUE,incorrect,answered,increasing,26,t1know3raw,1,TRUE
btp-health-education-2005,26,2,knowledge-3,26,q17post,3,NA,1,answered,NA,1,TRUE,correct,answered,decreasing,26,t3know3raw,0,TRUE
btp-health-education-2005,260,1,knowledge-3,260,q17,1,NA,0,answered,NA,0,TRUE,incorrect,answered,increasing,260,t1know3raw,1,TRUE
btp-health-education-2005,261,1,knowledge-3,261,q17,1,NA,0,answered,NA,0,TRUE,incorrect,answered,increasing,261,t1know3raw,1,TRUE
btp-health-education-2005,261,2,knowledge-3,261,q17post,3,NA,1,answered,NA,1,TRUE,correct,answered,decreasing,261,t3know3raw,0,TRUE
btp-health-education-2005,262,2,knowledge-3,262,q17post,3,NA,1,answered,NA,1,TRUE,correct,answered,decreasing,262,t3know3raw,0,TRUE
btp-health-education-2005,263,2,knowledge-3,263,q17post,3,NA,1,answered,NA,1,TRUE,correct,answered,decreasing,263,t3know3raw,0,TRUE
btp-health-education-2005,265,1,knowledge-3,265,q17,1,NA,0,answered,NA,0,TRUE,incorrect,answered,increasing,265,t1know3raw,1,TRUE
btp-health-education-2005,266,1,knowledge-3,266,q17,3,NA,1,answered,NA,1,TRUE,correct,answered,decreasing,266,t1know3raw,0,TRUE
btp-health-education-2005,266,2,knowledge-3,266,q17post,3,NA,1,answered,NA,1,TRUE,correct,answered,decreasing,266,t3know3raw,0,TRUE
btp-health-education-2005,267,2,knowledge-3,267,q17post,1,NA,0,answered,NA,0,TRUE,incorrect,answered,increasing,267,t3know3raw,1,TRUE
btp-health-education-2005,268,2,knowledge-3,268,q17post,3,NA,1,answered,NA,1,TRUE,correct,answered,decreasing,268,t3know3raw,0,TRUE
btp-health-education-2005,269,1,knowledge-3,269,q17,3,NA,1,answered,NA,1,TRUE,correct,answered,decreasing,269,t1know3raw,0,TRUE
btp-health-education-2005,27,1,knowledge-3,27,q17,1,NA,0,answered,NA,0,TRUE,incorrect,answered,increasing,27,t1know3raw,1,TRUE
btp-health-education-2005,27,2,knowledge-3,27,q17post,3,NA,1,answered,NA,1,TRUE,correct,answered,decreasing,27,t3know3raw,0,TRUE
btp-health-education-2005,270,1,knowledge-3,270,q17,1,NA,0,answered,NA,0,TRUE,incorrect,answered,increasing,270,t1know3raw,1,TRUE
btp-health-education-2005,270,2,knowledge-3,270,q17post,1,NA,0,answered,NA,0,TRUE,incorrect,answered,increasing,270,t3know3raw,1,TRUE
btp-health-education-2005,271,1,knowledge-3,271,q17,1,NA,0,answered,NA,0,TRUE,incorrect,answered,increasing,271,t1know3raw,1,TRUE
btp-health-education-2005,273,1,knowledge-3,273,q17,3,NA,1,answered,NA,1,TRUE,correct,answered,decreasing,273,t1know3raw,0,TRUE
btp-health-education-2005,273,2,knowledge-3,273,q17post,3,NA,1,answered,NA,1,TRUE,correct,answered,decreasing,273,t3know3raw,0,TRUE
btp-health-education-2005,274,1,knowledge-3,274,q17,3,NA,1,answered,NA,1,TRUE,correct,answered,decreasing,274,t1know3raw,0,TRUE
btp-health-education-2005,275,1,knowledge-3,275,q17,3,NA,1,answered,NA,1,TRUE,correct,answered,decreasing,275,t1know3raw,0,TRUE
btp-health-education-2005,275,2,knowledge-3,275,q17post,3,NA,1,answered,NA,1,TRUE,correct,answered,decreasing,275,t3know3raw,0,TRUE
btp-health-education-2005,276,2,knowledge-3,276,q17post,3,NA,1,answered,NA,1,TRUE,correct,answered,decreasing,276,t3know3raw,0,TRUE
btp-health-education-2005,277,1,knowledge-3,277,q17,1,NA,0,answered,NA,0,TRUE,incorrect,answered,increasing,277,t1know3raw,1,TRUE
btp-health-education-2005,277,2,knowledge-3,277,q17post,1,NA,0,answered,NA,0,TRUE,incorrect,answered,increasing,277,t3know3raw,1,TRUE
btp-health-education-2005,278,2,knowledge-3,278,q17post,3,NA,1,answered,NA,1,TRUE,correct,answered,decreasing,278,t3know3raw,0,TRUE
btp-health-education-2005,280,2,knowledge-3,280,q17post,3,NA,1,answered,NA,1,TRUE,correct,answered,decreasing,280,t3know3raw,0,TRUE
btp-health-education-2005,281,1,knowledge-3,281,q17,1,NA,0,answered,NA,0,TRUE,incorrect,answered,increasing,281,t1know3raw,1,TRUE
btp-health-education-2005,282,1,knowledge-3,282,q17,3,NA,1,answered,NA,1,TRUE,correct,answered,decreasing,282,t1know3raw,0,TRUE
btp-health-education-2005,282,2,knowledge-3,282,q17post,3,NA,1,answered,NA,1,TRUE,correct,answered,decreasing,282,t3know3raw,0,TRUE
btp-health-education-2005,284,1,knowledge-3,284,q17,1,NA,0,answered,NA,0,TRUE,incorrect,answered,increasing,284,t1know3raw,1,TRUE
btp-health-education-2005,284,2,knowledge-3,284,q17post,1,NA,0,answered,NA,0,TRUE,incorrect,answered,increasing,284,t3know3raw,1,TRUE
btp-health-education-2005,285,2,knowledge-3,285,q17post,3,NA,1,answered,NA,1,TRUE,correct,answered,decreasing,285,t3know3raw,0,TRUE
btp-health-education-2005,287,1,knowledge-3,287,q17,1,NA,0,answered,NA,0,TRUE,incorrect,answered,increasing,287,t1know3raw,1,TRUE
btp-health-education-2005,288,2,knowledge-3,288,q17post,3,NA,1,answered,NA,1,TRUE,correct,answered,decreasing,288,t3know3raw,0,TRUE
btp-health-education-2005,289,1,knowledge-3,289,q17,1,NA,0,answered,NA,0,TRUE,incorrect,answered,increasing,289,t1know3raw,1,TRUE
btp-health-education-2005,293,2,knowledge-3,293,q17post,1,NA,0,answered,NA,0,TRUE,incorrect,answered,increasing,293,t3know3raw,1,TRUE
btp-health-education-2005,294,1,knowledge-3,294,q17,1,NA,0,answered,NA,0,TRUE,incorrect,answered,increasing,294,t1know3raw,1,TRUE
btp-health-education-2005,294,2,knowledge-3,294,q17post,3,NA,1,answered,NA,1,TRUE,correct,answered,decreasing,294,t3know3raw,0,TRUE
btp-health-education-2005,295,1,knowledge-3,295,q17,1,NA,0,answered,NA,0,TRUE,incorrect,answered,increasing,295,t1know3raw,1,TRUE
btp-health-education-2005,295,2,knowledge-3,295,q17post,1,NA,0,answered,NA,0,TRUE,incorrect,answered,increasing,295,t3know3raw,1,TRUE
btp-health-education-2005,296,1,knowledge-3,296,q17,1,NA,0,answered,NA,0,TRUE,incorrect,answered,increasing,296,t1know3raw,1,TRUE
btp-health-education-2005,296,2,knowledge-3,296,q17post,1,NA,0,answered,NA,0,TRUE,incorrect,answered,increasing,296,t3know3raw,1,TRUE
btp-health-education-2005,297,1,knowledge-3,297,q17,3,NA,1,answered,NA,1,TRUE,correct,answered,decreasing,297,t1know3raw,0,TRUE
btp-health-education-2005,298,1,knowledge-3,298,q17,3,NA,1,answered,NA,1,TRUE,correct,answered,decreasing,298,t1know3raw,0,TRUE
btp-health-education-2005,299,1,knowledge-3,299,q17,1,NA,0,answered,NA,0,TRUE,incorrect,answered,increasing,299,t1know3raw,1,TRUE
btp-health-education-2005,3,1,knowledge-3,3,q17,1,NA,0,answered,NA,0,TRUE,incorrect,answered,increasing,3,t1know3raw,1,TRUE
btp-health-education-2005,3,2,knowledge-3,3,q17post,1,NA,0,answered,NA,0,TRUE,incorrect,answered,increasing,3,t3know3raw,1,TRUE
btp-health-education-2005,30,1,knowledge-3,30,q17,1,NA,0,answered,NA,0,TRUE,incorrect,answered,increasing,30,t1know3raw,1,TRUE
btp-health-education-2005,30,2,knowledge-3,30,q17post,1,NA,0,answered,NA,0,TRUE,incorrect,answered,increasing,30,t3know3raw,1,TRUE
btp-health-education-2005,300,1,knowledge-3,300,q17,1,NA,0,answered,NA,0,TRUE,incorrect,answered,increasing,300,t1know3raw,1,TRUE
btp-health-education-2005,300,2,knowledge-3,300,q17post,1,NA,0,answered,NA,0,TRUE,incorrect,answered,increasing,300,t3know3raw,1,TRUE
btp-health-education-2005,301,1,knowledge-3,301,q17,1,NA,0,answered,NA,0,TRUE,incorrect,answered,increasing,301,t1know3raw,1,TRUE
btp-health-education-2005,301,2,knowledge-3,301,q17post,1,NA,0,answered,NA,0,TRUE,incorrect,answered,increasing,301,t3know3raw,1,TRUE
btp-health-education-2005,302,1,knowledge-3,302,q17,1,NA,0,answered,NA,0,TRUE,incorrect,answered,increasing,302,t1know3raw,1,TRUE
btp-health-education-2005,302,2,knowledge-3,302,q17post,1,NA,0,answered,NA,0,TRUE,incorrect,answered,increasing,302,t3know3raw,1,TRUE
btp-health-education-2005,303,1,knowledge-3,303,q17,1,NA,0,answered,NA,0,TRUE,incorrect,answered,increasing,303,t1know3raw,1,TRUE
btp-health-education-2005,303,2,knowledge-3,303,q17post,3,NA,1,answered,NA,1,TRUE,correct,answered,decreasing,303,t3know3raw,0,TRUE
btp-health-education-2005,304,2,knowledge-3,304,q17post,1,NA,0,answered,NA,0,TRUE,incorrect,answered,increasing,304,t3know3raw,1,TRUE
btp-health-education-2005,305,2,knowledge-3,305,q17post,3,NA,1,answered,NA,1,TRUE,correct,answered,decreasing,305,t3know3raw,0,TRUE
btp-health-education-2005,307,1,knowledge-3,307,q17,1,NA,0,answered,NA,0,TRUE,incorrect,answered,increasing,307,t1know3raw,1,TRUE
btp-health-education-2005,307,2,knowledge-3,307,q17post,3,NA,1,answered,NA,1,TRUE,correct,answered,decreasing,307,t3know3raw,0,TRUE
btp-health-education-2005,309,1,knowledge-3,309,q17,1,NA,0,answered,NA,0,TRUE,incorrect,answered,increasing,309,t1know3raw,1,TRUE
btp-health-education-2005,309,2,knowledge-3,309,q17post,1,NA,0,answered,NA,0,TRUE,incorrect,answered,increasing,309,t3know3raw,1,TRUE
btp-health-education-2005,310,1,knowledge-3,310,q17,1,NA,0,answered,NA,0,TRUE,incorrect,answered,increasing,310,t1know3raw,1,TRUE
btp-health-education-2005,311,1,knowledge-3,311,q17,3,NA,1,answered,NA,1,TRUE,correct,answered,decreasing,311,t1know3raw,0,TRUE
btp-health-education-2005,311,2,knowledge-3,311,q17post,3,NA,1,answered,NA,1,TRUE,correct,answered,decreasing,311,t3know3raw,0,TRUE
btp-health-education-2005,312,1,knowledge-3,312,q17,3,NA,1,answered,NA,1,TRUE,correct,answered,decreasing,312,t1know3raw,0,TRUE
btp-health-education-2005,312,2,knowledge-3,312,q17post,3,NA,1,answered,NA,1,TRUE,correct,answered,decreasing,312,t3know3raw,0,TRUE
btp-health-education-2005,313,1,knowledge-3,313,q17,3,NA,1,answered,NA,1,TRUE,correct,answered,decreasing,313,t1know3raw,0,TRUE
btp-health-education-2005,313,2,knowledge-3,313,q17post,1,NA,0,answered,NA,0,TRUE,incorrect,answered,increasing,313,t3know3raw,1,TRUE
btp-health-education-2005,314,1,knowledge-3,314,q17,3,NA,1,answered,NA,1,TRUE,correct,answered,decreasing,314,t1know3raw,0,TRUE
btp-health-education-2005,315,2,knowledge-3,315,q17post,3,NA,1,answered,NA,1,TRUE,correct,answered,decreasing,315,t3know3raw,0,TRUE
btp-health-education-2005,317,1,knowledge-3,317,q17,1,NA,0,answered,NA,0,TRUE,incorrect,answered,increasing,317,t1know3raw,1,TRUE
btp-health-education-2005,317,2,knowledge-3,317,q17post,1,NA,0,answered,NA,0,TRUE,incorrect,answered,increasing,317,t3know3raw,1,TRUE
btp-health-education-2005,318,1,knowledge-3,318,q17,1,NA,0,answered,NA,0,TRUE,incorrect,answered,increasing,318,t1know3raw,1,TRUE
btp-health-education-2005,319,1,knowledge-3,319,q17,3,NA,1,answered,NA,1,TRUE,correct,answered,decreasing,319,t1know3raw,0,TRUE
btp-health-education-2005,319,2,knowledge-3,319,q17post,3,NA,1,answered,NA,1,TRUE,correct,answered,decreasing,319,t3know3raw,0,TRUE
btp-health-education-2005,320,1,knowledge-3,320,q17,1,NA,0,answered,NA,0,TRUE,incorrect,answered,increasing,320,t1know3raw,1,TRUE
btp-health-education-2005,320,2,knowledge-3,320,q17post,1,NA,0,answered,NA,0,TRUE,incorrect,answered,increasing,320,t3know3raw,1,TRUE
btp-health-education-2005,321,2,knowledge-3,321,q17post,3,NA,1,answered,NA,1,TRUE,correct,answered,decreasing,321,t3know3raw,0,TRUE
btp-health-education-2005,322,1,knowledge-3,322,q17,3,NA,1,answered,NA,1,TRUE,correct,answered,decreasing,322,t1know3raw,0,TRUE
btp-health-education-2005,322,2,knowledge-3,322,q17post,3,NA,1,answered,NA,1,TRUE,correct,answered,decreasing,322,t3know3raw,0,TRUE
btp-health-education-2005,324,1,knowledge-3,324,q17,1,NA,0,answered,NA,0,TRUE,incorrect,answered,increasing,324,t1know3raw,1,TRUE
btp-health-education-2005,324,2,knowledge-3,324,q17post,3,NA,1,answered,NA,1,TRUE,correct,answered,decreasing,324,t3know3raw,0,TRUE
btp-health-education-2005,325,2,knowledge-3,325,q17post,1,NA,0,answered,NA,0,TRUE,incorrect,answered,increasing,325,t3know3raw,1,TRUE
btp-health-education-2005,326,1,knowledge-3,326,q17,1,NA,0,answered,NA,0,TRUE,incorrect,answered,increasing,326,t1know3raw,1,TRUE
btp-health-education-2005,326,2,knowledge-3,326,q17post,1,NA,0,answered,NA,0,TRUE,incorrect,answered,increasing,326,t3know3raw,1,TRUE
btp-health-education-2005,327,1,knowledge-3,327,q17,1,NA,0,answered,NA,0,TRUE,incorrect,answered,increasing,327,t1know3raw,1,TRUE
btp-health-education-2005,327,2,knowledge-3,327,q17post,1,NA,0,answered,NA,0,TRUE,incorrect,answered,increasing,327,t3know3raw,1,TRUE
btp-health-education-2005,328,2,knowledge-3,328,q17post,1,NA,0,answered,NA,0,TRUE,incorrect,answered,increasing,328,t3know3raw,1,TRUE
btp-health-education-2005,329,1,knowledge-3,329,q17,1,NA,0,answered,NA,0,TRUE,incorrect,answered,increasing,329,t1know3raw,1,TRUE
btp-health-education-2005,33,1,knowledge-3,33,q17,1,NA,0,answered,NA,0,TRUE,incorrect,answered,increasing,33,t1know3raw,1,TRUE
btp-health-education-2005,33,2,knowledge-3,33,q17post,3,NA,1,answered,NA,1,TRUE,correct,answered,decreasing,33,t3know3raw,0,TRUE
btp-health-education-2005,330,2,knowledge-3,330,q17post,1,NA,0,answered,NA,0,TRUE,incorrect,answered,increasing,330,t3know3raw,1,TRUE
btp-health-education-2005,332,1,knowledge-3,332,q17,1,NA,0,answered,NA,0,TRUE,incorrect,answered,increasing,332,t1know3raw,1,TRUE
btp-health-education-2005,332,2,knowledge-3,332,q17post,3,NA,1,answered,NA,1,TRUE,correct,answered,decreasing,332,t3know3raw,0,TRUE
btp-health-education-2005,333,2,knowledge-3,333,q17post,1,NA,0,answered,NA,0,TRUE,incorrect,answered,increasing,333,t3know3raw,1,TRUE
btp-health-education-2005,334,1,knowledge-3,334,q17,1,NA,0,answered,NA,0,TRUE,incorrect,answered,increasing,334,t1know3raw,1,TRUE
btp-health-education-2005,334,2,knowledge-3,334,q17post,3,NA,1,answered,NA,1,TRUE,correct,answered,decreasing,334,t3know3raw,0,TRUE
btp-health-education-2005,338,1,knowledge-3,338,q17,1,NA,0,answered,NA,0,TRUE,incorrect,answered,increasing,338,t1know3raw,1,TRUE
btp-health-education-2005,338,2,knowledge-3,338,q17post,1,NA,0,answered,NA,0,TRUE,incorrect,answered,increasing,338,t3know3raw,1,TRUE
btp-health-education-2005,34,1,knowledge-3,34,q17,1,NA,0,answered,NA,0,TRUE,incorrect,answered,increasing,34,t1know3raw,1,TRUE
btp-health-education-2005,340,1,knowledge-3,340,q17,1,NA,0,answered,NA,0,TRUE,incorrect,answered,increasing,340,t1know3raw,1,TRUE
btp-health-education-2005,340,2,knowledge-3,340,q17post,1,NA,0,answered,NA,0,TRUE,incorrect,answered,increasing,340,t3know3raw,1,TRUE
btp-health-education-2005,341,1,knowledge-3,341,q17,1,NA,0,answered,NA,0,TRUE,incorrect,answered,increasing,341,t1know3raw,1,TRUE
btp-health-education-2005,341,2,knowledge-3,341,q17post,3,NA,1,answered,NA,1,TRUE,correct,answered,decreasing,341,t3know3raw,0,TRUE
btp-health-education-2005,342,1,knowledge-3,342,q17,3,NA,1,answered,NA,1,TRUE,correct,answered,decreasing,342,t1know3raw,0,TRUE
btp-health-education-2005,344,1,knowledge-3,344,q17,1,NA,0,answered,NA,0,TRUE,incorrect,answered,increasing,344,t1know3raw,1,TRUE
btp-health-education-2005,344,2,knowledge-3,344,q17post,1,NA,0,answered,NA,0,TRUE,incorrect,answered,increasing,344,t3know3raw,1,TRUE
btp-health-education-2005,346,1,knowledge-3,346,q17,1,NA,0,answered,NA,0,TRUE,incorrect,answered,increasing,346,t1know3raw,1,TRUE
btp-health-education-2005,346,2,knowledge-3,346,q17post,1,NA,0,answered,NA,0,TRUE,incorrect,answered,increasing,346,t3know3raw,1,TRUE
btp-health-education-2005,347,2,knowledge-3,347,q17post,3,NA,1,answered,NA,1,TRUE,correct,answered,decreasing,347,t3know3raw,0,TRUE
btp-health-education-2005,35,1,knowledge-3,35,q17,1,NA,0,answered,NA,0,TRUE,incorrect,answered,increasing,35,t1know3raw,1,TRUE
btp-health-education-2005,35,2,knowledge-3,35,q17post,1,NA,0,answered,NA,0,TRUE,incorrect,answered,increasing,35,t3know3raw,1,TRUE
btp-health-education-2005,350,1,knowledge-3,350,q17,1,NA,0,answered,NA,0,TRUE,incorrect,answered,increasing,350,t1know3raw,1,TRUE
btp-health-education-2005,350,2,knowledge-3,350,q17post,1,NA,0,answered,NA,0,TRUE,incorrect,answered,increasing,350,t3know3raw,1,TRUE
btp-health-education-2005,352,2,knowledge-3,352,q17post,3,NA,1,answered,NA,1,TRUE,correct,answered,decreasing,352,t3know3raw,0,TRUE
btp-health-education-2005,353,1,knowledge-3,353,q17,3,NA,1,answered,NA,1,TRUE,correct,answered,decreasing,353,t1know3raw,0,TRUE
btp-health-education-2005,353,2,knowledge-3,353,q17post,3,NA,1,answered,NA,1,TRUE,correct,answered,decreasing,353,t3know3raw,0,TRUE
btp-health-education-2005,354,1,knowledge-3,354,q17,3,NA,1,answered,NA,1,TRUE,correct,answered,decreasing,354,t1know3raw,0,TRUE
btp-health-education-2005,354,2,knowledge-3,354,q17post,3,NA,1,answered,NA,1,TRUE,correct,answered,decreasing,354,t3know3raw,0,TRUE
btp-health-education-2005,355,1,knowledge-3,355,q17,1,NA,0,answered,NA,0,TRUE,incorrect,answered,increasing,355,t1know3raw,1,TRUE
btp-health-education-2005,355,2,knowledge-3,355,q17post,1,NA,0,answered,NA,0,TRUE,incorrect,answered,increasing,355,t3know3raw,1,TRUE
btp-health-education-2005,356,1,knowledge-3,356,q17,1,NA,0,answered,NA,0,TRUE,incorrect,answered,increasing,356,t1know3raw,1,TRUE
btp-health-education-2005,356,2,knowledge-3,356,q17post,3,NA,1,answered,NA,1,TRUE,correct,answered,decreasing,356,t3know3raw,0,TRUE
btp-health-education-2005,357,1,knowledge-3,357,q17,1,NA,0,answered,NA,0,TRUE,incorrect,answered,increasing,357,t1know3raw,1,TRUE
btp-health-education-2005,359,1,knowledge-3,359,q17,1,NA,0,answered,NA,0,TRUE,incorrect,answered,increasing,359,t1know3raw,1,TRUE
btp-health-education-2005,359,2,knowledge-3,359,q17post,1,NA,0,answered,NA,0,TRUE,incorrect,answered,increasing,359,t3know3raw,1,TRUE
btp-health-education-2005,36,1,knowledge-3,36,q17,3,NA,1,answered,NA,1,TRUE,correct,answered,decreasing,36,t1know3raw,0,TRUE
btp-health-education-2005,36,2,knowledge-3,36,q17post,3,NA,1,answered,NA,1,TRUE,correct,answered,decreasing,36,t3know3raw,0,TRUE
btp-health-education-2005,360,1,knowledge-3,360,q17,1,NA,0,answered,NA,0,TRUE,incorrect,answered,increasing,360,t1know3raw,1,TRUE
btp-health-education-2005,361,2,knowledge-3,361,q17post,3,NA,1,answered,NA,1,TRUE,correct,answered,decreasing,361,t3know3raw,0,TRUE
btp-health-education-2005,363,2,knowledge-3,363,q17post,3,NA,1,answered,NA,1,TRUE,correct,answered,decreasing,363,t3know3raw,0,TRUE
btp-health-education-2005,364,1,knowledge-3,364,q17,1,NA,0,answered,NA,0,TRUE,incorrect,answered,increasing,364,t1know3raw,1,TRUE
btp-health-education-2005,364,2,knowledge-3,364,q17post,3,NA,1,answered,NA,1,TRUE,correct,answered,decreasing,364,t3know3raw,0,TRUE
btp-health-education-2005,365,1,knowledge-3,365,q17,1,NA,0,answered,NA,0,TRUE,incorrect,answered,increasing,365,t1know3raw,1,TRUE
btp-health-education-2005,365,2,knowledge-3,365,q17post,1,NA,0,answered,NA,0,TRUE,incorrect,answered,increasing,365,t3know3raw,1,TRUE
btp-health-education-2005,366,1,knowledge-3,366,q17,1,NA,0,answered,NA,0,TRUE,incorrect,answered,increasing,366,t1know3raw,1,TRUE
btp-health-education-2005,368,1,knowledge-3,368,q17,1,NA,0,answered,NA,0,TRUE,incorrect,answered,increasing,368,t1know3raw,1,TRUE
btp-health-education-2005,368,2,knowledge-3,368,q17post,1,NA,0,answered,NA,0,TRUE,incorrect,answered,increasing,368,t3know3raw,1,TRUE
btp-health-education-2005,369,2,knowledge-3,369,q17post,3,NA,1,answered,NA,1,TRUE,correct,answered,decreasing,369,t3know3raw,0,TRUE
btp-health-education-2005,370,1,knowledge-3,370,q17,1,NA,0,answered,NA,0,TRUE,incorrect,answered,increasing,370,t1know3raw,1,TRUE
btp-health-education-2005,370,2,knowledge-3,370,q17post,1,NA,0,answered,NA,0,TRUE,incorrect,answered,increasing,370,t3know3raw,1,TRUE
btp-health-education-2005,371,1,knowledge-3,371,q17,1,NA,0,answered,NA,0,TRUE,incorrect,answered,increasing,371,t1know3raw,1,TRUE
btp-health-education-2005,371,2,knowledge-3,371,q17post,1,NA,0,answered,NA,0,TRUE,incorrect,answered,increasing,371,t3know3raw,1,TRUE
btp-health-education-2005,372,1,knowledge-3,372,q17,1,NA,0,answered,NA,0,TRUE,incorrect,answered,increasing,372,t1know3raw,1,TRUE
btp-health-education-2005,372,2,knowledge-3,372,q17post,3,NA,1,answered,NA,1,TRUE,correct,answered,decreasing,372,t3know3raw,0,TRUE
btp-health-education-2005,373,1,knowledge-3,373,q17,1,NA,0,answered,NA,0,TRUE,incorrect,answered,increasing,373,t1know3raw,1,TRUE
btp-health-education-2005,373,2,knowledge-3,373,q17post,1,NA,0,answered,NA,0,TRUE,incorrect,answered,increasing,373,t3know3raw,1,TRUE
btp-health-education-2005,374,1,knowledge-3,374,q17,1,NA,0,answered,NA,0,TRUE,incorrect,answered,increasing,374,t1know3raw,1,TRUE
btp-health-education-2005,374,2,knowledge-3,374,q17post,1,NA,0,answered,NA,0,TRUE,incorrect,answered,increasing,374,t3know3raw,1,TRUE
btp-health-education-2005,375,1,knowledge-3,375,q17,1,NA,0,answered,NA,0,TRUE,incorrect,answered,increasing,375,t1know3raw,1,TRUE
btp-health-education-2005,375,2,knowledge-3,375,q17post,1,NA,0,answered,NA,0,TRUE,incorrect,answered,increasing,375,t3know3raw,1,TRUE
btp-health-education-2005,376,2,knowledge-3,376,q17post,3,NA,1,answered,NA,1,TRUE,correct,answered,decreasing,376,t3know3raw,0,TRUE
btp-health-education-2005,377,1,knowledge-3,377,q17,1,NA,0,answered,NA,0,TRUE,incorrect,answered,increasing,377,t1know3raw,1,TRUE
btp-health-education-2005,378,2,knowledge-3,378,q17post,3,NA,1,answered,NA,1,TRUE,correct,answered,decreasing,378,t3know3raw,0,TRUE
btp-health-education-2005,379,2,knowledge-3,379,q17post,1,NA,0,answered,NA,0,TRUE,incorrect,answered,increasing,379,t3know3raw,1,TRUE
btp-health-education-2005,38,2,knowledge-3,38,q17post,1,NA,0,answered,NA,0,TRUE,incorrect,answered,increasing,38,t3know3raw,1,TRUE
btp-health-education-2005,380,1,knowledge-3,380,q17,1,NA,0,answered,NA,0,TRUE,incorrect,answered,increasing,380,t1know3raw,1,TRUE
btp-health-education-2005,380,2,knowledge-3,380,q17post,3,NA,1,answered,NA,1,TRUE,correct,answered,decreasing,380,t3know3raw,0,TRUE
btp-health-education-2005,382,1,knowledge-3,382,q17,1,NA,0,answered,NA,0,TRUE,incorrect,answered,increasing,382,t1know3raw,1,TRUE
btp-health-education-2005,382,2,knowledge-3,382,q17post,1,NA,0,answered,NA,0,TRUE,incorrect,answered,increasing,382,t3know3raw,1,TRUE
btp-health-education-2005,384,1,knowledge-3,384,q17,3,NA,1,answered,NA,1,TRUE,correct,answered,decreasing,384,t1know3raw,0,TRUE
btp-health-education-2005,384,2,knowledge-3,384,q17post,3,NA,1,answered,NA,1,TRUE,correct,answered,decreasing,384,t3know3raw,0,TRUE
btp-health-education-2005,385,1,knowledge-3,385,q17,1,NA,0,answered,NA,0,TRUE,incorrect,answered,increasing,385,t1know3raw,1,TRUE
btp-health-education-2005,385,2,knowledge-3,385,q17post,1,NA,0,answered,NA,0,TRUE,incorrect,answered,increasing,385,t3know3raw,1,TRUE
btp-health-education-2005,386,1,knowledge-3,386,q17,3,NA,1,answered,NA,1,TRUE,correct,answered,decreasing,386,t1know3raw,0,TRUE
btp-health-education-2005,388,1,knowledge-3,388,q17,1,NA,0,answered,NA,0,TRUE,incorrect,answered,increasing,388,t1know3raw,1,TRUE
btp-health-education-2005,388,2,knowledge-3,388,q17post,3,NA,1,answered,NA,1,TRUE,correct,answered,decreasing,388,t3know3raw,0,TRUE
btp-health-education-2005,389,2,knowledge-3,389,q17post,1,NA,0,answered,NA,0,TRUE,incorrect,answered,increasing,389,t3know3raw,1,TRUE
btp-health-education-2005,39,2,knowledge-3,39,q17post,1,NA,0,answered,NA,0,TRUE,incorrect,answered,increasing,39,t3know3raw,1,TRUE
btp-health-education-2005,390,1,knowledge-3,390,q17,1,NA,0,answered,NA,0,TRUE,incorrect,answered,increasing,390,t1know3raw,1,TRUE
btp-health-education-2005,390,2,knowledge-3,390,q17post,1,NA,0,answered,NA,0,TRUE,incorrect,answered,increasing,390,t3know3raw,1,TRUE
btp-health-education-2005,391,1,knowledge-3,391,q17,3,NA,1,answered,NA,1,TRUE,correct,answered,decreasing,391,t1know3raw,0,TRUE
btp-health-education-2005,391,2,knowledge-3,391,q17post,3,NA,1,answered,NA,1,TRUE,correct,answered,decreasing,391,t3know3raw,0,TRUE
btp-health-education-2005,392,1,knowledge-3,392,q17,1,NA,0,answered,NA,0,TRUE,incorrect,answered,increasing,392,t1know3raw,1,TRUE
btp-health-education-2005,392,2,knowledge-3,392,q17post,1,NA,0,answered,NA,0,TRUE,incorrect,answered,increasing,392,t3know3raw,1,TRUE
btp-health-education-2005,393,1,knowledge-3,393,q17,3,NA,1,answered,NA,1,TRUE,correct,answered,decreasing,393,t1know3raw,0,TRUE
btp-health-education-2005,394,1,knowledge-3,394,q17,3,NA,1,answered,NA,1,TRUE,correct,answered,decreasing,394,t1know3raw,0,TRUE
btp-health-education-2005,394,2,knowledge-3,394,q17post,3,NA,1,answered,NA,1,TRUE,correct,answered,decreasing,394,t3know3raw,0,TRUE
btp-health-education-2005,395,1,knowledge-3,395,q17,1,NA,0,answered,NA,0,TRUE,incorrect,answered,increasing,395,t1know3raw,1,TRUE
btp-health-education-2005,396,1,knowledge-3,396,q17,3,NA,1,answered,NA,1,TRUE,correct,answered,decreasing,396,t1know3raw,0,TRUE
btp-health-education-2005,396,2,knowledge-3,396,q17post,3,NA,1,answered,NA,1,TRUE,correct,answered,decreasing,396,t3know3raw,0,TRUE
btp-health-education-2005,397,1,knowledge-3,397,q17,1,NA,0,answered,NA,0,TRUE,incorrect,answered,increasing,397,t1know3raw,1,TRUE
btp-health-education-2005,397,2,knowledge-3,397,q17post,1,NA,0,answered,NA,0,TRUE,incorrect,answered,increasing,397,t3know3raw,1,TRUE
btp-health-education-2005,398,1,knowledge-3,398,q17,1,NA,0,answered,NA,0,TRUE,incorrect,answered,increasing,398,t1know3raw,1,TRUE
btp-health-education-2005,398,2,knowledge-3,398,q17post,1,NA,0,answered,NA,0,TRUE,incorrect,answered,increasing,398,t3know3raw,1,TRUE
btp-health-education-2005,399,2,knowledge-3,399,q17post,3,NA,1,answered,NA,1,TRUE,correct,answered,decreasing,399,t3know3raw,0,TRUE
btp-health-education-2005,4,1,knowledge-3,4,q17,3,NA,1,answered,NA,1,TRUE,correct,answered,decreasing,4,t1know3raw,0,TRUE
btp-health-education-2005,4,2,knowledge-3,4,q17post,3,NA,1,answered,NA,1,TRUE,correct,answered,decreasing,4,t3know3raw,0,TRUE
btp-health-education-2005,40,1,knowledge-3,40,q17,1,NA,0,answered,NA,0,TRUE,incorrect,answered,increasing,40,t1know3raw,1,TRUE
btp-health-education-2005,400,2,knowledge-3,400,q17post,3,NA,1,answered,NA,1,TRUE,correct,answered,decreasing,400,t3know3raw,0,TRUE
btp-health-education-2005,401,2,knowledge-3,401,q17post,1,NA,0,answered,NA,0,TRUE,incorrect,answered,increasing,401,t3know3raw,1,TRUE
btp-health-education-2005,402,1,knowledge-3,402,q17,3,NA,1,answered,NA,1,TRUE,correct,answered,decreasing,402,t1know3raw,0,TRUE
btp-health-education-2005,403,1,knowledge-3,403,q17,1,NA,0,answered,NA,0,TRUE,incorrect,answered,increasing,403,t1know3raw,1,TRUE
btp-health-education-2005,403,2,knowledge-3,403,q17post,1,NA,0,answered,NA,0,TRUE,incorrect,answered,increasing,403,t3know3raw,1,TRUE
btp-health-education-2005,404,1,knowledge-3,404,q17,1,NA,0,answered,NA,0,TRUE,incorrect,answered,increasing,404,t1know3raw,1,TRUE
btp-health-education-2005,404,2,knowledge-3,404,q17post,3,NA,1,answered,NA,1,TRUE,correct,answered,decreasing,404,t3know3raw,0,TRUE
btp-health-education-2005,405,1,knowledge-3,405,q17,3,NA,1,answered,NA,1,TRUE,correct,answered,decreasing,405,t1know3raw,0,TRUE
btp-health-education-2005,405,2,knowledge-3,405,q17post,3,NA,1,answered,NA,1,TRUE,correct,answered,decreasing,405,t3know3raw,0,TRUE
btp-health-education-2005,406,1,knowledge-3,406,q17,1,NA,0,answered,NA,0,TRUE,incorrect,answered,increasing,406,t1know3raw,1,TRUE
btp-health-education-2005,406,2,knowledge-3,406,q17post,1,NA,0,answered,NA,0,TRUE,incorrect,answered,increasing,406,t3know3raw,1,TRUE
btp-health-education-2005,407,2,knowledge-3,407,q17post,3,NA,1,answered,NA,1,TRUE,correct,answered,decreasing,407,t3know3raw,0,TRUE
btp-health-education-2005,409,2,knowledge-3,409,q17post,3,NA,1,answered,NA,1,TRUE,correct,answered,decreasing,409,t3know3raw,0,TRUE
btp-health-education-2005,41,2,knowledge-3,41,q17post,3,NA,1,answered,NA,1,TRUE,correct,answered,decreasing,41,t3know3raw,0,TRUE
btp-health-education-2005,410,1,knowledge-3,410,q17,1,NA,0,answered,NA,0,TRUE,incorrect,answered,increasing,410,t1know3raw,1,TRUE
btp-health-education-2005,410,2,knowledge-3,410,q17post,1,NA,0,answered,NA,0,TRUE,incorrect,answered,increasing,410,t3know3raw,1,TRUE
btp-health-education-2005,411,1,knowledge-3,411,q17,3,NA,1,answered,NA,1,TRUE,correct,answered,decreasing,411,t1know3raw,0,TRUE
btp-health-education-2005,412,1,knowledge-3,412,q17,3,NA,1,answered,NA,1,TRUE,correct,answered,decreasing,412,t1know3raw,0,TRUE
btp-health-education-2005,415,1,knowledge-3,415,q17,1,NA,0,answered,NA,0,TRUE,incorrect,answered,increasing,415,t1know3raw,1,TRUE
btp-health-education-2005,415,2,knowledge-3,415,q17post,1,NA,0,answered,NA,0,TRUE,incorrect,answered,increasing,415,t3know3raw,1,TRUE
btp-health-education-2005,416,2,knowledge-3,416,q17post,3,NA,1,answered,NA,1,TRUE,correct,answered,decreasing,416,t3know3raw,0,TRUE
btp-health-education-2005,417,1,knowledge-3,417,q17,3,NA,1,answered,NA,1,TRUE,correct,answered,decreasing,417,t1know3raw,0,TRUE
btp-health-education-2005,417,2,knowledge-3,417,q17post,3,NA,1,answered,NA,1,TRUE,correct,answered,decreasing,417,t3know3raw,0,TRUE
btp-health-education-2005,418,2,knowledge-3,418,q17post,1,NA,0,answered,NA,0,TRUE,incorrect,answered,increasing,418,t3know3raw,1,TRUE
btp-health-education-2005,42,1,knowledge-3,42,q17,1,NA,0,answered,NA,0,TRUE,incorrect,answered,increasing,42,t1know3raw,1,TRUE
btp-health-education-2005,42,2,knowledge-3,42,q17post,3,NA,1,answered,NA,1,TRUE,correct,answered,decreasing,42,t3know3raw,0,TRUE
btp-health-education-2005,420,1,knowledge-3,420,q17,1,NA,0,answered,NA,0,TRUE,incorrect,answered,increasing,420,t1know3raw,1,TRUE
btp-health-education-2005,422,1,knowledge-3,422,q17,1,NA,0,answered,NA,0,TRUE,incorrect,answered,increasing,422,t1know3raw,1,TRUE
btp-health-education-2005,422,2,knowledge-3,422,q17post,1,NA,0,answered,NA,0,TRUE,incorrect,answered,increasing,422,t3know3raw,1,TRUE
btp-health-education-2005,423,2,knowledge-3,423,q17post,3,NA,1,answered,NA,1,TRUE,correct,answered,decreasing,423,t3know3raw,0,TRUE
btp-health-education-2005,426,2,knowledge-3,426,q17post,3,NA,1,answered,NA,1,TRUE,correct,answered,decreasing,426,t3know3raw,0,TRUE
btp-health-education-2005,428,1,knowledge-3,428,q17,1,NA,0,answered,NA,0,TRUE,incorrect,answered,increasing,428,t1know3raw,1,TRUE
btp-health-education-2005,429,1,knowledge-3,429,q17,1,NA,0,answered,NA,0,TRUE,incorrect,answered,increasing,429,t1know3raw,1,TRUE
btp-health-education-2005,429,2,knowledge-3,429,q17post,3,NA,1,answered,NA,1,TRUE,correct,answered,decreasing,429,t3know3raw,0,TRUE
btp-health-education-2005,43,2,knowledge-3,43,q17post,3,NA,1,answered,NA,1,TRUE,correct,answered,decreasing,43,t3know3raw,0,TRUE
btp-health-education-2005,430,1,knowledge-3,430,q17,1,NA,0,answered,NA,0,TRUE,incorrect,answered,increasing,430,t1know3raw,1,TRUE
btp-health-education-2005,432,1,knowledge-3,432,q17,1,NA,0,answered,NA,0,TRUE,incorrect,answered,increasing,432,t1know3raw,1,TRUE
btp-health-education-2005,432,2,knowledge-3,432,q17post,3,NA,1,answered,NA,1,TRUE,correct,answered,decreasing,432,t3know3raw,0,TRUE
btp-health-education-2005,434,2,knowledge-3,434,q17post,3,NA,1,answered,NA,1,TRUE,correct,answered,decreasing,434,t3know3raw,0,TRUE
btp-health-education-2005,436,2,knowledge-3,436,q17post,1,NA,0,answered,NA,0,TRUE,incorrect,answered,increasing,436,t3know3raw,1,TRUE
btp-health-education-2005,437,2,knowledge-3,437,q17post,1,NA,0,answered,NA,0,TRUE,incorrect,answered,increasing,437,t3know3raw,1,TRUE
btp-health-education-2005,439,2,knowledge-3,439,q17post,3,NA,1,answered,NA,1,TRUE,correct,answered,decreasing,439,t3know3raw,0,TRUE
btp-health-education-2005,440,2,knowledge-3,440,q17post,3,NA,1,answered,NA,1,TRUE,correct,answered,decreasing,440,t3know3raw,0,TRUE
btp-health-education-2005,441,2,knowledge-3,441,q17post,3,NA,1,answered,NA,1,TRUE,correct,answered,decreasing,441,t3know3raw,0,TRUE
btp-health-education-2005,442,1,knowledge-3,442,q17,1,NA,0,answered,NA,0,TRUE,incorrect,answered,increasing,442,t1know3raw,1,TRUE
btp-health-education-2005,443,1,knowledge-3,443,q17,1,NA,0,answered,NA,0,TRUE,incorrect,answered,increasing,443,t1know3raw,1,TRUE
btp-health-education-2005,444,1,knowledge-3,444,q17,3,NA,1,answered,NA,1,TRUE,correct,answered,decreasing,444,t1know3raw,0,TRUE
btp-health-education-2005,445,2,knowledge-3,445,q17post,1,NA,0,answered,NA,0,TRUE,incorrect,answered,increasing,445,t3know3raw,1,TRUE
btp-health-education-2005,446,1,knowledge-3,446,q17,1,NA,0,answered,NA,0,TRUE,incorrect,answered,increasing,446,t1know3raw,1,TRUE
btp-health-education-2005,446,2,knowledge-3,446,q17post,1,NA,0,answered,NA,0,TRUE,incorrect,answered,increasing,446,t3know3raw,1,TRUE
btp-health-education-2005,448,1,knowledge-3,448,q17,1,NA,0,answered,NA,0,TRUE,incorrect,answered,increasing,448,t1know3raw,1,TRUE
btp-health-education-2005,448,2,knowledge-3,448,q17post,3,NA,1,answered,NA,1,TRUE,correct,answered,decreasing,448,t3know3raw,0,TRUE
btp-health-education-2005,449,2,knowledge-3,449,q17post,1,NA,0,answered,NA,0,TRUE,incorrect,answered,increasing,449,t3know3raw,1,TRUE
btp-health-education-2005,450,2,knowledge-3,450,q17post,1,NA,0,answered,NA,0,TRUE,incorrect,answered,increasing,450,t3know3raw,1,TRUE
btp-health-education-2005,453,1,knowledge-3,453,q17,3,NA,1,answered,NA,1,TRUE,correct,answered,decreasing,453,t1know3raw,0,TRUE
btp-health-education-2005,453,2,knowledge-3,453,q17post,3,NA,1,answered,NA,1,TRUE,correct,answered,decreasing,453,t3know3raw,0,TRUE
btp-health-education-2005,48,1,knowledge-3,48,q17,3,NA,1,answered,NA,1,TRUE,correct,answered,decreasing,48,t1know3raw,0,TRUE
btp-health-education-2005,49,1,knowledge-3,49,q17,1,NA,0,answered,NA,0,TRUE,incorrect,answered,increasing,49,t1know3raw,1,TRUE
btp-health-education-2005,49,2,knowledge-3,49,q17post,3,NA,1,answered,NA,1,TRUE,correct,answered,decreasing,49,t3know3raw,0,TRUE
btp-health-education-2005,5,2,knowledge-3,5,q17post,3,NA,1,answered,NA,1,TRUE,correct,answered,decreasing,5,t3know3raw,0,TRUE
btp-health-education-2005,50,2,knowledge-3,50,q17post,3,NA,1,answered,NA,1,TRUE,correct,answered,decreasing,50,t3know3raw,0,TRUE
btp-health-education-2005,51,1,knowledge-3,51,q17,3,NA,1,answered,NA,1,TRUE,correct,answered,decreasing,51,t1know3raw,0,TRUE
btp-health-education-2005,51,2,knowledge-3,51,q17post,3,NA,1,answered,NA,1,TRUE,correct,answered,decreasing,51,t3know3raw,0,TRUE
btp-health-education-2005,52,1,knowledge-3,52,q17,1,NA,0,answered,NA,0,TRUE,incorrect,answered,increasing,52,t1know3raw,1,TRUE
btp-health-education-2005,52,2,knowledge-3,52,q17post,1,NA,0,answered,NA,0,TRUE,incorrect,answered,increasing,52,t3know3raw,1,TRUE
btp-health-education-2005,54,1,knowledge-3,54,q17,3,NA,1,answered,NA,1,TRUE,correct,answered,decreasing,54,t1know3raw,0,TRUE
btp-health-education-2005,54,2,knowledge-3,54,q17post,3,NA,1,answered,NA,1,TRUE,correct,answered,decreasing,54,t3know3raw,0,TRUE
btp-health-education-2005,55,2,knowledge-3,55,q17post,3,NA,1,answered,NA,1,TRUE,correct,answered,decreasing,55,t3know3raw,0,TRUE
btp-health-education-2005,57,1,knowledge-3,57,q17,3,NA,1,answered,NA,1,TRUE,correct,answered,decreasing,57,t1know3raw,0,TRUE
btp-health-education-2005,57,2,knowledge-3,57,q17post,3,NA,1,answered,NA,1,TRUE,correct,answered,decreasing,57,t3know3raw,0,TRUE
btp-health-education-2005,58,2,knowledge-3,58,q17post,3,NA,1,answered,NA,1,TRUE,correct,answered,decreasing,58,t3know3raw,0,TRUE
btp-health-education-2005,59,2,knowledge-3,59,q17post,3,NA,1,answered,NA,1,TRUE,correct,answered,decreasing,59,t3know3raw,0,TRUE
btp-health-education-2005,6,1,knowledge-3,6,q17,3,NA,1,answered,NA,1,TRUE,correct,answered,decreasing,6,t1know3raw,0,TRUE
btp-health-education-2005,6,2,knowledge-3,6,q17post,1,NA,0,answered,NA,0,TRUE,incorrect,answered,increasing,6,t3know3raw,1,TRUE
btp-health-education-2005,60,1,knowledge-3,60,q17,1,NA,0,answered,NA,0,TRUE,incorrect,answered,increasing,60,t1know3raw,1,TRUE
btp-health-education-2005,60,2,knowledge-3,60,q17post,1,NA,0,answered,NA,0,TRUE,incorrect,answered,increasing,60,t3know3raw,1,TRUE
btp-health-education-2005,61,1,knowledge-3,61,q17,1,NA,0,answered,NA,0,TRUE,incorrect,answered,increasing,61,t1know3raw,1,TRUE
btp-health-education-2005,61,2,knowledge-3,61,q17post,1,NA,0,answered,NA,0,TRUE,incorrect,answered,increasing,61,t3know3raw,1,TRUE
btp-health-education-2005,62,1,knowledge-3,62,q17,1,NA,0,answered,NA,0,TRUE,incorrect,answered,increasing,62,t1know3raw,1,TRUE
btp-health-education-2005,62,2,knowledge-3,62,q17post,1,NA,0,answered,NA,0,TRUE,incorrect,answered,increasing,62,t3know3raw,1,TRUE
btp-health-education-2005,63,1,knowledge-3,63,q17,3,NA,1,answered,NA,1,TRUE,correct,answered,decreasing,63,t1know3raw,0,TRUE
btp-health-education-2005,63,2,knowledge-3,63,q17post,3,NA,1,answered,NA,1,TRUE,correct,answered,decreasing,63,t3know3raw,0,TRUE
btp-health-education-2005,64,1,knowledge-3,64,q17,1,NA,0,answered,NA,0,TRUE,incorrect,answered,increasing,64,t1know3raw,1,TRUE
btp-health-education-2005,66,2,knowledge-3,66,q17post,3,NA,1,answered,NA,1,TRUE,correct,answered,decreasing,66,t3know3raw,0,TRUE
btp-health-education-2005,67,1,knowledge-3,67,q17,1,NA,0,answered,NA,0,TRUE,incorrect,answered,increasing,67,t1know3raw,1,TRUE
btp-health-education-2005,67,2,knowledge-3,67,q17post,3,NA,1,answered,NA,1,TRUE,correct,answered,decreasing,67,t3know3raw,0,TRUE
btp-health-education-2005,68,1,knowledge-3,68,q17,3,NA,1,answered,NA,1,TRUE,correct,answered,decreasing,68,t1know3raw,0,TRUE
btp-health-education-2005,68,2,knowledge-3,68,q17post,3,NA,1,answered,NA,1,TRUE,correct,answered,decreasing,68,t3know3raw,0,TRUE
btp-health-education-2005,7,1,knowledge-3,7,q17,1,NA,0,answered,NA,0,TRUE,incorrect,answered,increasing,7,t1know3raw,1,TRUE
btp-health-education-2005,7,2,knowledge-3,7,q17post,1,NA,0,answered,NA,0,TRUE,incorrect,answered,increasing,7,t3know3raw,1,TRUE
btp-health-education-2005,70,2,knowledge-3,70,q17post,1,NA,0,answered,NA,0,TRUE,incorrect,answered,increasing,70,t3know3raw,1,TRUE
btp-health-education-2005,71,2,knowledge-3,71,q17post,3,NA,1,answered,NA,1,TRUE,correct,answered,decreasing,71,t3know3raw,0,TRUE
btp-health-education-2005,72,2,knowledge-3,72,q17post,1,NA,0,answered,NA,0,TRUE,incorrect,answered,increasing,72,t3know3raw,1,TRUE
btp-health-education-2005,73,2,knowledge-3,73,q17post,1,NA,0,answered,NA,0,TRUE,incorrect,answered,increasing,73,t3know3raw,1,TRUE
btp-health-education-2005,74,1,knowledge-3,74,q17,1,NA,0,answered,NA,0,TRUE,incorrect,answered,increasing,74,t1know3raw,1,TRUE
btp-health-education-2005,74,2,knowledge-3,74,q17post,1,NA,0,answered,NA,0,TRUE,incorrect,answered,increasing,74,t3know3raw,1,TRUE
btp-health-education-2005,75,2,knowledge-3,75,q17post,3,NA,1,answered,NA,1,TRUE,correct,answered,decreasing,75,t3know3raw,0,TRUE
btp-health-education-2005,76,1,knowledge-3,76,q17,3,NA,1,answered,NA,1,TRUE,correct,answered,decreasing,76,t1know3raw,0,TRUE
btp-health-education-2005,77,2,knowledge-3,77,q17post,1,NA,0,answered,NA,0,TRUE,incorrect,answered,increasing,77,t3know3raw,1,TRUE
btp-health-education-2005,79,2,knowledge-3,79,q17post,1,NA,0,answered,NA,0,TRUE,incorrect,answered,increasing,79,t3know3raw,1,TRUE
btp-health-education-2005,80,1,knowledge-3,80,q17,3,NA,1,answered,NA,1,TRUE,correct,answered,decreasing,80,t1know3raw,0,TRUE
btp-health-education-2005,80,2,knowledge-3,80,q17post,3,NA,1,answered,NA,1,TRUE,correct,answered,decreasing,80,t3know3raw,0,TRUE
btp-health-education-2005,81,1,knowledge-3,81,q17,3,NA,1,answered,NA,1,TRUE,correct,answered,decreasing,81,t1know3raw,0,TRUE
btp-health-education-2005,82,2,knowledge-3,82,q17post,3,NA,1,answered,NA,1,TRUE,correct,answered,decreasing,82,t3know3raw,0,TRUE
btp-health-education-2005,83,1,knowledge-3,83,q17,3,NA,1,answered,NA,1,TRUE,correct,answered,decreasing,83,t1know3raw,0,TRUE
btp-health-education-2005,84,2,knowledge-3,84,q17post,3,NA,1,answered,NA,1,TRUE,correct,answered,decreasing,84,t3know3raw,0,TRUE
btp-health-education-2005,85,1,knowledge-3,85,q17,3,NA,1,answered,NA,1,TRUE,correct,answered,decreasing,85,t1know3raw,0,TRUE
btp-health-education-2005,86,2,knowledge-3,86,q17post,3,NA,1,answered,NA,1,TRUE,correct,answered,decreasing,86,t3know3raw,0,TRUE
btp-health-education-2005,87,2,knowledge-3,87,q17post,1,NA,0,answered,NA,0,TRUE,incorrect,answered,increasing,87,t3know3raw,1,TRUE
btp-health-education-2005,88,1,knowledge-3,88,q17,1,NA,0,answered,NA,0,TRUE,incorrect,answered,increasing,88,t1know3raw,1,TRUE
btp-health-education-2005,88,2,knowledge-3,88,q17post,3,NA,1,answered,NA,1,TRUE,correct,answered,decreasing,88,t3know3raw,0,TRUE
btp-health-education-2005,9,1,knowledge-3,9,q17,3,NA,1,answered,NA,1,TRUE,correct,answered,decreasing,9,t1know3raw,0,TRUE
btp-health-education-2005,9,2,knowledge-3,9,q17post,3,NA,1,answered,NA,1,TRUE,correct,answered,decreasing,9,t3know3raw,0,TRUE
btp-health-education-2005,90,2,knowledge-3,90,q17post,1,NA,0,answered,NA,0,TRUE,incorrect,answered,increasing,90,t3know3raw,1,TRUE
btp-health-education-2005,91,2,knowledge-3,91,q17post,3,NA,1,answered,NA,1,TRUE,correct,answered,decreasing,91,t3know3raw,0,TRUE
btp-health-education-2005,94,1,knowledge-3,94,q17,3,NA,1,answered,NA,1,TRUE,correct,answered,decreasing,94,t1know3raw,0,TRUE
btp-health-education-2005,94,2,knowledge-3,94,q17post,3,NA,1,answered,NA,1,TRUE,correct,answered,decreasing,94,t3know3raw,0,TRUE
btp-health-education-2005,95,1,knowledge-3,95,q17,1,NA,0,answered,NA,0,TRUE,incorrect,answered,increasing,95,t1know3raw,1,TRUE
btp-health-education-2005,95,2,knowledge-3,95,q17post,1,NA,0,answered,NA,0,TRUE,incorrect,answered,increasing,95,t3know3raw,1,TRUE
btp-health-education-2005,97,1,knowledge-3,97,q17,3,NA,1,answered,NA,1,TRUE,correct,answered,decreasing,97,t1know3raw,0,TRUE
btp-health-education-2005,98,2,knowledge-3,98,q17post,1,NA,0,answered,NA,0,TRUE,incorrect,answered,increasing,98,t3know3raw,1,TRUE
btp-health-education-2005,99,1,knowledge-3,99,q17,1,NA,0,answered,NA,0,TRUE,incorrect,answered,increasing,99,t1know3raw,1,TRUE
btp-health-education-2005,99,2,knowledge-3,99,q17post,1,NA,0,answered,NA,0,TRUE,incorrect,answered,increasing,99,t3know3raw,1,TRUE
btp-online-primaries-2004,120,1,knowledge-7,120,b1q49,-1,NA,NA,non_substantive,-1,NA,TRUE,NA,refused,refused,104,t1know7raw,0,TRUE
btp-online-primaries-2004,168,2,knowledge-3,168,f1q45,-1,NA,NA,non_substantive,-1,NA,TRUE,NA,refused,refused,149,t3know3raw,0,TRUE
btp-online-primaries-2004,202,2,knowledge-3,202,f1q45,-1,NA,NA,non_substantive,-1,NA,TRUE,NA,refused,refused,181,t3know3raw,0,TRUE
btp-online-primaries-2004,21,1,knowledge-2,21,b1q44,-1,NA,NA,non_substantive,-1,NA,TRUE,NA,refused,refused,19,t1know2raw,0,TRUE
btp-online-primaries-2004,241,1,knowledge-2,241,b1q44,-1,NA,NA,non_substantive,-1,NA,TRUE,NA,refused,refused,218,t1know2raw,0,TRUE
btp-online-primaries-2004,331,2,knowledge-7,331,f1q49,-1,NA,NA,non_substantive,-1,NA,TRUE,NA,refused,refused,235,t3know7raw,0,TRUE
btp-online-primaries-2004,382,2,knowledge-1,382,f1q43,-1,NA,NA,non_substantive,-1,NA,TRUE,NA,refused,refused,237,t3know1raw,0,TRUE
btp-online-primaries-2004,382,2,knowledge-2,382,f1q44,-1,NA,NA,non_substantive,-1,NA,TRUE,NA,refused,refused,237,t3know2raw,0,TRUE
btp-online-primaries-2004,382,2,knowledge-3,382,f1q45,-1,NA,NA,non_substantive,-1,NA,TRUE,NA,refused,refused,237,t3know3raw,0,TRUE
btp-online-primaries-2004,382,2,knowledge-4,382,f1q46,-1,NA,NA,non_substantive,-1,NA,TRUE,NA,refused,refused,237,t3know4raw,0,TRUE
btp-online-primaries-2004,382,2,knowledge-5,382,f1q47,-1,NA,NA,non_substantive,-1,NA,TRUE,NA,refused,refused,237,t3know5raw,0,TRUE
btp-online-primaries-2004,382,2,knowledge-6,382,f1q48,-1,NA,NA,non_substantive,-1,NA,TRUE,NA,refused,refused,237,t3know6raw,0,TRUE
btp-online-primaries-2004,382,2,knowledge-7,382,f1q49,-1,NA,NA,non_substantive,-1,NA,TRUE,NA,refused,refused,237,t3know7raw,0,TRUE
btp-online-primaries-2004,460,1,knowledge-7,460,b1q49,-1,NA,NA,non_substantive,-1,NA,TRUE,NA,refused,refused,249,t1know7raw,0,TRUE
btp-online-primaries-2004,534,2,knowledge-1,534,f1q43,-1,NA,NA,non_substantive,-1,NA,TRUE,NA,refused,refused,257,t3know1raw,0,TRUE
btp-online-primaries-2004,534,2,knowledge-2,534,f1q44,-1,NA,NA,non_substantive,-1,NA,TRUE,NA,refused,refused,257,t3know2raw,0,TRUE
btp-online-primaries-2004,534,2,knowledge-3,534,f1q45,-1,NA,NA,non_substantive,-1,NA,TRUE,NA,refused,refused,257,t3know3raw,0,TRUE
btp-online-primaries-2004,534,2,knowledge-4,534,f1q46,-1,NA,NA,non_substantive,-1,NA,TRUE,NA,refused,refused,257,t3know4raw,0,TRUE
btp-online-primaries-2004,534,2,knowledge-5,534,f1q47,-1,NA,NA,non_substantive,-1,NA,TRUE,NA,refused,refused,257,t3know5raw,0,TRUE
btp-online-primaries-2004,534,2,knowledge-6,534,f1q48,-1,NA,NA,non_substantive,-1,NA,TRUE,NA,refused,refused,257,t3know6raw,0,TRUE
btp-online-primaries-2004,534,2,knowledge-7,534,f1q49,-1,NA,NA,non_substantive,-1,NA,TRUE,NA,refused,refused,257,t3know7raw,0,TRUE
btp-online-primaries-2004,59,2,knowledge-7,59,f1q49,-1,NA,NA,non_substantive,-1,NA,TRUE,NA,refused,refused,52,t3know7raw,0,TRUE
btp-online-primaries-2004,98,1,knowledge-2,98,b1q44,-1,NA,NA,non_substantive,-1,NA,TRUE,NA,refused,refused,86,t1know2raw,0,TRUE
btp-online-primaries-2004,98,1,knowledge-4,98,b1q46,-1,NA,NA,non_substantive,-1,NA,TRUE,NA,refused,refused,86,t1know4raw,0,TRUE
btp-online-primaries-2004,98,1,knowledge-7,98,b1q49,-1,NA,NA,non_substantive,-1,NA,TRUE,NA,refused,refused,86,t1know7raw,0,TRUE
california-whats-next-2011,321,2,knowledge-1,242,t3q27,3,NA,0,answered,NA,0,TRUE,incorrect,answered,Independent,190,t3know1raw,NA,TRUE
california-whats-next-2011,438,2,knowledge-1,359,t3q27,3,NA,0,answered,NA,0,TRUE,incorrect,answered,Independent,296,t3know1raw,NA,TRUE
vermont-energy-2007,100001,2,knowledge-2,1,Q031T3,3,NA,1,answered,NA,1,TRUE,correct,answered,Reduced by 50%,1,t3know2raw,0,TRUE
vermont-energy-2007,100001,2,knowledge-7,1,Q036T3,5,NA,0,answered,NA,0,TRUE,incorrect,answered,Roughly 20% lower,1,t3know7raw,NA,TRUE
vermont-energy-2007,100408,2,knowledge-7,6,Q036T3,5,NA,0,answered,NA,0,TRUE,incorrect,answered,Roughly 20% lower,2,t3know7raw,NA,TRUE
vermont-energy-2007,101550,2,knowledge-2,25,Q031T3,2,NA,0,answered,NA,0,TRUE,incorrect,answered,Reduced by 20%,3,t3know2raw,1,TRUE
vermont-energy-2007,101912,1,knowledge-2,32,Q78,2,NA,0,answered,NA,0,TRUE,incorrect,answered,Reduced by 20%,5,t1know2raw,1,TRUE
vermont-energy-2007,101912,2,knowledge-2,32,Q031T3,2,NA,0,answered,NA,0,TRUE,incorrect,answered,Reduced by 20%,5,t3know2raw,1,TRUE
vermont-energy-2007,102413,2,knowledge-2,48,Q031T3,2,NA,0,answered,NA,0,TRUE,incorrect,answered,Reduced by 20%,6,t3know2raw,1,TRUE
vermont-energy-2007,103134,1,knowledge-2,56,Q78,2,NA,0,answered,NA,0,TRUE,incorrect,answered,Reduced by 20%,7,t1know2raw,1,TRUE
vermont-energy-2007,103134,2,knowledge-2,56,Q031T3,2,NA,0,answered,NA,0,TRUE,incorrect,answered,Reduced by 20%,7,t3know2raw,1,TRUE
vermont-energy-2007,103296,2,knowledge-2,61,Q031T3,2,NA,0,answered,NA,0,TRUE,incorrect,answered,Reduced by 20%,8,t3know2raw,1,TRUE
vermont-energy-2007,103296,2,knowledge-7,61,Q036T3,5,NA,0,answered,NA,0,TRUE,incorrect,answered,Roughly 20% lower,8,t3know7raw,NA,TRUE
vermont-energy-2007,103333,1,knowledge-2,65,Q78,2,NA,0,answered,NA,0,TRUE,incorrect,answered,Reduced by 20%,10,t1know2raw,1,TRUE
vermont-energy-2007,103333,2,knowledge-2,65,Q031T3,2,NA,0,answered,NA,0,TRUE,incorrect,answered,Reduced by 20%,10,t3know2raw,1,TRUE
vermont-energy-2007,103454,2,knowledge-2,69,Q031T3,2,NA,0,answered,NA,0,TRUE,incorrect,answered,Reduced by 20%,11,t3know2raw,1,TRUE
vermont-energy-2007,103579,1,knowledge-2,71,Q78,2,NA,0,answered,NA,0,TRUE,incorrect,answered,Reduced by 20%,12,t1know2raw,1,TRUE
vermont-energy-2007,103579,2,knowledge-7,71,Q036T3,5,NA,0,answered,NA,0,TRUE,incorrect,answered,Roughly 20% lower,12,t3know7raw,NA,TRUE
vermont-energy-2007,104495,1,knowledge-2,87,Q78,2,NA,0,answered,NA,0,TRUE,incorrect,answered,Reduced by 20%,13,t1know2raw,1,TRUE
vermont-energy-2007,104495,2,knowledge-2,87,Q031T3,2,NA,0,answered,NA,0,TRUE,incorrect,answered,Reduced by 20%,13,t3know2raw,1,TRUE
vermont-energy-2007,104534,1,knowledge-2,88,Q78,2,NA,0,answered,NA,0,TRUE,incorrect,answered,Reduced by 20%,14,t1know2raw,1,TRUE
vermont-energy-2007,104534,2,knowledge-2,88,Q031T3,2,NA,0,answered,NA,0,TRUE,incorrect,answered,Reduced by 20%,14,t3know2raw,1,TRUE
vermont-energy-2007,104534,2,knowledge-7,88,Q036T3,5,NA,0,answered,NA,0,TRUE,incorrect,answered,Roughly 20% lower,14,t3know7raw,NA,TRUE
vermont-energy-2007,105240,2,knowledge-2,96,Q031T3,2,NA,0,answered,NA,0,TRUE,incorrect,answered,Reduced by 20%,15,t3know2raw,1,TRUE
vermont-energy-2007,105440,2,knowledge-2,101,Q031T3,2,NA,0,answered,NA,0,TRUE,incorrect,answered,Reduced by 20%,16,t3know2raw,1,TRUE
vermont-energy-2007,105458,1,knowledge-2,103,Q78,2,NA,0,answered,NA,0,TRUE,incorrect,answered,Reduced by 20%,17,t1know2raw,1,TRUE
vermont-energy-2007,105520,2,knowledge-2,106,Q031T3,2,NA,0,answered,NA,0,TRUE,incorrect,answered,Reduced by 20%,18,t3know2raw,1,TRUE
vermont-energy-2007,106326,2,knowledge-2,128,Q031T3,2,NA,0,answered,NA,0,TRUE,incorrect,answered,Reduced by 20%,19,t3know2raw,1,TRUE
vermont-energy-2007,106750,2,knowledge-7,139,Q036T3,5,NA,0,answered,NA,0,TRUE,incorrect,answered,Roughly 20% lower,20,t3know7raw,NA,TRUE
vermont-energy-2007,106775,1,knowledge-2,140,Q78,2,NA,0,answered,NA,0,TRUE,incorrect,answered,Reduced by 20%,21,t1know2raw,1,TRUE
vermont-energy-2007,107216,2,knowledge-2,151,Q031T3,2,NA,0,answered,NA,0,TRUE,incorrect,answered,Reduced by 20%,22,t3know2raw,1,TRUE
vermont-energy-2007,107747,2,knowledge-2,160,Q031T3,2,NA,0,answered,NA,0,TRUE,incorrect,answered,Reduced by 20%,24,t3know2raw,1,TRUE
vermont-energy-2007,107956,1,knowledge-2,165,Q78,2,NA,0,answered,NA,0,TRUE,incorrect,answered,Reduced by 20%,25,t1know2raw,1,TRUE
vermont-energy-2007,107956,2,knowledge-2,165,Q031T3,2,NA,0,answered,NA,0,TRUE,incorrect,answered,Reduced by 20%,25,t3know2raw,1,TRUE
vermont-energy-2007,108386,1,knowledge-2,175,Q78,3,NA,1,answered,NA,1,TRUE,correct,answered,Reduced by 50%,26,t1know2raw,0,TRUE
vermont-energy-2007,108854,2,knowledge-2,182,Q031T3,2,NA,0,answered,NA,0,TRUE,incorrect,answered,Reduced by 20%,27,t3know2raw,1,TRUE
vermont-energy-2007,108854,2,knowledge-7,182,Q036T3,5,NA,0,answered,NA,0,TRUE,incorrect,answered,Roughly 20% lower,27,t3know7raw,NA,TRUE
vermont-energy-2007,109969,1,knowledge-2,216,Q78,2,NA,0,answered,NA,0,TRUE,incorrect,answered,Reduced by 20%,31,t1know2raw,1,TRUE
vermont-energy-2007,109969,2,knowledge-2,216,Q031T3,2,NA,0,answered,NA,0,TRUE,incorrect,answered,Reduced by 20%,31,t3know2raw,1,TRUE
vermont-energy-2007,200051,2,knowledge-2,217,Q031T3,2,NA,0,answered,NA,0,TRUE,incorrect,answered,Reduced by 20%,32,t3know2raw,1,TRUE
vermont-energy-2007,200253,1,knowledge-2,222,Q78,2,NA,0,answered,NA,0,TRUE,incorrect,answered,Reduced by 20%,33,t1know2raw,1,TRUE
vermont-energy-2007,200253,2,knowledge-2,222,Q031T3,2,NA,0,answered,NA,0,TRUE,incorrect,answered,Reduced by 20%,33,t3know2raw,1,TRUE
vermont-energy-2007,200290,2,knowledge-2,224,Q031T3,3,NA,1,answered,NA,1,TRUE,correct,answered,Reduced by 50%,34,t3know2raw,0,TRUE
vermont-energy-2007,200396,2,knowledge-2,225,Q031T3,2,NA,0,answered,NA,0,TRUE,incorrect,answered,Reduced by 20%,35,t3know2raw,1,TRUE
vermont-energy-2007,200943,2,knowledge-2,233,Q031T3,2,NA,0,answered,NA,0,TRUE,incorrect,answered,Reduced by 20%,36,t3know2raw,1,TRUE
vermont-energy-2007,201000,2,knowledge-2,234,Q031T3,2,NA,0,answered,NA,0,TRUE,incorrect,answered,Reduced by 20%,37,t3know2raw,1,TRUE
vermont-energy-2007,300510,1,knowledge-2,237,Q78,2,NA,0,answered,NA,0,TRUE,incorrect,answered,Reduced by 20%,38,t1know2raw,1,TRUE
vermont-energy-2007,300510,2,knowledge-2,237,Q031T3,3,NA,1,answered,NA,1,TRUE,correct,answered,Reduced by 50%,38,t3know2raw,0,TRUE
vermont-energy-2007,300510,2,knowledge-7,237,Q036T3,5,NA,0,answered,NA,0,TRUE,incorrect,answered,Roughly 20% lower,38,t3know7raw,NA,TRUE
vermont-energy-2007,301604,2,knowledge-2,244,Q031T3,2,NA,0,answered,NA,0,TRUE,incorrect,answered,Reduced by 20%,39,t3know2raw,1,TRUE
vermont-energy-2007,301923,1,knowledge-2,248,Q78,2,NA,0,answered,NA,0,TRUE,incorrect,answered,Reduced by 20%,40,t1know2raw,1,TRUE
vermont-energy-2007,301923,2,knowledge-2,248,Q031T3,2,NA,0,answered,NA,0,TRUE,incorrect,answered,Reduced by 20%,40,t3know2raw,1,TRUE
vermont-energy-2007,302068,1,knowledge-2,251,Q78,2,NA,0,answered,NA,0,TRUE,incorrect,answered,Reduced by 20%,41,t1know2raw,1,TRUE
vermont-energy-2007,302068,2,knowledge-2,251,Q031T3,2,NA,0,answered,NA,0,TRUE,incorrect,answered,Reduced by 20%,41,t3know2raw,1,TRUE
vermont-energy-2007,302128,2,knowledge-7,252,Q036T3,5,NA,0,answered,NA,0,TRUE,incorrect,answered,Roughly 20% lower,42,t3know7raw,NA,TRUE
vermont-energy-2007,303561,2,knowledge-2,267,Q031T3,2,NA,0,answered,NA,0,TRUE,incorrect,answered,Reduced by 20%,46,t3know2raw,1,TRUE
vermont-energy-2007,303842,2,knowledge-2,270,Q031T3,2,NA,0,answered,NA,0,TRUE,incorrect,answered,Reduced by 20%,47,t3know2raw,1,TRUE
vermont-energy-2007,304468,2,knowledge-2,276,Q031T3,2,NA,0,answered,NA,0,TRUE,incorrect,answered,Reduced by 20%,48,t3know2raw,1,TRUE
vermont-energy-2007,304733,2,knowledge-2,279,Q031T3,2,NA,0,answered,NA,0,TRUE,incorrect,answered,Reduced by 20%,50,t3know2raw,1,TRUE
vermont-energy-2007,304831,1,knowledge-2,281,Q78,2,NA,0,answered,NA,0,TRUE,incorrect,answered,Reduced by 20%,51,t1know2raw,1,TRUE
vermont-energy-2007,304915,1,knowledge-2,282,Q78,2,NA,0,answered,NA,0,TRUE,incorrect,answered,Reduced by 20%,52,t1know2raw,1,TRUE
vermont-energy-2007,304915,2,knowledge-2,282,Q031T3,2,NA,0,answered,NA,0,TRUE,incorrect,answered,Reduced by 20%,52,t3know2raw,1,TRUE
vermont-energy-2007,305216,2,knowledge-2,288,Q031T3,3,NA,1,answered,NA,1,TRUE,correct,answered,Reduced by 50%,53,t3know2raw,0,TRUE
vermont-energy-2007,305303,2,knowledge-2,289,Q031T3,3,NA,1,answered,NA,1,TRUE,correct,answered,Reduced by 50%,54,t3know2raw,0,TRUE
vermont-energy-2007,306311,2,knowledge-2,303,Q031T3,2,NA,0,answered,NA,0,TRUE,incorrect,answered,Reduced by 20%,55,t3know2raw,1,TRUE
vermont-energy-2007,306311,2,knowledge-7,303,Q036T3,5,NA,0,answered,NA,0,TRUE,incorrect,answered,Roughly 20% lower,55,t3know7raw,NA,TRUE
vermont-energy-2007,306985,2,knowledge-2,309,Q031T3,2,NA,0,answered,NA,0,TRUE,incorrect,answered,Reduced by 20%,56,t3know2raw,1,TRUE
vermont-energy-2007,307270,2,knowledge-2,311,Q031T3,2,NA,0,answered,NA,0,TRUE,incorrect,answered,Reduced by 20%,57,t3know2raw,1,TRUE
vermont-energy-2007,307270,2,knowledge-7,311,Q036T3,5,NA,0,answered,NA,0,TRUE,incorrect,answered,Roughly 20% lower,57,t3know7raw,NA,TRUE
vermont-energy-2007,307315,1,knowledge-2,312,Q78,2,NA,0,answered,NA,0,TRUE,incorrect,answered,Reduced by 20%,58,t1know2raw,1,TRUE
vermont-energy-2007,307315,2,knowledge-2,312,Q031T3,2,NA,0,answered,NA,0,TRUE,incorrect,answered,Reduced by 20%,58,t3know2raw,1,TRUE
vermont-energy-2007,307624,2,knowledge-2,314,Q031T3,2,NA,0,answered,NA,0,TRUE,incorrect,answered,Reduced by 20%,59,t3know2raw,1,TRUE
vermont-energy-2007,308905,1,knowledge-2,320,Q78,2,NA,0,answered,NA,0,TRUE,incorrect,answered,Reduced by 20%,60,t1know2raw,1,TRUE
vermont-energy-2007,308905,2,knowledge-2,320,Q031T3,2,NA,0,answered,NA,0,TRUE,incorrect,answered,Reduced by 20%,60,t3know2raw,1,TRUE
vermont-energy-2007,308973,2,knowledge-2,321,Q031T3,2,NA,0,answered,NA,0,TRUE,incorrect,answered,Reduced by 20%,61,t3know2raw,1,TRUE
vermont-energy-2007,309447,2,knowledge-2,324,Q031T3,2,NA,0,answered,NA,0,TRUE,incorrect,answered,Reduced by 20%,63,t3know2raw,1,TRUE
vermont-energy-2007,310066,2,knowledge-2,328,Q031T3,2,NA,0,answered,NA,0,TRUE,incorrect,answered,Reduced by 20%,64,t3know2raw,1,TRUE
vermont-energy-2007,310190,1,knowledge-2,329,Q78,2,NA,0,answered,NA,0,TRUE,incorrect,answered,Reduced by 20%,65,t1know2raw,1,TRUE
vermont-energy-2007,310190,2,knowledge-2,329,Q031T3,2,NA,0,answered,NA,0,TRUE,incorrect,answered,Reduced by 20%,65,t3know2raw,1,TRUE
vermont-energy-2007,310245,1,knowledge-2,330,Q78,2,NA,0,answered,NA,0,TRUE,incorrect,answered,Reduced by 20%,66,t1know2raw,1,TRUE
vermont-energy-2007,310447,1,knowledge-2,331,Q78,2,NA,0,answered,NA,0,TRUE,incorrect,answered,Reduced by 20%,67,t1know2raw,1,TRUE
vermont-energy-2007,310447,2,knowledge-2,331,Q031T3,2,NA,0,answered,NA,0,TRUE,incorrect,answered,Reduced by 20%,67,t3know2raw,1,TRUE
vermont-energy-2007,311114,2,knowledge-2,342,Q031T3,2,NA,0,answered,NA,0,TRUE,incorrect,answered,Reduced by 20%,70,t3know2raw,1,TRUE
vermont-energy-2007,311298,2,knowledge-2,345,Q031T3,2,NA,0,answered,NA,0,TRUE,incorrect,answered,Reduced by 20%,71,t3know2raw,1,TRUE
vermont-energy-2007,311647,2,knowledge-2,346,Q031T3,2,NA,0,answered,NA,0,TRUE,incorrect,answered,Reduced by 20%,72,t3know2raw,1,TRUE
vermont-energy-2007,311647,2,knowledge-7,346,Q036T3,5,NA,0,answered,NA,0,TRUE,incorrect,answered,Roughly 20% lower,72,t3know7raw,NA,TRUE
vermont-energy-2007,313148,2,knowledge-2,358,Q031T3,2,NA,0,answered,NA,0,TRUE,incorrect,answered,Reduced by 20%,75,t3know2raw,1,TRUE
vermont-energy-2007,313838,2,knowledge-2,362,Q031T3,2,NA,0,answered,NA,0,TRUE,incorrect,answered,Reduced by 20%,76,t3know2raw,1,TRUE
vermont-energy-2007,313913,1,knowledge-2,363,Q78,2,NA,0,answered,NA,0,TRUE,incorrect,answered,Reduced by 20%,77,t1know2raw,1,TRUE
vermont-energy-2007,313913,1,knowledge-7,363,Q83,5,NA,0,answered,NA,0,TRUE,incorrect,answered,Roughly 20% lower,77,t1know7raw,NA,TRUE
vermont-energy-2007,313913,2,knowledge-2,363,Q031T3,2,NA,0,answered,NA,0,TRUE,incorrect,answered,Reduced by 20%,77,t3know2raw,1,TRUE
vermont-energy-2007,315554,1,knowledge-2,371,Q78,2,NA,0,answered,NA,0,TRUE,incorrect,answered,Reduced by 20%,78,t1know2raw,1,TRUE
vermont-energy-2007,315554,2,knowledge-2,371,Q031T3,2,NA,0,answered,NA,0,TRUE,incorrect,answered,Reduced by 20%,78,t3know2raw,1,TRUE
vermont-energy-2007,315630,2,knowledge-2,372,Q031T3,2,NA,0,answered,NA,0,TRUE,incorrect,answered,Reduced by 20%,79,t3know2raw,1,TRUE
vermont-energy-2007,316778,1,knowledge-2,377,Q78,3,NA,1,answered,NA,1,TRUE,correct,answered,Reduced by 50%,80,t1know2raw,0,TRUE
vermont-energy-2007,316778,2,knowledge-2,377,Q031T3,2,NA,0,answered,NA,0,TRUE,incorrect,answered,Reduced by 20%,80,t3know2raw,1,TRUE
vermont-energy-2007,318178,1,knowledge-2,388,Q78,3,NA,1,answered,NA,1,TRUE,correct,answered,Reduced by 50%,81,t1know2raw,0,TRUE
vermont-energy-2007,318531,1,knowledge-2,389,Q78,2,NA,0,answered,NA,0,TRUE,incorrect,answered,Reduced by 20%,82,t1know2raw,1,TRUE
vermont-energy-2007,318531,2,knowledge-2,389,Q031T3,2,NA,0,answered,NA,0,TRUE,incorrect,answered,Reduced by 20%,82,t3know2raw,1,TRUE
vermont-energy-2007,318992,2,knowledge-2,393,Q031T3,2,NA,0,answered,NA,0,TRUE,incorrect,answered,Reduced by 20%,84,t3know2raw,1,TRUE
vermont-energy-2007,319384,1,knowledge-2,394,Q78,2,NA,0,answered,NA,0,TRUE,incorrect,answered,Reduced by 20%,85,t1know2raw,1,TRUE
vermont-energy-2007,319384,2,knowledge-2,394,Q031T3,2,NA,0,answered,NA,0,TRUE,incorrect,answered,Reduced by 20%,85,t3know2raw,1,TRUE
vermont-energy-2007,319921,2,knowledge-2,399,Q031T3,2,NA,0,answered,NA,0,TRUE,incorrect,answered,Reduced by 20%,86,t3know2raw,1,TRUE
vermont-energy-2007,320012,2,knowledge-2,401,Q031T3,2,NA,0,answered,NA,0,TRUE,incorrect,answered,Reduced by 20%,87,t3know2raw,1,TRUE
vermont-energy-2007,320012,2,knowledge-7,401,Q036T3,5,NA,0,answered,NA,0,TRUE,incorrect,answered,Roughly 20% lower,87,t3know7raw,NA,TRUE
vermont-energy-2007,320121,2,knowledge-2,402,Q031T3,3,NA,1,answered,NA,1,TRUE,correct,answered,Reduced by 50%,88,t3know2raw,0,TRUE
vermont-energy-2007,320244,2,knowledge-2,404,Q031T3,2,NA,0,answered,NA,0,TRUE,incorrect,answered,Reduced by 20%,89,t3know2raw,1,TRUE
vermont-energy-2007,320244,2,knowledge-7,404,Q036T3,5,NA,0,answered,NA,0,TRUE,incorrect,answered,Roughly 20% lower,89,t3know7raw,NA,TRUE
vermont-energy-2007,320293,2,knowledge-7,405,Q036T3,5,NA,0,answered,NA,0,TRUE,incorrect,answered,Roughly 20% lower,90,t3know7raw,NA,TRUE
vermont-energy-2007,321528,2,knowledge-2,413,Q031T3,3,NA,1,answered,NA,1,TRUE,correct,answered,Reduced by 50%,91,t3know2raw,0,TRUE
vermont-energy-2007,321685,2,knowledge-7,415,Q036T3,5,NA,0,answered,NA,0,TRUE,incorrect,answered,Roughly 20% lower,92,t3know7raw,NA,TRUE
vermont-energy-2007,323256,1,knowledge-2,431,Q78,2,NA,0,answered,NA,0,TRUE,incorrect,answered,Reduced by 20%,95,t1know2raw,1,TRUE
vermont-energy-2007,323256,2,knowledge-2,431,Q031T3,2,NA,0,answered,NA,0,TRUE,incorrect,answered,Reduced by 20%,95,t3know2raw,1,TRUE
vermont-energy-2007,323256,2,knowledge-7,431,Q036T3,5,NA,0,answered,NA,0,TRUE,incorrect,answered,Roughly 20% lower,95,t3know7raw,NA,TRUE
vermont-energy-2007,323495,1,knowledge-2,433,Q78,2,NA,0,answered,NA,0,TRUE,incorrect,answered,Reduced by 20%,96,t1know2raw,1,TRUE
vermont-energy-2007,323495,2,knowledge-2,433,Q031T3,2,NA,0,answered,NA,0,TRUE,incorrect,answered,Reduced by 20%,96,t3know2raw,1,TRUE
vermont-energy-2007,323503,2,knowledge-2,434,Q031T3,2,NA,0,answered,NA,0,TRUE,incorrect,answered,Reduced by 20%,97,t3know2raw,1,TRUE
vermont-energy-2007,323824,1,knowledge-2,436,Q78,2,NA,0,answered,NA,0,TRUE,incorrect,answered,Reduced by 20%,98,t1know2raw,1,TRUE
vermont-energy-2007,323824,2,knowledge-2,436,Q031T3,2,NA,0,answered,NA,0,TRUE,incorrect,answered,Reduced by 20%,98,t3know2raw,1,TRUE
vermont-energy-2007,324195,2,knowledge-2,440,Q031T3,2,NA,0,answered,NA,0,TRUE,incorrect,answered,Reduced by 20%,99,t3know2raw,1,TRUE
vermont-energy-2007,324195,2,knowledge-7,440,Q036T3,5,NA,0,answered,NA,0,TRUE,incorrect,answered,Roughly 20% lower,99,t3know7raw,NA,TRUE
vermont-energy-2007,324232,1,knowledge-2,441,Q78,2,NA,0,answered,NA,0,TRUE,incorrect,answered,Reduced by 20%,100,t1know2raw,1,TRUE
vermont-energy-2007,324232,2,knowledge-2,441,Q031T3,3,NA,1,answered,NA,1,TRUE,correct,answered,Reduced by 50%,100,t3know2raw,0,TRUE
vermont-energy-2007,324969,2,knowledge-7,446,Q036T3,5,NA,0,answered,NA,0,TRUE,incorrect,answered,Roughly 20% lower,101,t3know7raw,NA,TRUE
vermont-energy-2007,325048,2,knowledge-7,448,Q036T3,5,NA,0,answered,NA,0,TRUE,incorrect,answered,Roughly 20% lower,102,t3know7raw,NA,TRUE
vermont-energy-2007,327541,1,knowledge-2,462,Q78,2,NA,0,answered,NA,0,TRUE,incorrect,answered,Reduced by 20%,104,t1know2raw,1,TRUE
vermont-energy-2007,327589,1,knowledge-2,464,Q78,2,NA,0,answered,NA,0,TRUE,incorrect,answered,Reduced by 20%,105,t1know2raw,1,TRUE
vermont-energy-2007,327589,2,knowledge-2,464,Q031T3,2,NA,0,answered,NA,0,TRUE,incorrect,answered,Reduced by 20%,105,t3know2raw,1,TRUE
vermont-energy-2007,327671,1,knowledge-2,465,Q78,2,NA,0,answered,NA,0,TRUE,incorrect,answered,Reduced by 20%,106,t1know2raw,1,TRUE
vermont-energy-2007,327671,2,knowledge-2,465,Q031T3,2,NA,0,answered,NA,0,TRUE,incorrect,answered,Reduced by 20%,106,t3know2raw,1,TRUE
vermont-energy-2007,327827,2,knowledge-2,467,Q031T3,2,NA,0,answered,NA,0,TRUE,incorrect,answered,Reduced by 20%,107,t3know2raw,1,TRUE
vermont-energy-2007,329213,2,knowledge-2,477,Q031T3,2,NA,0,answered,NA,0,TRUE,incorrect,answered,Reduced by 20%,108,t3know2raw,1,TRUE
vermont-energy-2007,329222,2,knowledge-2,478,Q031T3,2,NA,0,answered,NA,0,TRUE,incorrect,answered,Reduced by 20%,109,t3know2raw,1,TRUE
vermont-energy-2007,329222,2,knowledge-7,478,Q036T3,5,NA,0,answered,NA,0,TRUE,incorrect,answered,Roughly 20% lower,109,t3know7raw,NA,TRUE
vermont-energy-2007,329527,1,knowledge-2,479,Q78,2,NA,0,answered,NA,0,TRUE,incorrect,answered,Reduced by 20%,110,t1know2raw,1,TRUE
vermont-energy-2007,329527,2,knowledge-2,479,Q031T3,2,NA,0,answered,NA,0,TRUE,incorrect,answered,Reduced by 20%,110,t3know2raw,1,TRUE
vermont-energy-2007,329656,1,knowledge-2,481,Q78,2,NA,0,answered,NA,0,TRUE,incorrect,answered,Reduced by 20%,111,t1know2raw,1,TRUE
vermont-energy-2007,329837,2,knowledge-2,482,Q031T3,2,NA,0,answered,NA,0,TRUE,incorrect,answered,Reduced by 20%,112,t3know2raw,1,TRUE
vermont-energy-2007,331475,1,knowledge-2,492,Q78,2,NA,0,answered,NA,0,TRUE,incorrect,answered,Reduced by 20%,113,t1know2raw,1,TRUE
vermont-energy-2007,331475,2,knowledge-2,492,Q031T3,2,NA,0,answered,NA,0,TRUE,incorrect,answered,Reduced by 20%,113,t3know2raw,1,TRUE
vermont-energy-2007,331564,1,knowledge-2,493,Q78,2,NA,0,answered,NA,0,TRUE,incorrect,answered,Reduced by 20%,114,t1know2raw,1,TRUE
vermont-energy-2007,331619,1,knowledge-2,494,Q78,2,NA,0,answered,NA,0,TRUE,incorrect,answered,Reduced by 20%,115,t1know2raw,1,TRUE
vermont-energy-2007,331619,2,knowledge-2,494,Q031T3,2,NA,0,answered,NA,0,TRUE,incorrect,answered,Reduced by 20%,115,t3know2raw,1,TRUE
vermont-energy-2007,332060,2,knowledge-2,499,Q031T3,2,NA,0,answered,NA,0,TRUE,incorrect,answered,Reduced by 20%,116,t3know2raw,1,TRUE
vermont-energy-2007,332100,2,knowledge-2,501,Q031T3,2,NA,0,answered,NA,0,TRUE,incorrect,answered,Reduced by 20%,117,t3know2raw,1,TRUE
vermont-energy-2007,332245,2,knowledge-2,503,Q031T3,2,NA,0,answered,NA,0,TRUE,incorrect,answered,Reduced by 20%,118,t3know2raw,1,TRUE
vermont-energy-2007,332536,1,knowledge-2,506,Q78,2,NA,0,answered,NA,0,TRUE,incorrect,answered,Reduced by 20%,120,t1know2raw,1,TRUE
vermont-energy-2007,332536,2,knowledge-2,506,Q031T3,2,NA,0,answered,NA,0,TRUE,incorrect,answered,Reduced by 20%,120,t3know2raw,1,TRUE
vermont-energy-2007,990070,1,knowledge-2,513,Q78,2,NA,0,answered,NA,0,TRUE,incorrect,answered,Reduced by 20%,121,t1know2raw,1,TRUE
vermont-energy-2007,990070,2,knowledge-2,513,Q031T3,2,NA,0,answered,NA,0,TRUE,incorrect,answered,Reduced by 20%,121,t3know2raw,1,TRUE
vermont-energy-2007,990147,2,knowledge-2,521,Q031T3,3,NA,1,answered,NA,1,TRUE,correct,answered,Reduced by 50%,123,t3know2raw,0,TRUE
vermont-energy-2007,990242,2,knowledge-2,526,Q031T3,2,NA,0,answered,NA,0,TRUE,incorrect,answered,Reduced by 20%,124,t3know2raw,1,TRUE
vermont-energy-2007,990373,2,knowledge-2,536,Q031T3,2,NA,0,answered,NA,0,TRUE,incorrect,answered,Reduced by 20%,125,t3know2raw,1,TRUE
vermont-energy-2007,990533,2,knowledge-2,545,Q031T3,2,NA,0,answered,NA,0,TRUE,incorrect,answered,Reduced by 20%,126,t3know2raw,1,TRUE
vermont-energy-2007,990579,2,knowledge-2,548,Q031T3,2,NA,0,answered,NA,0,TRUE,incorrect,answered,Reduced by 20%,127,t3know2raw,1,TRUE
vermont-energy-2007,990815,1,knowledge-2,562,Q78,2,NA,0,answered,NA,0,TRUE,incorrect,answered,Reduced by 20%,128,t1know2raw,1,TRUE
vermont-energy-2007,990815,2,knowledge-2,562,Q031T3,2,NA,0,answered,NA,0,TRUE,incorrect,answered,Reduced by 20%,128,t3know2raw,1,TRUE
vermont-energy-2007,990897,2,knowledge-7,565,Q036T3,5,NA,0,answered,NA,0,TRUE,incorrect,answered,Roughly 20% lower,130,t3know7raw,NA,TRUE
vermont-energy-2007,991090,2,knowledge-2,575,Q031T3,2,NA,0,answered,NA,0,TRUE,incorrect,answered,Reduced by 20%,131,t3know2raw,1,TRUE
vermont-energy-2007,991476,2,knowledge-2,593,Q031T3,2,NA,0,answered,NA,0,TRUE,incorrect,answered,Reduced by 20%,132,t3know2raw,1,TRUE
vermont-energy-2007,991476,2,knowledge-7,593,Q036T3,5,NA,0,answered,NA,0,TRUE,incorrect,answered,Roughly 20% lower,132,t3know7raw,NA,TRUE
vermont-energy-2007,991570,2,knowledge-2,598,Q031T3,2,NA,0,answered,NA,0,TRUE,incorrect,answered,Reduced by 20%,133,t3know2raw,1,TRUE
vermont-energy-2007,991778,1,knowledge-2,616,Q78,2,NA,0,answered,NA,0,TRUE,incorrect,answered,Reduced by 20%,135,t1know2raw,1,TRUE
vermont-energy-2007,991778,2,knowledge-2,616,Q031T3,2,NA,0,answered,NA,0,TRUE,incorrect,answered,Reduced by 20%,135,t3know2raw,1,TRUE
vermont-energy-2007,991940,2,knowledge-2,630,Q031T3,2,NA,0,answered,NA,0,TRUE,incorrect,answered,Reduced by 20%,136,t3know2raw,1,TRUE
vermont-energy-2007,992227,1,knowledge-2,652,Q78,2,NA,0,answered,NA,0,TRUE,incorrect,answered,Reduced by 20%,137,t1know2raw,1,TRUE
vermont-energy-2007,992227,1,knowledge-7,652,Q83,5,NA,0,answered,NA,0,TRUE,incorrect,answered,Roughly 20% lower,137,t1know7raw,NA,TRUE
vermont-energy-2007,992227,2,knowledge-2,652,Q031T3,2,NA,0,answered,NA,0,TRUE,incorrect,answered,Reduced by 20%,137,t3know2raw,1,TRUE
vermont-energy-2007,992784,1,knowledge-2,677,Q78,3,NA,1,answered,NA,1,TRUE,correct,answered,Reduced by 50%,139,t1know2raw,0,TRUE
vermont-energy-2007,992784,2,knowledge-2,677,Q031T3,2,NA,0,answered,NA,0,TRUE,incorrect,answered,Reduced by 20%,139,t3know2raw,1,TRUE
vermont-energy-2007,992860,2,knowledge-2,682,Q031T3,2,NA,0,answered,NA,0,TRUE,incorrect,answered,Reduced by 20%,140,t3know2raw,1,TRUE
vermont-energy-2007,993005,1,knowledge-2,688,Q78,2,NA,0,answered,NA,0,TRUE,incorrect,answered,Reduced by 20%,141,t1know2raw,1,TRUE
vermont-energy-2007,993005,2,knowledge-2,688,Q031T3,2,NA,0,answered,NA,0,TRUE,incorrect,answered,Reduced by 20%,141,t3know2raw,1,TRUE
vermont-energy-2007,993297,2,knowledge-2,709,Q031T3,2,NA,0,answered,NA,0,TRUE,incorrect,answered,Reduced by 20%,142,t3know2raw,1,TRUE
vermont-energy-2007,993297,2,knowledge-7,709,Q036T3,5,NA,0,answered,NA,0,TRUE,incorrect,answered,Roughly 20% lower,142,t3know7raw,NA,TRUE
vermont-energy-2007,993763,2,knowledge-2,736,Q031T3,2,NA,0,answered,NA,0,TRUE,incorrect,answered,Reduced by 20%,143,t3know2raw,1,TRUE
vermont-energy-2007,993812,2,knowledge-2,738,Q031T3,2,NA,0,answered,NA,0,TRUE,incorrect,answered,Reduced by 20%,144,t3know2raw,1,TRUE
vermont-energy-2007,994001,2,knowledge-2,750,Q031T3,2,NA,0,answered,NA,0,TRUE,incorrect,answered,Reduced by 20%,146,t3know2raw,1,TRUE
san-mateo-2008,1002,2,knowledge-2,1740,t2Q20,5,NA,1,answered,NA,1,TRUE,correct,answered,"950,000",1,t2q20raw,0,TRUE
san-mateo-2008,1002,2,knowledge-8,1740,t2Q26,5,NA,1,answered,NA,1,TRUE,correct,answered,more than 75%,1,t2q26raw,0,TRUE
san-mateo-2008,1004,2,knowledge-2,1593,t2Q20,5,NA,1,answered,NA,1,TRUE,correct,answered,"950,000",2,t2q20raw,0,TRUE
san-mateo-2008,1004,2,knowledge-8,1593,t2Q26,5,NA,1,answered,NA,1,TRUE,correct,answered,more than 75%,2,t2q26raw,0,TRUE
san-mateo-2008,1013,2,knowledge-2,1679,t2Q20,5,NA,1,answered,NA,1,TRUE,correct,answered,"950,000",6,t2q20raw,0,TRUE
san-mateo-2008,1022,2,knowledge-2,1616,t2Q20,5,NA,1,answered,NA,1,TRUE,correct,answered,"950,000",9,t2q20raw,0,TRUE
san-mateo-2008,1026,2,knowledge-2,1703,t2Q20,5,NA,1,answered,NA,1,TRUE,correct,answered,"950,000",11,t2q20raw,0,TRUE
san-mateo-2008,1026,2,knowledge-8,1703,t2Q26,5,NA,1,answered,NA,1,TRUE,correct,answered,more than 75%,11,t2q26raw,0,TRUE
san-mateo-2008,1027,2,knowledge-8,1770,t2Q26,5,NA,1,answered,NA,1,TRUE,correct,answered,more than 75%,12,t2q26raw,0,TRUE
san-mateo-2008,1031,2,knowledge-2,1782,t2Q20,5,NA,1,answered,NA,1,TRUE,correct,answered,"950,000",13,t2q20raw,0,TRUE
san-mateo-2008,1031,2,knowledge-8,1782,t2Q26,5,NA,1,answered,NA,1,TRUE,correct,answered,more than 75%,13,t2q26raw,0,TRUE
san-mateo-2008,1070,2,knowledge-8,1753,t2Q26,5,NA,1,answered,NA,1,TRUE,correct,answered,more than 75%,22,t2q26raw,0,TRUE
san-mateo-2008,1074,2,knowledge-2,1628,t2Q20,5,NA,1,answered,NA,1,TRUE,correct,answered,"950,000",24,t2q20raw,0,TRUE
san-mateo-2008,1075,2,knowledge-8,1660,t2Q26,5,NA,1,answered,NA,1,TRUE,correct,answered,more than 75%,25,t2q26raw,0,TRUE
san-mateo-2008,1087,2,knowledge-8,1783,t2Q26,5,NA,1,answered,NA,1,TRUE,correct,answered,more than 75%,29,t2q26raw,0,TRUE
san-mateo-2008,1092,2,knowledge-8,1571,t2Q26,5,NA,1,answered,NA,1,TRUE,correct,answered,more than 75%,31,t2q26raw,0,TRUE
san-mateo-2008,1097,2,knowledge-2,1747,t2Q20,5,NA,1,answered,NA,1,TRUE,correct,answered,"950,000",32,t2q20raw,0,TRUE
san-mateo-2008,1117,2,knowledge-2,1699,t2Q20,5,NA,1,answered,NA,1,TRUE,correct,answered,"950,000",40,t2q20raw,0,TRUE
san-mateo-2008,1117,2,knowledge-8,1699,t2Q26,5,NA,1,answered,NA,1,TRUE,correct,answered,more than 75%,40,t2q26raw,0,TRUE
san-mateo-2008,1121,2,knowledge-2,1579,t2Q20,5,NA,1,answered,NA,1,TRUE,correct,answered,"950,000",43,t2q20raw,0,TRUE
san-mateo-2008,1128,2,knowledge-2,1735,t2Q20,5,NA,1,answered,NA,1,TRUE,correct,answered,"950,000",46,t2q20raw,0,TRUE
san-mateo-2008,1153,2,knowledge-8,1764,t2Q26,5,NA,1,answered,NA,1,TRUE,correct,answered,more than 75%,52,t2q26raw,0,TRUE
san-mateo-2008,1155,2,knowledge-2,1574,t2Q20,5,NA,1,answered,NA,1,TRUE,correct,answered,"950,000",53,t2q20raw,0,TRUE
san-mateo-2008,1155,2,knowledge-8,1574,t2Q26,5,NA,1,answered,NA,1,TRUE,correct,answered,more than 75%,53,t2q26raw,0,TRUE
san-mateo-2008,1177,2,knowledge-8,1643,t2Q26,5,NA,1,answered,NA,1,TRUE,correct,answered,more than 75%,57,t2q26raw,0,TRUE
san-mateo-2008,1181,2,knowledge-8,1580,t2Q26,5,NA,1,answered,NA,1,TRUE,correct,answered,more than 75%,60,t2q26raw,0,TRUE
san-mateo-2008,1182,2,knowledge-8,1700,t2Q26,5,NA,1,answered,NA,1,TRUE,correct,answered,more than 75%,61,t2q26raw,0,TRUE
san-mateo-2008,1188,2,knowledge-2,1590,t2Q20,5,NA,1,answered,NA,1,TRUE,correct,answered,"950,000",62,t2q20raw,0,TRUE
san-mateo-2008,1190,2,knowledge-2,1751,t2Q20,5,NA,1,answered,NA,1,TRUE,correct,answered,"950,000",63,t2q20raw,0,TRUE
san-mateo-2008,1205,2,knowledge-8,1659,t2Q26,5,NA,1,answered,NA,1,TRUE,correct,answered,more than 75%,66,t2q26raw,0,TRUE
san-mateo-2008,1206,2,knowledge-2,1635,t2Q20,5,NA,1,answered,NA,1,TRUE,correct,answered,"950,000",67,t2q20raw,0,TRUE
san-mateo-2008,1210,2,knowledge-8,1710,t2Q26,5,NA,1,answered,NA,1,TRUE,correct,answered,more than 75%,69,t2q26raw,0,TRUE
san-mateo-2008,1221,2,knowledge-2,1626,t2Q20,5,NA,1,answered,NA,1,TRUE,correct,answered,"950,000",72,t2q20raw,0,TRUE
san-mateo-2008,1222,2,knowledge-8,1708,t2Q26,5,NA,1,answered,NA,1,TRUE,correct,answered,more than 75%,73,t2q26raw,0,TRUE
san-mateo-2008,1223,2,knowledge-8,1599,t2Q26,5,NA,1,answered,NA,1,TRUE,correct,answered,more than 75%,74,t2q26raw,0,TRUE
san-mateo-2008,1225,2,knowledge-2,1731,t2Q20,5,NA,1,answered,NA,1,TRUE,correct,answered,"950,000",75,t2q20raw,0,TRUE
san-mateo-2008,1225,2,knowledge-8,1731,t2Q26,5,NA,1,answered,NA,1,TRUE,correct,answered,more than 75%,75,t2q26raw,0,TRUE
san-mateo-2008,1234,2,knowledge-8,1615,t2Q26,5,NA,1,answered,NA,1,TRUE,correct,answered,more than 75%,79,t2q26raw,0,TRUE
san-mateo-2008,1242,2,knowledge-8,1601,t2Q26,5,NA,1,answered,NA,1,TRUE,correct,answered,more than 75%,83,t2q26raw,0,TRUE
san-mateo-2008,1247,2,knowledge-8,1675,t2Q26,5,NA,1,answered,NA,1,TRUE,correct,answered,more than 75%,85,t2q26raw,0,TRUE
san-mateo-2008,1249,2,knowledge-8,1585,t2Q26,5,NA,1,answered,NA,1,TRUE,correct,answered,more than 75%,86,t2q26raw,0,TRUE
san-mateo-2008,1253,2,knowledge-8,1694,t2Q26,5,NA,1,answered,NA,1,TRUE,correct,answered,more than 75%,87,t2q26raw,0,TRUE
san-mateo-2008,1266,2,knowledge-8,1655,t2Q26,5,NA,1,answered,NA,1,TRUE,correct,answered,more than 75%,88,t2q26raw,0,TRUE
san-mateo-2008,1267,2,knowledge-2,1612,t2Q20,5,NA,1,answered,NA,1,TRUE,correct,answered,"950,000",89,t2q20raw,0,TRUE
san-mateo-2008,1287,2,knowledge-2,1797,t2Q20,5,NA,1,answered,NA,1,TRUE,correct,answered,"950,000",96,t2q20raw,0,TRUE
san-mateo-2008,1295,2,knowledge-2,1657,t2Q20,5,NA,1,answered,NA,1,TRUE,correct,answered,"950,000",99,t2q20raw,0,TRUE
san-mateo-2008,1295,2,knowledge-8,1657,t2Q26,5,NA,1,answered,NA,1,TRUE,correct,answered,more than 75%,99,t2q26raw,0,TRUE
san-mateo-2008,1297,2,knowledge-2,1598,t2Q20,5,NA,1,answered,NA,1,TRUE,correct,answered,"950,000",101,t2q20raw,0,TRUE
san-mateo-2008,1298,2,knowledge-8,1772,t2Q26,9,NA,NA,non_substantive,9,NA,TRUE,NA,invalid_response,NA,102,t2q26raw,0,TRUE
san-mateo-2008,1314,2,knowledge-8,1631,t2Q26,5,NA,1,answered,NA,1,TRUE,correct,answered,more than 75%,105,t2q26raw,0,TRUE
san-mateo-2008,1319,2,knowledge-8,1706,t2Q26,5,NA,1,answered,NA,1,TRUE,correct,answered,more than 75%,107,t2q26raw,0,TRUE
san-mateo-2008,1322,2,knowledge-8,1588,t2Q26,5,NA,1,answered,NA,1,TRUE,correct,answered,more than 75%,109,t2q26raw,0,TRUE
san-mateo-2008,1323,2,knowledge-2,1773,t2Q20,5,NA,1,answered,NA,1,TRUE,correct,answered,"950,000",110,t2q20raw,0,TRUE
san-mateo-2008,1350,2,knowledge-2,1789,t2Q20,5,NA,1,answered,NA,1,TRUE,correct,answered,"950,000",115,t2q20raw,0,TRUE
san-mateo-2008,1354,2,knowledge-2,1607,t2Q20,8,NA,NA,non_substantive,8,NA,TRUE,NA,invalid_response,NA,117,t2q20raw,0,TRUE
san-mateo-2008,1358,2,knowledge-8,1594,t2Q26,5,NA,1,answered,NA,1,TRUE,correct,answered,more than 75%,119,t2q26raw,0,TRUE
san-mateo-2008,1377,2,knowledge-8,1656,t2Q26,5,NA,1,answered,NA,1,TRUE,correct,answered,more than 75%,127,t2q26raw,0,TRUE
san-mateo-2008,1390,2,knowledge-8,1609,t2Q26,5,NA,1,answered,NA,1,TRUE,correct,answered,more than 75%,131,t2q26raw,0,TRUE
san-mateo-2008,1394,2,knowledge-8,1777,t2Q26,5,NA,1,answered,NA,1,TRUE,correct,answered,more than 75%,132,t2q26raw,0,TRUE
san-mateo-2008,1397,2,knowledge-2,1575,t2Q20,5,NA,1,answered,NA,1,TRUE,correct,answered,"950,000",133,t2q20raw,0,TRUE
san-mateo-2008,1397,2,knowledge-8,1575,t2Q26,5,NA,1,answered,NA,1,TRUE,correct,answered,more than 75%,133,t2q26raw,0,TRUE
san-mateo-2008,1405,2,knowledge-2,1600,t2Q20,5,NA,1,answered,NA,1,TRUE,correct,answered,"950,000",135,t2q20raw,0,TRUE
san-mateo-2008,1405,2,knowledge-8,1600,t2Q26,5,NA,1,answered,NA,1,TRUE,correct,answered,more than 75%,135,t2q26raw,0,TRUE
san-mateo-2008,1408,2,knowledge-2,1641,t2Q20,5,NA,1,answered,NA,1,TRUE,correct,answered,"950,000",136,t2q20raw,0,TRUE
san-mateo-2008,1408,2,knowledge-8,1641,t2Q26,5,NA,1,answered,NA,1,TRUE,correct,answered,more than 75%,136,t2q26raw,0,TRUE
san-mateo-2008,1420,2,knowledge-8,1786,t2Q26,5,NA,1,answered,NA,1,TRUE,correct,answered,more than 75%,141,t2q26raw,0,TRUE
san-mateo-2008,1435,2,knowledge-2,1734,t2Q20,5,NA,1,answered,NA,1,TRUE,correct,answered,"950,000",144,t2q20raw,0,TRUE
san-mateo-2008,1437,2,knowledge-8,1677,t2Q26,5,NA,1,answered,NA,1,TRUE,correct,answered,more than 75%,145,t2q26raw,0,TRUE
san-mateo-2008,1446,2,knowledge-8,1661,t2Q26,5,NA,1,answered,NA,1,TRUE,correct,answered,more than 75%,147,t2q26raw,0,TRUE
san-mateo-2008,1454,2,knowledge-8,1803,t2Q26,5,NA,1,answered,NA,1,TRUE,correct,answered,more than 75%,151,t2q26raw,0,TRUE
san-mateo-2008,1463,2,knowledge-2,1737,t2Q20,5,NA,1,answered,NA,1,TRUE,correct,answered,"950,000",152,t2q20raw,0,TRUE
san-mateo-2008,1463,2,knowledge-8,1737,t2Q26,5,NA,1,answered,NA,1,TRUE,correct,answered,more than 75%,152,t2q26raw,0,TRUE
san-mateo-2008,1472,2,knowledge-2,1604,t2Q20,5,NA,1,answered,NA,1,TRUE,correct,answered,"950,000",158,t2q20raw,0,TRUE
san-mateo-2008,1472,2,knowledge-8,1604,t2Q26,5,NA,1,answered,NA,1,TRUE,correct,answered,more than 75%,158,t2q26raw,0,TRUE
san-mateo-2008,1474,2,knowledge-2,1584,t2Q20,5,NA,1,answered,NA,1,TRUE,correct,answered,"950,000",159,t2q20raw,0,TRUE
san-mateo-2008,1478,2,knowledge-2,1573,t2Q20,5,NA,1,answered,NA,1,TRUE,correct,answered,"950,000",160,t2q20raw,0,TRUE
san-mateo-2008,1480,2,knowledge-8,1572,t2Q26,5,NA,1,answered,NA,1,TRUE,correct,answered,more than 75%,162,t2q26raw,0,TRUE
san-mateo-2008,1495,2,knowledge-2,1724,t2Q20,5,NA,1,answered,NA,1,TRUE,correct,answered,"950,000",165,t2q20raw,0,TRUE
san-mateo-2008,1497,2,knowledge-2,1606,t2Q20,5,NA,1,answered,NA,1,TRUE,correct,answered,"950,000",166,t2q20raw,0,TRUE
san-mateo-2008,1499,2,knowledge-8,1646,t2Q26,5,NA,1,answered,NA,1,TRUE,correct,answered,more than 75%,167,t2q26raw,0,TRUE
san-mateo-2008,1500,2,knowledge-8,1723,t2Q26,5,NA,1,answered,NA,1,TRUE,correct,answered,more than 75%,168,t2q26raw,0,TRUE
san-mateo-2008,1504,2,knowledge-8,1756,t2Q26,5,NA,1,answered,NA,1,TRUE,correct,answered,more than 75%,171,t2q26raw,0,TRUE
san-mateo-2008,1508,2,knowledge-8,1729,t2Q26,5,NA,1,answered,NA,1,TRUE,correct,answered,more than 75%,174,t2q26raw,0,TRUE
san-mateo-2008,1509,2,knowledge-8,1805,t2Q26,5,NA,1,answered,NA,1,TRUE,correct,answered,more than 75%,175,t2q26raw,0,TRUE
san-mateo-2008,1530,2,knowledge-2,1596,t2Q20,5,NA,1,answered,NA,1,TRUE,correct,answered,"950,000",178,t2q20raw,0,TRUE
san-mateo-2008,1531,2,knowledge-8,1769,t2Q26,5,NA,1,answered,NA,1,TRUE,correct,answered,more than 75%,179,t2q26raw,0,TRUE
san-mateo-2008,1533,2,knowledge-2,1670,t2Q20,5,NA,1,answered,NA,1,TRUE,correct,answered,"950,000",180,t2q20raw,0,TRUE
san-mateo-2008,1537,2,knowledge-8,1695,t2Q26,5,NA,1,answered,NA,1,TRUE,correct,answered,more than 75%,181,t2q26raw,0,TRUE
san-mateo-2008,1544,2,knowledge-8,1704,t2Q26,5,NA,1,answered,NA,1,TRUE,correct,answered,more than 75%,182,t2q26raw,0,TRUE
san-mateo-2008,1548,2,knowledge-2,1637,t2Q20,5,NA,1,answered,NA,1,TRUE,correct,answered,"950,000",183,t2q20raw,0,TRUE
san-mateo-2008,1557,2,knowledge-8,1792,t2Q26,5,NA,1,answered,NA,1,TRUE,correct,answered,more than 75%,187,t2q26raw,0,TRUE
san-mateo-2008,1559,2,knowledge-8,1714,t2Q26,5,NA,1,answered,NA,1,TRUE,correct,answered,more than 75%,188,t2q26raw,0,TRUE
san-mateo-2008,1562,2,knowledge-8,1642,t2Q26,5,NA,1,answered,NA,1,TRUE,correct,answered,more than 75%,190,t2q26raw,0,TRUE
san-mateo-2008,1572,2,knowledge-2,1691,t2Q20,5,NA,1,answered,NA,1,TRUE,correct,answered,"950,000",192,t2q20raw,0,TRUE
san-mateo-2008,1572,2,knowledge-8,1691,t2Q26,5,NA,1,answered,NA,1,TRUE,correct,answered,more than 75%,192,t2q26raw,0,TRUE
san-mateo-2008,1584,2,knowledge-8,1760,t2Q26,5,NA,1,answered,NA,1,TRUE,correct,answered,more than 75%,194,t2q26raw,0,TRUE
san-mateo-2008,1588,2,knowledge-2,1653,t2Q20,5,NA,1,answered,NA,1,TRUE,correct,answered,"950,000",195,t2q20raw,0,TRUE
san-mateo-2008,1588,2,knowledge-8,1653,t2Q26,5,NA,1,answered,NA,1,TRUE,correct,answered,more than 75%,195,t2q26raw,0,TRUE
san-mateo-2008,1610,2,knowledge-2,1692,t2Q20,5,NA,1,answered,NA,1,TRUE,correct,answered,"950,000",202,t2q20raw,0,TRUE
san-mateo-2008,1610,2,knowledge-8,1692,t2Q26,5,NA,1,answered,NA,1,TRUE,correct,answered,more than 75%,202,t2q26raw,0,TRUE
san-mateo-2008,1613,2,knowledge-2,1595,t2Q20,5,NA,1,answered,NA,1,TRUE,correct,answered,"950,000",203,t2q20raw,0,TRUE
san-mateo-2008,1647,2,knowledge-2,1752,t2Q20,5,NA,1,answered,NA,1,TRUE,correct,answered,"950,000",214,t2q20raw,0,TRUE
san-mateo-2008,1647,2,knowledge-8,1752,t2Q26,5,NA,1,answered,NA,1,TRUE,correct,answered,more than 75%,214,t2q26raw,0,TRUE
san-mateo-2008,1659,2,knowledge-8,1742,t2Q26,5,NA,1,answered,NA,1,TRUE,correct,answered,more than 75%,217,t2q26raw,0,TRUE
san-mateo-2008,1674,2,knowledge-2,1718,t2Q20,5,NA,1,answered,NA,1,TRUE,correct,answered,"950,000",222,t2q20raw,0,TRUE
san-mateo-2008,1678,2,knowledge-2,1778,t2Q20,5,NA,1,answered,NA,1,TRUE,correct,answered,"950,000",223,t2q20raw,0,TRUE
san-mateo-2008,1679,2,knowledge-8,1629,t2Q26,5,NA,1,answered,NA,1,TRUE,correct,answered,more than 75%,224,t2q26raw,0,TRUE
san-mateo-2008,1685,2,knowledge-8,1766,t2Q26,5,NA,1,answered,NA,1,TRUE,correct,answered,more than 75%,226,t2q26raw,0,TRUE
san-mateo-2008,1698,2,knowledge-2,1620,t2Q20,5,NA,1,answered,NA,1,TRUE,correct,answered,"950,000",231,t2q20raw,0,TRUE
san-mateo-2008,1698,2,knowledge-8,1620,t2Q26,5,NA,1,answered,NA,1,TRUE,correct,answered,more than 75%,231,t2q26raw,0,TRUE
san-mateo-2008,1699,2,knowledge-2,1736,t2Q20,5,NA,1,answered,NA,1,TRUE,correct,answered,"950,000",232,t2q20raw,0,TRUE
san-mateo-2008,1699,2,knowledge-8,1736,t2Q26,5,NA,1,answered,NA,1,TRUE,correct,answered,more than 75%,232,t2q26raw,0,TRUE
san-mateo-2008,1702,2,knowledge-2,1597,t2Q20,5,NA,1,answered,NA,1,TRUE,correct,answered,"950,000",233,t2q20raw,0,TRUE
michigan-2009,1002,2,knowledge-4,176,t3q41,NA,e,NA,non_substantive,e,NA,TRUE,NA,unclassified_nonanswer,NA,176,t3q41raw,0,TRUE
michigan-2009,1006,2,knowledge-3,180,t3q40,NA,e,NA,non_substantive,e,NA,TRUE,NA,unclassified_nonanswer,NA,180,t3q40raw,0,TRUE
michigan-2009,1007,2,knowledge-4,181,t3q41,NA,e,NA,non_substantive,e,NA,TRUE,NA,unclassified_nonanswer,NA,181,t3q41raw,0,TRUE
michigan-2009,1008,2,knowledge-4,182,t3q41,NA,E,NA,non_substantive,E,NA,TRUE,NA,unclassified_nonanswer,NA,182,t3q41raw,0,TRUE
michigan-2009,1009,2,knowledge-4,183,t3q41,NA,e,NA,non_substantive,e,NA,TRUE,NA,unclassified_nonanswer,NA,183,t3q41raw,0,TRUE
michigan-2009,101,2,knowledge-4,2,t3q41,NA,e,NA,non_substantive,e,NA,TRUE,NA,unclassified_nonanswer,NA,2,t3q41raw,0,TRUE
michigan-2009,1010,2,knowledge-4,184,t3q41,NA,e,NA,non_substantive,e,NA,TRUE,NA,unclassified_nonanswer,NA,184,t3q41raw,0,TRUE
michigan-2009,1011,2,knowledge-3,185,t3q40,NA,E,NA,non_substantive,E,NA,TRUE,NA,unclassified_nonanswer,NA,185,t3q40raw,0,TRUE
michigan-2009,1011,2,knowledge-4,185,t3q41,NA,E,NA,non_substantive,E,NA,TRUE,NA,unclassified_nonanswer,NA,185,t3q41raw,0,TRUE
michigan-2009,1011,2,knowledge-5,185,t3q42,NA,E,NA,non_substantive,E,NA,TRUE,NA,unclassified_nonanswer,NA,185,t3q42raw,0,TRUE
michigan-2009,1013,2,knowledge-4,187,t3q41,NA,e,NA,non_substantive,e,NA,TRUE,NA,unclassified_nonanswer,NA,187,t3q41raw,0,TRUE
michigan-2009,1015,2,knowledge-3,189,t3q40,NA,e,NA,non_substantive,e,NA,TRUE,NA,unclassified_nonanswer,NA,189,t3q40raw,0,TRUE
michigan-2009,1015,2,knowledge-4,189,t3q41,NA,e,NA,non_substantive,e,NA,TRUE,NA,unclassified_nonanswer,NA,189,t3q41raw,0,TRUE
michigan-2009,1016,2,knowledge-3,190,t3q40,NA,e,NA,non_substantive,e,NA,TRUE,NA,unclassified_nonanswer,NA,190,t3q40raw,0,TRUE
michigan-2009,1016,2,knowledge-4,190,t3q41,NA,e,NA,non_substantive,e,NA,TRUE,NA,unclassified_nonanswer,NA,190,t3q41raw,0,TRUE
michigan-2009,1016,2,knowledge-5,190,t3q42,NA,e,NA,non_substantive,e,NA,TRUE,NA,unclassified_nonanswer,NA,190,t3q42raw,0,TRUE
michigan-2009,1017,2,knowledge-3,191,t3q40,NA,e,NA,non_substantive,e,NA,TRUE,NA,unclassified_nonanswer,NA,191,t3q40raw,0,TRUE
michigan-2009,1017,2,knowledge-4,191,t3q41,NA,e,NA,non_substantive,e,NA,TRUE,NA,unclassified_nonanswer,NA,191,t3q41raw,0,TRUE
michigan-2009,103,2,knowledge-4,4,t3q41,NA,e,NA,non_substantive,e,NA,TRUE,NA,unclassified_nonanswer,NA,4,t3q41raw,0,TRUE
michigan-2009,104,2,knowledge-4,5,t3q41,NA,e,NA,non_substantive,e,NA,TRUE,NA,unclassified_nonanswer,NA,5,t3q41raw,0,TRUE
michigan-2009,105,2,knowledge-3,6,t3q40,NA,e,NA,non_substantive,e,NA,TRUE,NA,unclassified_nonanswer,NA,6,t3q40raw,0,TRUE
michigan-2009,105,2,knowledge-4,6,t3q41,NA,e,NA,non_substantive,e,NA,TRUE,NA,unclassified_nonanswer,NA,6,t3q41raw,0,TRUE
michigan-2009,108,2,knowledge-4,9,t3q41,NA,e,NA,non_substantive,e,NA,TRUE,NA,unclassified_nonanswer,NA,9,t3q41raw,0,TRUE
michigan-2009,109,2,knowledge-4,10,t3q41,NA,e,NA,non_substantive,e,NA,TRUE,NA,unclassified_nonanswer,NA,10,t3q41raw,0,TRUE
michigan-2009,1100,2,knowledge-3,192,t3q40,NA,e,NA,non_substantive,e,NA,TRUE,NA,unclassified_nonanswer,NA,192,t3q40raw,0,TRUE
michigan-2009,1102,2,knowledge-4,194,t3q41,NA,e,NA,non_substantive,e,NA,TRUE,NA,unclassified_nonanswer,NA,194,t3q41raw,0,TRUE
michigan-2009,1105,2,knowledge-3,197,t3q40,NA,e,NA,non_substantive,e,NA,TRUE,NA,unclassified_nonanswer,NA,197,t3q40raw,0,TRUE
michigan-2009,1105,2,knowledge-4,197,t3q41,NA,e,NA,non_substantive,e,NA,TRUE,NA,unclassified_nonanswer,NA,197,t3q41raw,0,TRUE
michigan-2009,1106,2,knowledge-3,198,t3q40,NA,e,NA,non_substantive,e,NA,TRUE,NA,unclassified_nonanswer,NA,198,t3q40raw,0,TRUE
michigan-2009,1107,2,knowledge-3,199,t3q40,NA,e,NA,non_substantive,e,NA,TRUE,NA,unclassified_nonanswer,NA,199,t3q40raw,0,TRUE
michigan-2009,1107,2,knowledge-4,199,t3q41,NA,e,NA,non_substantive,e,NA,TRUE,NA,unclassified_nonanswer,NA,199,t3q41raw,0,TRUE
michigan-2009,1109,2,knowledge-4,201,t3q41,NA,E,NA,non_substantive,E,NA,TRUE,NA,unclassified_nonanswer,NA,201,t3q41raw,0,TRUE
michigan-2009,111,2,knowledge-4,12,t3q41,NA,e,NA,non_substantive,e,NA,TRUE,NA,unclassified_nonanswer,NA,12,t3q41raw,0,TRUE
michigan-2009,1110,2,knowledge-4,202,t3q41,NA,e,NA,non_substantive,e,NA,TRUE,NA,unclassified_nonanswer,NA,202,t3q41raw,0,TRUE
michigan-2009,1110,2,knowledge-5,202,t3q42,NA,e,NA,non_substantive,e,NA,TRUE,NA,unclassified_nonanswer,NA,202,t3q42raw,0,TRUE
michigan-2009,1111,2,knowledge-3,203,t3q40,NA,e,NA,non_substantive,e,NA,TRUE,NA,unclassified_nonanswer,NA,203,t3q40raw,0,TRUE
michigan-2009,1111,2,knowledge-4,203,t3q41,NA,e,NA,non_substantive,e,NA,TRUE,NA,unclassified_nonanswer,NA,203,t3q41raw,0,TRUE
michigan-2009,1111,2,knowledge-5,203,t3q42,NA,e,NA,non_substantive,e,NA,TRUE,NA,unclassified_nonanswer,NA,203,t3q42raw,0,TRUE
michigan-2009,1113,2,knowledge-4,205,t3q41,NA,e,NA,non_substantive,e,NA,TRUE,NA,unclassified_nonanswer,NA,205,t3q41raw,0,TRUE
michigan-2009,1115,2,knowledge-3,207,t3q40,NA,e,NA,non_substantive,e,NA,TRUE,NA,unclassified_nonanswer,NA,207,t3q40raw,0,TRUE
michigan-2009,1116,2,knowledge-4,208,t3q41,NA,e,NA,non_substantive,e,NA,TRUE,NA,unclassified_nonanswer,NA,208,t3q41raw,0,TRUE
michigan-2009,1117,2,knowledge-4,209,t3q41,NA,e,NA,non_substantive,e,NA,TRUE,NA,unclassified_nonanswer,NA,209,t3q41raw,0,TRUE
michigan-2009,1118,2,knowledge-4,210,t3q41,NA,e,NA,non_substantive,e,NA,TRUE,NA,unclassified_nonanswer,NA,210,t3q41raw,0,TRUE
michigan-2009,114,2,knowledge-3,15,t3q40,NA,e,NA,non_substantive,e,NA,TRUE,NA,unclassified_nonanswer,NA,15,t3q40raw,0,TRUE
michigan-2009,114,2,knowledge-4,15,t3q41,NA,e,NA,non_substantive,e,NA,TRUE,NA,unclassified_nonanswer,NA,15,t3q41raw,0,TRUE
michigan-2009,116,2,knowledge-4,17,t3q41,NA,e,NA,non_substantive,e,NA,TRUE,NA,unclassified_nonanswer,NA,17,t3q41raw,0,TRUE
michigan-2009,117,2,knowledge-4,18,t3q41,NA,e,NA,non_substantive,e,NA,TRUE,NA,unclassified_nonanswer,NA,18,t3q41raw,0,TRUE
michigan-2009,118,2,knowledge-4,19,t3q41,NA,e,NA,non_substantive,e,NA,TRUE,NA,unclassified_nonanswer,NA,19,t3q41raw,0,TRUE
michigan-2009,119,2,knowledge-4,20,t3q41,NA,e,NA,non_substantive,e,NA,TRUE,NA,unclassified_nonanswer,NA,20,t3q41raw,0,TRUE
michigan-2009,120,2,knowledge-4,21,t3q41,NA,e,NA,non_substantive,e,NA,TRUE,NA,unclassified_nonanswer,NA,21,t3q41raw,0,TRUE
michigan-2009,120,2,knowledge-5,21,t3q42,NA,e,NA,non_substantive,e,NA,TRUE,NA,unclassified_nonanswer,NA,21,t3q42raw,0,TRUE
michigan-2009,1201,2,knowledge-4,212,t3q41,NA,e,NA,non_substantive,e,NA,TRUE,NA,unclassified_nonanswer,NA,212,t3q41raw,0,TRUE
michigan-2009,1201,2,knowledge-5,212,t3q42,NA,e,NA,non_substantive,e,NA,TRUE,NA,unclassified_nonanswer,NA,212,t3q42raw,0,TRUE
michigan-2009,1202,2,knowledge-3,213,t3q40,NA,e,NA,non_substantive,e,NA,TRUE,NA,unclassified_nonanswer,NA,213,t3q40raw,0,TRUE
michigan-2009,1202,2,knowledge-4,213,t3q41,NA,e,NA,non_substantive,e,NA,TRUE,NA,unclassified_nonanswer,NA,213,t3q41raw,0,TRUE
michigan-2009,1204,2,knowledge-4,215,t3q41,NA,e,NA,non_substantive,e,NA,TRUE,NA,unclassified_nonanswer,NA,215,t3q41raw,0,TRUE
michigan-2009,1205,2,knowledge-4,216,t3q41,NA,e,NA,non_substantive,e,NA,TRUE,NA,unclassified_nonanswer,NA,216,t3q41raw,0,TRUE
michigan-2009,1206,2,knowledge-4,217,t3q41,NA,e,NA,non_substantive,e,NA,TRUE,NA,unclassified_nonanswer,NA,217,t3q41raw,0,TRUE
michigan-2009,1207,2,knowledge-4,218,t3q41,NA,e,NA,non_substantive,e,NA,TRUE,NA,unclassified_nonanswer,NA,218,t3q41raw,0,TRUE
michigan-2009,1208,2,knowledge-4,219,t3q41,NA,e,NA,non_substantive,e,NA,TRUE,NA,unclassified_nonanswer,NA,219,t3q41raw,0,TRUE
michigan-2009,121,2,knowledge-3,22,t3q40,NA,e,NA,non_substantive,e,NA,TRUE,NA,unclassified_nonanswer,NA,22,t3q40raw,0,TRUE
michigan-2009,121,2,knowledge-4,22,t3q41,NA,e,NA,non_substantive,e,NA,TRUE,NA,unclassified_nonanswer,NA,22,t3q41raw,0,TRUE
michigan-2009,1210,2,knowledge-4,221,t3q41,NA,e,NA,non_substantive,e,NA,TRUE,NA,unclassified_nonanswer,NA,221,t3q41raw,0,TRUE
michigan-2009,1211,2,knowledge-3,222,t3q40,NA,e,NA,non_substantive,e,NA,TRUE,NA,unclassified_nonanswer,NA,222,t3q40raw,0,TRUE
michigan-2009,1212,2,knowledge-3,223,t3q40,NA,e,NA,non_substantive,e,NA,TRUE,NA,unclassified_nonanswer,NA,223,t3q40raw,0,TRUE
michigan-2009,1212,2,knowledge-4,223,t3q41,NA,e,NA,non_substantive,e,NA,TRUE,NA,unclassified_nonanswer,NA,223,t3q41raw,0,TRUE
michigan-2009,1212,2,knowledge-5,223,t3q42,NA,e,NA,non_substantive,e,NA,TRUE,NA,unclassified_nonanswer,NA,223,t3q42raw,0,TRUE
michigan-2009,1213,2,knowledge-4,224,t3q41,NA,e,NA,non_substantive,e,NA,TRUE,NA,unclassified_nonanswer,NA,224,t3q41raw,0,TRUE
michigan-2009,1214,2,knowledge-4,225,t3q41,NA,e,NA,non_substantive,e,NA,TRUE,NA,unclassified_nonanswer,NA,225,t3q41raw,0,TRUE
michigan-2009,1300,2,knowledge-4,228,t3q41,NA,e,NA,non_substantive,e,NA,TRUE,NA,unclassified_nonanswer,NA,228,t3q41raw,0,TRUE
michigan-2009,1304,2,knowledge-5,232,t3q42,NA,e,NA,non_substantive,e,NA,TRUE,NA,unclassified_nonanswer,NA,232,t3q42raw,0,TRUE
michigan-2009,1305,2,knowledge-3,233,t3q40,NA,e,NA,non_substantive,e,NA,TRUE,NA,unclassified_nonanswer,NA,233,t3q40raw,0,TRUE
michigan-2009,1305,2,knowledge-4,233,t3q41,NA,e,NA,non_substantive,e,NA,TRUE,NA,unclassified_nonanswer,NA,233,t3q41raw,0,TRUE
michigan-2009,1305,2,knowledge-5,233,t3q42,NA,e,NA,non_substantive,e,NA,TRUE,NA,unclassified_nonanswer,NA,233,t3q42raw,0,TRUE
michigan-2009,1306,2,knowledge-3,234,t3q40,NA,e,NA,non_substantive,e,NA,TRUE,NA,unclassified_nonanswer,NA,234,t3q40raw,0,TRUE
michigan-2009,1309,2,knowledge-4,237,t3q41,NA,e,NA,non_substantive,e,NA,TRUE,NA,unclassified_nonanswer,NA,237,t3q41raw,0,TRUE
michigan-2009,1309,2,knowledge-5,237,t3q42,NA,e,NA,non_substantive,e,NA,TRUE,NA,unclassified_nonanswer,NA,237,t3q42raw,0,TRUE
michigan-2009,1312,2,knowledge-4,240,t3q41,NA,e,NA,non_substantive,e,NA,TRUE,NA,unclassified_nonanswer,NA,240,t3q41raw,0,TRUE
michigan-2009,1313,2,knowledge-3,241,t3q40,NA,e,NA,non_substantive,e,NA,TRUE,NA,unclassified_nonanswer,NA,241,t3q40raw,0,TRUE
michigan-2009,1313,2,knowledge-4,241,t3q41,NA,e,NA,non_substantive,e,NA,TRUE,NA,unclassified_nonanswer,NA,241,t3q41raw,0,TRUE
michigan-2009,1315,2,knowledge-4,243,t3q41,NA,e,NA,non_substantive,e,NA,TRUE,NA,unclassified_nonanswer,NA,243,t3q41raw,0,TRUE
michigan-2009,1405,2,knowledge-4,249,t3q41,NA,e,NA,non_substantive,e,NA,TRUE,NA,unclassified_nonanswer,NA,249,t3q41raw,0,TRUE
michigan-2009,1406,2,knowledge-4,250,t3q41,NA,e,NA,non_substantive,e,NA,TRUE,NA,unclassified_nonanswer,NA,250,t3q41raw,0,TRUE
michigan-2009,1407,2,knowledge-4,251,t3q41,NA,e,NA,non_substantive,e,NA,TRUE,NA,unclassified_nonanswer,NA,251,t3q41raw,0,TRUE
michigan-2009,1408,2,knowledge-4,252,t3q41,NA,e,NA,non_substantive,e,NA,TRUE,NA,unclassified_nonanswer,NA,252,t3q41raw,0,TRUE
michigan-2009,1409,2,knowledge-4,253,t3q41,NA,e,NA,non_substantive,e,NA,TRUE,NA,unclassified_nonanswer,NA,253,t3q41raw,0,TRUE
michigan-2009,1410,2,knowledge-4,254,t3q41,NA,e,NA,non_substantive,e,NA,TRUE,NA,unclassified_nonanswer,NA,254,t3q41raw,0,TRUE
michigan-2009,1413,2,knowledge-3,257,t3q40,NA,e,NA,non_substantive,e,NA,TRUE,NA,unclassified_nonanswer,NA,257,t3q40raw,0,TRUE
michigan-2009,1413,2,knowledge-4,257,t3q41,NA,e,NA,non_substantive,e,NA,TRUE,NA,unclassified_nonanswer,NA,257,t3q41raw,0,TRUE
michigan-2009,1414,2,knowledge-3,258,t3q40,NA,e,NA,non_substantive,e,NA,TRUE,NA,unclassified_nonanswer,NA,258,t3q40raw,0,TRUE
michigan-2009,1414,2,knowledge-4,258,t3q41,NA,e,NA,non_substantive,e,NA,TRUE,NA,unclassified_nonanswer,NA,258,t3q41raw,0,TRUE
michigan-2009,1414,2,knowledge-5,258,t3q42,NA,e,NA,non_substantive,e,NA,TRUE,NA,unclassified_nonanswer,NA,258,t3q42raw,0,TRUE
michigan-2009,1416,2,knowledge-4,260,t3q41,NA,e,NA,non_substantive,e,NA,TRUE,NA,unclassified_nonanswer,NA,260,t3q41raw,0,TRUE
michigan-2009,1417,2,knowledge-4,261,t3q41,NA,e,NA,non_substantive,e,NA,TRUE,NA,unclassified_nonanswer,NA,261,t3q41raw,0,TRUE
michigan-2009,1418,2,knowledge-4,262,t3q41,NA,e,NA,non_substantive,e,NA,TRUE,NA,unclassified_nonanswer,NA,262,t3q41raw,0,TRUE
michigan-2009,1418,2,knowledge-5,262,t3q42,NA,e,NA,non_substantive,e,NA,TRUE,NA,unclassified_nonanswer,NA,262,t3q42raw,0,TRUE
michigan-2009,1419,2,knowledge-3,263,t3q40,NA,e,NA,non_substantive,e,NA,TRUE,NA,unclassified_nonanswer,NA,263,t3q40raw,0,TRUE
michigan-2009,1419,2,knowledge-4,263,t3q41,NA,e,NA,non_substantive,e,NA,TRUE,NA,unclassified_nonanswer,NA,263,t3q41raw,0,TRUE
michigan-2009,1420,2,knowledge-4,264,t3q41,NA,e,NA,non_substantive,e,NA,TRUE,NA,unclassified_nonanswer,NA,264,t3q41raw,0,TRUE
michigan-2009,1500,2,knowledge-3,265,t3q40,NA,e,NA,non_substantive,e,NA,TRUE,NA,unclassified_nonanswer,NA,265,t3q40raw,0,TRUE
michigan-2009,1500,2,knowledge-4,265,t3q41,NA,e,NA,non_substantive,e,NA,TRUE,NA,unclassified_nonanswer,NA,265,t3q41raw,0,TRUE
michigan-2009,1500,2,knowledge-5,265,t3q42,NA,e,NA,non_substantive,e,NA,TRUE,NA,unclassified_nonanswer,NA,265,t3q42raw,0,TRUE
michigan-2009,1501,2,knowledge-3,266,t3q40,NA,e,NA,non_substantive,e,NA,TRUE,NA,unclassified_nonanswer,NA,266,t3q40raw,0,TRUE
michigan-2009,1501,2,knowledge-4,266,t3q41,NA,e,NA,non_substantive,e,NA,TRUE,NA,unclassified_nonanswer,NA,266,t3q41raw,0,TRUE
michigan-2009,1503,2,knowledge-3,268,t3q40,NA,e,NA,non_substantive,e,NA,TRUE,NA,unclassified_nonanswer,NA,268,t3q40raw,0,TRUE
michigan-2009,1503,2,knowledge-4,268,t3q41,NA,e,NA,non_substantive,e,NA,TRUE,NA,unclassified_nonanswer,NA,268,t3q41raw,0,TRUE
michigan-2009,1504,2,knowledge-4,269,t3q41,NA,e,NA,non_substantive,e,NA,TRUE,NA,unclassified_nonanswer,NA,269,t3q41raw,0,TRUE
michigan-2009,1505,2,knowledge-4,270,t3q41,NA,e,NA,non_substantive,e,NA,TRUE,NA,unclassified_nonanswer,NA,270,t3q41raw,0,TRUE
michigan-2009,1507,2,knowledge-3,272,t3q40,NA,e,NA,non_substantive,e,NA,TRUE,NA,unclassified_nonanswer,NA,272,t3q40raw,0,TRUE
michigan-2009,1507,2,knowledge-4,272,t3q41,NA,e,NA,non_substantive,e,NA,TRUE,NA,unclassified_nonanswer,NA,272,t3q41raw,0,TRUE
michigan-2009,1507,2,knowledge-5,272,t3q42,NA,e,NA,non_substantive,e,NA,TRUE,NA,unclassified_nonanswer,NA,272,t3q42raw,0,TRUE
michigan-2009,1509,2,knowledge-3,274,t3q40,NA,e,NA,non_substantive,e,NA,TRUE,NA,unclassified_nonanswer,NA,274,t3q40raw,0,TRUE
michigan-2009,1509,2,knowledge-4,274,t3q41,NA,e,NA,non_substantive,e,NA,TRUE,NA,unclassified_nonanswer,NA,274,t3q41raw,0,TRUE
michigan-2009,1510,2,knowledge-4,275,t3q41,NA,e,NA,non_substantive,e,NA,TRUE,NA,unclassified_nonanswer,NA,275,t3q41raw,0,TRUE
michigan-2009,1510,2,knowledge-5,275,t3q42,NA,e,NA,non_substantive,e,NA,TRUE,NA,unclassified_nonanswer,NA,275,t3q42raw,0,TRUE
michigan-2009,1511,2,knowledge-4,276,t3q41,NA,e,NA,non_substantive,e,NA,TRUE,NA,unclassified_nonanswer,NA,276,t3q41raw,0,TRUE
michigan-2009,1512,2,knowledge-3,277,t3q40,NA,e,NA,non_substantive,e,NA,TRUE,NA,unclassified_nonanswer,NA,277,t3q40raw,0,TRUE
michigan-2009,1512,2,knowledge-4,277,t3q41,NA,e,NA,non_substantive,e,NA,TRUE,NA,unclassified_nonanswer,NA,277,t3q41raw,0,TRUE
michigan-2009,1512,2,knowledge-5,277,t3q42,NA,e,NA,non_substantive,e,NA,TRUE,NA,unclassified_nonanswer,NA,277,t3q42raw,0,TRUE
michigan-2009,1513,2,knowledge-4,278,t3q41,NA,e,NA,non_substantive,e,NA,TRUE,NA,unclassified_nonanswer,NA,278,t3q41raw,0,TRUE
michigan-2009,1518,2,knowledge-5,283,t3q42,NA,e,NA,non_substantive,e,NA,TRUE,NA,unclassified_nonanswer,NA,283,t3q42raw,0,TRUE
michigan-2009,1519,2,knowledge-4,284,t3q41,NA,e,NA,non_substantive,e,NA,TRUE,NA,unclassified_nonanswer,NA,284,t3q41raw,0,TRUE
michigan-2009,200,2,knowledge-4,23,t3q41,NA,e,NA,non_substantive,e,NA,TRUE,NA,unclassified_nonanswer,NA,23,t3q41raw,0,TRUE
michigan-2009,2001,2,knowledge-3,286,t3q40,NA,e,NA,non_substantive,e,NA,TRUE,NA,unclassified_nonanswer,NA,286,t3q40raw,0,TRUE
michigan-2009,2001,2,knowledge-4,286,t3q41,NA,e,NA,non_substantive,e,NA,TRUE,NA,unclassified_nonanswer,NA,286,t3q41raw,0,TRUE
michigan-2009,2005,2,knowledge-3,287,t3q40,NA,e,NA,non_substantive,e,NA,TRUE,NA,unclassified_nonanswer,NA,287,t3q40raw,0,TRUE
michigan-2009,2005,2,knowledge-4,287,t3q41,NA,e,NA,non_substantive,e,NA,TRUE,NA,unclassified_nonanswer,NA,287,t3q41raw,0,TRUE
michigan-2009,2005,2,knowledge-5,287,t3q42,NA,e,NA,non_substantive,e,NA,TRUE,NA,unclassified_nonanswer,NA,287,t3q42raw,0,TRUE
michigan-2009,2006,2,knowledge-3,288,t3q40,NA,e,NA,non_substantive,e,NA,TRUE,NA,unclassified_nonanswer,NA,288,t3q40raw,0,TRUE
michigan-2009,2006,2,knowledge-4,288,t3q41,NA,e,NA,non_substantive,e,NA,TRUE,NA,unclassified_nonanswer,NA,288,t3q41raw,0,TRUE
michigan-2009,201,2,knowledge-4,24,t3q41,NA,e,NA,non_substantive,e,NA,TRUE,NA,unclassified_nonanswer,NA,24,t3q41raw,0,TRUE
michigan-2009,2011,2,knowledge-3,290,t3q40,NA,e,NA,non_substantive,e,NA,TRUE,NA,unclassified_nonanswer,NA,290,t3q40raw,0,TRUE
michigan-2009,2012,2,knowledge-4,291,t3q41,NA,e,NA,non_substantive,e,NA,TRUE,NA,unclassified_nonanswer,NA,291,t3q41raw,0,TRUE
michigan-2009,2013,2,knowledge-4,292,t3q41,NA,e,NA,non_substantive,e,NA,TRUE,NA,unclassified_nonanswer,NA,292,t3q41raw,0,TRUE
michigan-2009,2020,2,knowledge-3,298,t3q40,NA,e,NA,non_substantive,e,NA,TRUE,NA,unclassified_nonanswer,NA,298,t3q40raw,0,TRUE
michigan-2009,2020,2,knowledge-4,298,t3q41,NA,e,NA,non_substantive,e,NA,TRUE,NA,unclassified_nonanswer,NA,298,t3q41raw,0,TRUE
michigan-2009,2020,2,knowledge-5,298,t3q42,NA,e,NA,non_substantive,e,NA,TRUE,NA,unclassified_nonanswer,NA,298,t3q42raw,0,TRUE
michigan-2009,2022,2,knowledge-4,300,t3q41,NA,e,NA,non_substantive,e,NA,TRUE,NA,unclassified_nonanswer,NA,300,t3q41raw,0,TRUE
michigan-2009,203,2,knowledge-4,26,t3q41,NA,e,NA,non_substantive,e,NA,TRUE,NA,unclassified_nonanswer,NA,26,t3q41raw,0,TRUE
michigan-2009,204,2,knowledge-3,27,t3q40,NA,e,NA,non_substantive,e,NA,TRUE,NA,unclassified_nonanswer,NA,27,t3q40raw,0,TRUE
michigan-2009,204,2,knowledge-4,27,t3q41,NA,e,NA,non_substantive,e,NA,TRUE,NA,unclassified_nonanswer,NA,27,t3q41raw,0,TRUE
michigan-2009,204,2,knowledge-5,27,t3q42,NA,e,NA,non_substantive,e,NA,TRUE,NA,unclassified_nonanswer,NA,27,t3q42raw,0,TRUE
michigan-2009,205,2,knowledge-3,28,t3q40,NA,e,NA,non_substantive,e,NA,TRUE,NA,unclassified_nonanswer,NA,28,t3q40raw,0,TRUE
michigan-2009,205,2,knowledge-5,28,t3q42,NA,e,NA,non_substantive,e,NA,TRUE,NA,unclassified_nonanswer,NA,28,t3q42raw,0,TRUE
michigan-2009,206,2,knowledge-4,29,t3q41,NA,e,NA,non_substantive,e,NA,TRUE,NA,unclassified_nonanswer,NA,29,t3q41raw,0,TRUE
michigan-2009,210,2,knowledge-4,32,t3q41,NA,e,NA,non_substantive,e,NA,TRUE,NA,unclassified_nonanswer,NA,32,t3q41raw,0,TRUE
michigan-2009,211,2,knowledge-3,33,t3q40,NA,e,NA,non_substantive,e,NA,TRUE,NA,unclassified_nonanswer,NA,33,t3q40raw,0,TRUE
michigan-2009,212,2,knowledge-4,34,t3q41,NA,e,NA,non_substantive,e,NA,TRUE,NA,unclassified_nonanswer,NA,34,t3q41raw,0,TRUE
michigan-2009,213,2,knowledge-4,35,t3q41,NA,e,NA,non_substantive,e,NA,TRUE,NA,unclassified_nonanswer,NA,35,t3q41raw,0,TRUE
michigan-2009,215,2,knowledge-4,37,t3q41,NA,e,NA,non_substantive,e,NA,TRUE,NA,unclassified_nonanswer,NA,37,t3q41raw,0,TRUE
michigan-2009,216,2,knowledge-4,38,t3q41,NA,e,NA,non_substantive,e,NA,TRUE,NA,unclassified_nonanswer,NA,38,t3q41raw,0,TRUE
michigan-2009,217,2,knowledge-3,39,t3q40,NA,e,NA,non_substantive,e,NA,TRUE,NA,unclassified_nonanswer,NA,39,t3q40raw,0,TRUE
michigan-2009,218,2,knowledge-4,40,t3q41,NA,e,NA,non_substantive,e,NA,TRUE,NA,unclassified_nonanswer,NA,40,t3q41raw,0,TRUE
michigan-2009,219,2,knowledge-4,41,t3q41,NA,e,NA,non_substantive,e,NA,TRUE,NA,unclassified_nonanswer,NA,41,t3q41raw,0,TRUE
michigan-2009,220,2,knowledge-4,42,t3q41,NA,e,NA,non_substantive,e,NA,TRUE,NA,unclassified_nonanswer,NA,42,t3q41raw,0,TRUE
michigan-2009,220,2,knowledge-5,42,t3q42,NA,e,NA,non_substantive,e,NA,TRUE,NA,unclassified_nonanswer,NA,42,t3q42raw,0,TRUE
michigan-2009,3000,2,knowledge-4,302,t3q41,NA,e,NA,non_substantive,e,NA,TRUE,NA,unclassified_nonanswer,NA,302,t3q41raw,0,TRUE
michigan-2009,3005,2,knowledge-4,304,t3q41,NA,e,NA,non_substantive,e,NA,TRUE,NA,unclassified_nonanswer,NA,304,t3q41raw,0,TRUE
michigan-2009,3005,2,knowledge-5,304,t3q42,NA,e,NA,non_substantive,e,NA,TRUE,NA,unclassified_nonanswer,NA,304,t3q42raw,0,TRUE
michigan-2009,301,2,knowledge-4,44,t3q41,NA,e,NA,non_substantive,e,NA,TRUE,NA,unclassified_nonanswer,NA,44,t3q41raw,0,TRUE
michigan-2009,302,2,knowledge-4,45,t3q41,NA,e,NA,non_substantive,e,NA,TRUE,NA,unclassified_nonanswer,NA,45,t3q41raw,0,TRUE
michigan-2009,306,2,knowledge-4,49,t3q41,NA,e,NA,non_substantive,e,NA,TRUE,NA,unclassified_nonanswer,NA,49,t3q41raw,0,TRUE
michigan-2009,308,2,knowledge-4,51,t3q41,NA,e,NA,non_substantive,e,NA,TRUE,NA,unclassified_nonanswer,NA,51,t3q41raw,0,TRUE
michigan-2009,309,2,knowledge-4,52,t3q41,NA,e,NA,non_substantive,e,NA,TRUE,NA,unclassified_nonanswer,NA,52,t3q41raw,0,TRUE
michigan-2009,310,2,knowledge-3,53,t3q40,NA,e,NA,non_substantive,e,NA,TRUE,NA,unclassified_nonanswer,NA,53,t3q40raw,0,TRUE
michigan-2009,310,2,knowledge-4,53,t3q41,NA,e,NA,non_substantive,e,NA,TRUE,NA,unclassified_nonanswer,NA,53,t3q41raw,0,TRUE
michigan-2009,310,2,knowledge-5,53,t3q42,NA,e,NA,non_substantive,e,NA,TRUE,NA,unclassified_nonanswer,NA,53,t3q42raw,0,TRUE
michigan-2009,311,2,knowledge-5,54,t3q42,NA,e,NA,non_substantive,e,NA,TRUE,NA,unclassified_nonanswer,NA,54,t3q42raw,0,TRUE
michigan-2009,312,2,knowledge-4,55,t3q41,NA,e,NA,non_substantive,e,NA,TRUE,NA,unclassified_nonanswer,NA,55,t3q41raw,0,TRUE
michigan-2009,313,2,knowledge-5,56,t3q42,NA,e,NA,non_substantive,e,NA,TRUE,NA,unclassified_nonanswer,NA,56,t3q42raw,0,TRUE
michigan-2009,315,2,knowledge-4,58,t3q41,NA,e,NA,non_substantive,e,NA,TRUE,NA,unclassified_nonanswer,NA,58,t3q41raw,0,TRUE
michigan-2009,316,2,knowledge-4,59,t3q41,NA,e,NA,non_substantive,e,NA,TRUE,NA,unclassified_nonanswer,NA,59,t3q41raw,0,TRUE
michigan-2009,317,2,knowledge-3,60,t3q40,NA,e,NA,non_substantive,e,NA,TRUE,NA,unclassified_nonanswer,NA,60,t3q40raw,0,TRUE
michigan-2009,317,2,knowledge-4,60,t3q41,NA,e,NA,non_substantive,e,NA,TRUE,NA,unclassified_nonanswer,NA,60,t3q41raw,0,TRUE
michigan-2009,318,2,knowledge-5,61,t3q42,NA,e,NA,non_substantive,e,NA,TRUE,NA,unclassified_nonanswer,NA,61,t3q42raw,0,TRUE
michigan-2009,4000,2,knowledge-3,305,t3q40,NA,e,NA,non_substantive,e,NA,TRUE,NA,unclassified_nonanswer,NA,305,t3q40raw,0,TRUE
michigan-2009,4000,2,knowledge-4,305,t3q41,NA,e,NA,non_substantive,e,NA,TRUE,NA,unclassified_nonanswer,NA,305,t3q41raw,0,TRUE
michigan-2009,402,2,knowledge-4,65,t3q41,NA,e,NA,non_substantive,e,NA,TRUE,NA,unclassified_nonanswer,NA,65,t3q41raw,0,TRUE
michigan-2009,402,2,knowledge-5,65,t3q42,NA,e,NA,non_substantive,e,NA,TRUE,NA,unclassified_nonanswer,NA,65,t3q42raw,0,TRUE
michigan-2009,403,2,knowledge-3,66,t3q40,NA,e,NA,non_substantive,e,NA,TRUE,NA,unclassified_nonanswer,NA,66,t3q40raw,0,TRUE
michigan-2009,403,2,knowledge-4,66,t3q41,NA,e,NA,non_substantive,e,NA,TRUE,NA,unclassified_nonanswer,NA,66,t3q41raw,0,TRUE
michigan-2009,404,2,knowledge-3,67,t3q40,NA,e,NA,non_substantive,e,NA,TRUE,NA,unclassified_nonanswer,NA,67,t3q40raw,0,TRUE
michigan-2009,404,2,knowledge-4,67,t3q41,NA,e,NA,non_substantive,e,NA,TRUE,NA,unclassified_nonanswer,NA,67,t3q41raw,0,TRUE
michigan-2009,404,2,knowledge-5,67,t3q42,NA,e,NA,non_substantive,e,NA,TRUE,NA,unclassified_nonanswer,NA,67,t3q42raw,0,TRUE
michigan-2009,405,2,knowledge-4,68,t3q41,NA,e,NA,non_substantive,e,NA,TRUE,NA,unclassified_nonanswer,NA,68,t3q41raw,0,TRUE
michigan-2009,405,2,knowledge-5,68,t3q42,NA,e,NA,non_substantive,e,NA,TRUE,NA,unclassified_nonanswer,NA,68,t3q42raw,0,TRUE
michigan-2009,406,2,knowledge-1,69,t3q38,NA,SC,NA,non_substantive,SC,NA,TRUE,NA,unclassified_nonanswer,NA,69,t3q38raw,0,TRUE
michigan-2009,407,2,knowledge-3,70,t3q40,NA,e,NA,non_substantive,e,NA,TRUE,NA,unclassified_nonanswer,NA,70,t3q40raw,0,TRUE
michigan-2009,407,2,knowledge-4,70,t3q41,NA,e,NA,non_substantive,e,NA,TRUE,NA,unclassified_nonanswer,NA,70,t3q41raw,0,TRUE
michigan-2009,408,2,knowledge-3,71,t3q40,NA,e,NA,non_substantive,e,NA,TRUE,NA,unclassified_nonanswer,NA,71,t3q40raw,0,TRUE
michigan-2009,408,2,knowledge-4,71,t3q41,NA,e,NA,non_substantive,e,NA,TRUE,NA,unclassified_nonanswer,NA,71,t3q41raw,0,TRUE
michigan-2009,408,2,knowledge-5,71,t3q42,NA,e,NA,non_substantive,e,NA,TRUE,NA,unclassified_nonanswer,NA,71,t3q42raw,0,TRUE
michigan-2009,409,2,knowledge-3,72,t3q40,NA,e,NA,non_substantive,e,NA,TRUE,NA,unclassified_nonanswer,NA,72,t3q40raw,0,TRUE
michigan-2009,409,2,knowledge-4,72,t3q41,NA,e,NA,non_substantive,e,NA,TRUE,NA,unclassified_nonanswer,NA,72,t3q41raw,0,TRUE
michigan-2009,409,2,knowledge-5,72,t3q42,NA,e,NA,non_substantive,e,NA,TRUE,NA,unclassified_nonanswer,NA,72,t3q42raw,0,TRUE
michigan-2009,411,2,knowledge-3,74,t3q40,NA,e,NA,non_substantive,e,NA,TRUE,NA,unclassified_nonanswer,NA,74,t3q40raw,0,TRUE
michigan-2009,412,2,knowledge-5,75,t3q42,NA,e,NA,non_substantive,e,NA,TRUE,NA,unclassified_nonanswer,NA,75,t3q42raw,0,TRUE
michigan-2009,413,2,knowledge-3,76,t3q40,NA,e,NA,non_substantive,e,NA,TRUE,NA,unclassified_nonanswer,NA,76,t3q40raw,0,TRUE
michigan-2009,415,2,knowledge-3,78,t3q40,NA,e,NA,non_substantive,e,NA,TRUE,NA,unclassified_nonanswer,NA,78,t3q40raw,0,TRUE
michigan-2009,415,2,knowledge-4,78,t3q41,NA,e,NA,non_substantive,e,NA,TRUE,NA,unclassified_nonanswer,NA,78,t3q41raw,0,TRUE
michigan-2009,416,2,knowledge-4,79,t3q41,NA,e,NA,non_substantive,e,NA,TRUE,NA,unclassified_nonanswer,NA,79,t3q41raw,0,TRUE
michigan-2009,417,2,knowledge-3,80,t3q40,NA,e,NA,non_substantive,e,NA,TRUE,NA,unclassified_nonanswer,NA,80,t3q40raw,0,TRUE
michigan-2009,417,2,knowledge-4,80,t3q41,NA,e,NA,non_substantive,e,NA,TRUE,NA,unclassified_nonanswer,NA,80,t3q41raw,0,TRUE
michigan-2009,5001,2,knowledge-4,307,t3q41,NA,e,NA,non_substantive,e,NA,TRUE,NA,unclassified_nonanswer,NA,307,t3q41raw,0,TRUE
michigan-2009,501,2,knowledge-3,83,t3q40,NA,e,NA,non_substantive,e,NA,TRUE,NA,unclassified_nonanswer,NA,83,t3q40raw,0,TRUE
michigan-2009,5010,2,knowledge-3,308,t3q40,NA,e,NA,non_substantive,e,NA,TRUE,NA,unclassified_nonanswer,NA,308,t3q40raw,0,TRUE
michigan-2009,5010,2,knowledge-4,308,t3q41,NA,e,NA,non_substantive,e,NA,TRUE,NA,unclassified_nonanswer,NA,308,t3q41raw,0,TRUE
michigan-2009,5010,2,knowledge-5,308,t3q42,NA,e,NA,non_substantive,e,NA,TRUE,NA,unclassified_nonanswer,NA,308,t3q42raw,0,TRUE
michigan-2009,5012,2,knowledge-3,309,t3q40,NA,e,NA,non_substantive,e,NA,TRUE,NA,unclassified_nonanswer,NA,309,t3q40raw,0,TRUE
michigan-2009,5012,2,knowledge-4,309,t3q41,NA,e,NA,non_substantive,e,NA,TRUE,NA,unclassified_nonanswer,NA,309,t3q41raw,0,TRUE
michigan-2009,5012,2,knowledge-5,309,t3q42,NA,e,NA,non_substantive,e,NA,TRUE,NA,unclassified_nonanswer,NA,309,t3q42raw,0,TRUE
michigan-2009,502,2,knowledge-4,84,t3q41,NA,e,NA,non_substantive,e,NA,TRUE,NA,unclassified_nonanswer,NA,84,t3q41raw,0,TRUE
michigan-2009,503,2,knowledge-1,85,t3q38,NA,same,NA,non_substantive,same,NA,TRUE,NA,unclassified_nonanswer,NA,85,t3q38raw,0,TRUE
michigan-2009,503,2,knowledge-4,85,t3q41,NA,e,NA,non_substantive,e,NA,TRUE,NA,unclassified_nonanswer,NA,85,t3q41raw,0,TRUE
michigan-2009,504,2,knowledge-4,86,t3q41,NA,e,NA,non_substantive,e,NA,TRUE,NA,unclassified_nonanswer,NA,86,t3q41raw,0,TRUE
michigan-2009,504,2,knowledge-5,86,t3q42,NA,e,NA,non_substantive,e,NA,TRUE,NA,unclassified_nonanswer,NA,86,t3q42raw,0,TRUE
michigan-2009,505,2,knowledge-3,87,t3q40,NA,e,NA,non_substantive,e,NA,TRUE,NA,unclassified_nonanswer,NA,87,t3q40raw,0,TRUE
michigan-2009,505,2,knowledge-4,87,t3q41,NA,e,NA,non_substantive,e,NA,TRUE,NA,unclassified_nonanswer,NA,87,t3q41raw,0,TRUE
michigan-2009,507,2,knowledge-4,89,t3q41,NA,e,NA,non_substantive,e,NA,TRUE,NA,unclassified_nonanswer,NA,89,t3q41raw,0,TRUE
michigan-2009,508,2,knowledge-3,90,t3q40,NA,e,NA,non_substantive,e,NA,TRUE,NA,unclassified_nonanswer,NA,90,t3q40raw,0,TRUE
michigan-2009,508,2,knowledge-4,90,t3q41,NA,e,NA,non_substantive,e,NA,TRUE,NA,unclassified_nonanswer,NA,90,t3q41raw,0,TRUE
michigan-2009,508,2,knowledge-5,90,t3q42,NA,e,NA,non_substantive,e,NA,TRUE,NA,unclassified_nonanswer,NA,90,t3q42raw,0,TRUE
michigan-2009,509,2,knowledge-3,91,t3q40,NA,e,NA,non_substantive,e,NA,TRUE,NA,unclassified_nonanswer,NA,91,t3q40raw,0,TRUE
michigan-2009,509,2,knowledge-4,91,t3q41,NA,e,NA,non_substantive,e,NA,TRUE,NA,unclassified_nonanswer,NA,91,t3q41raw,0,TRUE
michigan-2009,510,2,knowledge-4,92,t3q41,NA,e,NA,non_substantive,e,NA,TRUE,NA,unclassified_nonanswer,NA,92,t3q41raw,0,TRUE
michigan-2009,511,2,knowledge-4,93,t3q41,NA,e,NA,non_substantive,e,NA,TRUE,NA,unclassified_nonanswer,NA,93,t3q41raw,0,TRUE
michigan-2009,513,2,knowledge-4,95,t3q41,NA,e,NA,non_substantive,e,NA,TRUE,NA,unclassified_nonanswer,NA,95,t3q41raw,0,TRUE
michigan-2009,600,2,knowledge-3,98,t3q40,NA,E,NA,non_substantive,E,NA,TRUE,NA,unclassified_nonanswer,NA,98,t3q40raw,0,TRUE
michigan-2009,601,2,knowledge-4,99,t3q41,NA,e,NA,non_substantive,e,NA,TRUE,NA,unclassified_nonanswer,NA,99,t3q41raw,0,TRUE
michigan-2009,603,2,knowledge-4,101,t3q41,NA,e,NA,non_substantive,e,NA,TRUE,NA,unclassified_nonanswer,NA,101,t3q41raw,0,TRUE
michigan-2009,604,2,knowledge-3,102,t3q40,NA,E,NA,non_substantive,E,NA,TRUE,NA,unclassified_nonanswer,NA,102,t3q40raw,0,TRUE
michigan-2009,604,2,knowledge-5,102,t3q42,NA,F,NA,non_substantive,F,NA,TRUE,NA,unclassified_nonanswer,NA,102,t3q42raw,0,TRUE
michigan-2009,605,2,knowledge-4,103,t3q41,NA,e,NA,non_substantive,e,NA,TRUE,NA,unclassified_nonanswer,NA,103,t3q41raw,0,TRUE
michigan-2009,606,2,knowledge-3,104,t3q40,NA,e,NA,non_substantive,e,NA,TRUE,NA,unclassified_nonanswer,NA,104,t3q40raw,0,TRUE
michigan-2009,606,2,knowledge-4,104,t3q41,NA,e,NA,non_substantive,e,NA,TRUE,NA,unclassified_nonanswer,NA,104,t3q41raw,0,TRUE
michigan-2009,607,2,knowledge-4,105,t3q41,NA,e,NA,non_substantive,e,NA,TRUE,NA,unclassified_nonanswer,NA,105,t3q41raw,0,TRUE
michigan-2009,607,2,knowledge-5,105,t3q42,NA,e,NA,non_substantive,e,NA,TRUE,NA,unclassified_nonanswer,NA,105,t3q42raw,0,TRUE
michigan-2009,609,2,knowledge-3,107,t3q40,NA,e,NA,non_substantive,e,NA,TRUE,NA,unclassified_nonanswer,NA,107,t3q40raw,0,TRUE
michigan-2009,609,2,knowledge-4,107,t3q41,NA,e,NA,non_substantive,e,NA,TRUE,NA,unclassified_nonanswer,NA,107,t3q41raw,0,TRUE
michigan-2009,609,2,knowledge-5,107,t3q42,NA,e,NA,non_substantive,e,NA,TRUE,NA,unclassified_nonanswer,NA,107,t3q42raw,0,TRUE
michigan-2009,614,2,knowledge-3,112,t3q40,NA,e,NA,non_substantive,e,NA,TRUE,NA,unclassified_nonanswer,NA,112,t3q40raw,0,TRUE
michigan-2009,614,2,knowledge-4,112,t3q41,NA,e,NA,non_substantive,e,NA,TRUE,NA,unclassified_nonanswer,NA,112,t3q41raw,0,TRUE
michigan-2009,614,2,knowledge-5,112,t3q42,NA,e,NA,non_substantive,e,NA,TRUE,NA,unclassified_nonanswer,NA,112,t3q42raw,0,TRUE
michigan-2009,615,2,knowledge-3,113,t3q40,NA,e,NA,non_substantive,e,NA,TRUE,NA,unclassified_nonanswer,NA,113,t3q40raw,0,TRUE
michigan-2009,616,2,knowledge-4,114,t3q41,NA,e,NA,non_substantive,e,NA,TRUE,NA,unclassified_nonanswer,NA,114,t3q41raw,0,TRUE
michigan-2009,617,2,knowledge-4,115,t3q41,NA,e,NA,non_substantive,e,NA,TRUE,NA,unclassified_nonanswer,NA,115,t3q41raw,0,TRUE
michigan-2009,700,2,knowledge-4,118,t3q41,NA,e,NA,non_substantive,e,NA,TRUE,NA,unclassified_nonanswer,NA,118,t3q41raw,0,TRUE
michigan-2009,702,2,knowledge-4,120,t3q41,NA,e,NA,non_substantive,e,NA,TRUE,NA,unclassified_nonanswer,NA,120,t3q41raw,0,TRUE
michigan-2009,703,2,knowledge-3,121,t3q40,NA,e,NA,non_substantive,e,NA,TRUE,NA,unclassified_nonanswer,NA,121,t3q40raw,0,TRUE
michigan-2009,703,2,knowledge-4,121,t3q41,NA,e,NA,non_substantive,e,NA,TRUE,NA,unclassified_nonanswer,NA,121,t3q41raw,0,TRUE
michigan-2009,705,2,knowledge-4,123,t3q41,NA,e,NA,non_substantive,e,NA,TRUE,NA,unclassified_nonanswer,NA,123,t3q41raw,0,TRUE
michigan-2009,706,2,knowledge-3,124,t3q40,NA,e,NA,non_substantive,e,NA,TRUE,NA,unclassified_nonanswer,NA,124,t3q40raw,0,TRUE
michigan-2009,706,2,knowledge-4,124,t3q41,NA,e,NA,non_substantive,e,NA,TRUE,NA,unclassified_nonanswer,NA,124,t3q41raw,0,TRUE
michigan-2009,709,2,knowledge-3,127,t3q40,NA,e,NA,non_substantive,e,NA,TRUE,NA,unclassified_nonanswer,NA,127,t3q40raw,0,TRUE
michigan-2009,709,2,knowledge-4,127,t3q41,NA,e,NA,non_substantive,e,NA,TRUE,NA,unclassified_nonanswer,NA,127,t3q41raw,0,TRUE
michigan-2009,709,2,knowledge-5,127,t3q42,NA,e,NA,non_substantive,e,NA,TRUE,NA,unclassified_nonanswer,NA,127,t3q42raw,0,TRUE
michigan-2009,712,2,knowledge-4,130,t3q41,NA,e,NA,non_substantive,e,NA,TRUE,NA,unclassified_nonanswer,NA,130,t3q41raw,0,TRUE
michigan-2009,712,2,knowledge-5,130,t3q42,NA,e,NA,non_substantive,e,NA,TRUE,NA,unclassified_nonanswer,NA,130,t3q42raw,0,TRUE
michigan-2009,713,2,knowledge-4,131,t3q41,NA,e,NA,non_substantive,e,NA,TRUE,NA,unclassified_nonanswer,NA,131,t3q41raw,0,TRUE
michigan-2009,715,2,knowledge-4,133,t3q41,NA,e,NA,non_substantive,e,NA,TRUE,NA,unclassified_nonanswer,NA,133,t3q41raw,0,TRUE
michigan-2009,716,2,knowledge-5,134,t3q42,NA,e,NA,non_substantive,e,NA,TRUE,NA,unclassified_nonanswer,NA,134,t3q42raw,0,TRUE
michigan-2009,717,2,knowledge-3,135,t3q40,NA,e,NA,non_substantive,e,NA,TRUE,NA,unclassified_nonanswer,NA,135,t3q40raw,0,TRUE
michigan-2009,717,2,knowledge-4,135,t3q41,NA,e,NA,non_substantive,e,NA,TRUE,NA,unclassified_nonanswer,NA,135,t3q41raw,0,TRUE
michigan-2009,718,2,knowledge-4,136,t3q41,NA,e,NA,non_substantive,e,NA,TRUE,NA,unclassified_nonanswer,NA,136,t3q41raw,0,TRUE
michigan-2009,719,2,knowledge-3,137,t3q40,NA,e,NA,non_substantive,e,NA,TRUE,NA,unclassified_nonanswer,NA,137,t3q40raw,0,TRUE
michigan-2009,720,2,knowledge-4,138,t3q41,NA,e,NA,non_substantive,e,NA,TRUE,NA,unclassified_nonanswer,NA,138,t3q41raw,0,TRUE
michigan-2009,802,2,knowledge-3,141,t3q40,NA,e,NA,non_substantive,e,NA,TRUE,NA,unclassified_nonanswer,NA,141,t3q40raw,0,TRUE
michigan-2009,803,2,knowledge-4,142,t3q41,NA,e,NA,non_substantive,e,NA,TRUE,NA,unclassified_nonanswer,NA,142,t3q41raw,0,TRUE
michigan-2009,807,2,knowledge-4,145,t3q41,NA,e,NA,non_substantive,e,NA,TRUE,NA,unclassified_nonanswer,NA,145,t3q41raw,0,TRUE
michigan-2009,809,2,knowledge-3,147,t3q40,NA,e,NA,non_substantive,e,NA,TRUE,NA,unclassified_nonanswer,NA,147,t3q40raw,0,TRUE
michigan-2009,809,2,knowledge-4,147,t3q41,NA,e,NA,non_substantive,e,NA,TRUE,NA,unclassified_nonanswer,NA,147,t3q41raw,0,TRUE
michigan-2009,811,2,knowledge-3,149,t3q40,NA,e,NA,non_substantive,e,NA,TRUE,NA,unclassified_nonanswer,NA,149,t3q40raw,0,TRUE
michigan-2009,811,2,knowledge-4,149,t3q41,NA,e,NA,non_substantive,e,NA,TRUE,NA,unclassified_nonanswer,NA,149,t3q41raw,0,TRUE
michigan-2009,813,2,knowledge-4,151,t3q41,NA,e,NA,non_substantive,e,NA,TRUE,NA,unclassified_nonanswer,NA,151,t3q41raw,0,TRUE
michigan-2009,814,2,knowledge-4,152,t3q41,NA,e,NA,non_substantive,e,NA,TRUE,NA,unclassified_nonanswer,NA,152,t3q41raw,0,TRUE
michigan-2009,815,2,knowledge-4,153,t3q41,NA,e,NA,non_substantive,e,NA,TRUE,NA,unclassified_nonanswer,NA,153,t3q41raw,0,TRUE
michigan-2009,817,2,knowledge-4,155,t3q41,NA,e,NA,non_substantive,e,NA,TRUE,NA,unclassified_nonanswer,NA,155,t3q41raw,0,TRUE
michigan-2009,817,2,knowledge-5,155,t3q42,NA,e,NA,non_substantive,e,NA,TRUE,NA,unclassified_nonanswer,NA,155,t3q42raw,0,TRUE
michigan-2009,900,2,knowledge-4,156,t3q41,NA,e,NA,non_substantive,e,NA,TRUE,NA,unclassified_nonanswer,NA,156,t3q41raw,0,TRUE
michigan-2009,901,2,knowledge-4,157,t3q41,NA,e,NA,non_substantive,e,NA,TRUE,NA,unclassified_nonanswer,NA,157,t3q41raw,0,TRUE
michigan-2009,902,2,knowledge-4,158,t3q41,NA,e,NA,non_substantive,e,NA,TRUE,NA,unclassified_nonanswer,NA,158,t3q41raw,0,TRUE
michigan-2009,903,2,knowledge-4,159,t3q41,NA,e,NA,non_substantive,e,NA,TRUE,NA,unclassified_nonanswer,NA,159,t3q41raw,0,TRUE
michigan-2009,904,2,knowledge-3,160,t3q40,NA,e,NA,non_substantive,e,NA,TRUE,NA,unclassified_nonanswer,NA,160,t3q40raw,0,TRUE
michigan-2009,904,2,knowledge-4,160,t3q41,NA,e,NA,non_substantive,e,NA,TRUE,NA,unclassified_nonanswer,NA,160,t3q41raw,0,TRUE
michigan-2009,905,2,knowledge-3,161,t3q40,NA,e,NA,non_substantive,e,NA,TRUE,NA,unclassified_nonanswer,NA,161,t3q40raw,0,TRUE
michigan-2009,907,2,knowledge-4,163,t3q41,NA,e,NA,non_substantive,e,NA,TRUE,NA,unclassified_nonanswer,NA,163,t3q41raw,0,TRUE
michigan-2009,909,2,knowledge-3,165,t3q40,NA,e,NA,non_substantive,e,NA,TRUE,NA,unclassified_nonanswer,NA,165,t3q40raw,0,TRUE
michigan-2009,911,2,knowledge-4,167,t3q41,NA,e,NA,non_substantive,e,NA,TRUE,NA,unclassified_nonanswer,NA,167,t3q41raw,0,TRUE
michigan-2009,912,2,knowledge-3,168,t3q40,NA,e,NA,non_substantive,e,NA,TRUE,NA,unclassified_nonanswer,NA,168,t3q40raw,0,TRUE
michigan-2009,912,2,knowledge-4,168,t3q41,NA,e,NA,non_substantive,e,NA,TRUE,NA,unclassified_nonanswer,NA,168,t3q41raw,0,TRUE
michigan-2009,914,2,knowledge-4,170,t3q41,NA,e,NA,non_substantive,e,NA,TRUE,NA,unclassified_nonanswer,NA,170,t3q41raw,0,TRUE
michigan-2009,916,2,knowledge-4,172,t3q41,NA,e,NA,non_substantive,e,NA,TRUE,NA,unclassified_nonanswer,NA,172,t3q41raw,0,TRUE
michigan-2009,917,2,knowledge-3,173,t3q40,NA,e,NA,non_substantive,e,NA,TRUE,NA,unclassified_nonanswer,NA,173,t3q40raw,0,TRUE
michigan-2009,917,2,knowledge-4,173,t3q41,NA,e,NA,non_substantive,e,NA,TRUE,NA,unclassified_nonanswer,NA,173,t3q41raw,0,TRUE
