poll_id,definition_id,source_column
uk-health-1998,ukhealth.t1payhlt@historical-v1,payhlth1
uk-health-1998,ukhealth.t1poora@historical-v1,poora1
uk-health-1998,ukhealth.t1option@historical-v1,options1
uk-health-1998,ukhealth.t1hlthfu@historical-v1,chgp1
uk-health-1998,ukhealth.t1hlthfu@historical-v1,chvis1
uk-health-1998,ukhealth.t1hlthfu@historical-v1,chmeal1
uk-health-1998,ukhealth.t1hlthfu@historical-v1,chstay1
uk-health-1998,ukhealth.t1hlthfu@historical-v1,chamb1
uk-health-1998,ukhealth.t1ctexpt@historical-v1,treata1
uk-health-1998,ukhealth.t1ctexpt@historical-v1,cthart1
uk-health-1998,ukhealth.t1ctexpt@historical-v1,ctnurs1
uk-health-1998,ukhealth.t1ctexpt@historical-v1,ctbaby1
uk-health-1998,ukhealth.t1pritre@historical-v1,ctfert1
uk-health-1998,ukhealth.t1pritre@historical-v1,cthosp1
uk-health-1998,ukhealth.t1pritre@historical-v1,ctcosm1
uk-health-1998,ukhealth.t1severi@ukh-02-v2,lista1
uk-health-1998,ukhealth.t1severi@ukh-02-v2,severa1
uk-health-1998,ukhealth.t1preven@historical-v1,preva1
uk-health-1998,ukhealth.t1dispub@ukh-03-07-v2,ingova1
uk-health-1998,ukhealth.t1dispub@ukh-03-07-v2,inpuba1
uk-health-1998,ukhealth.t1avgdis@ukh-03-07-v2,ingpa1
uk-health-1998,ukhealth.t1avgdis@ukh-03-07-v2,indoca1
uk-health-1998,ukhealth.t1moresa@historical-v1,say1
uk-health-1998,ukhealth.t2payhlt@historical-v1,payhlth2
uk-health-1998,ukhealth.t2poora@historical-v1,poora2
uk-health-1998,ukhealth.t2option@historical-v1,options2
uk-health-1998,ukhealth.t2hlthfu@historical-v1,chgp2
uk-health-1998,ukhealth.t2hlthfu@historical-v1,chvis2
uk-health-1998,ukhealth.t2hlthfu@historical-v1,chmeal2
uk-health-1998,ukhealth.t2hlthfu@historical-v1,chstay2
uk-health-1998,ukhealth.t2hlthfu@historical-v1,chamb2
uk-health-1998,ukhealth.t2ctexpt@historical-v1,treata2
uk-health-1998,ukhealth.t2ctexpt@historical-v1,cthart2
uk-health-1998,ukhealth.t2ctexpt@historical-v1,ctnurs2
uk-health-1998,ukhealth.t2ctexpt@historical-v1,ctbaby2
uk-health-1998,ukhealth.t2pritre@historical-v1,ctfert2
uk-health-1998,ukhealth.t2pritre@historical-v1,cthosp2
uk-health-1998,ukhealth.t2pritre@historical-v1,ctcosm2
uk-health-1998,ukhealth.t2severi@ukh-02-v2,lista2
uk-health-1998,ukhealth.t2severi@ukh-02-v2,severa2
uk-health-1998,ukhealth.t2preven@historical-v1,preva2
uk-health-1998,ukhealth.t2dispub@ukh-03-07-v2,ingova2
uk-health-1998,ukhealth.t2dispub@ukh-03-07-v2,inpuba2
uk-health-1998,ukhealth.t2avgdis@ukh-03-07-v2,ingpa2
uk-health-1998,ukhealth.t2avgdis@ukh-03-07-v2,indoca2
uk-health-1998,ukhealth.t2moresa@historical-v1,say2
uk-health-1998,female@historical-v1,gender
uk-health-1998,minority@historical-v1,ethnic
uk-health-1998,ppage@historical-v1,age
uk-health-1998,educ4@historical-v1,educa
uk-health-1998,educ3@historical-v1,educa
uk-health-1998,bettered@poll-median-v1,educa
uk-health-1998,hhincome@historical-v1,income
uk-health-1998,highinc@poll-median-v1,income
uk-health-1998,severity_t1_unscaled@historical-v1,lista1
uk-health-1998,severity_t1_unscaled@historical-v1,severa1
uk-health-1998,severity_t2_unscaled@historical-v1,lista2
uk-health-1998,severity_t2_unscaled@historical-v1,severa2
uk-health-1998,attextreme@ukh-03-07-v2,chamb1
uk-health-1998,attextreme@ukh-03-07-v2,chgp1
uk-health-1998,attextreme@ukh-03-07-v2,chmeal1
uk-health-1998,attextreme@ukh-03-07-v2,chstay1
uk-health-1998,attextreme@ukh-03-07-v2,chvis1
uk-health-1998,attextreme@ukh-03-07-v2,ctbaby1
uk-health-1998,attextreme@ukh-03-07-v2,ctcosm1
uk-health-1998,attextreme@ukh-03-07-v2,ctfert1
uk-health-1998,attextreme@ukh-03-07-v2,cthart1
uk-health-1998,attextreme@ukh-03-07-v2,cthosp1
uk-health-1998,attextreme@ukh-03-07-v2,ctnurs1
uk-health-1998,attextreme@ukh-03-07-v2,indoca1
uk-health-1998,attextreme@ukh-03-07-v2,ingova1
uk-health-1998,attextreme@ukh-03-07-v2,ingpa1
uk-health-1998,attextreme@ukh-03-07-v2,inpuba1
uk-health-1998,attextreme@ukh-03-07-v2,lista1
uk-health-1998,attextreme@ukh-03-07-v2,options1
uk-health-1998,attextreme@ukh-03-07-v2,payhlth1
uk-health-1998,attextreme@ukh-03-07-v2,poora1
uk-health-1998,attextreme@ukh-03-07-v2,preva1
uk-health-1998,attextreme@ukh-03-07-v2,say1
uk-health-1998,attextreme@ukh-03-07-v2,severa1
uk-health-1998,attextreme@ukh-03-07-v2,treata1
uk-health-1998,t1know@historical-v1,sopha1
uk-health-1998,t1know@historical-v1,sophb1
uk-health-1998,t1know@historical-v1,sophc1
uk-health-1998,t1know@historical-v1,sophd1
uk-health-1998,t1know@historical-v1,sophe1
uk-health-1998,t1know@historical-v1,sophf1
uk-health-1998,t2know@historical-v1,sopha2
uk-health-1998,t2know@historical-v1,sophb2
uk-health-1998,t2know@historical-v1,sophc2
uk-health-1998,t2know@historical-v1,sophd2
uk-health-1998,t2know@historical-v1,sophe2
uk-health-1998,t2know@historical-v1,sophf2
uk-health-1998,t1knowcor@historical-v1,sopha1
uk-health-1998,t1knowcor@historical-v1,sophb1
uk-health-1998,t1knowcor@historical-v1,sophc1
uk-health-1998,t1knowcor@historical-v1,sophd1
uk-health-1998,t1knowcor@historical-v1,sophe1
uk-health-1998,t1knowcor@historical-v1,sophf1
uk-health-1998,t1knowcor@historical-v1,sopha2
uk-health-1998,t1knowcor@historical-v1,sophb2
uk-health-1998,t1knowcor@historical-v1,sophc2
uk-health-1998,t1knowcor@historical-v1,sophd2
uk-health-1998,t1knowcor@historical-v1,sophe2
uk-health-1998,t1knowcor@historical-v1,sophf2
uk-health-1998,knowgain@historical-v1,sopha1
uk-health-1998,knowgain@historical-v1,sophb1
uk-health-1998,knowgain@historical-v1,sophc1
uk-health-1998,knowgain@historical-v1,sophd1
uk-health-1998,knowgain@historical-v1,sophe1
uk-health-1998,knowgain@historical-v1,sophf1
uk-health-1998,knowgain@historical-v1,sopha2
uk-health-1998,knowgain@historical-v1,sophb2
uk-health-1998,knowgain@historical-v1,sophc2
uk-health-1998,knowgain@historical-v1,sophd2
uk-health-1998,knowgain@historical-v1,sophe2
uk-health-1998,knowgain@historical-v1,sophf2
uk-health-1998,knowgain2@historical-v1,sopha1
uk-health-1998,knowgain2@historical-v1,sophb1
uk-health-1998,knowgain2@historical-v1,sophc1
uk-health-1998,knowgain2@historical-v1,sophd1
uk-health-1998,knowgain2@historical-v1,sophe1
uk-health-1998,knowgain2@historical-v1,sophf1
uk-health-1998,knowgain2@historical-v1,sopha2
uk-health-1998,knowgain2@historical-v1,sophb2
uk-health-1998,knowgain2@historical-v1,sophc2
uk-health-1998,knowgain2@historical-v1,sophd2
uk-health-1998,knowgain2@historical-v1,sophe2
uk-health-1998,knowgain2@historical-v1,sophf2
uk-health-1998,logpk@historical-v1,sopha1
uk-health-1998,logpk@historical-v1,sophb1
uk-health-1998,logpk@historical-v1,sophc1
uk-health-1998,logpk@historical-v1,sophd1
uk-health-1998,logpk@historical-v1,sophe1
uk-health-1998,logpk@historical-v1,sophf1
uk-health-1998,logpk@historical-v1,sopha2
uk-health-1998,logpk@historical-v1,sophb2
uk-health-1998,logpk@historical-v1,sophc2
uk-health-1998,logpk@historical-v1,sophd2
uk-health-1998,logpk@historical-v1,sophe2
uk-health-1998,logpk@historical-v1,sophf2
uk-health-1998,tobitpk@historical-v1,sopha1
uk-health-1998,tobitpk@historical-v1,sophb1
uk-health-1998,tobitpk@historical-v1,sophc1
uk-health-1998,tobitpk@historical-v1,sophd1
uk-health-1998,tobitpk@historical-v1,sophe1
uk-health-1998,tobitpk@historical-v1,sophf1
uk-health-1998,tobitpk@historical-v1,sopha2
uk-health-1998,tobitpk@historical-v1,sophb2
uk-health-1998,tobitpk@historical-v1,sophc2
uk-health-1998,tobitpk@historical-v1,sophd2
uk-health-1998,tobitpk@historical-v1,sophe2
uk-health-1998,tobitpk@historical-v1,sophf2
uk-health-1998,t1know_rounded@historical-v1,sopha1
uk-health-1998,t1know_rounded@historical-v1,sophb1
uk-health-1998,t1know_rounded@historical-v1,sophc1
uk-health-1998,t1know_rounded@historical-v1,sophd1
uk-health-1998,t1know_rounded@historical-v1,sophe1
uk-health-1998,t1know_rounded@historical-v1,sophf1
uk-eu-1995,ukeu.eurelat1g@historical-v1,releu1
uk-eu-1995,ukeu.eurelat1g@historical-v1,longpol1
uk-eu-1995,ukeu.eurelat1g@historical-v1,unite1
uk-eu-1995,ukeu.euscope1g@historical-v1,trabloc1
uk-eu-1995,ukeu.euscope1g@historical-v1,pasport1
uk-eu-1995,ukeu.commies1r@ukeu-02-v2,commies1
uk-eu-1995,ukeu.favref1r@ukeu-02-v2,favref1
uk-eu-1995,ukeu.eurelat2g@ukeu-03-v2,releu2
uk-eu-1995,ukeu.eurelat2g@ukeu-03-v2,longpol2
uk-eu-1995,ukeu.eurelat2g@ukeu-03-v2,unite2
uk-eu-1995,ukeu.euscope2g@ukeu-04-v2,trabloc2
uk-eu-1995,ukeu.euscope2g@ukeu-04-v2,pasport2
uk-eu-1995,ukeu.commies2r@historical-v1,commies2
uk-eu-1995,ukeu.favref2r@historical-v1,favref2
uk-eu-1995,female@historical-v1,sex
uk-eu-1995,minority@historical-v1,ethnic
uk-eu-1995,ppage@historical-v1,age
uk-eu-1995,educ4@historical-v1,educ
uk-eu-1995,educ3@historical-v1,educ
uk-eu-1995,bettered@poll-median-v1,educ
uk-eu-1995,t1polint@historical-v1,genint
uk-eu-1995,attextreme@ukeu-02-v2,releu1
uk-eu-1995,attextreme@ukeu-02-v2,longpol1
uk-eu-1995,attextreme@ukeu-02-v2,unite1
uk-eu-1995,attextreme@ukeu-02-v2,trabloc1
uk-eu-1995,attextreme@ukeu-02-v2,pasport1
uk-eu-1995,attextreme@ukeu-02-v2,commies1
uk-eu-1995,attextreme@ukeu-02-v2,favref1
uk-eu-1995,t1know@historical-v1,eusize1
uk-eu-1995,t1know@historical-v1,swiss1
uk-eu-1995,t1know@historical-v1,inctax1
uk-eu-1995,t1know@historical-v1,elect1
uk-eu-1995,t1know@historical-v1,ptyapp1
uk-eu-1995,t2know@historical-v1,eusize2
uk-eu-1995,t2know@historical-v1,swiss2
uk-eu-1995,t2know@historical-v1,inctax2
uk-eu-1995,t2know@historical-v1,elect2
uk-eu-1995,t2know@historical-v1,ptyapp2
uk-eu-1995,t1knowcor@historical-v1,eusize1
uk-eu-1995,t1knowcor@historical-v1,swiss1
uk-eu-1995,t1knowcor@historical-v1,inctax1
uk-eu-1995,t1knowcor@historical-v1,elect1
uk-eu-1995,t1knowcor@historical-v1,ptyapp1
uk-eu-1995,t1knowcor@historical-v1,eusize2
uk-eu-1995,t1knowcor@historical-v1,swiss2
uk-eu-1995,t1knowcor@historical-v1,inctax2
uk-eu-1995,t1knowcor@historical-v1,elect2
uk-eu-1995,t1knowcor@historical-v1,ptyapp2
uk-eu-1995,knowgain@historical-v1,eusize1
uk-eu-1995,knowgain@historical-v1,swiss1
uk-eu-1995,knowgain@historical-v1,inctax1
uk-eu-1995,knowgain@historical-v1,elect1
uk-eu-1995,knowgain@historical-v1,ptyapp1
uk-eu-1995,knowgain@historical-v1,eusize2
uk-eu-1995,knowgain@historical-v1,swiss2
uk-eu-1995,knowgain@historical-v1,inctax2
uk-eu-1995,knowgain@historical-v1,elect2
uk-eu-1995,knowgain@historical-v1,ptyapp2
uk-eu-1995,knowgain2@historical-v1,eusize1
uk-eu-1995,knowgain2@historical-v1,swiss1
uk-eu-1995,knowgain2@historical-v1,inctax1
uk-eu-1995,knowgain2@historical-v1,elect1
uk-eu-1995,knowgain2@historical-v1,ptyapp1
uk-eu-1995,knowgain2@historical-v1,eusize2
uk-eu-1995,knowgain2@historical-v1,swiss2
uk-eu-1995,knowgain2@historical-v1,inctax2
uk-eu-1995,knowgain2@historical-v1,elect2
uk-eu-1995,knowgain2@historical-v1,ptyapp2
uk-eu-1995,logpk@historical-v1,eusize1
uk-eu-1995,logpk@historical-v1,swiss1
uk-eu-1995,logpk@historical-v1,inctax1
uk-eu-1995,logpk@historical-v1,elect1
uk-eu-1995,logpk@historical-v1,ptyapp1
uk-eu-1995,logpk@historical-v1,eusize2
uk-eu-1995,logpk@historical-v1,swiss2
uk-eu-1995,logpk@historical-v1,inctax2
uk-eu-1995,logpk@historical-v1,elect2
uk-eu-1995,logpk@historical-v1,ptyapp2
uk-eu-1995,tobitpk@historical-v1,eusize1
uk-eu-1995,tobitpk@historical-v1,swiss1
uk-eu-1995,tobitpk@historical-v1,inctax1
uk-eu-1995,tobitpk@historical-v1,elect1
uk-eu-1995,tobitpk@historical-v1,ptyapp1
uk-eu-1995,tobitpk@historical-v1,eusize2
uk-eu-1995,tobitpk@historical-v1,swiss2
uk-eu-1995,tobitpk@historical-v1,inctax2
uk-eu-1995,tobitpk@historical-v1,elect2
uk-eu-1995,tobitpk@historical-v1,ptyapp2
uk-monarchy-1996,monarchy_support_t1@historical-v1,Q1
uk-monarchy-1996,monarchy_support_t1@historical-v1,Q11
uk-monarchy-1996,monarchy_support_t1@historical-v1,Q9
uk-monarchy-1996,monarchy_support_t1@historical-v1,Q14
uk-monarchy-1996,monarchy_people_t1@historical-v1,Q6A
uk-monarchy-1996,monarchy_people_t1@historical-v1,Q6B
uk-monarchy-1996,monarchy_people_t1@historical-v1,Q6E
uk-monarchy-1996,monarchy_people_t1@historical-v1,Q6F
uk-monarchy-1996,monarchy_people_t1@historical-v1,Q7A
uk-monarchy-1996,monarchy_people_t1@historical-v1,Q7B
uk-monarchy-1996,monarchy_power_t1@historical-v1,Q15
uk-monarchy-1996,monarchy_power_t1@historical-v1,Q13D
uk-monarchy-1996,lords_reform_t1@historical-v1,Q18
uk-monarchy-1996,lords_reform_t1@historical-v1,Q19A
uk-monarchy-1996,lords_reform_t1@historical-v1,Q19B
uk-monarchy-1996,monarchy_support_t2@historical-v1,R1
uk-monarchy-1996,monarchy_support_t2@historical-v1,R11
uk-monarchy-1996,monarchy_support_t2@historical-v1,R9
uk-monarchy-1996,monarchy_support_t2@historical-v1,R14
uk-monarchy-1996,monarchy_people_t2@historical-v1,R6A
uk-monarchy-1996,monarchy_people_t2@historical-v1,R6B
uk-monarchy-1996,monarchy_people_t2@historical-v1,R6E
uk-monarchy-1996,monarchy_people_t2@historical-v1,R6F
uk-monarchy-1996,monarchy_people_t2@historical-v1,R7A
uk-monarchy-1996,monarchy_people_t2@historical-v1,R7B
uk-monarchy-1996,monarchy_power_t2@historical-v1,R15
uk-monarchy-1996,monarchy_power_t2@historical-v1,R13D
uk-monarchy-1996,lords_reform_t2@historical-v1,R18
uk-monarchy-1996,lords_reform_t2@historical-v1,R19A
uk-monarchy-1996,lords_reform_t2@historical-v1,R19B
uk-monarchy-1996,female@historical-v1,SEX
uk-monarchy-1996,minority@ukm06-v2,B16
uk-monarchy-1996,age@ukm06-v2,AGEB
uk-monarchy-1996,political_interest_t1@ukm06-v2,A6
uk-monarchy-1996,education_four@ukm06-v2,B12A
uk-monarchy-1996,education_four@ukm06-v2,B12B
uk-monarchy-1996,education_three@ukm06-v2,B12A
uk-monarchy-1996,education_three@ukm06-v2,B12B
uk-monarchy-1996,higher_education@poll-median-v1,B12A
uk-monarchy-1996,higher_education@poll-median-v1,B12B
uk-monarchy-1996,knowledge_t1@historical-v1,Q5A
uk-monarchy-1996,knowledge_t1@historical-v1,Q5B
uk-monarchy-1996,knowledge_t1@historical-v1,Q5C
uk-monarchy-1996,knowledge_t1@historical-v1,Q5D
uk-monarchy-1996,knowledge_t1@historical-v1,Q5E
uk-monarchy-1996,knowledge_t1@historical-v1,Q5F
uk-monarchy-1996,knowledge_t1@historical-v1,Q5G
uk-monarchy-1996,knowledge_t1@historical-v1,Q5H
uk-monarchy-1996,knowledge_t1@historical-v1,Q8A
uk-monarchy-1996,knowledge_t2@absent-form-v3,R5A
uk-monarchy-1996,knowledge_t2@absent-form-v3,R5B
uk-monarchy-1996,knowledge_t2@absent-form-v3,R5C
uk-monarchy-1996,knowledge_t2@absent-form-v3,R5D
uk-monarchy-1996,knowledge_t2@absent-form-v3,R5E
uk-monarchy-1996,knowledge_t2@absent-form-v3,R5F
uk-monarchy-1996,knowledge_t2@absent-form-v3,R5G
uk-monarchy-1996,knowledge_t2@absent-form-v3,R5H
uk-monarchy-1996,knowledge_t2@absent-form-v3,R8A
uk-monarchy-1996,knowledge_joint@absent-form-v3,Q5A
uk-monarchy-1996,knowledge_joint@absent-form-v3,Q5B
uk-monarchy-1996,knowledge_joint@absent-form-v3,Q5C
uk-monarchy-1996,knowledge_joint@absent-form-v3,Q5D
uk-monarchy-1996,knowledge_joint@absent-form-v3,Q5E
uk-monarchy-1996,knowledge_joint@absent-form-v3,Q5F
uk-monarchy-1996,knowledge_joint@absent-form-v3,Q5G
uk-monarchy-1996,knowledge_joint@absent-form-v3,Q5H
uk-monarchy-1996,knowledge_joint@absent-form-v3,Q8A
uk-monarchy-1996,knowledge_joint@absent-form-v3,R5A
uk-monarchy-1996,knowledge_joint@absent-form-v3,R5B
uk-monarchy-1996,knowledge_joint@absent-form-v3,R5C
uk-monarchy-1996,knowledge_joint@absent-form-v3,R5D
uk-monarchy-1996,knowledge_joint@absent-form-v3,R5E
uk-monarchy-1996,knowledge_joint@absent-form-v3,R5F
uk-monarchy-1996,knowledge_joint@absent-form-v3,R5G
uk-monarchy-1996,knowledge_joint@absent-form-v3,R5H
uk-monarchy-1996,knowledge_joint@absent-form-v3,R8A
uk-monarchy-1996,knowledge_gain@absent-form-v3,Q5A
uk-monarchy-1996,knowledge_gain@absent-form-v3,Q5B
uk-monarchy-1996,knowledge_gain@absent-form-v3,Q5C
uk-monarchy-1996,knowledge_gain@absent-form-v3,Q5D
uk-monarchy-1996,knowledge_gain@absent-form-v3,Q5E
uk-monarchy-1996,knowledge_gain@absent-form-v3,Q5F
uk-monarchy-1996,knowledge_gain@absent-form-v3,Q5G
uk-monarchy-1996,knowledge_gain@absent-form-v3,Q5H
uk-monarchy-1996,knowledge_gain@absent-form-v3,Q8A
uk-monarchy-1996,knowledge_gain@absent-form-v3,R5A
uk-monarchy-1996,knowledge_gain@absent-form-v3,R5B
uk-monarchy-1996,knowledge_gain@absent-form-v3,R5C
uk-monarchy-1996,knowledge_gain@absent-form-v3,R5D
uk-monarchy-1996,knowledge_gain@absent-form-v3,R5E
uk-monarchy-1996,knowledge_gain@absent-form-v3,R5F
uk-monarchy-1996,knowledge_gain@absent-form-v3,R5G
uk-monarchy-1996,knowledge_gain@absent-form-v3,R5H
uk-monarchy-1996,knowledge_gain@absent-form-v3,R8A
uk-monarchy-1996,knowledge_gain_joint@absent-form-v3,Q5A
uk-monarchy-1996,knowledge_gain_joint@absent-form-v3,Q5B
uk-monarchy-1996,knowledge_gain_joint@absent-form-v3,Q5C
uk-monarchy-1996,knowledge_gain_joint@absent-form-v3,Q5D
uk-monarchy-1996,knowledge_gain_joint@absent-form-v3,Q5E
uk-monarchy-1996,knowledge_gain_joint@absent-form-v3,Q5F
uk-monarchy-1996,knowledge_gain_joint@absent-form-v3,Q5G
uk-monarchy-1996,knowledge_gain_joint@absent-form-v3,Q5H
uk-monarchy-1996,knowledge_gain_joint@absent-form-v3,Q8A
uk-monarchy-1996,knowledge_gain_joint@absent-form-v3,R5A
uk-monarchy-1996,knowledge_gain_joint@absent-form-v3,R5B
uk-monarchy-1996,knowledge_gain_joint@absent-form-v3,R5C
uk-monarchy-1996,knowledge_gain_joint@absent-form-v3,R5D
uk-monarchy-1996,knowledge_gain_joint@absent-form-v3,R5E
uk-monarchy-1996,knowledge_gain_joint@absent-form-v3,R5F
uk-monarchy-1996,knowledge_gain_joint@absent-form-v3,R5G
uk-monarchy-1996,knowledge_gain_joint@absent-form-v3,R5H
uk-monarchy-1996,knowledge_gain_joint@absent-form-v3,R8A
uk-monarchy-1996,log_knowledge_joint@absent-form-v3,Q5A
uk-monarchy-1996,log_knowledge_joint@absent-form-v3,Q5B
uk-monarchy-1996,log_knowledge_joint@absent-form-v3,Q5C
uk-monarchy-1996,log_knowledge_joint@absent-form-v3,Q5D
uk-monarchy-1996,log_knowledge_joint@absent-form-v3,Q5E
uk-monarchy-1996,log_knowledge_joint@absent-form-v3,Q5F
uk-monarchy-1996,log_knowledge_joint@absent-form-v3,Q5G
uk-monarchy-1996,log_knowledge_joint@absent-form-v3,Q5H
uk-monarchy-1996,log_knowledge_joint@absent-form-v3,Q8A
uk-monarchy-1996,log_knowledge_joint@absent-form-v3,R5A
uk-monarchy-1996,log_knowledge_joint@absent-form-v3,R5B
uk-monarchy-1996,log_knowledge_joint@absent-form-v3,R5C
uk-monarchy-1996,log_knowledge_joint@absent-form-v3,R5D
uk-monarchy-1996,log_knowledge_joint@absent-form-v3,R5E
uk-monarchy-1996,log_knowledge_joint@absent-form-v3,R5F
uk-monarchy-1996,log_knowledge_joint@absent-form-v3,R5G
uk-monarchy-1996,log_knowledge_joint@absent-form-v3,R5H
uk-monarchy-1996,log_knowledge_joint@absent-form-v3,R8A
uk-monarchy-1996,high_knowledge_joint@absent-form-v3,Q5A
uk-monarchy-1996,high_knowledge_joint@absent-form-v3,Q5B
uk-monarchy-1996,high_knowledge_joint@absent-form-v3,Q5C
uk-monarchy-1996,high_knowledge_joint@absent-form-v3,Q5D
uk-monarchy-1996,high_knowledge_joint@absent-form-v3,Q5E
uk-monarchy-1996,high_knowledge_joint@absent-form-v3,Q5F
uk-monarchy-1996,high_knowledge_joint@absent-form-v3,Q5G
uk-monarchy-1996,high_knowledge_joint@absent-form-v3,Q5H
uk-monarchy-1996,high_knowledge_joint@absent-form-v3,Q8A
uk-monarchy-1996,high_knowledge_joint@absent-form-v3,R5A
uk-monarchy-1996,high_knowledge_joint@absent-form-v3,R5B
uk-monarchy-1996,high_knowledge_joint@absent-form-v3,R5C
uk-monarchy-1996,high_knowledge_joint@absent-form-v3,R5D
uk-monarchy-1996,high_knowledge_joint@absent-form-v3,R5E
uk-monarchy-1996,high_knowledge_joint@absent-form-v3,R5F
uk-monarchy-1996,high_knowledge_joint@absent-form-v3,R5G
uk-monarchy-1996,high_knowledge_joint@absent-form-v3,R5H
uk-monarchy-1996,high_knowledge_joint@absent-form-v3,R8A
uk-monarchy-1996,attitude_extremity@historical-v1,Q1
uk-monarchy-1996,attitude_extremity@historical-v1,Q11
uk-monarchy-1996,attitude_extremity@historical-v1,Q9
uk-monarchy-1996,attitude_extremity@historical-v1,Q14
uk-monarchy-1996,attitude_extremity@historical-v1,Q6A
uk-monarchy-1996,attitude_extremity@historical-v1,Q6B
uk-monarchy-1996,attitude_extremity@historical-v1,Q6E
uk-monarchy-1996,attitude_extremity@historical-v1,Q6F
uk-monarchy-1996,attitude_extremity@historical-v1,Q7A
uk-monarchy-1996,attitude_extremity@historical-v1,Q7B
uk-monarchy-1996,attitude_extremity@historical-v1,Q15
uk-monarchy-1996,attitude_extremity@historical-v1,Q13D
uk-monarchy-1996,attitude_extremity@historical-v1,Q18
uk-monarchy-1996,attitude_extremity@historical-v1,Q19A
uk-monarchy-1996,attitude_extremity@historical-v1,Q19B
uk-general-election-1997,redistribution_t1@historical-v1,redstr1
uk-general-election-1997,tax_t1@historical-v1,taxr1
uk-general-election-1997,minimum_wage_t1@historical-v1,wager1
uk-general-election-1997,european_union_t1@historical-v1,eur1
uk-general-election-1997,redistribution_t2@historical-v1,redstr2
uk-general-election-1997,tax_t2@ukge-02-v2,taxr2
uk-general-election-1997,minimum_wage_t2@historical-v1,wager2
uk-general-election-1997,european_union_t2@historical-v1,eur2
uk-general-election-1997,female@historical-v1,gender
uk-general-election-1997,minority@historical-v1,ethnic
uk-general-election-1997,age@historical-v1,age
uk-general-election-1997,political_interest_t1@historical-v1,int1
uk-general-election-1997,household_income@historical-v1,income
uk-general-election-1997,high_income@poll-median-v1,income
uk-general-election-1997,education_four@historical-v1,educa
uk-general-election-1997,education_four@historical-v1,educb
uk-general-election-1997,education_three@historical-v1,educa
uk-general-election-1997,education_three@historical-v1,educb
uk-general-election-1997,higher_education@poll-median-v1,educa
uk-general-election-1997,higher_education@poll-median-v1,educb
uk-general-election-1997,knowledge_t1@historical-v1,inflat1
uk-general-election-1997,knowledge_t1@historical-v1,intrst1
uk-general-election-1997,knowledge_t1@historical-v1,ukempl1
uk-general-election-1997,knowledge_t1@historical-v1,redstc1
uk-general-election-1997,knowledge_t1@historical-v1,taxc1
uk-general-election-1997,knowledge_t1@historical-v1,wagec1
uk-general-election-1997,knowledge_t1@historical-v1,euc1
uk-general-election-1997,knowledge_t1@historical-v1,redstl1
uk-general-election-1997,knowledge_t1@historical-v1,taxl1
uk-general-election-1997,knowledge_t1@historical-v1,wagel1
uk-general-election-1997,knowledge_t1@historical-v1,eul1
uk-general-election-1997,knowledge_t1@historical-v1,redstld1
uk-general-election-1997,knowledge_t1@historical-v1,taxld1
uk-general-election-1997,knowledge_t1@historical-v1,wageld1
uk-general-election-1997,knowledge_t1@historical-v1,euld1
uk-general-election-1997,knowledge_t2@ukge-03-v2,inflat2
uk-general-election-1997,knowledge_t2@ukge-03-v2,intrst2
uk-general-election-1997,knowledge_t2@ukge-03-v2,ukempl2
uk-general-election-1997,knowledge_t2@ukge-03-v2,redstc2
uk-general-election-1997,knowledge_t2@ukge-03-v2,taxc2
uk-general-election-1997,knowledge_t2@ukge-03-v2,wagec2
uk-general-election-1997,knowledge_t2@ukge-03-v2,euc2
uk-general-election-1997,knowledge_t2@ukge-03-v2,redstl2
uk-general-election-1997,knowledge_t2@ukge-03-v2,taxl2
uk-general-election-1997,knowledge_t2@ukge-03-v2,wagel2
uk-general-election-1997,knowledge_t2@ukge-03-v2,eul2
uk-general-election-1997,knowledge_t2@ukge-03-v2,redstld2
uk-general-election-1997,knowledge_t2@ukge-03-v2,taxld2
uk-general-election-1997,knowledge_t2@ukge-03-v2,wageld2
uk-general-election-1997,knowledge_t2@ukge-03-v2,euld2
uk-general-election-1997,knowledge_joint@ukge-03-v2,inflat1
uk-general-election-1997,knowledge_joint@ukge-03-v2,intrst1
uk-general-election-1997,knowledge_joint@ukge-03-v2,ukempl1
uk-general-election-1997,knowledge_joint@ukge-03-v2,redstc1
uk-general-election-1997,knowledge_joint@ukge-03-v2,taxc1
uk-general-election-1997,knowledge_joint@ukge-03-v2,wagec1
uk-general-election-1997,knowledge_joint@ukge-03-v2,euc1
uk-general-election-1997,knowledge_joint@ukge-03-v2,redstl1
uk-general-election-1997,knowledge_joint@ukge-03-v2,taxl1
uk-general-election-1997,knowledge_joint@ukge-03-v2,wagel2
uk-general-election-1997,knowledge_joint@ukge-03-v2,wagel1
uk-general-election-1997,knowledge_joint@ukge-03-v2,eul1
uk-general-election-1997,knowledge_joint@ukge-03-v2,redstld1
uk-general-election-1997,knowledge_joint@ukge-03-v2,taxld1
uk-general-election-1997,knowledge_joint@ukge-03-v2,wageld1
uk-general-election-1997,knowledge_joint@ukge-03-v2,euld1
uk-general-election-1997,knowledge_joint@ukge-03-v2,inflat2
uk-general-election-1997,knowledge_joint@ukge-03-v2,intrst2
uk-general-election-1997,knowledge_joint@ukge-03-v2,ukempl2
uk-general-election-1997,knowledge_joint@ukge-03-v2,redstc2
uk-general-election-1997,knowledge_joint@ukge-03-v2,taxc2
uk-general-election-1997,knowledge_joint@ukge-03-v2,wagec2
uk-general-election-1997,knowledge_joint@ukge-03-v2,euc2
uk-general-election-1997,knowledge_joint@ukge-03-v2,redstl2
uk-general-election-1997,knowledge_joint@ukge-03-v2,taxl2
uk-general-election-1997,knowledge_joint@ukge-03-v2,eul2
uk-general-election-1997,knowledge_joint@ukge-03-v2,redstld2
uk-general-election-1997,knowledge_joint@ukge-03-v2,taxld2
uk-general-election-1997,knowledge_joint@ukge-03-v2,wageld2
uk-general-election-1997,knowledge_joint@ukge-03-v2,euld2
uk-general-election-1997,knowledge_gain@ukge-03-v2,inflat1
uk-general-election-1997,knowledge_gain@ukge-03-v2,intrst1
uk-general-election-1997,knowledge_gain@ukge-03-v2,ukempl1
uk-general-election-1997,knowledge_gain@ukge-03-v2,redstc1
uk-general-election-1997,knowledge_gain@ukge-03-v2,taxc1
uk-general-election-1997,knowledge_gain@ukge-03-v2,wagec1
uk-general-election-1997,knowledge_gain@ukge-03-v2,euc1
uk-general-election-1997,knowledge_gain@ukge-03-v2,redstl1
uk-general-election-1997,knowledge_gain@ukge-03-v2,taxl1
uk-general-election-1997,knowledge_gain@ukge-03-v2,wagel2
uk-general-election-1997,knowledge_gain@ukge-03-v2,wagel1
uk-general-election-1997,knowledge_gain@ukge-03-v2,eul1
uk-general-election-1997,knowledge_gain@ukge-03-v2,redstld1
uk-general-election-1997,knowledge_gain@ukge-03-v2,taxld1
uk-general-election-1997,knowledge_gain@ukge-03-v2,wageld1
uk-general-election-1997,knowledge_gain@ukge-03-v2,euld1
uk-general-election-1997,knowledge_gain@ukge-03-v2,inflat2
uk-general-election-1997,knowledge_gain@ukge-03-v2,intrst2
uk-general-election-1997,knowledge_gain@ukge-03-v2,ukempl2
uk-general-election-1997,knowledge_gain@ukge-03-v2,redstc2
uk-general-election-1997,knowledge_gain@ukge-03-v2,taxc2
uk-general-election-1997,knowledge_gain@ukge-03-v2,wagec2
uk-general-election-1997,knowledge_gain@ukge-03-v2,euc2
uk-general-election-1997,knowledge_gain@ukge-03-v2,redstl2
uk-general-election-1997,knowledge_gain@ukge-03-v2,taxl2
uk-general-election-1997,knowledge_gain@ukge-03-v2,eul2
uk-general-election-1997,knowledge_gain@ukge-03-v2,redstld2
uk-general-election-1997,knowledge_gain@ukge-03-v2,taxld2
uk-general-election-1997,knowledge_gain@ukge-03-v2,wageld2
uk-general-election-1997,knowledge_gain@ukge-03-v2,euld2
uk-general-election-1997,knowledge_gain_joint@ukge-03-v2,inflat1
uk-general-election-1997,knowledge_gain_joint@ukge-03-v2,intrst1
uk-general-election-1997,knowledge_gain_joint@ukge-03-v2,ukempl1
uk-general-election-1997,knowledge_gain_joint@ukge-03-v2,redstc1
uk-general-election-1997,knowledge_gain_joint@ukge-03-v2,taxc1
uk-general-election-1997,knowledge_gain_joint@ukge-03-v2,wagec1
uk-general-election-1997,knowledge_gain_joint@ukge-03-v2,euc1
uk-general-election-1997,knowledge_gain_joint@ukge-03-v2,redstl1
uk-general-election-1997,knowledge_gain_joint@ukge-03-v2,taxl1
uk-general-election-1997,knowledge_gain_joint@ukge-03-v2,wagel2
uk-general-election-1997,knowledge_gain_joint@ukge-03-v2,wagel1
uk-general-election-1997,knowledge_gain_joint@ukge-03-v2,eul1
uk-general-election-1997,knowledge_gain_joint@ukge-03-v2,redstld1
uk-general-election-1997,knowledge_gain_joint@ukge-03-v2,taxld1
uk-general-election-1997,knowledge_gain_joint@ukge-03-v2,wageld1
uk-general-election-1997,knowledge_gain_joint@ukge-03-v2,euld1
uk-general-election-1997,knowledge_gain_joint@ukge-03-v2,inflat2
uk-general-election-1997,knowledge_gain_joint@ukge-03-v2,intrst2
uk-general-election-1997,knowledge_gain_joint@ukge-03-v2,ukempl2
uk-general-election-1997,knowledge_gain_joint@ukge-03-v2,redstc2
uk-general-election-1997,knowledge_gain_joint@ukge-03-v2,taxc2
uk-general-election-1997,knowledge_gain_joint@ukge-03-v2,wagec2
uk-general-election-1997,knowledge_gain_joint@ukge-03-v2,euc2
uk-general-election-1997,knowledge_gain_joint@ukge-03-v2,redstl2
uk-general-election-1997,knowledge_gain_joint@ukge-03-v2,taxl2
uk-general-election-1997,knowledge_gain_joint@ukge-03-v2,eul2
uk-general-election-1997,knowledge_gain_joint@ukge-03-v2,redstld2
uk-general-election-1997,knowledge_gain_joint@ukge-03-v2,taxld2
uk-general-election-1997,knowledge_gain_joint@ukge-03-v2,wageld2
uk-general-election-1997,knowledge_gain_joint@ukge-03-v2,euld2
uk-general-election-1997,log_knowledge_joint@ukge-03-v2,inflat1
uk-general-election-1997,log_knowledge_joint@ukge-03-v2,intrst1
uk-general-election-1997,log_knowledge_joint@ukge-03-v2,ukempl1
uk-general-election-1997,log_knowledge_joint@ukge-03-v2,redstc1
uk-general-election-1997,log_knowledge_joint@ukge-03-v2,taxc1
uk-general-election-1997,log_knowledge_joint@ukge-03-v2,wagec1
uk-general-election-1997,log_knowledge_joint@ukge-03-v2,euc1
uk-general-election-1997,log_knowledge_joint@ukge-03-v2,redstl1
uk-general-election-1997,log_knowledge_joint@ukge-03-v2,taxl1
uk-general-election-1997,log_knowledge_joint@ukge-03-v2,wagel2
uk-general-election-1997,log_knowledge_joint@ukge-03-v2,wagel1
uk-general-election-1997,log_knowledge_joint@ukge-03-v2,eul1
uk-general-election-1997,log_knowledge_joint@ukge-03-v2,redstld1
uk-general-election-1997,log_knowledge_joint@ukge-03-v2,taxld1
uk-general-election-1997,log_knowledge_joint@ukge-03-v2,wageld1
uk-general-election-1997,log_knowledge_joint@ukge-03-v2,euld1
uk-general-election-1997,log_knowledge_joint@ukge-03-v2,inflat2
uk-general-election-1997,log_knowledge_joint@ukge-03-v2,intrst2
uk-general-election-1997,log_knowledge_joint@ukge-03-v2,ukempl2
uk-general-election-1997,log_knowledge_joint@ukge-03-v2,redstc2
uk-general-election-1997,log_knowledge_joint@ukge-03-v2,taxc2
uk-general-election-1997,log_knowledge_joint@ukge-03-v2,wagec2
uk-general-election-1997,log_knowledge_joint@ukge-03-v2,euc2
uk-general-election-1997,log_knowledge_joint@ukge-03-v2,redstl2
uk-general-election-1997,log_knowledge_joint@ukge-03-v2,taxl2
uk-general-election-1997,log_knowledge_joint@ukge-03-v2,eul2
uk-general-election-1997,log_knowledge_joint@ukge-03-v2,redstld2
uk-general-election-1997,log_knowledge_joint@ukge-03-v2,taxld2
uk-general-election-1997,log_knowledge_joint@ukge-03-v2,wageld2
uk-general-election-1997,log_knowledge_joint@ukge-03-v2,euld2
uk-general-election-1997,high_knowledge_joint@ukge-03-v2,inflat1
uk-general-election-1997,high_knowledge_joint@ukge-03-v2,intrst1
uk-general-election-1997,high_knowledge_joint@ukge-03-v2,ukempl1
uk-general-election-1997,high_knowledge_joint@ukge-03-v2,redstc1
uk-general-election-1997,high_knowledge_joint@ukge-03-v2,taxc1
uk-general-election-1997,high_knowledge_joint@ukge-03-v2,wagec1
uk-general-election-1997,high_knowledge_joint@ukge-03-v2,euc1
uk-general-election-1997,high_knowledge_joint@ukge-03-v2,redstl1
uk-general-election-1997,high_knowledge_joint@ukge-03-v2,taxl1
uk-general-election-1997,high_knowledge_joint@ukge-03-v2,wagel2
uk-general-election-1997,high_knowledge_joint@ukge-03-v2,wagel1
uk-general-election-1997,high_knowledge_joint@ukge-03-v2,eul1
uk-general-election-1997,high_knowledge_joint@ukge-03-v2,redstld1
uk-general-election-1997,high_knowledge_joint@ukge-03-v2,taxld1
uk-general-election-1997,high_knowledge_joint@ukge-03-v2,wageld1
uk-general-election-1997,high_knowledge_joint@ukge-03-v2,euld1
uk-general-election-1997,high_knowledge_joint@ukge-03-v2,inflat2
uk-general-election-1997,high_knowledge_joint@ukge-03-v2,intrst2
uk-general-election-1997,high_knowledge_joint@ukge-03-v2,ukempl2
uk-general-election-1997,high_knowledge_joint@ukge-03-v2,redstc2
uk-general-election-1997,high_knowledge_joint@ukge-03-v2,taxc2
uk-general-election-1997,high_knowledge_joint@ukge-03-v2,wagec2
uk-general-election-1997,high_knowledge_joint@ukge-03-v2,euc2
uk-general-election-1997,high_knowledge_joint@ukge-03-v2,redstl2
uk-general-election-1997,high_knowledge_joint@ukge-03-v2,taxl2
uk-general-election-1997,high_knowledge_joint@ukge-03-v2,eul2
uk-general-election-1997,high_knowledge_joint@ukge-03-v2,redstld2
uk-general-election-1997,high_knowledge_joint@ukge-03-v2,taxld2
uk-general-election-1997,high_knowledge_joint@ukge-03-v2,wageld2
uk-general-election-1997,high_knowledge_joint@ukge-03-v2,euld2
uk-general-election-1997,attitude_extremity@historical-v1,redstr1
uk-general-election-1997,attitude_extremity@historical-v1,taxr1
uk-general-election-1997,attitude_extremity@historical-v1,wager1
uk-general-election-1997,attitude_extremity@historical-v1,eur1
cpl-1996,research_t1@historical-v1,resch1
cpl-1996,research_t1@historical-v1,fedrch1
cpl-1996,conservation_t1@historical-v1,addfac1
cpl-1996,conservation_t1@historical-v1,reduce1
cpl-1996,low_income_support_t1@historical-v1,lowinc1
cpl-1996,low_income_support_t1@historical-v1,poor1
cpl-1996,renewables_t1@historical-v1,renew1
cpl-1996,renewables_t1@historical-v1,wind1
cpl-1996,fossil_fuels_t1@historical-v1,fuels1
cpl-1996,imported_power_t1@historical-v1,buypwr1
cpl-1996,research_t2@historical-v1,resch2
cpl-1996,research_t2@historical-v1,fedrch2
cpl-1996,conservation_t2@historical-v1,addfac2
cpl-1996,conservation_t2@historical-v1,reduce2
cpl-1996,low_income_support_t2@historical-v1,lowinc2
cpl-1996,low_income_support_t2@historical-v1,poor2
cpl-1996,renewables_t2@historical-v1,renew2
cpl-1996,renewables_t2@historical-v1,wind2
cpl-1996,fossil_fuels_t2@historical-v1,fuels2
cpl-1996,imported_power_t2@historical-v1,buypwr2
cpl-1996,female@historical-v1,gender
cpl-1996,minority@historical-v1,race
cpl-1996,age@historical-v1,age
cpl-1996,education_four@historical-v1,educ
cpl-1996,education_three@historical-v1,educ
cpl-1996,higher_education@poll-median-v1,educ
cpl-1996,household_income@historical-v1,income
cpl-1996,high_income@poll-median-v1,income
cpl-1996,knowledge_t1@historical-v1,source1
cpl-1996,knowledge_t1@historical-v1,use1
cpl-1996,knowledge_t1@historical-v1,rt1
cpl-1996,knowledge_t1@historical-v1,smog1
cpl-1996,knowledge_t1@historical-v1,setrt1
cpl-1996,knowledge_t1@historical-v1,profit1
cpl-1996,knowledge_t1@historical-v1,pctful1
cpl-1996,knowledge_t2@historical-v1,source2
cpl-1996,knowledge_t2@historical-v1,use2
cpl-1996,knowledge_t2@historical-v1,rt2
cpl-1996,knowledge_t2@historical-v1,smog2
cpl-1996,knowledge_t2@historical-v1,setrt2
cpl-1996,knowledge_t2@historical-v1,profit2
cpl-1996,knowledge_t2@historical-v1,pctful2
cpl-1996,knowledge_joint@historical-v1,source1
cpl-1996,knowledge_joint@historical-v1,use1
cpl-1996,knowledge_joint@historical-v1,rt1
cpl-1996,knowledge_joint@historical-v1,smog1
cpl-1996,knowledge_joint@historical-v1,setrt1
cpl-1996,knowledge_joint@historical-v1,profit1
cpl-1996,knowledge_joint@historical-v1,pctful1
cpl-1996,knowledge_joint@historical-v1,source2
cpl-1996,knowledge_joint@historical-v1,use2
cpl-1996,knowledge_joint@historical-v1,rt2
cpl-1996,knowledge_joint@historical-v1,smog2
cpl-1996,knowledge_joint@historical-v1,setrt2
cpl-1996,knowledge_joint@historical-v1,profit2
cpl-1996,knowledge_joint@historical-v1,pctful2
cpl-1996,knowledge_gain@historical-v1,source1
cpl-1996,knowledge_gain@historical-v1,use1
cpl-1996,knowledge_gain@historical-v1,rt1
cpl-1996,knowledge_gain@historical-v1,smog1
cpl-1996,knowledge_gain@historical-v1,setrt1
cpl-1996,knowledge_gain@historical-v1,profit1
cpl-1996,knowledge_gain@historical-v1,pctful1
cpl-1996,knowledge_gain@historical-v1,source2
cpl-1996,knowledge_gain@historical-v1,use2
cpl-1996,knowledge_gain@historical-v1,rt2
cpl-1996,knowledge_gain@historical-v1,smog2
cpl-1996,knowledge_gain@historical-v1,setrt2
cpl-1996,knowledge_gain@historical-v1,profit2
cpl-1996,knowledge_gain@historical-v1,pctful2
cpl-1996,knowledge_gain_joint@historical-v1,source1
cpl-1996,knowledge_gain_joint@historical-v1,use1
cpl-1996,knowledge_gain_joint@historical-v1,rt1
cpl-1996,knowledge_gain_joint@historical-v1,smog1
cpl-1996,knowledge_gain_joint@historical-v1,setrt1
cpl-1996,knowledge_gain_joint@historical-v1,profit1
cpl-1996,knowledge_gain_joint@historical-v1,pctful1
cpl-1996,knowledge_gain_joint@historical-v1,source2
cpl-1996,knowledge_gain_joint@historical-v1,use2
cpl-1996,knowledge_gain_joint@historical-v1,rt2
cpl-1996,knowledge_gain_joint@historical-v1,smog2
cpl-1996,knowledge_gain_joint@historical-v1,setrt2
cpl-1996,knowledge_gain_joint@historical-v1,profit2
cpl-1996,knowledge_gain_joint@historical-v1,pctful2
cpl-1996,log_knowledge_joint@historical-v1,source1
cpl-1996,log_knowledge_joint@historical-v1,use1
cpl-1996,log_knowledge_joint@historical-v1,rt1
cpl-1996,log_knowledge_joint@historical-v1,smog1
cpl-1996,log_knowledge_joint@historical-v1,setrt1
cpl-1996,log_knowledge_joint@historical-v1,profit1
cpl-1996,log_knowledge_joint@historical-v1,pctful1
cpl-1996,log_knowledge_joint@historical-v1,source2
cpl-1996,log_knowledge_joint@historical-v1,use2
cpl-1996,log_knowledge_joint@historical-v1,rt2
cpl-1996,log_knowledge_joint@historical-v1,smog2
cpl-1996,log_knowledge_joint@historical-v1,setrt2
cpl-1996,log_knowledge_joint@historical-v1,profit2
cpl-1996,log_knowledge_joint@historical-v1,pctful2
cpl-1996,high_knowledge_joint@historical-v1,source1
cpl-1996,high_knowledge_joint@historical-v1,use1
cpl-1996,high_knowledge_joint@historical-v1,rt1
cpl-1996,high_knowledge_joint@historical-v1,smog1
cpl-1996,high_knowledge_joint@historical-v1,setrt1
cpl-1996,high_knowledge_joint@historical-v1,profit1
cpl-1996,high_knowledge_joint@historical-v1,pctful1
cpl-1996,high_knowledge_joint@historical-v1,source2
cpl-1996,high_knowledge_joint@historical-v1,use2
cpl-1996,high_knowledge_joint@historical-v1,rt2
cpl-1996,high_knowledge_joint@historical-v1,smog2
cpl-1996,high_knowledge_joint@historical-v1,setrt2
cpl-1996,high_knowledge_joint@historical-v1,profit2
cpl-1996,high_knowledge_joint@historical-v1,pctful2
cpl-1996,attitude_extremity@historical-v1,resch1
cpl-1996,attitude_extremity@historical-v1,fedrch1
cpl-1996,attitude_extremity@historical-v1,addfac1
cpl-1996,attitude_extremity@historical-v1,reduce1
cpl-1996,attitude_extremity@historical-v1,lowinc1
cpl-1996,attitude_extremity@historical-v1,poor1
cpl-1996,attitude_extremity@historical-v1,renew1
cpl-1996,attitude_extremity@historical-v1,wind1
cpl-1996,attitude_extremity@historical-v1,fuels1
cpl-1996,attitude_extremity@historical-v1,buypwr1
cpl-1996,attitude_extremity@historical-v1,compet1
wtu-1996,research_t1@missing-preserved-v2,RESCH1
wtu-1996,research_t1@missing-preserved-v2,FEDRCH1
wtu-1996,conservation_t1@missing-preserved-v2,ADDFAC1
wtu-1996,conservation_t1@missing-preserved-v2,REDUCE1
wtu-1996,low_income_support_t1@missing-preserved-v2,NEEDTO1
wtu-1996,renewables_t1@missing-preserved-v2,RENEW1
wtu-1996,renewables_t1@missing-preserved-v2,WIND1
wtu-1996,fossil_fuels_t1@missing-preserved-v2,FUELS1
wtu-1996,imported_power_t1@missing-preserved-v2,BUYPWR1
wtu-1996,research_t2@missing-preserved-v2,RESCH2
wtu-1996,research_t2@missing-preserved-v2,FEDRCH2
wtu-1996,conservation_t2@missing-preserved-v2,ADDFAC2
wtu-1996,conservation_t2@missing-preserved-v2,REDUCE2
wtu-1996,low_income_support_t2@missing-preserved-v2,NEEDTO2
wtu-1996,renewables_t2@missing-preserved-v2,RENEW2
wtu-1996,renewables_t2@missing-preserved-v2,WIND2
wtu-1996,fossil_fuels_t2@missing-preserved-v2,FUELS2
wtu-1996,imported_power_t2@missing-preserved-v2,BUYPWR2
wtu-1996,female@historical-v1,GENDER
wtu-1996,minority@historical-v1,RACE
wtu-1996,age@historical-v1,AGE
wtu-1996,education_four@historical-v1,EDUC
wtu-1996,education_three@historical-v1,EDUC
wtu-1996,higher_education@poll-median-v1,EDUC
wtu-1996,knowledge_t1@historical-v1,SOURCE1
wtu-1996,knowledge_t1@historical-v1,USE1
wtu-1996,knowledge_t1@historical-v1,RT1
wtu-1996,knowledge_t1@historical-v1,SMOG1
wtu-1996,knowledge_t1@historical-v1,SETRT1
wtu-1996,knowledge_t2@absent-form-v2,SOURCE2
wtu-1996,knowledge_t2@absent-form-v2,USE2
wtu-1996,knowledge_t2@absent-form-v2,RT2
wtu-1996,knowledge_t2@absent-form-v2,SMOG2
wtu-1996,knowledge_t2@absent-form-v2,SETRT2
wtu-1996,knowledge_joint@absent-form-v2,SOURCE1
wtu-1996,knowledge_joint@absent-form-v2,USE1
wtu-1996,knowledge_joint@absent-form-v2,RT1
wtu-1996,knowledge_joint@absent-form-v2,SMOG1
wtu-1996,knowledge_joint@absent-form-v2,SETRT1
wtu-1996,knowledge_joint@absent-form-v2,SOURCE2
wtu-1996,knowledge_joint@absent-form-v2,USE2
wtu-1996,knowledge_joint@absent-form-v2,RT2
wtu-1996,knowledge_joint@absent-form-v2,SMOG2
wtu-1996,knowledge_joint@absent-form-v2,SETRT2
wtu-1996,knowledge_gain@absent-form-v2,SOURCE1
wtu-1996,knowledge_gain@absent-form-v2,USE1
wtu-1996,knowledge_gain@absent-form-v2,RT1
wtu-1996,knowledge_gain@absent-form-v2,SMOG1
wtu-1996,knowledge_gain@absent-form-v2,SETRT1
wtu-1996,knowledge_gain@absent-form-v2,SOURCE2
wtu-1996,knowledge_gain@absent-form-v2,USE2
wtu-1996,knowledge_gain@absent-form-v2,RT2
wtu-1996,knowledge_gain@absent-form-v2,SMOG2
wtu-1996,knowledge_gain@absent-form-v2,SETRT2
wtu-1996,knowledge_gain_joint@absent-form-v2,SOURCE1
wtu-1996,knowledge_gain_joint@absent-form-v2,USE1
wtu-1996,knowledge_gain_joint@absent-form-v2,RT1
wtu-1996,knowledge_gain_joint@absent-form-v2,SMOG1
wtu-1996,knowledge_gain_joint@absent-form-v2,SETRT1
wtu-1996,knowledge_gain_joint@absent-form-v2,SOURCE2
wtu-1996,knowledge_gain_joint@absent-form-v2,USE2
wtu-1996,knowledge_gain_joint@absent-form-v2,RT2
wtu-1996,knowledge_gain_joint@absent-form-v2,SMOG2
wtu-1996,knowledge_gain_joint@absent-form-v2,SETRT2
wtu-1996,log_knowledge_joint@absent-form-v2,SOURCE1
wtu-1996,log_knowledge_joint@absent-form-v2,USE1
wtu-1996,log_knowledge_joint@absent-form-v2,RT1
wtu-1996,log_knowledge_joint@absent-form-v2,SMOG1
wtu-1996,log_knowledge_joint@absent-form-v2,SETRT1
wtu-1996,log_knowledge_joint@absent-form-v2,SOURCE2
wtu-1996,log_knowledge_joint@absent-form-v2,USE2
wtu-1996,log_knowledge_joint@absent-form-v2,RT2
wtu-1996,log_knowledge_joint@absent-form-v2,SMOG2
wtu-1996,log_knowledge_joint@absent-form-v2,SETRT2
wtu-1996,high_knowledge_joint@absent-form-v2,SOURCE1
wtu-1996,high_knowledge_joint@absent-form-v2,USE1
wtu-1996,high_knowledge_joint@absent-form-v2,RT1
wtu-1996,high_knowledge_joint@absent-form-v2,SMOG1
wtu-1996,high_knowledge_joint@absent-form-v2,SETRT1
wtu-1996,high_knowledge_joint@absent-form-v2,SOURCE2
wtu-1996,high_knowledge_joint@absent-form-v2,USE2
wtu-1996,high_knowledge_joint@absent-form-v2,RT2
wtu-1996,high_knowledge_joint@absent-form-v2,SMOG2
wtu-1996,high_knowledge_joint@absent-form-v2,SETRT2
wtu-1996,attitude_extremity@wtu-05-v2,RESCH1
wtu-1996,attitude_extremity@wtu-05-v2,FEDRCH1
wtu-1996,attitude_extremity@wtu-05-v2,ADDFAC1
wtu-1996,attitude_extremity@wtu-05-v2,REDUCE1
wtu-1996,attitude_extremity@wtu-05-v2,NEEDTO1
wtu-1996,attitude_extremity@wtu-05-v2,RENEW1
wtu-1996,attitude_extremity@wtu-05-v2,WIND1
wtu-1996,attitude_extremity@wtu-05-v2,FUELS1
wtu-1996,attitude_extremity@wtu-05-v2,BUYPWR1
wtu-1996,attitude_extremity@wtu-05-v2,COMPET1
swepco-1996,research_t1@missing-preserved-v2,RESCH1
swepco-1996,research_t1@missing-preserved-v2,FEDRCH1
swepco-1996,conservation_t1@missing-preserved-v2,ADDFAC1
swepco-1996,conservation_t1@missing-preserved-v2,REDUCE1
swepco-1996,low_income_support_t1@missing-preserved-v2,NEEDTO1
swepco-1996,renewables_t1@missing-preserved-v2,RENEW1
swepco-1996,renewables_t1@missing-preserved-v2,WIND1
swepco-1996,fossil_fuels_t1@missing-preserved-v2,FUELS1
swepco-1996,imported_power_t1@missing-preserved-v2,BUYPWR1
swepco-1996,research_t2@missing-preserved-v2,RESCH2
swepco-1996,research_t2@missing-preserved-v2,FEDRCH2
swepco-1996,conservation_t2@missing-preserved-v2,ADDFAC2
swepco-1996,conservation_t2@missing-preserved-v2,REDUCE2
swepco-1996,low_income_support_t2@missing-preserved-v2,NEEDTO2
swepco-1996,renewables_t2@missing-preserved-v2,RENEW2
swepco-1996,renewables_t2@missing-preserved-v2,WIND2
swepco-1996,fossil_fuels_t2@missing-preserved-v2,FUELS2
swepco-1996,imported_power_t2@missing-preserved-v2,BUYPWR2
swepco-1996,female@historical-v1,GENDER
swepco-1996,minority@historical-v1,RACE
swepco-1996,age@historical-v1,AGE
swepco-1996,education_four@historical-v1,EDUC
swepco-1996,education_three@historical-v1,EDUC
swepco-1996,higher_education@poll-median-v1,EDUC
swepco-1996,knowledge_t1@historical-v1,SOURCE1
swepco-1996,knowledge_t1@historical-v1,USE1
swepco-1996,knowledge_t1@historical-v1,RT1
swepco-1996,knowledge_t1@historical-v1,SMOG1
swepco-1996,knowledge_t1@historical-v1,SETRT1
swepco-1996,knowledge_t2@absent-form-v2,SOURCE2
swepco-1996,knowledge_t2@absent-form-v2,USE2
swepco-1996,knowledge_t2@absent-form-v2,RT2
swepco-1996,knowledge_t2@absent-form-v2,SMOG2
swepco-1996,knowledge_t2@absent-form-v2,SETRT2
swepco-1996,knowledge_joint@absent-form-v2,SOURCE1
swepco-1996,knowledge_joint@absent-form-v2,USE1
swepco-1996,knowledge_joint@absent-form-v2,RT1
swepco-1996,knowledge_joint@absent-form-v2,SMOG1
swepco-1996,knowledge_joint@absent-form-v2,SETRT1
swepco-1996,knowledge_joint@absent-form-v2,SOURCE2
swepco-1996,knowledge_joint@absent-form-v2,USE2
swepco-1996,knowledge_joint@absent-form-v2,RT2
swepco-1996,knowledge_joint@absent-form-v2,SMOG2
swepco-1996,knowledge_joint@absent-form-v2,SETRT2
swepco-1996,knowledge_gain@absent-form-v2,SOURCE1
swepco-1996,knowledge_gain@absent-form-v2,USE1
swepco-1996,knowledge_gain@absent-form-v2,RT1
swepco-1996,knowledge_gain@absent-form-v2,SMOG1
swepco-1996,knowledge_gain@absent-form-v2,SETRT1
swepco-1996,knowledge_gain@absent-form-v2,SOURCE2
swepco-1996,knowledge_gain@absent-form-v2,USE2
swepco-1996,knowledge_gain@absent-form-v2,RT2
swepco-1996,knowledge_gain@absent-form-v2,SMOG2
swepco-1996,knowledge_gain@absent-form-v2,SETRT2
swepco-1996,knowledge_gain_joint@absent-form-v2,SOURCE1
swepco-1996,knowledge_gain_joint@absent-form-v2,USE1
swepco-1996,knowledge_gain_joint@absent-form-v2,RT1
swepco-1996,knowledge_gain_joint@absent-form-v2,SMOG1
swepco-1996,knowledge_gain_joint@absent-form-v2,SETRT1
swepco-1996,knowledge_gain_joint@absent-form-v2,SOURCE2
swepco-1996,knowledge_gain_joint@absent-form-v2,USE2
swepco-1996,knowledge_gain_joint@absent-form-v2,RT2
swepco-1996,knowledge_gain_joint@absent-form-v2,SMOG2
swepco-1996,knowledge_gain_joint@absent-form-v2,SETRT2
swepco-1996,log_knowledge_joint@absent-form-v2,SOURCE1
swepco-1996,log_knowledge_joint@absent-form-v2,USE1
swepco-1996,log_knowledge_joint@absent-form-v2,RT1
swepco-1996,log_knowledge_joint@absent-form-v2,SMOG1
swepco-1996,log_knowledge_joint@absent-form-v2,SETRT1
swepco-1996,log_knowledge_joint@absent-form-v2,SOURCE2
swepco-1996,log_knowledge_joint@absent-form-v2,USE2
swepco-1996,log_knowledge_joint@absent-form-v2,RT2
swepco-1996,log_knowledge_joint@absent-form-v2,SMOG2
swepco-1996,log_knowledge_joint@absent-form-v2,SETRT2
swepco-1996,high_knowledge_joint@absent-form-v2,SOURCE1
swepco-1996,high_knowledge_joint@absent-form-v2,USE1
swepco-1996,high_knowledge_joint@absent-form-v2,RT1
swepco-1996,high_knowledge_joint@absent-form-v2,SMOG1
swepco-1996,high_knowledge_joint@absent-form-v2,SETRT1
swepco-1996,high_knowledge_joint@absent-form-v2,SOURCE2
swepco-1996,high_knowledge_joint@absent-form-v2,USE2
swepco-1996,high_knowledge_joint@absent-form-v2,RT2
swepco-1996,high_knowledge_joint@absent-form-v2,SMOG2
swepco-1996,high_knowledge_joint@absent-form-v2,SETRT2
swepco-1996,attitude_extremity@swe-04-v2,RESCH1
swepco-1996,attitude_extremity@swe-04-v2,FEDRCH1
swepco-1996,attitude_extremity@swe-04-v2,ADDFAC1
swepco-1996,attitude_extremity@swe-04-v2,REDUCE1
swepco-1996,attitude_extremity@swe-04-v2,NEEDTO1
swepco-1996,attitude_extremity@swe-04-v2,RENEW1
swepco-1996,attitude_extremity@swe-04-v2,WIND1
swepco-1996,attitude_extremity@swe-04-v2,FUELS1
swepco-1996,attitude_extremity@swe-04-v2,BUYPWR1
swepco-1996,attitude_extremity@swe-04-v2,COMPET1
uk-crime-1994,root_causes_t1@historical-v1,timchld1
uk-crime-1994,root_causes_t1@historical-v1,violtv1
uk-crime-1994,root_causes_t1@historical-v1,schdisc1
uk-crime-1994,policing_t1@historical-v1,morecop1
uk-crime-1994,policing_t1@historical-v1,copgun1
uk-crime-1994,punishment_t1@historical-v1,punref1
uk-crime-1994,punishment_t1@historical-v1,stiffer1
uk-crime-1994,punishment_t1@historical-v1,morprsn1
uk-crime-1994,punishment_t1@historical-v1,refpris1
uk-crime-1994,punishment_t1@historical-v1,s_tough1
uk-crime-1994,punishment_t1@historical-v1,fewpris1
uk-crime-1994,punishment_t1@historical-v1,pr_only1
uk-crime-1994,punishment_t1@historical-v1,outprsn1
uk-crime-1994,punishment_t1@historical-v1,comserv1
uk-crime-1994,punishment_t1@historical-v1,milserv1
uk-crime-1994,punishment_t1@historical-v1,train1
uk-crime-1994,punishment_t1@historical-v1,ptough1
uk-crime-1994,punishment_t1@historical-v1,life1
uk-crime-1994,punishment_t1@historical-v1,lifmean1
uk-crime-1994,punishment_t1@historical-v1,death1
uk-crime-1994,procedural_restrictions_t1@historical-v1,innglt1
uk-crime-1994,procedural_restrictions_t1@historical-v1,copbend1
uk-crime-1994,procedural_restrictions_t1@historical-v1,fewjury1
uk-crime-1994,procedural_restrictions_t1@historical-v1,ctrules1
uk-crime-1994,procedural_restrictions_t1@historical-v1,presum1
uk-crime-1994,procedural_restrictions_t1@historical-v1,mentsil1
uk-crime-1994,procedural_restrictions_t1@historical-v1,rtsil1
uk-crime-1994,procedural_restrictions_t1@historical-v1,confess1
uk-crime-1994,self_protection_t1@historical-v1,propsec1
uk-crime-1994,self_protection_t1@historical-v1,watch1
uk-crime-1994,self_protection_t1@historical-v1,patrols1
uk-crime-1994,root_causes_t2@ukc-01-v2,timchld2
uk-crime-1994,root_causes_t2@ukc-01-v2,violtv2
uk-crime-1994,root_causes_t2@ukc-01-v2,schdisc2
uk-crime-1994,policing_t2@historical-v1,morecop2
uk-crime-1994,policing_t2@historical-v1,copgun2
uk-crime-1994,punishment_t2@historical-v1,punref2
uk-crime-1994,punishment_t2@historical-v1,stiffer2
uk-crime-1994,punishment_t2@historical-v1,morprsn2
uk-crime-1994,punishment_t2@historical-v1,refpris2
uk-crime-1994,punishment_t2@historical-v1,s_tough2
uk-crime-1994,punishment_t2@historical-v1,fewpris2
uk-crime-1994,punishment_t2@historical-v1,pr_only2
uk-crime-1994,punishment_t2@historical-v1,outprsn2
uk-crime-1994,punishment_t2@historical-v1,comserv2
uk-crime-1994,punishment_t2@historical-v1,milserv2
uk-crime-1994,punishment_t2@historical-v1,train2
uk-crime-1994,punishment_t2@historical-v1,ptough2
uk-crime-1994,punishment_t2@historical-v1,life2
uk-crime-1994,punishment_t2@historical-v1,lifmean2
uk-crime-1994,punishment_t2@historical-v1,death2
uk-crime-1994,procedural_restrictions_t2@historical-v1,innglt2
uk-crime-1994,procedural_restrictions_t2@historical-v1,copbend2
uk-crime-1994,procedural_restrictions_t2@historical-v1,fewjury2
uk-crime-1994,procedural_restrictions_t2@historical-v1,ctrules2
uk-crime-1994,procedural_restrictions_t2@historical-v1,presum2
uk-crime-1994,procedural_restrictions_t2@historical-v1,mentsil2
uk-crime-1994,procedural_restrictions_t2@historical-v1,rtsil2
uk-crime-1994,procedural_restrictions_t2@historical-v1,confess2
uk-crime-1994,self_protection_t2@historical-v1,propsec2
uk-crime-1994,self_protection_t2@historical-v1,watch2
uk-crime-1994,self_protection_t2@historical-v1,patrols2
uk-crime-1994,female@historical-v1,sex
uk-crime-1994,minority@historical-v1,nonwhite
uk-crime-1994,age@historical-v1,age
uk-crime-1994,education_four@historical-v1,educ7
uk-crime-1994,education_three@historical-v1,educ7
uk-crime-1994,higher_education@poll-median-v1,educ7
uk-crime-1994,knowledge_t1@historical-v1,kw11
uk-crime-1994,knowledge_t1@historical-v1,kw21
uk-crime-1994,knowledge_t1@historical-v1,kw31
uk-crime-1994,knowledge_t1@historical-v1,kw41
uk-crime-1994,knowledge_t1@historical-v1,pkw11
uk-crime-1994,knowledge_t1@historical-v1,pkw21
uk-crime-1994,knowledge_t1@historical-v1,pkw31
uk-crime-1994,knowledge_t2@historical-v1,kw12
uk-crime-1994,knowledge_t2@historical-v1,kw22
uk-crime-1994,knowledge_t2@historical-v1,kw32
uk-crime-1994,knowledge_t2@historical-v1,kw42
uk-crime-1994,knowledge_t2@historical-v1,pkw12
uk-crime-1994,knowledge_t2@historical-v1,pkw22
uk-crime-1994,knowledge_t2@historical-v1,pkw32
uk-crime-1994,knowledge_joint@historical-v1,kw11
uk-crime-1994,knowledge_joint@historical-v1,kw21
uk-crime-1994,knowledge_joint@historical-v1,kw31
uk-crime-1994,knowledge_joint@historical-v1,kw41
uk-crime-1994,knowledge_joint@historical-v1,pkw11
uk-crime-1994,knowledge_joint@historical-v1,pkw21
uk-crime-1994,knowledge_joint@historical-v1,pkw31
uk-crime-1994,knowledge_joint@historical-v1,kw12
uk-crime-1994,knowledge_joint@historical-v1,kw22
uk-crime-1994,knowledge_joint@historical-v1,kw32
uk-crime-1994,knowledge_joint@historical-v1,kw42
uk-crime-1994,knowledge_joint@historical-v1,pkw12
uk-crime-1994,knowledge_joint@historical-v1,pkw22
uk-crime-1994,knowledge_joint@historical-v1,pkw32
uk-crime-1994,knowledge_gain@historical-v1,kw11
uk-crime-1994,knowledge_gain@historical-v1,kw21
uk-crime-1994,knowledge_gain@historical-v1,kw31
uk-crime-1994,knowledge_gain@historical-v1,kw41
uk-crime-1994,knowledge_gain@historical-v1,pkw11
uk-crime-1994,knowledge_gain@historical-v1,pkw21
uk-crime-1994,knowledge_gain@historical-v1,pkw31
uk-crime-1994,knowledge_gain@historical-v1,kw12
uk-crime-1994,knowledge_gain@historical-v1,kw22
uk-crime-1994,knowledge_gain@historical-v1,kw32
uk-crime-1994,knowledge_gain@historical-v1,kw42
uk-crime-1994,knowledge_gain@historical-v1,pkw12
uk-crime-1994,knowledge_gain@historical-v1,pkw22
uk-crime-1994,knowledge_gain@historical-v1,pkw32
uk-crime-1994,knowledge_gain_joint@historical-v1,kw11
uk-crime-1994,knowledge_gain_joint@historical-v1,kw21
uk-crime-1994,knowledge_gain_joint@historical-v1,kw31
uk-crime-1994,knowledge_gain_joint@historical-v1,kw41
uk-crime-1994,knowledge_gain_joint@historical-v1,pkw11
uk-crime-1994,knowledge_gain_joint@historical-v1,pkw21
uk-crime-1994,knowledge_gain_joint@historical-v1,pkw31
uk-crime-1994,knowledge_gain_joint@historical-v1,kw12
uk-crime-1994,knowledge_gain_joint@historical-v1,kw22
uk-crime-1994,knowledge_gain_joint@historical-v1,kw32
uk-crime-1994,knowledge_gain_joint@historical-v1,kw42
uk-crime-1994,knowledge_gain_joint@historical-v1,pkw12
uk-crime-1994,knowledge_gain_joint@historical-v1,pkw22
uk-crime-1994,knowledge_gain_joint@historical-v1,pkw32
uk-crime-1994,log_knowledge_joint@historical-v1,kw11
uk-crime-1994,log_knowledge_joint@historical-v1,kw21
uk-crime-1994,log_knowledge_joint@historical-v1,kw31
uk-crime-1994,log_knowledge_joint@historical-v1,kw41
uk-crime-1994,log_knowledge_joint@historical-v1,pkw11
uk-crime-1994,log_knowledge_joint@historical-v1,pkw21
uk-crime-1994,log_knowledge_joint@historical-v1,pkw31
uk-crime-1994,log_knowledge_joint@historical-v1,kw12
uk-crime-1994,log_knowledge_joint@historical-v1,kw22
uk-crime-1994,log_knowledge_joint@historical-v1,kw32
uk-crime-1994,log_knowledge_joint@historical-v1,kw42
uk-crime-1994,log_knowledge_joint@historical-v1,pkw12
uk-crime-1994,log_knowledge_joint@historical-v1,pkw22
uk-crime-1994,log_knowledge_joint@historical-v1,pkw32
uk-crime-1994,high_knowledge_joint@historical-v1,kw11
uk-crime-1994,high_knowledge_joint@historical-v1,kw21
uk-crime-1994,high_knowledge_joint@historical-v1,kw31
uk-crime-1994,high_knowledge_joint@historical-v1,kw41
uk-crime-1994,high_knowledge_joint@historical-v1,pkw11
uk-crime-1994,high_knowledge_joint@historical-v1,pkw21
uk-crime-1994,high_knowledge_joint@historical-v1,pkw31
uk-crime-1994,high_knowledge_joint@historical-v1,kw12
uk-crime-1994,high_knowledge_joint@historical-v1,kw22
uk-crime-1994,high_knowledge_joint@historical-v1,kw32
uk-crime-1994,high_knowledge_joint@historical-v1,kw42
uk-crime-1994,high_knowledge_joint@historical-v1,pkw12
uk-crime-1994,high_knowledge_joint@historical-v1,pkw22
uk-crime-1994,high_knowledge_joint@historical-v1,pkw32
uk-crime-1994,attitude_extremity@historical-v1,timchld1
uk-crime-1994,attitude_extremity@historical-v1,violtv1
uk-crime-1994,attitude_extremity@historical-v1,schdisc1
uk-crime-1994,attitude_extremity@historical-v1,morecop1
uk-crime-1994,attitude_extremity@historical-v1,copgun1
uk-crime-1994,attitude_extremity@historical-v1,punref1
uk-crime-1994,attitude_extremity@historical-v1,stiffer1
uk-crime-1994,attitude_extremity@historical-v1,morprsn1
uk-crime-1994,attitude_extremity@historical-v1,refpris1
uk-crime-1994,attitude_extremity@historical-v1,s_tough1
uk-crime-1994,attitude_extremity@historical-v1,fewpris1
uk-crime-1994,attitude_extremity@historical-v1,pr_only1
uk-crime-1994,attitude_extremity@historical-v1,outprsn1
uk-crime-1994,attitude_extremity@historical-v1,comserv1
uk-crime-1994,attitude_extremity@historical-v1,milserv1
uk-crime-1994,attitude_extremity@historical-v1,train1
uk-crime-1994,attitude_extremity@historical-v1,ptough1
uk-crime-1994,attitude_extremity@historical-v1,life1
uk-crime-1994,attitude_extremity@historical-v1,lifmean1
uk-crime-1994,attitude_extremity@historical-v1,death1
uk-crime-1994,attitude_extremity@historical-v1,innglt1
uk-crime-1994,attitude_extremity@historical-v1,copbend1
uk-crime-1994,attitude_extremity@historical-v1,fewjury1
uk-crime-1994,attitude_extremity@historical-v1,ctrules1
uk-crime-1994,attitude_extremity@historical-v1,presum1
uk-crime-1994,attitude_extremity@historical-v1,mentsil1
uk-crime-1994,attitude_extremity@historical-v1,rtsil1
uk-crime-1994,attitude_extremity@historical-v1,confess1
uk-crime-1994,attitude_extremity@historical-v1,propsec1
uk-crime-1994,attitude_extremity@historical-v1,watch1
uk-crime-1994,attitude_extremity@historical-v1,patrols1
nic-1996,read_briefing@historical-v1,READDIS2
nic-1996,knowledge_t1@historical-v1,WEDLOCK1
nic-1996,knowledge_t1@historical-v1,AFDC1
nic-1996,knowledge_t1@historical-v1,UNEMP1
nic-1996,knowledge_t1@historical-v1,SPEND1
nic-1996,knowledge_t1@historical-v1,TRADE1
nic-1996,knowledge_t1@historical-v1,TROOPSA1
nic-1996,knowledge_t1@historical-v1,TROOPSB1
nic-1996,knowledge_t1@historical-v1,TROOPSC1
nic-1996,knowledge_t1@historical-v1,TROOPSD1
nic-1996,knowledge_t1@historical-v1,POLREP1
nic-1996,knowledge_t1@historical-v1,POLDEM1
nic-1996,knowledge_joint@historical-v1,WEDLOCK1
nic-1996,knowledge_joint@historical-v1,AFDC1
nic-1996,knowledge_joint@historical-v1,UNEMP1
nic-1996,knowledge_joint@historical-v1,SPEND1
nic-1996,knowledge_joint@historical-v1,TRADE1
nic-1996,knowledge_joint@historical-v1,TROOPSA1
nic-1996,knowledge_joint@historical-v1,TROOPSB1
nic-1996,knowledge_joint@historical-v1,TROOPSC1
nic-1996,knowledge_joint@historical-v1,TROOPSD1
nic-1996,knowledge_joint@historical-v1,POLREP1
nic-1996,knowledge_joint@historical-v1,POLDEM1
nic-1996,knowledge_joint@historical-v1,WEDLOCK3
nic-1996,knowledge_joint@historical-v1,AFDC3
nic-1996,knowledge_joint@historical-v1,UNEMP3
nic-1996,knowledge_joint@historical-v1,SPEND3
nic-1996,knowledge_joint@historical-v1,TRADE3
nic-1996,knowledge_joint@historical-v1,TROOPSA3
nic-1996,knowledge_joint@historical-v1,TROOPSB3
nic-1996,knowledge_joint@historical-v1,TROOPSC3
nic-1996,knowledge_joint@historical-v1,TROOPSD3
nic-1996,knowledge_joint@historical-v1,POLREP3
nic-1996,knowledge_joint@historical-v1,POLDEM3
nic-1996,knowledge_t2@historical-v1,WEDLOCK3
nic-1996,knowledge_t2@historical-v1,AFDC3
nic-1996,knowledge_t2@historical-v1,UNEMP3
nic-1996,knowledge_t2@historical-v1,SPEND3
nic-1996,knowledge_t2@historical-v1,TRADE3
nic-1996,knowledge_t2@historical-v1,TROOPSA3
nic-1996,knowledge_t2@historical-v1,TROOPSB3
nic-1996,knowledge_t2@historical-v1,TROOPSC3
nic-1996,knowledge_t2@historical-v1,TROOPSD3
nic-1996,knowledge_t2@historical-v1,POLREP3
nic-1996,knowledge_t2@historical-v1,POLDEM3
nic-1996,age@nic-08-v3,BYEAR
nic-1996,age@nic-08-v3,BIRTHDY1
nic-1996,age@nic-08-v3,CASEID
nic-1996,age@nic-08-v3,BDAYRTE1
nic-1996,education_four@historical-v1,EDLEVEL1
nic-1996,minority@historical-v1,RACE1
nic-1996,female@historical-v1,SEX1
nic-1996,attitude_extremity@nic-12-v2,SPENVIR1
nic-1996,attitude_extremity@nic-12-v2,SPMEDIC1
nic-1996,attitude_extremity@nic-12-v2,SPLAW1
nic-1996,attitude_extremity@nic-12-v2,SPDRUG1
nic-1996,attitude_extremity@nic-12-v2,SPEDUC1
nic-1996,attitude_extremity@nic-12-v2,SPDEF1
nic-1996,attitude_extremity@nic-12-v2,SPFAID1
nic-1996,attitude_extremity@nic-12-v2,SPWELF1
nic-1996,attitude_extremity@nic-12-v2,SPSS1
nic-1996,political_interest_t1@historical-v1,POLINTR1
nic-1996,knowledge_joint_midterm@historical-v1,WEDLOCK1
nic-1996,knowledge_joint_midterm@historical-v1,AFDC1
nic-1996,knowledge_joint_midterm@historical-v1,UNEMP1
nic-1996,knowledge_joint_midterm@historical-v1,SPEND1
nic-1996,knowledge_joint_midterm@historical-v1,TRADE1
nic-1996,knowledge_joint_midterm@historical-v1,TROOPSA1
nic-1996,knowledge_joint_midterm@historical-v1,TROOPSB1
nic-1996,knowledge_joint_midterm@historical-v1,TROOPSC1
nic-1996,knowledge_joint_midterm@historical-v1,TROOPSD1
nic-1996,knowledge_joint_midterm@historical-v1,POLREP1
nic-1996,knowledge_joint_midterm@historical-v1,POLDEM1
nic-1996,knowledge_joint_midterm@historical-v1,WEDLOCK2
nic-1996,knowledge_joint_midterm@historical-v1,AFDC2
nic-1996,knowledge_joint_midterm@historical-v1,UNEMP2
nic-1996,knowledge_joint_midterm@historical-v1,SPEND2
nic-1996,knowledge_joint_midterm@historical-v1,TRADE2
nic-1996,knowledge_joint_midterm@historical-v1,TROOPSA2
nic-1996,knowledge_joint_midterm@historical-v1,TROOPSB2
nic-1996,knowledge_joint_midterm@historical-v1,TROOPSC2
nic-1996,knowledge_joint_midterm@historical-v1,TROOPSD2
nic-1996,knowledge_joint_midterm@historical-v1,POLREP2
nic-1996,knowledge_joint_midterm@historical-v1,POLDEM2
nic-1996,knowledge_joint_midterm@historical-v1,WEDLOCK3
nic-1996,knowledge_joint_midterm@historical-v1,AFDC3
nic-1996,knowledge_joint_midterm@historical-v1,UNEMP3
nic-1996,knowledge_joint_midterm@historical-v1,SPEND3
nic-1996,knowledge_joint_midterm@historical-v1,TRADE3
nic-1996,knowledge_joint_midterm@historical-v1,TROOPSA3
nic-1996,knowledge_joint_midterm@historical-v1,TROOPSB3
nic-1996,knowledge_joint_midterm@historical-v1,TROOPSC3
nic-1996,knowledge_joint_midterm@historical-v1,TROOPSD3
nic-1996,knowledge_joint_midterm@historical-v1,POLREP3
nic-1996,knowledge_joint_midterm@historical-v1,POLDEM3
nic-1996,knowledge_midterm@historical-v1,WEDLOCK2
nic-1996,knowledge_midterm@historical-v1,AFDC2
nic-1996,knowledge_midterm@historical-v1,UNEMP2
nic-1996,knowledge_midterm@historical-v1,SPEND2
nic-1996,knowledge_midterm@historical-v1,TRADE2
nic-1996,knowledge_midterm@historical-v1,TROOPSA2
nic-1996,knowledge_midterm@historical-v1,TROOPSB2
nic-1996,knowledge_midterm@historical-v1,TROOPSC2
nic-1996,knowledge_midterm@historical-v1,TROOPSD2
nic-1996,knowledge_midterm@historical-v1,POLREP2
nic-1996,knowledge_midterm@historical-v1,POLDEM2
nic-1996,knowledge_midterm_joint@historical-v1,WEDLOCK2
nic-1996,knowledge_midterm_joint@historical-v1,AFDC2
nic-1996,knowledge_midterm_joint@historical-v1,UNEMP2
nic-1996,knowledge_midterm_joint@historical-v1,SPEND2
nic-1996,knowledge_midterm_joint@historical-v1,TRADE2
nic-1996,knowledge_midterm_joint@historical-v1,TROOPSA2
nic-1996,knowledge_midterm_joint@historical-v1,TROOPSB2
nic-1996,knowledge_midterm_joint@historical-v1,TROOPSC2
nic-1996,knowledge_midterm_joint@historical-v1,TROOPSD2
nic-1996,knowledge_midterm_joint@historical-v1,POLREP2
nic-1996,knowledge_midterm_joint@historical-v1,POLDEM2
nic-1996,knowledge_midterm_joint@historical-v1,WEDLOCK3
nic-1996,knowledge_midterm_joint@historical-v1,AFDC3
nic-1996,knowledge_midterm_joint@historical-v1,UNEMP3
nic-1996,knowledge_midterm_joint@historical-v1,SPEND3
nic-1996,knowledge_midterm_joint@historical-v1,TRADE3
nic-1996,knowledge_midterm_joint@historical-v1,TROOPSA3
nic-1996,knowledge_midterm_joint@historical-v1,TROOPSB3
nic-1996,knowledge_midterm_joint@historical-v1,TROOPSC3
nic-1996,knowledge_midterm_joint@historical-v1,TROOPSD3
nic-1996,knowledge_midterm_joint@historical-v1,POLREP3
nic-1996,knowledge_midterm_joint@historical-v1,POLDEM3
nic-1996,attitude_extremity_midterm@nic-12-v2,SPENVIR2
nic-1996,attitude_extremity_midterm@nic-12-v2,SPMEDIC2
nic-1996,attitude_extremity_midterm@nic-12-v2,SPLAW2
nic-1996,attitude_extremity_midterm@nic-12-v2,SPDRUG2
nic-1996,attitude_extremity_midterm@nic-12-v2,SPEDUC2
nic-1996,attitude_extremity_midterm@nic-12-v2,SPDEF2
nic-1996,attitude_extremity_midterm@nic-12-v2,SPFAID2
nic-1996,attitude_extremity_midterm@nic-12-v2,SPWELF2
nic-1996,attitude_extremity_midterm@nic-12-v2,SPSS2
nic-1996,knowledge_gain@historical-v1,WEDLOCK1
nic-1996,knowledge_gain@historical-v1,AFDC1
nic-1996,knowledge_gain@historical-v1,UNEMP1
nic-1996,knowledge_gain@historical-v1,SPEND1
nic-1996,knowledge_gain@historical-v1,TRADE1
nic-1996,knowledge_gain@historical-v1,TROOPSA1
nic-1996,knowledge_gain@historical-v1,TROOPSB1
nic-1996,knowledge_gain@historical-v1,TROOPSC1
nic-1996,knowledge_gain@historical-v1,TROOPSD1
nic-1996,knowledge_gain@historical-v1,POLREP1
nic-1996,knowledge_gain@historical-v1,POLDEM1
nic-1996,knowledge_gain@historical-v1,WEDLOCK3
nic-1996,knowledge_gain@historical-v1,AFDC3
nic-1996,knowledge_gain@historical-v1,UNEMP3
nic-1996,knowledge_gain@historical-v1,SPEND3
nic-1996,knowledge_gain@historical-v1,TRADE3
nic-1996,knowledge_gain@historical-v1,TROOPSA3
nic-1996,knowledge_gain@historical-v1,TROOPSB3
nic-1996,knowledge_gain@historical-v1,TROOPSC3
nic-1996,knowledge_gain@historical-v1,TROOPSD3
nic-1996,knowledge_gain@historical-v1,POLREP3
nic-1996,knowledge_gain@historical-v1,POLDEM3
nic-1996,knowledge_gain_joint@historical-v1,WEDLOCK1
nic-1996,knowledge_gain_joint@historical-v1,AFDC1
nic-1996,knowledge_gain_joint@historical-v1,UNEMP1
nic-1996,knowledge_gain_joint@historical-v1,SPEND1
nic-1996,knowledge_gain_joint@historical-v1,TRADE1
nic-1996,knowledge_gain_joint@historical-v1,TROOPSA1
nic-1996,knowledge_gain_joint@historical-v1,TROOPSB1
nic-1996,knowledge_gain_joint@historical-v1,TROOPSC1
nic-1996,knowledge_gain_joint@historical-v1,TROOPSD1
nic-1996,knowledge_gain_joint@historical-v1,POLREP1
nic-1996,knowledge_gain_joint@historical-v1,POLDEM1
nic-1996,knowledge_gain_joint@historical-v1,WEDLOCK3
nic-1996,knowledge_gain_joint@historical-v1,AFDC3
nic-1996,knowledge_gain_joint@historical-v1,UNEMP3
nic-1996,knowledge_gain_joint@historical-v1,SPEND3
nic-1996,knowledge_gain_joint@historical-v1,TRADE3
nic-1996,knowledge_gain_joint@historical-v1,TROOPSA3
nic-1996,knowledge_gain_joint@historical-v1,TROOPSB3
nic-1996,knowledge_gain_joint@historical-v1,TROOPSC3
nic-1996,knowledge_gain_joint@historical-v1,TROOPSD3
nic-1996,knowledge_gain_joint@historical-v1,POLREP3
nic-1996,knowledge_gain_joint@historical-v1,POLDEM3
nic-1996,log_knowledge_joint@historical-v1,WEDLOCK1
nic-1996,log_knowledge_joint@historical-v1,AFDC1
nic-1996,log_knowledge_joint@historical-v1,UNEMP1
nic-1996,log_knowledge_joint@historical-v1,SPEND1
nic-1996,log_knowledge_joint@historical-v1,TRADE1
nic-1996,log_knowledge_joint@historical-v1,TROOPSA1
nic-1996,log_knowledge_joint@historical-v1,TROOPSB1
nic-1996,log_knowledge_joint@historical-v1,TROOPSC1
nic-1996,log_knowledge_joint@historical-v1,TROOPSD1
nic-1996,log_knowledge_joint@historical-v1,POLREP1
nic-1996,log_knowledge_joint@historical-v1,POLDEM1
nic-1996,log_knowledge_joint@historical-v1,WEDLOCK3
nic-1996,log_knowledge_joint@historical-v1,AFDC3
nic-1996,log_knowledge_joint@historical-v1,UNEMP3
nic-1996,log_knowledge_joint@historical-v1,SPEND3
nic-1996,log_knowledge_joint@historical-v1,TRADE3
nic-1996,log_knowledge_joint@historical-v1,TROOPSA3
nic-1996,log_knowledge_joint@historical-v1,TROOPSB3
nic-1996,log_knowledge_joint@historical-v1,TROOPSC3
nic-1996,log_knowledge_joint@historical-v1,TROOPSD3
nic-1996,log_knowledge_joint@historical-v1,POLREP3
nic-1996,log_knowledge_joint@historical-v1,POLDEM3
nic-1996,high_knowledge_joint@historical-v1,WEDLOCK1
nic-1996,high_knowledge_joint@historical-v1,AFDC1
nic-1996,high_knowledge_joint@historical-v1,UNEMP1
nic-1996,high_knowledge_joint@historical-v1,SPEND1
nic-1996,high_knowledge_joint@historical-v1,TRADE1
nic-1996,high_knowledge_joint@historical-v1,TROOPSA1
nic-1996,high_knowledge_joint@historical-v1,TROOPSB1
nic-1996,high_knowledge_joint@historical-v1,TROOPSC1
nic-1996,high_knowledge_joint@historical-v1,TROOPSD1
nic-1996,high_knowledge_joint@historical-v1,POLREP1
nic-1996,high_knowledge_joint@historical-v1,POLDEM1
nic-1996,high_knowledge_joint@historical-v1,WEDLOCK3
nic-1996,high_knowledge_joint@historical-v1,AFDC3
nic-1996,high_knowledge_joint@historical-v1,UNEMP3
nic-1996,high_knowledge_joint@historical-v1,SPEND3
nic-1996,high_knowledge_joint@historical-v1,TRADE3
nic-1996,high_knowledge_joint@historical-v1,TROOPSA3
nic-1996,high_knowledge_joint@historical-v1,TROOPSB3
nic-1996,high_knowledge_joint@historical-v1,TROOPSC3
nic-1996,high_knowledge_joint@historical-v1,TROOPSD3
nic-1996,high_knowledge_joint@historical-v1,POLREP3
nic-1996,high_knowledge_joint@historical-v1,POLDEM3
nic-1996,education_three@historical-v1,EDLEVEL1
nic-1996,environment_t1@nic-12-v2,SPENVIR1
nic-1996,medicare_t1@nic-12-v2,SPMEDIC1
nic-1996,law_t1@nic-12-v2,SPLAW1
nic-1996,drugs_t1@nic-12-v2,SPDRUG1
nic-1996,education_t1@nic-12-v2,SPEDUC1
nic-1996,defense_t1@nic-12-v2,SPDEF1
nic-1996,foreign_aid_t1@nic-12-v2,SPFAID1
nic-1996,welfare_t1@nic-12-v2,SPWELF1
nic-1996,social_security_t1@nic-12-v2,SPSS1
nic-1996,environment_t2@nic-12-v2,SPENVIR3
nic-1996,medicare_t2@nic-12-v2,SPMEDIC3
nic-1996,law_t2@nic-12-v2,SPLAW3
nic-1996,drugs_t2@nic-12-v2,SPDRUG3
nic-1996,education_t2@nic-12-v2,SPEDUC3
nic-1996,defense_t2@nic-12-v2,SPDEF3
nic-1996,foreign_aid_t2@nic-12-v2,SPFAID3
nic-1996,welfare_t2@nic-12-v2,SPWELF3
nic-1996,social_security_t2@nic-12-v2,SPSS3
nic-1996,higher_education@poll-median-v1,EDLEVEL1
bulgaria-crime-2002,knowledge_t1@historical-v1,q12_1
bulgaria-crime-2002,knowledge_t1@historical-v1,q12_2
bulgaria-crime-2002,knowledge_t1@historical-v1,q12_3
bulgaria-crime-2002,knowledge_t1@historical-v1,q12_4
bulgaria-crime-2002,knowledge_t1@historical-v1,q12_5
bulgaria-crime-2002,knowledge_t1@historical-v1,q12_6
bulgaria-crime-2002,knowledge_t1@historical-v1,q12_7
bulgaria-crime-2002,knowledge_joint@historical-v1,q12_1
bulgaria-crime-2002,knowledge_joint@historical-v1,q12_2
bulgaria-crime-2002,knowledge_joint@historical-v1,q12_3
bulgaria-crime-2002,knowledge_joint@historical-v1,q12_4
bulgaria-crime-2002,knowledge_joint@historical-v1,q12_5
bulgaria-crime-2002,knowledge_joint@historical-v1,q12_6
bulgaria-crime-2002,knowledge_joint@historical-v1,q12_7
bulgaria-crime-2002,knowledge_joint@historical-v1,q12_1p
bulgaria-crime-2002,knowledge_joint@historical-v1,q12_2p
bulgaria-crime-2002,knowledge_joint@historical-v1,q12_3p
bulgaria-crime-2002,knowledge_joint@historical-v1,q12_4p
bulgaria-crime-2002,knowledge_joint@historical-v1,q12_5p
bulgaria-crime-2002,knowledge_joint@historical-v1,q12_6p
bulgaria-crime-2002,knowledge_joint@historical-v1,q12_7p
bulgaria-crime-2002,knowledge_t2@historical-v1,q12_1p
bulgaria-crime-2002,knowledge_t2@historical-v1,q12_2p
bulgaria-crime-2002,knowledge_t2@historical-v1,q12_3p
bulgaria-crime-2002,knowledge_t2@historical-v1,q12_4p
bulgaria-crime-2002,knowledge_t2@historical-v1,q12_5p
bulgaria-crime-2002,knowledge_t2@historical-v1,q12_6p
bulgaria-crime-2002,knowledge_t2@historical-v1,q12_7p
bulgaria-crime-2002,age@historical-v1,age_full
bulgaria-crime-2002,education_four@historical-v1,edu
bulgaria-crime-2002,minority@bgc06-v2,ethnos
bulgaria-crime-2002,household_income@historical-v1,incomes
bulgaria-crime-2002,female@historical-v1,sex
bulgaria-crime-2002,attitude_extremity@bgc-04-v2,q8_3
bulgaria-crime-2002,attitude_extremity@bgc-04-v2,q8_4
bulgaria-crime-2002,attitude_extremity@bgc-04-v2,q8_5
bulgaria-crime-2002,attitude_extremity@bgc-04-v2,q8_6
bulgaria-crime-2002,attitude_extremity@bgc-04-v2,q15_1
bulgaria-crime-2002,attitude_extremity@bgc-04-v2,q15_3
bulgaria-crime-2002,attitude_extremity@bgc-04-v2,q17_1
bulgaria-crime-2002,attitude_extremity@bgc-04-v2,q17_2
bulgaria-crime-2002,attitude_extremity@bgc-04-v2,q17_4
bulgaria-crime-2002,attitude_extremity@bgc-04-v2,q8_7
bulgaria-crime-2002,attitude_extremity@bgc-04-v2,q8_1
bulgaria-crime-2002,attitude_extremity@bgc-04-v2,q8_8
bulgaria-crime-2002,attitude_extremity@bgc-04-v2,q8_11
bulgaria-crime-2002,attitude_extremity@bgc-04-v2,q10_3
bulgaria-crime-2002,attitude_extremity@bgc-04-v2,q16
bulgaria-crime-2002,attitude_extremity@bgc-04-v2,q21
bulgaria-crime-2002,attitude_extremity@bgc-04-v2,q22
bulgaria-crime-2002,attitude_extremity@bgc-04-v2,q23
bulgaria-crime-2002,attitude_extremity@bgc-04-v2,q19
bulgaria-crime-2002,attitude_extremity@bgc-04-v2,q10_1
bulgaria-crime-2002,attitude_extremity@bgc-04-v2,q10_2
bulgaria-crime-2002,high_income@poll-median-v1,incomes
bulgaria-crime-2002,knowledge_gain@historical-v1,q12_1
bulgaria-crime-2002,knowledge_gain@historical-v1,q12_2
bulgaria-crime-2002,knowledge_gain@historical-v1,q12_3
bulgaria-crime-2002,knowledge_gain@historical-v1,q12_4
bulgaria-crime-2002,knowledge_gain@historical-v1,q12_5
bulgaria-crime-2002,knowledge_gain@historical-v1,q12_6
bulgaria-crime-2002,knowledge_gain@historical-v1,q12_7
bulgaria-crime-2002,knowledge_gain@historical-v1,q12_1p
bulgaria-crime-2002,knowledge_gain@historical-v1,q12_2p
bulgaria-crime-2002,knowledge_gain@historical-v1,q12_3p
bulgaria-crime-2002,knowledge_gain@historical-v1,q12_4p
bulgaria-crime-2002,knowledge_gain@historical-v1,q12_5p
bulgaria-crime-2002,knowledge_gain@historical-v1,q12_6p
bulgaria-crime-2002,knowledge_gain@historical-v1,q12_7p
bulgaria-crime-2002,knowledge_gain_joint@historical-v1,q12_1
bulgaria-crime-2002,knowledge_gain_joint@historical-v1,q12_2
bulgaria-crime-2002,knowledge_gain_joint@historical-v1,q12_3
bulgaria-crime-2002,knowledge_gain_joint@historical-v1,q12_4
bulgaria-crime-2002,knowledge_gain_joint@historical-v1,q12_5
bulgaria-crime-2002,knowledge_gain_joint@historical-v1,q12_6
bulgaria-crime-2002,knowledge_gain_joint@historical-v1,q12_7
bulgaria-crime-2002,knowledge_gain_joint@historical-v1,q12_1p
bulgaria-crime-2002,knowledge_gain_joint@historical-v1,q12_2p
bulgaria-crime-2002,knowledge_gain_joint@historical-v1,q12_3p
bulgaria-crime-2002,knowledge_gain_joint@historical-v1,q12_4p
bulgaria-crime-2002,knowledge_gain_joint@historical-v1,q12_5p
bulgaria-crime-2002,knowledge_gain_joint@historical-v1,q12_6p
bulgaria-crime-2002,knowledge_gain_joint@historical-v1,q12_7p
bulgaria-crime-2002,log_knowledge_joint@historical-v1,q12_1
bulgaria-crime-2002,log_knowledge_joint@historical-v1,q12_2
bulgaria-crime-2002,log_knowledge_joint@historical-v1,q12_3
bulgaria-crime-2002,log_knowledge_joint@historical-v1,q12_4
bulgaria-crime-2002,log_knowledge_joint@historical-v1,q12_5
bulgaria-crime-2002,log_knowledge_joint@historical-v1,q12_6
bulgaria-crime-2002,log_knowledge_joint@historical-v1,q12_7
bulgaria-crime-2002,log_knowledge_joint@historical-v1,q12_1p
bulgaria-crime-2002,log_knowledge_joint@historical-v1,q12_2p
bulgaria-crime-2002,log_knowledge_joint@historical-v1,q12_3p
bulgaria-crime-2002,log_knowledge_joint@historical-v1,q12_4p
bulgaria-crime-2002,log_knowledge_joint@historical-v1,q12_5p
bulgaria-crime-2002,log_knowledge_joint@historical-v1,q12_6p
bulgaria-crime-2002,log_knowledge_joint@historical-v1,q12_7p
bulgaria-crime-2002,high_knowledge_joint@historical-v1,q12_1
bulgaria-crime-2002,high_knowledge_joint@historical-v1,q12_2
bulgaria-crime-2002,high_knowledge_joint@historical-v1,q12_3
bulgaria-crime-2002,high_knowledge_joint@historical-v1,q12_4
bulgaria-crime-2002,high_knowledge_joint@historical-v1,q12_5
bulgaria-crime-2002,high_knowledge_joint@historical-v1,q12_6
bulgaria-crime-2002,high_knowledge_joint@historical-v1,q12_7
bulgaria-crime-2002,high_knowledge_joint@historical-v1,q12_1p
bulgaria-crime-2002,high_knowledge_joint@historical-v1,q12_2p
bulgaria-crime-2002,high_knowledge_joint@historical-v1,q12_3p
bulgaria-crime-2002,high_knowledge_joint@historical-v1,q12_4p
bulgaria-crime-2002,high_knowledge_joint@historical-v1,q12_5p
bulgaria-crime-2002,high_knowledge_joint@historical-v1,q12_6p
bulgaria-crime-2002,high_knowledge_joint@historical-v1,q12_7p
bulgaria-crime-2002,education_three@historical-v1,edu
bulgaria-crime-2002,tougher_punishment_t1@historical-v1,q8_3
bulgaria-crime-2002,tougher_punishment_t1@historical-v1,q8_4
bulgaria-crime-2002,tougher_punishment_t1@historical-v1,q8_5
bulgaria-crime-2002,tougher_punishment_t1@historical-v1,q8_6
bulgaria-crime-2002,civil_liberties_t1@historical-v1,q15_1
bulgaria-crime-2002,civil_liberties_t1@historical-v1,q15_3
bulgaria-crime-2002,civil_liberties_t1@historical-v1,q17_1
bulgaria-crime-2002,civil_liberties_t1@historical-v1,q17_2
bulgaria-crime-2002,civil_liberties_t1@historical-v1,q17_4
bulgaria-crime-2002,social_causes_t1@historical-v1,q8_7
bulgaria-crime-2002,economic_causes_t1@historical-v1,q8_1
bulgaria-crime-2002,rehabilitation_t1@historical-v1,q8_8
bulgaria-crime-2002,faster_trials_t1@historical-v1,q8_11
bulgaria-crime-2002,drug_penalties_t1@historical-v1,q10_3
bulgaria-crime-2002,vigilantism_t1@historical-v1,q16
bulgaria-crime-2002,institutional_change_t1@historical-v1,q21
bulgaria-crime-2002,independent_investigation_t1@historical-v1,q22
bulgaria-crime-2002,prosecution_t1@historical-v1,q23
bulgaria-crime-2002,death_penalty_t1@bgc-04-v2,q19
bulgaria-crime-2002,tougher_punishment_t2@historical-v1,q8_3p
bulgaria-crime-2002,tougher_punishment_t2@historical-v1,q8_4p
bulgaria-crime-2002,tougher_punishment_t2@historical-v1,q8_5p
bulgaria-crime-2002,tougher_punishment_t2@historical-v1,q8_6p
bulgaria-crime-2002,civil_liberties_t2@historical-v1,q15_1p
bulgaria-crime-2002,civil_liberties_t2@historical-v1,q15_3p
bulgaria-crime-2002,civil_liberties_t2@historical-v1,q17_1p
bulgaria-crime-2002,civil_liberties_t2@historical-v1,q17_2p
bulgaria-crime-2002,civil_liberties_t2@historical-v1,q17_4p
bulgaria-crime-2002,social_causes_t2@historical-v1,q8_7p
bulgaria-crime-2002,economic_causes_t2@historical-v1,q8_1p
bulgaria-crime-2002,rehabilitation_t2@historical-v1,q8_8p
bulgaria-crime-2002,faster_trials_t2@historical-v1,q8_11p
bulgaria-crime-2002,drug_penalties_t2@historical-v1,q10_3p
bulgaria-crime-2002,vigilantism_t2@historical-v1,q16p
bulgaria-crime-2002,institutional_change_t2@historical-v1,q21p
bulgaria-crime-2002,independent_investigation_t2@historical-v1,q22p
bulgaria-crime-2002,prosecution_t2@historical-v1,q23p
bulgaria-crime-2002,death_penalty_t2@bgc-04-v2,q19p
bulgaria-crime-2002,higher_education@poll-median-v1,edu
europolis-2009,immigration_t1@historical-v1,V1Q11_1
europolis-2009,immigration_t2@historical-v1,V3Q11_1
europolis-2009,knowledge_gain@historical-v1,V1Q43
europolis-2009,knowledge_gain@historical-v1,V1Q44
europolis-2009,knowledge_gain@historical-v1,V1Q46
europolis-2009,knowledge_gain@historical-v1,V1Q47
europolis-2009,knowledge_gain@historical-v1,V1Q49
europolis-2009,knowledge_gain@historical-v1,V1Q50
europolis-2009,knowledge_gain@historical-v1,V3Q43
europolis-2009,knowledge_gain@historical-v1,V3Q44
europolis-2009,knowledge_gain@historical-v1,V3Q46
europolis-2009,knowledge_gain@historical-v1,V3Q47
europolis-2009,knowledge_gain@historical-v1,V3Q49
europolis-2009,knowledge_gain@historical-v1,V3Q50
europolis-2009,climate_t2@historical-v1,V3Q21
europolis-2009,education_four@historical-v1,educ1
europolis-2009,education_four@historical-v1,age1
europolis-2009,attitude_extremity@historical-v1,V1Q21
europolis-2009,attitude_extremity@historical-v1,V1Q11_1
europolis-2009,higher_education@poll-median-v1,educ1
europolis-2009,higher_education@poll-median-v1,age1
europolis-2009,knowledge_t2@historical-v1,V3Q43
europolis-2009,knowledge_t2@historical-v1,V3Q44
europolis-2009,knowledge_t2@historical-v1,V3Q46
europolis-2009,knowledge_t2@historical-v1,V3Q47
europolis-2009,knowledge_t2@historical-v1,V3Q49
europolis-2009,knowledge_t2@historical-v1,V3Q50
europolis-2009,knowledge_t1@historical-v1,V1Q43
europolis-2009,knowledge_t1@historical-v1,V1Q44
europolis-2009,knowledge_t1@historical-v1,V1Q46
europolis-2009,knowledge_t1@historical-v1,V1Q47
europolis-2009,knowledge_t1@historical-v1,V1Q49
europolis-2009,knowledge_t1@historical-v1,V1Q50
europolis-2009,female@historical-v1,sex1
europolis-2009,climate_t1@historical-v1,V1Q21
europolis-2009,education_three@historical-v1,educ1
europolis-2009,education_three@historical-v1,age1
europolis-2009,minority@euro-04-v2,birth1
europolis-2009,minority@euro-04-v2,parentsbirth1
europolis-2009,age@euro-06-v2,age1
australia-republic-1999,log_knowledge_joint@aus-08-v2,qrole1
australia-republic-1999,log_knowledge_joint@aus-08-v2,rempres1
australia-republic-1999,log_knowledge_joint@aus-08-v2,ggrole1
australia-republic-1999,log_knowledge_joint@aus-08-v2,presrol1
australia-republic-1999,log_knowledge_joint@aus-08-v2,welfare1
australia-republic-1999,log_knowledge_joint@aus-08-v2,busines1
australia-republic-1999,log_knowledge_joint@aus-08-v2,ridgewy1
australia-republic-1999,log_knowledge_joint@aus-08-v2,jgeorge1
australia-republic-1999,log_knowledge_joint@aus-08-v2,flagchg1
australia-republic-1999,log_knowledge_joint@aus-08-v2,anthem1
australia-republic-1999,log_knowledge_joint@aus-08-v2,wdroyal1
australia-republic-1999,log_knowledge_joint@aus-08-v2,pargame1
australia-republic-1999,log_knowledge_joint@aus-08-v2,qrole2
australia-republic-1999,log_knowledge_joint@aus-08-v2,rempres2
australia-republic-1999,log_knowledge_joint@aus-08-v2,ggrole2
australia-republic-1999,log_knowledge_joint@aus-08-v2,presrol2
australia-republic-1999,log_knowledge_joint@aus-08-v2,welfare2
australia-republic-1999,log_knowledge_joint@aus-08-v2,busines2
australia-republic-1999,log_knowledge_joint@aus-08-v2,ridgewy2
australia-republic-1999,log_knowledge_joint@aus-08-v2,jgeorge2
australia-republic-1999,log_knowledge_joint@aus-08-v2,flagchg2
australia-republic-1999,log_knowledge_joint@aus-08-v2,anthem2
australia-republic-1999,log_knowledge_joint@aus-08-v2,wdroyal2
australia-republic-1999,log_knowledge_joint@aus-08-v2,pargame2
australia-republic-1999,republican_t2@missing-preserved-v2,firstop2
australia-republic-1999,republican_t2@missing-preserved-v2,secop2
australia-republic-1999,republican_t2@missing-preserved-v2,tiesbr2
australia-republic-1999,republican_t2@missing-preserved-v2,headaus2
australia-republic-1999,household_income@historical-v1,income
australia-republic-1999,popular_t2@missing-preserved-v2,firstop2
australia-republic-1999,popular_t2@missing-preserved-v2,secop2
australia-republic-1999,knowledge_gain@aus-08-v2,qrole1
australia-republic-1999,knowledge_gain@aus-08-v2,rempres1
australia-republic-1999,knowledge_gain@aus-08-v2,ggrole1
australia-republic-1999,knowledge_gain@aus-08-v2,presrol1
australia-republic-1999,knowledge_gain@aus-08-v2,welfare1
australia-republic-1999,knowledge_gain@aus-08-v2,busines1
australia-republic-1999,knowledge_gain@aus-08-v2,ridgewy1
australia-republic-1999,knowledge_gain@aus-08-v2,jgeorge1
australia-republic-1999,knowledge_gain@aus-08-v2,flagchg1
australia-republic-1999,knowledge_gain@aus-08-v2,anthem1
australia-republic-1999,knowledge_gain@aus-08-v2,wdroyal1
australia-republic-1999,knowledge_gain@aus-08-v2,pargame1
australia-republic-1999,knowledge_gain@aus-08-v2,qrole2
australia-republic-1999,knowledge_gain@aus-08-v2,rempres2
australia-republic-1999,knowledge_gain@aus-08-v2,ggrole2
australia-republic-1999,knowledge_gain@aus-08-v2,presrol2
australia-republic-1999,knowledge_gain@aus-08-v2,welfare2
australia-republic-1999,knowledge_gain@aus-08-v2,busines2
australia-republic-1999,knowledge_gain@aus-08-v2,ridgewy2
australia-republic-1999,knowledge_gain@aus-08-v2,jgeorge2
australia-republic-1999,knowledge_gain@aus-08-v2,flagchg2
australia-republic-1999,knowledge_gain@aus-08-v2,anthem2
australia-republic-1999,knowledge_gain@aus-08-v2,wdroyal2
australia-republic-1999,knowledge_gain@aus-08-v2,pargame2
australia-republic-1999,knowledge_joint@aus-08-v2,qrole1
australia-republic-1999,knowledge_joint@aus-08-v2,rempres1
australia-republic-1999,knowledge_joint@aus-08-v2,ggrole1
australia-republic-1999,knowledge_joint@aus-08-v2,presrol1
australia-republic-1999,knowledge_joint@aus-08-v2,welfare1
australia-republic-1999,knowledge_joint@aus-08-v2,busines1
australia-republic-1999,knowledge_joint@aus-08-v2,ridgewy1
australia-republic-1999,knowledge_joint@aus-08-v2,jgeorge1
australia-republic-1999,knowledge_joint@aus-08-v2,flagchg1
australia-republic-1999,knowledge_joint@aus-08-v2,anthem1
australia-republic-1999,knowledge_joint@aus-08-v2,wdroyal1
australia-republic-1999,knowledge_joint@aus-08-v2,pargame1
australia-republic-1999,knowledge_joint@aus-08-v2,qrole2
australia-republic-1999,knowledge_joint@aus-08-v2,rempres2
australia-republic-1999,knowledge_joint@aus-08-v2,ggrole2
australia-republic-1999,knowledge_joint@aus-08-v2,presrol2
australia-republic-1999,knowledge_joint@aus-08-v2,welfare2
australia-republic-1999,knowledge_joint@aus-08-v2,busines2
australia-republic-1999,knowledge_joint@aus-08-v2,ridgewy2
australia-republic-1999,knowledge_joint@aus-08-v2,jgeorge2
australia-republic-1999,knowledge_joint@aus-08-v2,flagchg2
australia-republic-1999,knowledge_joint@aus-08-v2,anthem2
australia-republic-1999,knowledge_joint@aus-08-v2,wdroyal2
australia-republic-1999,knowledge_joint@aus-08-v2,pargame2
australia-republic-1999,education_four@historical-v1,edulev
australia-republic-1999,knowledge_gain_joint@aus-08-v2,qrole1
australia-republic-1999,knowledge_gain_joint@aus-08-v2,rempres1
australia-republic-1999,knowledge_gain_joint@aus-08-v2,ggrole1
australia-republic-1999,knowledge_gain_joint@aus-08-v2,presrol1
australia-republic-1999,knowledge_gain_joint@aus-08-v2,welfare1
australia-republic-1999,knowledge_gain_joint@aus-08-v2,busines1
australia-republic-1999,knowledge_gain_joint@aus-08-v2,ridgewy1
australia-republic-1999,knowledge_gain_joint@aus-08-v2,jgeorge1
australia-republic-1999,knowledge_gain_joint@aus-08-v2,flagchg1
australia-republic-1999,knowledge_gain_joint@aus-08-v2,anthem1
australia-republic-1999,knowledge_gain_joint@aus-08-v2,wdroyal1
australia-republic-1999,knowledge_gain_joint@aus-08-v2,pargame1
australia-republic-1999,knowledge_gain_joint@aus-08-v2,qrole2
australia-republic-1999,knowledge_gain_joint@aus-08-v2,rempres2
australia-republic-1999,knowledge_gain_joint@aus-08-v2,ggrole2
australia-republic-1999,knowledge_gain_joint@aus-08-v2,presrol2
australia-republic-1999,knowledge_gain_joint@aus-08-v2,welfare2
australia-republic-1999,knowledge_gain_joint@aus-08-v2,busines2
australia-republic-1999,knowledge_gain_joint@aus-08-v2,ridgewy2
australia-republic-1999,knowledge_gain_joint@aus-08-v2,jgeorge2
australia-republic-1999,knowledge_gain_joint@aus-08-v2,flagchg2
australia-republic-1999,knowledge_gain_joint@aus-08-v2,anthem2
australia-republic-1999,knowledge_gain_joint@aus-08-v2,wdroyal2
australia-republic-1999,knowledge_gain_joint@aus-08-v2,pargame2
australia-republic-1999,attitude_extremity@aus-03-v2,pmpower1
australia-republic-1999,attitude_extremity@aus-03-v2,polstab1
australia-republic-1999,attitude_extremity@aus-03-v2,confron1
australia-republic-1999,attitude_extremity@aus-03-v2,stweak1
australia-republic-1999,attitude_extremity@aus-03-v2,repexp1
australia-republic-1999,attitude_extremity@aus-03-v2,constrd1
australia-republic-1999,attitude_extremity@aus-03-v2,moredem1
australia-republic-1999,attitude_extremity@aus-03-v2,quedem1
australia-republic-1999,attitude_extremity@aus-03-v2,brither1
australia-republic-1999,attitude_extremity@aus-03-v2,preserv1
australia-republic-1999,attitude_extremity@aus-03-v2,prespol1
australia-republic-1999,attitude_extremity@aus-03-v2,ppchpre1
australia-republic-1999,high_knowledge_joint@aus-08-v2,qrole1
australia-republic-1999,high_knowledge_joint@aus-08-v2,rempres1
australia-republic-1999,high_knowledge_joint@aus-08-v2,ggrole1
australia-republic-1999,high_knowledge_joint@aus-08-v2,presrol1
australia-republic-1999,high_knowledge_joint@aus-08-v2,welfare1
australia-republic-1999,high_knowledge_joint@aus-08-v2,busines1
australia-republic-1999,high_knowledge_joint@aus-08-v2,ridgewy1
australia-republic-1999,high_knowledge_joint@aus-08-v2,jgeorge1
australia-republic-1999,high_knowledge_joint@aus-08-v2,flagchg1
australia-republic-1999,high_knowledge_joint@aus-08-v2,anthem1
australia-republic-1999,high_knowledge_joint@aus-08-v2,wdroyal1
australia-republic-1999,high_knowledge_joint@aus-08-v2,pargame1
australia-republic-1999,high_knowledge_joint@aus-08-v2,qrole2
australia-republic-1999,high_knowledge_joint@aus-08-v2,rempres2
australia-republic-1999,high_knowledge_joint@aus-08-v2,ggrole2
australia-republic-1999,high_knowledge_joint@aus-08-v2,presrol2
australia-republic-1999,high_knowledge_joint@aus-08-v2,welfare2
australia-republic-1999,high_knowledge_joint@aus-08-v2,busines2
australia-republic-1999,high_knowledge_joint@aus-08-v2,ridgewy2
australia-republic-1999,high_knowledge_joint@aus-08-v2,jgeorge2
australia-republic-1999,high_knowledge_joint@aus-08-v2,flagchg2
australia-republic-1999,high_knowledge_joint@aus-08-v2,anthem2
australia-republic-1999,high_knowledge_joint@aus-08-v2,wdroyal2
australia-republic-1999,high_knowledge_joint@aus-08-v2,pargame2
australia-republic-1999,higher_education@poll-median-v1,edulev
australia-republic-1999,high_income@poll-median-v1,income
australia-republic-1999,knowledge_t2@historical-v1,qrole2
australia-republic-1999,knowledge_t2@historical-v1,rempres2
australia-republic-1999,knowledge_t2@historical-v1,ggrole2
australia-republic-1999,knowledge_t2@historical-v1,presrol2
australia-republic-1999,knowledge_t2@historical-v1,welfare2
australia-republic-1999,knowledge_t2@historical-v1,busines2
australia-republic-1999,knowledge_t2@historical-v1,ridgewy2
australia-republic-1999,knowledge_t2@historical-v1,jgeorge2
australia-republic-1999,knowledge_t2@historical-v1,flagchg2
australia-republic-1999,knowledge_t2@historical-v1,anthem2
australia-republic-1999,knowledge_t2@historical-v1,wdroyal2
australia-republic-1999,knowledge_t2@historical-v1,pargame2
australia-republic-1999,republican_t1@missing-preserved-v2,firstop1
australia-republic-1999,republican_t1@missing-preserved-v2,secop1
australia-republic-1999,republican_t1@missing-preserved-v2,tiesbr1
australia-republic-1999,republican_t1@missing-preserved-v2,headaus1
australia-republic-1999,knowledge_t1@aus-08-v2,qrole1
australia-republic-1999,knowledge_t1@aus-08-v2,rempres1
australia-republic-1999,knowledge_t1@aus-08-v2,ggrole1
australia-republic-1999,knowledge_t1@aus-08-v2,presrol1
australia-republic-1999,knowledge_t1@aus-08-v2,welfare1
australia-republic-1999,knowledge_t1@aus-08-v2,busines1
australia-republic-1999,knowledge_t1@aus-08-v2,ridgewy1
australia-republic-1999,knowledge_t1@aus-08-v2,jgeorge1
australia-republic-1999,knowledge_t1@aus-08-v2,flagchg1
australia-republic-1999,knowledge_t1@aus-08-v2,anthem1
australia-republic-1999,knowledge_t1@aus-08-v2,wdroyal1
australia-republic-1999,knowledge_t1@aus-08-v2,pargame1
australia-republic-1999,political_interest_t1@historical-v1,intpol1
australia-republic-1999,female@historical-v1,gender
australia-republic-1999,education_three@historical-v1,edulev
australia-republic-1999,minority@historical-v1,overseas
australia-republic-1999,age@aus05-v2,age
australia-republic-1999,popular_t1@missing-preserved-v2,firstop1
australia-republic-1999,popular_t1@missing-preserved-v2,secop1
tomorrows-europe-2007,education_four@te-05-v2,q39
tomorrows-europe-2007,attitude_extremity_midterm@historical-v1,t2q1
tomorrows-europe-2007,attitude_extremity_midterm@historical-v1,t2q4
tomorrows-europe-2007,attitude_extremity_midterm@historical-v1,t2q7c
tomorrows-europe-2007,attitude_extremity_midterm@historical-v1,t2q11a
tomorrows-europe-2007,attitude_extremity_midterm@historical-v1,t2q11c
tomorrows-europe-2007,attitude_extremity_midterm@historical-v1,t2q12a
tomorrows-europe-2007,attitude_extremity_midterm@historical-v1,t2q12b
tomorrows-europe-2007,attitude_extremity_midterm@historical-v1,t2q12c
tomorrows-europe-2007,attitude_extremity_midterm@historical-v1,t2q12d
tomorrows-europe-2007,attitude_extremity_midterm@historical-v1,t2q11b
tomorrows-europe-2007,attitude_extremity_midterm@historical-v1,t2q16b
tomorrows-europe-2007,attitude_extremity_midterm@historical-v1,t2q18a
tomorrows-europe-2007,attitude_extremity_midterm@historical-v1,t2q18b
tomorrows-europe-2007,attitude_extremity_midterm@historical-v1,t2q18c
tomorrows-europe-2007,attitude_extremity_midterm@historical-v1,t2q18d
tomorrows-europe-2007,read_briefing@historical-v1,t3q42
tomorrows-europe-2007,military_never_t1@historical-v1,q11b_1
tomorrows-europe-2007,enlargement_limit_t2@historical-v1,t2q16j
tomorrows-europe-2007,trade_t2@historical-v1,t2q7a
tomorrows-europe-2007,trade_t2@historical-v1,t2q7d
tomorrows-europe-2007,trade_t2@historical-v1,t2q8
tomorrows-europe-2007,decision_level_t3@historical-v1,t3q17a
tomorrows-europe-2007,decision_level_t3@historical-v1,t3q17b
tomorrows-europe-2007,decision_level_t3@historical-v1,t3q17c
tomorrows-europe-2007,decision_level_t3@historical-v1,t3q17d
tomorrows-europe-2007,decision_level_t3@historical-v1,t3q17e
tomorrows-europe-2007,decision_level_t3@historical-v1,t3q17f
tomorrows-europe-2007,decision_level_t3@historical-v1,t3q17g
tomorrows-europe-2007,decision_level_t3@historical-v1,t3q17h
tomorrows-europe-2007,decision_level_t3@historical-v1,t3q17i
tomorrows-europe-2007,knowledge_joint_midterm@historical-v1,q16_1
tomorrows-europe-2007,knowledge_joint_midterm@historical-v1,q17_1
tomorrows-europe-2007,knowledge_joint_midterm@historical-v1,q18_1
tomorrows-europe-2007,knowledge_joint_midterm@historical-v1,q19_1
tomorrows-europe-2007,knowledge_joint_midterm@historical-v1,q20_1
tomorrows-europe-2007,knowledge_joint_midterm@historical-v1,q21_1
tomorrows-europe-2007,knowledge_joint_midterm@historical-v1,q22_1
tomorrows-europe-2007,knowledge_joint_midterm@historical-v1,q23_1
tomorrows-europe-2007,knowledge_joint_midterm@historical-v1,q24_1
tomorrows-europe-2007,knowledge_joint_midterm@historical-v1,q33a_1
tomorrows-europe-2007,knowledge_joint_midterm@historical-v1,q33b_1
tomorrows-europe-2007,knowledge_joint_midterm@historical-v1,t2q19
tomorrows-europe-2007,knowledge_joint_midterm@historical-v1,t2q20
tomorrows-europe-2007,knowledge_joint_midterm@historical-v1,t2q21
tomorrows-europe-2007,knowledge_joint_midterm@historical-v1,t2q22
tomorrows-europe-2007,knowledge_joint_midterm@historical-v1,t2q23
tomorrows-europe-2007,knowledge_joint_midterm@historical-v1,t2q24
tomorrows-europe-2007,knowledge_joint_midterm@historical-v1,t2q25
tomorrows-europe-2007,knowledge_joint_midterm@historical-v1,t2q26
tomorrows-europe-2007,knowledge_joint_midterm@historical-v1,t2q27
tomorrows-europe-2007,knowledge_joint_midterm@historical-v1,t2q36a
tomorrows-europe-2007,knowledge_joint_midterm@historical-v1,t2q36b
tomorrows-europe-2007,knowledge_joint_midterm@historical-v1,t3q19
tomorrows-europe-2007,knowledge_joint_midterm@historical-v1,t3q20
tomorrows-europe-2007,knowledge_joint_midterm@historical-v1,t3q21
tomorrows-europe-2007,knowledge_joint_midterm@historical-v1,t3q22
tomorrows-europe-2007,knowledge_joint_midterm@historical-v1,t3q23
tomorrows-europe-2007,knowledge_joint_midterm@historical-v1,t3q24
tomorrows-europe-2007,knowledge_joint_midterm@historical-v1,t3q25
tomorrows-europe-2007,knowledge_joint_midterm@historical-v1,t3q26
tomorrows-europe-2007,knowledge_joint_midterm@historical-v1,t3q27
tomorrows-europe-2007,knowledge_joint_midterm@historical-v1,t3q36a
tomorrows-europe-2007,knowledge_joint_midterm@historical-v1,t3q36b
tomorrows-europe-2007,pension_t3@historical-v1,t3q5a
tomorrows-europe-2007,pension_t3@historical-v1,t3q5b
tomorrows-europe-2007,pension_t3@historical-v1,t3q5c
tomorrows-europe-2007,pension_t3@historical-v1,t3q5d
tomorrows-europe-2007,pension_t2@historical-v1,t2q5a
tomorrows-europe-2007,pension_t2@historical-v1,t2q5b
tomorrows-europe-2007,pension_t2@historical-v1,t2q5c
tomorrows-europe-2007,pension_t2@historical-v1,t2q5d
tomorrows-europe-2007,enlargement_t2@historical-v1,t2q16a
tomorrows-europe-2007,enlargement_t2@historical-v1,t2q16b
tomorrows-europe-2007,enlargement_t2@historical-v1,t2q16c
tomorrows-europe-2007,enlargement_t2@historical-v1,t2q16f
tomorrows-europe-2007,military_never_t3@historical-v1,t3q11b
tomorrows-europe-2007,migration_t3@historical-v1,t3q7c
tomorrows-europe-2007,decision_level_t2@historical-v1,t2q17a
tomorrows-europe-2007,decision_level_t2@historical-v1,t2q17b
tomorrows-europe-2007,decision_level_t2@historical-v1,t2q17c
tomorrows-europe-2007,decision_level_t2@historical-v1,t2q17d
tomorrows-europe-2007,decision_level_t2@historical-v1,t2q17e
tomorrows-europe-2007,decision_level_t2@historical-v1,t2q17f
tomorrows-europe-2007,decision_level_t2@historical-v1,t2q17g
tomorrows-europe-2007,decision_level_t2@historical-v1,t2q17h
tomorrows-europe-2007,decision_level_t2@historical-v1,t2q17i
tomorrows-europe-2007,knowledge_midterm@historical-v1,t2q19
tomorrows-europe-2007,knowledge_midterm@historical-v1,t2q20
tomorrows-europe-2007,knowledge_midterm@historical-v1,t2q21
tomorrows-europe-2007,knowledge_midterm@historical-v1,t2q22
tomorrows-europe-2007,knowledge_midterm@historical-v1,t2q23
tomorrows-europe-2007,knowledge_midterm@historical-v1,t2q24
tomorrows-europe-2007,knowledge_midterm@historical-v1,t2q25
tomorrows-europe-2007,knowledge_midterm@historical-v1,t2q26
tomorrows-europe-2007,knowledge_midterm@historical-v1,t2q27
tomorrows-europe-2007,knowledge_midterm@historical-v1,t2q36a
tomorrows-europe-2007,knowledge_midterm@historical-v1,t2q36b
tomorrows-europe-2007,military_t3@te-04-v2,t3q11a
tomorrows-europe-2007,military_t3@te-04-v2,t3q11c
tomorrows-europe-2007,military_t3@te-04-v2,t3q12a
tomorrows-europe-2007,military_t3@te-04-v2,t3q12b
tomorrows-europe-2007,military_t3@te-04-v2,t3q12c
tomorrows-europe-2007,military_t3@te-04-v2,t3q12d
tomorrows-europe-2007,female@historical-v1,q35
tomorrows-europe-2007,eu_membership_t1@historical-v1,q1_1
tomorrows-europe-2007,trade_t3@te-04-v2,t3q7a
tomorrows-europe-2007,trade_t3@te-04-v2,t3q7d
tomorrows-europe-2007,trade_t3@te-04-v2,t3q8
tomorrows-europe-2007,veto_t3@historical-v1,t3q18a
tomorrows-europe-2007,veto_t3@historical-v1,t3q18b
tomorrows-europe-2007,veto_t3@historical-v1,t3q18c
tomorrows-europe-2007,veto_t3@historical-v1,t3q18d
tomorrows-europe-2007,veto_t2@historical-v1,t2q18a
tomorrows-europe-2007,veto_t2@historical-v1,t2q18b
tomorrows-europe-2007,veto_t2@historical-v1,t2q18c
tomorrows-europe-2007,veto_t2@historical-v1,t2q18d
tomorrows-europe-2007,military_t1@historical-v1,q11a_1
tomorrows-europe-2007,military_t1@historical-v1,q11c_1
tomorrows-europe-2007,military_t1@historical-v1,q12a_1
tomorrows-europe-2007,military_t1@historical-v1,q12b_1
tomorrows-europe-2007,military_t1@historical-v1,q12c_1
tomorrows-europe-2007,military_t1@historical-v1,q12d_1
tomorrows-europe-2007,military_t2@historical-v1,t2q11a
tomorrows-europe-2007,military_t2@historical-v1,t2q11c
tomorrows-europe-2007,military_t2@historical-v1,t2q12a
tomorrows-europe-2007,military_t2@historical-v1,t2q12b
tomorrows-europe-2007,military_t2@historical-v1,t2q12c
tomorrows-europe-2007,military_t2@historical-v1,t2q12d
tomorrows-europe-2007,eu_membership_t3@historical-v1,t3q1
tomorrows-europe-2007,turkey_t3@historical-v1,t3q16b
tomorrows-europe-2007,privatization_t3@historical-v1,t3q4
tomorrows-europe-2007,turkey_t2@historical-v1,t2q16b
tomorrows-europe-2007,log_knowledge_joint@historical-v1,q16_1
tomorrows-europe-2007,log_knowledge_joint@historical-v1,q17_1
tomorrows-europe-2007,log_knowledge_joint@historical-v1,q18_1
tomorrows-europe-2007,log_knowledge_joint@historical-v1,q19_1
tomorrows-europe-2007,log_knowledge_joint@historical-v1,q20_1
tomorrows-europe-2007,log_knowledge_joint@historical-v1,q21_1
tomorrows-europe-2007,log_knowledge_joint@historical-v1,q22_1
tomorrows-europe-2007,log_knowledge_joint@historical-v1,q23_1
tomorrows-europe-2007,log_knowledge_joint@historical-v1,q24_1
tomorrows-europe-2007,log_knowledge_joint@historical-v1,q33a_1
tomorrows-europe-2007,log_knowledge_joint@historical-v1,q33b_1
tomorrows-europe-2007,log_knowledge_joint@historical-v1,t3q19
tomorrows-europe-2007,log_knowledge_joint@historical-v1,t3q20
tomorrows-europe-2007,log_knowledge_joint@historical-v1,t3q21
tomorrows-europe-2007,log_knowledge_joint@historical-v1,t3q22
tomorrows-europe-2007,log_knowledge_joint@historical-v1,t3q23
tomorrows-europe-2007,log_knowledge_joint@historical-v1,t3q24
tomorrows-europe-2007,log_knowledge_joint@historical-v1,t3q25
tomorrows-europe-2007,log_knowledge_joint@historical-v1,t3q26
tomorrows-europe-2007,log_knowledge_joint@historical-v1,t3q27
tomorrows-europe-2007,log_knowledge_joint@historical-v1,t3q36a
tomorrows-europe-2007,log_knowledge_joint@historical-v1,t3q36b
tomorrows-europe-2007,education_three@te-05-v2,q39
tomorrows-europe-2007,attitude_extremity@historical-v1,q1_1
tomorrows-europe-2007,attitude_extremity@historical-v1,q4_1
tomorrows-europe-2007,attitude_extremity@historical-v1,q7c_1
tomorrows-europe-2007,attitude_extremity@historical-v1,q11a_1
tomorrows-europe-2007,attitude_extremity@historical-v1,q11c_1
tomorrows-europe-2007,attitude_extremity@historical-v1,q12a_1
tomorrows-europe-2007,attitude_extremity@historical-v1,q12b_1
tomorrows-europe-2007,attitude_extremity@historical-v1,q12c_1
tomorrows-europe-2007,attitude_extremity@historical-v1,q12d_1
tomorrows-europe-2007,attitude_extremity@historical-v1,q11b_1
tomorrows-europe-2007,attitude_extremity@historical-v1,q13b_1
tomorrows-europe-2007,attitude_extremity@historical-v1,q15a_1
tomorrows-europe-2007,attitude_extremity@historical-v1,q15b_1
tomorrows-europe-2007,attitude_extremity@historical-v1,q15c_1
tomorrows-europe-2007,attitude_extremity@historical-v1,q15d_1
tomorrows-europe-2007,knowledge_gain@historical-v1,q16_1
tomorrows-europe-2007,knowledge_gain@historical-v1,q17_1
tomorrows-europe-2007,knowledge_gain@historical-v1,q18_1
tomorrows-europe-2007,knowledge_gain@historical-v1,q19_1
tomorrows-europe-2007,knowledge_gain@historical-v1,q20_1
tomorrows-europe-2007,knowledge_gain@historical-v1,q21_1
tomorrows-europe-2007,knowledge_gain@historical-v1,q22_1
tomorrows-europe-2007,knowledge_gain@historical-v1,q23_1
tomorrows-europe-2007,knowledge_gain@historical-v1,q24_1
tomorrows-europe-2007,knowledge_gain@historical-v1,q33a_1
tomorrows-europe-2007,knowledge_gain@historical-v1,q33b_1
tomorrows-europe-2007,knowledge_gain@historical-v1,t3q19
tomorrows-europe-2007,knowledge_gain@historical-v1,t3q20
tomorrows-europe-2007,knowledge_gain@historical-v1,t3q21
tomorrows-europe-2007,knowledge_gain@historical-v1,t3q22
tomorrows-europe-2007,knowledge_gain@historical-v1,t3q23
tomorrows-europe-2007,knowledge_gain@historical-v1,t3q24
tomorrows-europe-2007,knowledge_gain@historical-v1,t3q25
tomorrows-europe-2007,knowledge_gain@historical-v1,t3q26
tomorrows-europe-2007,knowledge_gain@historical-v1,t3q27
tomorrows-europe-2007,knowledge_gain@historical-v1,t3q36a
tomorrows-europe-2007,knowledge_gain@historical-v1,t3q36b
tomorrows-europe-2007,enlargement_limit_t3@historical-v1,t3q16j
tomorrows-europe-2007,knowledge_t1@historical-v1,q16_1
tomorrows-europe-2007,knowledge_t1@historical-v1,q17_1
tomorrows-europe-2007,knowledge_t1@historical-v1,q18_1
tomorrows-europe-2007,knowledge_t1@historical-v1,q19_1
tomorrows-europe-2007,knowledge_t1@historical-v1,q20_1
tomorrows-europe-2007,knowledge_t1@historical-v1,q21_1
tomorrows-europe-2007,knowledge_t1@historical-v1,q22_1
tomorrows-europe-2007,knowledge_t1@historical-v1,q23_1
tomorrows-europe-2007,knowledge_t1@historical-v1,q24_1
tomorrows-europe-2007,knowledge_t1@historical-v1,q33a_1
tomorrows-europe-2007,knowledge_t1@historical-v1,q33b_1
tomorrows-europe-2007,enlargement_t3@historical-v1,t3q16a
tomorrows-europe-2007,enlargement_t3@historical-v1,t3q16b
tomorrows-europe-2007,enlargement_t3@historical-v1,t3q16c
tomorrows-europe-2007,enlargement_t3@historical-v1,t3q16f
tomorrows-europe-2007,knowledge_gain_joint@historical-v1,q16_1
tomorrows-europe-2007,knowledge_gain_joint@historical-v1,q17_1
tomorrows-europe-2007,knowledge_gain_joint@historical-v1,q18_1
tomorrows-europe-2007,knowledge_gain_joint@historical-v1,q19_1
tomorrows-europe-2007,knowledge_gain_joint@historical-v1,q20_1
tomorrows-europe-2007,knowledge_gain_joint@historical-v1,q21_1
tomorrows-europe-2007,knowledge_gain_joint@historical-v1,q22_1
tomorrows-europe-2007,knowledge_gain_joint@historical-v1,q23_1
tomorrows-europe-2007,knowledge_gain_joint@historical-v1,q24_1
tomorrows-europe-2007,knowledge_gain_joint@historical-v1,q33a_1
tomorrows-europe-2007,knowledge_gain_joint@historical-v1,q33b_1
tomorrows-europe-2007,knowledge_gain_joint@historical-v1,t3q19
tomorrows-europe-2007,knowledge_gain_joint@historical-v1,t3q20
tomorrows-europe-2007,knowledge_gain_joint@historical-v1,t3q21
tomorrows-europe-2007,knowledge_gain_joint@historical-v1,t3q22
tomorrows-europe-2007,knowledge_gain_joint@historical-v1,t3q23
tomorrows-europe-2007,knowledge_gain_joint@historical-v1,t3q24
tomorrows-europe-2007,knowledge_gain_joint@historical-v1,t3q25
tomorrows-europe-2007,knowledge_gain_joint@historical-v1,t3q26
tomorrows-europe-2007,knowledge_gain_joint@historical-v1,t3q27
tomorrows-europe-2007,knowledge_gain_joint@historical-v1,t3q36a
tomorrows-europe-2007,knowledge_gain_joint@historical-v1,t3q36b
tomorrows-europe-2007,military_never_t2@historical-v1,t2q11b
tomorrows-europe-2007,migration_t1@historical-v1,q7c_1
tomorrows-europe-2007,knowledge_midterm_joint@historical-v1,t2q19
tomorrows-europe-2007,knowledge_midterm_joint@historical-v1,t2q20
tomorrows-europe-2007,knowledge_midterm_joint@historical-v1,t2q21
tomorrows-europe-2007,knowledge_midterm_joint@historical-v1,t2q22
tomorrows-europe-2007,knowledge_midterm_joint@historical-v1,t2q23
tomorrows-europe-2007,knowledge_midterm_joint@historical-v1,t2q24
tomorrows-europe-2007,knowledge_midterm_joint@historical-v1,t2q25
tomorrows-europe-2007,knowledge_midterm_joint@historical-v1,t2q26
tomorrows-europe-2007,knowledge_midterm_joint@historical-v1,t2q27
tomorrows-europe-2007,knowledge_midterm_joint@historical-v1,t2q36a
tomorrows-europe-2007,knowledge_midterm_joint@historical-v1,t2q36b
tomorrows-europe-2007,knowledge_midterm_joint@historical-v1,t3q19
tomorrows-europe-2007,knowledge_midterm_joint@historical-v1,t3q20
tomorrows-europe-2007,knowledge_midterm_joint@historical-v1,t3q21
tomorrows-europe-2007,knowledge_midterm_joint@historical-v1,t3q22
tomorrows-europe-2007,knowledge_midterm_joint@historical-v1,t3q23
tomorrows-europe-2007,knowledge_midterm_joint@historical-v1,t3q24
tomorrows-europe-2007,knowledge_midterm_joint@historical-v1,t3q25
tomorrows-europe-2007,knowledge_midterm_joint@historical-v1,t3q26
tomorrows-europe-2007,knowledge_midterm_joint@historical-v1,t3q27
tomorrows-europe-2007,knowledge_midterm_joint@historical-v1,t3q36a
tomorrows-europe-2007,knowledge_midterm_joint@historical-v1,t3q36b
tomorrows-europe-2007,privatization_t2@historical-v1,t2q4
tomorrows-europe-2007,migration_t2@historical-v1,t2q7c
tomorrows-europe-2007,veto_t1@historical-v1,q15a_1
tomorrows-europe-2007,veto_t1@historical-v1,q15b_1
tomorrows-europe-2007,veto_t1@historical-v1,q15c_1
tomorrows-europe-2007,veto_t1@historical-v1,q15d_1
tomorrows-europe-2007,age@te-05-v2,q36
tomorrows-europe-2007,knowledge_t2@historical-v1,t3q19
tomorrows-europe-2007,knowledge_t2@historical-v1,t3q20
tomorrows-europe-2007,knowledge_t2@historical-v1,t3q21
tomorrows-europe-2007,knowledge_t2@historical-v1,t3q22
tomorrows-europe-2007,knowledge_t2@historical-v1,t3q23
tomorrows-europe-2007,knowledge_t2@historical-v1,t3q24
tomorrows-europe-2007,knowledge_t2@historical-v1,t3q25
tomorrows-europe-2007,knowledge_t2@historical-v1,t3q26
tomorrows-europe-2007,knowledge_t2@historical-v1,t3q27
tomorrows-europe-2007,knowledge_t2@historical-v1,t3q36a
tomorrows-europe-2007,knowledge_t2@historical-v1,t3q36b
tomorrows-europe-2007,privatization_t1@historical-v1,q4_1
tomorrows-europe-2007,higher_education@poll-median-v1,q39
tomorrows-europe-2007,high_knowledge_joint@historical-v1,q16_1
tomorrows-europe-2007,high_knowledge_joint@historical-v1,q17_1
tomorrows-europe-2007,high_knowledge_joint@historical-v1,q18_1
tomorrows-europe-2007,high_knowledge_joint@historical-v1,q19_1
tomorrows-europe-2007,high_knowledge_joint@historical-v1,q20_1
tomorrows-europe-2007,high_knowledge_joint@historical-v1,q21_1
tomorrows-europe-2007,high_knowledge_joint@historical-v1,q22_1
tomorrows-europe-2007,high_knowledge_joint@historical-v1,q23_1
tomorrows-europe-2007,high_knowledge_joint@historical-v1,q24_1
tomorrows-europe-2007,high_knowledge_joint@historical-v1,q33a_1
tomorrows-europe-2007,high_knowledge_joint@historical-v1,q33b_1
tomorrows-europe-2007,high_knowledge_joint@historical-v1,t3q19
tomorrows-europe-2007,high_knowledge_joint@historical-v1,t3q20
tomorrows-europe-2007,high_knowledge_joint@historical-v1,t3q21
tomorrows-europe-2007,high_knowledge_joint@historical-v1,t3q22
tomorrows-europe-2007,high_knowledge_joint@historical-v1,t3q23
tomorrows-europe-2007,high_knowledge_joint@historical-v1,t3q24
tomorrows-europe-2007,high_knowledge_joint@historical-v1,t3q25
tomorrows-europe-2007,high_knowledge_joint@historical-v1,t3q26
tomorrows-europe-2007,high_knowledge_joint@historical-v1,t3q27
tomorrows-europe-2007,high_knowledge_joint@historical-v1,t3q36a
tomorrows-europe-2007,high_knowledge_joint@historical-v1,t3q36b
tomorrows-europe-2007,knowledge_joint@historical-v1,q16_1
tomorrows-europe-2007,knowledge_joint@historical-v1,q17_1
tomorrows-europe-2007,knowledge_joint@historical-v1,q18_1
tomorrows-europe-2007,knowledge_joint@historical-v1,q19_1
tomorrows-europe-2007,knowledge_joint@historical-v1,q20_1
tomorrows-europe-2007,knowledge_joint@historical-v1,q21_1
tomorrows-europe-2007,knowledge_joint@historical-v1,q22_1
tomorrows-europe-2007,knowledge_joint@historical-v1,q23_1
tomorrows-europe-2007,knowledge_joint@historical-v1,q24_1
tomorrows-europe-2007,knowledge_joint@historical-v1,q33a_1
tomorrows-europe-2007,knowledge_joint@historical-v1,q33b_1
tomorrows-europe-2007,knowledge_joint@historical-v1,t3q19
tomorrows-europe-2007,knowledge_joint@historical-v1,t3q20
tomorrows-europe-2007,knowledge_joint@historical-v1,t3q21
tomorrows-europe-2007,knowledge_joint@historical-v1,t3q22
tomorrows-europe-2007,knowledge_joint@historical-v1,t3q23
tomorrows-europe-2007,knowledge_joint@historical-v1,t3q24
tomorrows-europe-2007,knowledge_joint@historical-v1,t3q25
tomorrows-europe-2007,knowledge_joint@historical-v1,t3q26
tomorrows-europe-2007,knowledge_joint@historical-v1,t3q27
tomorrows-europe-2007,knowledge_joint@historical-v1,t3q36a
tomorrows-europe-2007,knowledge_joint@historical-v1,t3q36b
tomorrows-europe-2007,eu_membership_t2@historical-v1,t2q1
tomorrows-europe-2007,turkey_t1@historical-v1,q13b_1
btp-general-election-2004,age@historical-v1,ppage
btp-general-election-2004,attitude_extremity@historical-v1,raw_w4b42
btp-general-election-2004,attitude_extremity@historical-v1,raw_w4b45
btp-general-election-2004,attitude_extremity@historical-v1,raw_w4b48
btp-general-election-2004,attitude_extremity@historical-v1,raw_w4b51
btp-general-election-2004,attitude_extremity@historical-v1,raw_w4b54
btp-general-election-2004,attitude_extremity@historical-v1,raw_w4b57
btp-general-election-2004,education_four@historical-v1,ppeducat
btp-general-election-2004,education_three@historical-v1,ppeducat
btp-general-election-2004,female@historical-v1,ppgender
btp-general-election-2004,health_insurance_t1@historical-v1,raw_w4b54
btp-general-election-2004,health_insurance_t2@historical-v1,raw_w4f54
btp-general-election-2004,high_income@poll-median-v1,ppincimp
btp-general-election-2004,high_knowledge_joint@btpge-07-v2,w4b60
btp-general-election-2004,high_knowledge_joint@btpge-07-v2,w4b61
btp-general-election-2004,high_knowledge_joint@btpge-07-v2,w4b62
btp-general-election-2004,high_knowledge_joint@btpge-07-v2,w4b63
btp-general-election-2004,high_knowledge_joint@btpge-07-v2,w4b64
btp-general-election-2004,high_knowledge_joint@btpge-07-v2,w4b65
btp-general-election-2004,high_knowledge_joint@btpge-07-v2,w4b66
btp-general-election-2004,high_knowledge_joint@btpge-07-v2,w4b68
btp-general-election-2004,high_knowledge_joint@btpge-07-v2,w4b69
btp-general-election-2004,high_knowledge_joint@btpge-07-v2,w4f60
btp-general-election-2004,high_knowledge_joint@btpge-07-v2,w4f61
btp-general-election-2004,high_knowledge_joint@btpge-07-v2,w4f62
btp-general-election-2004,high_knowledge_joint@btpge-07-v2,w4f63
btp-general-election-2004,high_knowledge_joint@btpge-07-v2,w4f64
btp-general-election-2004,high_knowledge_joint@btpge-07-v2,w4f65
btp-general-election-2004,high_knowledge_joint@btpge-07-v2,w4f66
btp-general-election-2004,high_knowledge_joint@btpge-07-v2,w4f68
btp-general-election-2004,high_knowledge_joint@btpge-07-v2,w4f69
btp-general-election-2004,higher_education@poll-median-v1,ppeducat
btp-general-election-2004,household_income@historical-v1,ppincimp
btp-general-election-2004,knowledge_gain@btpge-07-v2,w4b60
btp-general-election-2004,knowledge_gain@btpge-07-v2,w4b61
btp-general-election-2004,knowledge_gain@btpge-07-v2,w4b62
btp-general-election-2004,knowledge_gain@btpge-07-v2,w4b63
btp-general-election-2004,knowledge_gain@btpge-07-v2,w4b64
btp-general-election-2004,knowledge_gain@btpge-07-v2,w4b65
btp-general-election-2004,knowledge_gain@btpge-07-v2,w4b66
btp-general-election-2004,knowledge_gain@btpge-07-v2,w4b68
btp-general-election-2004,knowledge_gain@btpge-07-v2,w4b69
btp-general-election-2004,knowledge_gain@btpge-07-v2,w4f60
btp-general-election-2004,knowledge_gain@btpge-07-v2,w4f61
btp-general-election-2004,knowledge_gain@btpge-07-v2,w4f62
btp-general-election-2004,knowledge_gain@btpge-07-v2,w4f63
btp-general-election-2004,knowledge_gain@btpge-07-v2,w4f64
btp-general-election-2004,knowledge_gain@btpge-07-v2,w4f65
btp-general-election-2004,knowledge_gain@btpge-07-v2,w4f66
btp-general-election-2004,knowledge_gain@btpge-07-v2,w4f68
btp-general-election-2004,knowledge_gain@btpge-07-v2,w4f69
btp-general-election-2004,knowledge_gain_joint@btpge-07-v2,w4b60
btp-general-election-2004,knowledge_gain_joint@btpge-07-v2,w4b61
btp-general-election-2004,knowledge_gain_joint@btpge-07-v2,w4b62
btp-general-election-2004,knowledge_gain_joint@btpge-07-v2,w4b63
btp-general-election-2004,knowledge_gain_joint@btpge-07-v2,w4b64
btp-general-election-2004,knowledge_gain_joint@btpge-07-v2,w4b65
btp-general-election-2004,knowledge_gain_joint@btpge-07-v2,w4b66
btp-general-election-2004,knowledge_gain_joint@btpge-07-v2,w4b68
btp-general-election-2004,knowledge_gain_joint@btpge-07-v2,w4b69
btp-general-election-2004,knowledge_gain_joint@btpge-07-v2,w4f60
btp-general-election-2004,knowledge_gain_joint@btpge-07-v2,w4f61
btp-general-election-2004,knowledge_gain_joint@btpge-07-v2,w4f62
btp-general-election-2004,knowledge_gain_joint@btpge-07-v2,w4f63
btp-general-election-2004,knowledge_gain_joint@btpge-07-v2,w4f64
btp-general-election-2004,knowledge_gain_joint@btpge-07-v2,w4f65
btp-general-election-2004,knowledge_gain_joint@btpge-07-v2,w4f66
btp-general-election-2004,knowledge_gain_joint@btpge-07-v2,w4f68
btp-general-election-2004,knowledge_gain_joint@btpge-07-v2,w4f69
btp-general-election-2004,knowledge_joint@btpge-07-v2,w4b60
btp-general-election-2004,knowledge_joint@btpge-07-v2,w4b61
btp-general-election-2004,knowledge_joint@btpge-07-v2,w4b62
btp-general-election-2004,knowledge_joint@btpge-07-v2,w4b63
btp-general-election-2004,knowledge_joint@btpge-07-v2,w4b64
btp-general-election-2004,knowledge_joint@btpge-07-v2,w4b65
btp-general-election-2004,knowledge_joint@btpge-07-v2,w4b66
btp-general-election-2004,knowledge_joint@btpge-07-v2,w4b68
btp-general-election-2004,knowledge_joint@btpge-07-v2,w4b69
btp-general-election-2004,knowledge_joint@btpge-07-v2,w4f60
btp-general-election-2004,knowledge_joint@btpge-07-v2,w4f61
btp-general-election-2004,knowledge_joint@btpge-07-v2,w4f62
btp-general-election-2004,knowledge_joint@btpge-07-v2,w4f63
btp-general-election-2004,knowledge_joint@btpge-07-v2,w4f64
btp-general-election-2004,knowledge_joint@btpge-07-v2,w4f65
btp-general-election-2004,knowledge_joint@btpge-07-v2,w4f66
btp-general-election-2004,knowledge_joint@btpge-07-v2,w4f68
btp-general-election-2004,knowledge_joint@btpge-07-v2,w4f69
btp-general-election-2004,knowledge_t1@btpge-07-v2,w4b60
btp-general-election-2004,knowledge_t1@btpge-07-v2,w4b61
btp-general-election-2004,knowledge_t1@btpge-07-v2,w4b62
btp-general-election-2004,knowledge_t1@btpge-07-v2,w4b63
btp-general-election-2004,knowledge_t1@btpge-07-v2,w4b64
btp-general-election-2004,knowledge_t1@btpge-07-v2,w4b65
btp-general-election-2004,knowledge_t1@btpge-07-v2,w4b66
btp-general-election-2004,knowledge_t1@btpge-07-v2,w4b68
btp-general-election-2004,knowledge_t1@btpge-07-v2,w4b69
btp-general-election-2004,knowledge_t2@btpge-07-v2,w4f60
btp-general-election-2004,knowledge_t2@btpge-07-v2,w4f61
btp-general-election-2004,knowledge_t2@btpge-07-v2,w4f62
btp-general-election-2004,knowledge_t2@btpge-07-v2,w4f63
btp-general-election-2004,knowledge_t2@btpge-07-v2,w4f64
btp-general-election-2004,knowledge_t2@btpge-07-v2,w4f65
btp-general-election-2004,knowledge_t2@btpge-07-v2,w4f66
btp-general-election-2004,knowledge_t2@btpge-07-v2,w4f68
btp-general-election-2004,knowledge_t2@btpge-07-v2,w4f69
btp-general-election-2004,log_knowledge_joint@btpge-07-v2,w4b60
btp-general-election-2004,log_knowledge_joint@btpge-07-v2,w4b61
btp-general-election-2004,log_knowledge_joint@btpge-07-v2,w4b62
btp-general-election-2004,log_knowledge_joint@btpge-07-v2,w4b63
btp-general-election-2004,log_knowledge_joint@btpge-07-v2,w4b64
btp-general-election-2004,log_knowledge_joint@btpge-07-v2,w4b65
btp-general-election-2004,log_knowledge_joint@btpge-07-v2,w4b66
btp-general-election-2004,log_knowledge_joint@btpge-07-v2,w4b68
btp-general-election-2004,log_knowledge_joint@btpge-07-v2,w4b69
btp-general-election-2004,log_knowledge_joint@btpge-07-v2,w4f60
btp-general-election-2004,log_knowledge_joint@btpge-07-v2,w4f61
btp-general-election-2004,log_knowledge_joint@btpge-07-v2,w4f62
btp-general-election-2004,log_knowledge_joint@btpge-07-v2,w4f63
btp-general-election-2004,log_knowledge_joint@btpge-07-v2,w4f64
btp-general-election-2004,log_knowledge_joint@btpge-07-v2,w4f65
btp-general-election-2004,log_knowledge_joint@btpge-07-v2,w4f66
btp-general-election-2004,log_knowledge_joint@btpge-07-v2,w4f68
btp-general-election-2004,log_knowledge_joint@btpge-07-v2,w4f69
btp-general-election-2004,marriage_t1@historical-v1,raw_w4b57
btp-general-election-2004,marriage_t2@historical-v1,raw_w4f57
btp-general-election-2004,military_t1@historical-v1,raw_w4b45
btp-general-election-2004,military_t2@historical-v1,raw_w4f45
btp-general-election-2004,minority@historical-v1,ppeth
btp-general-election-2004,rights_t1@historical-v1,raw_w4b51
btp-general-election-2004,rights_t2@historical-v1,raw_w4f51
btp-general-election-2004,services_t1@historical-v1,raw_w4b42
btp-general-election-2004,services_t2@historical-v1,raw_w4f42
btp-general-election-2004,trade_t1@historical-v1,raw_w4b48
btp-general-election-2004,trade_t2@historical-v1,raw_w4f48
btp-health-education-2005,age@historical-v1,birthyr
btp-health-education-2005,attitude_extremity@historical-v1,q12
btp-health-education-2005,attitude_extremity@historical-v1,q19_a
btp-health-education-2005,attitude_extremity@historical-v1,q19_b
btp-health-education-2005,attitude_extremity@historical-v1,q19_c
btp-health-education-2005,attitude_extremity@historical-v1,q19_d
btp-health-education-2005,attitude_extremity@historical-v1,q19_e
btp-health-education-2005,attitude_extremity@historical-v1,q19_f
btp-health-education-2005,attitude_extremity@historical-v1,q23
btp-health-education-2005,attitude_extremity@historical-v1,q24a
btp-health-education-2005,attitude_extremity@historical-v1,q24b
btp-health-education-2005,attitude_extremity@historical-v1,q24c
btp-health-education-2005,attitude_extremity@historical-v1,q24f
btp-health-education-2005,attitude_extremity@historical-v1,q3
btp-health-education-2005,attitude_extremity@historical-v1,q4
btp-health-education-2005,attitude_extremity@historical-v1,q5
btp-health-education-2005,attitude_extremity@historical-v1,q6
btp-health-education-2005,attitude_extremity@historical-v1,q7_a
btp-health-education-2005,attitude_extremity@historical-v1,q7_b
btp-health-education-2005,attitude_extremity@historical-v1,q7_c
btp-health-education-2005,attitude_extremity@historical-v1,q7_d
btp-health-education-2005,attitude_extremity@historical-v1,q7_e
btp-health-education-2005,attitude_extremity@historical-v1,q7_f
btp-health-education-2005,attitude_extremity@historical-v1,q8_f
btp-health-education-2005,cost_coverage_t1@historical-v1,q19_a
btp-health-education-2005,cost_coverage_t1@historical-v1,q19_b
btp-health-education-2005,cost_coverage_t1@historical-v1,q19_c
btp-health-education-2005,cost_coverage_t1@historical-v1,q23
btp-health-education-2005,cost_coverage_t2@historical-v1,q19post
btp-health-education-2005,cost_coverage_t2@historical-v1,q19pos_a
btp-health-education-2005,cost_coverage_t2@historical-v1,q19pos_b
btp-health-education-2005,cost_coverage_t2@historical-v1,q23post
btp-health-education-2005,education_four@historical-v1,educ
btp-health-education-2005,education_three@historical-v1,educ
btp-health-education-2005,employer_payment_t1@historical-v1,q24b
btp-health-education-2005,employer_payment_t2@historical-v1,q24bpost
btp-health-education-2005,female@btphe-01-v2,gender
btp-health-education-2005,government_involvement_t1@historical-v1,q24a
btp-health-education-2005,government_involvement_t1@historical-v1,q24f
btp-health-education-2005,government_involvement_t2@historical-v1,q24apost
btp-health-education-2005,government_involvement_t2@historical-v1,q24fpost
btp-health-education-2005,high_knowledge_joint@btphe-04-v2,q15
btp-health-education-2005,high_knowledge_joint@btphe-04-v2,q16
btp-health-education-2005,high_knowledge_joint@btphe-04-v2,q17
btp-health-education-2005,high_knowledge_joint@btphe-04-v2,q26
btp-health-education-2005,high_knowledge_joint@btphe-04-v2,q27
btp-health-education-2005,high_knowledge_joint@btphe-04-v2,q28
btp-health-education-2005,high_knowledge_joint@btphe-04-v2,q15post
btp-health-education-2005,high_knowledge_joint@btphe-04-v2,q16post
btp-health-education-2005,high_knowledge_joint@btphe-04-v2,q17post
btp-health-education-2005,high_knowledge_joint@btphe-04-v2,q26post
btp-health-education-2005,high_knowledge_joint@btphe-04-v2,q27post
btp-health-education-2005,high_knowledge_joint@btphe-04-v2,q28post
btp-health-education-2005,higher_education@poll-median-v1,educ
btp-health-education-2005,individual_payment_t1@historical-v1,q24c
btp-health-education-2005,individual_payment_t2@historical-v1,q24cpost
btp-health-education-2005,knowledge_gain@btphe-04-v2,q15
btp-health-education-2005,knowledge_gain@btphe-04-v2,q16
btp-health-education-2005,knowledge_gain@btphe-04-v2,q17
btp-health-education-2005,knowledge_gain@btphe-04-v2,q26
btp-health-education-2005,knowledge_gain@btphe-04-v2,q27
btp-health-education-2005,knowledge_gain@btphe-04-v2,q28
btp-health-education-2005,knowledge_gain@btphe-04-v2,q15post
btp-health-education-2005,knowledge_gain@btphe-04-v2,q16post
btp-health-education-2005,knowledge_gain@btphe-04-v2,q17post
btp-health-education-2005,knowledge_gain@btphe-04-v2,q26post
btp-health-education-2005,knowledge_gain@btphe-04-v2,q27post
btp-health-education-2005,knowledge_gain@btphe-04-v2,q28post
btp-health-education-2005,knowledge_gain_joint@btphe-04-v2,q15
btp-health-education-2005,knowledge_gain_joint@btphe-04-v2,q16
btp-health-education-2005,knowledge_gain_joint@btphe-04-v2,q17
btp-health-education-2005,knowledge_gain_joint@btphe-04-v2,q26
btp-health-education-2005,knowledge_gain_joint@btphe-04-v2,q27
btp-health-education-2005,knowledge_gain_joint@btphe-04-v2,q28
btp-health-education-2005,knowledge_gain_joint@btphe-04-v2,q15post
btp-health-education-2005,knowledge_gain_joint@btphe-04-v2,q16post
btp-health-education-2005,knowledge_gain_joint@btphe-04-v2,q17post
btp-health-education-2005,knowledge_gain_joint@btphe-04-v2,q26post
btp-health-education-2005,knowledge_gain_joint@btphe-04-v2,q27post
btp-health-education-2005,knowledge_gain_joint@btphe-04-v2,q28post
btp-health-education-2005,knowledge_joint@btphe-04-v2,q15
btp-health-education-2005,knowledge_joint@btphe-04-v2,q16
btp-health-education-2005,knowledge_joint@btphe-04-v2,q17
btp-health-education-2005,knowledge_joint@btphe-04-v2,q26
btp-health-education-2005,knowledge_joint@btphe-04-v2,q27
btp-health-education-2005,knowledge_joint@btphe-04-v2,q28
btp-health-education-2005,knowledge_joint@btphe-04-v2,q15post
btp-health-education-2005,knowledge_joint@btphe-04-v2,q16post
btp-health-education-2005,knowledge_joint@btphe-04-v2,q17post
btp-health-education-2005,knowledge_joint@btphe-04-v2,q26post
btp-health-education-2005,knowledge_joint@btphe-04-v2,q27post
btp-health-education-2005,knowledge_joint@btphe-04-v2,q28post
btp-health-education-2005,knowledge_t1@btphe-04-v2,q15
btp-health-education-2005,knowledge_t1@btphe-04-v2,q16
btp-health-education-2005,knowledge_t1@btphe-04-v2,q17
btp-health-education-2005,knowledge_t1@btphe-04-v2,q26
btp-health-education-2005,knowledge_t1@btphe-04-v2,q27
btp-health-education-2005,knowledge_t1@btphe-04-v2,q28
btp-health-education-2005,knowledge_t2@btphe-04-v2,q15post
btp-health-education-2005,knowledge_t2@btphe-04-v2,q16post
btp-health-education-2005,knowledge_t2@btphe-04-v2,q17post
btp-health-education-2005,knowledge_t2@btphe-04-v2,q26post
btp-health-education-2005,knowledge_t2@btphe-04-v2,q27post
btp-health-education-2005,knowledge_t2@btphe-04-v2,q28post
btp-health-education-2005,local_testing_t1@historical-v1,q6
btp-health-education-2005,local_testing_t2@historical-v1,q6post
btp-health-education-2005,log_knowledge_joint@btphe-04-v2,q15
btp-health-education-2005,log_knowledge_joint@btphe-04-v2,q16
btp-health-education-2005,log_knowledge_joint@btphe-04-v2,q17
btp-health-education-2005,log_knowledge_joint@btphe-04-v2,q26
btp-health-education-2005,log_knowledge_joint@btphe-04-v2,q27
btp-health-education-2005,log_knowledge_joint@btphe-04-v2,q28
btp-health-education-2005,log_knowledge_joint@btphe-04-v2,q15post
btp-health-education-2005,log_knowledge_joint@btphe-04-v2,q16post
btp-health-education-2005,log_knowledge_joint@btphe-04-v2,q17post
btp-health-education-2005,log_knowledge_joint@btphe-04-v2,q26post
btp-health-education-2005,log_knowledge_joint@btphe-04-v2,q27post
btp-health-education-2005,log_knowledge_joint@btphe-04-v2,q28post
btp-health-education-2005,medical_quality_t1@historical-v1,q19_d
btp-health-education-2005,medical_quality_t1@historical-v1,q19_e
btp-health-education-2005,medical_quality_t1@historical-v1,q19_f
btp-health-education-2005,medical_quality_t2@historical-v1,q19pos_c
btp-health-education-2005,medical_quality_t2@historical-v1,q19pos_d
btp-health-education-2005,medical_quality_t2@historical-v1,q19pos_e
btp-health-education-2005,minority@historical-v1,race
btp-health-education-2005,no_child_left_behind_t1@historical-v1,q12
btp-health-education-2005,no_child_left_behind_t2@historical-v1,q12post
btp-health-education-2005,reform_t1@historical-v1,q3
btp-health-education-2005,reform_t2@historical-v1,q3post
btp-health-education-2005,school_choice_t1@historical-v1,q7_a
btp-health-education-2005,school_choice_t1@historical-v1,q7_b
btp-health-education-2005,school_choice_t2@historical-v1,q7post_a
btp-health-education-2005,school_choice_t2@historical-v1,q7post_b
btp-health-education-2005,school_funding_t1@historical-v1,q7_c
btp-health-education-2005,school_funding_t1@historical-v1,q7_d
btp-health-education-2005,school_funding_t1@historical-v1,q7_e
btp-health-education-2005,school_funding_t1@historical-v1,q7_f
btp-health-education-2005,school_funding_t1@historical-v1,q8_f
btp-health-education-2005,school_funding_t2@historical-v1,q7post_c
btp-health-education-2005,school_funding_t2@historical-v1,q7post_d
btp-health-education-2005,school_funding_t2@historical-v1,q7post_e
btp-health-education-2005,school_funding_t2@historical-v1,q7post_f
btp-health-education-2005,school_funding_t2@historical-v1,q8post_f
btp-health-education-2005,standardized_testing_t1@historical-v1,q4
btp-health-education-2005,standardized_testing_t1@historical-v1,q5
btp-health-education-2005,standardized_testing_t2@historical-v1,q4post
btp-health-education-2005,standardized_testing_t2@historical-v1,q5post_m
san-mateo-2008,age@historical-v1,Q129
san-mateo-2008,attitude_extremity@historical-v1,Q1
san-mateo-2008,attitude_extremity@historical-v1,Q2
san-mateo-2008,attitude_extremity@historical-v1,Q3
san-mateo-2008,attitude_extremity@historical-v1,Q4
san-mateo-2008,attitude_extremity@historical-v1,Q7
san-mateo-2008,attitude_extremity@historical-v1,Q8
san-mateo-2008,attitude_extremity@historical-v1,Q9
san-mateo-2008,below_market_housing_t1@historical-v1,Q4
san-mateo-2008,below_market_housing_t2@historical-v1,t2Q4
san-mateo-2008,county_local_t1@historical-v1,Q8
san-mateo-2008,county_local_t2@historical-v1,t2Q8
san-mateo-2008,education_four@historical-v1,Q128
san-mateo-2008,education_three@historical-v1,Q128
san-mateo-2008,female@historical-v1,Q135
san-mateo-2008,high_income@poll-median-v1,Q131
san-mateo-2008,high_knowledge_joint@historical-v1,Q19
san-mateo-2008,high_knowledge_joint@historical-v1,Q20
san-mateo-2008,high_knowledge_joint@historical-v1,Q21
san-mateo-2008,high_knowledge_joint@historical-v1,Q22
san-mateo-2008,high_knowledge_joint@historical-v1,Q23
san-mateo-2008,high_knowledge_joint@historical-v1,Q24
san-mateo-2008,high_knowledge_joint@historical-v1,Q25
san-mateo-2008,high_knowledge_joint@historical-v1,Q26
san-mateo-2008,high_knowledge_joint@historical-v1,t2Q19
san-mateo-2008,high_knowledge_joint@historical-v1,t2Q20
san-mateo-2008,high_knowledge_joint@historical-v1,t2Q21
san-mateo-2008,high_knowledge_joint@historical-v1,t2Q22
san-mateo-2008,high_knowledge_joint@historical-v1,t2Q23
san-mateo-2008,high_knowledge_joint@historical-v1,t2Q24
san-mateo-2008,high_knowledge_joint@historical-v1,t2Q25
san-mateo-2008,high_knowledge_joint@historical-v1,t2Q26
san-mateo-2008,higher_education@poll-median-v1,Q128
san-mateo-2008,household_income@historical-v1,Q131
san-mateo-2008,knowledge_gain@historical-v1,Q19
san-mateo-2008,knowledge_gain@historical-v1,Q20
san-mateo-2008,knowledge_gain@historical-v1,Q21
san-mateo-2008,knowledge_gain@historical-v1,Q22
san-mateo-2008,knowledge_gain@historical-v1,Q23
san-mateo-2008,knowledge_gain@historical-v1,Q24
san-mateo-2008,knowledge_gain@historical-v1,Q25
san-mateo-2008,knowledge_gain@historical-v1,Q26
san-mateo-2008,knowledge_gain@historical-v1,t2Q19
san-mateo-2008,knowledge_gain@historical-v1,t2Q20
san-mateo-2008,knowledge_gain@historical-v1,t2Q21
san-mateo-2008,knowledge_gain@historical-v1,t2Q22
san-mateo-2008,knowledge_gain@historical-v1,t2Q23
san-mateo-2008,knowledge_gain@historical-v1,t2Q24
san-mateo-2008,knowledge_gain@historical-v1,t2Q25
san-mateo-2008,knowledge_gain@historical-v1,t2Q26
san-mateo-2008,knowledge_gain_joint@historical-v1,Q19
san-mateo-2008,knowledge_gain_joint@historical-v1,Q20
san-mateo-2008,knowledge_gain_joint@historical-v1,Q21
san-mateo-2008,knowledge_gain_joint@historical-v1,Q22
san-mateo-2008,knowledge_gain_joint@historical-v1,Q23
san-mateo-2008,knowledge_gain_joint@historical-v1,Q24
san-mateo-2008,knowledge_gain_joint@historical-v1,Q25
san-mateo-2008,knowledge_gain_joint@historical-v1,Q26
san-mateo-2008,knowledge_gain_joint@historical-v1,t2Q19
san-mateo-2008,knowledge_gain_joint@historical-v1,t2Q20
san-mateo-2008,knowledge_gain_joint@historical-v1,t2Q21
san-mateo-2008,knowledge_gain_joint@historical-v1,t2Q22
san-mateo-2008,knowledge_gain_joint@historical-v1,t2Q23
san-mateo-2008,knowledge_gain_joint@historical-v1,t2Q24
san-mateo-2008,knowledge_gain_joint@historical-v1,t2Q25
san-mateo-2008,knowledge_gain_joint@historical-v1,t2Q26
san-mateo-2008,knowledge_joint@historical-v1,Q19
san-mateo-2008,knowledge_joint@historical-v1,Q20
san-mateo-2008,knowledge_joint@historical-v1,Q21
san-mateo-2008,knowledge_joint@historical-v1,Q22
san-mateo-2008,knowledge_joint@historical-v1,Q23
san-mateo-2008,knowledge_joint@historical-v1,Q24
san-mateo-2008,knowledge_joint@historical-v1,Q25
san-mateo-2008,knowledge_joint@historical-v1,Q26
san-mateo-2008,knowledge_joint@historical-v1,t2Q19
san-mateo-2008,knowledge_joint@historical-v1,t2Q20
san-mateo-2008,knowledge_joint@historical-v1,t2Q21
san-mateo-2008,knowledge_joint@historical-v1,t2Q22
san-mateo-2008,knowledge_joint@historical-v1,t2Q23
san-mateo-2008,knowledge_joint@historical-v1,t2Q24
san-mateo-2008,knowledge_joint@historical-v1,t2Q25
san-mateo-2008,knowledge_joint@historical-v1,t2Q26
san-mateo-2008,knowledge_t1@historical-v1,Q19
san-mateo-2008,knowledge_t1@historical-v1,Q20
san-mateo-2008,knowledge_t1@historical-v1,Q21
san-mateo-2008,knowledge_t1@historical-v1,Q22
san-mateo-2008,knowledge_t1@historical-v1,Q23
san-mateo-2008,knowledge_t1@historical-v1,Q24
san-mateo-2008,knowledge_t1@historical-v1,Q25
san-mateo-2008,knowledge_t1@historical-v1,Q26
san-mateo-2008,knowledge_t2@historical-v1,t2Q19
san-mateo-2008,knowledge_t2@historical-v1,t2Q20
san-mateo-2008,knowledge_t2@historical-v1,t2Q21
san-mateo-2008,knowledge_t2@historical-v1,t2Q22
san-mateo-2008,knowledge_t2@historical-v1,t2Q23
san-mateo-2008,knowledge_t2@historical-v1,t2Q24
san-mateo-2008,knowledge_t2@historical-v1,t2Q25
san-mateo-2008,knowledge_t2@historical-v1,t2Q26
san-mateo-2008,log_knowledge_joint@historical-v1,Q19
san-mateo-2008,log_knowledge_joint@historical-v1,Q20
san-mateo-2008,log_knowledge_joint@historical-v1,Q21
san-mateo-2008,log_knowledge_joint@historical-v1,Q22
san-mateo-2008,log_knowledge_joint@historical-v1,Q23
san-mateo-2008,log_knowledge_joint@historical-v1,Q24
san-mateo-2008,log_knowledge_joint@historical-v1,Q25
san-mateo-2008,log_knowledge_joint@historical-v1,Q26
san-mateo-2008,log_knowledge_joint@historical-v1,t2Q19
san-mateo-2008,log_knowledge_joint@historical-v1,t2Q20
san-mateo-2008,log_knowledge_joint@historical-v1,t2Q21
san-mateo-2008,log_knowledge_joint@historical-v1,t2Q22
san-mateo-2008,log_knowledge_joint@historical-v1,t2Q23
san-mateo-2008,log_knowledge_joint@historical-v1,t2Q24
san-mateo-2008,log_knowledge_joint@historical-v1,t2Q25
san-mateo-2008,log_knowledge_joint@historical-v1,t2Q26
san-mateo-2008,minority@historical-v1,Q132
san-mateo-2008,more_housing_t1@historical-v1,Q1
san-mateo-2008,more_housing_t2@historical-v1,t2Q1
san-mateo-2008,open_space_t1@historical-v1,Q2
san-mateo-2008,open_space_t2@historical-v1,t2Q2
san-mateo-2008,read_briefing@historical-v1,t2q37
san-mateo-2008,less_commuting_t1@historical-v1,Q3
san-mateo-2008,less_commuting_t2@historical-v1,t2Q3
san-mateo-2008,consultation_t1@historical-v1,Q7
san-mateo-2008,consultation_t2@historical-v1,t2Q7
san-mateo-2008,county_state_t1@historical-v1,Q9
san-mateo-2008,county_state_t2@historical-v1,t2Q9
nic2-2003,knowledge_gain@historical-v1,wrm3_b
nic2-2003,knowledge_gain@historical-v1,wrm3_c
nic2-2003,knowledge_gain@historical-v1,aid3
nic2-2003,knowledge_gain@historical-v1,wrm5
nic2-2003,knowledge_gain@historical-v1,kno1_a
nic2-2003,knowledge_gain@historical-v1,kno1_b
nic2-2003,knowledge_gain@historical-v1,kno2_a
nic2-2003,knowledge_gain@historical-v1,kno2_b
nic2-2003,knowledge_gain@historical-v1,kno3_a
nic2-2003,knowledge_gain@historical-v1,kno3_b
nic2-2003,knowledge_gain@historical-v1,wrm1_b
nic2-2003,knowledge_gain@historical-v1,qwrm3_b
nic2-2003,knowledge_gain@historical-v1,qwrm3_c
nic2-2003,knowledge_gain@historical-v1,qaid3
nic2-2003,knowledge_gain@historical-v1,qwrm5
nic2-2003,knowledge_gain@historical-v1,qkno1_a
nic2-2003,knowledge_gain@historical-v1,qkno1_b
nic2-2003,knowledge_gain@historical-v1,qkno2_a
nic2-2003,knowledge_gain@historical-v1,qkno2_b
nic2-2003,knowledge_gain@historical-v1,qkno3_a
nic2-2003,knowledge_gain@historical-v1,qkno3_b
nic2-2003,knowledge_gain@historical-v1,qwrm1_b
nic2-2003,trade_t1@historical-v1,trd2
nic2-2003,environment_t2@historical-v1,qfp2a_a
nic2-2003,environment_t2@historical-v1,qwrm2a_s
nic2-2003,environment_t2@historical-v1,qwrm2b_s
nic2-2003,environment_t2@historical-v1,qwrm3_a
nic2-2003,multilateralism_t1@historical-v1,fp4b_b
nic2-2003,multilateralism_t1@historical-v1,wrm4a_s
nic2-2003,multilateralism_t1@historical-v1,mact1_s
nic2-2003,multilateralism_t1@historical-v1,mact4_s
nic2-2003,multilateralism_t1@historical-v1,mact2_s
nic2-2003,multilateralism_t1@historical-v1,mact5_s
nic2-2003,multilateralism_t1@historical-v1,int1b_c
nic2-2003,multilateralism_t1@historical-v1,int2a
nic2-2003,multilateralism_t1@historical-v1,int2b
nic2-2003,multilateralism_t1@historical-v1,trd1_a
nic2-2003,internationalism_t2@historical-v1,qfp3a_s
nic2-2003,age@historical-v1,ppage
nic2-2003,knowledge_gain_joint@historical-v1,wrm3_b
nic2-2003,knowledge_gain_joint@historical-v1,wrm3_c
nic2-2003,knowledge_gain_joint@historical-v1,aid3
nic2-2003,knowledge_gain_joint@historical-v1,wrm5
nic2-2003,knowledge_gain_joint@historical-v1,kno1_a
nic2-2003,knowledge_gain_joint@historical-v1,kno1_b
nic2-2003,knowledge_gain_joint@historical-v1,kno2_a
nic2-2003,knowledge_gain_joint@historical-v1,kno2_b
nic2-2003,knowledge_gain_joint@historical-v1,kno3_a
nic2-2003,knowledge_gain_joint@historical-v1,kno3_b
nic2-2003,knowledge_gain_joint@historical-v1,wrm1_b
nic2-2003,knowledge_gain_joint@historical-v1,qwrm3_b
nic2-2003,knowledge_gain_joint@historical-v1,qwrm3_c
nic2-2003,knowledge_gain_joint@historical-v1,qaid3
nic2-2003,knowledge_gain_joint@historical-v1,qwrm5
nic2-2003,knowledge_gain_joint@historical-v1,qkno1_a
nic2-2003,knowledge_gain_joint@historical-v1,qkno1_b
nic2-2003,knowledge_gain_joint@historical-v1,qkno2_a
nic2-2003,knowledge_gain_joint@historical-v1,qkno2_b
nic2-2003,knowledge_gain_joint@historical-v1,qkno3_a
nic2-2003,knowledge_gain_joint@historical-v1,qkno3_b
nic2-2003,knowledge_gain_joint@historical-v1,qwrm1_b
nic2-2003,security_t2@historical-v1,qfp2b_a
nic2-2003,security_t2@historical-v1,qfp2b_c
nic2-2003,security_t2@historical-v1,qfp2c_a
nic2-2003,security_t2@historical-v1,qaid2a_b
nic2-2003,security_t2@historical-v1,qint1a_a
nic2-2003,security_t2@historical-v1,qint1a_b
nic2-2003,security_t2@historical-v1,qint1b_c
nic2-2003,security_t2@historical-v1,qint1b_d
nic2-2003,foreign_aid_t2@historical-v1,qaid1
nic2-2003,household_income@historical-v1,isum
nic2-2003,security_t1@historical-v1,fp2b_a
nic2-2003,security_t1@historical-v1,fp2b_c
nic2-2003,security_t1@historical-v1,fp2c_a
nic2-2003,security_t1@historical-v1,aid2a_b
nic2-2003,security_t1@historical-v1,int1a_a
nic2-2003,security_t1@historical-v1,int1a_b
nic2-2003,security_t1@historical-v1,int1b_c
nic2-2003,security_t1@historical-v1,int1b_d
nic2-2003,knowledge_t1@historical-v1,wrm3_b
nic2-2003,knowledge_t1@historical-v1,wrm3_c
nic2-2003,knowledge_t1@historical-v1,aid3
nic2-2003,knowledge_t1@historical-v1,wrm5
nic2-2003,knowledge_t1@historical-v1,kno1_a
nic2-2003,knowledge_t1@historical-v1,kno1_b
nic2-2003,knowledge_t1@historical-v1,kno2_a
nic2-2003,knowledge_t1@historical-v1,kno2_b
nic2-2003,knowledge_t1@historical-v1,kno3_a
nic2-2003,knowledge_t1@historical-v1,kno3_b
nic2-2003,knowledge_t1@historical-v1,wrm1_b
nic2-2003,knowledge_joint@historical-v1,wrm3_b
nic2-2003,knowledge_joint@historical-v1,wrm3_c
nic2-2003,knowledge_joint@historical-v1,aid3
nic2-2003,knowledge_joint@historical-v1,wrm5
nic2-2003,knowledge_joint@historical-v1,kno1_a
nic2-2003,knowledge_joint@historical-v1,kno1_b
nic2-2003,knowledge_joint@historical-v1,kno2_a
nic2-2003,knowledge_joint@historical-v1,kno2_b
nic2-2003,knowledge_joint@historical-v1,kno3_a
nic2-2003,knowledge_joint@historical-v1,kno3_b
nic2-2003,knowledge_joint@historical-v1,wrm1_b
nic2-2003,knowledge_joint@historical-v1,qwrm3_b
nic2-2003,knowledge_joint@historical-v1,qwrm3_c
nic2-2003,knowledge_joint@historical-v1,qaid3
nic2-2003,knowledge_joint@historical-v1,qwrm5
nic2-2003,knowledge_joint@historical-v1,qkno1_a
nic2-2003,knowledge_joint@historical-v1,qkno1_b
nic2-2003,knowledge_joint@historical-v1,qkno2_a
nic2-2003,knowledge_joint@historical-v1,qkno2_b
nic2-2003,knowledge_joint@historical-v1,qkno3_a
nic2-2003,knowledge_joint@historical-v1,qkno3_b
nic2-2003,knowledge_joint@historical-v1,qwrm1_b
nic2-2003,political_interest_t1@historical-v1,pint_b
nic2-2003,knowledge_t2@historical-v1,qwrm3_b
nic2-2003,knowledge_t2@historical-v1,qwrm3_c
nic2-2003,knowledge_t2@historical-v1,qaid3
nic2-2003,knowledge_t2@historical-v1,qwrm5
nic2-2003,knowledge_t2@historical-v1,qkno1_a
nic2-2003,knowledge_t2@historical-v1,qkno1_b
nic2-2003,knowledge_t2@historical-v1,qkno2_a
nic2-2003,knowledge_t2@historical-v1,qkno2_b
nic2-2003,knowledge_t2@historical-v1,qkno3_a
nic2-2003,knowledge_t2@historical-v1,qkno3_b
nic2-2003,knowledge_t2@historical-v1,qwrm1_b
nic2-2003,high_knowledge_joint@historical-v1,wrm3_b
nic2-2003,high_knowledge_joint@historical-v1,wrm3_c
nic2-2003,high_knowledge_joint@historical-v1,aid3
nic2-2003,high_knowledge_joint@historical-v1,wrm5
nic2-2003,high_knowledge_joint@historical-v1,kno1_a
nic2-2003,high_knowledge_joint@historical-v1,kno1_b
nic2-2003,high_knowledge_joint@historical-v1,kno2_a
nic2-2003,high_knowledge_joint@historical-v1,kno2_b
nic2-2003,high_knowledge_joint@historical-v1,kno3_a
nic2-2003,high_knowledge_joint@historical-v1,kno3_b
nic2-2003,high_knowledge_joint@historical-v1,wrm1_b
nic2-2003,high_knowledge_joint@historical-v1,qwrm3_b
nic2-2003,high_knowledge_joint@historical-v1,qwrm3_c
nic2-2003,high_knowledge_joint@historical-v1,qaid3
nic2-2003,high_knowledge_joint@historical-v1,qwrm5
nic2-2003,high_knowledge_joint@historical-v1,qkno1_a
nic2-2003,high_knowledge_joint@historical-v1,qkno1_b
nic2-2003,high_knowledge_joint@historical-v1,qkno2_a
nic2-2003,high_knowledge_joint@historical-v1,qkno2_b
nic2-2003,high_knowledge_joint@historical-v1,qkno3_a
nic2-2003,high_knowledge_joint@historical-v1,qkno3_b
nic2-2003,high_knowledge_joint@historical-v1,qwrm1_b
nic2-2003,education_four@historical-v1,educ_a
nic2-2003,education_four@historical-v1,educ_b
nic2-2003,read_briefing@historical-v1,eval5
nic2-2003,human_rights_t1@historical-v1,fp2c_b
nic2-2003,internationalism_t1@historical-v1,fp3a_s
nic2-2003,global_altruism_t1@historical-v1,fp2b_d
nic2-2003,global_altruism_t1@historical-v1,fp2c_d
nic2-2003,global_altruism_t1@historical-v1,aid2b_a
nic2-2003,global_altruism_t1@historical-v1,aid2b_b
nic2-2003,global_altruism_t1@historical-v1,fp4a_a
nic2-2003,global_altruism_t1@historical-v1,int1a_b
nic2-2003,global_altruism_t1@historical-v1,pair1_a
nic2-2003,global_altruism_t1@historical-v1,pair1_b
nic2-2003,global_altruism_t1@historical-v1,pair2_a
nic2-2003,global_altruism_t1@historical-v1,pair2_b
nic2-2003,democracy_t1@historical-v1,pair3_a
nic2-2003,democracy_t1@historical-v1,pair3_b
nic2-2003,democracy_t1@historical-v1,pdem1_a
nic2-2003,democracy_t1@historical-v1,pdem1_b
nic2-2003,democracy_t1@historical-v1,pdem1_c
nic2-2003,democracy_t1@historical-v1,pdem2_a
nic2-2003,democracy_t1@historical-v1,pdem2_b
nic2-2003,democracy_t1@historical-v1,pdem2_c
nic2-2003,democracy_t1@historical-v1,aid2a_c
nic2-2003,higher_education@poll-median-v1,educ_a
nic2-2003,higher_education@poll-median-v1,educ_b
nic2-2003,foreign_aid_t1@historical-v1,aid1
nic2-2003,human_rights_t2@historical-v1,qfp2c_b
nic2-2003,education_three@historical-v1,educ_a
nic2-2003,education_three@historical-v1,educ_b
nic2-2003,trade_t2@historical-v1,qtrd2
nic2-2003,democracy_t2@historical-v1,qpair3_a
nic2-2003,democracy_t2@historical-v1,qpair3_b
nic2-2003,democracy_t2@historical-v1,qpdem1_a
nic2-2003,democracy_t2@historical-v1,qpdem1_b
nic2-2003,democracy_t2@historical-v1,qpdem1_c
nic2-2003,democracy_t2@historical-v1,qpdem2_a
nic2-2003,democracy_t2@historical-v1,qpdem2_b
nic2-2003,democracy_t2@historical-v1,qpdem2_c
nic2-2003,democracy_t2@historical-v1,qaid2a_c
nic2-2003,attitude_extremity@historical-v1,fp2a_a
nic2-2003,attitude_extremity@historical-v1,wrm2a_s
nic2-2003,attitude_extremity@historical-v1,wrm2b_s
nic2-2003,attitude_extremity@historical-v1,wrm3_a
nic2-2003,attitude_extremity@historical-v1,fp2b_a
nic2-2003,attitude_extremity@historical-v1,fp2b_c
nic2-2003,attitude_extremity@historical-v1,fp2c_a
nic2-2003,attitude_extremity@historical-v1,aid2a_b
nic2-2003,attitude_extremity@historical-v1,int1a_a
nic2-2003,attitude_extremity@historical-v1,int1a_b
nic2-2003,attitude_extremity@historical-v1,int1b_c
nic2-2003,attitude_extremity@historical-v1,int1b_d
nic2-2003,attitude_extremity@historical-v1,fp2c_b
nic2-2003,attitude_extremity@historical-v1,pair3_a
nic2-2003,attitude_extremity@historical-v1,pair3_b
nic2-2003,attitude_extremity@historical-v1,pdem1_a
nic2-2003,attitude_extremity@historical-v1,pdem1_b
nic2-2003,attitude_extremity@historical-v1,pdem1_c
nic2-2003,attitude_extremity@historical-v1,pdem2_a
nic2-2003,attitude_extremity@historical-v1,pdem2_b
nic2-2003,attitude_extremity@historical-v1,pdem2_c
nic2-2003,attitude_extremity@historical-v1,aid2a_c
nic2-2003,attitude_extremity@historical-v1,fp4b_b
nic2-2003,attitude_extremity@historical-v1,wrm4a_s
nic2-2003,attitude_extremity@historical-v1,mact1_s
nic2-2003,attitude_extremity@historical-v1,mact4_s
nic2-2003,attitude_extremity@historical-v1,mact2_s
nic2-2003,attitude_extremity@historical-v1,mact5_s
nic2-2003,attitude_extremity@historical-v1,int2a
nic2-2003,attitude_extremity@historical-v1,int2b
nic2-2003,attitude_extremity@historical-v1,trd1_a
nic2-2003,attitude_extremity@historical-v1,fp3a_s
nic2-2003,attitude_extremity@historical-v1,aid1
nic2-2003,attitude_extremity@historical-v1,fp2b_d
nic2-2003,attitude_extremity@historical-v1,fp2c_d
nic2-2003,attitude_extremity@historical-v1,aid2b_a
nic2-2003,attitude_extremity@historical-v1,aid2b_b
nic2-2003,attitude_extremity@historical-v1,fp4a_a
nic2-2003,attitude_extremity@historical-v1,pair1_a
nic2-2003,attitude_extremity@historical-v1,pair1_b
nic2-2003,attitude_extremity@historical-v1,pair2_a
nic2-2003,attitude_extremity@historical-v1,pair2_b
nic2-2003,attitude_extremity@historical-v1,trd2
nic2-2003,high_income@poll-median-v1,isum
nic2-2003,environment_t1@historical-v1,fp2a_a
nic2-2003,environment_t1@historical-v1,wrm2a_s
nic2-2003,environment_t1@historical-v1,wrm2b_s
nic2-2003,environment_t1@historical-v1,wrm3_a
nic2-2003,multilateralism_t2@historical-v1,qfp4b_b
nic2-2003,multilateralism_t2@historical-v1,qwrm4a_s
nic2-2003,multilateralism_t2@historical-v1,qmact1_s
nic2-2003,multilateralism_t2@historical-v1,qmact4_s
nic2-2003,multilateralism_t2@historical-v1,qmact2_s
nic2-2003,multilateralism_t2@historical-v1,qmact5_s
nic2-2003,multilateralism_t2@historical-v1,qint1b_c
nic2-2003,multilateralism_t2@historical-v1,qint2a
nic2-2003,multilateralism_t2@historical-v1,qint2b
nic2-2003,multilateralism_t2@historical-v1,qtrd1_a
nic2-2003,log_knowledge_joint@historical-v1,wrm3_b
nic2-2003,log_knowledge_joint@historical-v1,wrm3_c
nic2-2003,log_knowledge_joint@historical-v1,aid3
nic2-2003,log_knowledge_joint@historical-v1,wrm5
nic2-2003,log_knowledge_joint@historical-v1,kno1_a
nic2-2003,log_knowledge_joint@historical-v1,kno1_b
nic2-2003,log_knowledge_joint@historical-v1,kno2_a
nic2-2003,log_knowledge_joint@historical-v1,kno2_b
nic2-2003,log_knowledge_joint@historical-v1,kno3_a
nic2-2003,log_knowledge_joint@historical-v1,kno3_b
nic2-2003,log_knowledge_joint@historical-v1,wrm1_b
nic2-2003,log_knowledge_joint@historical-v1,qwrm3_b
nic2-2003,log_knowledge_joint@historical-v1,qwrm3_c
nic2-2003,log_knowledge_joint@historical-v1,qaid3
nic2-2003,log_knowledge_joint@historical-v1,qwrm5
nic2-2003,log_knowledge_joint@historical-v1,qkno1_a
nic2-2003,log_knowledge_joint@historical-v1,qkno1_b
nic2-2003,log_knowledge_joint@historical-v1,qkno2_a
nic2-2003,log_knowledge_joint@historical-v1,qkno2_b
nic2-2003,log_knowledge_joint@historical-v1,qkno3_a
nic2-2003,log_knowledge_joint@historical-v1,qkno3_b
nic2-2003,log_knowledge_joint@historical-v1,qwrm1_b
nic2-2003,female@historical-v1,sex
nic2-2003,minority@historical-v1,race
nic2-2003,global_altruism_t2@historical-v1,qfp2b_d
nic2-2003,global_altruism_t2@historical-v1,qfp2c_d
nic2-2003,global_altruism_t2@historical-v1,qaid2b_a
nic2-2003,global_altruism_t2@historical-v1,qaid2b_b
nic2-2003,global_altruism_t2@historical-v1,qfp4a_a
nic2-2003,global_altruism_t2@historical-v1,qint1a_b
nic2-2003,global_altruism_t2@historical-v1,qpair1_a
nic2-2003,global_altruism_t2@historical-v1,qpair1_b
nic2-2003,global_altruism_t2@historical-v1,qpair2_a
nic2-2003,global_altruism_t2@historical-v1,qpair2_b
btp-presidential-primaries-2004,btp-presidential-primaries-2004.age@historical-v1,ppage
btp-presidential-primaries-2004,btp-presidential-primaries-2004.female@historical-v1,ppgender
btp-presidential-primaries-2004,btp-presidential-primaries-2004.minority@historical-v1,ppeth
btp-presidential-primaries-2004,btp-presidential-primaries-2004.education_four@historical-v1,ppeduc
btp-presidential-primaries-2004,btp-presidential-primaries-2004.education_three@historical-v1,ppeduc
btp-presidential-primaries-2004,btp-presidential-primaries-2004.higher_education@poll-median-v1,ppeduc
btp-presidential-primaries-2004,btp-presidential-primaries-2004.household_income@historical-v1,ppincimp
btp-presidential-primaries-2004,btp-presidential-primaries-2004.high_income@poll-median-v1,ppincimp
btp-presidential-primaries-2004,btp-presidential-primaries-2004.political_interest_t1@historical-v1,b1q18
btp-presidential-primaries-2004,btp-presidential-primaries-2004.trade_t1@historical-v1,b1q31
btp-presidential-primaries-2004,btp-presidential-primaries-2004.trade_t2@historical-v1,f1q31
btp-presidential-primaries-2004,btp-presidential-primaries-2004.services_t1@historical-v1,b1q25
btp-presidential-primaries-2004,btp-presidential-primaries-2004.services_t2@historical-v1,f1q25
btp-presidential-primaries-2004,btp-presidential-primaries-2004.multilateralism_t1@historical-v1,b1q2
btp-presidential-primaries-2004,btp-presidential-primaries-2004.multilateralism_t1@historical-v1,b1q3
btp-presidential-primaries-2004,btp-presidential-primaries-2004.multilateralism_t1@historical-v1,b1q29
btp-presidential-primaries-2004,btp-presidential-primaries-2004.multilateralism_t2@historical-v1,f1q2
btp-presidential-primaries-2004,btp-presidential-primaries-2004.multilateralism_t2@historical-v1,f1q3
btp-presidential-primaries-2004,btp-presidential-primaries-2004.multilateralism_t2@historical-v1,f1q29
btp-presidential-primaries-2004,btp-presidential-primaries-2004.attitude_extremity@historical-v1,b1q2
btp-presidential-primaries-2004,btp-presidential-primaries-2004.attitude_extremity@historical-v1,b1q3
btp-presidential-primaries-2004,btp-presidential-primaries-2004.attitude_extremity@historical-v1,b1q25
btp-presidential-primaries-2004,btp-presidential-primaries-2004.attitude_extremity@historical-v1,b1q29
btp-presidential-primaries-2004,btp-presidential-primaries-2004.attitude_extremity@historical-v1,b1q31
btp-presidential-primaries-2004,btp-presidential-primaries-2004.knowledge_t1@historical-v1,b1q43
btp-presidential-primaries-2004,btp-presidential-primaries-2004.knowledge_t1@historical-v1,b1q44
btp-presidential-primaries-2004,btp-presidential-primaries-2004.knowledge_t1@historical-v1,b1q45
btp-presidential-primaries-2004,btp-presidential-primaries-2004.knowledge_t1@historical-v1,b1q46
btp-presidential-primaries-2004,btp-presidential-primaries-2004.knowledge_t1@historical-v1,b1q47
btp-presidential-primaries-2004,btp-presidential-primaries-2004.knowledge_t1@historical-v1,b1q48
btp-presidential-primaries-2004,btp-presidential-primaries-2004.knowledge_t1@historical-v1,b1q49
btp-presidential-primaries-2004,btp-presidential-primaries-2004.knowledge_t2@historical-v1,f1q43
btp-presidential-primaries-2004,btp-presidential-primaries-2004.knowledge_t2@historical-v1,f1q44
btp-presidential-primaries-2004,btp-presidential-primaries-2004.knowledge_t2@historical-v1,f1q45
btp-presidential-primaries-2004,btp-presidential-primaries-2004.knowledge_t2@historical-v1,f1q46
btp-presidential-primaries-2004,btp-presidential-primaries-2004.knowledge_t2@historical-v1,f1q47
btp-presidential-primaries-2004,btp-presidential-primaries-2004.knowledge_t2@historical-v1,f1q48
btp-presidential-primaries-2004,btp-presidential-primaries-2004.knowledge_t2@historical-v1,f1q49
btp-presidential-primaries-2004,btp-presidential-primaries-2004.knowledge_joint@historical-v1,b1q43
btp-presidential-primaries-2004,btp-presidential-primaries-2004.knowledge_joint@historical-v1,b1q44
btp-presidential-primaries-2004,btp-presidential-primaries-2004.knowledge_joint@historical-v1,b1q45
btp-presidential-primaries-2004,btp-presidential-primaries-2004.knowledge_joint@historical-v1,b1q46
btp-presidential-primaries-2004,btp-presidential-primaries-2004.knowledge_joint@historical-v1,b1q47
btp-presidential-primaries-2004,btp-presidential-primaries-2004.knowledge_joint@historical-v1,b1q48
btp-presidential-primaries-2004,btp-presidential-primaries-2004.knowledge_joint@historical-v1,b1q49
btp-presidential-primaries-2004,btp-presidential-primaries-2004.knowledge_joint@historical-v1,f1q43
btp-presidential-primaries-2004,btp-presidential-primaries-2004.knowledge_joint@historical-v1,f1q44
btp-presidential-primaries-2004,btp-presidential-primaries-2004.knowledge_joint@historical-v1,f1q45
btp-presidential-primaries-2004,btp-presidential-primaries-2004.knowledge_joint@historical-v1,f1q46
btp-presidential-primaries-2004,btp-presidential-primaries-2004.knowledge_joint@historical-v1,f1q47
btp-presidential-primaries-2004,btp-presidential-primaries-2004.knowledge_joint@historical-v1,f1q48
btp-presidential-primaries-2004,btp-presidential-primaries-2004.knowledge_joint@historical-v1,f1q49
btp-presidential-primaries-2004,btp-presidential-primaries-2004.knowledge_gain@historical-v1,b1q43
btp-presidential-primaries-2004,btp-presidential-primaries-2004.knowledge_gain@historical-v1,b1q44
btp-presidential-primaries-2004,btp-presidential-primaries-2004.knowledge_gain@historical-v1,b1q45
btp-presidential-primaries-2004,btp-presidential-primaries-2004.knowledge_gain@historical-v1,b1q46
btp-presidential-primaries-2004,btp-presidential-primaries-2004.knowledge_gain@historical-v1,b1q47
btp-presidential-primaries-2004,btp-presidential-primaries-2004.knowledge_gain@historical-v1,b1q48
btp-presidential-primaries-2004,btp-presidential-primaries-2004.knowledge_gain@historical-v1,b1q49
btp-presidential-primaries-2004,btp-presidential-primaries-2004.knowledge_gain@historical-v1,f1q43
btp-presidential-primaries-2004,btp-presidential-primaries-2004.knowledge_gain@historical-v1,f1q44
btp-presidential-primaries-2004,btp-presidential-primaries-2004.knowledge_gain@historical-v1,f1q45
btp-presidential-primaries-2004,btp-presidential-primaries-2004.knowledge_gain@historical-v1,f1q46
btp-presidential-primaries-2004,btp-presidential-primaries-2004.knowledge_gain@historical-v1,f1q47
btp-presidential-primaries-2004,btp-presidential-primaries-2004.knowledge_gain@historical-v1,f1q48
btp-presidential-primaries-2004,btp-presidential-primaries-2004.knowledge_gain@historical-v1,f1q49
btp-presidential-primaries-2004,btp-presidential-primaries-2004.knowledge_gain_joint@historical-v1,b1q43
btp-presidential-primaries-2004,btp-presidential-primaries-2004.knowledge_gain_joint@historical-v1,b1q44
btp-presidential-primaries-2004,btp-presidential-primaries-2004.knowledge_gain_joint@historical-v1,b1q45
btp-presidential-primaries-2004,btp-presidential-primaries-2004.knowledge_gain_joint@historical-v1,b1q46
btp-presidential-primaries-2004,btp-presidential-primaries-2004.knowledge_gain_joint@historical-v1,b1q47
btp-presidential-primaries-2004,btp-presidential-primaries-2004.knowledge_gain_joint@historical-v1,b1q48
btp-presidential-primaries-2004,btp-presidential-primaries-2004.knowledge_gain_joint@historical-v1,b1q49
btp-presidential-primaries-2004,btp-presidential-primaries-2004.knowledge_gain_joint@historical-v1,f1q43
btp-presidential-primaries-2004,btp-presidential-primaries-2004.knowledge_gain_joint@historical-v1,f1q44
btp-presidential-primaries-2004,btp-presidential-primaries-2004.knowledge_gain_joint@historical-v1,f1q45
btp-presidential-primaries-2004,btp-presidential-primaries-2004.knowledge_gain_joint@historical-v1,f1q46
btp-presidential-primaries-2004,btp-presidential-primaries-2004.knowledge_gain_joint@historical-v1,f1q47
btp-presidential-primaries-2004,btp-presidential-primaries-2004.knowledge_gain_joint@historical-v1,f1q48
btp-presidential-primaries-2004,btp-presidential-primaries-2004.knowledge_gain_joint@historical-v1,f1q49
btp-presidential-primaries-2004,btp-presidential-primaries-2004.log_knowledge_joint@historical-v1,b1q43
btp-presidential-primaries-2004,btp-presidential-primaries-2004.log_knowledge_joint@historical-v1,b1q44
btp-presidential-primaries-2004,btp-presidential-primaries-2004.log_knowledge_joint@historical-v1,b1q45
btp-presidential-primaries-2004,btp-presidential-primaries-2004.log_knowledge_joint@historical-v1,b1q46
btp-presidential-primaries-2004,btp-presidential-primaries-2004.log_knowledge_joint@historical-v1,b1q47
btp-presidential-primaries-2004,btp-presidential-primaries-2004.log_knowledge_joint@historical-v1,b1q48
btp-presidential-primaries-2004,btp-presidential-primaries-2004.log_knowledge_joint@historical-v1,b1q49
btp-presidential-primaries-2004,btp-presidential-primaries-2004.log_knowledge_joint@historical-v1,f1q43
btp-presidential-primaries-2004,btp-presidential-primaries-2004.log_knowledge_joint@historical-v1,f1q44
btp-presidential-primaries-2004,btp-presidential-primaries-2004.log_knowledge_joint@historical-v1,f1q45
btp-presidential-primaries-2004,btp-presidential-primaries-2004.log_knowledge_joint@historical-v1,f1q46
btp-presidential-primaries-2004,btp-presidential-primaries-2004.log_knowledge_joint@historical-v1,f1q47
btp-presidential-primaries-2004,btp-presidential-primaries-2004.log_knowledge_joint@historical-v1,f1q48
btp-presidential-primaries-2004,btp-presidential-primaries-2004.log_knowledge_joint@historical-v1,f1q49
btp-presidential-primaries-2004,btp-presidential-primaries-2004.high_knowledge_joint@historical-v1,b1q43
btp-presidential-primaries-2004,btp-presidential-primaries-2004.high_knowledge_joint@historical-v1,b1q44
btp-presidential-primaries-2004,btp-presidential-primaries-2004.high_knowledge_joint@historical-v1,b1q45
btp-presidential-primaries-2004,btp-presidential-primaries-2004.high_knowledge_joint@historical-v1,b1q46
btp-presidential-primaries-2004,btp-presidential-primaries-2004.high_knowledge_joint@historical-v1,b1q47
btp-presidential-primaries-2004,btp-presidential-primaries-2004.high_knowledge_joint@historical-v1,b1q48
btp-presidential-primaries-2004,btp-presidential-primaries-2004.high_knowledge_joint@historical-v1,b1q49
btp-presidential-primaries-2004,btp-presidential-primaries-2004.high_knowledge_joint@historical-v1,f1q43
btp-presidential-primaries-2004,btp-presidential-primaries-2004.high_knowledge_joint@historical-v1,f1q44
btp-presidential-primaries-2004,btp-presidential-primaries-2004.high_knowledge_joint@historical-v1,f1q45
btp-presidential-primaries-2004,btp-presidential-primaries-2004.high_knowledge_joint@historical-v1,f1q46
btp-presidential-primaries-2004,btp-presidential-primaries-2004.high_knowledge_joint@historical-v1,f1q47
btp-presidential-primaries-2004,btp-presidential-primaries-2004.high_knowledge_joint@historical-v1,f1q48
btp-presidential-primaries-2004,btp-presidential-primaries-2004.high_knowledge_joint@historical-v1,f1q49
new-haven-2004,new-haven-2004.age@historical-v1,pre_q62
new-haven-2004,new-haven-2004.female@historical-v1,pre_q72
new-haven-2004,new-haven-2004.minority@nh-04-v2,pre_q70
new-haven-2004,new-haven-2004.education_four@historical-v1,pre_q61
new-haven-2004,new-haven-2004.education_three@historical-v1,pre_q61
new-haven-2004,new-haven-2004.higher_education@poll-median-v1,pre_q61
new-haven-2004,new-haven-2004.household_income@historical-v1,pre_q69
new-haven-2004,new-haven-2004.high_income@poll-median-v1,pre_q69
new-haven-2004,new-haven-2004.airport_expansion_t1@nh-08-v2,pre_q12
new-haven-2004,new-haven-2004.airport_expansion_t1@nh-08-v2,pre_q13
new-haven-2004,new-haven-2004.mandatory_sharing_t1@nh-08-v2,pre_q21
new-haven-2004,new-haven-2004.mandatory_sharing_t1@nh-08-v2,pre_q22
new-haven-2004,new-haven-2004.mandatory_sharing_t1@nh-08-v2,pre_q23
new-haven-2004,new-haven-2004.voluntary_sharing_t1@nh-08-v2,pre_q20
new-haven-2004,new-haven-2004.voluntary_sharing_t1@nh-08-v2,pre_q21
new-haven-2004,new-haven-2004.voluntary_sharing_t1@nh-08-v2,pre_q22
new-haven-2004,new-haven-2004.airport_expansion_t2@nh-08-v2,post_q12
new-haven-2004,new-haven-2004.airport_expansion_t2@nh-08-v2,post_q13
new-haven-2004,new-haven-2004.mandatory_sharing_t2@nh-08-v2,post_q21
new-haven-2004,new-haven-2004.mandatory_sharing_t2@nh-08-v2,post_q22
new-haven-2004,new-haven-2004.mandatory_sharing_t2@nh-08-v2,post_q23
new-haven-2004,new-haven-2004.voluntary_sharing_t2@nh-08-v2,post_q20
new-haven-2004,new-haven-2004.voluntary_sharing_t2@nh-08-v2,post_q21
new-haven-2004,new-haven-2004.voluntary_sharing_t2@nh-08-v2,post_q22
new-haven-2004,new-haven-2004.knowledge_joint_midterm@nh-exit-presence-v2,pre_q35
new-haven-2004,new-haven-2004.knowledge_joint_midterm@nh-exit-presence-v2,pre_q36
new-haven-2004,new-haven-2004.knowledge_joint_midterm@nh-exit-presence-v2,pre_q37
new-haven-2004,new-haven-2004.knowledge_joint_midterm@nh-exit-presence-v2,pre_q39
new-haven-2004,new-haven-2004.knowledge_joint_midterm@nh-exit-presence-v2,pre_q40
new-haven-2004,new-haven-2004.knowledge_joint_midterm@nh-exit-presence-v2,pre_q41
new-haven-2004,new-haven-2004.knowledge_joint_midterm@nh-exit-presence-v2,pre_q42
new-haven-2004,new-haven-2004.knowledge_joint_midterm@nh-exit-presence-v2,pre_q43
new-haven-2004,new-haven-2004.knowledge_joint_midterm@nh-exit-presence-v2,mid_q35
new-haven-2004,new-haven-2004.knowledge_joint_midterm@nh-exit-presence-v2,mid_q36
new-haven-2004,new-haven-2004.knowledge_joint_midterm@nh-exit-presence-v2,mid_q37
new-haven-2004,new-haven-2004.knowledge_joint_midterm@nh-exit-presence-v2,mid_q39
new-haven-2004,new-haven-2004.knowledge_joint_midterm@nh-exit-presence-v2,mid_q40
new-haven-2004,new-haven-2004.knowledge_joint_midterm@nh-exit-presence-v2,mid_q41
new-haven-2004,new-haven-2004.knowledge_joint_midterm@nh-exit-presence-v2,mid_q42
new-haven-2004,new-haven-2004.knowledge_joint_midterm@nh-exit-presence-v2,mid_q43
new-haven-2004,new-haven-2004.knowledge_joint_midterm@nh-exit-presence-v2,post_q35
new-haven-2004,new-haven-2004.knowledge_joint_midterm@nh-exit-presence-v2,post_q36
new-haven-2004,new-haven-2004.knowledge_joint_midterm@nh-exit-presence-v2,post_q37
new-haven-2004,new-haven-2004.knowledge_joint_midterm@nh-exit-presence-v2,post_q39
new-haven-2004,new-haven-2004.knowledge_joint_midterm@nh-exit-presence-v2,post_q40
new-haven-2004,new-haven-2004.knowledge_joint_midterm@nh-exit-presence-v2,post_q41
new-haven-2004,new-haven-2004.knowledge_joint_midterm@nh-exit-presence-v2,post_q42
new-haven-2004,new-haven-2004.knowledge_joint_midterm@nh-exit-presence-v2,post_q43
new-haven-2004,new-haven-2004.log_knowledge_joint@nh-exit-presence-v2,pre_q35
new-haven-2004,new-haven-2004.log_knowledge_joint@nh-exit-presence-v2,pre_q36
new-haven-2004,new-haven-2004.log_knowledge_joint@nh-exit-presence-v2,pre_q37
new-haven-2004,new-haven-2004.log_knowledge_joint@nh-exit-presence-v2,pre_q39
new-haven-2004,new-haven-2004.log_knowledge_joint@nh-exit-presence-v2,pre_q40
new-haven-2004,new-haven-2004.log_knowledge_joint@nh-exit-presence-v2,pre_q41
new-haven-2004,new-haven-2004.log_knowledge_joint@nh-exit-presence-v2,pre_q42
new-haven-2004,new-haven-2004.log_knowledge_joint@nh-exit-presence-v2,pre_q43
new-haven-2004,new-haven-2004.log_knowledge_joint@nh-exit-presence-v2,post_q35
new-haven-2004,new-haven-2004.log_knowledge_joint@nh-exit-presence-v2,post_q36
new-haven-2004,new-haven-2004.log_knowledge_joint@nh-exit-presence-v2,post_q37
new-haven-2004,new-haven-2004.log_knowledge_joint@nh-exit-presence-v2,post_q39
new-haven-2004,new-haven-2004.log_knowledge_joint@nh-exit-presence-v2,post_q40
new-haven-2004,new-haven-2004.log_knowledge_joint@nh-exit-presence-v2,post_q41
new-haven-2004,new-haven-2004.log_knowledge_joint@nh-exit-presence-v2,post_q42
new-haven-2004,new-haven-2004.log_knowledge_joint@nh-exit-presence-v2,post_q43
new-haven-2004,new-haven-2004.knowledge_midterm@historical-v1,mid_q35
new-haven-2004,new-haven-2004.knowledge_midterm@historical-v1,mid_q36
new-haven-2004,new-haven-2004.knowledge_midterm@historical-v1,mid_q37
new-haven-2004,new-haven-2004.knowledge_midterm@historical-v1,mid_q39
new-haven-2004,new-haven-2004.knowledge_midterm@historical-v1,mid_q40
new-haven-2004,new-haven-2004.knowledge_midterm@historical-v1,mid_q41
new-haven-2004,new-haven-2004.knowledge_midterm@historical-v1,mid_q42
new-haven-2004,new-haven-2004.knowledge_midterm@historical-v1,mid_q43
new-haven-2004,new-haven-2004.knowledge_gain_joint@nh-exit-presence-v2,pre_q35
new-haven-2004,new-haven-2004.knowledge_gain_joint@nh-exit-presence-v2,pre_q36
new-haven-2004,new-haven-2004.knowledge_gain_joint@nh-exit-presence-v2,pre_q37
new-haven-2004,new-haven-2004.knowledge_gain_joint@nh-exit-presence-v2,pre_q39
new-haven-2004,new-haven-2004.knowledge_gain_joint@nh-exit-presence-v2,pre_q40
new-haven-2004,new-haven-2004.knowledge_gain_joint@nh-exit-presence-v2,pre_q41
new-haven-2004,new-haven-2004.knowledge_gain_joint@nh-exit-presence-v2,pre_q42
new-haven-2004,new-haven-2004.knowledge_gain_joint@nh-exit-presence-v2,pre_q43
new-haven-2004,new-haven-2004.knowledge_gain_joint@nh-exit-presence-v2,post_q35
new-haven-2004,new-haven-2004.knowledge_gain_joint@nh-exit-presence-v2,post_q36
new-haven-2004,new-haven-2004.knowledge_gain_joint@nh-exit-presence-v2,post_q37
new-haven-2004,new-haven-2004.knowledge_gain_joint@nh-exit-presence-v2,post_q39
new-haven-2004,new-haven-2004.knowledge_gain_joint@nh-exit-presence-v2,post_q40
new-haven-2004,new-haven-2004.knowledge_gain_joint@nh-exit-presence-v2,post_q41
new-haven-2004,new-haven-2004.knowledge_gain_joint@nh-exit-presence-v2,post_q42
new-haven-2004,new-haven-2004.knowledge_gain_joint@nh-exit-presence-v2,post_q43
new-haven-2004,new-haven-2004.knowledge_midterm_joint@nh-exit-presence-v2,mid_q35
new-haven-2004,new-haven-2004.knowledge_midterm_joint@nh-exit-presence-v2,mid_q36
new-haven-2004,new-haven-2004.knowledge_midterm_joint@nh-exit-presence-v2,mid_q37
new-haven-2004,new-haven-2004.knowledge_midterm_joint@nh-exit-presence-v2,mid_q39
new-haven-2004,new-haven-2004.knowledge_midterm_joint@nh-exit-presence-v2,mid_q40
new-haven-2004,new-haven-2004.knowledge_midterm_joint@nh-exit-presence-v2,mid_q41
new-haven-2004,new-haven-2004.knowledge_midterm_joint@nh-exit-presence-v2,mid_q42
new-haven-2004,new-haven-2004.knowledge_midterm_joint@nh-exit-presence-v2,mid_q43
new-haven-2004,new-haven-2004.knowledge_midterm_joint@nh-exit-presence-v2,post_q35
new-haven-2004,new-haven-2004.knowledge_midterm_joint@nh-exit-presence-v2,post_q36
new-haven-2004,new-haven-2004.knowledge_midterm_joint@nh-exit-presence-v2,post_q37
new-haven-2004,new-haven-2004.knowledge_midterm_joint@nh-exit-presence-v2,post_q39
new-haven-2004,new-haven-2004.knowledge_midterm_joint@nh-exit-presence-v2,post_q40
new-haven-2004,new-haven-2004.knowledge_midterm_joint@nh-exit-presence-v2,post_q41
new-haven-2004,new-haven-2004.knowledge_midterm_joint@nh-exit-presence-v2,post_q42
new-haven-2004,new-haven-2004.knowledge_midterm_joint@nh-exit-presence-v2,post_q43
new-haven-2004,new-haven-2004.attitude_extremity_midterm@nh-08-v2,mid_q12
new-haven-2004,new-haven-2004.attitude_extremity_midterm@nh-08-v2,mid_q13
new-haven-2004,new-haven-2004.attitude_extremity_midterm@nh-08-v2,mid_q20
new-haven-2004,new-haven-2004.attitude_extremity_midterm@nh-08-v2,mid_q21
new-haven-2004,new-haven-2004.attitude_extremity_midterm@nh-08-v2,mid_q22
new-haven-2004,new-haven-2004.attitude_extremity_midterm@nh-08-v2,mid_q23
new-haven-2004,new-haven-2004.knowledge_t2@nh-exit-presence-v2,post_q35
new-haven-2004,new-haven-2004.knowledge_t2@nh-exit-presence-v2,post_q36
new-haven-2004,new-haven-2004.knowledge_t2@nh-exit-presence-v2,post_q37
new-haven-2004,new-haven-2004.knowledge_t2@nh-exit-presence-v2,post_q39
new-haven-2004,new-haven-2004.knowledge_t2@nh-exit-presence-v2,post_q40
new-haven-2004,new-haven-2004.knowledge_t2@nh-exit-presence-v2,post_q41
new-haven-2004,new-haven-2004.knowledge_t2@nh-exit-presence-v2,post_q42
new-haven-2004,new-haven-2004.knowledge_t2@nh-exit-presence-v2,post_q43
new-haven-2004,new-haven-2004.high_knowledge_joint@nh-exit-presence-v2,pre_q35
new-haven-2004,new-haven-2004.high_knowledge_joint@nh-exit-presence-v2,pre_q36
new-haven-2004,new-haven-2004.high_knowledge_joint@nh-exit-presence-v2,pre_q37
new-haven-2004,new-haven-2004.high_knowledge_joint@nh-exit-presence-v2,pre_q39
new-haven-2004,new-haven-2004.high_knowledge_joint@nh-exit-presence-v2,pre_q40
new-haven-2004,new-haven-2004.high_knowledge_joint@nh-exit-presence-v2,pre_q41
new-haven-2004,new-haven-2004.high_knowledge_joint@nh-exit-presence-v2,pre_q42
new-haven-2004,new-haven-2004.high_knowledge_joint@nh-exit-presence-v2,pre_q43
new-haven-2004,new-haven-2004.high_knowledge_joint@nh-exit-presence-v2,post_q35
new-haven-2004,new-haven-2004.high_knowledge_joint@nh-exit-presence-v2,post_q36
new-haven-2004,new-haven-2004.high_knowledge_joint@nh-exit-presence-v2,post_q37
new-haven-2004,new-haven-2004.high_knowledge_joint@nh-exit-presence-v2,post_q39
new-haven-2004,new-haven-2004.high_knowledge_joint@nh-exit-presence-v2,post_q40
new-haven-2004,new-haven-2004.high_knowledge_joint@nh-exit-presence-v2,post_q41
new-haven-2004,new-haven-2004.high_knowledge_joint@nh-exit-presence-v2,post_q42
new-haven-2004,new-haven-2004.high_knowledge_joint@nh-exit-presence-v2,post_q43
new-haven-2004,new-haven-2004.attitude_extremity@nh-08-v2,pre_q12
new-haven-2004,new-haven-2004.attitude_extremity@nh-08-v2,pre_q13
new-haven-2004,new-haven-2004.attitude_extremity@nh-08-v2,pre_q20
new-haven-2004,new-haven-2004.attitude_extremity@nh-08-v2,pre_q21
new-haven-2004,new-haven-2004.attitude_extremity@nh-08-v2,pre_q22
new-haven-2004,new-haven-2004.attitude_extremity@nh-08-v2,pre_q23
new-haven-2004,new-haven-2004.knowledge_joint@nh-exit-presence-v2,pre_q35
new-haven-2004,new-haven-2004.knowledge_joint@nh-exit-presence-v2,pre_q36
new-haven-2004,new-haven-2004.knowledge_joint@nh-exit-presence-v2,pre_q37
new-haven-2004,new-haven-2004.knowledge_joint@nh-exit-presence-v2,pre_q39
new-haven-2004,new-haven-2004.knowledge_joint@nh-exit-presence-v2,pre_q40
new-haven-2004,new-haven-2004.knowledge_joint@nh-exit-presence-v2,pre_q41
new-haven-2004,new-haven-2004.knowledge_joint@nh-exit-presence-v2,pre_q42
new-haven-2004,new-haven-2004.knowledge_joint@nh-exit-presence-v2,pre_q43
new-haven-2004,new-haven-2004.knowledge_joint@nh-exit-presence-v2,post_q35
new-haven-2004,new-haven-2004.knowledge_joint@nh-exit-presence-v2,post_q36
new-haven-2004,new-haven-2004.knowledge_joint@nh-exit-presence-v2,post_q37
new-haven-2004,new-haven-2004.knowledge_joint@nh-exit-presence-v2,post_q39
new-haven-2004,new-haven-2004.knowledge_joint@nh-exit-presence-v2,post_q40
new-haven-2004,new-haven-2004.knowledge_joint@nh-exit-presence-v2,post_q41
new-haven-2004,new-haven-2004.knowledge_joint@nh-exit-presence-v2,post_q42
new-haven-2004,new-haven-2004.knowledge_joint@nh-exit-presence-v2,post_q43
new-haven-2004,new-haven-2004.knowledge_gain@nh-exit-presence-v2,pre_q35
new-haven-2004,new-haven-2004.knowledge_gain@nh-exit-presence-v2,pre_q36
new-haven-2004,new-haven-2004.knowledge_gain@nh-exit-presence-v2,pre_q37
new-haven-2004,new-haven-2004.knowledge_gain@nh-exit-presence-v2,pre_q39
new-haven-2004,new-haven-2004.knowledge_gain@nh-exit-presence-v2,pre_q40
new-haven-2004,new-haven-2004.knowledge_gain@nh-exit-presence-v2,pre_q41
new-haven-2004,new-haven-2004.knowledge_gain@nh-exit-presence-v2,pre_q42
new-haven-2004,new-haven-2004.knowledge_gain@nh-exit-presence-v2,pre_q43
new-haven-2004,new-haven-2004.knowledge_gain@nh-exit-presence-v2,post_q35
new-haven-2004,new-haven-2004.knowledge_gain@nh-exit-presence-v2,post_q36
new-haven-2004,new-haven-2004.knowledge_gain@nh-exit-presence-v2,post_q37
new-haven-2004,new-haven-2004.knowledge_gain@nh-exit-presence-v2,post_q39
new-haven-2004,new-haven-2004.knowledge_gain@nh-exit-presence-v2,post_q40
new-haven-2004,new-haven-2004.knowledge_gain@nh-exit-presence-v2,post_q41
new-haven-2004,new-haven-2004.knowledge_gain@nh-exit-presence-v2,post_q42
new-haven-2004,new-haven-2004.knowledge_gain@nh-exit-presence-v2,post_q43
new-haven-2004,new-haven-2004.knowledge_t1@historical-v1,pre_q35
new-haven-2004,new-haven-2004.knowledge_t1@historical-v1,pre_q36
new-haven-2004,new-haven-2004.knowledge_t1@historical-v1,pre_q37
new-haven-2004,new-haven-2004.knowledge_t1@historical-v1,pre_q39
new-haven-2004,new-haven-2004.knowledge_t1@historical-v1,pre_q40
new-haven-2004,new-haven-2004.knowledge_t1@historical-v1,pre_q41
new-haven-2004,new-haven-2004.knowledge_t1@historical-v1,pre_q42
new-haven-2004,new-haven-2004.knowledge_t1@historical-v1,pre_q43
zeguo-2005,zeguo-2005.age@zg-04-v2,Age
zeguo-2005,zeguo-2005.age@zg-04-v2,____1p
zeguo-2005,zeguo-2005.female@historical-v1,Gender
zeguo-2005,zeguo-2005.education_four@historical-v1,Education
zeguo-2005,zeguo-2005.education_three@historical-v1,Education
zeguo-2005,zeguo-2005.higher_education@poll-median-v1,Education
zeguo-2005,zeguo-2005.industrial_roads_t1@missing-preserved-v2,d2014
zeguo-2005,zeguo-2005.industrial_roads_t1@missing-preserved-v2,d2020
zeguo-2005,zeguo-2005.industrial_roads_t1@missing-preserved-v2,d2021
zeguo-2005,zeguo-2005.industrial_roads_t2@missing-preserved-v2,d2014p
zeguo-2005,zeguo-2005.industrial_roads_t2@missing-preserved-v2,d2020p
zeguo-2005,zeguo-2005.industrial_roads_t2@missing-preserved-v2,d2021p
zeguo-2005,zeguo-2005.village_roads_t1@missing-preserved-v2,d2007
zeguo-2005,zeguo-2005.village_roads_t1@missing-preserved-v2,d2010
zeguo-2005,zeguo-2005.village_roads_t1@missing-preserved-v2,d2011
zeguo-2005,zeguo-2005.village_roads_t2@missing-preserved-v2,d2007p
zeguo-2005,zeguo-2005.village_roads_t2@missing-preserved-v2,d2010p
zeguo-2005,zeguo-2005.village_roads_t2@missing-preserved-v2,d2011p
zeguo-2005,zeguo-2005.main_roads_t1@missing-preserved-v2,d2015
zeguo-2005,zeguo-2005.main_roads_t1@missing-preserved-v2,d2016
zeguo-2005,zeguo-2005.main_roads_t1@missing-preserved-v2,d2017
zeguo-2005,zeguo-2005.main_roads_t1@missing-preserved-v2,d2018
zeguo-2005,zeguo-2005.main_roads_t1@missing-preserved-v2,d2019
zeguo-2005,zeguo-2005.main_roads_t1@missing-preserved-v2,d2022
zeguo-2005,zeguo-2005.main_roads_t2@missing-preserved-v2,d2015p
zeguo-2005,zeguo-2005.main_roads_t2@missing-preserved-v2,d2016p
zeguo-2005,zeguo-2005.main_roads_t2@missing-preserved-v2,d2017p
zeguo-2005,zeguo-2005.main_roads_t2@missing-preserved-v2,d2018p
zeguo-2005,zeguo-2005.main_roads_t2@missing-preserved-v2,d2019p
zeguo-2005,zeguo-2005.main_roads_t2@missing-preserved-v2,d2022p
zeguo-2005,zeguo-2005.commercial_roads_t1@missing-preserved-v2,d2012
zeguo-2005,zeguo-2005.commercial_roads_t1@missing-preserved-v2,d2013
zeguo-2005,zeguo-2005.commercial_roads_t2@missing-preserved-v2,d2012p
zeguo-2005,zeguo-2005.commercial_roads_t2@missing-preserved-v2,d2013p
zeguo-2005,zeguo-2005.wenchang_main_avenue_t1@missing-preserved-v2,d2006
zeguo-2005,zeguo-2005.wenchang_main_avenue_t2@missing-preserved-v2,d2006p
zeguo-2005,zeguo-2005.other_parks_t1@missing-preserved-v2,d2024
zeguo-2005,zeguo-2005.other_parks_t1@missing-preserved-v2,d2028
zeguo-2005,zeguo-2005.other_parks_t1@missing-preserved-v2,d2029
zeguo-2005,zeguo-2005.other_parks_t2@missing-preserved-v2,d2024p
zeguo-2005,zeguo-2005.other_parks_t2@missing-preserved-v2,d2028p
zeguo-2005,zeguo-2005.other_parks_t2@missing-preserved-v2,d2029p
zeguo-2005,zeguo-2005.township_image_t1@missing-preserved-v2,d2025
zeguo-2005,zeguo-2005.township_image_t1@missing-preserved-v2,d2031
zeguo-2005,zeguo-2005.township_image_t2@missing-preserved-v2,d2025p
zeguo-2005,zeguo-2005.township_image_t2@missing-preserved-v2,d2031p
zeguo-2005,zeguo-2005.cultural_heritage_t1@missing-preserved-v2,d2025
zeguo-2005,zeguo-2005.cultural_heritage_t1@missing-preserved-v2,d2032
zeguo-2005,zeguo-2005.cultural_heritage_t2@missing-preserved-v2,d2025p
zeguo-2005,zeguo-2005.cultural_heritage_t2@missing-preserved-v2,d2032p
zeguo-2005,zeguo-2005.sewage_t1@missing-preserved-v2,d2030
zeguo-2005,zeguo-2005.sewage_t1@missing-preserved-v2,d2033
zeguo-2005,zeguo-2005.sewage_t1@missing-preserved-v2,d2034
zeguo-2005,zeguo-2005.sewage_t1@missing-preserved-v2,d2035
zeguo-2005,zeguo-2005.sewage_t2@missing-preserved-v2,d2030p
zeguo-2005,zeguo-2005.sewage_t2@missing-preserved-v2,d2033p
zeguo-2005,zeguo-2005.sewage_t2@missing-preserved-v2,d2034p
zeguo-2005,zeguo-2005.sewage_t2@missing-preserved-v2,d2035p
zeguo-2005,zeguo-2005.attitude_extremity@zg-02-v2,d2007
zeguo-2005,zeguo-2005.attitude_extremity@zg-02-v2,d2010
zeguo-2005,zeguo-2005.attitude_extremity@zg-02-v2,d2011
zeguo-2005,zeguo-2005.attitude_extremity@zg-02-v2,d2012
zeguo-2005,zeguo-2005.attitude_extremity@zg-02-v2,d2013
zeguo-2005,zeguo-2005.attitude_extremity@zg-02-v2,d2014
zeguo-2005,zeguo-2005.attitude_extremity@zg-02-v2,d2015
zeguo-2005,zeguo-2005.attitude_extremity@zg-02-v2,d2016
zeguo-2005,zeguo-2005.attitude_extremity@zg-02-v2,d2017
zeguo-2005,zeguo-2005.attitude_extremity@zg-02-v2,d2018
zeguo-2005,zeguo-2005.attitude_extremity@zg-02-v2,d2019
zeguo-2005,zeguo-2005.attitude_extremity@zg-02-v2,d2020
zeguo-2005,zeguo-2005.attitude_extremity@zg-02-v2,d2021
zeguo-2005,zeguo-2005.attitude_extremity@zg-02-v2,d2022
zeguo-2005,zeguo-2005.attitude_extremity@zg-02-v2,d2024
zeguo-2005,zeguo-2005.attitude_extremity@zg-02-v2,d2025
zeguo-2005,zeguo-2005.attitude_extremity@zg-02-v2,d2028
zeguo-2005,zeguo-2005.attitude_extremity@zg-02-v2,d2029
zeguo-2005,zeguo-2005.attitude_extremity@zg-02-v2,d2030
zeguo-2005,zeguo-2005.attitude_extremity@zg-02-v2,d2031
zeguo-2005,zeguo-2005.attitude_extremity@zg-02-v2,d2032
zeguo-2005,zeguo-2005.attitude_extremity@zg-02-v2,d2033
zeguo-2005,zeguo-2005.attitude_extremity@zg-02-v2,d2034
zeguo-2005,zeguo-2005.attitude_extremity@zg-02-v2,d2035
zeguo-2005,zeguo-2005.knowledge_joint@absent-form-v2,pre_d3043
zeguo-2005,zeguo-2005.knowledge_joint@absent-form-v2,pre_d3044
zeguo-2005,zeguo-2005.knowledge_joint@absent-form-v2,pre_d3045
zeguo-2005,zeguo-2005.knowledge_joint@absent-form-v2,pre_d3046
zeguo-2005,zeguo-2005.knowledge_joint@absent-form-v2,post_d3043
zeguo-2005,zeguo-2005.knowledge_joint@absent-form-v2,post_d3044
zeguo-2005,zeguo-2005.knowledge_joint@absent-form-v2,post_d3045
zeguo-2005,zeguo-2005.knowledge_joint@absent-form-v2,post_d3046
zeguo-2005,zeguo-2005.knowledge_gain@absent-form-v2,pre_d3043
zeguo-2005,zeguo-2005.knowledge_gain@absent-form-v2,pre_d3044
zeguo-2005,zeguo-2005.knowledge_gain@absent-form-v2,pre_d3045
zeguo-2005,zeguo-2005.knowledge_gain@absent-form-v2,pre_d3046
zeguo-2005,zeguo-2005.knowledge_gain@absent-form-v2,post_d3043
zeguo-2005,zeguo-2005.knowledge_gain@absent-form-v2,post_d3044
zeguo-2005,zeguo-2005.knowledge_gain@absent-form-v2,post_d3045
zeguo-2005,zeguo-2005.knowledge_gain@absent-form-v2,post_d3046
zeguo-2005,zeguo-2005.log_knowledge_joint@absent-form-v2,pre_d3043
zeguo-2005,zeguo-2005.log_knowledge_joint@absent-form-v2,pre_d3044
zeguo-2005,zeguo-2005.log_knowledge_joint@absent-form-v2,pre_d3045
zeguo-2005,zeguo-2005.log_knowledge_joint@absent-form-v2,pre_d3046
zeguo-2005,zeguo-2005.log_knowledge_joint@absent-form-v2,post_d3043
zeguo-2005,zeguo-2005.log_knowledge_joint@absent-form-v2,post_d3044
zeguo-2005,zeguo-2005.log_knowledge_joint@absent-form-v2,post_d3045
zeguo-2005,zeguo-2005.log_knowledge_joint@absent-form-v2,post_d3046
zeguo-2005,zeguo-2005.knowledge_gain_joint@absent-form-v2,pre_d3043
zeguo-2005,zeguo-2005.knowledge_gain_joint@absent-form-v2,pre_d3044
zeguo-2005,zeguo-2005.knowledge_gain_joint@absent-form-v2,pre_d3045
zeguo-2005,zeguo-2005.knowledge_gain_joint@absent-form-v2,pre_d3046
zeguo-2005,zeguo-2005.knowledge_gain_joint@absent-form-v2,post_d3043
zeguo-2005,zeguo-2005.knowledge_gain_joint@absent-form-v2,post_d3044
zeguo-2005,zeguo-2005.knowledge_gain_joint@absent-form-v2,post_d3045
zeguo-2005,zeguo-2005.knowledge_gain_joint@absent-form-v2,post_d3046
zeguo-2005,zeguo-2005.knowledge_t1@historical-v1,pre_d3043
zeguo-2005,zeguo-2005.knowledge_t1@historical-v1,pre_d3044
zeguo-2005,zeguo-2005.knowledge_t1@historical-v1,pre_d3045
zeguo-2005,zeguo-2005.knowledge_t1@historical-v1,pre_d3046
zeguo-2005,zeguo-2005.high_knowledge_joint@absent-form-v2,pre_d3043
zeguo-2005,zeguo-2005.high_knowledge_joint@absent-form-v2,pre_d3044
zeguo-2005,zeguo-2005.high_knowledge_joint@absent-form-v2,pre_d3045
zeguo-2005,zeguo-2005.high_knowledge_joint@absent-form-v2,pre_d3046
zeguo-2005,zeguo-2005.high_knowledge_joint@absent-form-v2,post_d3043
zeguo-2005,zeguo-2005.high_knowledge_joint@absent-form-v2,post_d3044
zeguo-2005,zeguo-2005.high_knowledge_joint@absent-form-v2,post_d3045
zeguo-2005,zeguo-2005.high_knowledge_joint@absent-form-v2,post_d3046
zeguo-2005,zeguo-2005.knowledge_t2@absent-form-v2,post_d3043
zeguo-2005,zeguo-2005.knowledge_t2@absent-form-v2,post_d3044
zeguo-2005,zeguo-2005.knowledge_t2@absent-form-v2,post_d3045
zeguo-2005,zeguo-2005.knowledge_t2@absent-form-v2,post_d3046
btp-health-education-2005,btp-health-education-2005.political_interest_t1@historical-v1,q40
btp-national-2003,btp-national-2003.age@historical-v1,ppage
btp-national-2003,btp-national-2003.attitude_extremity@historical-v1,qb10
btp-national-2003,btp-national-2003.attitude_extremity@historical-v1,qb13
btp-national-2003,btp-national-2003.attitude_extremity@historical-v1,qb14
btp-national-2003,btp-national-2003.attitude_extremity@historical-v1,qb15a
btp-national-2003,btp-national-2003.attitude_extremity@historical-v1,qb16
btp-national-2003,btp-national-2003.attitude_extremity@historical-v1,qb20
btp-national-2003,btp-national-2003.attitude_extremity@historical-v1,qb21
btp-national-2003,btp-national-2003.attitude_extremity@historical-v1,qb22
btp-national-2003,btp-national-2003.attitude_extremity@historical-v1,qb23a
btp-national-2003,btp-national-2003.attitude_extremity@historical-v1,qb23b
btp-national-2003,btp-national-2003.attitude_extremity@historical-v1,qb23c
btp-national-2003,btp-national-2003.attitude_extremity@historical-v1,qb23d
btp-national-2003,btp-national-2003.attitude_extremity@historical-v1,qb23e
btp-national-2003,btp-national-2003.attitude_extremity@historical-v1,qb23f
btp-national-2003,btp-national-2003.attitude_extremity@historical-v1,qb24
btp-national-2003,btp-national-2003.attitude_extremity@historical-v1,qb25b
btp-national-2003,btp-national-2003.attitude_extremity@historical-v1,qb25c
btp-national-2003,btp-national-2003.attitude_extremity@historical-v1,qb25d
btp-national-2003,btp-national-2003.attitude_extremity@historical-v1,qb25e
btp-national-2003,btp-national-2003.attitude_extremity@historical-v1,qb27
btp-national-2003,btp-national-2003.attitude_extremity@historical-v1,qb28
btp-national-2003,btp-national-2003.attitude_extremity@historical-v1,qb2a
btp-national-2003,btp-national-2003.attitude_extremity@historical-v1,qb2c
btp-national-2003,btp-national-2003.attitude_extremity@historical-v1,qb2e
btp-national-2003,btp-national-2003.attitude_extremity@historical-v1,qb2f
btp-national-2003,btp-national-2003.attitude_extremity@historical-v1,qb2g
btp-national-2003,btp-national-2003.attitude_extremity@historical-v1,qb2h
btp-national-2003,btp-national-2003.attitude_extremity@historical-v1,qb2j
btp-national-2003,btp-national-2003.attitude_extremity@historical-v1,qb3
btp-national-2003,btp-national-2003.attitude_extremity@historical-v1,qb30
btp-national-2003,btp-national-2003.attitude_extremity@historical-v1,qb31
btp-national-2003,btp-national-2003.attitude_extremity@historical-v1,qb32a
btp-national-2003,btp-national-2003.attitude_extremity@historical-v1,qb33
btp-national-2003,btp-national-2003.attitude_extremity@historical-v1,qb37a
btp-national-2003,btp-national-2003.attitude_extremity@historical-v1,qb37b
btp-national-2003,btp-national-2003.attitude_extremity@historical-v1,qb37e
btp-national-2003,btp-national-2003.attitude_extremity@historical-v1,qb37f
btp-national-2003,btp-national-2003.attitude_extremity@historical-v1,qb38
btp-national-2003,btp-national-2003.attitude_extremity@historical-v1,qb39
btp-national-2003,btp-national-2003.attitude_extremity@historical-v1,qb7
btp-national-2003,btp-national-2003.democracy_t1@historical-v1,qb22
btp-national-2003,btp-national-2003.democracy_t1@historical-v1,qb23a
btp-national-2003,btp-national-2003.democracy_t1@historical-v1,qb23b
btp-national-2003,btp-national-2003.democracy_t1@historical-v1,qb23c
btp-national-2003,btp-national-2003.democracy_t1@historical-v1,qb23d
btp-national-2003,btp-national-2003.democracy_t1@historical-v1,qb23e
btp-national-2003,btp-national-2003.democracy_t1@historical-v1,qb23f
btp-national-2003,btp-national-2003.democracy_t1@historical-v1,qb25c
btp-national-2003,btp-national-2003.democracy_t2@historical-v1,qf22
btp-national-2003,btp-national-2003.democracy_t2@historical-v1,qf23a
btp-national-2003,btp-national-2003.democracy_t2@historical-v1,qf23b
btp-national-2003,btp-national-2003.democracy_t2@historical-v1,qf23c
btp-national-2003,btp-national-2003.democracy_t2@historical-v1,qf23d
btp-national-2003,btp-national-2003.democracy_t2@historical-v1,qf23e
btp-national-2003,btp-national-2003.democracy_t2@historical-v1,qf23f
btp-national-2003,btp-national-2003.democracy_t2@historical-v1,qf25c
btp-national-2003,btp-national-2003.education_four@historical-v1,ppeducat
btp-national-2003,btp-national-2003.education_three@historical-v1,ppeducat
btp-national-2003,btp-national-2003.environment_t1@historical-v1,qb2a
btp-national-2003,btp-national-2003.environment_t1@historical-v1,qb13
btp-national-2003,btp-national-2003.environment_t1@historical-v1,qb14
btp-national-2003,btp-national-2003.environment_t1@historical-v1,qb15a
btp-national-2003,btp-national-2003.environment_t2@historical-v1,qf2a
btp-national-2003,btp-national-2003.environment_t2@historical-v1,qf13
btp-national-2003,btp-national-2003.environment_t2@historical-v1,qf14
btp-national-2003,btp-national-2003.environment_t2@historical-v1,qf15a
btp-national-2003,btp-national-2003.female@historical-v1,ppgender
btp-national-2003,btp-national-2003.foreign_aid_t1@historical-v1,qb24
btp-national-2003,btp-national-2003.foreign_aid_t2@historical-v1,qf24
btp-national-2003,btp-national-2003.global_altruism_t1@historical-v1,qb2f
btp-national-2003,btp-national-2003.global_altruism_t1@historical-v1,qb2j
btp-national-2003,btp-national-2003.global_altruism_t1@historical-v1,qb25d
btp-national-2003,btp-national-2003.global_altruism_t1@historical-v1,qb25e
btp-national-2003,btp-national-2003.global_altruism_t1@historical-v1,qb7
btp-national-2003,btp-national-2003.global_altruism_t1@historical-v1,qb37b
btp-national-2003,btp-national-2003.global_altruism_t1@historical-v1,qb20
btp-national-2003,btp-national-2003.global_altruism_t1@historical-v1,qb21
btp-national-2003,btp-national-2003.global_altruism_t2@historical-v1,qf2f
btp-national-2003,btp-national-2003.global_altruism_t2@historical-v1,qf2j
btp-national-2003,btp-national-2003.global_altruism_t2@historical-v1,qf25d
btp-national-2003,btp-national-2003.global_altruism_t2@historical-v1,qf25e
btp-national-2003,btp-national-2003.global_altruism_t2@historical-v1,qf7
btp-national-2003,btp-national-2003.global_altruism_t2@historical-v1,qf37b
btp-national-2003,btp-national-2003.global_altruism_t2@historical-v1,qf20
btp-national-2003,btp-national-2003.global_altruism_t2@historical-v1,qf21
btp-national-2003,btp-national-2003.high_income@poll-median-v1,ppincimp
btp-national-2003,btp-national-2003.high_knowledge_joint@historical-v1,qb15b
btp-national-2003,btp-national-2003.high_knowledge_joint@historical-v1,qb15c
btp-national-2003,btp-national-2003.high_knowledge_joint@historical-v1,qb26
btp-national-2003,btp-national-2003.high_knowledge_joint@historical-v1,qb18
btp-national-2003,btp-national-2003.high_knowledge_joint@historical-v1,qb40
btp-national-2003,btp-national-2003.high_knowledge_joint@historical-v1,qb41
btp-national-2003,btp-national-2003.high_knowledge_joint@historical-v1,qb42
btp-national-2003,btp-national-2003.high_knowledge_joint@historical-v1,qb43
btp-national-2003,btp-national-2003.high_knowledge_joint@historical-v1,qb44
btp-national-2003,btp-national-2003.high_knowledge_joint@historical-v1,qb45
btp-national-2003,btp-national-2003.high_knowledge_joint@historical-v1,qb12
btp-national-2003,btp-national-2003.high_knowledge_joint@historical-v1,qf15b
btp-national-2003,btp-national-2003.high_knowledge_joint@historical-v1,qf15c
btp-national-2003,btp-national-2003.high_knowledge_joint@historical-v1,qf26
btp-national-2003,btp-national-2003.high_knowledge_joint@historical-v1,qf18
btp-national-2003,btp-national-2003.high_knowledge_joint@historical-v1,qf40
btp-national-2003,btp-national-2003.high_knowledge_joint@historical-v1,qf41
btp-national-2003,btp-national-2003.high_knowledge_joint@historical-v1,qf42
btp-national-2003,btp-national-2003.high_knowledge_joint@historical-v1,qf43
btp-national-2003,btp-national-2003.high_knowledge_joint@historical-v1,qf44
btp-national-2003,btp-national-2003.high_knowledge_joint@historical-v1,qf45
btp-national-2003,btp-national-2003.high_knowledge_joint@historical-v1,qf12
btp-national-2003,btp-national-2003.higher_education@poll-median-v1,ppeducat
btp-national-2003,btp-national-2003.household_income@historical-v1,ppincimp
btp-national-2003,btp-national-2003.human_rights_t1@historical-v1,qb2h
btp-national-2003,btp-national-2003.human_rights_t2@historical-v1,qf2h
btp-national-2003,btp-national-2003.internationalism_t1@historical-v1,qb3
btp-national-2003,btp-national-2003.internationalism_t2@historical-v1,qf3
btp-national-2003,btp-national-2003.knowledge_gain@historical-v1,qb15b
btp-national-2003,btp-national-2003.knowledge_gain@historical-v1,qb15c
btp-national-2003,btp-national-2003.knowledge_gain@historical-v1,qb26
btp-national-2003,btp-national-2003.knowledge_gain@historical-v1,qb18
btp-national-2003,btp-national-2003.knowledge_gain@historical-v1,qb40
btp-national-2003,btp-national-2003.knowledge_gain@historical-v1,qb41
btp-national-2003,btp-national-2003.knowledge_gain@historical-v1,qb42
btp-national-2003,btp-national-2003.knowledge_gain@historical-v1,qb43
btp-national-2003,btp-national-2003.knowledge_gain@historical-v1,qb44
btp-national-2003,btp-national-2003.knowledge_gain@historical-v1,qb45
btp-national-2003,btp-national-2003.knowledge_gain@historical-v1,qb12
btp-national-2003,btp-national-2003.knowledge_gain@historical-v1,qf15b
btp-national-2003,btp-national-2003.knowledge_gain@historical-v1,qf15c
btp-national-2003,btp-national-2003.knowledge_gain@historical-v1,qf26
btp-national-2003,btp-national-2003.knowledge_gain@historical-v1,qf18
btp-national-2003,btp-national-2003.knowledge_gain@historical-v1,qf40
btp-national-2003,btp-national-2003.knowledge_gain@historical-v1,qf41
btp-national-2003,btp-national-2003.knowledge_gain@historical-v1,qf42
btp-national-2003,btp-national-2003.knowledge_gain@historical-v1,qf43
btp-national-2003,btp-national-2003.knowledge_gain@historical-v1,qf44
btp-national-2003,btp-national-2003.knowledge_gain@historical-v1,qf45
btp-national-2003,btp-national-2003.knowledge_gain@historical-v1,qf12
btp-national-2003,btp-national-2003.knowledge_gain_joint@historical-v1,qb15b
btp-national-2003,btp-national-2003.knowledge_gain_joint@historical-v1,qb15c
btp-national-2003,btp-national-2003.knowledge_gain_joint@historical-v1,qb26
btp-national-2003,btp-national-2003.knowledge_gain_joint@historical-v1,qb18
btp-national-2003,btp-national-2003.knowledge_gain_joint@historical-v1,qb40
btp-national-2003,btp-national-2003.knowledge_gain_joint@historical-v1,qb41
btp-national-2003,btp-national-2003.knowledge_gain_joint@historical-v1,qb42
btp-national-2003,btp-national-2003.knowledge_gain_joint@historical-v1,qb43
btp-national-2003,btp-national-2003.knowledge_gain_joint@historical-v1,qb44
btp-national-2003,btp-national-2003.knowledge_gain_joint@historical-v1,qb45
btp-national-2003,btp-national-2003.knowledge_gain_joint@historical-v1,qb12
btp-national-2003,btp-national-2003.knowledge_gain_joint@historical-v1,qf15b
btp-national-2003,btp-national-2003.knowledge_gain_joint@historical-v1,qf15c
btp-national-2003,btp-national-2003.knowledge_gain_joint@historical-v1,qf26
btp-national-2003,btp-national-2003.knowledge_gain_joint@historical-v1,qf18
btp-national-2003,btp-national-2003.knowledge_gain_joint@historical-v1,qf40
btp-national-2003,btp-national-2003.knowledge_gain_joint@historical-v1,qf41
btp-national-2003,btp-national-2003.knowledge_gain_joint@historical-v1,qf42
btp-national-2003,btp-national-2003.knowledge_gain_joint@historical-v1,qf43
btp-national-2003,btp-national-2003.knowledge_gain_joint@historical-v1,qf44
btp-national-2003,btp-national-2003.knowledge_gain_joint@historical-v1,qf45
btp-national-2003,btp-national-2003.knowledge_gain_joint@historical-v1,qf12
btp-national-2003,btp-national-2003.knowledge_joint@historical-v1,qb15b
btp-national-2003,btp-national-2003.knowledge_joint@historical-v1,qb15c
btp-national-2003,btp-national-2003.knowledge_joint@historical-v1,qb26
btp-national-2003,btp-national-2003.knowledge_joint@historical-v1,qb18
btp-national-2003,btp-national-2003.knowledge_joint@historical-v1,qb40
btp-national-2003,btp-national-2003.knowledge_joint@historical-v1,qb41
btp-national-2003,btp-national-2003.knowledge_joint@historical-v1,qb42
btp-national-2003,btp-national-2003.knowledge_joint@historical-v1,qb43
btp-national-2003,btp-national-2003.knowledge_joint@historical-v1,qb44
btp-national-2003,btp-national-2003.knowledge_joint@historical-v1,qb45
btp-national-2003,btp-national-2003.knowledge_joint@historical-v1,qb12
btp-national-2003,btp-national-2003.knowledge_joint@historical-v1,qf15b
btp-national-2003,btp-national-2003.knowledge_joint@historical-v1,qf15c
btp-national-2003,btp-national-2003.knowledge_joint@historical-v1,qf26
btp-national-2003,btp-national-2003.knowledge_joint@historical-v1,qf18
btp-national-2003,btp-national-2003.knowledge_joint@historical-v1,qf40
btp-national-2003,btp-national-2003.knowledge_joint@historical-v1,qf41
btp-national-2003,btp-national-2003.knowledge_joint@historical-v1,qf42
btp-national-2003,btp-national-2003.knowledge_joint@historical-v1,qf43
btp-national-2003,btp-national-2003.knowledge_joint@historical-v1,qf44
btp-national-2003,btp-national-2003.knowledge_joint@historical-v1,qf45
btp-national-2003,btp-national-2003.knowledge_joint@historical-v1,qf12
btp-national-2003,btp-national-2003.knowledge_t1@historical-v1,qb15b
btp-national-2003,btp-national-2003.knowledge_t1@historical-v1,qb15c
btp-national-2003,btp-national-2003.knowledge_t1@historical-v1,qb26
btp-national-2003,btp-national-2003.knowledge_t1@historical-v1,qb18
btp-national-2003,btp-national-2003.knowledge_t1@historical-v1,qb40
btp-national-2003,btp-national-2003.knowledge_t1@historical-v1,qb41
btp-national-2003,btp-national-2003.knowledge_t1@historical-v1,qb42
btp-national-2003,btp-national-2003.knowledge_t1@historical-v1,qb43
btp-national-2003,btp-national-2003.knowledge_t1@historical-v1,qb44
btp-national-2003,btp-national-2003.knowledge_t1@historical-v1,qb45
btp-national-2003,btp-national-2003.knowledge_t1@historical-v1,qb12
btp-national-2003,btp-national-2003.knowledge_t2@historical-v1,qf15b
btp-national-2003,btp-national-2003.knowledge_t2@historical-v1,qf15c
btp-national-2003,btp-national-2003.knowledge_t2@historical-v1,qf26
btp-national-2003,btp-national-2003.knowledge_t2@historical-v1,qf18
btp-national-2003,btp-national-2003.knowledge_t2@historical-v1,qf40
btp-national-2003,btp-national-2003.knowledge_t2@historical-v1,qf41
btp-national-2003,btp-national-2003.knowledge_t2@historical-v1,qf42
btp-national-2003,btp-national-2003.knowledge_t2@historical-v1,qf43
btp-national-2003,btp-national-2003.knowledge_t2@historical-v1,qf44
btp-national-2003,btp-national-2003.knowledge_t2@historical-v1,qf45
btp-national-2003,btp-national-2003.knowledge_t2@historical-v1,qf12
btp-national-2003,btp-national-2003.log_knowledge_joint@historical-v1,qb15b
btp-national-2003,btp-national-2003.log_knowledge_joint@historical-v1,qb15c
btp-national-2003,btp-national-2003.log_knowledge_joint@historical-v1,qb26
btp-national-2003,btp-national-2003.log_knowledge_joint@historical-v1,qb18
btp-national-2003,btp-national-2003.log_knowledge_joint@historical-v1,qb40
btp-national-2003,btp-national-2003.log_knowledge_joint@historical-v1,qb41
btp-national-2003,btp-national-2003.log_knowledge_joint@historical-v1,qb42
btp-national-2003,btp-national-2003.log_knowledge_joint@historical-v1,qb43
btp-national-2003,btp-national-2003.log_knowledge_joint@historical-v1,qb44
btp-national-2003,btp-national-2003.log_knowledge_joint@historical-v1,qb45
btp-national-2003,btp-national-2003.log_knowledge_joint@historical-v1,qb12
btp-national-2003,btp-national-2003.log_knowledge_joint@historical-v1,qf15b
btp-national-2003,btp-national-2003.log_knowledge_joint@historical-v1,qf15c
btp-national-2003,btp-national-2003.log_knowledge_joint@historical-v1,qf26
btp-national-2003,btp-national-2003.log_knowledge_joint@historical-v1,qf18
btp-national-2003,btp-national-2003.log_knowledge_joint@historical-v1,qf40
btp-national-2003,btp-national-2003.log_knowledge_joint@historical-v1,qf41
btp-national-2003,btp-national-2003.log_knowledge_joint@historical-v1,qf42
btp-national-2003,btp-national-2003.log_knowledge_joint@historical-v1,qf43
btp-national-2003,btp-national-2003.log_knowledge_joint@historical-v1,qf44
btp-national-2003,btp-national-2003.log_knowledge_joint@historical-v1,qf45
btp-national-2003,btp-national-2003.log_knowledge_joint@historical-v1,qf12
btp-national-2003,btp-national-2003.minority@historical-v1,ppeth
btp-national-2003,btp-national-2003.multilateralism_t1@historical-v1,qb10
btp-national-2003,btp-national-2003.multilateralism_t1@historical-v1,qb16
btp-national-2003,btp-national-2003.multilateralism_t1@historical-v1,qb27
btp-national-2003,btp-national-2003.multilateralism_t1@historical-v1,qb30
btp-national-2003,btp-national-2003.multilateralism_t1@historical-v1,qb28
btp-national-2003,btp-national-2003.multilateralism_t1@historical-v1,qb31
btp-national-2003,btp-national-2003.multilateralism_t1@historical-v1,qb37e
btp-national-2003,btp-national-2003.multilateralism_t1@historical-v1,qb38
btp-national-2003,btp-national-2003.multilateralism_t1@historical-v1,qb39
btp-national-2003,btp-national-2003.multilateralism_t1@historical-v1,qb32a
btp-national-2003,btp-national-2003.multilateralism_t2@historical-v1,qf10
btp-national-2003,btp-national-2003.multilateralism_t2@historical-v1,qf16
btp-national-2003,btp-national-2003.multilateralism_t2@historical-v1,qf27
btp-national-2003,btp-national-2003.multilateralism_t2@historical-v1,qf30
btp-national-2003,btp-national-2003.multilateralism_t2@historical-v1,qf28
btp-national-2003,btp-national-2003.multilateralism_t2@historical-v1,qf31
btp-national-2003,btp-national-2003.multilateralism_t2@historical-v1,qf37e
btp-national-2003,btp-national-2003.multilateralism_t2@historical-v1,qf38
btp-national-2003,btp-national-2003.multilateralism_t2@historical-v1,qf39
btp-national-2003,btp-national-2003.multilateralism_t2@historical-v1,qf32a
btp-national-2003,btp-national-2003.political_interest_t1@btpn-05-v2,qb57
btp-national-2003,btp-national-2003.security_t1@historical-v1,qb2c
btp-national-2003,btp-national-2003.security_t1@historical-v1,qb2e
btp-national-2003,btp-national-2003.security_t1@historical-v1,qb2g
btp-national-2003,btp-national-2003.security_t1@historical-v1,qb25b
btp-national-2003,btp-national-2003.security_t1@historical-v1,qb37a
btp-national-2003,btp-national-2003.security_t1@historical-v1,qb37b
btp-national-2003,btp-national-2003.security_t1@historical-v1,qb37e
btp-national-2003,btp-national-2003.security_t1@historical-v1,qb37f
btp-national-2003,btp-national-2003.security_t2@historical-v1,qf2c
btp-national-2003,btp-national-2003.security_t2@historical-v1,qf2e
btp-national-2003,btp-national-2003.security_t2@historical-v1,qf2g
btp-national-2003,btp-national-2003.security_t2@historical-v1,qf25b
btp-national-2003,btp-national-2003.security_t2@historical-v1,qf37a
btp-national-2003,btp-national-2003.security_t2@historical-v1,qf37b
btp-national-2003,btp-national-2003.security_t2@historical-v1,qf37e
btp-national-2003,btp-national-2003.security_t2@historical-v1,qf37f
btp-national-2003,btp-national-2003.trade_t1@historical-v1,qb33
btp-national-2003,btp-national-2003.trade_t2@historical-v1,qf33
tomorrows-europe-2007,age@te-05-v2,age
tomorrows-europe-2007,age@te-05-v2,v_q36
uk-eu-1995,uk-eu-1995.political_interest_t1_harmonized@v1,genint
uk-monarchy-1996,uk-monarchy-1996.political_interest_t1_harmonized@v1,A6
uk-general-election-1997,uk-general-election-1997.political_interest_t1_harmonized@v1,int1
australia-republic-1999,australia-republic-1999.political_interest_t1_harmonized@v1,intpol1
nic-1996,nic-1996.political_interest_t1_harmonized@v1,POLINTR1
nic2-2003,nic2-2003.political_interest_t1_harmonized@v1,pint_b
btp-national-2003,btp-national-2003.political_interest_t1_harmonized@v1,qb57
btp-presidential-primaries-2004,btp-presidential-primaries-2004.political_interest_t1_harmonized@v1,b1q18
btp-health-education-2005,btp-health-education-2005.political_interest_t1_harmonized@v1,q40
btp-general-election-2004,high_knowledge_joint@btpge-07-v2,w4comsta
btp-general-election-2004,knowledge_gain@btpge-07-v2,w4comsta
btp-general-election-2004,knowledge_gain_joint@btpge-07-v2,w4comsta
btp-general-election-2004,knowledge_joint@btpge-07-v2,w4comsta
btp-general-election-2004,knowledge_t1@btpge-07-v2,w4comsta
btp-general-election-2004,knowledge_t2@btpge-07-v2,w4comsta
btp-general-election-2004,log_knowledge_joint@btpge-07-v2,w4comsta
wtu-1996,research_t1_midpoint_imputed@v1,RESCH1
wtu-1996,research_t1_midpoint_imputed@v1,FEDRCH1
wtu-1996,conservation_t1_midpoint_imputed@v1,ADDFAC1
wtu-1996,conservation_t1_midpoint_imputed@v1,REDUCE1
wtu-1996,low_income_support_t1_midpoint_imputed@v1,NEEDTO1
wtu-1996,renewables_t1_midpoint_imputed@v1,RENEW1
wtu-1996,renewables_t1_midpoint_imputed@v1,WIND1
wtu-1996,fossil_fuels_t1_midpoint_imputed@v1,FUELS1
wtu-1996,imported_power_t1_midpoint_imputed@v1,BUYPWR1
wtu-1996,research_t2_midpoint_imputed@v1,RESCH2
wtu-1996,research_t2_midpoint_imputed@v1,FEDRCH2
wtu-1996,conservation_t2_midpoint_imputed@v1,ADDFAC2
wtu-1996,conservation_t2_midpoint_imputed@v1,REDUCE2
wtu-1996,low_income_support_t2_midpoint_imputed@v1,NEEDTO2
wtu-1996,renewables_t2_midpoint_imputed@v1,RENEW2
wtu-1996,renewables_t2_midpoint_imputed@v1,WIND2
wtu-1996,fossil_fuels_t2_midpoint_imputed@v1,FUELS2
wtu-1996,imported_power_t2_midpoint_imputed@v1,BUYPWR2
swepco-1996,research_t1_midpoint_imputed@v1,RESCH1
swepco-1996,research_t1_midpoint_imputed@v1,FEDRCH1
swepco-1996,conservation_t1_midpoint_imputed@v1,ADDFAC1
swepco-1996,conservation_t1_midpoint_imputed@v1,REDUCE1
swepco-1996,low_income_support_t1_midpoint_imputed@v1,NEEDTO1
swepco-1996,renewables_t1_midpoint_imputed@v1,RENEW1
swepco-1996,renewables_t1_midpoint_imputed@v1,WIND1
swepco-1996,fossil_fuels_t1_midpoint_imputed@v1,FUELS1
swepco-1996,imported_power_t1_midpoint_imputed@v1,BUYPWR1
swepco-1996,research_t2_midpoint_imputed@v1,RESCH2
swepco-1996,research_t2_midpoint_imputed@v1,FEDRCH2
swepco-1996,conservation_t2_midpoint_imputed@v1,ADDFAC2
swepco-1996,conservation_t2_midpoint_imputed@v1,REDUCE2
swepco-1996,low_income_support_t2_midpoint_imputed@v1,NEEDTO2
swepco-1996,renewables_t2_midpoint_imputed@v1,RENEW2
swepco-1996,renewables_t2_midpoint_imputed@v1,WIND2
swepco-1996,fossil_fuels_t2_midpoint_imputed@v1,FUELS2
swepco-1996,imported_power_t2_midpoint_imputed@v1,BUYPWR2
zeguo-2005,zeguo-2005.industrial_roads_t1_midpoint_imputed@v1,d2014
zeguo-2005,zeguo-2005.industrial_roads_t1_midpoint_imputed@v1,d2020
zeguo-2005,zeguo-2005.industrial_roads_t1_midpoint_imputed@v1,d2021
zeguo-2005,zeguo-2005.industrial_roads_t2_midpoint_imputed@v1,d2014p
zeguo-2005,zeguo-2005.industrial_roads_t2_midpoint_imputed@v1,d2020p
zeguo-2005,zeguo-2005.industrial_roads_t2_midpoint_imputed@v1,d2021p
zeguo-2005,zeguo-2005.village_roads_t1_midpoint_imputed@v1,d2007
zeguo-2005,zeguo-2005.village_roads_t1_midpoint_imputed@v1,d2010
zeguo-2005,zeguo-2005.village_roads_t1_midpoint_imputed@v1,d2011
zeguo-2005,zeguo-2005.village_roads_t2_midpoint_imputed@v1,d2007p
zeguo-2005,zeguo-2005.village_roads_t2_midpoint_imputed@v1,d2010p
zeguo-2005,zeguo-2005.village_roads_t2_midpoint_imputed@v1,d2011p
zeguo-2005,zeguo-2005.main_roads_t1_midpoint_imputed@v1,d2015
zeguo-2005,zeguo-2005.main_roads_t1_midpoint_imputed@v1,d2016
zeguo-2005,zeguo-2005.main_roads_t1_midpoint_imputed@v1,d2017
zeguo-2005,zeguo-2005.main_roads_t1_midpoint_imputed@v1,d2018
zeguo-2005,zeguo-2005.main_roads_t1_midpoint_imputed@v1,d2019
zeguo-2005,zeguo-2005.main_roads_t1_midpoint_imputed@v1,d2022
zeguo-2005,zeguo-2005.main_roads_t2_midpoint_imputed@v1,d2015p
zeguo-2005,zeguo-2005.main_roads_t2_midpoint_imputed@v1,d2016p
zeguo-2005,zeguo-2005.main_roads_t2_midpoint_imputed@v1,d2017p
zeguo-2005,zeguo-2005.main_roads_t2_midpoint_imputed@v1,d2018p
zeguo-2005,zeguo-2005.main_roads_t2_midpoint_imputed@v1,d2019p
zeguo-2005,zeguo-2005.main_roads_t2_midpoint_imputed@v1,d2022p
zeguo-2005,zeguo-2005.commercial_roads_t1_midpoint_imputed@v1,d2012
zeguo-2005,zeguo-2005.commercial_roads_t1_midpoint_imputed@v1,d2013
zeguo-2005,zeguo-2005.commercial_roads_t2_midpoint_imputed@v1,d2012p
zeguo-2005,zeguo-2005.commercial_roads_t2_midpoint_imputed@v1,d2013p
zeguo-2005,zeguo-2005.wenchang_main_avenue_t1_midpoint_imputed@v1,d2006
zeguo-2005,zeguo-2005.wenchang_main_avenue_t2_midpoint_imputed@v1,d2006p
zeguo-2005,zeguo-2005.other_parks_t1_midpoint_imputed@v1,d2024
zeguo-2005,zeguo-2005.other_parks_t1_midpoint_imputed@v1,d2028
zeguo-2005,zeguo-2005.other_parks_t1_midpoint_imputed@v1,d2029
zeguo-2005,zeguo-2005.other_parks_t2_midpoint_imputed@v1,d2024p
zeguo-2005,zeguo-2005.other_parks_t2_midpoint_imputed@v1,d2028p
zeguo-2005,zeguo-2005.other_parks_t2_midpoint_imputed@v1,d2029p
zeguo-2005,zeguo-2005.township_image_t1_midpoint_imputed@v1,d2025
zeguo-2005,zeguo-2005.township_image_t1_midpoint_imputed@v1,d2031
zeguo-2005,zeguo-2005.township_image_t2_midpoint_imputed@v1,d2025p
zeguo-2005,zeguo-2005.township_image_t2_midpoint_imputed@v1,d2031p
zeguo-2005,zeguo-2005.cultural_heritage_t1_midpoint_imputed@v1,d2025
zeguo-2005,zeguo-2005.cultural_heritage_t1_midpoint_imputed@v1,d2032
zeguo-2005,zeguo-2005.cultural_heritage_t2_midpoint_imputed@v1,d2025p
zeguo-2005,zeguo-2005.cultural_heritage_t2_midpoint_imputed@v1,d2032p
zeguo-2005,zeguo-2005.sewage_t1_midpoint_imputed@v1,d2030
zeguo-2005,zeguo-2005.sewage_t1_midpoint_imputed@v1,d2033
zeguo-2005,zeguo-2005.sewage_t1_midpoint_imputed@v1,d2034
zeguo-2005,zeguo-2005.sewage_t1_midpoint_imputed@v1,d2035
zeguo-2005,zeguo-2005.sewage_t2_midpoint_imputed@v1,d2030p
zeguo-2005,zeguo-2005.sewage_t2_midpoint_imputed@v1,d2033p
zeguo-2005,zeguo-2005.sewage_t2_midpoint_imputed@v1,d2034p
zeguo-2005,zeguo-2005.sewage_t2_midpoint_imputed@v1,d2035p
australia-republic-1999,republican_t2_midpoint_imputed@v1,firstop2
australia-republic-1999,republican_t2_midpoint_imputed@v1,secop2
australia-republic-1999,republican_t2_midpoint_imputed@v1,tiesbr2
australia-republic-1999,republican_t2_midpoint_imputed@v1,headaus2
australia-republic-1999,popular_t2_midpoint_imputed@v1,firstop2
australia-republic-1999,popular_t2_midpoint_imputed@v1,secop2
australia-republic-1999,republican_t1_midpoint_imputed@v1,firstop1
australia-republic-1999,republican_t1_midpoint_imputed@v1,secop1
australia-republic-1999,republican_t1_midpoint_imputed@v1,tiesbr1
australia-republic-1999,republican_t1_midpoint_imputed@v1,headaus1
australia-republic-1999,popular_t1_midpoint_imputed@v1,firstop1
australia-republic-1999,popular_t1_midpoint_imputed@v1,secop1
zeguo-2005,zeguo-2005.township_image_public_works_t1@v1,d2008
zeguo-2005,zeguo-2005.township_image_public_works_t1@v1,d2009
zeguo-2005,zeguo-2005.township_image_public_works_t1@v1,d2025
zeguo-2005,zeguo-2005.township_image_public_works_t1@v1,d2027
zeguo-2005,zeguo-2005.township_image_public_works_t1_midpoint_imputed@v1,d2008
zeguo-2005,zeguo-2005.township_image_public_works_t1_midpoint_imputed@v1,d2009
zeguo-2005,zeguo-2005.township_image_public_works_t1_midpoint_imputed@v1,d2025
zeguo-2005,zeguo-2005.township_image_public_works_t1_midpoint_imputed@v1,d2027
zeguo-2005,zeguo-2005.township_image_public_works_t2@v1,d2008p
zeguo-2005,zeguo-2005.township_image_public_works_t2@v1,d2009p
zeguo-2005,zeguo-2005.township_image_public_works_t2@v1,d2025p
zeguo-2005,zeguo-2005.township_image_public_works_t2@v1,d2027p
zeguo-2005,zeguo-2005.township_image_public_works_t2_midpoint_imputed@v1,d2008p
zeguo-2005,zeguo-2005.township_image_public_works_t2_midpoint_imputed@v1,d2009p
zeguo-2005,zeguo-2005.township_image_public_works_t2_midpoint_imputed@v1,d2025p
zeguo-2005,zeguo-2005.township_image_public_works_t2_midpoint_imputed@v1,d2027p
uk-health-1998,t2know@historical-v1,mtneed2
uk-health-1998,t2know@historical-v1,options2
uk-health-1998,t2know@historical-v1,comp2
uk-health-1998,t2know@historical-v1,well2
uk-health-1998,t2know@historical-v1,trtmt2
uk-health-1998,t2know@historical-v1,oper2
uk-health-1998,t2know@historical-v1,hlth2
uk-health-1998,t2know@historical-v1,payhlth2
uk-health-1998,t2know@historical-v1,payown2
uk-health-1998,t2know@historical-v1,cuts2
uk-health-1998,t2know@historical-v1,resrcs2
uk-health-1998,t2know@historical-v1,prsmoka2
uk-health-1998,t2know@historical-v1,prsmokb2
uk-health-1998,t2know@historical-v1,agea2
uk-health-1998,t2know@historical-v1,ageb2
uk-health-1998,t2know@historical-v1,treata2
uk-health-1998,t2know@historical-v1,treatb2
uk-health-1998,t2know@historical-v1,lifea2
uk-health-1998,t2know@historical-v1,lifeb2
uk-health-1998,t2know@historical-v1,preva2
uk-health-1998,t2know@historical-v1,prevb2
uk-health-1998,t2know@historical-v1,severa2
uk-health-1998,t2know@historical-v1,severb2
uk-health-1998,t2know@historical-v1,lista2
uk-health-1998,t2know@historical-v1,listb2
uk-health-1998,t2know@historical-v1,poora2
uk-health-1998,t2know@historical-v1,poorb2
uk-health-1998,t2know@historical-v1,ingova2
uk-health-1998,t2know@historical-v1,ingpa2
uk-health-1998,t2know@historical-v1,inhma2
uk-health-1998,t2know@historical-v1,indoca2
uk-health-1998,t2know@historical-v1,inpuba2
uk-health-1998,t2know@historical-v1,ingovb2
uk-health-1998,t2know@historical-v1,ingpb2
uk-health-1998,t2know@historical-v1,inhmb2
uk-health-1998,t2know@historical-v1,indocb2
uk-health-1998,t2know@historical-v1,inpubb2
uk-health-1998,t2know@historical-v1,bestdec2
uk-health-1998,t2know@historical-v1,cthart2
uk-health-1998,t2know@historical-v1,ctnurs2
uk-health-1998,t2know@historical-v1,ctbaby2
uk-health-1998,t2know@historical-v1,ctfert2
uk-health-1998,t2know@historical-v1,cthosp2
uk-health-1998,t2know@historical-v1,ctcosm2
uk-health-1998,t2know@historical-v1,chgp2
uk-health-1998,t2know@historical-v1,chvis2
uk-health-1998,t2know@historical-v1,chmeal2
uk-health-1998,t2know@historical-v1,chstay2
uk-health-1998,t2know@historical-v1,chamb2
uk-health-1998,t2know@historical-v1,effic2
uk-health-1998,t2know@historical-v1,say2
uk-health-1998,t2know@historical-v1,older2
uk-health-1998,t2know@historical-v1,expect2
uk-health-1998,t2know@historical-v1,save2
uk-health-1998,t2know@historical-v1,ration2
uk-health-1998,t2know@historical-v1,best2
uk-health-1998,t2know@historical-v1,social2
uk-health-1998,t2know@historical-v1,natint2
uk-health-1998,t2know@historical-v1,blame2
uk-health-1998,t2know@historical-v1,succes2
uk-health-1998,t2know@historical-v1,govrl2
uk-health-1998,t2know@historical-v1,grpdisc
uk-health-1998,t2know@historical-v1,talking
uk-health-1998,t2know@historical-v1,experts
uk-health-1998,t2know@historical-v1,pols
uk-health-1998,t2know@historical-v1,modpart
uk-health-1998,t2know@historical-v1,modinfl
uk-health-1998,t2know@historical-v1,biasmat
uk-health-1998,t2know@historical-v1,dopint
uk-health-1998,t2know@historical-v1,manwkend
uk-health-1998,t1knowcor@historical-v1,mtneed2
uk-health-1998,t1knowcor@historical-v1,options2
uk-health-1998,t1knowcor@historical-v1,comp2
uk-health-1998,t1knowcor@historical-v1,well2
uk-health-1998,t1knowcor@historical-v1,trtmt2
uk-health-1998,t1knowcor@historical-v1,oper2
uk-health-1998,t1knowcor@historical-v1,hlth2
uk-health-1998,t1knowcor@historical-v1,payhlth2
uk-health-1998,t1knowcor@historical-v1,payown2
uk-health-1998,t1knowcor@historical-v1,cuts2
uk-health-1998,t1knowcor@historical-v1,resrcs2
uk-health-1998,t1knowcor@historical-v1,prsmoka2
uk-health-1998,t1knowcor@historical-v1,prsmokb2
uk-health-1998,t1knowcor@historical-v1,agea2
uk-health-1998,t1knowcor@historical-v1,ageb2
uk-health-1998,t1knowcor@historical-v1,treata2
uk-health-1998,t1knowcor@historical-v1,treatb2
uk-health-1998,t1knowcor@historical-v1,lifea2
uk-health-1998,t1knowcor@historical-v1,lifeb2
uk-health-1998,t1knowcor@historical-v1,preva2
uk-health-1998,t1knowcor@historical-v1,prevb2
uk-health-1998,t1knowcor@historical-v1,severa2
uk-health-1998,t1knowcor@historical-v1,severb2
uk-health-1998,t1knowcor@historical-v1,lista2
uk-health-1998,t1knowcor@historical-v1,listb2
uk-health-1998,t1knowcor@historical-v1,poora2
uk-health-1998,t1knowcor@historical-v1,poorb2
uk-health-1998,t1knowcor@historical-v1,ingova2
uk-health-1998,t1knowcor@historical-v1,ingpa2
uk-health-1998,t1knowcor@historical-v1,inhma2
uk-health-1998,t1knowcor@historical-v1,indoca2
uk-health-1998,t1knowcor@historical-v1,inpuba2
uk-health-1998,t1knowcor@historical-v1,ingovb2
uk-health-1998,t1knowcor@historical-v1,ingpb2
uk-health-1998,t1knowcor@historical-v1,inhmb2
uk-health-1998,t1knowcor@historical-v1,indocb2
uk-health-1998,t1knowcor@historical-v1,inpubb2
uk-health-1998,t1knowcor@historical-v1,bestdec2
uk-health-1998,t1knowcor@historical-v1,cthart2
uk-health-1998,t1knowcor@historical-v1,ctnurs2
uk-health-1998,t1knowcor@historical-v1,ctbaby2
uk-health-1998,t1knowcor@historical-v1,ctfert2
uk-health-1998,t1knowcor@historical-v1,cthosp2
uk-health-1998,t1knowcor@historical-v1,ctcosm2
uk-health-1998,t1knowcor@historical-v1,chgp2
uk-health-1998,t1knowcor@historical-v1,chvis2
uk-health-1998,t1knowcor@historical-v1,chmeal2
uk-health-1998,t1knowcor@historical-v1,chstay2
uk-health-1998,t1knowcor@historical-v1,chamb2
uk-health-1998,t1knowcor@historical-v1,effic2
uk-health-1998,t1knowcor@historical-v1,say2
uk-health-1998,t1knowcor@historical-v1,older2
uk-health-1998,t1knowcor@historical-v1,expect2
uk-health-1998,t1knowcor@historical-v1,save2
uk-health-1998,t1knowcor@historical-v1,ration2
uk-health-1998,t1knowcor@historical-v1,best2
uk-health-1998,t1knowcor@historical-v1,social2
uk-health-1998,t1knowcor@historical-v1,natint2
uk-health-1998,t1knowcor@historical-v1,blame2
uk-health-1998,t1knowcor@historical-v1,succes2
uk-health-1998,t1knowcor@historical-v1,govrl2
uk-health-1998,t1knowcor@historical-v1,grpdisc
uk-health-1998,t1knowcor@historical-v1,talking
uk-health-1998,t1knowcor@historical-v1,experts
uk-health-1998,t1knowcor@historical-v1,pols
uk-health-1998,t1knowcor@historical-v1,modpart
uk-health-1998,t1knowcor@historical-v1,modinfl
uk-health-1998,t1knowcor@historical-v1,biasmat
uk-health-1998,t1knowcor@historical-v1,dopint
uk-health-1998,t1knowcor@historical-v1,manwkend
uk-health-1998,knowgain@historical-v1,mtneed2
uk-health-1998,knowgain@historical-v1,options2
uk-health-1998,knowgain@historical-v1,comp2
uk-health-1998,knowgain@historical-v1,well2
uk-health-1998,knowgain@historical-v1,trtmt2
uk-health-1998,knowgain@historical-v1,oper2
uk-health-1998,knowgain@historical-v1,hlth2
uk-health-1998,knowgain@historical-v1,payhlth2
uk-health-1998,knowgain@historical-v1,payown2
uk-health-1998,knowgain@historical-v1,cuts2
uk-health-1998,knowgain@historical-v1,resrcs2
uk-health-1998,knowgain@historical-v1,prsmoka2
uk-health-1998,knowgain@historical-v1,prsmokb2
uk-health-1998,knowgain@historical-v1,agea2
uk-health-1998,knowgain@historical-v1,ageb2
uk-health-1998,knowgain@historical-v1,treata2
uk-health-1998,knowgain@historical-v1,treatb2
uk-health-1998,knowgain@historical-v1,lifea2
uk-health-1998,knowgain@historical-v1,lifeb2
uk-health-1998,knowgain@historical-v1,preva2
uk-health-1998,knowgain@historical-v1,prevb2
uk-health-1998,knowgain@historical-v1,severa2
uk-health-1998,knowgain@historical-v1,severb2
uk-health-1998,knowgain@historical-v1,lista2
uk-health-1998,knowgain@historical-v1,listb2
uk-health-1998,knowgain@historical-v1,poora2
uk-health-1998,knowgain@historical-v1,poorb2
uk-health-1998,knowgain@historical-v1,ingova2
uk-health-1998,knowgain@historical-v1,ingpa2
uk-health-1998,knowgain@historical-v1,inhma2
uk-health-1998,knowgain@historical-v1,indoca2
uk-health-1998,knowgain@historical-v1,inpuba2
uk-health-1998,knowgain@historical-v1,ingovb2
uk-health-1998,knowgain@historical-v1,ingpb2
uk-health-1998,knowgain@historical-v1,inhmb2
uk-health-1998,knowgain@historical-v1,indocb2
uk-health-1998,knowgain@historical-v1,inpubb2
uk-health-1998,knowgain@historical-v1,bestdec2
uk-health-1998,knowgain@historical-v1,cthart2
uk-health-1998,knowgain@historical-v1,ctnurs2
uk-health-1998,knowgain@historical-v1,ctbaby2
uk-health-1998,knowgain@historical-v1,ctfert2
uk-health-1998,knowgain@historical-v1,cthosp2
uk-health-1998,knowgain@historical-v1,ctcosm2
uk-health-1998,knowgain@historical-v1,chgp2
uk-health-1998,knowgain@historical-v1,chvis2
uk-health-1998,knowgain@historical-v1,chmeal2
uk-health-1998,knowgain@historical-v1,chstay2
uk-health-1998,knowgain@historical-v1,chamb2
uk-health-1998,knowgain@historical-v1,effic2
uk-health-1998,knowgain@historical-v1,say2
uk-health-1998,knowgain@historical-v1,older2
uk-health-1998,knowgain@historical-v1,expect2
uk-health-1998,knowgain@historical-v1,save2
uk-health-1998,knowgain@historical-v1,ration2
uk-health-1998,knowgain@historical-v1,best2
uk-health-1998,knowgain@historical-v1,social2
uk-health-1998,knowgain@historical-v1,natint2
uk-health-1998,knowgain@historical-v1,blame2
uk-health-1998,knowgain@historical-v1,succes2
uk-health-1998,knowgain@historical-v1,govrl2
uk-health-1998,knowgain@historical-v1,grpdisc
uk-health-1998,knowgain@historical-v1,talking
uk-health-1998,knowgain@historical-v1,experts
uk-health-1998,knowgain@historical-v1,pols
uk-health-1998,knowgain@historical-v1,modpart
uk-health-1998,knowgain@historical-v1,modinfl
uk-health-1998,knowgain@historical-v1,biasmat
uk-health-1998,knowgain@historical-v1,dopint
uk-health-1998,knowgain@historical-v1,manwkend
uk-health-1998,knowgain2@historical-v1,mtneed2
uk-health-1998,knowgain2@historical-v1,options2
uk-health-1998,knowgain2@historical-v1,comp2
uk-health-1998,knowgain2@historical-v1,well2
uk-health-1998,knowgain2@historical-v1,trtmt2
uk-health-1998,knowgain2@historical-v1,oper2
uk-health-1998,knowgain2@historical-v1,hlth2
uk-health-1998,knowgain2@historical-v1,payhlth2
uk-health-1998,knowgain2@historical-v1,payown2
uk-health-1998,knowgain2@historical-v1,cuts2
uk-health-1998,knowgain2@historical-v1,resrcs2
uk-health-1998,knowgain2@historical-v1,prsmoka2
uk-health-1998,knowgain2@historical-v1,prsmokb2
uk-health-1998,knowgain2@historical-v1,agea2
uk-health-1998,knowgain2@historical-v1,ageb2
uk-health-1998,knowgain2@historical-v1,treata2
uk-health-1998,knowgain2@historical-v1,treatb2
uk-health-1998,knowgain2@historical-v1,lifea2
uk-health-1998,knowgain2@historical-v1,lifeb2
uk-health-1998,knowgain2@historical-v1,preva2
uk-health-1998,knowgain2@historical-v1,prevb2
uk-health-1998,knowgain2@historical-v1,severa2
uk-health-1998,knowgain2@historical-v1,severb2
uk-health-1998,knowgain2@historical-v1,lista2
uk-health-1998,knowgain2@historical-v1,listb2
uk-health-1998,knowgain2@historical-v1,poora2
uk-health-1998,knowgain2@historical-v1,poorb2
uk-health-1998,knowgain2@historical-v1,ingova2
uk-health-1998,knowgain2@historical-v1,ingpa2
uk-health-1998,knowgain2@historical-v1,inhma2
uk-health-1998,knowgain2@historical-v1,indoca2
uk-health-1998,knowgain2@historical-v1,inpuba2
uk-health-1998,knowgain2@historical-v1,ingovb2
uk-health-1998,knowgain2@historical-v1,ingpb2
uk-health-1998,knowgain2@historical-v1,inhmb2
uk-health-1998,knowgain2@historical-v1,indocb2
uk-health-1998,knowgain2@historical-v1,inpubb2
uk-health-1998,knowgain2@historical-v1,bestdec2
uk-health-1998,knowgain2@historical-v1,cthart2
uk-health-1998,knowgain2@historical-v1,ctnurs2
uk-health-1998,knowgain2@historical-v1,ctbaby2
uk-health-1998,knowgain2@historical-v1,ctfert2
uk-health-1998,knowgain2@historical-v1,cthosp2
uk-health-1998,knowgain2@historical-v1,ctcosm2
uk-health-1998,knowgain2@historical-v1,chgp2
uk-health-1998,knowgain2@historical-v1,chvis2
uk-health-1998,knowgain2@historical-v1,chmeal2
uk-health-1998,knowgain2@historical-v1,chstay2
uk-health-1998,knowgain2@historical-v1,chamb2
uk-health-1998,knowgain2@historical-v1,effic2
uk-health-1998,knowgain2@historical-v1,say2
uk-health-1998,knowgain2@historical-v1,older2
uk-health-1998,knowgain2@historical-v1,expect2
uk-health-1998,knowgain2@historical-v1,save2
uk-health-1998,knowgain2@historical-v1,ration2
uk-health-1998,knowgain2@historical-v1,best2
uk-health-1998,knowgain2@historical-v1,social2
uk-health-1998,knowgain2@historical-v1,natint2
uk-health-1998,knowgain2@historical-v1,blame2
uk-health-1998,knowgain2@historical-v1,succes2
uk-health-1998,knowgain2@historical-v1,govrl2
uk-health-1998,knowgain2@historical-v1,grpdisc
uk-health-1998,knowgain2@historical-v1,talking
uk-health-1998,knowgain2@historical-v1,experts
uk-health-1998,knowgain2@historical-v1,pols
uk-health-1998,knowgain2@historical-v1,modpart
uk-health-1998,knowgain2@historical-v1,modinfl
uk-health-1998,knowgain2@historical-v1,biasmat
uk-health-1998,knowgain2@historical-v1,dopint
uk-health-1998,knowgain2@historical-v1,manwkend
uk-health-1998,logpk@historical-v1,mtneed2
uk-health-1998,logpk@historical-v1,options2
uk-health-1998,logpk@historical-v1,comp2
uk-health-1998,logpk@historical-v1,well2
uk-health-1998,logpk@historical-v1,trtmt2
uk-health-1998,logpk@historical-v1,oper2
uk-health-1998,logpk@historical-v1,hlth2
uk-health-1998,logpk@historical-v1,payhlth2
uk-health-1998,logpk@historical-v1,payown2
uk-health-1998,logpk@historical-v1,cuts2
uk-health-1998,logpk@historical-v1,resrcs2
uk-health-1998,logpk@historical-v1,prsmoka2
uk-health-1998,logpk@historical-v1,prsmokb2
uk-health-1998,logpk@historical-v1,agea2
uk-health-1998,logpk@historical-v1,ageb2
uk-health-1998,logpk@historical-v1,treata2
uk-health-1998,logpk@historical-v1,treatb2
uk-health-1998,logpk@historical-v1,lifea2
uk-health-1998,logpk@historical-v1,lifeb2
uk-health-1998,logpk@historical-v1,preva2
uk-health-1998,logpk@historical-v1,prevb2
uk-health-1998,logpk@historical-v1,severa2
uk-health-1998,logpk@historical-v1,severb2
uk-health-1998,logpk@historical-v1,lista2
uk-health-1998,logpk@historical-v1,listb2
uk-health-1998,logpk@historical-v1,poora2
uk-health-1998,logpk@historical-v1,poorb2
uk-health-1998,logpk@historical-v1,ingova2
uk-health-1998,logpk@historical-v1,ingpa2
uk-health-1998,logpk@historical-v1,inhma2
uk-health-1998,logpk@historical-v1,indoca2
uk-health-1998,logpk@historical-v1,inpuba2
uk-health-1998,logpk@historical-v1,ingovb2
uk-health-1998,logpk@historical-v1,ingpb2
uk-health-1998,logpk@historical-v1,inhmb2
uk-health-1998,logpk@historical-v1,indocb2
uk-health-1998,logpk@historical-v1,inpubb2
uk-health-1998,logpk@historical-v1,bestdec2
uk-health-1998,logpk@historical-v1,cthart2
uk-health-1998,logpk@historical-v1,ctnurs2
uk-health-1998,logpk@historical-v1,ctbaby2
uk-health-1998,logpk@historical-v1,ctfert2
uk-health-1998,logpk@historical-v1,cthosp2
uk-health-1998,logpk@historical-v1,ctcosm2
uk-health-1998,logpk@historical-v1,chgp2
uk-health-1998,logpk@historical-v1,chvis2
uk-health-1998,logpk@historical-v1,chmeal2
uk-health-1998,logpk@historical-v1,chstay2
uk-health-1998,logpk@historical-v1,chamb2
uk-health-1998,logpk@historical-v1,effic2
uk-health-1998,logpk@historical-v1,say2
uk-health-1998,logpk@historical-v1,older2
uk-health-1998,logpk@historical-v1,expect2
uk-health-1998,logpk@historical-v1,save2
uk-health-1998,logpk@historical-v1,ration2
uk-health-1998,logpk@historical-v1,best2
uk-health-1998,logpk@historical-v1,social2
uk-health-1998,logpk@historical-v1,natint2
uk-health-1998,logpk@historical-v1,blame2
uk-health-1998,logpk@historical-v1,succes2
uk-health-1998,logpk@historical-v1,govrl2
uk-health-1998,logpk@historical-v1,grpdisc
uk-health-1998,logpk@historical-v1,talking
uk-health-1998,logpk@historical-v1,experts
uk-health-1998,logpk@historical-v1,pols
uk-health-1998,logpk@historical-v1,modpart
uk-health-1998,logpk@historical-v1,modinfl
uk-health-1998,logpk@historical-v1,biasmat
uk-health-1998,logpk@historical-v1,dopint
uk-health-1998,logpk@historical-v1,manwkend
uk-health-1998,tobitpk@historical-v1,mtneed2
uk-health-1998,tobitpk@historical-v1,options2
uk-health-1998,tobitpk@historical-v1,comp2
uk-health-1998,tobitpk@historical-v1,well2
uk-health-1998,tobitpk@historical-v1,trtmt2
uk-health-1998,tobitpk@historical-v1,oper2
uk-health-1998,tobitpk@historical-v1,hlth2
uk-health-1998,tobitpk@historical-v1,payhlth2
uk-health-1998,tobitpk@historical-v1,payown2
uk-health-1998,tobitpk@historical-v1,cuts2
uk-health-1998,tobitpk@historical-v1,resrcs2
uk-health-1998,tobitpk@historical-v1,prsmoka2
uk-health-1998,tobitpk@historical-v1,prsmokb2
uk-health-1998,tobitpk@historical-v1,agea2
uk-health-1998,tobitpk@historical-v1,ageb2
uk-health-1998,tobitpk@historical-v1,treata2
uk-health-1998,tobitpk@historical-v1,treatb2
uk-health-1998,tobitpk@historical-v1,lifea2
uk-health-1998,tobitpk@historical-v1,lifeb2
uk-health-1998,tobitpk@historical-v1,preva2
uk-health-1998,tobitpk@historical-v1,prevb2
uk-health-1998,tobitpk@historical-v1,severa2
uk-health-1998,tobitpk@historical-v1,severb2
uk-health-1998,tobitpk@historical-v1,lista2
uk-health-1998,tobitpk@historical-v1,listb2
uk-health-1998,tobitpk@historical-v1,poora2
uk-health-1998,tobitpk@historical-v1,poorb2
uk-health-1998,tobitpk@historical-v1,ingova2
uk-health-1998,tobitpk@historical-v1,ingpa2
uk-health-1998,tobitpk@historical-v1,inhma2
uk-health-1998,tobitpk@historical-v1,indoca2
uk-health-1998,tobitpk@historical-v1,inpuba2
uk-health-1998,tobitpk@historical-v1,ingovb2
uk-health-1998,tobitpk@historical-v1,ingpb2
uk-health-1998,tobitpk@historical-v1,inhmb2
uk-health-1998,tobitpk@historical-v1,indocb2
uk-health-1998,tobitpk@historical-v1,inpubb2
uk-health-1998,tobitpk@historical-v1,bestdec2
uk-health-1998,tobitpk@historical-v1,cthart2
uk-health-1998,tobitpk@historical-v1,ctnurs2
uk-health-1998,tobitpk@historical-v1,ctbaby2
uk-health-1998,tobitpk@historical-v1,ctfert2
uk-health-1998,tobitpk@historical-v1,cthosp2
uk-health-1998,tobitpk@historical-v1,ctcosm2
uk-health-1998,tobitpk@historical-v1,chgp2
uk-health-1998,tobitpk@historical-v1,chvis2
uk-health-1998,tobitpk@historical-v1,chmeal2
uk-health-1998,tobitpk@historical-v1,chstay2
uk-health-1998,tobitpk@historical-v1,chamb2
uk-health-1998,tobitpk@historical-v1,effic2
uk-health-1998,tobitpk@historical-v1,say2
uk-health-1998,tobitpk@historical-v1,older2
uk-health-1998,tobitpk@historical-v1,expect2
uk-health-1998,tobitpk@historical-v1,save2
uk-health-1998,tobitpk@historical-v1,ration2
uk-health-1998,tobitpk@historical-v1,best2
uk-health-1998,tobitpk@historical-v1,social2
uk-health-1998,tobitpk@historical-v1,natint2
uk-health-1998,tobitpk@historical-v1,blame2
uk-health-1998,tobitpk@historical-v1,succes2
uk-health-1998,tobitpk@historical-v1,govrl2
uk-health-1998,tobitpk@historical-v1,grpdisc
uk-health-1998,tobitpk@historical-v1,talking
uk-health-1998,tobitpk@historical-v1,experts
uk-health-1998,tobitpk@historical-v1,pols
uk-health-1998,tobitpk@historical-v1,modpart
uk-health-1998,tobitpk@historical-v1,modinfl
uk-health-1998,tobitpk@historical-v1,biasmat
uk-health-1998,tobitpk@historical-v1,dopint
uk-health-1998,tobitpk@historical-v1,manwkend
uk-general-election-1997,knowledge_t2@ukge-03-v2,int2
uk-general-election-1997,knowledge_t2@ukge-03-v2,feelcon2
uk-general-election-1997,knowledge_t2@ukge-03-v2,feellab2
uk-general-election-1997,knowledge_t2@ukge-03-v2,feelld2
uk-general-election-1997,knowledge_t2@ukge-03-v2,feelref2
uk-general-election-1997,knowledge_t2@ukge-03-v2,feelsco2
uk-general-election-1997,knowledge_t2@ukge-03-v2,feelwal2
uk-general-election-1997,knowledge_t2@ukge-03-v2,econret2
uk-general-election-1997,knowledge_t2@ukge-03-v2,inflret2
uk-general-election-1997,knowledge_t2@ukge-03-v2,unemret2
uk-general-election-1997,knowledge_t2@ukge-03-v2,taxret2
uk-general-election-1997,knowledge_t2@ukge-03-v2,hcret2
uk-general-election-1997,knowledge_t2@ukge-03-v2,educret2
uk-general-election-1997,knowledge_t2@ukge-03-v2,procon2
uk-general-election-1997,knowledge_t2@ukge-03-v2,prolab2
uk-general-election-1997,knowledge_t2@ukge-03-v2,proconi2
uk-general-election-1997,knowledge_t2@ukge-03-v2,proconu2
uk-general-election-1997,knowledge_t2@ukge-03-v2,procont2
uk-general-election-1997,knowledge_t2@ukge-03-v2,proconh2
uk-general-election-1997,knowledge_t2@ukge-03-v2,procone2
uk-general-election-1997,knowledge_t2@ukge-03-v2,prolabi2
uk-general-election-1997,knowledge_t2@ukge-03-v2,prolabu2
uk-general-election-1997,knowledge_t2@ukge-03-v2,prolabt2
uk-general-election-1997,knowledge_t2@ukge-03-v2,prolabh2
uk-general-election-1997,knowledge_t2@ukge-03-v2,prolabe2
uk-general-election-1997,knowledge_t2@ukge-03-v2,pocketb2
uk-general-election-1997,knowledge_t2@ukge-03-v2,taxfair2
uk-general-election-1997,knowledge_t2@ukge-03-v2,taxrich2
uk-general-election-1997,knowledge_t2@ukge-03-v2,redstr2
uk-general-election-1997,knowledge_t2@ukge-03-v2,taxr2
uk-general-election-1997,knowledge_t2@ukge-03-v2,wager2
uk-general-election-1997,knowledge_t2@ukge-03-v2,eur2
uk-general-election-1997,knowledge_t2@ukge-03-v2,eutax2
uk-general-election-1997,knowledge_t2@ukge-03-v2,eugov2
uk-general-election-1997,knowledge_t2@ukge-03-v2,eupound2
uk-general-election-1997,knowledge_t2@ukge-03-v2,conrich2
uk-general-election-1997,knowledge_t2@ukge-03-v2,conpoor2
uk-general-election-1997,knowledge_t2@ukge-03-v2,conwelf2
uk-general-election-1997,knowledge_t2@ukge-03-v2,conpens2
uk-general-election-1997,knowledge_t2@ukge-03-v2,labrich2
uk-general-election-1997,knowledge_t2@ukge-03-v2,labpoor2
uk-general-election-1997,knowledge_t2@ukge-03-v2,labwelf2
uk-general-election-1997,knowledge_t2@ukge-03-v2,labpens2
uk-general-election-1997,knowledge_t2@ukge-03-v2,voteint2
uk-general-election-1997,knowledge_t2@ukge-03-v2,votesur2
uk-general-election-1997,knowledge_t2@ukge-03-v2,turnout2
uk-general-election-1997,knowledge_t2@ukge-03-v2,ukdem2
uk-general-election-1997,knowledge_t2@ukge-03-v2,fearcon2
uk-general-election-1997,knowledge_t2@ukge-03-v2,fearlab2
uk-general-election-1997,knowledge_t2@ukge-03-v2,econld2
uk-general-election-1997,knowledge_t2@ukge-03-v2,listen2
uk-general-election-1997,knowledge_t2@ukge-03-v2,grpdisc
uk-general-election-1997,knowledge_t2@ukge-03-v2,talking
uk-general-election-1997,knowledge_t2@ukge-03-v2,experts
uk-general-election-1997,knowledge_t2@ukge-03-v2,pols
uk-general-election-1997,knowledge_t2@ukge-03-v2,modpart
uk-general-election-1997,knowledge_t2@ukge-03-v2,modinfl
uk-general-election-1997,knowledge_t2@ukge-03-v2,biasmat
uk-general-election-1997,knowledge_t2@ukge-03-v2,dopint
uk-general-election-1997,knowledge_t2@ukge-03-v2,partic
uk-general-election-1997,knowledge_joint@ukge-03-v2,int2
uk-general-election-1997,knowledge_joint@ukge-03-v2,feelcon2
uk-general-election-1997,knowledge_joint@ukge-03-v2,feellab2
uk-general-election-1997,knowledge_joint@ukge-03-v2,feelld2
uk-general-election-1997,knowledge_joint@ukge-03-v2,feelref2
uk-general-election-1997,knowledge_joint@ukge-03-v2,feelsco2
uk-general-election-1997,knowledge_joint@ukge-03-v2,feelwal2
uk-general-election-1997,knowledge_joint@ukge-03-v2,econret2
uk-general-election-1997,knowledge_joint@ukge-03-v2,inflret2
uk-general-election-1997,knowledge_joint@ukge-03-v2,unemret2
uk-general-election-1997,knowledge_joint@ukge-03-v2,taxret2
uk-general-election-1997,knowledge_joint@ukge-03-v2,hcret2
uk-general-election-1997,knowledge_joint@ukge-03-v2,educret2
uk-general-election-1997,knowledge_joint@ukge-03-v2,procon2
uk-general-election-1997,knowledge_joint@ukge-03-v2,prolab2
uk-general-election-1997,knowledge_joint@ukge-03-v2,proconi2
uk-general-election-1997,knowledge_joint@ukge-03-v2,proconu2
uk-general-election-1997,knowledge_joint@ukge-03-v2,procont2
uk-general-election-1997,knowledge_joint@ukge-03-v2,proconh2
uk-general-election-1997,knowledge_joint@ukge-03-v2,procone2
uk-general-election-1997,knowledge_joint@ukge-03-v2,prolabi2
uk-general-election-1997,knowledge_joint@ukge-03-v2,prolabu2
uk-general-election-1997,knowledge_joint@ukge-03-v2,prolabt2
uk-general-election-1997,knowledge_joint@ukge-03-v2,prolabh2
uk-general-election-1997,knowledge_joint@ukge-03-v2,prolabe2
uk-general-election-1997,knowledge_joint@ukge-03-v2,pocketb2
uk-general-election-1997,knowledge_joint@ukge-03-v2,taxfair2
uk-general-election-1997,knowledge_joint@ukge-03-v2,taxrich2
uk-general-election-1997,knowledge_joint@ukge-03-v2,redstr2
uk-general-election-1997,knowledge_joint@ukge-03-v2,taxr2
uk-general-election-1997,knowledge_joint@ukge-03-v2,wager2
uk-general-election-1997,knowledge_joint@ukge-03-v2,eur2
uk-general-election-1997,knowledge_joint@ukge-03-v2,eutax2
uk-general-election-1997,knowledge_joint@ukge-03-v2,eugov2
uk-general-election-1997,knowledge_joint@ukge-03-v2,eupound2
uk-general-election-1997,knowledge_joint@ukge-03-v2,conrich2
uk-general-election-1997,knowledge_joint@ukge-03-v2,conpoor2
uk-general-election-1997,knowledge_joint@ukge-03-v2,conwelf2
uk-general-election-1997,knowledge_joint@ukge-03-v2,conpens2
uk-general-election-1997,knowledge_joint@ukge-03-v2,labrich2
uk-general-election-1997,knowledge_joint@ukge-03-v2,labpoor2
uk-general-election-1997,knowledge_joint@ukge-03-v2,labwelf2
uk-general-election-1997,knowledge_joint@ukge-03-v2,labpens2
uk-general-election-1997,knowledge_joint@ukge-03-v2,voteint2
uk-general-election-1997,knowledge_joint@ukge-03-v2,votesur2
uk-general-election-1997,knowledge_joint@ukge-03-v2,turnout2
uk-general-election-1997,knowledge_joint@ukge-03-v2,ukdem2
uk-general-election-1997,knowledge_joint@ukge-03-v2,fearcon2
uk-general-election-1997,knowledge_joint@ukge-03-v2,fearlab2
uk-general-election-1997,knowledge_joint@ukge-03-v2,econld2
uk-general-election-1997,knowledge_joint@ukge-03-v2,listen2
uk-general-election-1997,knowledge_joint@ukge-03-v2,grpdisc
uk-general-election-1997,knowledge_joint@ukge-03-v2,talking
uk-general-election-1997,knowledge_joint@ukge-03-v2,experts
uk-general-election-1997,knowledge_joint@ukge-03-v2,pols
uk-general-election-1997,knowledge_joint@ukge-03-v2,modpart
uk-general-election-1997,knowledge_joint@ukge-03-v2,modinfl
uk-general-election-1997,knowledge_joint@ukge-03-v2,biasmat
uk-general-election-1997,knowledge_joint@ukge-03-v2,dopint
uk-general-election-1997,knowledge_joint@ukge-03-v2,partic
uk-general-election-1997,knowledge_gain@ukge-03-v2,int2
uk-general-election-1997,knowledge_gain@ukge-03-v2,feelcon2
uk-general-election-1997,knowledge_gain@ukge-03-v2,feellab2
uk-general-election-1997,knowledge_gain@ukge-03-v2,feelld2
uk-general-election-1997,knowledge_gain@ukge-03-v2,feelref2
uk-general-election-1997,knowledge_gain@ukge-03-v2,feelsco2
uk-general-election-1997,knowledge_gain@ukge-03-v2,feelwal2
uk-general-election-1997,knowledge_gain@ukge-03-v2,econret2
uk-general-election-1997,knowledge_gain@ukge-03-v2,inflret2
uk-general-election-1997,knowledge_gain@ukge-03-v2,unemret2
uk-general-election-1997,knowledge_gain@ukge-03-v2,taxret2
uk-general-election-1997,knowledge_gain@ukge-03-v2,hcret2
uk-general-election-1997,knowledge_gain@ukge-03-v2,educret2
uk-general-election-1997,knowledge_gain@ukge-03-v2,procon2
uk-general-election-1997,knowledge_gain@ukge-03-v2,prolab2
uk-general-election-1997,knowledge_gain@ukge-03-v2,proconi2
uk-general-election-1997,knowledge_gain@ukge-03-v2,proconu2
uk-general-election-1997,knowledge_gain@ukge-03-v2,procont2
uk-general-election-1997,knowledge_gain@ukge-03-v2,proconh2
uk-general-election-1997,knowledge_gain@ukge-03-v2,procone2
uk-general-election-1997,knowledge_gain@ukge-03-v2,prolabi2
uk-general-election-1997,knowledge_gain@ukge-03-v2,prolabu2
uk-general-election-1997,knowledge_gain@ukge-03-v2,prolabt2
uk-general-election-1997,knowledge_gain@ukge-03-v2,prolabh2
uk-general-election-1997,knowledge_gain@ukge-03-v2,prolabe2
uk-general-election-1997,knowledge_gain@ukge-03-v2,pocketb2
uk-general-election-1997,knowledge_gain@ukge-03-v2,taxfair2
uk-general-election-1997,knowledge_gain@ukge-03-v2,taxrich2
uk-general-election-1997,knowledge_gain@ukge-03-v2,redstr2
uk-general-election-1997,knowledge_gain@ukge-03-v2,taxr2
uk-general-election-1997,knowledge_gain@ukge-03-v2,wager2
uk-general-election-1997,knowledge_gain@ukge-03-v2,eur2
uk-general-election-1997,knowledge_gain@ukge-03-v2,eutax2
uk-general-election-1997,knowledge_gain@ukge-03-v2,eugov2
uk-general-election-1997,knowledge_gain@ukge-03-v2,eupound2
uk-general-election-1997,knowledge_gain@ukge-03-v2,conrich2
uk-general-election-1997,knowledge_gain@ukge-03-v2,conpoor2
uk-general-election-1997,knowledge_gain@ukge-03-v2,conwelf2
uk-general-election-1997,knowledge_gain@ukge-03-v2,conpens2
uk-general-election-1997,knowledge_gain@ukge-03-v2,labrich2
uk-general-election-1997,knowledge_gain@ukge-03-v2,labpoor2
uk-general-election-1997,knowledge_gain@ukge-03-v2,labwelf2
uk-general-election-1997,knowledge_gain@ukge-03-v2,labpens2
uk-general-election-1997,knowledge_gain@ukge-03-v2,voteint2
uk-general-election-1997,knowledge_gain@ukge-03-v2,votesur2
uk-general-election-1997,knowledge_gain@ukge-03-v2,turnout2
uk-general-election-1997,knowledge_gain@ukge-03-v2,ukdem2
uk-general-election-1997,knowledge_gain@ukge-03-v2,fearcon2
uk-general-election-1997,knowledge_gain@ukge-03-v2,fearlab2
uk-general-election-1997,knowledge_gain@ukge-03-v2,econld2
uk-general-election-1997,knowledge_gain@ukge-03-v2,listen2
uk-general-election-1997,knowledge_gain@ukge-03-v2,grpdisc
uk-general-election-1997,knowledge_gain@ukge-03-v2,talking
uk-general-election-1997,knowledge_gain@ukge-03-v2,experts
uk-general-election-1997,knowledge_gain@ukge-03-v2,pols
uk-general-election-1997,knowledge_gain@ukge-03-v2,modpart
uk-general-election-1997,knowledge_gain@ukge-03-v2,modinfl
uk-general-election-1997,knowledge_gain@ukge-03-v2,biasmat
uk-general-election-1997,knowledge_gain@ukge-03-v2,dopint
uk-general-election-1997,knowledge_gain@ukge-03-v2,partic
uk-general-election-1997,knowledge_gain_joint@ukge-03-v2,int2
uk-general-election-1997,knowledge_gain_joint@ukge-03-v2,feelcon2
uk-general-election-1997,knowledge_gain_joint@ukge-03-v2,feellab2
uk-general-election-1997,knowledge_gain_joint@ukge-03-v2,feelld2
uk-general-election-1997,knowledge_gain_joint@ukge-03-v2,feelref2
uk-general-election-1997,knowledge_gain_joint@ukge-03-v2,feelsco2
uk-general-election-1997,knowledge_gain_joint@ukge-03-v2,feelwal2
uk-general-election-1997,knowledge_gain_joint@ukge-03-v2,econret2
uk-general-election-1997,knowledge_gain_joint@ukge-03-v2,inflret2
uk-general-election-1997,knowledge_gain_joint@ukge-03-v2,unemret2
uk-general-election-1997,knowledge_gain_joint@ukge-03-v2,taxret2
uk-general-election-1997,knowledge_gain_joint@ukge-03-v2,hcret2
uk-general-election-1997,knowledge_gain_joint@ukge-03-v2,educret2
uk-general-election-1997,knowledge_gain_joint@ukge-03-v2,procon2
uk-general-election-1997,knowledge_gain_joint@ukge-03-v2,prolab2
uk-general-election-1997,knowledge_gain_joint@ukge-03-v2,proconi2
uk-general-election-1997,knowledge_gain_joint@ukge-03-v2,proconu2
uk-general-election-1997,knowledge_gain_joint@ukge-03-v2,procont2
uk-general-election-1997,knowledge_gain_joint@ukge-03-v2,proconh2
uk-general-election-1997,knowledge_gain_joint@ukge-03-v2,procone2
uk-general-election-1997,knowledge_gain_joint@ukge-03-v2,prolabi2
uk-general-election-1997,knowledge_gain_joint@ukge-03-v2,prolabu2
uk-general-election-1997,knowledge_gain_joint@ukge-03-v2,prolabt2
uk-general-election-1997,knowledge_gain_joint@ukge-03-v2,prolabh2
uk-general-election-1997,knowledge_gain_joint@ukge-03-v2,prolabe2
uk-general-election-1997,knowledge_gain_joint@ukge-03-v2,pocketb2
uk-general-election-1997,knowledge_gain_joint@ukge-03-v2,taxfair2
uk-general-election-1997,knowledge_gain_joint@ukge-03-v2,taxrich2
uk-general-election-1997,knowledge_gain_joint@ukge-03-v2,redstr2
uk-general-election-1997,knowledge_gain_joint@ukge-03-v2,taxr2
uk-general-election-1997,knowledge_gain_joint@ukge-03-v2,wager2
uk-general-election-1997,knowledge_gain_joint@ukge-03-v2,eur2
uk-general-election-1997,knowledge_gain_joint@ukge-03-v2,eutax2
uk-general-election-1997,knowledge_gain_joint@ukge-03-v2,eugov2
uk-general-election-1997,knowledge_gain_joint@ukge-03-v2,eupound2
uk-general-election-1997,knowledge_gain_joint@ukge-03-v2,conrich2
uk-general-election-1997,knowledge_gain_joint@ukge-03-v2,conpoor2
uk-general-election-1997,knowledge_gain_joint@ukge-03-v2,conwelf2
uk-general-election-1997,knowledge_gain_joint@ukge-03-v2,conpens2
uk-general-election-1997,knowledge_gain_joint@ukge-03-v2,labrich2
uk-general-election-1997,knowledge_gain_joint@ukge-03-v2,labpoor2
uk-general-election-1997,knowledge_gain_joint@ukge-03-v2,labwelf2
uk-general-election-1997,knowledge_gain_joint@ukge-03-v2,labpens2
uk-general-election-1997,knowledge_gain_joint@ukge-03-v2,voteint2
uk-general-election-1997,knowledge_gain_joint@ukge-03-v2,votesur2
uk-general-election-1997,knowledge_gain_joint@ukge-03-v2,turnout2
uk-general-election-1997,knowledge_gain_joint@ukge-03-v2,ukdem2
uk-general-election-1997,knowledge_gain_joint@ukge-03-v2,fearcon2
uk-general-election-1997,knowledge_gain_joint@ukge-03-v2,fearlab2
uk-general-election-1997,knowledge_gain_joint@ukge-03-v2,econld2
uk-general-election-1997,knowledge_gain_joint@ukge-03-v2,listen2
uk-general-election-1997,knowledge_gain_joint@ukge-03-v2,grpdisc
uk-general-election-1997,knowledge_gain_joint@ukge-03-v2,talking
uk-general-election-1997,knowledge_gain_joint@ukge-03-v2,experts
uk-general-election-1997,knowledge_gain_joint@ukge-03-v2,pols
uk-general-election-1997,knowledge_gain_joint@ukge-03-v2,modpart
uk-general-election-1997,knowledge_gain_joint@ukge-03-v2,modinfl
uk-general-election-1997,knowledge_gain_joint@ukge-03-v2,biasmat
uk-general-election-1997,knowledge_gain_joint@ukge-03-v2,dopint
uk-general-election-1997,knowledge_gain_joint@ukge-03-v2,partic
uk-general-election-1997,log_knowledge_joint@ukge-03-v2,int2
uk-general-election-1997,log_knowledge_joint@ukge-03-v2,feelcon2
uk-general-election-1997,log_knowledge_joint@ukge-03-v2,feellab2
uk-general-election-1997,log_knowledge_joint@ukge-03-v2,feelld2
uk-general-election-1997,log_knowledge_joint@ukge-03-v2,feelref2
uk-general-election-1997,log_knowledge_joint@ukge-03-v2,feelsco2
uk-general-election-1997,log_knowledge_joint@ukge-03-v2,feelwal2
uk-general-election-1997,log_knowledge_joint@ukge-03-v2,econret2
uk-general-election-1997,log_knowledge_joint@ukge-03-v2,inflret2
uk-general-election-1997,log_knowledge_joint@ukge-03-v2,unemret2
uk-general-election-1997,log_knowledge_joint@ukge-03-v2,taxret2
uk-general-election-1997,log_knowledge_joint@ukge-03-v2,hcret2
uk-general-election-1997,log_knowledge_joint@ukge-03-v2,educret2
uk-general-election-1997,log_knowledge_joint@ukge-03-v2,procon2
uk-general-election-1997,log_knowledge_joint@ukge-03-v2,prolab2
uk-general-election-1997,log_knowledge_joint@ukge-03-v2,proconi2
uk-general-election-1997,log_knowledge_joint@ukge-03-v2,proconu2
uk-general-election-1997,log_knowledge_joint@ukge-03-v2,procont2
uk-general-election-1997,log_knowledge_joint@ukge-03-v2,proconh2
uk-general-election-1997,log_knowledge_joint@ukge-03-v2,procone2
uk-general-election-1997,log_knowledge_joint@ukge-03-v2,prolabi2
uk-general-election-1997,log_knowledge_joint@ukge-03-v2,prolabu2
uk-general-election-1997,log_knowledge_joint@ukge-03-v2,prolabt2
uk-general-election-1997,log_knowledge_joint@ukge-03-v2,prolabh2
uk-general-election-1997,log_knowledge_joint@ukge-03-v2,prolabe2
uk-general-election-1997,log_knowledge_joint@ukge-03-v2,pocketb2
uk-general-election-1997,log_knowledge_joint@ukge-03-v2,taxfair2
uk-general-election-1997,log_knowledge_joint@ukge-03-v2,taxrich2
uk-general-election-1997,log_knowledge_joint@ukge-03-v2,redstr2
uk-general-election-1997,log_knowledge_joint@ukge-03-v2,taxr2
uk-general-election-1997,log_knowledge_joint@ukge-03-v2,wager2
uk-general-election-1997,log_knowledge_joint@ukge-03-v2,eur2
uk-general-election-1997,log_knowledge_joint@ukge-03-v2,eutax2
uk-general-election-1997,log_knowledge_joint@ukge-03-v2,eugov2
uk-general-election-1997,log_knowledge_joint@ukge-03-v2,eupound2
uk-general-election-1997,log_knowledge_joint@ukge-03-v2,conrich2
uk-general-election-1997,log_knowledge_joint@ukge-03-v2,conpoor2
uk-general-election-1997,log_knowledge_joint@ukge-03-v2,conwelf2
uk-general-election-1997,log_knowledge_joint@ukge-03-v2,conpens2
uk-general-election-1997,log_knowledge_joint@ukge-03-v2,labrich2
uk-general-election-1997,log_knowledge_joint@ukge-03-v2,labpoor2
uk-general-election-1997,log_knowledge_joint@ukge-03-v2,labwelf2
uk-general-election-1997,log_knowledge_joint@ukge-03-v2,labpens2
uk-general-election-1997,log_knowledge_joint@ukge-03-v2,voteint2
uk-general-election-1997,log_knowledge_joint@ukge-03-v2,votesur2
uk-general-election-1997,log_knowledge_joint@ukge-03-v2,turnout2
uk-general-election-1997,log_knowledge_joint@ukge-03-v2,ukdem2
uk-general-election-1997,log_knowledge_joint@ukge-03-v2,fearcon2
uk-general-election-1997,log_knowledge_joint@ukge-03-v2,fearlab2
uk-general-election-1997,log_knowledge_joint@ukge-03-v2,econld2
uk-general-election-1997,log_knowledge_joint@ukge-03-v2,listen2
uk-general-election-1997,log_knowledge_joint@ukge-03-v2,grpdisc
uk-general-election-1997,log_knowledge_joint@ukge-03-v2,talking
uk-general-election-1997,log_knowledge_joint@ukge-03-v2,experts
uk-general-election-1997,log_knowledge_joint@ukge-03-v2,pols
uk-general-election-1997,log_knowledge_joint@ukge-03-v2,modpart
uk-general-election-1997,log_knowledge_joint@ukge-03-v2,modinfl
uk-general-election-1997,log_knowledge_joint@ukge-03-v2,biasmat
uk-general-election-1997,log_knowledge_joint@ukge-03-v2,dopint
uk-general-election-1997,log_knowledge_joint@ukge-03-v2,partic
uk-general-election-1997,high_knowledge_joint@ukge-03-v2,int2
uk-general-election-1997,high_knowledge_joint@ukge-03-v2,feelcon2
uk-general-election-1997,high_knowledge_joint@ukge-03-v2,feellab2
uk-general-election-1997,high_knowledge_joint@ukge-03-v2,feelld2
uk-general-election-1997,high_knowledge_joint@ukge-03-v2,feelref2
uk-general-election-1997,high_knowledge_joint@ukge-03-v2,feelsco2
uk-general-election-1997,high_knowledge_joint@ukge-03-v2,feelwal2
uk-general-election-1997,high_knowledge_joint@ukge-03-v2,econret2
uk-general-election-1997,high_knowledge_joint@ukge-03-v2,inflret2
uk-general-election-1997,high_knowledge_joint@ukge-03-v2,unemret2
uk-general-election-1997,high_knowledge_joint@ukge-03-v2,taxret2
uk-general-election-1997,high_knowledge_joint@ukge-03-v2,hcret2
uk-general-election-1997,high_knowledge_joint@ukge-03-v2,educret2
uk-general-election-1997,high_knowledge_joint@ukge-03-v2,procon2
uk-general-election-1997,high_knowledge_joint@ukge-03-v2,prolab2
uk-general-election-1997,high_knowledge_joint@ukge-03-v2,proconi2
uk-general-election-1997,high_knowledge_joint@ukge-03-v2,proconu2
uk-general-election-1997,high_knowledge_joint@ukge-03-v2,procont2
uk-general-election-1997,high_knowledge_joint@ukge-03-v2,proconh2
uk-general-election-1997,high_knowledge_joint@ukge-03-v2,procone2
uk-general-election-1997,high_knowledge_joint@ukge-03-v2,prolabi2
uk-general-election-1997,high_knowledge_joint@ukge-03-v2,prolabu2
uk-general-election-1997,high_knowledge_joint@ukge-03-v2,prolabt2
uk-general-election-1997,high_knowledge_joint@ukge-03-v2,prolabh2
uk-general-election-1997,high_knowledge_joint@ukge-03-v2,prolabe2
uk-general-election-1997,high_knowledge_joint@ukge-03-v2,pocketb2
uk-general-election-1997,high_knowledge_joint@ukge-03-v2,taxfair2
uk-general-election-1997,high_knowledge_joint@ukge-03-v2,taxrich2
uk-general-election-1997,high_knowledge_joint@ukge-03-v2,redstr2
uk-general-election-1997,high_knowledge_joint@ukge-03-v2,taxr2
uk-general-election-1997,high_knowledge_joint@ukge-03-v2,wager2
uk-general-election-1997,high_knowledge_joint@ukge-03-v2,eur2
uk-general-election-1997,high_knowledge_joint@ukge-03-v2,eutax2
uk-general-election-1997,high_knowledge_joint@ukge-03-v2,eugov2
uk-general-election-1997,high_knowledge_joint@ukge-03-v2,eupound2
uk-general-election-1997,high_knowledge_joint@ukge-03-v2,conrich2
uk-general-election-1997,high_knowledge_joint@ukge-03-v2,conpoor2
uk-general-election-1997,high_knowledge_joint@ukge-03-v2,conwelf2
uk-general-election-1997,high_knowledge_joint@ukge-03-v2,conpens2
uk-general-election-1997,high_knowledge_joint@ukge-03-v2,labrich2
uk-general-election-1997,high_knowledge_joint@ukge-03-v2,labpoor2
uk-general-election-1997,high_knowledge_joint@ukge-03-v2,labwelf2
uk-general-election-1997,high_knowledge_joint@ukge-03-v2,labpens2
uk-general-election-1997,high_knowledge_joint@ukge-03-v2,voteint2
uk-general-election-1997,high_knowledge_joint@ukge-03-v2,votesur2
uk-general-election-1997,high_knowledge_joint@ukge-03-v2,turnout2
uk-general-election-1997,high_knowledge_joint@ukge-03-v2,ukdem2
uk-general-election-1997,high_knowledge_joint@ukge-03-v2,fearcon2
uk-general-election-1997,high_knowledge_joint@ukge-03-v2,fearlab2
uk-general-election-1997,high_knowledge_joint@ukge-03-v2,econld2
uk-general-election-1997,high_knowledge_joint@ukge-03-v2,listen2
uk-general-election-1997,high_knowledge_joint@ukge-03-v2,grpdisc
uk-general-election-1997,high_knowledge_joint@ukge-03-v2,talking
uk-general-election-1997,high_knowledge_joint@ukge-03-v2,experts
uk-general-election-1997,high_knowledge_joint@ukge-03-v2,pols
uk-general-election-1997,high_knowledge_joint@ukge-03-v2,modpart
uk-general-election-1997,high_knowledge_joint@ukge-03-v2,modinfl
uk-general-election-1997,high_knowledge_joint@ukge-03-v2,biasmat
uk-general-election-1997,high_knowledge_joint@ukge-03-v2,dopint
uk-general-election-1997,high_knowledge_joint@ukge-03-v2,partic
cpl-1996,knowledge_t2@historical-v1,future2
cpl-1996,knowledge_t2@historical-v1,grow2
cpl-1996,knowledge_t2@historical-v1,poll2
cpl-1996,knowledge_t2@historical-v1,needs2
cpl-1996,knowledge_t2@historical-v1,invest2
cpl-1996,knowledge_t2@historical-v1,resch2
cpl-1996,knowledge_t2@historical-v1,fedrch2
cpl-1996,knowledge_t2@historical-v1,reduce2
cpl-1996,knowledge_t2@historical-v1,jobs2
cpl-1996,knowledge_t2@historical-v1,tax2
cpl-1996,knowledge_t2@historical-v1,lowinc2
cpl-1996,knowledge_t2@historical-v1,growto2
cpl-1996,knowledge_t2@historical-v1,pollto2
cpl-1996,knowledge_t2@historical-v1,needto2
cpl-1996,knowledge_t2@historical-v1,invsto2
cpl-1996,knowledge_t2@historical-v1,lowest2
cpl-1996,knowledge_t2@historical-v1,envmt2
cpl-1996,knowledge_t2@historical-v1,jobsst2
cpl-1996,knowledge_t2@historical-v1,renew2
cpl-1996,knowledge_t2@historical-v1,im1cpl2
cpl-1996,knowledge_t2@historical-v1,im2cpl2
cpl-1996,knowledge_t2@historical-v1,im3cpl2
cpl-1996,knowledge_t2@historical-v1,pref2
cpl-1996,knowledge_t2@historical-v1,pr12
cpl-1996,knowledge_t2@historical-v1,pr22
cpl-1996,knowledge_t2@historical-v1,pr32
cpl-1996,knowledge_t2@historical-v1,costs2
cpl-1996,knowledge_t2@historical-v1,stlteq2
cpl-1996,knowledge_t2@historical-v1,winter2
cpl-1996,knowledge_t2@historical-v1,summer2
cpl-1996,knowledge_t2@historical-v1,wind2
cpl-1996,knowledge_t2@historical-v1,addfac2
cpl-1996,knowledge_t2@historical-v1,fuels2
cpl-1996,knowledge_t2@historical-v1,buypwr2
cpl-1996,knowledge_t2@historical-v1,envpct2
cpl-1996,knowledge_t2@historical-v1,paywnd2
cpl-1996,knowledge_t2@historical-v1,payfac2
cpl-1996,knowledge_t2@historical-v1,paygas2
cpl-1996,knowledge_t2@historical-v1,paybuy2
cpl-1996,knowledge_t2@historical-v1,payenv2
cpl-1996,knowledge_t2@historical-v1,paytot2
cpl-1996,knowledge_t2@historical-v1,compet2
cpl-1996,knowledge_t2@historical-v1,poor2
cpl-1996,knowledge_t2@historical-v1,impact2
cpl-1996,knowledge_t2@historical-v1,option2
cpl-1996,knowledge_t2@historical-v1,ccost2
cpl-1996,knowledge_t2@historical-v1,serv2
cpl-1996,knowledge_t2@historical-v1,ecodvt2
cpl-1996,knowledge_t2@historical-v1,demand2
cpl-1996,knowledge_t2@historical-v1,usage2
cpl-1996,knowledge_t2@historical-v1,glwarm2
cpl-1996,knowledge_t2@historical-v1,airpol2
cpl-1996,knowledge_t2@historical-v1,polfut2
cpl-1996,knowledge_t2@historical-v1,strtto2
cpl-1996,knowledge_t2@historical-v1,depend2
cpl-1996,knowledge_t2@historical-v1,change2
cpl-1996,knowledge_t2@historical-v1,im12
cpl-1996,knowledge_t2@historical-v1,im22
cpl-1996,knowledge_t2@historical-v1,im32
cpl-1996,knowledge_t2@historical-v1,im42
cpl-1996,knowledge_t2@historical-v1,stsol2
cpl-1996,knowledge_t2@historical-v1,ltsol2
cpl-1996,knowledge_t2@historical-v1,build2
cpl-1996,knowledge_t2@historical-v1,paybld2
cpl-1996,knowledge_t2@historical-v1,cntrct2
cpl-1996,knowledge_t2@historical-v1,buyout2
cpl-1996,knowledge_t2@historical-v1,payex2
cpl-1996,knowledge_t2@historical-v1,part
cpl-1996,knowledge_joint@historical-v1,future2
cpl-1996,knowledge_joint@historical-v1,grow2
cpl-1996,knowledge_joint@historical-v1,poll2
cpl-1996,knowledge_joint@historical-v1,needs2
cpl-1996,knowledge_joint@historical-v1,invest2
cpl-1996,knowledge_joint@historical-v1,resch2
cpl-1996,knowledge_joint@historical-v1,fedrch2
cpl-1996,knowledge_joint@historical-v1,reduce2
cpl-1996,knowledge_joint@historical-v1,jobs2
cpl-1996,knowledge_joint@historical-v1,tax2
cpl-1996,knowledge_joint@historical-v1,lowinc2
cpl-1996,knowledge_joint@historical-v1,growto2
cpl-1996,knowledge_joint@historical-v1,pollto2
cpl-1996,knowledge_joint@historical-v1,needto2
cpl-1996,knowledge_joint@historical-v1,invsto2
cpl-1996,knowledge_joint@historical-v1,lowest2
cpl-1996,knowledge_joint@historical-v1,envmt2
cpl-1996,knowledge_joint@historical-v1,jobsst2
cpl-1996,knowledge_joint@historical-v1,renew2
cpl-1996,knowledge_joint@historical-v1,im1cpl2
cpl-1996,knowledge_joint@historical-v1,im2cpl2
cpl-1996,knowledge_joint@historical-v1,im3cpl2
cpl-1996,knowledge_joint@historical-v1,pref2
cpl-1996,knowledge_joint@historical-v1,pr12
cpl-1996,knowledge_joint@historical-v1,pr22
cpl-1996,knowledge_joint@historical-v1,pr32
cpl-1996,knowledge_joint@historical-v1,costs2
cpl-1996,knowledge_joint@historical-v1,stlteq2
cpl-1996,knowledge_joint@historical-v1,winter2
cpl-1996,knowledge_joint@historical-v1,summer2
cpl-1996,knowledge_joint@historical-v1,wind2
cpl-1996,knowledge_joint@historical-v1,addfac2
cpl-1996,knowledge_joint@historical-v1,fuels2
cpl-1996,knowledge_joint@historical-v1,buypwr2
cpl-1996,knowledge_joint@historical-v1,envpct2
cpl-1996,knowledge_joint@historical-v1,paywnd2
cpl-1996,knowledge_joint@historical-v1,payfac2
cpl-1996,knowledge_joint@historical-v1,paygas2
cpl-1996,knowledge_joint@historical-v1,paybuy2
cpl-1996,knowledge_joint@historical-v1,payenv2
cpl-1996,knowledge_joint@historical-v1,paytot2
cpl-1996,knowledge_joint@historical-v1,compet2
cpl-1996,knowledge_joint@historical-v1,poor2
cpl-1996,knowledge_joint@historical-v1,impact2
cpl-1996,knowledge_joint@historical-v1,option2
cpl-1996,knowledge_joint@historical-v1,ccost2
cpl-1996,knowledge_joint@historical-v1,serv2
cpl-1996,knowledge_joint@historical-v1,ecodvt2
cpl-1996,knowledge_joint@historical-v1,demand2
cpl-1996,knowledge_joint@historical-v1,usage2
cpl-1996,knowledge_joint@historical-v1,glwarm2
cpl-1996,knowledge_joint@historical-v1,airpol2
cpl-1996,knowledge_joint@historical-v1,polfut2
cpl-1996,knowledge_joint@historical-v1,strtto2
cpl-1996,knowledge_joint@historical-v1,depend2
cpl-1996,knowledge_joint@historical-v1,change2
cpl-1996,knowledge_joint@historical-v1,im12
cpl-1996,knowledge_joint@historical-v1,im22
cpl-1996,knowledge_joint@historical-v1,im32
cpl-1996,knowledge_joint@historical-v1,im42
cpl-1996,knowledge_joint@historical-v1,stsol2
cpl-1996,knowledge_joint@historical-v1,ltsol2
cpl-1996,knowledge_joint@historical-v1,build2
cpl-1996,knowledge_joint@historical-v1,paybld2
cpl-1996,knowledge_joint@historical-v1,cntrct2
cpl-1996,knowledge_joint@historical-v1,buyout2
cpl-1996,knowledge_joint@historical-v1,payex2
cpl-1996,knowledge_joint@historical-v1,part
cpl-1996,knowledge_gain@historical-v1,future2
cpl-1996,knowledge_gain@historical-v1,grow2
cpl-1996,knowledge_gain@historical-v1,poll2
cpl-1996,knowledge_gain@historical-v1,needs2
cpl-1996,knowledge_gain@historical-v1,invest2
cpl-1996,knowledge_gain@historical-v1,resch2
cpl-1996,knowledge_gain@historical-v1,fedrch2
cpl-1996,knowledge_gain@historical-v1,reduce2
cpl-1996,knowledge_gain@historical-v1,jobs2
cpl-1996,knowledge_gain@historical-v1,tax2
cpl-1996,knowledge_gain@historical-v1,lowinc2
cpl-1996,knowledge_gain@historical-v1,growto2
cpl-1996,knowledge_gain@historical-v1,pollto2
cpl-1996,knowledge_gain@historical-v1,needto2
cpl-1996,knowledge_gain@historical-v1,invsto2
cpl-1996,knowledge_gain@historical-v1,lowest2
cpl-1996,knowledge_gain@historical-v1,envmt2
cpl-1996,knowledge_gain@historical-v1,jobsst2
cpl-1996,knowledge_gain@historical-v1,renew2
cpl-1996,knowledge_gain@historical-v1,im1cpl2
cpl-1996,knowledge_gain@historical-v1,im2cpl2
cpl-1996,knowledge_gain@historical-v1,im3cpl2
cpl-1996,knowledge_gain@historical-v1,pref2
cpl-1996,knowledge_gain@historical-v1,pr12
cpl-1996,knowledge_gain@historical-v1,pr22
cpl-1996,knowledge_gain@historical-v1,pr32
cpl-1996,knowledge_gain@historical-v1,costs2
cpl-1996,knowledge_gain@historical-v1,stlteq2
cpl-1996,knowledge_gain@historical-v1,winter2
cpl-1996,knowledge_gain@historical-v1,summer2
cpl-1996,knowledge_gain@historical-v1,wind2
cpl-1996,knowledge_gain@historical-v1,addfac2
cpl-1996,knowledge_gain@historical-v1,fuels2
cpl-1996,knowledge_gain@historical-v1,buypwr2
cpl-1996,knowledge_gain@historical-v1,envpct2
cpl-1996,knowledge_gain@historical-v1,paywnd2
cpl-1996,knowledge_gain@historical-v1,payfac2
cpl-1996,knowledge_gain@historical-v1,paygas2
cpl-1996,knowledge_gain@historical-v1,paybuy2
cpl-1996,knowledge_gain@historical-v1,payenv2
cpl-1996,knowledge_gain@historical-v1,paytot2
cpl-1996,knowledge_gain@historical-v1,compet2
cpl-1996,knowledge_gain@historical-v1,poor2
cpl-1996,knowledge_gain@historical-v1,impact2
cpl-1996,knowledge_gain@historical-v1,option2
cpl-1996,knowledge_gain@historical-v1,ccost2
cpl-1996,knowledge_gain@historical-v1,serv2
cpl-1996,knowledge_gain@historical-v1,ecodvt2
cpl-1996,knowledge_gain@historical-v1,demand2
cpl-1996,knowledge_gain@historical-v1,usage2
cpl-1996,knowledge_gain@historical-v1,glwarm2
cpl-1996,knowledge_gain@historical-v1,airpol2
cpl-1996,knowledge_gain@historical-v1,polfut2
cpl-1996,knowledge_gain@historical-v1,strtto2
cpl-1996,knowledge_gain@historical-v1,depend2
cpl-1996,knowledge_gain@historical-v1,change2
cpl-1996,knowledge_gain@historical-v1,im12
cpl-1996,knowledge_gain@historical-v1,im22
cpl-1996,knowledge_gain@historical-v1,im32
cpl-1996,knowledge_gain@historical-v1,im42
cpl-1996,knowledge_gain@historical-v1,stsol2
cpl-1996,knowledge_gain@historical-v1,ltsol2
cpl-1996,knowledge_gain@historical-v1,build2
cpl-1996,knowledge_gain@historical-v1,paybld2
cpl-1996,knowledge_gain@historical-v1,cntrct2
cpl-1996,knowledge_gain@historical-v1,buyout2
cpl-1996,knowledge_gain@historical-v1,payex2
cpl-1996,knowledge_gain@historical-v1,part
cpl-1996,knowledge_gain_joint@historical-v1,future2
cpl-1996,knowledge_gain_joint@historical-v1,grow2
cpl-1996,knowledge_gain_joint@historical-v1,poll2
cpl-1996,knowledge_gain_joint@historical-v1,needs2
cpl-1996,knowledge_gain_joint@historical-v1,invest2
cpl-1996,knowledge_gain_joint@historical-v1,resch2
cpl-1996,knowledge_gain_joint@historical-v1,fedrch2
cpl-1996,knowledge_gain_joint@historical-v1,reduce2
cpl-1996,knowledge_gain_joint@historical-v1,jobs2
cpl-1996,knowledge_gain_joint@historical-v1,tax2
cpl-1996,knowledge_gain_joint@historical-v1,lowinc2
cpl-1996,knowledge_gain_joint@historical-v1,growto2
cpl-1996,knowledge_gain_joint@historical-v1,pollto2
cpl-1996,knowledge_gain_joint@historical-v1,needto2
cpl-1996,knowledge_gain_joint@historical-v1,invsto2
cpl-1996,knowledge_gain_joint@historical-v1,lowest2
cpl-1996,knowledge_gain_joint@historical-v1,envmt2
cpl-1996,knowledge_gain_joint@historical-v1,jobsst2
cpl-1996,knowledge_gain_joint@historical-v1,renew2
cpl-1996,knowledge_gain_joint@historical-v1,im1cpl2
cpl-1996,knowledge_gain_joint@historical-v1,im2cpl2
cpl-1996,knowledge_gain_joint@historical-v1,im3cpl2
cpl-1996,knowledge_gain_joint@historical-v1,pref2
cpl-1996,knowledge_gain_joint@historical-v1,pr12
cpl-1996,knowledge_gain_joint@historical-v1,pr22
cpl-1996,knowledge_gain_joint@historical-v1,pr32
cpl-1996,knowledge_gain_joint@historical-v1,costs2
cpl-1996,knowledge_gain_joint@historical-v1,stlteq2
cpl-1996,knowledge_gain_joint@historical-v1,winter2
cpl-1996,knowledge_gain_joint@historical-v1,summer2
cpl-1996,knowledge_gain_joint@historical-v1,wind2
cpl-1996,knowledge_gain_joint@historical-v1,addfac2
cpl-1996,knowledge_gain_joint@historical-v1,fuels2
cpl-1996,knowledge_gain_joint@historical-v1,buypwr2
cpl-1996,knowledge_gain_joint@historical-v1,envpct2
cpl-1996,knowledge_gain_joint@historical-v1,paywnd2
cpl-1996,knowledge_gain_joint@historical-v1,payfac2
cpl-1996,knowledge_gain_joint@historical-v1,paygas2
cpl-1996,knowledge_gain_joint@historical-v1,paybuy2
cpl-1996,knowledge_gain_joint@historical-v1,payenv2
cpl-1996,knowledge_gain_joint@historical-v1,paytot2
cpl-1996,knowledge_gain_joint@historical-v1,compet2
cpl-1996,knowledge_gain_joint@historical-v1,poor2
cpl-1996,knowledge_gain_joint@historical-v1,impact2
cpl-1996,knowledge_gain_joint@historical-v1,option2
cpl-1996,knowledge_gain_joint@historical-v1,ccost2
cpl-1996,knowledge_gain_joint@historical-v1,serv2
cpl-1996,knowledge_gain_joint@historical-v1,ecodvt2
cpl-1996,knowledge_gain_joint@historical-v1,demand2
cpl-1996,knowledge_gain_joint@historical-v1,usage2
cpl-1996,knowledge_gain_joint@historical-v1,glwarm2
cpl-1996,knowledge_gain_joint@historical-v1,airpol2
cpl-1996,knowledge_gain_joint@historical-v1,polfut2
cpl-1996,knowledge_gain_joint@historical-v1,strtto2
cpl-1996,knowledge_gain_joint@historical-v1,depend2
cpl-1996,knowledge_gain_joint@historical-v1,change2
cpl-1996,knowledge_gain_joint@historical-v1,im12
cpl-1996,knowledge_gain_joint@historical-v1,im22
cpl-1996,knowledge_gain_joint@historical-v1,im32
cpl-1996,knowledge_gain_joint@historical-v1,im42
cpl-1996,knowledge_gain_joint@historical-v1,stsol2
cpl-1996,knowledge_gain_joint@historical-v1,ltsol2
cpl-1996,knowledge_gain_joint@historical-v1,build2
cpl-1996,knowledge_gain_joint@historical-v1,paybld2
cpl-1996,knowledge_gain_joint@historical-v1,cntrct2
cpl-1996,knowledge_gain_joint@historical-v1,buyout2
cpl-1996,knowledge_gain_joint@historical-v1,payex2
cpl-1996,knowledge_gain_joint@historical-v1,part
cpl-1996,log_knowledge_joint@historical-v1,future2
cpl-1996,log_knowledge_joint@historical-v1,grow2
cpl-1996,log_knowledge_joint@historical-v1,poll2
cpl-1996,log_knowledge_joint@historical-v1,needs2
cpl-1996,log_knowledge_joint@historical-v1,invest2
cpl-1996,log_knowledge_joint@historical-v1,resch2
cpl-1996,log_knowledge_joint@historical-v1,fedrch2
cpl-1996,log_knowledge_joint@historical-v1,reduce2
cpl-1996,log_knowledge_joint@historical-v1,jobs2
cpl-1996,log_knowledge_joint@historical-v1,tax2
cpl-1996,log_knowledge_joint@historical-v1,lowinc2
cpl-1996,log_knowledge_joint@historical-v1,growto2
cpl-1996,log_knowledge_joint@historical-v1,pollto2
cpl-1996,log_knowledge_joint@historical-v1,needto2
cpl-1996,log_knowledge_joint@historical-v1,invsto2
cpl-1996,log_knowledge_joint@historical-v1,lowest2
cpl-1996,log_knowledge_joint@historical-v1,envmt2
cpl-1996,log_knowledge_joint@historical-v1,jobsst2
cpl-1996,log_knowledge_joint@historical-v1,renew2
cpl-1996,log_knowledge_joint@historical-v1,im1cpl2
cpl-1996,log_knowledge_joint@historical-v1,im2cpl2
cpl-1996,log_knowledge_joint@historical-v1,im3cpl2
cpl-1996,log_knowledge_joint@historical-v1,pref2
cpl-1996,log_knowledge_joint@historical-v1,pr12
cpl-1996,log_knowledge_joint@historical-v1,pr22
cpl-1996,log_knowledge_joint@historical-v1,pr32
cpl-1996,log_knowledge_joint@historical-v1,costs2
cpl-1996,log_knowledge_joint@historical-v1,stlteq2
cpl-1996,log_knowledge_joint@historical-v1,winter2
cpl-1996,log_knowledge_joint@historical-v1,summer2
cpl-1996,log_knowledge_joint@historical-v1,wind2
cpl-1996,log_knowledge_joint@historical-v1,addfac2
cpl-1996,log_knowledge_joint@historical-v1,fuels2
cpl-1996,log_knowledge_joint@historical-v1,buypwr2
cpl-1996,log_knowledge_joint@historical-v1,envpct2
cpl-1996,log_knowledge_joint@historical-v1,paywnd2
cpl-1996,log_knowledge_joint@historical-v1,payfac2
cpl-1996,log_knowledge_joint@historical-v1,paygas2
cpl-1996,log_knowledge_joint@historical-v1,paybuy2
cpl-1996,log_knowledge_joint@historical-v1,payenv2
cpl-1996,log_knowledge_joint@historical-v1,paytot2
cpl-1996,log_knowledge_joint@historical-v1,compet2
cpl-1996,log_knowledge_joint@historical-v1,poor2
cpl-1996,log_knowledge_joint@historical-v1,impact2
cpl-1996,log_knowledge_joint@historical-v1,option2
cpl-1996,log_knowledge_joint@historical-v1,ccost2
cpl-1996,log_knowledge_joint@historical-v1,serv2
cpl-1996,log_knowledge_joint@historical-v1,ecodvt2
cpl-1996,log_knowledge_joint@historical-v1,demand2
cpl-1996,log_knowledge_joint@historical-v1,usage2
cpl-1996,log_knowledge_joint@historical-v1,glwarm2
cpl-1996,log_knowledge_joint@historical-v1,airpol2
cpl-1996,log_knowledge_joint@historical-v1,polfut2
cpl-1996,log_knowledge_joint@historical-v1,strtto2
cpl-1996,log_knowledge_joint@historical-v1,depend2
cpl-1996,log_knowledge_joint@historical-v1,change2
cpl-1996,log_knowledge_joint@historical-v1,im12
cpl-1996,log_knowledge_joint@historical-v1,im22
cpl-1996,log_knowledge_joint@historical-v1,im32
cpl-1996,log_knowledge_joint@historical-v1,im42
cpl-1996,log_knowledge_joint@historical-v1,stsol2
cpl-1996,log_knowledge_joint@historical-v1,ltsol2
cpl-1996,log_knowledge_joint@historical-v1,build2
cpl-1996,log_knowledge_joint@historical-v1,paybld2
cpl-1996,log_knowledge_joint@historical-v1,cntrct2
cpl-1996,log_knowledge_joint@historical-v1,buyout2
cpl-1996,log_knowledge_joint@historical-v1,payex2
cpl-1996,log_knowledge_joint@historical-v1,part
cpl-1996,high_knowledge_joint@historical-v1,future2
cpl-1996,high_knowledge_joint@historical-v1,grow2
cpl-1996,high_knowledge_joint@historical-v1,poll2
cpl-1996,high_knowledge_joint@historical-v1,needs2
cpl-1996,high_knowledge_joint@historical-v1,invest2
cpl-1996,high_knowledge_joint@historical-v1,resch2
cpl-1996,high_knowledge_joint@historical-v1,fedrch2
cpl-1996,high_knowledge_joint@historical-v1,reduce2
cpl-1996,high_knowledge_joint@historical-v1,jobs2
cpl-1996,high_knowledge_joint@historical-v1,tax2
cpl-1996,high_knowledge_joint@historical-v1,lowinc2
cpl-1996,high_knowledge_joint@historical-v1,growto2
cpl-1996,high_knowledge_joint@historical-v1,pollto2
cpl-1996,high_knowledge_joint@historical-v1,needto2
cpl-1996,high_knowledge_joint@historical-v1,invsto2
cpl-1996,high_knowledge_joint@historical-v1,lowest2
cpl-1996,high_knowledge_joint@historical-v1,envmt2
cpl-1996,high_knowledge_joint@historical-v1,jobsst2
cpl-1996,high_knowledge_joint@historical-v1,renew2
cpl-1996,high_knowledge_joint@historical-v1,im1cpl2
cpl-1996,high_knowledge_joint@historical-v1,im2cpl2
cpl-1996,high_knowledge_joint@historical-v1,im3cpl2
cpl-1996,high_knowledge_joint@historical-v1,pref2
cpl-1996,high_knowledge_joint@historical-v1,pr12
cpl-1996,high_knowledge_joint@historical-v1,pr22
cpl-1996,high_knowledge_joint@historical-v1,pr32
cpl-1996,high_knowledge_joint@historical-v1,costs2
cpl-1996,high_knowledge_joint@historical-v1,stlteq2
cpl-1996,high_knowledge_joint@historical-v1,winter2
cpl-1996,high_knowledge_joint@historical-v1,summer2
cpl-1996,high_knowledge_joint@historical-v1,wind2
cpl-1996,high_knowledge_joint@historical-v1,addfac2
cpl-1996,high_knowledge_joint@historical-v1,fuels2
cpl-1996,high_knowledge_joint@historical-v1,buypwr2
cpl-1996,high_knowledge_joint@historical-v1,envpct2
cpl-1996,high_knowledge_joint@historical-v1,paywnd2
cpl-1996,high_knowledge_joint@historical-v1,payfac2
cpl-1996,high_knowledge_joint@historical-v1,paygas2
cpl-1996,high_knowledge_joint@historical-v1,paybuy2
cpl-1996,high_knowledge_joint@historical-v1,payenv2
cpl-1996,high_knowledge_joint@historical-v1,paytot2
cpl-1996,high_knowledge_joint@historical-v1,compet2
cpl-1996,high_knowledge_joint@historical-v1,poor2
cpl-1996,high_knowledge_joint@historical-v1,impact2
cpl-1996,high_knowledge_joint@historical-v1,option2
cpl-1996,high_knowledge_joint@historical-v1,ccost2
cpl-1996,high_knowledge_joint@historical-v1,serv2
cpl-1996,high_knowledge_joint@historical-v1,ecodvt2
cpl-1996,high_knowledge_joint@historical-v1,demand2
cpl-1996,high_knowledge_joint@historical-v1,usage2
cpl-1996,high_knowledge_joint@historical-v1,glwarm2
cpl-1996,high_knowledge_joint@historical-v1,airpol2
cpl-1996,high_knowledge_joint@historical-v1,polfut2
cpl-1996,high_knowledge_joint@historical-v1,strtto2
cpl-1996,high_knowledge_joint@historical-v1,depend2
cpl-1996,high_knowledge_joint@historical-v1,change2
cpl-1996,high_knowledge_joint@historical-v1,im12
cpl-1996,high_knowledge_joint@historical-v1,im22
cpl-1996,high_knowledge_joint@historical-v1,im32
cpl-1996,high_knowledge_joint@historical-v1,im42
cpl-1996,high_knowledge_joint@historical-v1,stsol2
cpl-1996,high_knowledge_joint@historical-v1,ltsol2
cpl-1996,high_knowledge_joint@historical-v1,build2
cpl-1996,high_knowledge_joint@historical-v1,paybld2
cpl-1996,high_knowledge_joint@historical-v1,cntrct2
cpl-1996,high_knowledge_joint@historical-v1,buyout2
cpl-1996,high_knowledge_joint@historical-v1,payex2
cpl-1996,high_knowledge_joint@historical-v1,part
uk-crime-1994,knowledge_t2@historical-v1,punref2
uk-crime-1994,knowledge_t2@historical-v1,causapp2
uk-crime-1994,knowledge_t2@historical-v1,peoppol2
uk-crime-1994,knowledge_t2@historical-v1,innglt2
uk-crime-1994,knowledge_t2@historical-v1,unempl2
uk-crime-1994,knowledge_t2@historical-v1,violtv2
uk-crime-1994,knowledge_t2@historical-v1,timchld2
uk-crime-1994,knowledge_t2@historical-v1,tchrt2
uk-crime-1994,knowledge_t2@historical-v1,schdisc2
uk-crime-1994,knowledge_t2@historical-v1,propsec2
uk-crime-1994,knowledge_t2@historical-v1,watch2
uk-crime-1994,knowledge_t2@historical-v1,patrols2
uk-crime-1994,knowledge_t2@historical-v1,outprsn2
uk-crime-1994,knowledge_t2@historical-v1,comserv2
uk-crime-1994,knowledge_t2@historical-v1,milserv2
uk-crime-1994,knowledge_t2@historical-v1,train2
uk-crime-1994,knowledge_t2@historical-v1,morprsn2
uk-crime-1994,knowledge_t2@historical-v1,stiffer2
uk-crime-1994,knowledge_t2@historical-v1,fewpris2
uk-crime-1994,knowledge_t2@historical-v1,ptough2
uk-crime-1994,knowledge_t2@historical-v1,pr_only2
uk-crime-1994,knowledge_t2@historical-v1,life2
uk-crime-1994,knowledge_t2@historical-v1,s_tough2
uk-crime-1994,knowledge_t2@historical-v1,lifmean2
uk-crime-1994,knowledge_t2@historical-v1,refpris2
uk-crime-1994,knowledge_t2@historical-v1,morecop2
uk-crime-1994,knowledge_t2@historical-v1,copgun2
uk-crime-1994,knowledge_t2@historical-v1,compl2
uk-crime-1994,knowledge_t2@historical-v1,copbend2
uk-crime-1994,knowledge_t2@historical-v1,death2
uk-crime-1994,knowledge_t2@historical-v1,legsoft2
uk-crime-1994,knowledge_t2@historical-v1,fewjury2
uk-crime-1994,knowledge_t2@historical-v1,ctrules2
uk-crime-1994,knowledge_t2@historical-v1,presum2
uk-crime-1994,knowledge_t2@historical-v1,confess2
uk-crime-1994,knowledge_t2@historical-v1,rtsil2
uk-crime-1994,knowledge_t2@historical-v1,mentsil2
uk-crime-1994,knowledge_t2@historical-v1,cb1warn2
uk-crime-1994,knowledge_t2@historical-v1,cb1serv2
uk-crime-1994,knowledge_t2@historical-v1,cb1inst2
uk-crime-1994,knowledge_t2@historical-v1,cb1pris2
uk-crime-1994,knowledge_t2@historical-v1,special2
uk-crime-1994,knowledge_t2@historical-v1,ageadlt2
uk-crime-1994,knowledge_t2@historical-v1,lrunemp2
uk-crime-1994,knowledge_t2@historical-v1,rstiff2
uk-crime-1994,knowledge_t2@historical-v1,rtime2
uk-crime-1994,knowledge_t2@historical-v1,rpolice2
uk-crime-1994,knowledge_t2@historical-v1,rschl2
uk-crime-1994,knowledge_t2@historical-v1,rpovety2
uk-crime-1994,knowledge_t2@historical-v1,drugsce2
uk-crime-1994,knowledge_t2@historical-v1,prtoo2
uk-crime-1994,knowledge_t2@historical-v1,prhard2
uk-crime-1994,knowledge_t2@historical-v1,partint
uk-crime-1994,knowledge_t2@historical-v1,pkw42
uk-crime-1994,knowledge_t2@historical-v1,part
uk-crime-1994,knowledge_joint@historical-v1,punref2
uk-crime-1994,knowledge_joint@historical-v1,causapp2
uk-crime-1994,knowledge_joint@historical-v1,peoppol2
uk-crime-1994,knowledge_joint@historical-v1,innglt2
uk-crime-1994,knowledge_joint@historical-v1,unempl2
uk-crime-1994,knowledge_joint@historical-v1,violtv2
uk-crime-1994,knowledge_joint@historical-v1,timchld2
uk-crime-1994,knowledge_joint@historical-v1,tchrt2
uk-crime-1994,knowledge_joint@historical-v1,schdisc2
uk-crime-1994,knowledge_joint@historical-v1,propsec2
uk-crime-1994,knowledge_joint@historical-v1,watch2
uk-crime-1994,knowledge_joint@historical-v1,patrols2
uk-crime-1994,knowledge_joint@historical-v1,outprsn2
uk-crime-1994,knowledge_joint@historical-v1,comserv2
uk-crime-1994,knowledge_joint@historical-v1,milserv2
uk-crime-1994,knowledge_joint@historical-v1,train2
uk-crime-1994,knowledge_joint@historical-v1,morprsn2
uk-crime-1994,knowledge_joint@historical-v1,stiffer2
uk-crime-1994,knowledge_joint@historical-v1,fewpris2
uk-crime-1994,knowledge_joint@historical-v1,ptough2
uk-crime-1994,knowledge_joint@historical-v1,pr_only2
uk-crime-1994,knowledge_joint@historical-v1,life2
uk-crime-1994,knowledge_joint@historical-v1,s_tough2
uk-crime-1994,knowledge_joint@historical-v1,lifmean2
uk-crime-1994,knowledge_joint@historical-v1,refpris2
uk-crime-1994,knowledge_joint@historical-v1,morecop2
uk-crime-1994,knowledge_joint@historical-v1,copgun2
uk-crime-1994,knowledge_joint@historical-v1,compl2
uk-crime-1994,knowledge_joint@historical-v1,copbend2
uk-crime-1994,knowledge_joint@historical-v1,death2
uk-crime-1994,knowledge_joint@historical-v1,legsoft2
uk-crime-1994,knowledge_joint@historical-v1,fewjury2
uk-crime-1994,knowledge_joint@historical-v1,ctrules2
uk-crime-1994,knowledge_joint@historical-v1,presum2
uk-crime-1994,knowledge_joint@historical-v1,confess2
uk-crime-1994,knowledge_joint@historical-v1,rtsil2
uk-crime-1994,knowledge_joint@historical-v1,mentsil2
uk-crime-1994,knowledge_joint@historical-v1,cb1warn2
uk-crime-1994,knowledge_joint@historical-v1,cb1serv2
uk-crime-1994,knowledge_joint@historical-v1,cb1inst2
uk-crime-1994,knowledge_joint@historical-v1,cb1pris2
uk-crime-1994,knowledge_joint@historical-v1,special2
uk-crime-1994,knowledge_joint@historical-v1,ageadlt2
uk-crime-1994,knowledge_joint@historical-v1,lrunemp2
uk-crime-1994,knowledge_joint@historical-v1,rstiff2
uk-crime-1994,knowledge_joint@historical-v1,rtime2
uk-crime-1994,knowledge_joint@historical-v1,rpolice2
uk-crime-1994,knowledge_joint@historical-v1,rschl2
uk-crime-1994,knowledge_joint@historical-v1,rpovety2
uk-crime-1994,knowledge_joint@historical-v1,drugsce2
uk-crime-1994,knowledge_joint@historical-v1,prtoo2
uk-crime-1994,knowledge_joint@historical-v1,prhard2
uk-crime-1994,knowledge_joint@historical-v1,partint
uk-crime-1994,knowledge_joint@historical-v1,pkw42
uk-crime-1994,knowledge_joint@historical-v1,part
uk-crime-1994,knowledge_gain@historical-v1,punref2
uk-crime-1994,knowledge_gain@historical-v1,causapp2
uk-crime-1994,knowledge_gain@historical-v1,peoppol2
uk-crime-1994,knowledge_gain@historical-v1,innglt2
uk-crime-1994,knowledge_gain@historical-v1,unempl2
uk-crime-1994,knowledge_gain@historical-v1,violtv2
uk-crime-1994,knowledge_gain@historical-v1,timchld2
uk-crime-1994,knowledge_gain@historical-v1,tchrt2
uk-crime-1994,knowledge_gain@historical-v1,schdisc2
uk-crime-1994,knowledge_gain@historical-v1,propsec2
uk-crime-1994,knowledge_gain@historical-v1,watch2
uk-crime-1994,knowledge_gain@historical-v1,patrols2
uk-crime-1994,knowledge_gain@historical-v1,outprsn2
uk-crime-1994,knowledge_gain@historical-v1,comserv2
uk-crime-1994,knowledge_gain@historical-v1,milserv2
uk-crime-1994,knowledge_gain@historical-v1,train2
uk-crime-1994,knowledge_gain@historical-v1,morprsn2
uk-crime-1994,knowledge_gain@historical-v1,stiffer2
uk-crime-1994,knowledge_gain@historical-v1,fewpris2
uk-crime-1994,knowledge_gain@historical-v1,ptough2
uk-crime-1994,knowledge_gain@historical-v1,pr_only2
uk-crime-1994,knowledge_gain@historical-v1,life2
uk-crime-1994,knowledge_gain@historical-v1,s_tough2
uk-crime-1994,knowledge_gain@historical-v1,lifmean2
uk-crime-1994,knowledge_gain@historical-v1,refpris2
uk-crime-1994,knowledge_gain@historical-v1,morecop2
uk-crime-1994,knowledge_gain@historical-v1,copgun2
uk-crime-1994,knowledge_gain@historical-v1,compl2
uk-crime-1994,knowledge_gain@historical-v1,copbend2
uk-crime-1994,knowledge_gain@historical-v1,death2
uk-crime-1994,knowledge_gain@historical-v1,legsoft2
uk-crime-1994,knowledge_gain@historical-v1,fewjury2
uk-crime-1994,knowledge_gain@historical-v1,ctrules2
uk-crime-1994,knowledge_gain@historical-v1,presum2
uk-crime-1994,knowledge_gain@historical-v1,confess2
uk-crime-1994,knowledge_gain@historical-v1,rtsil2
uk-crime-1994,knowledge_gain@historical-v1,mentsil2
uk-crime-1994,knowledge_gain@historical-v1,cb1warn2
uk-crime-1994,knowledge_gain@historical-v1,cb1serv2
uk-crime-1994,knowledge_gain@historical-v1,cb1inst2
uk-crime-1994,knowledge_gain@historical-v1,cb1pris2
uk-crime-1994,knowledge_gain@historical-v1,special2
uk-crime-1994,knowledge_gain@historical-v1,ageadlt2
uk-crime-1994,knowledge_gain@historical-v1,lrunemp2
uk-crime-1994,knowledge_gain@historical-v1,rstiff2
uk-crime-1994,knowledge_gain@historical-v1,rtime2
uk-crime-1994,knowledge_gain@historical-v1,rpolice2
uk-crime-1994,knowledge_gain@historical-v1,rschl2
uk-crime-1994,knowledge_gain@historical-v1,rpovety2
uk-crime-1994,knowledge_gain@historical-v1,drugsce2
uk-crime-1994,knowledge_gain@historical-v1,prtoo2
uk-crime-1994,knowledge_gain@historical-v1,prhard2
uk-crime-1994,knowledge_gain@historical-v1,partint
uk-crime-1994,knowledge_gain@historical-v1,pkw42
uk-crime-1994,knowledge_gain@historical-v1,part
uk-crime-1994,knowledge_gain_joint@historical-v1,punref2
uk-crime-1994,knowledge_gain_joint@historical-v1,causapp2
uk-crime-1994,knowledge_gain_joint@historical-v1,peoppol2
uk-crime-1994,knowledge_gain_joint@historical-v1,innglt2
uk-crime-1994,knowledge_gain_joint@historical-v1,unempl2
uk-crime-1994,knowledge_gain_joint@historical-v1,violtv2
uk-crime-1994,knowledge_gain_joint@historical-v1,timchld2
uk-crime-1994,knowledge_gain_joint@historical-v1,tchrt2
uk-crime-1994,knowledge_gain_joint@historical-v1,schdisc2
uk-crime-1994,knowledge_gain_joint@historical-v1,propsec2
uk-crime-1994,knowledge_gain_joint@historical-v1,watch2
uk-crime-1994,knowledge_gain_joint@historical-v1,patrols2
uk-crime-1994,knowledge_gain_joint@historical-v1,outprsn2
uk-crime-1994,knowledge_gain_joint@historical-v1,comserv2
uk-crime-1994,knowledge_gain_joint@historical-v1,milserv2
uk-crime-1994,knowledge_gain_joint@historical-v1,train2
uk-crime-1994,knowledge_gain_joint@historical-v1,morprsn2
uk-crime-1994,knowledge_gain_joint@historical-v1,stiffer2
uk-crime-1994,knowledge_gain_joint@historical-v1,fewpris2
uk-crime-1994,knowledge_gain_joint@historical-v1,ptough2
uk-crime-1994,knowledge_gain_joint@historical-v1,pr_only2
uk-crime-1994,knowledge_gain_joint@historical-v1,life2
uk-crime-1994,knowledge_gain_joint@historical-v1,s_tough2
uk-crime-1994,knowledge_gain_joint@historical-v1,lifmean2
uk-crime-1994,knowledge_gain_joint@historical-v1,refpris2
uk-crime-1994,knowledge_gain_joint@historical-v1,morecop2
uk-crime-1994,knowledge_gain_joint@historical-v1,copgun2
uk-crime-1994,knowledge_gain_joint@historical-v1,compl2
uk-crime-1994,knowledge_gain_joint@historical-v1,copbend2
uk-crime-1994,knowledge_gain_joint@historical-v1,death2
uk-crime-1994,knowledge_gain_joint@historical-v1,legsoft2
uk-crime-1994,knowledge_gain_joint@historical-v1,fewjury2
uk-crime-1994,knowledge_gain_joint@historical-v1,ctrules2
uk-crime-1994,knowledge_gain_joint@historical-v1,presum2
uk-crime-1994,knowledge_gain_joint@historical-v1,confess2
uk-crime-1994,knowledge_gain_joint@historical-v1,rtsil2
uk-crime-1994,knowledge_gain_joint@historical-v1,mentsil2
uk-crime-1994,knowledge_gain_joint@historical-v1,cb1warn2
uk-crime-1994,knowledge_gain_joint@historical-v1,cb1serv2
uk-crime-1994,knowledge_gain_joint@historical-v1,cb1inst2
uk-crime-1994,knowledge_gain_joint@historical-v1,cb1pris2
uk-crime-1994,knowledge_gain_joint@historical-v1,special2
uk-crime-1994,knowledge_gain_joint@historical-v1,ageadlt2
uk-crime-1994,knowledge_gain_joint@historical-v1,lrunemp2
uk-crime-1994,knowledge_gain_joint@historical-v1,rstiff2
uk-crime-1994,knowledge_gain_joint@historical-v1,rtime2
uk-crime-1994,knowledge_gain_joint@historical-v1,rpolice2
uk-crime-1994,knowledge_gain_joint@historical-v1,rschl2
uk-crime-1994,knowledge_gain_joint@historical-v1,rpovety2
uk-crime-1994,knowledge_gain_joint@historical-v1,drugsce2
uk-crime-1994,knowledge_gain_joint@historical-v1,prtoo2
uk-crime-1994,knowledge_gain_joint@historical-v1,prhard2
uk-crime-1994,knowledge_gain_joint@historical-v1,partint
uk-crime-1994,knowledge_gain_joint@historical-v1,pkw42
uk-crime-1994,knowledge_gain_joint@historical-v1,part
uk-crime-1994,log_knowledge_joint@historical-v1,punref2
uk-crime-1994,log_knowledge_joint@historical-v1,causapp2
uk-crime-1994,log_knowledge_joint@historical-v1,peoppol2
uk-crime-1994,log_knowledge_joint@historical-v1,innglt2
uk-crime-1994,log_knowledge_joint@historical-v1,unempl2
uk-crime-1994,log_knowledge_joint@historical-v1,violtv2
uk-crime-1994,log_knowledge_joint@historical-v1,timchld2
uk-crime-1994,log_knowledge_joint@historical-v1,tchrt2
uk-crime-1994,log_knowledge_joint@historical-v1,schdisc2
uk-crime-1994,log_knowledge_joint@historical-v1,propsec2
uk-crime-1994,log_knowledge_joint@historical-v1,watch2
uk-crime-1994,log_knowledge_joint@historical-v1,patrols2
uk-crime-1994,log_knowledge_joint@historical-v1,outprsn2
uk-crime-1994,log_knowledge_joint@historical-v1,comserv2
uk-crime-1994,log_knowledge_joint@historical-v1,milserv2
uk-crime-1994,log_knowledge_joint@historical-v1,train2
uk-crime-1994,log_knowledge_joint@historical-v1,morprsn2
uk-crime-1994,log_knowledge_joint@historical-v1,stiffer2
uk-crime-1994,log_knowledge_joint@historical-v1,fewpris2
uk-crime-1994,log_knowledge_joint@historical-v1,ptough2
uk-crime-1994,log_knowledge_joint@historical-v1,pr_only2
uk-crime-1994,log_knowledge_joint@historical-v1,life2
uk-crime-1994,log_knowledge_joint@historical-v1,s_tough2
uk-crime-1994,log_knowledge_joint@historical-v1,lifmean2
uk-crime-1994,log_knowledge_joint@historical-v1,refpris2
uk-crime-1994,log_knowledge_joint@historical-v1,morecop2
uk-crime-1994,log_knowledge_joint@historical-v1,copgun2
uk-crime-1994,log_knowledge_joint@historical-v1,compl2
uk-crime-1994,log_knowledge_joint@historical-v1,copbend2
uk-crime-1994,log_knowledge_joint@historical-v1,death2
uk-crime-1994,log_knowledge_joint@historical-v1,legsoft2
uk-crime-1994,log_knowledge_joint@historical-v1,fewjury2
uk-crime-1994,log_knowledge_joint@historical-v1,ctrules2
uk-crime-1994,log_knowledge_joint@historical-v1,presum2
uk-crime-1994,log_knowledge_joint@historical-v1,confess2
uk-crime-1994,log_knowledge_joint@historical-v1,rtsil2
uk-crime-1994,log_knowledge_joint@historical-v1,mentsil2
uk-crime-1994,log_knowledge_joint@historical-v1,cb1warn2
uk-crime-1994,log_knowledge_joint@historical-v1,cb1serv2
uk-crime-1994,log_knowledge_joint@historical-v1,cb1inst2
uk-crime-1994,log_knowledge_joint@historical-v1,cb1pris2
uk-crime-1994,log_knowledge_joint@historical-v1,special2
uk-crime-1994,log_knowledge_joint@historical-v1,ageadlt2
uk-crime-1994,log_knowledge_joint@historical-v1,lrunemp2
uk-crime-1994,log_knowledge_joint@historical-v1,rstiff2
uk-crime-1994,log_knowledge_joint@historical-v1,rtime2
uk-crime-1994,log_knowledge_joint@historical-v1,rpolice2
uk-crime-1994,log_knowledge_joint@historical-v1,rschl2
uk-crime-1994,log_knowledge_joint@historical-v1,rpovety2
uk-crime-1994,log_knowledge_joint@historical-v1,drugsce2
uk-crime-1994,log_knowledge_joint@historical-v1,prtoo2
uk-crime-1994,log_knowledge_joint@historical-v1,prhard2
uk-crime-1994,log_knowledge_joint@historical-v1,partint
uk-crime-1994,log_knowledge_joint@historical-v1,pkw42
uk-crime-1994,log_knowledge_joint@historical-v1,part
uk-crime-1994,high_knowledge_joint@historical-v1,punref2
uk-crime-1994,high_knowledge_joint@historical-v1,causapp2
uk-crime-1994,high_knowledge_joint@historical-v1,peoppol2
uk-crime-1994,high_knowledge_joint@historical-v1,innglt2
uk-crime-1994,high_knowledge_joint@historical-v1,unempl2
uk-crime-1994,high_knowledge_joint@historical-v1,violtv2
uk-crime-1994,high_knowledge_joint@historical-v1,timchld2
uk-crime-1994,high_knowledge_joint@historical-v1,tchrt2
uk-crime-1994,high_knowledge_joint@historical-v1,schdisc2
uk-crime-1994,high_knowledge_joint@historical-v1,propsec2
uk-crime-1994,high_knowledge_joint@historical-v1,watch2
uk-crime-1994,high_knowledge_joint@historical-v1,patrols2
uk-crime-1994,high_knowledge_joint@historical-v1,outprsn2
uk-crime-1994,high_knowledge_joint@historical-v1,comserv2
uk-crime-1994,high_knowledge_joint@historical-v1,milserv2
uk-crime-1994,high_knowledge_joint@historical-v1,train2
uk-crime-1994,high_knowledge_joint@historical-v1,morprsn2
uk-crime-1994,high_knowledge_joint@historical-v1,stiffer2
uk-crime-1994,high_knowledge_joint@historical-v1,fewpris2
uk-crime-1994,high_knowledge_joint@historical-v1,ptough2
uk-crime-1994,high_knowledge_joint@historical-v1,pr_only2
uk-crime-1994,high_knowledge_joint@historical-v1,life2
uk-crime-1994,high_knowledge_joint@historical-v1,s_tough2
uk-crime-1994,high_knowledge_joint@historical-v1,lifmean2
uk-crime-1994,high_knowledge_joint@historical-v1,refpris2
uk-crime-1994,high_knowledge_joint@historical-v1,morecop2
uk-crime-1994,high_knowledge_joint@historical-v1,copgun2
uk-crime-1994,high_knowledge_joint@historical-v1,compl2
uk-crime-1994,high_knowledge_joint@historical-v1,copbend2
uk-crime-1994,high_knowledge_joint@historical-v1,death2
uk-crime-1994,high_knowledge_joint@historical-v1,legsoft2
uk-crime-1994,high_knowledge_joint@historical-v1,fewjury2
uk-crime-1994,high_knowledge_joint@historical-v1,ctrules2
uk-crime-1994,high_knowledge_joint@historical-v1,presum2
uk-crime-1994,high_knowledge_joint@historical-v1,confess2
uk-crime-1994,high_knowledge_joint@historical-v1,rtsil2
uk-crime-1994,high_knowledge_joint@historical-v1,mentsil2
uk-crime-1994,high_knowledge_joint@historical-v1,cb1warn2
uk-crime-1994,high_knowledge_joint@historical-v1,cb1serv2
uk-crime-1994,high_knowledge_joint@historical-v1,cb1inst2
uk-crime-1994,high_knowledge_joint@historical-v1,cb1pris2
uk-crime-1994,high_knowledge_joint@historical-v1,special2
uk-crime-1994,high_knowledge_joint@historical-v1,ageadlt2
uk-crime-1994,high_knowledge_joint@historical-v1,lrunemp2
uk-crime-1994,high_knowledge_joint@historical-v1,rstiff2
uk-crime-1994,high_knowledge_joint@historical-v1,rtime2
uk-crime-1994,high_knowledge_joint@historical-v1,rpolice2
uk-crime-1994,high_knowledge_joint@historical-v1,rschl2
uk-crime-1994,high_knowledge_joint@historical-v1,rpovety2
uk-crime-1994,high_knowledge_joint@historical-v1,drugsce2
uk-crime-1994,high_knowledge_joint@historical-v1,prtoo2
uk-crime-1994,high_knowledge_joint@historical-v1,prhard2
uk-crime-1994,high_knowledge_joint@historical-v1,partint
uk-crime-1994,high_knowledge_joint@historical-v1,pkw42
uk-crime-1994,high_knowledge_joint@historical-v1,part
nic-1996,knowledge_t1@historical-v1,AGE18UP1
nic-1996,knowledge_t1@historical-v1,BIRTHDY1
nic-1996,knowledge_t1@historical-v1,BYEAR
nic-1996,knowledge_t1@historical-v1,BDAYRTE1
nic-1996,knowledge_t1@historical-v1,SEX1
nic-1996,knowledge_t1@historical-v1,WATCHTV1
nic-1996,knowledge_t1@historical-v1,WTCHPUB1
nic-1996,knowledge_t1@historical-v1,READNWS1
nic-1996,knowledge_t1@historical-v1,NEWSRC1
nic-1996,knowledge_t1@historical-v1,POLINTR1
nic-1996,knowledge_t1@historical-v1,TALKPOL1
nic-1996,knowledge_t1@historical-v1,WORKPOL1
nic-1996,knowledge_t1@historical-v1,SEEPOL1
nic-1996,knowledge_t1@historical-v1,CAHSPOL1
nic-1996,knowledge_t1@historical-v1,PARTY1
nic-1996,knowledge_t1@historical-v1,CLOSER1
nic-1996,knowledge_t1@historical-v1,VOTED1
nic-1996,knowledge_t1@historical-v1,VOTEWHO1
nic-1996,knowledge_t1@historical-v1,RELHUM1
nic-1996,knowledge_t1@historical-v1,INTERST1
nic-1996,knowledge_t1@historical-v1,RESAUTH1
nic-1996,knowledge_t1@historical-v1,PROPRIT1
nic-1996,knowledge_t1@historical-v1,RICHES1
nic-1996,knowledge_t1@historical-v1,SACRIFI1
nic-1996,knowledge_t1@historical-v1,FOREIGN1
nic-1996,knowledge_t1@historical-v1,WORKMOM1
nic-1996,knowledge_t1@historical-v1,TRADFAM1
nic-1996,knowledge_t1@historical-v1,MARITAL1
nic-1996,knowledge_t1@historical-v1,FATHERS1
nic-1996,knowledge_t1@historical-v1,MALGRD1
nic-1996,knowledge_t1@historical-v1,MOTHERS1
nic-1996,knowledge_t1@historical-v1,FEMGRD1
nic-1996,knowledge_t1@historical-v1,BROTHER1
nic-1996,knowledge_t1@historical-v1,SISTERS1
nic-1996,knowledge_t1@historical-v1,SPOUSES1
nic-1996,knowledge_t1@historical-v1,CHILDRN1
nic-1996,knowledge_t1@historical-v1,GPARNTS1
nic-1996,knowledge_t1@historical-v1,RELATIV1
nic-1996,knowledge_t1@historical-v1,NONRELT1
nic-1996,knowledge_t1@historical-v1,EDLEVEL1
nic-1996,knowledge_t1@historical-v1,EMPLOYD1
nic-1996,knowledge_t1@historical-v1,JOBTYPE1
nic-1996,knowledge_t1@historical-v1,RELIGN1
nic-1996,knowledge_t1@historical-v1,FIRSTRL1
nic-1996,knowledge_t1@historical-v1,RELSERV1
nic-1996,knowledge_t1@historical-v1,PRAY1
nic-1996,knowledge_t1@historical-v1,BIBLE1
nic-1996,knowledge_t1@historical-v1,RELRITE1
nic-1996,knowledge_t1@historical-v1,HISPANI1
nic-1996,knowledge_t1@historical-v1,HISPTYP1
nic-1996,knowledge_t1@historical-v1,RACE1
nic-1996,knowledge_t1@historical-v1,HISP811
nic-1996,knowledge_t1@historical-v1,BLACK821
nic-1996,knowledge_t1@historical-v1,HISPBLA1
nic-1996,knowledge_t1@historical-v1,INCOME1
nic-1996,knowledge_t1@historical-v1,FINANCE1
nic-1996,knowledge_t1@historical-v1,IAQDATE1
nic-1996,knowledge_t1@historical-v1,SAQPRES1
nic-1996,knowledge_t1@historical-v1,GOVSAY1
nic-1996,knowledge_t1@historical-v1,OFFCARE1
nic-1996,knowledge_t1@historical-v1,POLCOMP1
nic-1996,knowledge_t1@historical-v1,TOUCH1
nic-1996,knowledge_t1@historical-v1,POLOPIN1
nic-1996,knowledge_t1@historical-v1,STANDUP1
nic-1996,knowledge_t1@historical-v1,FAMILY1
nic-1996,knowledge_t1@historical-v1,FAMPROB1
nic-1996,knowledge_t1@historical-v1,GOVINV1
nic-1996,knowledge_t1@historical-v1,DIVLAW1
nic-1996,knowledge_t1@historical-v1,DEADDAD1
nic-1996,knowledge_t1@historical-v1,MORALED1
nic-1996,knowledge_t1@historical-v1,FAMPLAN1
nic-1996,knowledge_t1@historical-v1,GOVSCH1
nic-1996,knowledge_t1@historical-v1,GOVPOOR1
nic-1996,knowledge_t1@historical-v1,TVSEX1
nic-1996,knowledge_t1@historical-v1,SCHPRAY1
nic-1996,knowledge_t1@historical-v1,SEXED1
nic-1996,knowledge_t1@historical-v1,WELROOT1
nic-1996,knowledge_t1@historical-v1,FAMECON1
nic-1996,knowledge_t1@historical-v1,KIDTIME1
nic-1996,knowledge_t1@historical-v1,BABYSIT1
nic-1996,knowledge_t1@historical-v1,TROOPS1
nic-1996,knowledge_t1@historical-v1,MILINTV1
nic-1996,knowledge_t1@historical-v1,MILCOOP1
nic-1996,knowledge_t1@historical-v1,STAY1
nic-1996,knowledge_t1@historical-v1,WEAPON1
nic-1996,knowledge_t1@historical-v1,ENVIRON1
nic-1996,knowledge_t1@historical-v1,ENERGY1
nic-1996,knowledge_t1@historical-v1,PRODEMO1
nic-1996,knowledge_t1@historical-v1,AIDBUSI1
nic-1996,knowledge_t1@historical-v1,FAMINE1
nic-1996,knowledge_t1@historical-v1,HUMAN1
nic-1996,knowledge_t1@historical-v1,WEAKER1
nic-1996,knowledge_t1@historical-v1,PROECON1
nic-1996,knowledge_t1@historical-v1,IMPOPP1
nic-1996,knowledge_t1@historical-v1,FORAID1
nic-1996,knowledge_t1@historical-v1,SPENVIR1
nic-1996,knowledge_t1@historical-v1,SPMEDIC1
nic-1996,knowledge_t1@historical-v1,SPLAW1
nic-1996,knowledge_t1@historical-v1,SPDRUG1
nic-1996,knowledge_t1@historical-v1,SPEDUC1
nic-1996,knowledge_t1@historical-v1,SPDEF1
nic-1996,knowledge_t1@historical-v1,SPFAID1
nic-1996,knowledge_t1@historical-v1,SPWELF1
nic-1996,knowledge_t1@historical-v1,SPSS1
nic-1996,knowledge_t1@historical-v1,REDDEF1
nic-1996,knowledge_t1@historical-v1,DEFRED1
nic-1996,knowledge_t1@historical-v1,CTENVIR1
nic-1996,knowledge_t1@historical-v1,CTMEDIC1
nic-1996,knowledge_t1@historical-v1,CTLAW1
nic-1996,knowledge_t1@historical-v1,CTDRUG1
nic-1996,knowledge_t1@historical-v1,CTEDUC1
nic-1996,knowledge_t1@historical-v1,CTDEF1
nic-1996,knowledge_t1@historical-v1,CTFAID1
nic-1996,knowledge_t1@historical-v1,CTWELF1
nic-1996,knowledge_t1@historical-v1,CTSS1
nic-1996,knowledge_t1@historical-v1,TRAIN1
nic-1996,knowledge_t1@historical-v1,SAFNET1
nic-1996,knowledge_t1@historical-v1,AHEAD1
nic-1996,knowledge_t1@historical-v1,PROFIT1
nic-1996,knowledge_t1@historical-v1,FAIRPAY1
nic-1996,knowledge_t1@historical-v1,ACHIEVE1
nic-1996,knowledge_t1@historical-v1,TAXRATE1
nic-1996,knowledge_t1@historical-v1,SALETAX1
nic-1996,knowledge_t1@historical-v1,TAXREDU1
nic-1996,knowledge_t1@historical-v1,FLATTAX1
nic-1996,knowledge_t1@historical-v1,GRADTAX1
nic-1996,knowledge_t1@historical-v1,FORTRAD1
nic-1996,knowledge_t1@historical-v1,TRADBAR1
nic-1996,knowledge_t1@historical-v1,NAFTA1
nic-1996,knowledge_t1@historical-v1,FRETRAD1
nic-1996,knowledge_t1@historical-v1,POLSELF1
nic-1996,knowledge_joint@historical-v1,AGE18UP1
nic-1996,knowledge_joint@historical-v1,BIRTHDY1
nic-1996,knowledge_joint@historical-v1,BYEAR
nic-1996,knowledge_joint@historical-v1,BDAYRTE1
nic-1996,knowledge_joint@historical-v1,SEX1
nic-1996,knowledge_joint@historical-v1,WATCHTV1
nic-1996,knowledge_joint@historical-v1,WTCHPUB1
nic-1996,knowledge_joint@historical-v1,READNWS1
nic-1996,knowledge_joint@historical-v1,NEWSRC1
nic-1996,knowledge_joint@historical-v1,POLINTR1
nic-1996,knowledge_joint@historical-v1,TALKPOL1
nic-1996,knowledge_joint@historical-v1,WORKPOL1
nic-1996,knowledge_joint@historical-v1,SEEPOL1
nic-1996,knowledge_joint@historical-v1,CAHSPOL1
nic-1996,knowledge_joint@historical-v1,PARTY1
nic-1996,knowledge_joint@historical-v1,CLOSER1
nic-1996,knowledge_joint@historical-v1,VOTED1
nic-1996,knowledge_joint@historical-v1,VOTEWHO1
nic-1996,knowledge_joint@historical-v1,RELHUM1
nic-1996,knowledge_joint@historical-v1,INTERST1
nic-1996,knowledge_joint@historical-v1,RESAUTH1
nic-1996,knowledge_joint@historical-v1,PROPRIT1
nic-1996,knowledge_joint@historical-v1,RICHES1
nic-1996,knowledge_joint@historical-v1,SACRIFI1
nic-1996,knowledge_joint@historical-v1,FOREIGN1
nic-1996,knowledge_joint@historical-v1,WORKMOM1
nic-1996,knowledge_joint@historical-v1,TRADFAM1
nic-1996,knowledge_joint@historical-v1,MARITAL1
nic-1996,knowledge_joint@historical-v1,FATHERS1
nic-1996,knowledge_joint@historical-v1,MALGRD1
nic-1996,knowledge_joint@historical-v1,MOTHERS1
nic-1996,knowledge_joint@historical-v1,FEMGRD1
nic-1996,knowledge_joint@historical-v1,BROTHER1
nic-1996,knowledge_joint@historical-v1,SISTERS1
nic-1996,knowledge_joint@historical-v1,SPOUSES1
nic-1996,knowledge_joint@historical-v1,CHILDRN1
nic-1996,knowledge_joint@historical-v1,GPARNTS1
nic-1996,knowledge_joint@historical-v1,RELATIV1
nic-1996,knowledge_joint@historical-v1,NONRELT1
nic-1996,knowledge_joint@historical-v1,EDLEVEL1
nic-1996,knowledge_joint@historical-v1,EMPLOYD1
nic-1996,knowledge_joint@historical-v1,JOBTYPE1
nic-1996,knowledge_joint@historical-v1,RELIGN1
nic-1996,knowledge_joint@historical-v1,FIRSTRL1
nic-1996,knowledge_joint@historical-v1,RELSERV1
nic-1996,knowledge_joint@historical-v1,PRAY1
nic-1996,knowledge_joint@historical-v1,BIBLE1
nic-1996,knowledge_joint@historical-v1,RELRITE1
nic-1996,knowledge_joint@historical-v1,HISPANI1
nic-1996,knowledge_joint@historical-v1,HISPTYP1
nic-1996,knowledge_joint@historical-v1,RACE1
nic-1996,knowledge_joint@historical-v1,HISP811
nic-1996,knowledge_joint@historical-v1,BLACK821
nic-1996,knowledge_joint@historical-v1,HISPBLA1
nic-1996,knowledge_joint@historical-v1,INCOME1
nic-1996,knowledge_joint@historical-v1,FINANCE1
nic-1996,knowledge_joint@historical-v1,IAQDATE1
nic-1996,knowledge_joint@historical-v1,SAQPRES1
nic-1996,knowledge_joint@historical-v1,GOVSAY1
nic-1996,knowledge_joint@historical-v1,OFFCARE1
nic-1996,knowledge_joint@historical-v1,POLCOMP1
nic-1996,knowledge_joint@historical-v1,TOUCH1
nic-1996,knowledge_joint@historical-v1,POLOPIN1
nic-1996,knowledge_joint@historical-v1,STANDUP1
nic-1996,knowledge_joint@historical-v1,FAMILY1
nic-1996,knowledge_joint@historical-v1,FAMPROB1
nic-1996,knowledge_joint@historical-v1,GOVINV1
nic-1996,knowledge_joint@historical-v1,DIVLAW1
nic-1996,knowledge_joint@historical-v1,DEADDAD1
nic-1996,knowledge_joint@historical-v1,MORALED1
nic-1996,knowledge_joint@historical-v1,FAMPLAN1
nic-1996,knowledge_joint@historical-v1,GOVSCH1
nic-1996,knowledge_joint@historical-v1,GOVPOOR1
nic-1996,knowledge_joint@historical-v1,TVSEX1
nic-1996,knowledge_joint@historical-v1,SCHPRAY1
nic-1996,knowledge_joint@historical-v1,SEXED1
nic-1996,knowledge_joint@historical-v1,WELROOT1
nic-1996,knowledge_joint@historical-v1,FAMECON1
nic-1996,knowledge_joint@historical-v1,KIDTIME1
nic-1996,knowledge_joint@historical-v1,BABYSIT1
nic-1996,knowledge_joint@historical-v1,TROOPS1
nic-1996,knowledge_joint@historical-v1,MILINTV1
nic-1996,knowledge_joint@historical-v1,MILCOOP1
nic-1996,knowledge_joint@historical-v1,STAY1
nic-1996,knowledge_joint@historical-v1,WEAPON1
nic-1996,knowledge_joint@historical-v1,ENVIRON1
nic-1996,knowledge_joint@historical-v1,ENERGY1
nic-1996,knowledge_joint@historical-v1,PRODEMO1
nic-1996,knowledge_joint@historical-v1,AIDBUSI1
nic-1996,knowledge_joint@historical-v1,FAMINE1
nic-1996,knowledge_joint@historical-v1,HUMAN1
nic-1996,knowledge_joint@historical-v1,WEAKER1
nic-1996,knowledge_joint@historical-v1,PROECON1
nic-1996,knowledge_joint@historical-v1,IMPOPP1
nic-1996,knowledge_joint@historical-v1,FORAID1
nic-1996,knowledge_joint@historical-v1,SPENVIR1
nic-1996,knowledge_joint@historical-v1,SPMEDIC1
nic-1996,knowledge_joint@historical-v1,SPLAW1
nic-1996,knowledge_joint@historical-v1,SPDRUG1
nic-1996,knowledge_joint@historical-v1,SPEDUC1
nic-1996,knowledge_joint@historical-v1,SPDEF1
nic-1996,knowledge_joint@historical-v1,SPFAID1
nic-1996,knowledge_joint@historical-v1,SPWELF1
nic-1996,knowledge_joint@historical-v1,SPSS1
nic-1996,knowledge_joint@historical-v1,REDDEF1
nic-1996,knowledge_joint@historical-v1,DEFRED1
nic-1996,knowledge_joint@historical-v1,CTENVIR1
nic-1996,knowledge_joint@historical-v1,CTMEDIC1
nic-1996,knowledge_joint@historical-v1,CTLAW1
nic-1996,knowledge_joint@historical-v1,CTDRUG1
nic-1996,knowledge_joint@historical-v1,CTEDUC1
nic-1996,knowledge_joint@historical-v1,CTDEF1
nic-1996,knowledge_joint@historical-v1,CTFAID1
nic-1996,knowledge_joint@historical-v1,CTWELF1
nic-1996,knowledge_joint@historical-v1,CTSS1
nic-1996,knowledge_joint@historical-v1,TRAIN1
nic-1996,knowledge_joint@historical-v1,SAFNET1
nic-1996,knowledge_joint@historical-v1,AHEAD1
nic-1996,knowledge_joint@historical-v1,PROFIT1
nic-1996,knowledge_joint@historical-v1,FAIRPAY1
nic-1996,knowledge_joint@historical-v1,ACHIEVE1
nic-1996,knowledge_joint@historical-v1,TAXRATE1
nic-1996,knowledge_joint@historical-v1,SALETAX1
nic-1996,knowledge_joint@historical-v1,TAXREDU1
nic-1996,knowledge_joint@historical-v1,FLATTAX1
nic-1996,knowledge_joint@historical-v1,GRADTAX1
nic-1996,knowledge_joint@historical-v1,FORTRAD1
nic-1996,knowledge_joint@historical-v1,TRADBAR1
nic-1996,knowledge_joint@historical-v1,NAFTA1
nic-1996,knowledge_joint@historical-v1,FRETRAD1
nic-1996,knowledge_joint@historical-v1,POLSELF1
nic-1996,knowledge_joint_midterm@historical-v1,AGE18UP1
nic-1996,knowledge_joint_midterm@historical-v1,BIRTHDY1
nic-1996,knowledge_joint_midterm@historical-v1,BYEAR
nic-1996,knowledge_joint_midterm@historical-v1,BDAYRTE1
nic-1996,knowledge_joint_midterm@historical-v1,SEX1
nic-1996,knowledge_joint_midterm@historical-v1,WATCHTV1
nic-1996,knowledge_joint_midterm@historical-v1,WTCHPUB1
nic-1996,knowledge_joint_midterm@historical-v1,READNWS1
nic-1996,knowledge_joint_midterm@historical-v1,NEWSRC1
nic-1996,knowledge_joint_midterm@historical-v1,POLINTR1
nic-1996,knowledge_joint_midterm@historical-v1,TALKPOL1
nic-1996,knowledge_joint_midterm@historical-v1,WORKPOL1
nic-1996,knowledge_joint_midterm@historical-v1,SEEPOL1
nic-1996,knowledge_joint_midterm@historical-v1,CAHSPOL1
nic-1996,knowledge_joint_midterm@historical-v1,PARTY1
nic-1996,knowledge_joint_midterm@historical-v1,CLOSER1
nic-1996,knowledge_joint_midterm@historical-v1,VOTED1
nic-1996,knowledge_joint_midterm@historical-v1,VOTEWHO1
nic-1996,knowledge_joint_midterm@historical-v1,RELHUM1
nic-1996,knowledge_joint_midterm@historical-v1,INTERST1
nic-1996,knowledge_joint_midterm@historical-v1,RESAUTH1
nic-1996,knowledge_joint_midterm@historical-v1,PROPRIT1
nic-1996,knowledge_joint_midterm@historical-v1,RICHES1
nic-1996,knowledge_joint_midterm@historical-v1,SACRIFI1
nic-1996,knowledge_joint_midterm@historical-v1,FOREIGN1
nic-1996,knowledge_joint_midterm@historical-v1,WORKMOM1
nic-1996,knowledge_joint_midterm@historical-v1,TRADFAM1
nic-1996,knowledge_joint_midterm@historical-v1,MARITAL1
nic-1996,knowledge_joint_midterm@historical-v1,FATHERS1
nic-1996,knowledge_joint_midterm@historical-v1,MALGRD1
nic-1996,knowledge_joint_midterm@historical-v1,MOTHERS1
nic-1996,knowledge_joint_midterm@historical-v1,FEMGRD1
nic-1996,knowledge_joint_midterm@historical-v1,BROTHER1
nic-1996,knowledge_joint_midterm@historical-v1,SISTERS1
nic-1996,knowledge_joint_midterm@historical-v1,SPOUSES1
nic-1996,knowledge_joint_midterm@historical-v1,CHILDRN1
nic-1996,knowledge_joint_midterm@historical-v1,GPARNTS1
nic-1996,knowledge_joint_midterm@historical-v1,RELATIV1
nic-1996,knowledge_joint_midterm@historical-v1,NONRELT1
nic-1996,knowledge_joint_midterm@historical-v1,EDLEVEL1
nic-1996,knowledge_joint_midterm@historical-v1,EMPLOYD1
nic-1996,knowledge_joint_midterm@historical-v1,JOBTYPE1
nic-1996,knowledge_joint_midterm@historical-v1,RELIGN1
nic-1996,knowledge_joint_midterm@historical-v1,FIRSTRL1
nic-1996,knowledge_joint_midterm@historical-v1,RELSERV1
nic-1996,knowledge_joint_midterm@historical-v1,PRAY1
nic-1996,knowledge_joint_midterm@historical-v1,BIBLE1
nic-1996,knowledge_joint_midterm@historical-v1,RELRITE1
nic-1996,knowledge_joint_midterm@historical-v1,HISPANI1
nic-1996,knowledge_joint_midterm@historical-v1,HISPTYP1
nic-1996,knowledge_joint_midterm@historical-v1,RACE1
nic-1996,knowledge_joint_midterm@historical-v1,HISP811
nic-1996,knowledge_joint_midterm@historical-v1,BLACK821
nic-1996,knowledge_joint_midterm@historical-v1,HISPBLA1
nic-1996,knowledge_joint_midterm@historical-v1,INCOME1
nic-1996,knowledge_joint_midterm@historical-v1,FINANCE1
nic-1996,knowledge_joint_midterm@historical-v1,IAQDATE1
nic-1996,knowledge_joint_midterm@historical-v1,SAQPRES1
nic-1996,knowledge_joint_midterm@historical-v1,GOVSAY1
nic-1996,knowledge_joint_midterm@historical-v1,OFFCARE1
nic-1996,knowledge_joint_midterm@historical-v1,POLCOMP1
nic-1996,knowledge_joint_midterm@historical-v1,TOUCH1
nic-1996,knowledge_joint_midterm@historical-v1,POLOPIN1
nic-1996,knowledge_joint_midterm@historical-v1,STANDUP1
nic-1996,knowledge_joint_midterm@historical-v1,FAMILY1
nic-1996,knowledge_joint_midterm@historical-v1,FAMPROB1
nic-1996,knowledge_joint_midterm@historical-v1,GOVINV1
nic-1996,knowledge_joint_midterm@historical-v1,DIVLAW1
nic-1996,knowledge_joint_midterm@historical-v1,DEADDAD1
nic-1996,knowledge_joint_midterm@historical-v1,MORALED1
nic-1996,knowledge_joint_midterm@historical-v1,FAMPLAN1
nic-1996,knowledge_joint_midterm@historical-v1,GOVSCH1
nic-1996,knowledge_joint_midterm@historical-v1,GOVPOOR1
nic-1996,knowledge_joint_midterm@historical-v1,TVSEX1
nic-1996,knowledge_joint_midterm@historical-v1,SCHPRAY1
nic-1996,knowledge_joint_midterm@historical-v1,SEXED1
nic-1996,knowledge_joint_midterm@historical-v1,WELROOT1
nic-1996,knowledge_joint_midterm@historical-v1,FAMECON1
nic-1996,knowledge_joint_midterm@historical-v1,KIDTIME1
nic-1996,knowledge_joint_midterm@historical-v1,BABYSIT1
nic-1996,knowledge_joint_midterm@historical-v1,TROOPS1
nic-1996,knowledge_joint_midterm@historical-v1,MILINTV1
nic-1996,knowledge_joint_midterm@historical-v1,MILCOOP1
nic-1996,knowledge_joint_midterm@historical-v1,STAY1
nic-1996,knowledge_joint_midterm@historical-v1,WEAPON1
nic-1996,knowledge_joint_midterm@historical-v1,ENVIRON1
nic-1996,knowledge_joint_midterm@historical-v1,ENERGY1
nic-1996,knowledge_joint_midterm@historical-v1,PRODEMO1
nic-1996,knowledge_joint_midterm@historical-v1,AIDBUSI1
nic-1996,knowledge_joint_midterm@historical-v1,FAMINE1
nic-1996,knowledge_joint_midterm@historical-v1,HUMAN1
nic-1996,knowledge_joint_midterm@historical-v1,WEAKER1
nic-1996,knowledge_joint_midterm@historical-v1,PROECON1
nic-1996,knowledge_joint_midterm@historical-v1,IMPOPP1
nic-1996,knowledge_joint_midterm@historical-v1,FORAID1
nic-1996,knowledge_joint_midterm@historical-v1,SPENVIR1
nic-1996,knowledge_joint_midterm@historical-v1,SPMEDIC1
nic-1996,knowledge_joint_midterm@historical-v1,SPLAW1
nic-1996,knowledge_joint_midterm@historical-v1,SPDRUG1
nic-1996,knowledge_joint_midterm@historical-v1,SPEDUC1
nic-1996,knowledge_joint_midterm@historical-v1,SPDEF1
nic-1996,knowledge_joint_midterm@historical-v1,SPFAID1
nic-1996,knowledge_joint_midterm@historical-v1,SPWELF1
nic-1996,knowledge_joint_midterm@historical-v1,SPSS1
nic-1996,knowledge_joint_midterm@historical-v1,REDDEF1
nic-1996,knowledge_joint_midterm@historical-v1,DEFRED1
nic-1996,knowledge_joint_midterm@historical-v1,CTENVIR1
nic-1996,knowledge_joint_midterm@historical-v1,CTMEDIC1
nic-1996,knowledge_joint_midterm@historical-v1,CTLAW1
nic-1996,knowledge_joint_midterm@historical-v1,CTDRUG1
nic-1996,knowledge_joint_midterm@historical-v1,CTEDUC1
nic-1996,knowledge_joint_midterm@historical-v1,CTDEF1
nic-1996,knowledge_joint_midterm@historical-v1,CTFAID1
nic-1996,knowledge_joint_midterm@historical-v1,CTWELF1
nic-1996,knowledge_joint_midterm@historical-v1,CTSS1
nic-1996,knowledge_joint_midterm@historical-v1,TRAIN1
nic-1996,knowledge_joint_midterm@historical-v1,SAFNET1
nic-1996,knowledge_joint_midterm@historical-v1,AHEAD1
nic-1996,knowledge_joint_midterm@historical-v1,PROFIT1
nic-1996,knowledge_joint_midterm@historical-v1,FAIRPAY1
nic-1996,knowledge_joint_midterm@historical-v1,ACHIEVE1
nic-1996,knowledge_joint_midterm@historical-v1,TAXRATE1
nic-1996,knowledge_joint_midterm@historical-v1,SALETAX1
nic-1996,knowledge_joint_midterm@historical-v1,TAXREDU1
nic-1996,knowledge_joint_midterm@historical-v1,FLATTAX1
nic-1996,knowledge_joint_midterm@historical-v1,GRADTAX1
nic-1996,knowledge_joint_midterm@historical-v1,FORTRAD1
nic-1996,knowledge_joint_midterm@historical-v1,TRADBAR1
nic-1996,knowledge_joint_midterm@historical-v1,NAFTA1
nic-1996,knowledge_joint_midterm@historical-v1,FRETRAD1
nic-1996,knowledge_joint_midterm@historical-v1,POLSELF1
nic-1996,knowledge_joint_midterm@historical-v1,NICWAS2
nic-1996,knowledge_joint_midterm@historical-v1,PARTGRP2
nic-1996,knowledge_joint_midterm@historical-v1,TALKOTH2
nic-1996,knowledge_joint_midterm@historical-v1,HEARCND2
nic-1996,knowledge_joint_midterm@historical-v1,PARTICI2
nic-1996,knowledge_joint_midterm@historical-v1,COVERED2
nic-1996,knowledge_joint_midterm@historical-v1,USEFULC2
nic-1996,knowledge_joint_midterm@historical-v1,BIASED2
nic-1996,knowledge_joint_midterm@historical-v1,REASONS2
nic-1996,knowledge_joint_midterm@historical-v1,LEARNED2
nic-1996,knowledge_joint_midterm@historical-v1,TALKED2
nic-1996,knowledge_joint_midterm@historical-v1,READPOL2
nic-1996,knowledge_joint_midterm@historical-v1,TVNEWS2
nic-1996,knowledge_joint_midterm@historical-v1,READDIS2
nic-1996,knowledge_joint_midterm@historical-v1,DISCBAL2
nic-1996,knowledge_joint_midterm@historical-v1,GOVSAY2
nic-1996,knowledge_joint_midterm@historical-v1,OFFCARE2
nic-1996,knowledge_joint_midterm@historical-v1,POLCOMP2
nic-1996,knowledge_joint_midterm@historical-v1,TOUCH2
nic-1996,knowledge_joint_midterm@historical-v1,POLOPIN2
nic-1996,knowledge_joint_midterm@historical-v1,STANDUP2
nic-1996,knowledge_joint_midterm@historical-v1,FAMILY2
nic-1996,knowledge_joint_midterm@historical-v1,FAMPROB2
nic-1996,knowledge_joint_midterm@historical-v1,GOVINV2
nic-1996,knowledge_joint_midterm@historical-v1,DIVLAW2
nic-1996,knowledge_joint_midterm@historical-v1,DEADDAD2
nic-1996,knowledge_joint_midterm@historical-v1,MORALED2
nic-1996,knowledge_joint_midterm@historical-v1,FAMPLAN2
nic-1996,knowledge_joint_midterm@historical-v1,GOVSCH2
nic-1996,knowledge_joint_midterm@historical-v1,GOVPOOR2
nic-1996,knowledge_joint_midterm@historical-v1,TVSEX2
nic-1996,knowledge_joint_midterm@historical-v1,SCHPRAY2
nic-1996,knowledge_joint_midterm@historical-v1,SEXED2
nic-1996,knowledge_joint_midterm@historical-v1,WELROOT2
nic-1996,knowledge_joint_midterm@historical-v1,FAMECON2
nic-1996,knowledge_joint_midterm@historical-v1,KIDTIME2
nic-1996,knowledge_joint_midterm@historical-v1,BABYSIT2
nic-1996,knowledge_joint_midterm@historical-v1,TROOPS2
nic-1996,knowledge_joint_midterm@historical-v1,MILINTV2
nic-1996,knowledge_joint_midterm@historical-v1,MILCOOP2
nic-1996,knowledge_joint_midterm@historical-v1,STAY2
nic-1996,knowledge_joint_midterm@historical-v1,WEAPON2
nic-1996,knowledge_joint_midterm@historical-v1,ENVIRON2
nic-1996,knowledge_joint_midterm@historical-v1,ENERGY2
nic-1996,knowledge_joint_midterm@historical-v1,PRODEMO2
nic-1996,knowledge_joint_midterm@historical-v1,AIDBUSI2
nic-1996,knowledge_joint_midterm@historical-v1,FAMINE2
nic-1996,knowledge_joint_midterm@historical-v1,HUMAN2
nic-1996,knowledge_joint_midterm@historical-v1,WEAKER2
nic-1996,knowledge_joint_midterm@historical-v1,PROECON2
nic-1996,knowledge_joint_midterm@historical-v1,IMPOPP2
nic-1996,knowledge_joint_midterm@historical-v1,FORAID2
nic-1996,knowledge_joint_midterm@historical-v1,SPENVIR2
nic-1996,knowledge_joint_midterm@historical-v1,SPMEDIC2
nic-1996,knowledge_joint_midterm@historical-v1,SPLAW2
nic-1996,knowledge_joint_midterm@historical-v1,SPDRUG2
nic-1996,knowledge_joint_midterm@historical-v1,SPEDUC2
nic-1996,knowledge_joint_midterm@historical-v1,SPDEF2
nic-1996,knowledge_joint_midterm@historical-v1,SPFAID2
nic-1996,knowledge_joint_midterm@historical-v1,SPWELF2
nic-1996,knowledge_joint_midterm@historical-v1,SPSS2
nic-1996,knowledge_joint_midterm@historical-v1,REDDEF2
nic-1996,knowledge_joint_midterm@historical-v1,DEFRED2
nic-1996,knowledge_joint_midterm@historical-v1,CTENVIR2
nic-1996,knowledge_joint_midterm@historical-v1,CTMEDIC2
nic-1996,knowledge_joint_midterm@historical-v1,CTLAW2
nic-1996,knowledge_joint_midterm@historical-v1,CTDRUG2
nic-1996,knowledge_joint_midterm@historical-v1,CTEDUC2
nic-1996,knowledge_joint_midterm@historical-v1,CTDEF2
nic-1996,knowledge_joint_midterm@historical-v1,CTFAID2
nic-1996,knowledge_joint_midterm@historical-v1,CTWELF2
nic-1996,knowledge_joint_midterm@historical-v1,CTSS2
nic-1996,knowledge_joint_midterm@historical-v1,TRAIN2
nic-1996,knowledge_joint_midterm@historical-v1,SAFNET2
nic-1996,knowledge_joint_midterm@historical-v1,AHEAD2
nic-1996,knowledge_joint_midterm@historical-v1,PROFIT2
nic-1996,knowledge_joint_midterm@historical-v1,FAIRPAY2
nic-1996,knowledge_joint_midterm@historical-v1,ACHIEVE2
nic-1996,knowledge_joint_midterm@historical-v1,TAXRATE2
nic-1996,knowledge_joint_midterm@historical-v1,SALETAX2
nic-1996,knowledge_joint_midterm@historical-v1,TAXREDU2
nic-1996,knowledge_joint_midterm@historical-v1,FLATTAX2
nic-1996,knowledge_joint_midterm@historical-v1,GRADTAX2
nic-1996,knowledge_joint_midterm@historical-v1,FORTRAD2
nic-1996,knowledge_joint_midterm@historical-v1,TRADBAR2
nic-1996,knowledge_joint_midterm@historical-v1,NAFTA2
nic-1996,knowledge_joint_midterm@historical-v1,FRETRAD2
nic-1996,knowledge_joint_midterm@historical-v1,POLSELF2
nic-1996,knowledge_midterm@historical-v1,NICWAS2
nic-1996,knowledge_midterm@historical-v1,PARTGRP2
nic-1996,knowledge_midterm@historical-v1,TALKOTH2
nic-1996,knowledge_midterm@historical-v1,HEARCND2
nic-1996,knowledge_midterm@historical-v1,PARTICI2
nic-1996,knowledge_midterm@historical-v1,COVERED2
nic-1996,knowledge_midterm@historical-v1,USEFULC2
nic-1996,knowledge_midterm@historical-v1,BIASED2
nic-1996,knowledge_midterm@historical-v1,REASONS2
nic-1996,knowledge_midterm@historical-v1,LEARNED2
nic-1996,knowledge_midterm@historical-v1,TALKED2
nic-1996,knowledge_midterm@historical-v1,READPOL2
nic-1996,knowledge_midterm@historical-v1,TVNEWS2
nic-1996,knowledge_midterm@historical-v1,READDIS2
nic-1996,knowledge_midterm@historical-v1,DISCBAL2
nic-1996,knowledge_midterm@historical-v1,GOVSAY2
nic-1996,knowledge_midterm@historical-v1,OFFCARE2
nic-1996,knowledge_midterm@historical-v1,POLCOMP2
nic-1996,knowledge_midterm@historical-v1,TOUCH2
nic-1996,knowledge_midterm@historical-v1,POLOPIN2
nic-1996,knowledge_midterm@historical-v1,STANDUP2
nic-1996,knowledge_midterm@historical-v1,FAMILY2
nic-1996,knowledge_midterm@historical-v1,FAMPROB2
nic-1996,knowledge_midterm@historical-v1,GOVINV2
nic-1996,knowledge_midterm@historical-v1,DIVLAW2
nic-1996,knowledge_midterm@historical-v1,DEADDAD2
nic-1996,knowledge_midterm@historical-v1,MORALED2
nic-1996,knowledge_midterm@historical-v1,FAMPLAN2
nic-1996,knowledge_midterm@historical-v1,GOVSCH2
nic-1996,knowledge_midterm@historical-v1,GOVPOOR2
nic-1996,knowledge_midterm@historical-v1,TVSEX2
nic-1996,knowledge_midterm@historical-v1,SCHPRAY2
nic-1996,knowledge_midterm@historical-v1,SEXED2
nic-1996,knowledge_midterm@historical-v1,WELROOT2
nic-1996,knowledge_midterm@historical-v1,FAMECON2
nic-1996,knowledge_midterm@historical-v1,KIDTIME2
nic-1996,knowledge_midterm@historical-v1,BABYSIT2
nic-1996,knowledge_midterm@historical-v1,TROOPS2
nic-1996,knowledge_midterm@historical-v1,MILINTV2
nic-1996,knowledge_midterm@historical-v1,MILCOOP2
nic-1996,knowledge_midterm@historical-v1,STAY2
nic-1996,knowledge_midterm@historical-v1,WEAPON2
nic-1996,knowledge_midterm@historical-v1,ENVIRON2
nic-1996,knowledge_midterm@historical-v1,ENERGY2
nic-1996,knowledge_midterm@historical-v1,PRODEMO2
nic-1996,knowledge_midterm@historical-v1,AIDBUSI2
nic-1996,knowledge_midterm@historical-v1,FAMINE2
nic-1996,knowledge_midterm@historical-v1,HUMAN2
nic-1996,knowledge_midterm@historical-v1,WEAKER2
nic-1996,knowledge_midterm@historical-v1,PROECON2
nic-1996,knowledge_midterm@historical-v1,IMPOPP2
nic-1996,knowledge_midterm@historical-v1,FORAID2
nic-1996,knowledge_midterm@historical-v1,SPENVIR2
nic-1996,knowledge_midterm@historical-v1,SPMEDIC2
nic-1996,knowledge_midterm@historical-v1,SPLAW2
nic-1996,knowledge_midterm@historical-v1,SPDRUG2
nic-1996,knowledge_midterm@historical-v1,SPEDUC2
nic-1996,knowledge_midterm@historical-v1,SPDEF2
nic-1996,knowledge_midterm@historical-v1,SPFAID2
nic-1996,knowledge_midterm@historical-v1,SPWELF2
nic-1996,knowledge_midterm@historical-v1,SPSS2
nic-1996,knowledge_midterm@historical-v1,REDDEF2
nic-1996,knowledge_midterm@historical-v1,DEFRED2
nic-1996,knowledge_midterm@historical-v1,CTENVIR2
nic-1996,knowledge_midterm@historical-v1,CTMEDIC2
nic-1996,knowledge_midterm@historical-v1,CTLAW2
nic-1996,knowledge_midterm@historical-v1,CTDRUG2
nic-1996,knowledge_midterm@historical-v1,CTEDUC2
nic-1996,knowledge_midterm@historical-v1,CTDEF2
nic-1996,knowledge_midterm@historical-v1,CTFAID2
nic-1996,knowledge_midterm@historical-v1,CTWELF2
nic-1996,knowledge_midterm@historical-v1,CTSS2
nic-1996,knowledge_midterm@historical-v1,TRAIN2
nic-1996,knowledge_midterm@historical-v1,SAFNET2
nic-1996,knowledge_midterm@historical-v1,AHEAD2
nic-1996,knowledge_midterm@historical-v1,PROFIT2
nic-1996,knowledge_midterm@historical-v1,FAIRPAY2
nic-1996,knowledge_midterm@historical-v1,ACHIEVE2
nic-1996,knowledge_midterm@historical-v1,TAXRATE2
nic-1996,knowledge_midterm@historical-v1,SALETAX2
nic-1996,knowledge_midterm@historical-v1,TAXREDU2
nic-1996,knowledge_midterm@historical-v1,FLATTAX2
nic-1996,knowledge_midterm@historical-v1,GRADTAX2
nic-1996,knowledge_midterm@historical-v1,FORTRAD2
nic-1996,knowledge_midterm@historical-v1,TRADBAR2
nic-1996,knowledge_midterm@historical-v1,NAFTA2
nic-1996,knowledge_midterm@historical-v1,FRETRAD2
nic-1996,knowledge_midterm@historical-v1,POLSELF2
nic-1996,knowledge_midterm_joint@historical-v1,NICWAS2
nic-1996,knowledge_midterm_joint@historical-v1,PARTGRP2
nic-1996,knowledge_midterm_joint@historical-v1,TALKOTH2
nic-1996,knowledge_midterm_joint@historical-v1,HEARCND2
nic-1996,knowledge_midterm_joint@historical-v1,PARTICI2
nic-1996,knowledge_midterm_joint@historical-v1,COVERED2
nic-1996,knowledge_midterm_joint@historical-v1,USEFULC2
nic-1996,knowledge_midterm_joint@historical-v1,BIASED2
nic-1996,knowledge_midterm_joint@historical-v1,REASONS2
nic-1996,knowledge_midterm_joint@historical-v1,LEARNED2
nic-1996,knowledge_midterm_joint@historical-v1,TALKED2
nic-1996,knowledge_midterm_joint@historical-v1,READPOL2
nic-1996,knowledge_midterm_joint@historical-v1,TVNEWS2
nic-1996,knowledge_midterm_joint@historical-v1,READDIS2
nic-1996,knowledge_midterm_joint@historical-v1,DISCBAL2
nic-1996,knowledge_midterm_joint@historical-v1,GOVSAY2
nic-1996,knowledge_midterm_joint@historical-v1,OFFCARE2
nic-1996,knowledge_midterm_joint@historical-v1,POLCOMP2
nic-1996,knowledge_midterm_joint@historical-v1,TOUCH2
nic-1996,knowledge_midterm_joint@historical-v1,POLOPIN2
nic-1996,knowledge_midterm_joint@historical-v1,STANDUP2
nic-1996,knowledge_midterm_joint@historical-v1,FAMILY2
nic-1996,knowledge_midterm_joint@historical-v1,FAMPROB2
nic-1996,knowledge_midterm_joint@historical-v1,GOVINV2
nic-1996,knowledge_midterm_joint@historical-v1,DIVLAW2
nic-1996,knowledge_midterm_joint@historical-v1,DEADDAD2
nic-1996,knowledge_midterm_joint@historical-v1,MORALED2
nic-1996,knowledge_midterm_joint@historical-v1,FAMPLAN2
nic-1996,knowledge_midterm_joint@historical-v1,GOVSCH2
nic-1996,knowledge_midterm_joint@historical-v1,GOVPOOR2
nic-1996,knowledge_midterm_joint@historical-v1,TVSEX2
nic-1996,knowledge_midterm_joint@historical-v1,SCHPRAY2
nic-1996,knowledge_midterm_joint@historical-v1,SEXED2
nic-1996,knowledge_midterm_joint@historical-v1,WELROOT2
nic-1996,knowledge_midterm_joint@historical-v1,FAMECON2
nic-1996,knowledge_midterm_joint@historical-v1,KIDTIME2
nic-1996,knowledge_midterm_joint@historical-v1,BABYSIT2
nic-1996,knowledge_midterm_joint@historical-v1,TROOPS2
nic-1996,knowledge_midterm_joint@historical-v1,MILINTV2
nic-1996,knowledge_midterm_joint@historical-v1,MILCOOP2
nic-1996,knowledge_midterm_joint@historical-v1,STAY2
nic-1996,knowledge_midterm_joint@historical-v1,WEAPON2
nic-1996,knowledge_midterm_joint@historical-v1,ENVIRON2
nic-1996,knowledge_midterm_joint@historical-v1,ENERGY2
nic-1996,knowledge_midterm_joint@historical-v1,PRODEMO2
nic-1996,knowledge_midterm_joint@historical-v1,AIDBUSI2
nic-1996,knowledge_midterm_joint@historical-v1,FAMINE2
nic-1996,knowledge_midterm_joint@historical-v1,HUMAN2
nic-1996,knowledge_midterm_joint@historical-v1,WEAKER2
nic-1996,knowledge_midterm_joint@historical-v1,PROECON2
nic-1996,knowledge_midterm_joint@historical-v1,IMPOPP2
nic-1996,knowledge_midterm_joint@historical-v1,FORAID2
nic-1996,knowledge_midterm_joint@historical-v1,SPENVIR2
nic-1996,knowledge_midterm_joint@historical-v1,SPMEDIC2
nic-1996,knowledge_midterm_joint@historical-v1,SPLAW2
nic-1996,knowledge_midterm_joint@historical-v1,SPDRUG2
nic-1996,knowledge_midterm_joint@historical-v1,SPEDUC2
nic-1996,knowledge_midterm_joint@historical-v1,SPDEF2
nic-1996,knowledge_midterm_joint@historical-v1,SPFAID2
nic-1996,knowledge_midterm_joint@historical-v1,SPWELF2
nic-1996,knowledge_midterm_joint@historical-v1,SPSS2
nic-1996,knowledge_midterm_joint@historical-v1,REDDEF2
nic-1996,knowledge_midterm_joint@historical-v1,DEFRED2
nic-1996,knowledge_midterm_joint@historical-v1,CTENVIR2
nic-1996,knowledge_midterm_joint@historical-v1,CTMEDIC2
nic-1996,knowledge_midterm_joint@historical-v1,CTLAW2
nic-1996,knowledge_midterm_joint@historical-v1,CTDRUG2
nic-1996,knowledge_midterm_joint@historical-v1,CTEDUC2
nic-1996,knowledge_midterm_joint@historical-v1,CTDEF2
nic-1996,knowledge_midterm_joint@historical-v1,CTFAID2
nic-1996,knowledge_midterm_joint@historical-v1,CTWELF2
nic-1996,knowledge_midterm_joint@historical-v1,CTSS2
nic-1996,knowledge_midterm_joint@historical-v1,TRAIN2
nic-1996,knowledge_midterm_joint@historical-v1,SAFNET2
nic-1996,knowledge_midterm_joint@historical-v1,AHEAD2
nic-1996,knowledge_midterm_joint@historical-v1,PROFIT2
nic-1996,knowledge_midterm_joint@historical-v1,FAIRPAY2
nic-1996,knowledge_midterm_joint@historical-v1,ACHIEVE2
nic-1996,knowledge_midterm_joint@historical-v1,TAXRATE2
nic-1996,knowledge_midterm_joint@historical-v1,SALETAX2
nic-1996,knowledge_midterm_joint@historical-v1,TAXREDU2
nic-1996,knowledge_midterm_joint@historical-v1,FLATTAX2
nic-1996,knowledge_midterm_joint@historical-v1,GRADTAX2
nic-1996,knowledge_midterm_joint@historical-v1,FORTRAD2
nic-1996,knowledge_midterm_joint@historical-v1,TRADBAR2
nic-1996,knowledge_midterm_joint@historical-v1,NAFTA2
nic-1996,knowledge_midterm_joint@historical-v1,FRETRAD2
nic-1996,knowledge_midterm_joint@historical-v1,POLSELF2
nic-1996,knowledge_gain@historical-v1,AGE18UP1
nic-1996,knowledge_gain@historical-v1,BIRTHDY1
nic-1996,knowledge_gain@historical-v1,BYEAR
nic-1996,knowledge_gain@historical-v1,BDAYRTE1
nic-1996,knowledge_gain@historical-v1,SEX1
nic-1996,knowledge_gain@historical-v1,WATCHTV1
nic-1996,knowledge_gain@historical-v1,WTCHPUB1
nic-1996,knowledge_gain@historical-v1,READNWS1
nic-1996,knowledge_gain@historical-v1,NEWSRC1
nic-1996,knowledge_gain@historical-v1,POLINTR1
nic-1996,knowledge_gain@historical-v1,TALKPOL1
nic-1996,knowledge_gain@historical-v1,WORKPOL1
nic-1996,knowledge_gain@historical-v1,SEEPOL1
nic-1996,knowledge_gain@historical-v1,CAHSPOL1
nic-1996,knowledge_gain@historical-v1,PARTY1
nic-1996,knowledge_gain@historical-v1,CLOSER1
nic-1996,knowledge_gain@historical-v1,VOTED1
nic-1996,knowledge_gain@historical-v1,VOTEWHO1
nic-1996,knowledge_gain@historical-v1,RELHUM1
nic-1996,knowledge_gain@historical-v1,INTERST1
nic-1996,knowledge_gain@historical-v1,RESAUTH1
nic-1996,knowledge_gain@historical-v1,PROPRIT1
nic-1996,knowledge_gain@historical-v1,RICHES1
nic-1996,knowledge_gain@historical-v1,SACRIFI1
nic-1996,knowledge_gain@historical-v1,FOREIGN1
nic-1996,knowledge_gain@historical-v1,WORKMOM1
nic-1996,knowledge_gain@historical-v1,TRADFAM1
nic-1996,knowledge_gain@historical-v1,MARITAL1
nic-1996,knowledge_gain@historical-v1,FATHERS1
nic-1996,knowledge_gain@historical-v1,MALGRD1
nic-1996,knowledge_gain@historical-v1,MOTHERS1
nic-1996,knowledge_gain@historical-v1,FEMGRD1
nic-1996,knowledge_gain@historical-v1,BROTHER1
nic-1996,knowledge_gain@historical-v1,SISTERS1
nic-1996,knowledge_gain@historical-v1,SPOUSES1
nic-1996,knowledge_gain@historical-v1,CHILDRN1
nic-1996,knowledge_gain@historical-v1,GPARNTS1
nic-1996,knowledge_gain@historical-v1,RELATIV1
nic-1996,knowledge_gain@historical-v1,NONRELT1
nic-1996,knowledge_gain@historical-v1,EDLEVEL1
nic-1996,knowledge_gain@historical-v1,EMPLOYD1
nic-1996,knowledge_gain@historical-v1,JOBTYPE1
nic-1996,knowledge_gain@historical-v1,RELIGN1
nic-1996,knowledge_gain@historical-v1,FIRSTRL1
nic-1996,knowledge_gain@historical-v1,RELSERV1
nic-1996,knowledge_gain@historical-v1,PRAY1
nic-1996,knowledge_gain@historical-v1,BIBLE1
nic-1996,knowledge_gain@historical-v1,RELRITE1
nic-1996,knowledge_gain@historical-v1,HISPANI1
nic-1996,knowledge_gain@historical-v1,HISPTYP1
nic-1996,knowledge_gain@historical-v1,RACE1
nic-1996,knowledge_gain@historical-v1,HISP811
nic-1996,knowledge_gain@historical-v1,BLACK821
nic-1996,knowledge_gain@historical-v1,HISPBLA1
nic-1996,knowledge_gain@historical-v1,INCOME1
nic-1996,knowledge_gain@historical-v1,FINANCE1
nic-1996,knowledge_gain@historical-v1,IAQDATE1
nic-1996,knowledge_gain@historical-v1,SAQPRES1
nic-1996,knowledge_gain@historical-v1,GOVSAY1
nic-1996,knowledge_gain@historical-v1,OFFCARE1
nic-1996,knowledge_gain@historical-v1,POLCOMP1
nic-1996,knowledge_gain@historical-v1,TOUCH1
nic-1996,knowledge_gain@historical-v1,POLOPIN1
nic-1996,knowledge_gain@historical-v1,STANDUP1
nic-1996,knowledge_gain@historical-v1,FAMILY1
nic-1996,knowledge_gain@historical-v1,FAMPROB1
nic-1996,knowledge_gain@historical-v1,GOVINV1
nic-1996,knowledge_gain@historical-v1,DIVLAW1
nic-1996,knowledge_gain@historical-v1,DEADDAD1
nic-1996,knowledge_gain@historical-v1,MORALED1
nic-1996,knowledge_gain@historical-v1,FAMPLAN1
nic-1996,knowledge_gain@historical-v1,GOVSCH1
nic-1996,knowledge_gain@historical-v1,GOVPOOR1
nic-1996,knowledge_gain@historical-v1,TVSEX1
nic-1996,knowledge_gain@historical-v1,SCHPRAY1
nic-1996,knowledge_gain@historical-v1,SEXED1
nic-1996,knowledge_gain@historical-v1,WELROOT1
nic-1996,knowledge_gain@historical-v1,FAMECON1
nic-1996,knowledge_gain@historical-v1,KIDTIME1
nic-1996,knowledge_gain@historical-v1,BABYSIT1
nic-1996,knowledge_gain@historical-v1,TROOPS1
nic-1996,knowledge_gain@historical-v1,MILINTV1
nic-1996,knowledge_gain@historical-v1,MILCOOP1
nic-1996,knowledge_gain@historical-v1,STAY1
nic-1996,knowledge_gain@historical-v1,WEAPON1
nic-1996,knowledge_gain@historical-v1,ENVIRON1
nic-1996,knowledge_gain@historical-v1,ENERGY1
nic-1996,knowledge_gain@historical-v1,PRODEMO1
nic-1996,knowledge_gain@historical-v1,AIDBUSI1
nic-1996,knowledge_gain@historical-v1,FAMINE1
nic-1996,knowledge_gain@historical-v1,HUMAN1
nic-1996,knowledge_gain@historical-v1,WEAKER1
nic-1996,knowledge_gain@historical-v1,PROECON1
nic-1996,knowledge_gain@historical-v1,IMPOPP1
nic-1996,knowledge_gain@historical-v1,FORAID1
nic-1996,knowledge_gain@historical-v1,SPENVIR1
nic-1996,knowledge_gain@historical-v1,SPMEDIC1
nic-1996,knowledge_gain@historical-v1,SPLAW1
nic-1996,knowledge_gain@historical-v1,SPDRUG1
nic-1996,knowledge_gain@historical-v1,SPEDUC1
nic-1996,knowledge_gain@historical-v1,SPDEF1
nic-1996,knowledge_gain@historical-v1,SPFAID1
nic-1996,knowledge_gain@historical-v1,SPWELF1
nic-1996,knowledge_gain@historical-v1,SPSS1
nic-1996,knowledge_gain@historical-v1,REDDEF1
nic-1996,knowledge_gain@historical-v1,DEFRED1
nic-1996,knowledge_gain@historical-v1,CTENVIR1
nic-1996,knowledge_gain@historical-v1,CTMEDIC1
nic-1996,knowledge_gain@historical-v1,CTLAW1
nic-1996,knowledge_gain@historical-v1,CTDRUG1
nic-1996,knowledge_gain@historical-v1,CTEDUC1
nic-1996,knowledge_gain@historical-v1,CTDEF1
nic-1996,knowledge_gain@historical-v1,CTFAID1
nic-1996,knowledge_gain@historical-v1,CTWELF1
nic-1996,knowledge_gain@historical-v1,CTSS1
nic-1996,knowledge_gain@historical-v1,TRAIN1
nic-1996,knowledge_gain@historical-v1,SAFNET1
nic-1996,knowledge_gain@historical-v1,AHEAD1
nic-1996,knowledge_gain@historical-v1,PROFIT1
nic-1996,knowledge_gain@historical-v1,FAIRPAY1
nic-1996,knowledge_gain@historical-v1,ACHIEVE1
nic-1996,knowledge_gain@historical-v1,TAXRATE1
nic-1996,knowledge_gain@historical-v1,SALETAX1
nic-1996,knowledge_gain@historical-v1,TAXREDU1
nic-1996,knowledge_gain@historical-v1,FLATTAX1
nic-1996,knowledge_gain@historical-v1,GRADTAX1
nic-1996,knowledge_gain@historical-v1,FORTRAD1
nic-1996,knowledge_gain@historical-v1,TRADBAR1
nic-1996,knowledge_gain@historical-v1,NAFTA1
nic-1996,knowledge_gain@historical-v1,FRETRAD1
nic-1996,knowledge_gain@historical-v1,POLSELF1
nic-1996,knowledge_gain_joint@historical-v1,AGE18UP1
nic-1996,knowledge_gain_joint@historical-v1,BIRTHDY1
nic-1996,knowledge_gain_joint@historical-v1,BYEAR
nic-1996,knowledge_gain_joint@historical-v1,BDAYRTE1
nic-1996,knowledge_gain_joint@historical-v1,SEX1
nic-1996,knowledge_gain_joint@historical-v1,WATCHTV1
nic-1996,knowledge_gain_joint@historical-v1,WTCHPUB1
nic-1996,knowledge_gain_joint@historical-v1,READNWS1
nic-1996,knowledge_gain_joint@historical-v1,NEWSRC1
nic-1996,knowledge_gain_joint@historical-v1,POLINTR1
nic-1996,knowledge_gain_joint@historical-v1,TALKPOL1
nic-1996,knowledge_gain_joint@historical-v1,WORKPOL1
nic-1996,knowledge_gain_joint@historical-v1,SEEPOL1
nic-1996,knowledge_gain_joint@historical-v1,CAHSPOL1
nic-1996,knowledge_gain_joint@historical-v1,PARTY1
nic-1996,knowledge_gain_joint@historical-v1,CLOSER1
nic-1996,knowledge_gain_joint@historical-v1,VOTED1
nic-1996,knowledge_gain_joint@historical-v1,VOTEWHO1
nic-1996,knowledge_gain_joint@historical-v1,RELHUM1
nic-1996,knowledge_gain_joint@historical-v1,INTERST1
nic-1996,knowledge_gain_joint@historical-v1,RESAUTH1
nic-1996,knowledge_gain_joint@historical-v1,PROPRIT1
nic-1996,knowledge_gain_joint@historical-v1,RICHES1
nic-1996,knowledge_gain_joint@historical-v1,SACRIFI1
nic-1996,knowledge_gain_joint@historical-v1,FOREIGN1
nic-1996,knowledge_gain_joint@historical-v1,WORKMOM1
nic-1996,knowledge_gain_joint@historical-v1,TRADFAM1
nic-1996,knowledge_gain_joint@historical-v1,MARITAL1
nic-1996,knowledge_gain_joint@historical-v1,FATHERS1
nic-1996,knowledge_gain_joint@historical-v1,MALGRD1
nic-1996,knowledge_gain_joint@historical-v1,MOTHERS1
nic-1996,knowledge_gain_joint@historical-v1,FEMGRD1
nic-1996,knowledge_gain_joint@historical-v1,BROTHER1
nic-1996,knowledge_gain_joint@historical-v1,SISTERS1
nic-1996,knowledge_gain_joint@historical-v1,SPOUSES1
nic-1996,knowledge_gain_joint@historical-v1,CHILDRN1
nic-1996,knowledge_gain_joint@historical-v1,GPARNTS1
nic-1996,knowledge_gain_joint@historical-v1,RELATIV1
nic-1996,knowledge_gain_joint@historical-v1,NONRELT1
nic-1996,knowledge_gain_joint@historical-v1,EDLEVEL1
nic-1996,knowledge_gain_joint@historical-v1,EMPLOYD1
nic-1996,knowledge_gain_joint@historical-v1,JOBTYPE1
nic-1996,knowledge_gain_joint@historical-v1,RELIGN1
nic-1996,knowledge_gain_joint@historical-v1,FIRSTRL1
nic-1996,knowledge_gain_joint@historical-v1,RELSERV1
nic-1996,knowledge_gain_joint@historical-v1,PRAY1
nic-1996,knowledge_gain_joint@historical-v1,BIBLE1
nic-1996,knowledge_gain_joint@historical-v1,RELRITE1
nic-1996,knowledge_gain_joint@historical-v1,HISPANI1
nic-1996,knowledge_gain_joint@historical-v1,HISPTYP1
nic-1996,knowledge_gain_joint@historical-v1,RACE1
nic-1996,knowledge_gain_joint@historical-v1,HISP811
nic-1996,knowledge_gain_joint@historical-v1,BLACK821
nic-1996,knowledge_gain_joint@historical-v1,HISPBLA1
nic-1996,knowledge_gain_joint@historical-v1,INCOME1
nic-1996,knowledge_gain_joint@historical-v1,FINANCE1
nic-1996,knowledge_gain_joint@historical-v1,IAQDATE1
nic-1996,knowledge_gain_joint@historical-v1,SAQPRES1
nic-1996,knowledge_gain_joint@historical-v1,GOVSAY1
nic-1996,knowledge_gain_joint@historical-v1,OFFCARE1
nic-1996,knowledge_gain_joint@historical-v1,POLCOMP1
nic-1996,knowledge_gain_joint@historical-v1,TOUCH1
nic-1996,knowledge_gain_joint@historical-v1,POLOPIN1
nic-1996,knowledge_gain_joint@historical-v1,STANDUP1
nic-1996,knowledge_gain_joint@historical-v1,FAMILY1
nic-1996,knowledge_gain_joint@historical-v1,FAMPROB1
nic-1996,knowledge_gain_joint@historical-v1,GOVINV1
nic-1996,knowledge_gain_joint@historical-v1,DIVLAW1
nic-1996,knowledge_gain_joint@historical-v1,DEADDAD1
nic-1996,knowledge_gain_joint@historical-v1,MORALED1
nic-1996,knowledge_gain_joint@historical-v1,FAMPLAN1
nic-1996,knowledge_gain_joint@historical-v1,GOVSCH1
nic-1996,knowledge_gain_joint@historical-v1,GOVPOOR1
nic-1996,knowledge_gain_joint@historical-v1,TVSEX1
nic-1996,knowledge_gain_joint@historical-v1,SCHPRAY1
nic-1996,knowledge_gain_joint@historical-v1,SEXED1
nic-1996,knowledge_gain_joint@historical-v1,WELROOT1
nic-1996,knowledge_gain_joint@historical-v1,FAMECON1
nic-1996,knowledge_gain_joint@historical-v1,KIDTIME1
nic-1996,knowledge_gain_joint@historical-v1,BABYSIT1
nic-1996,knowledge_gain_joint@historical-v1,TROOPS1
nic-1996,knowledge_gain_joint@historical-v1,MILINTV1
nic-1996,knowledge_gain_joint@historical-v1,MILCOOP1
nic-1996,knowledge_gain_joint@historical-v1,STAY1
nic-1996,knowledge_gain_joint@historical-v1,WEAPON1
nic-1996,knowledge_gain_joint@historical-v1,ENVIRON1
nic-1996,knowledge_gain_joint@historical-v1,ENERGY1
nic-1996,knowledge_gain_joint@historical-v1,PRODEMO1
nic-1996,knowledge_gain_joint@historical-v1,AIDBUSI1
nic-1996,knowledge_gain_joint@historical-v1,FAMINE1
nic-1996,knowledge_gain_joint@historical-v1,HUMAN1
nic-1996,knowledge_gain_joint@historical-v1,WEAKER1
nic-1996,knowledge_gain_joint@historical-v1,PROECON1
nic-1996,knowledge_gain_joint@historical-v1,IMPOPP1
nic-1996,knowledge_gain_joint@historical-v1,FORAID1
nic-1996,knowledge_gain_joint@historical-v1,SPENVIR1
nic-1996,knowledge_gain_joint@historical-v1,SPMEDIC1
nic-1996,knowledge_gain_joint@historical-v1,SPLAW1
nic-1996,knowledge_gain_joint@historical-v1,SPDRUG1
nic-1996,knowledge_gain_joint@historical-v1,SPEDUC1
nic-1996,knowledge_gain_joint@historical-v1,SPDEF1
nic-1996,knowledge_gain_joint@historical-v1,SPFAID1
nic-1996,knowledge_gain_joint@historical-v1,SPWELF1
nic-1996,knowledge_gain_joint@historical-v1,SPSS1
nic-1996,knowledge_gain_joint@historical-v1,REDDEF1
nic-1996,knowledge_gain_joint@historical-v1,DEFRED1
nic-1996,knowledge_gain_joint@historical-v1,CTENVIR1
nic-1996,knowledge_gain_joint@historical-v1,CTMEDIC1
nic-1996,knowledge_gain_joint@historical-v1,CTLAW1
nic-1996,knowledge_gain_joint@historical-v1,CTDRUG1
nic-1996,knowledge_gain_joint@historical-v1,CTEDUC1
nic-1996,knowledge_gain_joint@historical-v1,CTDEF1
nic-1996,knowledge_gain_joint@historical-v1,CTFAID1
nic-1996,knowledge_gain_joint@historical-v1,CTWELF1
nic-1996,knowledge_gain_joint@historical-v1,CTSS1
nic-1996,knowledge_gain_joint@historical-v1,TRAIN1
nic-1996,knowledge_gain_joint@historical-v1,SAFNET1
nic-1996,knowledge_gain_joint@historical-v1,AHEAD1
nic-1996,knowledge_gain_joint@historical-v1,PROFIT1
nic-1996,knowledge_gain_joint@historical-v1,FAIRPAY1
nic-1996,knowledge_gain_joint@historical-v1,ACHIEVE1
nic-1996,knowledge_gain_joint@historical-v1,TAXRATE1
nic-1996,knowledge_gain_joint@historical-v1,SALETAX1
nic-1996,knowledge_gain_joint@historical-v1,TAXREDU1
nic-1996,knowledge_gain_joint@historical-v1,FLATTAX1
nic-1996,knowledge_gain_joint@historical-v1,GRADTAX1
nic-1996,knowledge_gain_joint@historical-v1,FORTRAD1
nic-1996,knowledge_gain_joint@historical-v1,TRADBAR1
nic-1996,knowledge_gain_joint@historical-v1,NAFTA1
nic-1996,knowledge_gain_joint@historical-v1,FRETRAD1
nic-1996,knowledge_gain_joint@historical-v1,POLSELF1
nic-1996,log_knowledge_joint@historical-v1,AGE18UP1
nic-1996,log_knowledge_joint@historical-v1,BIRTHDY1
nic-1996,log_knowledge_joint@historical-v1,BYEAR
nic-1996,log_knowledge_joint@historical-v1,BDAYRTE1
nic-1996,log_knowledge_joint@historical-v1,SEX1
nic-1996,log_knowledge_joint@historical-v1,WATCHTV1
nic-1996,log_knowledge_joint@historical-v1,WTCHPUB1
nic-1996,log_knowledge_joint@historical-v1,READNWS1
nic-1996,log_knowledge_joint@historical-v1,NEWSRC1
nic-1996,log_knowledge_joint@historical-v1,POLINTR1
nic-1996,log_knowledge_joint@historical-v1,TALKPOL1
nic-1996,log_knowledge_joint@historical-v1,WORKPOL1
nic-1996,log_knowledge_joint@historical-v1,SEEPOL1
nic-1996,log_knowledge_joint@historical-v1,CAHSPOL1
nic-1996,log_knowledge_joint@historical-v1,PARTY1
nic-1996,log_knowledge_joint@historical-v1,CLOSER1
nic-1996,log_knowledge_joint@historical-v1,VOTED1
nic-1996,log_knowledge_joint@historical-v1,VOTEWHO1
nic-1996,log_knowledge_joint@historical-v1,RELHUM1
nic-1996,log_knowledge_joint@historical-v1,INTERST1
nic-1996,log_knowledge_joint@historical-v1,RESAUTH1
nic-1996,log_knowledge_joint@historical-v1,PROPRIT1
nic-1996,log_knowledge_joint@historical-v1,RICHES1
nic-1996,log_knowledge_joint@historical-v1,SACRIFI1
nic-1996,log_knowledge_joint@historical-v1,FOREIGN1
nic-1996,log_knowledge_joint@historical-v1,WORKMOM1
nic-1996,log_knowledge_joint@historical-v1,TRADFAM1
nic-1996,log_knowledge_joint@historical-v1,MARITAL1
nic-1996,log_knowledge_joint@historical-v1,FATHERS1
nic-1996,log_knowledge_joint@historical-v1,MALGRD1
nic-1996,log_knowledge_joint@historical-v1,MOTHERS1
nic-1996,log_knowledge_joint@historical-v1,FEMGRD1
nic-1996,log_knowledge_joint@historical-v1,BROTHER1
nic-1996,log_knowledge_joint@historical-v1,SISTERS1
nic-1996,log_knowledge_joint@historical-v1,SPOUSES1
nic-1996,log_knowledge_joint@historical-v1,CHILDRN1
nic-1996,log_knowledge_joint@historical-v1,GPARNTS1
nic-1996,log_knowledge_joint@historical-v1,RELATIV1
nic-1996,log_knowledge_joint@historical-v1,NONRELT1
nic-1996,log_knowledge_joint@historical-v1,EDLEVEL1
nic-1996,log_knowledge_joint@historical-v1,EMPLOYD1
nic-1996,log_knowledge_joint@historical-v1,JOBTYPE1
nic-1996,log_knowledge_joint@historical-v1,RELIGN1
nic-1996,log_knowledge_joint@historical-v1,FIRSTRL1
nic-1996,log_knowledge_joint@historical-v1,RELSERV1
nic-1996,log_knowledge_joint@historical-v1,PRAY1
nic-1996,log_knowledge_joint@historical-v1,BIBLE1
nic-1996,log_knowledge_joint@historical-v1,RELRITE1
nic-1996,log_knowledge_joint@historical-v1,HISPANI1
nic-1996,log_knowledge_joint@historical-v1,HISPTYP1
nic-1996,log_knowledge_joint@historical-v1,RACE1
nic-1996,log_knowledge_joint@historical-v1,HISP811
nic-1996,log_knowledge_joint@historical-v1,BLACK821
nic-1996,log_knowledge_joint@historical-v1,HISPBLA1
nic-1996,log_knowledge_joint@historical-v1,INCOME1
nic-1996,log_knowledge_joint@historical-v1,FINANCE1
nic-1996,log_knowledge_joint@historical-v1,IAQDATE1
nic-1996,log_knowledge_joint@historical-v1,SAQPRES1
nic-1996,log_knowledge_joint@historical-v1,GOVSAY1
nic-1996,log_knowledge_joint@historical-v1,OFFCARE1
nic-1996,log_knowledge_joint@historical-v1,POLCOMP1
nic-1996,log_knowledge_joint@historical-v1,TOUCH1
nic-1996,log_knowledge_joint@historical-v1,POLOPIN1
nic-1996,log_knowledge_joint@historical-v1,STANDUP1
nic-1996,log_knowledge_joint@historical-v1,FAMILY1
nic-1996,log_knowledge_joint@historical-v1,FAMPROB1
nic-1996,log_knowledge_joint@historical-v1,GOVINV1
nic-1996,log_knowledge_joint@historical-v1,DIVLAW1
nic-1996,log_knowledge_joint@historical-v1,DEADDAD1
nic-1996,log_knowledge_joint@historical-v1,MORALED1
nic-1996,log_knowledge_joint@historical-v1,FAMPLAN1
nic-1996,log_knowledge_joint@historical-v1,GOVSCH1
nic-1996,log_knowledge_joint@historical-v1,GOVPOOR1
nic-1996,log_knowledge_joint@historical-v1,TVSEX1
nic-1996,log_knowledge_joint@historical-v1,SCHPRAY1
nic-1996,log_knowledge_joint@historical-v1,SEXED1
nic-1996,log_knowledge_joint@historical-v1,WELROOT1
nic-1996,log_knowledge_joint@historical-v1,FAMECON1
nic-1996,log_knowledge_joint@historical-v1,KIDTIME1
nic-1996,log_knowledge_joint@historical-v1,BABYSIT1
nic-1996,log_knowledge_joint@historical-v1,TROOPS1
nic-1996,log_knowledge_joint@historical-v1,MILINTV1
nic-1996,log_knowledge_joint@historical-v1,MILCOOP1
nic-1996,log_knowledge_joint@historical-v1,STAY1
nic-1996,log_knowledge_joint@historical-v1,WEAPON1
nic-1996,log_knowledge_joint@historical-v1,ENVIRON1
nic-1996,log_knowledge_joint@historical-v1,ENERGY1
nic-1996,log_knowledge_joint@historical-v1,PRODEMO1
nic-1996,log_knowledge_joint@historical-v1,AIDBUSI1
nic-1996,log_knowledge_joint@historical-v1,FAMINE1
nic-1996,log_knowledge_joint@historical-v1,HUMAN1
nic-1996,log_knowledge_joint@historical-v1,WEAKER1
nic-1996,log_knowledge_joint@historical-v1,PROECON1
nic-1996,log_knowledge_joint@historical-v1,IMPOPP1
nic-1996,log_knowledge_joint@historical-v1,FORAID1
nic-1996,log_knowledge_joint@historical-v1,SPENVIR1
nic-1996,log_knowledge_joint@historical-v1,SPMEDIC1
nic-1996,log_knowledge_joint@historical-v1,SPLAW1
nic-1996,log_knowledge_joint@historical-v1,SPDRUG1
nic-1996,log_knowledge_joint@historical-v1,SPEDUC1
nic-1996,log_knowledge_joint@historical-v1,SPDEF1
nic-1996,log_knowledge_joint@historical-v1,SPFAID1
nic-1996,log_knowledge_joint@historical-v1,SPWELF1
nic-1996,log_knowledge_joint@historical-v1,SPSS1
nic-1996,log_knowledge_joint@historical-v1,REDDEF1
nic-1996,log_knowledge_joint@historical-v1,DEFRED1
nic-1996,log_knowledge_joint@historical-v1,CTENVIR1
nic-1996,log_knowledge_joint@historical-v1,CTMEDIC1
nic-1996,log_knowledge_joint@historical-v1,CTLAW1
nic-1996,log_knowledge_joint@historical-v1,CTDRUG1
nic-1996,log_knowledge_joint@historical-v1,CTEDUC1
nic-1996,log_knowledge_joint@historical-v1,CTDEF1
nic-1996,log_knowledge_joint@historical-v1,CTFAID1
nic-1996,log_knowledge_joint@historical-v1,CTWELF1
nic-1996,log_knowledge_joint@historical-v1,CTSS1
nic-1996,log_knowledge_joint@historical-v1,TRAIN1
nic-1996,log_knowledge_joint@historical-v1,SAFNET1
nic-1996,log_knowledge_joint@historical-v1,AHEAD1
nic-1996,log_knowledge_joint@historical-v1,PROFIT1
nic-1996,log_knowledge_joint@historical-v1,FAIRPAY1
nic-1996,log_knowledge_joint@historical-v1,ACHIEVE1
nic-1996,log_knowledge_joint@historical-v1,TAXRATE1
nic-1996,log_knowledge_joint@historical-v1,SALETAX1
nic-1996,log_knowledge_joint@historical-v1,TAXREDU1
nic-1996,log_knowledge_joint@historical-v1,FLATTAX1
nic-1996,log_knowledge_joint@historical-v1,GRADTAX1
nic-1996,log_knowledge_joint@historical-v1,FORTRAD1
nic-1996,log_knowledge_joint@historical-v1,TRADBAR1
nic-1996,log_knowledge_joint@historical-v1,NAFTA1
nic-1996,log_knowledge_joint@historical-v1,FRETRAD1
nic-1996,log_knowledge_joint@historical-v1,POLSELF1
nic-1996,high_knowledge_joint@historical-v1,AGE18UP1
nic-1996,high_knowledge_joint@historical-v1,BIRTHDY1
nic-1996,high_knowledge_joint@historical-v1,BYEAR
nic-1996,high_knowledge_joint@historical-v1,BDAYRTE1
nic-1996,high_knowledge_joint@historical-v1,SEX1
nic-1996,high_knowledge_joint@historical-v1,WATCHTV1
nic-1996,high_knowledge_joint@historical-v1,WTCHPUB1
nic-1996,high_knowledge_joint@historical-v1,READNWS1
nic-1996,high_knowledge_joint@historical-v1,NEWSRC1
nic-1996,high_knowledge_joint@historical-v1,POLINTR1
nic-1996,high_knowledge_joint@historical-v1,TALKPOL1
nic-1996,high_knowledge_joint@historical-v1,WORKPOL1
nic-1996,high_knowledge_joint@historical-v1,SEEPOL1
nic-1996,high_knowledge_joint@historical-v1,CAHSPOL1
nic-1996,high_knowledge_joint@historical-v1,PARTY1
nic-1996,high_knowledge_joint@historical-v1,CLOSER1
nic-1996,high_knowledge_joint@historical-v1,VOTED1
nic-1996,high_knowledge_joint@historical-v1,VOTEWHO1
nic-1996,high_knowledge_joint@historical-v1,RELHUM1
nic-1996,high_knowledge_joint@historical-v1,INTERST1
nic-1996,high_knowledge_joint@historical-v1,RESAUTH1
nic-1996,high_knowledge_joint@historical-v1,PROPRIT1
nic-1996,high_knowledge_joint@historical-v1,RICHES1
nic-1996,high_knowledge_joint@historical-v1,SACRIFI1
nic-1996,high_knowledge_joint@historical-v1,FOREIGN1
nic-1996,high_knowledge_joint@historical-v1,WORKMOM1
nic-1996,high_knowledge_joint@historical-v1,TRADFAM1
nic-1996,high_knowledge_joint@historical-v1,MARITAL1
nic-1996,high_knowledge_joint@historical-v1,FATHERS1
nic-1996,high_knowledge_joint@historical-v1,MALGRD1
nic-1996,high_knowledge_joint@historical-v1,MOTHERS1
nic-1996,high_knowledge_joint@historical-v1,FEMGRD1
nic-1996,high_knowledge_joint@historical-v1,BROTHER1
nic-1996,high_knowledge_joint@historical-v1,SISTERS1
nic-1996,high_knowledge_joint@historical-v1,SPOUSES1
nic-1996,high_knowledge_joint@historical-v1,CHILDRN1
nic-1996,high_knowledge_joint@historical-v1,GPARNTS1
nic-1996,high_knowledge_joint@historical-v1,RELATIV1
nic-1996,high_knowledge_joint@historical-v1,NONRELT1
nic-1996,high_knowledge_joint@historical-v1,EDLEVEL1
nic-1996,high_knowledge_joint@historical-v1,EMPLOYD1
nic-1996,high_knowledge_joint@historical-v1,JOBTYPE1
nic-1996,high_knowledge_joint@historical-v1,RELIGN1
nic-1996,high_knowledge_joint@historical-v1,FIRSTRL1
nic-1996,high_knowledge_joint@historical-v1,RELSERV1
nic-1996,high_knowledge_joint@historical-v1,PRAY1
nic-1996,high_knowledge_joint@historical-v1,BIBLE1
nic-1996,high_knowledge_joint@historical-v1,RELRITE1
nic-1996,high_knowledge_joint@historical-v1,HISPANI1
nic-1996,high_knowledge_joint@historical-v1,HISPTYP1
nic-1996,high_knowledge_joint@historical-v1,RACE1
nic-1996,high_knowledge_joint@historical-v1,HISP811
nic-1996,high_knowledge_joint@historical-v1,BLACK821
nic-1996,high_knowledge_joint@historical-v1,HISPBLA1
nic-1996,high_knowledge_joint@historical-v1,INCOME1
nic-1996,high_knowledge_joint@historical-v1,FINANCE1
nic-1996,high_knowledge_joint@historical-v1,IAQDATE1
nic-1996,high_knowledge_joint@historical-v1,SAQPRES1
nic-1996,high_knowledge_joint@historical-v1,GOVSAY1
nic-1996,high_knowledge_joint@historical-v1,OFFCARE1
nic-1996,high_knowledge_joint@historical-v1,POLCOMP1
nic-1996,high_knowledge_joint@historical-v1,TOUCH1
nic-1996,high_knowledge_joint@historical-v1,POLOPIN1
nic-1996,high_knowledge_joint@historical-v1,STANDUP1
nic-1996,high_knowledge_joint@historical-v1,FAMILY1
nic-1996,high_knowledge_joint@historical-v1,FAMPROB1
nic-1996,high_knowledge_joint@historical-v1,GOVINV1
nic-1996,high_knowledge_joint@historical-v1,DIVLAW1
nic-1996,high_knowledge_joint@historical-v1,DEADDAD1
nic-1996,high_knowledge_joint@historical-v1,MORALED1
nic-1996,high_knowledge_joint@historical-v1,FAMPLAN1
nic-1996,high_knowledge_joint@historical-v1,GOVSCH1
nic-1996,high_knowledge_joint@historical-v1,GOVPOOR1
nic-1996,high_knowledge_joint@historical-v1,TVSEX1
nic-1996,high_knowledge_joint@historical-v1,SCHPRAY1
nic-1996,high_knowledge_joint@historical-v1,SEXED1
nic-1996,high_knowledge_joint@historical-v1,WELROOT1
nic-1996,high_knowledge_joint@historical-v1,FAMECON1
nic-1996,high_knowledge_joint@historical-v1,KIDTIME1
nic-1996,high_knowledge_joint@historical-v1,BABYSIT1
nic-1996,high_knowledge_joint@historical-v1,TROOPS1
nic-1996,high_knowledge_joint@historical-v1,MILINTV1
nic-1996,high_knowledge_joint@historical-v1,MILCOOP1
nic-1996,high_knowledge_joint@historical-v1,STAY1
nic-1996,high_knowledge_joint@historical-v1,WEAPON1
nic-1996,high_knowledge_joint@historical-v1,ENVIRON1
nic-1996,high_knowledge_joint@historical-v1,ENERGY1
nic-1996,high_knowledge_joint@historical-v1,PRODEMO1
nic-1996,high_knowledge_joint@historical-v1,AIDBUSI1
nic-1996,high_knowledge_joint@historical-v1,FAMINE1
nic-1996,high_knowledge_joint@historical-v1,HUMAN1
nic-1996,high_knowledge_joint@historical-v1,WEAKER1
nic-1996,high_knowledge_joint@historical-v1,PROECON1
nic-1996,high_knowledge_joint@historical-v1,IMPOPP1
nic-1996,high_knowledge_joint@historical-v1,FORAID1
nic-1996,high_knowledge_joint@historical-v1,SPENVIR1
nic-1996,high_knowledge_joint@historical-v1,SPMEDIC1
nic-1996,high_knowledge_joint@historical-v1,SPLAW1
nic-1996,high_knowledge_joint@historical-v1,SPDRUG1
nic-1996,high_knowledge_joint@historical-v1,SPEDUC1
nic-1996,high_knowledge_joint@historical-v1,SPDEF1
nic-1996,high_knowledge_joint@historical-v1,SPFAID1
nic-1996,high_knowledge_joint@historical-v1,SPWELF1
nic-1996,high_knowledge_joint@historical-v1,SPSS1
nic-1996,high_knowledge_joint@historical-v1,REDDEF1
nic-1996,high_knowledge_joint@historical-v1,DEFRED1
nic-1996,high_knowledge_joint@historical-v1,CTENVIR1
nic-1996,high_knowledge_joint@historical-v1,CTMEDIC1
nic-1996,high_knowledge_joint@historical-v1,CTLAW1
nic-1996,high_knowledge_joint@historical-v1,CTDRUG1
nic-1996,high_knowledge_joint@historical-v1,CTEDUC1
nic-1996,high_knowledge_joint@historical-v1,CTDEF1
nic-1996,high_knowledge_joint@historical-v1,CTFAID1
nic-1996,high_knowledge_joint@historical-v1,CTWELF1
nic-1996,high_knowledge_joint@historical-v1,CTSS1
nic-1996,high_knowledge_joint@historical-v1,TRAIN1
nic-1996,high_knowledge_joint@historical-v1,SAFNET1
nic-1996,high_knowledge_joint@historical-v1,AHEAD1
nic-1996,high_knowledge_joint@historical-v1,PROFIT1
nic-1996,high_knowledge_joint@historical-v1,FAIRPAY1
nic-1996,high_knowledge_joint@historical-v1,ACHIEVE1
nic-1996,high_knowledge_joint@historical-v1,TAXRATE1
nic-1996,high_knowledge_joint@historical-v1,SALETAX1
nic-1996,high_knowledge_joint@historical-v1,TAXREDU1
nic-1996,high_knowledge_joint@historical-v1,FLATTAX1
nic-1996,high_knowledge_joint@historical-v1,GRADTAX1
nic-1996,high_knowledge_joint@historical-v1,FORTRAD1
nic-1996,high_knowledge_joint@historical-v1,TRADBAR1
nic-1996,high_knowledge_joint@historical-v1,NAFTA1
nic-1996,high_knowledge_joint@historical-v1,FRETRAD1
nic-1996,high_knowledge_joint@historical-v1,POLSELF1
europolis-2009,knowledge_gain@historical-v1,V3Q1
europolis-2009,knowledge_gain@historical-v1,V3Q2
europolis-2009,knowledge_gain@historical-v1,V3Q7
europolis-2009,knowledge_gain@historical-v1,V3Q8b
europolis-2009,knowledge_gain@historical-v1,V3Q9_1
europolis-2009,knowledge_gain@historical-v1,V3Q9_2
europolis-2009,knowledge_gain@historical-v1,V3Q9_3
europolis-2009,knowledge_gain@historical-v1,V3Q10_1
europolis-2009,knowledge_gain@historical-v1,V3Q10_2
europolis-2009,knowledge_gain@historical-v1,V3Q10_3
europolis-2009,knowledge_gain@historical-v1,V3Q10_4
europolis-2009,knowledge_gain@historical-v1,V3Q10_5
europolis-2009,knowledge_gain@historical-v1,V3Q10_6
europolis-2009,knowledge_gain@historical-v1,V3Q10_7
europolis-2009,knowledge_gain@historical-v1,V3Q10_8
europolis-2009,knowledge_gain@historical-v1,V3Q11_1
europolis-2009,knowledge_gain@historical-v1,V3Q11_2
europolis-2009,knowledge_gain@historical-v1,V3Q12
europolis-2009,knowledge_gain@historical-v1,V3Q13_1
europolis-2009,knowledge_gain@historical-v1,V3Q13_2
europolis-2009,knowledge_gain@historical-v1,V3Q13_3
europolis-2009,knowledge_gain@historical-v1,V3Q14
europolis-2009,knowledge_gain@historical-v1,V3Q15
europolis-2009,knowledge_gain@historical-v1,V3Q16
europolis-2009,knowledge_gain@historical-v1,V3Q17
europolis-2009,knowledge_gain@historical-v1,V3Q18
europolis-2009,knowledge_gain@historical-v1,V3Q19_1
europolis-2009,knowledge_gain@historical-v1,V3Q19_2
europolis-2009,knowledge_gain@historical-v1,V3Q19_3
europolis-2009,knowledge_gain@historical-v1,V3Q19_4
europolis-2009,knowledge_gain@historical-v1,V3Q19_5
europolis-2009,knowledge_gain@historical-v1,V3Q20
europolis-2009,knowledge_gain@historical-v1,V3Q21
europolis-2009,knowledge_gain@historical-v1,V3Q22b_1
europolis-2009,knowledge_gain@historical-v1,V3Q22b_2
europolis-2009,knowledge_gain@historical-v1,V3Q23
europolis-2009,knowledge_gain@historical-v1,V3Q24
europolis-2009,knowledge_gain@historical-v1,V3Q25
europolis-2009,knowledge_gain@historical-v1,V3Q26
europolis-2009,knowledge_gain@historical-v1,V3Q27_1
europolis-2009,knowledge_gain@historical-v1,V3Q27_2
europolis-2009,knowledge_gain@historical-v1,V3Q27_3
europolis-2009,knowledge_gain@historical-v1,V3Q27_4
europolis-2009,knowledge_gain@historical-v1,V3Q27_5
europolis-2009,knowledge_gain@historical-v1,V3Q27_6
europolis-2009,knowledge_gain@historical-v1,V3Q27_7
europolis-2009,knowledge_gain@historical-v1,V3Q27_8
europolis-2009,knowledge_gain@historical-v1,V3Q27_9
europolis-2009,knowledge_gain@historical-v1,V3Q28_1
europolis-2009,knowledge_gain@historical-v1,V3Q28_2
europolis-2009,knowledge_gain@historical-v1,V3Q28_3
europolis-2009,knowledge_gain@historical-v1,V3Q28_4
europolis-2009,knowledge_gain@historical-v1,V3Q29_1
europolis-2009,knowledge_gain@historical-v1,V3Q29_2
europolis-2009,knowledge_gain@historical-v1,V3Q29_3
europolis-2009,knowledge_gain@historical-v1,V3Q29_4
europolis-2009,knowledge_gain@historical-v1,V3Q31_1
europolis-2009,knowledge_gain@historical-v1,V3Q31_2
europolis-2009,knowledge_gain@historical-v1,V3Q31_3
europolis-2009,knowledge_gain@historical-v1,V3Q31_4
europolis-2009,knowledge_gain@historical-v1,V3Q32_1
europolis-2009,knowledge_gain@historical-v1,V3Q32_2
europolis-2009,knowledge_gain@historical-v1,V3Q32_3
europolis-2009,knowledge_gain@historical-v1,V3Q33a
europolis-2009,knowledge_gain@historical-v1,V3Q33b
europolis-2009,knowledge_gain@historical-v1,V3Q34
europolis-2009,knowledge_gain@historical-v1,V3Q35
europolis-2009,knowledge_gain@historical-v1,V3Q36
europolis-2009,knowledge_gain@historical-v1,V3Q37
europolis-2009,knowledge_gain@historical-v1,V3Q40
europolis-2009,knowledge_gain@historical-v1,V3Q41
europolis-2009,knowledge_gain@historical-v1,V3Q42_1
europolis-2009,knowledge_gain@historical-v1,V3Q42_2
europolis-2009,knowledge_gain@historical-v1,V3Q42_3
europolis-2009,knowledge_gain@historical-v1,V3Q45
europolis-2009,knowledge_gain@historical-v1,V3Q48
europolis-2009,knowledge_gain@historical-v1,V3Q51
europolis-2009,knowledge_gain@historical-v1,V3Q52_1
europolis-2009,knowledge_gain@historical-v1,V3Q52_2
europolis-2009,knowledge_gain@historical-v1,V3Q52_3
europolis-2009,knowledge_gain@historical-v1,V3Q52_4
europolis-2009,knowledge_gain@historical-v1,V3Q52_5
europolis-2009,knowledge_gain@historical-v1,V3Q52_6
europolis-2009,knowledge_gain@historical-v1,V3Q63
europolis-2009,knowledge_gain@historical-v1,V3Q64
europolis-2009,knowledge_gain@historical-v1,V3Q65_1
europolis-2009,knowledge_gain@historical-v1,V3Q65_2
europolis-2009,knowledge_gain@historical-v1,V3Q65_3
europolis-2009,knowledge_gain@historical-v1,V3Q65_4
europolis-2009,knowledge_gain@historical-v1,V3Q65_5
europolis-2009,knowledge_gain@historical-v1,V3Q65_6
europolis-2009,knowledge_gain@historical-v1,V3Q66_1
europolis-2009,knowledge_gain@historical-v1,V3Q66_2
europolis-2009,knowledge_gain@historical-v1,V3Q66_3
europolis-2009,knowledge_gain@historical-v1,V3Q66_4
europolis-2009,knowledge_gain@historical-v1,V3Q66_5
europolis-2009,knowledge_gain@historical-v1,V3Q66_6
europolis-2009,knowledge_gain@historical-v1,V3Q66_7
europolis-2009,knowledge_gain@historical-v1,V3Q66_8
europolis-2009,knowledge_gain@historical-v1,V3Q66_9
europolis-2009,knowledge_gain@historical-v1,V3Q66_10
europolis-2009,knowledge_gain@historical-v1,V3Q66_11
europolis-2009,knowledge_gain@historical-v1,V3Q66_12
europolis-2009,knowledge_gain@historical-v1,GROUP_T1BIS
europolis-2009,knowledge_gain@historical-v1,WAVE3
europolis-2009,knowledge_t2@historical-v1,V3Q1
europolis-2009,knowledge_t2@historical-v1,V3Q2
europolis-2009,knowledge_t2@historical-v1,V3Q7
europolis-2009,knowledge_t2@historical-v1,V3Q8b
europolis-2009,knowledge_t2@historical-v1,V3Q9_1
europolis-2009,knowledge_t2@historical-v1,V3Q9_2
europolis-2009,knowledge_t2@historical-v1,V3Q9_3
europolis-2009,knowledge_t2@historical-v1,V3Q10_1
europolis-2009,knowledge_t2@historical-v1,V3Q10_2
europolis-2009,knowledge_t2@historical-v1,V3Q10_3
europolis-2009,knowledge_t2@historical-v1,V3Q10_4
europolis-2009,knowledge_t2@historical-v1,V3Q10_5
europolis-2009,knowledge_t2@historical-v1,V3Q10_6
europolis-2009,knowledge_t2@historical-v1,V3Q10_7
europolis-2009,knowledge_t2@historical-v1,V3Q10_8
europolis-2009,knowledge_t2@historical-v1,V3Q11_1
europolis-2009,knowledge_t2@historical-v1,V3Q11_2
europolis-2009,knowledge_t2@historical-v1,V3Q12
europolis-2009,knowledge_t2@historical-v1,V3Q13_1
europolis-2009,knowledge_t2@historical-v1,V3Q13_2
europolis-2009,knowledge_t2@historical-v1,V3Q13_3
europolis-2009,knowledge_t2@historical-v1,V3Q14
europolis-2009,knowledge_t2@historical-v1,V3Q15
europolis-2009,knowledge_t2@historical-v1,V3Q16
europolis-2009,knowledge_t2@historical-v1,V3Q17
europolis-2009,knowledge_t2@historical-v1,V3Q18
europolis-2009,knowledge_t2@historical-v1,V3Q19_1
europolis-2009,knowledge_t2@historical-v1,V3Q19_2
europolis-2009,knowledge_t2@historical-v1,V3Q19_3
europolis-2009,knowledge_t2@historical-v1,V3Q19_4
europolis-2009,knowledge_t2@historical-v1,V3Q19_5
europolis-2009,knowledge_t2@historical-v1,V3Q20
europolis-2009,knowledge_t2@historical-v1,V3Q21
europolis-2009,knowledge_t2@historical-v1,V3Q22b_1
europolis-2009,knowledge_t2@historical-v1,V3Q22b_2
europolis-2009,knowledge_t2@historical-v1,V3Q23
europolis-2009,knowledge_t2@historical-v1,V3Q24
europolis-2009,knowledge_t2@historical-v1,V3Q25
europolis-2009,knowledge_t2@historical-v1,V3Q26
europolis-2009,knowledge_t2@historical-v1,V3Q27_1
europolis-2009,knowledge_t2@historical-v1,V3Q27_2
europolis-2009,knowledge_t2@historical-v1,V3Q27_3
europolis-2009,knowledge_t2@historical-v1,V3Q27_4
europolis-2009,knowledge_t2@historical-v1,V3Q27_5
europolis-2009,knowledge_t2@historical-v1,V3Q27_6
europolis-2009,knowledge_t2@historical-v1,V3Q27_7
europolis-2009,knowledge_t2@historical-v1,V3Q27_8
europolis-2009,knowledge_t2@historical-v1,V3Q27_9
europolis-2009,knowledge_t2@historical-v1,V3Q28_1
europolis-2009,knowledge_t2@historical-v1,V3Q28_2
europolis-2009,knowledge_t2@historical-v1,V3Q28_3
europolis-2009,knowledge_t2@historical-v1,V3Q28_4
europolis-2009,knowledge_t2@historical-v1,V3Q29_1
europolis-2009,knowledge_t2@historical-v1,V3Q29_2
europolis-2009,knowledge_t2@historical-v1,V3Q29_3
europolis-2009,knowledge_t2@historical-v1,V3Q29_4
europolis-2009,knowledge_t2@historical-v1,V3Q31_1
europolis-2009,knowledge_t2@historical-v1,V3Q31_2
europolis-2009,knowledge_t2@historical-v1,V3Q31_3
europolis-2009,knowledge_t2@historical-v1,V3Q31_4
europolis-2009,knowledge_t2@historical-v1,V3Q32_1
europolis-2009,knowledge_t2@historical-v1,V3Q32_2
europolis-2009,knowledge_t2@historical-v1,V3Q32_3
europolis-2009,knowledge_t2@historical-v1,V3Q33a
europolis-2009,knowledge_t2@historical-v1,V3Q33b
europolis-2009,knowledge_t2@historical-v1,V3Q34
europolis-2009,knowledge_t2@historical-v1,V3Q35
europolis-2009,knowledge_t2@historical-v1,V3Q36
europolis-2009,knowledge_t2@historical-v1,V3Q37
europolis-2009,knowledge_t2@historical-v1,V3Q40
europolis-2009,knowledge_t2@historical-v1,V3Q41
europolis-2009,knowledge_t2@historical-v1,V3Q42_1
europolis-2009,knowledge_t2@historical-v1,V3Q42_2
europolis-2009,knowledge_t2@historical-v1,V3Q42_3
europolis-2009,knowledge_t2@historical-v1,V3Q45
europolis-2009,knowledge_t2@historical-v1,V3Q48
europolis-2009,knowledge_t2@historical-v1,V3Q51
europolis-2009,knowledge_t2@historical-v1,V3Q52_1
europolis-2009,knowledge_t2@historical-v1,V3Q52_2
europolis-2009,knowledge_t2@historical-v1,V3Q52_3
europolis-2009,knowledge_t2@historical-v1,V3Q52_4
europolis-2009,knowledge_t2@historical-v1,V3Q52_5
europolis-2009,knowledge_t2@historical-v1,V3Q52_6
europolis-2009,knowledge_t2@historical-v1,V3Q63
europolis-2009,knowledge_t2@historical-v1,V3Q64
europolis-2009,knowledge_t2@historical-v1,V3Q65_1
europolis-2009,knowledge_t2@historical-v1,V3Q65_2
europolis-2009,knowledge_t2@historical-v1,V3Q65_3
europolis-2009,knowledge_t2@historical-v1,V3Q65_4
europolis-2009,knowledge_t2@historical-v1,V3Q65_5
europolis-2009,knowledge_t2@historical-v1,V3Q65_6
europolis-2009,knowledge_t2@historical-v1,V3Q66_1
europolis-2009,knowledge_t2@historical-v1,V3Q66_2
europolis-2009,knowledge_t2@historical-v1,V3Q66_3
europolis-2009,knowledge_t2@historical-v1,V3Q66_4
europolis-2009,knowledge_t2@historical-v1,V3Q66_5
europolis-2009,knowledge_t2@historical-v1,V3Q66_6
europolis-2009,knowledge_t2@historical-v1,V3Q66_7
europolis-2009,knowledge_t2@historical-v1,V3Q66_8
europolis-2009,knowledge_t2@historical-v1,V3Q66_9
europolis-2009,knowledge_t2@historical-v1,V3Q66_10
europolis-2009,knowledge_t2@historical-v1,V3Q66_11
europolis-2009,knowledge_t2@historical-v1,V3Q66_12
europolis-2009,knowledge_t2@historical-v1,GROUP_T1BIS
europolis-2009,knowledge_t2@historical-v1,WAVE3
tomorrows-europe-2007,knowledge_joint_midterm@historical-v1,t2q1
tomorrows-europe-2007,knowledge_joint_midterm@historical-v1,t2q2
tomorrows-europe-2007,knowledge_joint_midterm@historical-v1,t2q2_1
tomorrows-europe-2007,knowledge_joint_midterm@historical-v1,t2q3a
tomorrows-europe-2007,knowledge_joint_midterm@historical-v1,t2q3b
tomorrows-europe-2007,knowledge_joint_midterm@historical-v1,t2q3c
tomorrows-europe-2007,knowledge_joint_midterm@historical-v1,t2q3d
tomorrows-europe-2007,knowledge_joint_midterm@historical-v1,t2q3e
tomorrows-europe-2007,knowledge_joint_midterm@historical-v1,t2q4
tomorrows-europe-2007,knowledge_joint_midterm@historical-v1,t2q4_1
tomorrows-europe-2007,knowledge_joint_midterm@historical-v1,t2q5a
tomorrows-europe-2007,knowledge_joint_midterm@historical-v1,t2q5b
tomorrows-europe-2007,knowledge_joint_midterm@historical-v1,t2q5c
tomorrows-europe-2007,knowledge_joint_midterm@historical-v1,t2q5d
tomorrows-europe-2007,knowledge_joint_midterm@historical-v1,t2q6a
tomorrows-europe-2007,knowledge_joint_midterm@historical-v1,t2q6b
tomorrows-europe-2007,knowledge_joint_midterm@historical-v1,t2q6c
tomorrows-europe-2007,knowledge_joint_midterm@historical-v1,t2q6d
tomorrows-europe-2007,knowledge_joint_midterm@historical-v1,t2q7a
tomorrows-europe-2007,knowledge_joint_midterm@historical-v1,t2q7b
tomorrows-europe-2007,knowledge_joint_midterm@historical-v1,t2q7c
tomorrows-europe-2007,knowledge_joint_midterm@historical-v1,t2q7d
tomorrows-europe-2007,knowledge_joint_midterm@historical-v1,t2q7e
tomorrows-europe-2007,knowledge_joint_midterm@historical-v1,t2q7f
tomorrows-europe-2007,knowledge_joint_midterm@historical-v1,t2q7g
tomorrows-europe-2007,knowledge_joint_midterm@historical-v1,t2q8
tomorrows-europe-2007,knowledge_joint_midterm@historical-v1,t2q8_1
tomorrows-europe-2007,knowledge_joint_midterm@historical-v1,t2q9a
tomorrows-europe-2007,knowledge_joint_midterm@historical-v1,t2q9b
tomorrows-europe-2007,knowledge_joint_midterm@historical-v1,t2q9c
tomorrows-europe-2007,knowledge_joint_midterm@historical-v1,t2q9d
tomorrows-europe-2007,knowledge_joint_midterm@historical-v1,t2q9e
tomorrows-europe-2007,knowledge_joint_midterm@historical-v1,t2q9f
tomorrows-europe-2007,knowledge_joint_midterm@historical-v1,t2q9g
tomorrows-europe-2007,knowledge_joint_midterm@historical-v1,t2q10a
tomorrows-europe-2007,knowledge_joint_midterm@historical-v1,t2q10b
tomorrows-europe-2007,knowledge_joint_midterm@historical-v1,t2q10c
tomorrows-europe-2007,knowledge_joint_midterm@historical-v1,t2q10d
tomorrows-europe-2007,knowledge_joint_midterm@historical-v1,t2q10e
tomorrows-europe-2007,knowledge_joint_midterm@historical-v1,t2q11a
tomorrows-europe-2007,knowledge_joint_midterm@historical-v1,t2q11b
tomorrows-europe-2007,knowledge_joint_midterm@historical-v1,t2q11c
tomorrows-europe-2007,knowledge_joint_midterm@historical-v1,t2q11d
tomorrows-europe-2007,knowledge_joint_midterm@historical-v1,t2q11e
tomorrows-europe-2007,knowledge_joint_midterm@historical-v1,t2q12a
tomorrows-europe-2007,knowledge_joint_midterm@historical-v1,t2q12b
tomorrows-europe-2007,knowledge_joint_midterm@historical-v1,t2q12c
tomorrows-europe-2007,knowledge_joint_midterm@historical-v1,t2q12d
tomorrows-europe-2007,knowledge_joint_midterm@historical-v1,t2q13a
tomorrows-europe-2007,knowledge_joint_midterm@historical-v1,t2q13b
tomorrows-europe-2007,knowledge_joint_midterm@historical-v1,t2q13c
tomorrows-europe-2007,knowledge_joint_midterm@historical-v1,t2q13d
tomorrows-europe-2007,knowledge_joint_midterm@historical-v1,t2q14a
tomorrows-europe-2007,knowledge_joint_midterm@historical-v1,t2q14b
tomorrows-europe-2007,knowledge_joint_midterm@historical-v1,t2q14c
tomorrows-europe-2007,knowledge_joint_midterm@historical-v1,t2q15a
tomorrows-europe-2007,knowledge_joint_midterm@historical-v1,t2q15b
tomorrows-europe-2007,knowledge_joint_midterm@historical-v1,t2q16a
tomorrows-europe-2007,knowledge_joint_midterm@historical-v1,t2q16b
tomorrows-europe-2007,knowledge_joint_midterm@historical-v1,t2q16c
tomorrows-europe-2007,knowledge_joint_midterm@historical-v1,t2q16d
tomorrows-europe-2007,knowledge_joint_midterm@historical-v1,t2q16e
tomorrows-europe-2007,knowledge_joint_midterm@historical-v1,t2q16f
tomorrows-europe-2007,knowledge_joint_midterm@historical-v1,t2q16g
tomorrows-europe-2007,knowledge_joint_midterm@historical-v1,t2q16h
tomorrows-europe-2007,knowledge_joint_midterm@historical-v1,t2q16i
tomorrows-europe-2007,knowledge_joint_midterm@historical-v1,t2q16j
tomorrows-europe-2007,knowledge_joint_midterm@historical-v1,t2q17a
tomorrows-europe-2007,knowledge_joint_midterm@historical-v1,t2q17b
tomorrows-europe-2007,knowledge_joint_midterm@historical-v1,t2q17c
tomorrows-europe-2007,knowledge_joint_midterm@historical-v1,t2q17d
tomorrows-europe-2007,knowledge_joint_midterm@historical-v1,t2q17e
tomorrows-europe-2007,knowledge_joint_midterm@historical-v1,t2q17f
tomorrows-europe-2007,knowledge_joint_midterm@historical-v1,t2q17g
tomorrows-europe-2007,knowledge_joint_midterm@historical-v1,t2q17h
tomorrows-europe-2007,knowledge_joint_midterm@historical-v1,t2q17i
tomorrows-europe-2007,knowledge_joint_midterm@historical-v1,t2q17j
tomorrows-europe-2007,knowledge_joint_midterm@historical-v1,t2q18a
tomorrows-europe-2007,knowledge_joint_midterm@historical-v1,t2q18b
tomorrows-europe-2007,knowledge_joint_midterm@historical-v1,t2q18c
tomorrows-europe-2007,knowledge_joint_midterm@historical-v1,t2q18d
tomorrows-europe-2007,knowledge_joint_midterm@historical-v1,t2q28
tomorrows-europe-2007,knowledge_joint_midterm@historical-v1,t2q29
tomorrows-europe-2007,knowledge_joint_midterm@historical-v1,t2q30
tomorrows-europe-2007,knowledge_joint_midterm@historical-v1,t2q31
tomorrows-europe-2007,knowledge_joint_midterm@historical-v1,t2q32
tomorrows-europe-2007,knowledge_joint_midterm@historical-v1,t2q33
tomorrows-europe-2007,knowledge_joint_midterm@historical-v1,t2q33_1
tomorrows-europe-2007,knowledge_joint_midterm@historical-v1,t2q34
tomorrows-europe-2007,knowledge_joint_midterm@historical-v1,t2q35
tomorrows-europe-2007,knowledge_joint_midterm@historical-v1,t2q37a
tomorrows-europe-2007,knowledge_joint_midterm@historical-v1,t2q37b
tomorrows-europe-2007,knowledge_joint_midterm@historical-v1,t2q38a
tomorrows-europe-2007,knowledge_joint_midterm@historical-v1,t2q38b
tomorrows-europe-2007,knowledge_joint_midterm@historical-v1,t2q38c
tomorrows-europe-2007,knowledge_joint_midterm@historical-v1,t2q38d
tomorrows-europe-2007,knowledge_joint_midterm@historical-v1,t2q38e
tomorrows-europe-2007,knowledge_joint_midterm@historical-v1,t2q38f
tomorrows-europe-2007,knowledge_joint_midterm@historical-v1,t2q38g
tomorrows-europe-2007,knowledge_joint_midterm@historical-v1,t2q38h
tomorrows-europe-2007,knowledge_joint_midterm@historical-v1,t2q38i
tomorrows-europe-2007,knowledge_joint_midterm@historical-v1,t2q38j
tomorrows-europe-2007,knowledge_joint_midterm@historical-v1,t2q38k
tomorrows-europe-2007,knowledge_joint_midterm@historical-v1,t2q38l
tomorrows-europe-2007,knowledge_joint_midterm@historical-v1,t2q38m
tomorrows-europe-2007,knowledge_joint_midterm@historical-v1,t2q38n
tomorrows-europe-2007,knowledge_joint_midterm@historical-v1,t2q38o
tomorrows-europe-2007,knowledge_joint_midterm@historical-v1,t2q39a
tomorrows-europe-2007,knowledge_joint_midterm@historical-v1,t2q39b
tomorrows-europe-2007,knowledge_joint_midterm@historical-v1,t2q39c
tomorrows-europe-2007,knowledge_joint_midterm@historical-v1,t2q39d
tomorrows-europe-2007,knowledge_joint_midterm@historical-v1,t2q39e
tomorrows-europe-2007,knowledge_joint_midterm@historical-v1,t2q39f
tomorrows-europe-2007,knowledge_joint_midterm@historical-v1,t2q39g
tomorrows-europe-2007,knowledge_joint_midterm@historical-v1,t2q39h
tomorrows-europe-2007,knowledge_joint_midterm@historical-v1,t2q39i
tomorrows-europe-2007,knowledge_joint_midterm@historical-v1,t2q39j
tomorrows-europe-2007,knowledge_joint_midterm@historical-v1,t2q39k
tomorrows-europe-2007,knowledge_joint_midterm@historical-v1,t2q39l
tomorrows-europe-2007,knowledge_joint_midterm@historical-v1,t2q32r
tomorrows-europe-2007,knowledge_joint_midterm@historical-v1,t2q28r
tomorrows-europe-2007,knowledge_joint_midterm@historical-v1,t2q29r
tomorrows-europe-2007,knowledge_joint_midterm@historical-v1,t2q30r
tomorrows-europe-2007,knowledge_joint_midterm@historical-v1,t2q31r
tomorrows-europe-2007,knowledge_joint_midterm@historical-v1,t2q1r
tomorrows-europe-2007,knowledge_joint_midterm@historical-v1,t2q2r
tomorrows-europe-2007,knowledge_joint_midterm@historical-v1,t2q4r
tomorrows-europe-2007,knowledge_joint_midterm@historical-v1,t2q8r
tomorrows-europe-2007,knowledge_joint_midterm@historical-v1,t2q33r
tomorrows-europe-2007,knowledge_joint_midterm@historical-v1,t2q34r
tomorrows-europe-2007,knowledge_joint_midterm@historical-v1,t2q35r
tomorrows-europe-2007,knowledge_joint_midterm@historical-v1,t3q1
tomorrows-europe-2007,knowledge_joint_midterm@historical-v1,t3q2
tomorrows-europe-2007,knowledge_joint_midterm@historical-v1,t3q2_1
tomorrows-europe-2007,knowledge_joint_midterm@historical-v1,t3q3a
tomorrows-europe-2007,knowledge_joint_midterm@historical-v1,t3q3b
tomorrows-europe-2007,knowledge_joint_midterm@historical-v1,t3q3c
tomorrows-europe-2007,knowledge_joint_midterm@historical-v1,t3q3d
tomorrows-europe-2007,knowledge_joint_midterm@historical-v1,t3q3e
tomorrows-europe-2007,knowledge_joint_midterm@historical-v1,t3q4
tomorrows-europe-2007,knowledge_joint_midterm@historical-v1,t3q4_1
tomorrows-europe-2007,knowledge_joint_midterm@historical-v1,t3q5a
tomorrows-europe-2007,knowledge_joint_midterm@historical-v1,t3q5b
tomorrows-europe-2007,knowledge_joint_midterm@historical-v1,t3q5c
tomorrows-europe-2007,knowledge_joint_midterm@historical-v1,t3q5d
tomorrows-europe-2007,knowledge_joint_midterm@historical-v1,t3q6a
tomorrows-europe-2007,knowledge_joint_midterm@historical-v1,t3q6b
tomorrows-europe-2007,knowledge_joint_midterm@historical-v1,t3q6c
tomorrows-europe-2007,knowledge_joint_midterm@historical-v1,t3q6d
tomorrows-europe-2007,knowledge_joint_midterm@historical-v1,t3q7a
tomorrows-europe-2007,knowledge_joint_midterm@historical-v1,t3q7b
tomorrows-europe-2007,knowledge_joint_midterm@historical-v1,t3q7c
tomorrows-europe-2007,knowledge_joint_midterm@historical-v1,t3q7d
tomorrows-europe-2007,knowledge_joint_midterm@historical-v1,t3q7e
tomorrows-europe-2007,knowledge_joint_midterm@historical-v1,t3q7f
tomorrows-europe-2007,knowledge_joint_midterm@historical-v1,t3q7g
tomorrows-europe-2007,knowledge_joint_midterm@historical-v1,t3q8
tomorrows-europe-2007,knowledge_joint_midterm@historical-v1,t3q8_1
tomorrows-europe-2007,knowledge_joint_midterm@historical-v1,t3q9a
tomorrows-europe-2007,knowledge_joint_midterm@historical-v1,t3q9b
tomorrows-europe-2007,knowledge_joint_midterm@historical-v1,t3q9c
tomorrows-europe-2007,knowledge_joint_midterm@historical-v1,t3q9d
tomorrows-europe-2007,knowledge_joint_midterm@historical-v1,t3q9e
tomorrows-europe-2007,knowledge_joint_midterm@historical-v1,t3q9f
tomorrows-europe-2007,knowledge_joint_midterm@historical-v1,t3q9g
tomorrows-europe-2007,knowledge_joint_midterm@historical-v1,t3q10a
tomorrows-europe-2007,knowledge_joint_midterm@historical-v1,t3q10b
tomorrows-europe-2007,knowledge_joint_midterm@historical-v1,t3q10c
tomorrows-europe-2007,knowledge_joint_midterm@historical-v1,t3q10d
tomorrows-europe-2007,knowledge_joint_midterm@historical-v1,t3q10e
tomorrows-europe-2007,knowledge_joint_midterm@historical-v1,t3q11a
tomorrows-europe-2007,knowledge_joint_midterm@historical-v1,t3q11b
tomorrows-europe-2007,knowledge_joint_midterm@historical-v1,t3q11c
tomorrows-europe-2007,knowledge_joint_midterm@historical-v1,t3q11d
tomorrows-europe-2007,knowledge_joint_midterm@historical-v1,t3q11e
tomorrows-europe-2007,knowledge_joint_midterm@historical-v1,t3q12a
tomorrows-europe-2007,knowledge_joint_midterm@historical-v1,t3q12b
tomorrows-europe-2007,knowledge_joint_midterm@historical-v1,t3q12c
tomorrows-europe-2007,knowledge_joint_midterm@historical-v1,t3q12d
tomorrows-europe-2007,knowledge_joint_midterm@historical-v1,t3q13a
tomorrows-europe-2007,knowledge_joint_midterm@historical-v1,t3q13b
tomorrows-europe-2007,knowledge_joint_midterm@historical-v1,t3q13c
tomorrows-europe-2007,knowledge_joint_midterm@historical-v1,t3q13d
tomorrows-europe-2007,knowledge_joint_midterm@historical-v1,t3q14a
tomorrows-europe-2007,knowledge_joint_midterm@historical-v1,t3q14b
tomorrows-europe-2007,knowledge_joint_midterm@historical-v1,t3q14c
tomorrows-europe-2007,knowledge_joint_midterm@historical-v1,t3q15a
tomorrows-europe-2007,knowledge_joint_midterm@historical-v1,t3q15b
tomorrows-europe-2007,knowledge_joint_midterm@historical-v1,t3q16a
tomorrows-europe-2007,knowledge_joint_midterm@historical-v1,t3q16b
tomorrows-europe-2007,knowledge_joint_midterm@historical-v1,t3q16c
tomorrows-europe-2007,knowledge_joint_midterm@historical-v1,t3q16d
tomorrows-europe-2007,knowledge_joint_midterm@historical-v1,t3q16e
tomorrows-europe-2007,knowledge_joint_midterm@historical-v1,t3q16f
tomorrows-europe-2007,knowledge_joint_midterm@historical-v1,t3q16g
tomorrows-europe-2007,knowledge_joint_midterm@historical-v1,t3q16h
tomorrows-europe-2007,knowledge_joint_midterm@historical-v1,t3q16i
tomorrows-europe-2007,knowledge_joint_midterm@historical-v1,t3q16j
tomorrows-europe-2007,knowledge_joint_midterm@historical-v1,t3q17a
tomorrows-europe-2007,knowledge_joint_midterm@historical-v1,t3q17b
tomorrows-europe-2007,knowledge_joint_midterm@historical-v1,t3q17c
tomorrows-europe-2007,knowledge_joint_midterm@historical-v1,t3q17d
tomorrows-europe-2007,knowledge_joint_midterm@historical-v1,t3q17e
tomorrows-europe-2007,knowledge_joint_midterm@historical-v1,t3q17f
tomorrows-europe-2007,knowledge_joint_midterm@historical-v1,t3q17g
tomorrows-europe-2007,knowledge_joint_midterm@historical-v1,t3q17h
tomorrows-europe-2007,knowledge_joint_midterm@historical-v1,t3q17i
tomorrows-europe-2007,knowledge_joint_midterm@historical-v1,t3q17j
tomorrows-europe-2007,knowledge_joint_midterm@historical-v1,t3q18a
tomorrows-europe-2007,knowledge_joint_midterm@historical-v1,t3q18b
tomorrows-europe-2007,knowledge_joint_midterm@historical-v1,t3q18c
tomorrows-europe-2007,knowledge_joint_midterm@historical-v1,t3q18d
tomorrows-europe-2007,knowledge_joint_midterm@historical-v1,t3q28
tomorrows-europe-2007,knowledge_joint_midterm@historical-v1,t3q29
tomorrows-europe-2007,knowledge_joint_midterm@historical-v1,t3q30
tomorrows-europe-2007,knowledge_joint_midterm@historical-v1,t3q31
tomorrows-europe-2007,knowledge_joint_midterm@historical-v1,t3q32
tomorrows-europe-2007,knowledge_joint_midterm@historical-v1,t3q33
tomorrows-europe-2007,knowledge_joint_midterm@historical-v1,t3q33_1
tomorrows-europe-2007,knowledge_joint_midterm@historical-v1,t3q34
tomorrows-europe-2007,knowledge_joint_midterm@historical-v1,t3q35
tomorrows-europe-2007,knowledge_joint_midterm@historical-v1,t3q37a
tomorrows-europe-2007,knowledge_joint_midterm@historical-v1,t3q37b
tomorrows-europe-2007,knowledge_joint_midterm@historical-v1,t3q38a
tomorrows-europe-2007,knowledge_joint_midterm@historical-v1,t3q38b
tomorrows-europe-2007,knowledge_joint_midterm@historical-v1,t3q38c
tomorrows-europe-2007,knowledge_joint_midterm@historical-v1,t3q38d
tomorrows-europe-2007,knowledge_joint_midterm@historical-v1,t3q38e
tomorrows-europe-2007,knowledge_joint_midterm@historical-v1,t3q38f
tomorrows-europe-2007,knowledge_joint_midterm@historical-v1,t3q38g
tomorrows-europe-2007,knowledge_joint_midterm@historical-v1,t3q38h
tomorrows-europe-2007,knowledge_joint_midterm@historical-v1,t3q38i
tomorrows-europe-2007,knowledge_joint_midterm@historical-v1,t3q38j
tomorrows-europe-2007,knowledge_joint_midterm@historical-v1,t3q38k
tomorrows-europe-2007,knowledge_joint_midterm@historical-v1,t3q38l
tomorrows-europe-2007,knowledge_joint_midterm@historical-v1,t3q38m
tomorrows-europe-2007,knowledge_joint_midterm@historical-v1,t3q38n
tomorrows-europe-2007,knowledge_joint_midterm@historical-v1,t3q38o
tomorrows-europe-2007,knowledge_joint_midterm@historical-v1,t3q39a
tomorrows-europe-2007,knowledge_joint_midterm@historical-v1,t3q39b
tomorrows-europe-2007,knowledge_joint_midterm@historical-v1,t3q39c
tomorrows-europe-2007,knowledge_joint_midterm@historical-v1,t3q39d
tomorrows-europe-2007,knowledge_joint_midterm@historical-v1,t3q39e
tomorrows-europe-2007,knowledge_joint_midterm@historical-v1,t3q39f
tomorrows-europe-2007,knowledge_joint_midterm@historical-v1,t3q39g
tomorrows-europe-2007,knowledge_joint_midterm@historical-v1,t3q39h
tomorrows-europe-2007,knowledge_joint_midterm@historical-v1,t3q39i
tomorrows-europe-2007,knowledge_joint_midterm@historical-v1,t3q39j
tomorrows-europe-2007,knowledge_joint_midterm@historical-v1,t3q39k
tomorrows-europe-2007,knowledge_joint_midterm@historical-v1,t3q39l
tomorrows-europe-2007,knowledge_joint_midterm@historical-v1,t3q40a
tomorrows-europe-2007,knowledge_joint_midterm@historical-v1,t3q40b
tomorrows-europe-2007,knowledge_joint_midterm@historical-v1,t3q40c
tomorrows-europe-2007,knowledge_joint_midterm@historical-v1,t3q40d
tomorrows-europe-2007,knowledge_joint_midterm@historical-v1,t3q40e
tomorrows-europe-2007,knowledge_joint_midterm@historical-v1,t3q41a
tomorrows-europe-2007,knowledge_joint_midterm@historical-v1,t3q41b
tomorrows-europe-2007,knowledge_joint_midterm@historical-v1,t3q41c
tomorrows-europe-2007,knowledge_joint_midterm@historical-v1,t3q41d
tomorrows-europe-2007,knowledge_joint_midterm@historical-v1,t3q41e
tomorrows-europe-2007,knowledge_joint_midterm@historical-v1,t3q41f
tomorrows-europe-2007,knowledge_joint_midterm@historical-v1,t3q42
tomorrows-europe-2007,knowledge_joint_midterm@historical-v1,t3q43
tomorrows-europe-2007,knowledge_joint_midterm@historical-v1,t3q44
tomorrows-europe-2007,knowledge_joint_midterm@historical-v1,t3q45
tomorrows-europe-2007,knowledge_joint_midterm@historical-v1,t3q46
tomorrows-europe-2007,knowledge_joint_midterm@historical-v1,t3q47
tomorrows-europe-2007,knowledge_joint_midterm@historical-v1,t3q48a
tomorrows-europe-2007,knowledge_joint_midterm@historical-v1,t3q48b
tomorrows-europe-2007,knowledge_joint_midterm@historical-v1,t3q48c
tomorrows-europe-2007,knowledge_joint_midterm@historical-v1,t3q48d
tomorrows-europe-2007,knowledge_joint_midterm@historical-v1,t3q48e
tomorrows-europe-2007,knowledge_joint_midterm@historical-v1,t3q49a
tomorrows-europe-2007,knowledge_joint_midterm@historical-v1,t3q49b
tomorrows-europe-2007,knowledge_joint_midterm@historical-v1,t3q49c
tomorrows-europe-2007,knowledge_joint_midterm@historical-v1,t3q49d
tomorrows-europe-2007,knowledge_joint_midterm@historical-v1,t3q49e
tomorrows-europe-2007,knowledge_joint_midterm@historical-v1,t3q49f
tomorrows-europe-2007,knowledge_joint_midterm@historical-v1,t3q50a
tomorrows-europe-2007,knowledge_joint_midterm@historical-v1,t3q50b
tomorrows-europe-2007,knowledge_joint_midterm@historical-v1,t3q50c
tomorrows-europe-2007,knowledge_joint_midterm@historical-v1,t3q51a
tomorrows-europe-2007,knowledge_joint_midterm@historical-v1,t3q51b
tomorrows-europe-2007,knowledge_joint_midterm@historical-v1,t3q51c
tomorrows-europe-2007,knowledge_joint_midterm@historical-v1,t3q52a
tomorrows-europe-2007,knowledge_joint_midterm@historical-v1,t3q52b
tomorrows-europe-2007,knowledge_joint_midterm@historical-v1,t3q52c
tomorrows-europe-2007,knowledge_joint_midterm@historical-v1,t3q1r
tomorrows-europe-2007,knowledge_joint_midterm@historical-v1,t3q2r
tomorrows-europe-2007,knowledge_joint_midterm@historical-v1,t3q4r
tomorrows-europe-2007,knowledge_joint_midterm@historical-v1,t3q8r
tomorrows-europe-2007,knowledge_joint_midterm@historical-v1,t3q33r
tomorrows-europe-2007,knowledge_joint_midterm@historical-v1,t3q34r
tomorrows-europe-2007,knowledge_joint_midterm@historical-v1,t3q35r
tomorrows-europe-2007,knowledge_joint_midterm@historical-v1,t3q32r
tomorrows-europe-2007,knowledge_joint_midterm@historical-v1,t3q28r
tomorrows-europe-2007,knowledge_joint_midterm@historical-v1,t3q29r
tomorrows-europe-2007,knowledge_joint_midterm@historical-v1,t3q30r
tomorrows-europe-2007,knowledge_joint_midterm@historical-v1,t3q31r
tomorrows-europe-2007,knowledge_joint_midterm@historical-v1,t3q43r
tomorrows-europe-2007,knowledge_joint_midterm@historical-v1,t3q42r
tomorrows-europe-2007,knowledge_joint_midterm@historical-v1,t3q47r
tomorrows-europe-2007,knowledge_joint_midterm@historical-v1,t3q46r
tomorrows-europe-2007,knowledge_joint_midterm@historical-v1,t3q45r
tomorrows-europe-2007,knowledge_joint_midterm@historical-v1,t3q44r
tomorrows-europe-2007,knowledge_midterm@historical-v1,t2q1
tomorrows-europe-2007,knowledge_midterm@historical-v1,t2q2
tomorrows-europe-2007,knowledge_midterm@historical-v1,t2q2_1
tomorrows-europe-2007,knowledge_midterm@historical-v1,t2q3a
tomorrows-europe-2007,knowledge_midterm@historical-v1,t2q3b
tomorrows-europe-2007,knowledge_midterm@historical-v1,t2q3c
tomorrows-europe-2007,knowledge_midterm@historical-v1,t2q3d
tomorrows-europe-2007,knowledge_midterm@historical-v1,t2q3e
tomorrows-europe-2007,knowledge_midterm@historical-v1,t2q4
tomorrows-europe-2007,knowledge_midterm@historical-v1,t2q4_1
tomorrows-europe-2007,knowledge_midterm@historical-v1,t2q5a
tomorrows-europe-2007,knowledge_midterm@historical-v1,t2q5b
tomorrows-europe-2007,knowledge_midterm@historical-v1,t2q5c
tomorrows-europe-2007,knowledge_midterm@historical-v1,t2q5d
tomorrows-europe-2007,knowledge_midterm@historical-v1,t2q6a
tomorrows-europe-2007,knowledge_midterm@historical-v1,t2q6b
tomorrows-europe-2007,knowledge_midterm@historical-v1,t2q6c
tomorrows-europe-2007,knowledge_midterm@historical-v1,t2q6d
tomorrows-europe-2007,knowledge_midterm@historical-v1,t2q7a
tomorrows-europe-2007,knowledge_midterm@historical-v1,t2q7b
tomorrows-europe-2007,knowledge_midterm@historical-v1,t2q7c
tomorrows-europe-2007,knowledge_midterm@historical-v1,t2q7d
tomorrows-europe-2007,knowledge_midterm@historical-v1,t2q7e
tomorrows-europe-2007,knowledge_midterm@historical-v1,t2q7f
tomorrows-europe-2007,knowledge_midterm@historical-v1,t2q7g
tomorrows-europe-2007,knowledge_midterm@historical-v1,t2q8
tomorrows-europe-2007,knowledge_midterm@historical-v1,t2q8_1
tomorrows-europe-2007,knowledge_midterm@historical-v1,t2q9a
tomorrows-europe-2007,knowledge_midterm@historical-v1,t2q9b
tomorrows-europe-2007,knowledge_midterm@historical-v1,t2q9c
tomorrows-europe-2007,knowledge_midterm@historical-v1,t2q9d
tomorrows-europe-2007,knowledge_midterm@historical-v1,t2q9e
tomorrows-europe-2007,knowledge_midterm@historical-v1,t2q9f
tomorrows-europe-2007,knowledge_midterm@historical-v1,t2q9g
tomorrows-europe-2007,knowledge_midterm@historical-v1,t2q10a
tomorrows-europe-2007,knowledge_midterm@historical-v1,t2q10b
tomorrows-europe-2007,knowledge_midterm@historical-v1,t2q10c
tomorrows-europe-2007,knowledge_midterm@historical-v1,t2q10d
tomorrows-europe-2007,knowledge_midterm@historical-v1,t2q10e
tomorrows-europe-2007,knowledge_midterm@historical-v1,t2q11a
tomorrows-europe-2007,knowledge_midterm@historical-v1,t2q11b
tomorrows-europe-2007,knowledge_midterm@historical-v1,t2q11c
tomorrows-europe-2007,knowledge_midterm@historical-v1,t2q11d
tomorrows-europe-2007,knowledge_midterm@historical-v1,t2q11e
tomorrows-europe-2007,knowledge_midterm@historical-v1,t2q12a
tomorrows-europe-2007,knowledge_midterm@historical-v1,t2q12b
tomorrows-europe-2007,knowledge_midterm@historical-v1,t2q12c
tomorrows-europe-2007,knowledge_midterm@historical-v1,t2q12d
tomorrows-europe-2007,knowledge_midterm@historical-v1,t2q13a
tomorrows-europe-2007,knowledge_midterm@historical-v1,t2q13b
tomorrows-europe-2007,knowledge_midterm@historical-v1,t2q13c
tomorrows-europe-2007,knowledge_midterm@historical-v1,t2q13d
tomorrows-europe-2007,knowledge_midterm@historical-v1,t2q14a
tomorrows-europe-2007,knowledge_midterm@historical-v1,t2q14b
tomorrows-europe-2007,knowledge_midterm@historical-v1,t2q14c
tomorrows-europe-2007,knowledge_midterm@historical-v1,t2q15a
tomorrows-europe-2007,knowledge_midterm@historical-v1,t2q15b
tomorrows-europe-2007,knowledge_midterm@historical-v1,t2q16a
tomorrows-europe-2007,knowledge_midterm@historical-v1,t2q16b
tomorrows-europe-2007,knowledge_midterm@historical-v1,t2q16c
tomorrows-europe-2007,knowledge_midterm@historical-v1,t2q16d
tomorrows-europe-2007,knowledge_midterm@historical-v1,t2q16e
tomorrows-europe-2007,knowledge_midterm@historical-v1,t2q16f
tomorrows-europe-2007,knowledge_midterm@historical-v1,t2q16g
tomorrows-europe-2007,knowledge_midterm@historical-v1,t2q16h
tomorrows-europe-2007,knowledge_midterm@historical-v1,t2q16i
tomorrows-europe-2007,knowledge_midterm@historical-v1,t2q16j
tomorrows-europe-2007,knowledge_midterm@historical-v1,t2q17a
tomorrows-europe-2007,knowledge_midterm@historical-v1,t2q17b
tomorrows-europe-2007,knowledge_midterm@historical-v1,t2q17c
tomorrows-europe-2007,knowledge_midterm@historical-v1,t2q17d
tomorrows-europe-2007,knowledge_midterm@historical-v1,t2q17e
tomorrows-europe-2007,knowledge_midterm@historical-v1,t2q17f
tomorrows-europe-2007,knowledge_midterm@historical-v1,t2q17g
tomorrows-europe-2007,knowledge_midterm@historical-v1,t2q17h
tomorrows-europe-2007,knowledge_midterm@historical-v1,t2q17i
tomorrows-europe-2007,knowledge_midterm@historical-v1,t2q17j
tomorrows-europe-2007,knowledge_midterm@historical-v1,t2q18a
tomorrows-europe-2007,knowledge_midterm@historical-v1,t2q18b
tomorrows-europe-2007,knowledge_midterm@historical-v1,t2q18c
tomorrows-europe-2007,knowledge_midterm@historical-v1,t2q18d
tomorrows-europe-2007,knowledge_midterm@historical-v1,t2q28
tomorrows-europe-2007,knowledge_midterm@historical-v1,t2q29
tomorrows-europe-2007,knowledge_midterm@historical-v1,t2q30
tomorrows-europe-2007,knowledge_midterm@historical-v1,t2q31
tomorrows-europe-2007,knowledge_midterm@historical-v1,t2q32
tomorrows-europe-2007,knowledge_midterm@historical-v1,t2q33
tomorrows-europe-2007,knowledge_midterm@historical-v1,t2q33_1
tomorrows-europe-2007,knowledge_midterm@historical-v1,t2q34
tomorrows-europe-2007,knowledge_midterm@historical-v1,t2q35
tomorrows-europe-2007,knowledge_midterm@historical-v1,t2q37a
tomorrows-europe-2007,knowledge_midterm@historical-v1,t2q37b
tomorrows-europe-2007,knowledge_midterm@historical-v1,t2q38a
tomorrows-europe-2007,knowledge_midterm@historical-v1,t2q38b
tomorrows-europe-2007,knowledge_midterm@historical-v1,t2q38c
tomorrows-europe-2007,knowledge_midterm@historical-v1,t2q38d
tomorrows-europe-2007,knowledge_midterm@historical-v1,t2q38e
tomorrows-europe-2007,knowledge_midterm@historical-v1,t2q38f
tomorrows-europe-2007,knowledge_midterm@historical-v1,t2q38g
tomorrows-europe-2007,knowledge_midterm@historical-v1,t2q38h
tomorrows-europe-2007,knowledge_midterm@historical-v1,t2q38i
tomorrows-europe-2007,knowledge_midterm@historical-v1,t2q38j
tomorrows-europe-2007,knowledge_midterm@historical-v1,t2q38k
tomorrows-europe-2007,knowledge_midterm@historical-v1,t2q38l
tomorrows-europe-2007,knowledge_midterm@historical-v1,t2q38m
tomorrows-europe-2007,knowledge_midterm@historical-v1,t2q38n
tomorrows-europe-2007,knowledge_midterm@historical-v1,t2q38o
tomorrows-europe-2007,knowledge_midterm@historical-v1,t2q39a
tomorrows-europe-2007,knowledge_midterm@historical-v1,t2q39b
tomorrows-europe-2007,knowledge_midterm@historical-v1,t2q39c
tomorrows-europe-2007,knowledge_midterm@historical-v1,t2q39d
tomorrows-europe-2007,knowledge_midterm@historical-v1,t2q39e
tomorrows-europe-2007,knowledge_midterm@historical-v1,t2q39f
tomorrows-europe-2007,knowledge_midterm@historical-v1,t2q39g
tomorrows-europe-2007,knowledge_midterm@historical-v1,t2q39h
tomorrows-europe-2007,knowledge_midterm@historical-v1,t2q39i
tomorrows-europe-2007,knowledge_midterm@historical-v1,t2q39j
tomorrows-europe-2007,knowledge_midterm@historical-v1,t2q39k
tomorrows-europe-2007,knowledge_midterm@historical-v1,t2q39l
tomorrows-europe-2007,knowledge_midterm@historical-v1,t2q32r
tomorrows-europe-2007,knowledge_midterm@historical-v1,t2q28r
tomorrows-europe-2007,knowledge_midterm@historical-v1,t2q29r
tomorrows-europe-2007,knowledge_midterm@historical-v1,t2q30r
tomorrows-europe-2007,knowledge_midterm@historical-v1,t2q31r
tomorrows-europe-2007,knowledge_midterm@historical-v1,t2q1r
tomorrows-europe-2007,knowledge_midterm@historical-v1,t2q2r
tomorrows-europe-2007,knowledge_midterm@historical-v1,t2q4r
tomorrows-europe-2007,knowledge_midterm@historical-v1,t2q8r
tomorrows-europe-2007,knowledge_midterm@historical-v1,t2q33r
tomorrows-europe-2007,knowledge_midterm@historical-v1,t2q34r
tomorrows-europe-2007,knowledge_midterm@historical-v1,t2q35r
tomorrows-europe-2007,log_knowledge_joint@historical-v1,t3q1
tomorrows-europe-2007,log_knowledge_joint@historical-v1,t3q2
tomorrows-europe-2007,log_knowledge_joint@historical-v1,t3q2_1
tomorrows-europe-2007,log_knowledge_joint@historical-v1,t3q3a
tomorrows-europe-2007,log_knowledge_joint@historical-v1,t3q3b
tomorrows-europe-2007,log_knowledge_joint@historical-v1,t3q3c
tomorrows-europe-2007,log_knowledge_joint@historical-v1,t3q3d
tomorrows-europe-2007,log_knowledge_joint@historical-v1,t3q3e
tomorrows-europe-2007,log_knowledge_joint@historical-v1,t3q4
tomorrows-europe-2007,log_knowledge_joint@historical-v1,t3q4_1
tomorrows-europe-2007,log_knowledge_joint@historical-v1,t3q5a
tomorrows-europe-2007,log_knowledge_joint@historical-v1,t3q5b
tomorrows-europe-2007,log_knowledge_joint@historical-v1,t3q5c
tomorrows-europe-2007,log_knowledge_joint@historical-v1,t3q5d
tomorrows-europe-2007,log_knowledge_joint@historical-v1,t3q6a
tomorrows-europe-2007,log_knowledge_joint@historical-v1,t3q6b
tomorrows-europe-2007,log_knowledge_joint@historical-v1,t3q6c
tomorrows-europe-2007,log_knowledge_joint@historical-v1,t3q6d
tomorrows-europe-2007,log_knowledge_joint@historical-v1,t3q7a
tomorrows-europe-2007,log_knowledge_joint@historical-v1,t3q7b
tomorrows-europe-2007,log_knowledge_joint@historical-v1,t3q7c
tomorrows-europe-2007,log_knowledge_joint@historical-v1,t3q7d
tomorrows-europe-2007,log_knowledge_joint@historical-v1,t3q7e
tomorrows-europe-2007,log_knowledge_joint@historical-v1,t3q7f
tomorrows-europe-2007,log_knowledge_joint@historical-v1,t3q7g
tomorrows-europe-2007,log_knowledge_joint@historical-v1,t3q8
tomorrows-europe-2007,log_knowledge_joint@historical-v1,t3q8_1
tomorrows-europe-2007,log_knowledge_joint@historical-v1,t3q9a
tomorrows-europe-2007,log_knowledge_joint@historical-v1,t3q9b
tomorrows-europe-2007,log_knowledge_joint@historical-v1,t3q9c
tomorrows-europe-2007,log_knowledge_joint@historical-v1,t3q9d
tomorrows-europe-2007,log_knowledge_joint@historical-v1,t3q9e
tomorrows-europe-2007,log_knowledge_joint@historical-v1,t3q9f
tomorrows-europe-2007,log_knowledge_joint@historical-v1,t3q9g
tomorrows-europe-2007,log_knowledge_joint@historical-v1,t3q10a
tomorrows-europe-2007,log_knowledge_joint@historical-v1,t3q10b
tomorrows-europe-2007,log_knowledge_joint@historical-v1,t3q10c
tomorrows-europe-2007,log_knowledge_joint@historical-v1,t3q10d
tomorrows-europe-2007,log_knowledge_joint@historical-v1,t3q10e
tomorrows-europe-2007,log_knowledge_joint@historical-v1,t3q11a
tomorrows-europe-2007,log_knowledge_joint@historical-v1,t3q11b
tomorrows-europe-2007,log_knowledge_joint@historical-v1,t3q11c
tomorrows-europe-2007,log_knowledge_joint@historical-v1,t3q11d
tomorrows-europe-2007,log_knowledge_joint@historical-v1,t3q11e
tomorrows-europe-2007,log_knowledge_joint@historical-v1,t3q12a
tomorrows-europe-2007,log_knowledge_joint@historical-v1,t3q12b
tomorrows-europe-2007,log_knowledge_joint@historical-v1,t3q12c
tomorrows-europe-2007,log_knowledge_joint@historical-v1,t3q12d
tomorrows-europe-2007,log_knowledge_joint@historical-v1,t3q13a
tomorrows-europe-2007,log_knowledge_joint@historical-v1,t3q13b
tomorrows-europe-2007,log_knowledge_joint@historical-v1,t3q13c
tomorrows-europe-2007,log_knowledge_joint@historical-v1,t3q13d
tomorrows-europe-2007,log_knowledge_joint@historical-v1,t3q14a
tomorrows-europe-2007,log_knowledge_joint@historical-v1,t3q14b
tomorrows-europe-2007,log_knowledge_joint@historical-v1,t3q14c
tomorrows-europe-2007,log_knowledge_joint@historical-v1,t3q15a
tomorrows-europe-2007,log_knowledge_joint@historical-v1,t3q15b
tomorrows-europe-2007,log_knowledge_joint@historical-v1,t3q16a
tomorrows-europe-2007,log_knowledge_joint@historical-v1,t3q16b
tomorrows-europe-2007,log_knowledge_joint@historical-v1,t3q16c
tomorrows-europe-2007,log_knowledge_joint@historical-v1,t3q16d
tomorrows-europe-2007,log_knowledge_joint@historical-v1,t3q16e
tomorrows-europe-2007,log_knowledge_joint@historical-v1,t3q16f
tomorrows-europe-2007,log_knowledge_joint@historical-v1,t3q16g
tomorrows-europe-2007,log_knowledge_joint@historical-v1,t3q16h
tomorrows-europe-2007,log_knowledge_joint@historical-v1,t3q16i
tomorrows-europe-2007,log_knowledge_joint@historical-v1,t3q16j
tomorrows-europe-2007,log_knowledge_joint@historical-v1,t3q17a
tomorrows-europe-2007,log_knowledge_joint@historical-v1,t3q17b
tomorrows-europe-2007,log_knowledge_joint@historical-v1,t3q17c
tomorrows-europe-2007,log_knowledge_joint@historical-v1,t3q17d
tomorrows-europe-2007,log_knowledge_joint@historical-v1,t3q17e
tomorrows-europe-2007,log_knowledge_joint@historical-v1,t3q17f
tomorrows-europe-2007,log_knowledge_joint@historical-v1,t3q17g
tomorrows-europe-2007,log_knowledge_joint@historical-v1,t3q17h
tomorrows-europe-2007,log_knowledge_joint@historical-v1,t3q17i
tomorrows-europe-2007,log_knowledge_joint@historical-v1,t3q17j
tomorrows-europe-2007,log_knowledge_joint@historical-v1,t3q18a
tomorrows-europe-2007,log_knowledge_joint@historical-v1,t3q18b
tomorrows-europe-2007,log_knowledge_joint@historical-v1,t3q18c
tomorrows-europe-2007,log_knowledge_joint@historical-v1,t3q18d
tomorrows-europe-2007,log_knowledge_joint@historical-v1,t3q28
tomorrows-europe-2007,log_knowledge_joint@historical-v1,t3q29
tomorrows-europe-2007,log_knowledge_joint@historical-v1,t3q30
tomorrows-europe-2007,log_knowledge_joint@historical-v1,t3q31
tomorrows-europe-2007,log_knowledge_joint@historical-v1,t3q32
tomorrows-europe-2007,log_knowledge_joint@historical-v1,t3q33
tomorrows-europe-2007,log_knowledge_joint@historical-v1,t3q33_1
tomorrows-europe-2007,log_knowledge_joint@historical-v1,t3q34
tomorrows-europe-2007,log_knowledge_joint@historical-v1,t3q35
tomorrows-europe-2007,log_knowledge_joint@historical-v1,t3q37a
tomorrows-europe-2007,log_knowledge_joint@historical-v1,t3q37b
tomorrows-europe-2007,log_knowledge_joint@historical-v1,t3q38a
tomorrows-europe-2007,log_knowledge_joint@historical-v1,t3q38b
tomorrows-europe-2007,log_knowledge_joint@historical-v1,t3q38c
tomorrows-europe-2007,log_knowledge_joint@historical-v1,t3q38d
tomorrows-europe-2007,log_knowledge_joint@historical-v1,t3q38e
tomorrows-europe-2007,log_knowledge_joint@historical-v1,t3q38f
tomorrows-europe-2007,log_knowledge_joint@historical-v1,t3q38g
tomorrows-europe-2007,log_knowledge_joint@historical-v1,t3q38h
tomorrows-europe-2007,log_knowledge_joint@historical-v1,t3q38i
tomorrows-europe-2007,log_knowledge_joint@historical-v1,t3q38j
tomorrows-europe-2007,log_knowledge_joint@historical-v1,t3q38k
tomorrows-europe-2007,log_knowledge_joint@historical-v1,t3q38l
tomorrows-europe-2007,log_knowledge_joint@historical-v1,t3q38m
tomorrows-europe-2007,log_knowledge_joint@historical-v1,t3q38n
tomorrows-europe-2007,log_knowledge_joint@historical-v1,t3q38o
tomorrows-europe-2007,log_knowledge_joint@historical-v1,t3q39a
tomorrows-europe-2007,log_knowledge_joint@historical-v1,t3q39b
tomorrows-europe-2007,log_knowledge_joint@historical-v1,t3q39c
tomorrows-europe-2007,log_knowledge_joint@historical-v1,t3q39d
tomorrows-europe-2007,log_knowledge_joint@historical-v1,t3q39e
tomorrows-europe-2007,log_knowledge_joint@historical-v1,t3q39f
tomorrows-europe-2007,log_knowledge_joint@historical-v1,t3q39g
tomorrows-europe-2007,log_knowledge_joint@historical-v1,t3q39h
tomorrows-europe-2007,log_knowledge_joint@historical-v1,t3q39i
tomorrows-europe-2007,log_knowledge_joint@historical-v1,t3q39j
tomorrows-europe-2007,log_knowledge_joint@historical-v1,t3q39k
tomorrows-europe-2007,log_knowledge_joint@historical-v1,t3q39l
tomorrows-europe-2007,log_knowledge_joint@historical-v1,t3q40a
tomorrows-europe-2007,log_knowledge_joint@historical-v1,t3q40b
tomorrows-europe-2007,log_knowledge_joint@historical-v1,t3q40c
tomorrows-europe-2007,log_knowledge_joint@historical-v1,t3q40d
tomorrows-europe-2007,log_knowledge_joint@historical-v1,t3q40e
tomorrows-europe-2007,log_knowledge_joint@historical-v1,t3q41a
tomorrows-europe-2007,log_knowledge_joint@historical-v1,t3q41b
tomorrows-europe-2007,log_knowledge_joint@historical-v1,t3q41c
tomorrows-europe-2007,log_knowledge_joint@historical-v1,t3q41d
tomorrows-europe-2007,log_knowledge_joint@historical-v1,t3q41e
tomorrows-europe-2007,log_knowledge_joint@historical-v1,t3q41f
tomorrows-europe-2007,log_knowledge_joint@historical-v1,t3q42
tomorrows-europe-2007,log_knowledge_joint@historical-v1,t3q43
tomorrows-europe-2007,log_knowledge_joint@historical-v1,t3q44
tomorrows-europe-2007,log_knowledge_joint@historical-v1,t3q45
tomorrows-europe-2007,log_knowledge_joint@historical-v1,t3q46
tomorrows-europe-2007,log_knowledge_joint@historical-v1,t3q47
tomorrows-europe-2007,log_knowledge_joint@historical-v1,t3q48a
tomorrows-europe-2007,log_knowledge_joint@historical-v1,t3q48b
tomorrows-europe-2007,log_knowledge_joint@historical-v1,t3q48c
tomorrows-europe-2007,log_knowledge_joint@historical-v1,t3q48d
tomorrows-europe-2007,log_knowledge_joint@historical-v1,t3q48e
tomorrows-europe-2007,log_knowledge_joint@historical-v1,t3q49a
tomorrows-europe-2007,log_knowledge_joint@historical-v1,t3q49b
tomorrows-europe-2007,log_knowledge_joint@historical-v1,t3q49c
tomorrows-europe-2007,log_knowledge_joint@historical-v1,t3q49d
tomorrows-europe-2007,log_knowledge_joint@historical-v1,t3q49e
tomorrows-europe-2007,log_knowledge_joint@historical-v1,t3q49f
tomorrows-europe-2007,log_knowledge_joint@historical-v1,t3q50a
tomorrows-europe-2007,log_knowledge_joint@historical-v1,t3q50b
tomorrows-europe-2007,log_knowledge_joint@historical-v1,t3q50c
tomorrows-europe-2007,log_knowledge_joint@historical-v1,t3q51a
tomorrows-europe-2007,log_knowledge_joint@historical-v1,t3q51b
tomorrows-europe-2007,log_knowledge_joint@historical-v1,t3q51c
tomorrows-europe-2007,log_knowledge_joint@historical-v1,t3q52a
tomorrows-europe-2007,log_knowledge_joint@historical-v1,t3q52b
tomorrows-europe-2007,log_knowledge_joint@historical-v1,t3q52c
tomorrows-europe-2007,log_knowledge_joint@historical-v1,t3q1r
tomorrows-europe-2007,log_knowledge_joint@historical-v1,t3q2r
tomorrows-europe-2007,log_knowledge_joint@historical-v1,t3q4r
tomorrows-europe-2007,log_knowledge_joint@historical-v1,t3q8r
tomorrows-europe-2007,log_knowledge_joint@historical-v1,t3q33r
tomorrows-europe-2007,log_knowledge_joint@historical-v1,t3q34r
tomorrows-europe-2007,log_knowledge_joint@historical-v1,t3q35r
tomorrows-europe-2007,log_knowledge_joint@historical-v1,t3q32r
tomorrows-europe-2007,log_knowledge_joint@historical-v1,t3q28r
tomorrows-europe-2007,log_knowledge_joint@historical-v1,t3q29r
tomorrows-europe-2007,log_knowledge_joint@historical-v1,t3q30r
tomorrows-europe-2007,log_knowledge_joint@historical-v1,t3q31r
tomorrows-europe-2007,log_knowledge_joint@historical-v1,t3q43r
tomorrows-europe-2007,log_knowledge_joint@historical-v1,t3q42r
tomorrows-europe-2007,log_knowledge_joint@historical-v1,t3q47r
tomorrows-europe-2007,log_knowledge_joint@historical-v1,t3q46r
tomorrows-europe-2007,log_knowledge_joint@historical-v1,t3q45r
tomorrows-europe-2007,log_knowledge_joint@historical-v1,t3q44r
tomorrows-europe-2007,knowledge_gain@historical-v1,t3q1
tomorrows-europe-2007,knowledge_gain@historical-v1,t3q2
tomorrows-europe-2007,knowledge_gain@historical-v1,t3q2_1
tomorrows-europe-2007,knowledge_gain@historical-v1,t3q3a
tomorrows-europe-2007,knowledge_gain@historical-v1,t3q3b
tomorrows-europe-2007,knowledge_gain@historical-v1,t3q3c
tomorrows-europe-2007,knowledge_gain@historical-v1,t3q3d
tomorrows-europe-2007,knowledge_gain@historical-v1,t3q3e
tomorrows-europe-2007,knowledge_gain@historical-v1,t3q4
tomorrows-europe-2007,knowledge_gain@historical-v1,t3q4_1
tomorrows-europe-2007,knowledge_gain@historical-v1,t3q5a
tomorrows-europe-2007,knowledge_gain@historical-v1,t3q5b
tomorrows-europe-2007,knowledge_gain@historical-v1,t3q5c
tomorrows-europe-2007,knowledge_gain@historical-v1,t3q5d
tomorrows-europe-2007,knowledge_gain@historical-v1,t3q6a
tomorrows-europe-2007,knowledge_gain@historical-v1,t3q6b
tomorrows-europe-2007,knowledge_gain@historical-v1,t3q6c
tomorrows-europe-2007,knowledge_gain@historical-v1,t3q6d
tomorrows-europe-2007,knowledge_gain@historical-v1,t3q7a
tomorrows-europe-2007,knowledge_gain@historical-v1,t3q7b
tomorrows-europe-2007,knowledge_gain@historical-v1,t3q7c
tomorrows-europe-2007,knowledge_gain@historical-v1,t3q7d
tomorrows-europe-2007,knowledge_gain@historical-v1,t3q7e
tomorrows-europe-2007,knowledge_gain@historical-v1,t3q7f
tomorrows-europe-2007,knowledge_gain@historical-v1,t3q7g
tomorrows-europe-2007,knowledge_gain@historical-v1,t3q8
tomorrows-europe-2007,knowledge_gain@historical-v1,t3q8_1
tomorrows-europe-2007,knowledge_gain@historical-v1,t3q9a
tomorrows-europe-2007,knowledge_gain@historical-v1,t3q9b
tomorrows-europe-2007,knowledge_gain@historical-v1,t3q9c
tomorrows-europe-2007,knowledge_gain@historical-v1,t3q9d
tomorrows-europe-2007,knowledge_gain@historical-v1,t3q9e
tomorrows-europe-2007,knowledge_gain@historical-v1,t3q9f
tomorrows-europe-2007,knowledge_gain@historical-v1,t3q9g
tomorrows-europe-2007,knowledge_gain@historical-v1,t3q10a
tomorrows-europe-2007,knowledge_gain@historical-v1,t3q10b
tomorrows-europe-2007,knowledge_gain@historical-v1,t3q10c
tomorrows-europe-2007,knowledge_gain@historical-v1,t3q10d
tomorrows-europe-2007,knowledge_gain@historical-v1,t3q10e
tomorrows-europe-2007,knowledge_gain@historical-v1,t3q11a
tomorrows-europe-2007,knowledge_gain@historical-v1,t3q11b
tomorrows-europe-2007,knowledge_gain@historical-v1,t3q11c
tomorrows-europe-2007,knowledge_gain@historical-v1,t3q11d
tomorrows-europe-2007,knowledge_gain@historical-v1,t3q11e
tomorrows-europe-2007,knowledge_gain@historical-v1,t3q12a
tomorrows-europe-2007,knowledge_gain@historical-v1,t3q12b
tomorrows-europe-2007,knowledge_gain@historical-v1,t3q12c
tomorrows-europe-2007,knowledge_gain@historical-v1,t3q12d
tomorrows-europe-2007,knowledge_gain@historical-v1,t3q13a
tomorrows-europe-2007,knowledge_gain@historical-v1,t3q13b
tomorrows-europe-2007,knowledge_gain@historical-v1,t3q13c
tomorrows-europe-2007,knowledge_gain@historical-v1,t3q13d
tomorrows-europe-2007,knowledge_gain@historical-v1,t3q14a
tomorrows-europe-2007,knowledge_gain@historical-v1,t3q14b
tomorrows-europe-2007,knowledge_gain@historical-v1,t3q14c
tomorrows-europe-2007,knowledge_gain@historical-v1,t3q15a
tomorrows-europe-2007,knowledge_gain@historical-v1,t3q15b
tomorrows-europe-2007,knowledge_gain@historical-v1,t3q16a
tomorrows-europe-2007,knowledge_gain@historical-v1,t3q16b
tomorrows-europe-2007,knowledge_gain@historical-v1,t3q16c
tomorrows-europe-2007,knowledge_gain@historical-v1,t3q16d
tomorrows-europe-2007,knowledge_gain@historical-v1,t3q16e
tomorrows-europe-2007,knowledge_gain@historical-v1,t3q16f
tomorrows-europe-2007,knowledge_gain@historical-v1,t3q16g
tomorrows-europe-2007,knowledge_gain@historical-v1,t3q16h
tomorrows-europe-2007,knowledge_gain@historical-v1,t3q16i
tomorrows-europe-2007,knowledge_gain@historical-v1,t3q16j
tomorrows-europe-2007,knowledge_gain@historical-v1,t3q17a
tomorrows-europe-2007,knowledge_gain@historical-v1,t3q17b
tomorrows-europe-2007,knowledge_gain@historical-v1,t3q17c
tomorrows-europe-2007,knowledge_gain@historical-v1,t3q17d
tomorrows-europe-2007,knowledge_gain@historical-v1,t3q17e
tomorrows-europe-2007,knowledge_gain@historical-v1,t3q17f
tomorrows-europe-2007,knowledge_gain@historical-v1,t3q17g
tomorrows-europe-2007,knowledge_gain@historical-v1,t3q17h
tomorrows-europe-2007,knowledge_gain@historical-v1,t3q17i
tomorrows-europe-2007,knowledge_gain@historical-v1,t3q17j
tomorrows-europe-2007,knowledge_gain@historical-v1,t3q18a
tomorrows-europe-2007,knowledge_gain@historical-v1,t3q18b
tomorrows-europe-2007,knowledge_gain@historical-v1,t3q18c
tomorrows-europe-2007,knowledge_gain@historical-v1,t3q18d
tomorrows-europe-2007,knowledge_gain@historical-v1,t3q28
tomorrows-europe-2007,knowledge_gain@historical-v1,t3q29
tomorrows-europe-2007,knowledge_gain@historical-v1,t3q30
tomorrows-europe-2007,knowledge_gain@historical-v1,t3q31
tomorrows-europe-2007,knowledge_gain@historical-v1,t3q32
tomorrows-europe-2007,knowledge_gain@historical-v1,t3q33
tomorrows-europe-2007,knowledge_gain@historical-v1,t3q33_1
tomorrows-europe-2007,knowledge_gain@historical-v1,t3q34
tomorrows-europe-2007,knowledge_gain@historical-v1,t3q35
tomorrows-europe-2007,knowledge_gain@historical-v1,t3q37a
tomorrows-europe-2007,knowledge_gain@historical-v1,t3q37b
tomorrows-europe-2007,knowledge_gain@historical-v1,t3q38a
tomorrows-europe-2007,knowledge_gain@historical-v1,t3q38b
tomorrows-europe-2007,knowledge_gain@historical-v1,t3q38c
tomorrows-europe-2007,knowledge_gain@historical-v1,t3q38d
tomorrows-europe-2007,knowledge_gain@historical-v1,t3q38e
tomorrows-europe-2007,knowledge_gain@historical-v1,t3q38f
tomorrows-europe-2007,knowledge_gain@historical-v1,t3q38g
tomorrows-europe-2007,knowledge_gain@historical-v1,t3q38h
tomorrows-europe-2007,knowledge_gain@historical-v1,t3q38i
tomorrows-europe-2007,knowledge_gain@historical-v1,t3q38j
tomorrows-europe-2007,knowledge_gain@historical-v1,t3q38k
tomorrows-europe-2007,knowledge_gain@historical-v1,t3q38l
tomorrows-europe-2007,knowledge_gain@historical-v1,t3q38m
tomorrows-europe-2007,knowledge_gain@historical-v1,t3q38n
tomorrows-europe-2007,knowledge_gain@historical-v1,t3q38o
tomorrows-europe-2007,knowledge_gain@historical-v1,t3q39a
tomorrows-europe-2007,knowledge_gain@historical-v1,t3q39b
tomorrows-europe-2007,knowledge_gain@historical-v1,t3q39c
tomorrows-europe-2007,knowledge_gain@historical-v1,t3q39d
tomorrows-europe-2007,knowledge_gain@historical-v1,t3q39e
tomorrows-europe-2007,knowledge_gain@historical-v1,t3q39f
tomorrows-europe-2007,knowledge_gain@historical-v1,t3q39g
tomorrows-europe-2007,knowledge_gain@historical-v1,t3q39h
tomorrows-europe-2007,knowledge_gain@historical-v1,t3q39i
tomorrows-europe-2007,knowledge_gain@historical-v1,t3q39j
tomorrows-europe-2007,knowledge_gain@historical-v1,t3q39k
tomorrows-europe-2007,knowledge_gain@historical-v1,t3q39l
tomorrows-europe-2007,knowledge_gain@historical-v1,t3q40a
tomorrows-europe-2007,knowledge_gain@historical-v1,t3q40b
tomorrows-europe-2007,knowledge_gain@historical-v1,t3q40c
tomorrows-europe-2007,knowledge_gain@historical-v1,t3q40d
tomorrows-europe-2007,knowledge_gain@historical-v1,t3q40e
tomorrows-europe-2007,knowledge_gain@historical-v1,t3q41a
tomorrows-europe-2007,knowledge_gain@historical-v1,t3q41b
tomorrows-europe-2007,knowledge_gain@historical-v1,t3q41c
tomorrows-europe-2007,knowledge_gain@historical-v1,t3q41d
tomorrows-europe-2007,knowledge_gain@historical-v1,t3q41e
tomorrows-europe-2007,knowledge_gain@historical-v1,t3q41f
tomorrows-europe-2007,knowledge_gain@historical-v1,t3q42
tomorrows-europe-2007,knowledge_gain@historical-v1,t3q43
tomorrows-europe-2007,knowledge_gain@historical-v1,t3q44
tomorrows-europe-2007,knowledge_gain@historical-v1,t3q45
tomorrows-europe-2007,knowledge_gain@historical-v1,t3q46
tomorrows-europe-2007,knowledge_gain@historical-v1,t3q47
tomorrows-europe-2007,knowledge_gain@historical-v1,t3q48a
tomorrows-europe-2007,knowledge_gain@historical-v1,t3q48b
tomorrows-europe-2007,knowledge_gain@historical-v1,t3q48c
tomorrows-europe-2007,knowledge_gain@historical-v1,t3q48d
tomorrows-europe-2007,knowledge_gain@historical-v1,t3q48e
tomorrows-europe-2007,knowledge_gain@historical-v1,t3q49a
tomorrows-europe-2007,knowledge_gain@historical-v1,t3q49b
tomorrows-europe-2007,knowledge_gain@historical-v1,t3q49c
tomorrows-europe-2007,knowledge_gain@historical-v1,t3q49d
tomorrows-europe-2007,knowledge_gain@historical-v1,t3q49e
tomorrows-europe-2007,knowledge_gain@historical-v1,t3q49f
tomorrows-europe-2007,knowledge_gain@historical-v1,t3q50a
tomorrows-europe-2007,knowledge_gain@historical-v1,t3q50b
tomorrows-europe-2007,knowledge_gain@historical-v1,t3q50c
tomorrows-europe-2007,knowledge_gain@historical-v1,t3q51a
tomorrows-europe-2007,knowledge_gain@historical-v1,t3q51b
tomorrows-europe-2007,knowledge_gain@historical-v1,t3q51c
tomorrows-europe-2007,knowledge_gain@historical-v1,t3q52a
tomorrows-europe-2007,knowledge_gain@historical-v1,t3q52b
tomorrows-europe-2007,knowledge_gain@historical-v1,t3q52c
tomorrows-europe-2007,knowledge_gain@historical-v1,t3q1r
tomorrows-europe-2007,knowledge_gain@historical-v1,t3q2r
tomorrows-europe-2007,knowledge_gain@historical-v1,t3q4r
tomorrows-europe-2007,knowledge_gain@historical-v1,t3q8r
tomorrows-europe-2007,knowledge_gain@historical-v1,t3q33r
tomorrows-europe-2007,knowledge_gain@historical-v1,t3q34r
tomorrows-europe-2007,knowledge_gain@historical-v1,t3q35r
tomorrows-europe-2007,knowledge_gain@historical-v1,t3q32r
tomorrows-europe-2007,knowledge_gain@historical-v1,t3q28r
tomorrows-europe-2007,knowledge_gain@historical-v1,t3q29r
tomorrows-europe-2007,knowledge_gain@historical-v1,t3q30r
tomorrows-europe-2007,knowledge_gain@historical-v1,t3q31r
tomorrows-europe-2007,knowledge_gain@historical-v1,t3q43r
tomorrows-europe-2007,knowledge_gain@historical-v1,t3q42r
tomorrows-europe-2007,knowledge_gain@historical-v1,t3q47r
tomorrows-europe-2007,knowledge_gain@historical-v1,t3q46r
tomorrows-europe-2007,knowledge_gain@historical-v1,t3q45r
tomorrows-europe-2007,knowledge_gain@historical-v1,t3q44r
tomorrows-europe-2007,knowledge_gain_joint@historical-v1,t3q1
tomorrows-europe-2007,knowledge_gain_joint@historical-v1,t3q2
tomorrows-europe-2007,knowledge_gain_joint@historical-v1,t3q2_1
tomorrows-europe-2007,knowledge_gain_joint@historical-v1,t3q3a
tomorrows-europe-2007,knowledge_gain_joint@historical-v1,t3q3b
tomorrows-europe-2007,knowledge_gain_joint@historical-v1,t3q3c
tomorrows-europe-2007,knowledge_gain_joint@historical-v1,t3q3d
tomorrows-europe-2007,knowledge_gain_joint@historical-v1,t3q3e
tomorrows-europe-2007,knowledge_gain_joint@historical-v1,t3q4
tomorrows-europe-2007,knowledge_gain_joint@historical-v1,t3q4_1
tomorrows-europe-2007,knowledge_gain_joint@historical-v1,t3q5a
tomorrows-europe-2007,knowledge_gain_joint@historical-v1,t3q5b
tomorrows-europe-2007,knowledge_gain_joint@historical-v1,t3q5c
tomorrows-europe-2007,knowledge_gain_joint@historical-v1,t3q5d
tomorrows-europe-2007,knowledge_gain_joint@historical-v1,t3q6a
tomorrows-europe-2007,knowledge_gain_joint@historical-v1,t3q6b
tomorrows-europe-2007,knowledge_gain_joint@historical-v1,t3q6c
tomorrows-europe-2007,knowledge_gain_joint@historical-v1,t3q6d
tomorrows-europe-2007,knowledge_gain_joint@historical-v1,t3q7a
tomorrows-europe-2007,knowledge_gain_joint@historical-v1,t3q7b
tomorrows-europe-2007,knowledge_gain_joint@historical-v1,t3q7c
tomorrows-europe-2007,knowledge_gain_joint@historical-v1,t3q7d
tomorrows-europe-2007,knowledge_gain_joint@historical-v1,t3q7e
tomorrows-europe-2007,knowledge_gain_joint@historical-v1,t3q7f
tomorrows-europe-2007,knowledge_gain_joint@historical-v1,t3q7g
tomorrows-europe-2007,knowledge_gain_joint@historical-v1,t3q8
tomorrows-europe-2007,knowledge_gain_joint@historical-v1,t3q8_1
tomorrows-europe-2007,knowledge_gain_joint@historical-v1,t3q9a
tomorrows-europe-2007,knowledge_gain_joint@historical-v1,t3q9b
tomorrows-europe-2007,knowledge_gain_joint@historical-v1,t3q9c
tomorrows-europe-2007,knowledge_gain_joint@historical-v1,t3q9d
tomorrows-europe-2007,knowledge_gain_joint@historical-v1,t3q9e
tomorrows-europe-2007,knowledge_gain_joint@historical-v1,t3q9f
tomorrows-europe-2007,knowledge_gain_joint@historical-v1,t3q9g
tomorrows-europe-2007,knowledge_gain_joint@historical-v1,t3q10a
tomorrows-europe-2007,knowledge_gain_joint@historical-v1,t3q10b
tomorrows-europe-2007,knowledge_gain_joint@historical-v1,t3q10c
tomorrows-europe-2007,knowledge_gain_joint@historical-v1,t3q10d
tomorrows-europe-2007,knowledge_gain_joint@historical-v1,t3q10e
tomorrows-europe-2007,knowledge_gain_joint@historical-v1,t3q11a
tomorrows-europe-2007,knowledge_gain_joint@historical-v1,t3q11b
tomorrows-europe-2007,knowledge_gain_joint@historical-v1,t3q11c
tomorrows-europe-2007,knowledge_gain_joint@historical-v1,t3q11d
tomorrows-europe-2007,knowledge_gain_joint@historical-v1,t3q11e
tomorrows-europe-2007,knowledge_gain_joint@historical-v1,t3q12a
tomorrows-europe-2007,knowledge_gain_joint@historical-v1,t3q12b
tomorrows-europe-2007,knowledge_gain_joint@historical-v1,t3q12c
tomorrows-europe-2007,knowledge_gain_joint@historical-v1,t3q12d
tomorrows-europe-2007,knowledge_gain_joint@historical-v1,t3q13a
tomorrows-europe-2007,knowledge_gain_joint@historical-v1,t3q13b
tomorrows-europe-2007,knowledge_gain_joint@historical-v1,t3q13c
tomorrows-europe-2007,knowledge_gain_joint@historical-v1,t3q13d
tomorrows-europe-2007,knowledge_gain_joint@historical-v1,t3q14a
tomorrows-europe-2007,knowledge_gain_joint@historical-v1,t3q14b
tomorrows-europe-2007,knowledge_gain_joint@historical-v1,t3q14c
tomorrows-europe-2007,knowledge_gain_joint@historical-v1,t3q15a
tomorrows-europe-2007,knowledge_gain_joint@historical-v1,t3q15b
tomorrows-europe-2007,knowledge_gain_joint@historical-v1,t3q16a
tomorrows-europe-2007,knowledge_gain_joint@historical-v1,t3q16b
tomorrows-europe-2007,knowledge_gain_joint@historical-v1,t3q16c
tomorrows-europe-2007,knowledge_gain_joint@historical-v1,t3q16d
tomorrows-europe-2007,knowledge_gain_joint@historical-v1,t3q16e
tomorrows-europe-2007,knowledge_gain_joint@historical-v1,t3q16f
tomorrows-europe-2007,knowledge_gain_joint@historical-v1,t3q16g
tomorrows-europe-2007,knowledge_gain_joint@historical-v1,t3q16h
tomorrows-europe-2007,knowledge_gain_joint@historical-v1,t3q16i
tomorrows-europe-2007,knowledge_gain_joint@historical-v1,t3q16j
tomorrows-europe-2007,knowledge_gain_joint@historical-v1,t3q17a
tomorrows-europe-2007,knowledge_gain_joint@historical-v1,t3q17b
tomorrows-europe-2007,knowledge_gain_joint@historical-v1,t3q17c
tomorrows-europe-2007,knowledge_gain_joint@historical-v1,t3q17d
tomorrows-europe-2007,knowledge_gain_joint@historical-v1,t3q17e
tomorrows-europe-2007,knowledge_gain_joint@historical-v1,t3q17f
tomorrows-europe-2007,knowledge_gain_joint@historical-v1,t3q17g
tomorrows-europe-2007,knowledge_gain_joint@historical-v1,t3q17h
tomorrows-europe-2007,knowledge_gain_joint@historical-v1,t3q17i
tomorrows-europe-2007,knowledge_gain_joint@historical-v1,t3q17j
tomorrows-europe-2007,knowledge_gain_joint@historical-v1,t3q18a
tomorrows-europe-2007,knowledge_gain_joint@historical-v1,t3q18b
tomorrows-europe-2007,knowledge_gain_joint@historical-v1,t3q18c
tomorrows-europe-2007,knowledge_gain_joint@historical-v1,t3q18d
tomorrows-europe-2007,knowledge_gain_joint@historical-v1,t3q28
tomorrows-europe-2007,knowledge_gain_joint@historical-v1,t3q29
tomorrows-europe-2007,knowledge_gain_joint@historical-v1,t3q30
tomorrows-europe-2007,knowledge_gain_joint@historical-v1,t3q31
tomorrows-europe-2007,knowledge_gain_joint@historical-v1,t3q32
tomorrows-europe-2007,knowledge_gain_joint@historical-v1,t3q33
tomorrows-europe-2007,knowledge_gain_joint@historical-v1,t3q33_1
tomorrows-europe-2007,knowledge_gain_joint@historical-v1,t3q34
tomorrows-europe-2007,knowledge_gain_joint@historical-v1,t3q35
tomorrows-europe-2007,knowledge_gain_joint@historical-v1,t3q37a
tomorrows-europe-2007,knowledge_gain_joint@historical-v1,t3q37b
tomorrows-europe-2007,knowledge_gain_joint@historical-v1,t3q38a
tomorrows-europe-2007,knowledge_gain_joint@historical-v1,t3q38b
tomorrows-europe-2007,knowledge_gain_joint@historical-v1,t3q38c
tomorrows-europe-2007,knowledge_gain_joint@historical-v1,t3q38d
tomorrows-europe-2007,knowledge_gain_joint@historical-v1,t3q38e
tomorrows-europe-2007,knowledge_gain_joint@historical-v1,t3q38f
tomorrows-europe-2007,knowledge_gain_joint@historical-v1,t3q38g
tomorrows-europe-2007,knowledge_gain_joint@historical-v1,t3q38h
tomorrows-europe-2007,knowledge_gain_joint@historical-v1,t3q38i
tomorrows-europe-2007,knowledge_gain_joint@historical-v1,t3q38j
tomorrows-europe-2007,knowledge_gain_joint@historical-v1,t3q38k
tomorrows-europe-2007,knowledge_gain_joint@historical-v1,t3q38l
tomorrows-europe-2007,knowledge_gain_joint@historical-v1,t3q38m
tomorrows-europe-2007,knowledge_gain_joint@historical-v1,t3q38n
tomorrows-europe-2007,knowledge_gain_joint@historical-v1,t3q38o
tomorrows-europe-2007,knowledge_gain_joint@historical-v1,t3q39a
tomorrows-europe-2007,knowledge_gain_joint@historical-v1,t3q39b
tomorrows-europe-2007,knowledge_gain_joint@historical-v1,t3q39c
tomorrows-europe-2007,knowledge_gain_joint@historical-v1,t3q39d
tomorrows-europe-2007,knowledge_gain_joint@historical-v1,t3q39e
tomorrows-europe-2007,knowledge_gain_joint@historical-v1,t3q39f
tomorrows-europe-2007,knowledge_gain_joint@historical-v1,t3q39g
tomorrows-europe-2007,knowledge_gain_joint@historical-v1,t3q39h
tomorrows-europe-2007,knowledge_gain_joint@historical-v1,t3q39i
tomorrows-europe-2007,knowledge_gain_joint@historical-v1,t3q39j
tomorrows-europe-2007,knowledge_gain_joint@historical-v1,t3q39k
tomorrows-europe-2007,knowledge_gain_joint@historical-v1,t3q39l
tomorrows-europe-2007,knowledge_gain_joint@historical-v1,t3q40a
tomorrows-europe-2007,knowledge_gain_joint@historical-v1,t3q40b
tomorrows-europe-2007,knowledge_gain_joint@historical-v1,t3q40c
tomorrows-europe-2007,knowledge_gain_joint@historical-v1,t3q40d
tomorrows-europe-2007,knowledge_gain_joint@historical-v1,t3q40e
tomorrows-europe-2007,knowledge_gain_joint@historical-v1,t3q41a
tomorrows-europe-2007,knowledge_gain_joint@historical-v1,t3q41b
tomorrows-europe-2007,knowledge_gain_joint@historical-v1,t3q41c
tomorrows-europe-2007,knowledge_gain_joint@historical-v1,t3q41d
tomorrows-europe-2007,knowledge_gain_joint@historical-v1,t3q41e
tomorrows-europe-2007,knowledge_gain_joint@historical-v1,t3q41f
tomorrows-europe-2007,knowledge_gain_joint@historical-v1,t3q42
tomorrows-europe-2007,knowledge_gain_joint@historical-v1,t3q43
tomorrows-europe-2007,knowledge_gain_joint@historical-v1,t3q44
tomorrows-europe-2007,knowledge_gain_joint@historical-v1,t3q45
tomorrows-europe-2007,knowledge_gain_joint@historical-v1,t3q46
tomorrows-europe-2007,knowledge_gain_joint@historical-v1,t3q47
tomorrows-europe-2007,knowledge_gain_joint@historical-v1,t3q48a
tomorrows-europe-2007,knowledge_gain_joint@historical-v1,t3q48b
tomorrows-europe-2007,knowledge_gain_joint@historical-v1,t3q48c
tomorrows-europe-2007,knowledge_gain_joint@historical-v1,t3q48d
tomorrows-europe-2007,knowledge_gain_joint@historical-v1,t3q48e
tomorrows-europe-2007,knowledge_gain_joint@historical-v1,t3q49a
tomorrows-europe-2007,knowledge_gain_joint@historical-v1,t3q49b
tomorrows-europe-2007,knowledge_gain_joint@historical-v1,t3q49c
tomorrows-europe-2007,knowledge_gain_joint@historical-v1,t3q49d
tomorrows-europe-2007,knowledge_gain_joint@historical-v1,t3q49e
tomorrows-europe-2007,knowledge_gain_joint@historical-v1,t3q49f
tomorrows-europe-2007,knowledge_gain_joint@historical-v1,t3q50a
tomorrows-europe-2007,knowledge_gain_joint@historical-v1,t3q50b
tomorrows-europe-2007,knowledge_gain_joint@historical-v1,t3q50c
tomorrows-europe-2007,knowledge_gain_joint@historical-v1,t3q51a
tomorrows-europe-2007,knowledge_gain_joint@historical-v1,t3q51b
tomorrows-europe-2007,knowledge_gain_joint@historical-v1,t3q51c
tomorrows-europe-2007,knowledge_gain_joint@historical-v1,t3q52a
tomorrows-europe-2007,knowledge_gain_joint@historical-v1,t3q52b
tomorrows-europe-2007,knowledge_gain_joint@historical-v1,t3q52c
tomorrows-europe-2007,knowledge_gain_joint@historical-v1,t3q1r
tomorrows-europe-2007,knowledge_gain_joint@historical-v1,t3q2r
tomorrows-europe-2007,knowledge_gain_joint@historical-v1,t3q4r
tomorrows-europe-2007,knowledge_gain_joint@historical-v1,t3q8r
tomorrows-europe-2007,knowledge_gain_joint@historical-v1,t3q33r
tomorrows-europe-2007,knowledge_gain_joint@historical-v1,t3q34r
tomorrows-europe-2007,knowledge_gain_joint@historical-v1,t3q35r
tomorrows-europe-2007,knowledge_gain_joint@historical-v1,t3q32r
tomorrows-europe-2007,knowledge_gain_joint@historical-v1,t3q28r
tomorrows-europe-2007,knowledge_gain_joint@historical-v1,t3q29r
tomorrows-europe-2007,knowledge_gain_joint@historical-v1,t3q30r
tomorrows-europe-2007,knowledge_gain_joint@historical-v1,t3q31r
tomorrows-europe-2007,knowledge_gain_joint@historical-v1,t3q43r
tomorrows-europe-2007,knowledge_gain_joint@historical-v1,t3q42r
tomorrows-europe-2007,knowledge_gain_joint@historical-v1,t3q47r
tomorrows-europe-2007,knowledge_gain_joint@historical-v1,t3q46r
tomorrows-europe-2007,knowledge_gain_joint@historical-v1,t3q45r
tomorrows-europe-2007,knowledge_gain_joint@historical-v1,t3q44r
tomorrows-europe-2007,knowledge_midterm_joint@historical-v1,t2q1
tomorrows-europe-2007,knowledge_midterm_joint@historical-v1,t2q2
tomorrows-europe-2007,knowledge_midterm_joint@historical-v1,t2q2_1
tomorrows-europe-2007,knowledge_midterm_joint@historical-v1,t2q3a
tomorrows-europe-2007,knowledge_midterm_joint@historical-v1,t2q3b
tomorrows-europe-2007,knowledge_midterm_joint@historical-v1,t2q3c
tomorrows-europe-2007,knowledge_midterm_joint@historical-v1,t2q3d
tomorrows-europe-2007,knowledge_midterm_joint@historical-v1,t2q3e
tomorrows-europe-2007,knowledge_midterm_joint@historical-v1,t2q4
tomorrows-europe-2007,knowledge_midterm_joint@historical-v1,t2q4_1
tomorrows-europe-2007,knowledge_midterm_joint@historical-v1,t2q5a
tomorrows-europe-2007,knowledge_midterm_joint@historical-v1,t2q5b
tomorrows-europe-2007,knowledge_midterm_joint@historical-v1,t2q5c
tomorrows-europe-2007,knowledge_midterm_joint@historical-v1,t2q5d
tomorrows-europe-2007,knowledge_midterm_joint@historical-v1,t2q6a
tomorrows-europe-2007,knowledge_midterm_joint@historical-v1,t2q6b
tomorrows-europe-2007,knowledge_midterm_joint@historical-v1,t2q6c
tomorrows-europe-2007,knowledge_midterm_joint@historical-v1,t2q6d
tomorrows-europe-2007,knowledge_midterm_joint@historical-v1,t2q7a
tomorrows-europe-2007,knowledge_midterm_joint@historical-v1,t2q7b
tomorrows-europe-2007,knowledge_midterm_joint@historical-v1,t2q7c
tomorrows-europe-2007,knowledge_midterm_joint@historical-v1,t2q7d
tomorrows-europe-2007,knowledge_midterm_joint@historical-v1,t2q7e
tomorrows-europe-2007,knowledge_midterm_joint@historical-v1,t2q7f
tomorrows-europe-2007,knowledge_midterm_joint@historical-v1,t2q7g
tomorrows-europe-2007,knowledge_midterm_joint@historical-v1,t2q8
tomorrows-europe-2007,knowledge_midterm_joint@historical-v1,t2q8_1
tomorrows-europe-2007,knowledge_midterm_joint@historical-v1,t2q9a
tomorrows-europe-2007,knowledge_midterm_joint@historical-v1,t2q9b
tomorrows-europe-2007,knowledge_midterm_joint@historical-v1,t2q9c
tomorrows-europe-2007,knowledge_midterm_joint@historical-v1,t2q9d
tomorrows-europe-2007,knowledge_midterm_joint@historical-v1,t2q9e
tomorrows-europe-2007,knowledge_midterm_joint@historical-v1,t2q9f
tomorrows-europe-2007,knowledge_midterm_joint@historical-v1,t2q9g
tomorrows-europe-2007,knowledge_midterm_joint@historical-v1,t2q10a
tomorrows-europe-2007,knowledge_midterm_joint@historical-v1,t2q10b
tomorrows-europe-2007,knowledge_midterm_joint@historical-v1,t2q10c
tomorrows-europe-2007,knowledge_midterm_joint@historical-v1,t2q10d
tomorrows-europe-2007,knowledge_midterm_joint@historical-v1,t2q10e
tomorrows-europe-2007,knowledge_midterm_joint@historical-v1,t2q11a
tomorrows-europe-2007,knowledge_midterm_joint@historical-v1,t2q11b
tomorrows-europe-2007,knowledge_midterm_joint@historical-v1,t2q11c
tomorrows-europe-2007,knowledge_midterm_joint@historical-v1,t2q11d
tomorrows-europe-2007,knowledge_midterm_joint@historical-v1,t2q11e
tomorrows-europe-2007,knowledge_midterm_joint@historical-v1,t2q12a
tomorrows-europe-2007,knowledge_midterm_joint@historical-v1,t2q12b
tomorrows-europe-2007,knowledge_midterm_joint@historical-v1,t2q12c
tomorrows-europe-2007,knowledge_midterm_joint@historical-v1,t2q12d
tomorrows-europe-2007,knowledge_midterm_joint@historical-v1,t2q13a
tomorrows-europe-2007,knowledge_midterm_joint@historical-v1,t2q13b
tomorrows-europe-2007,knowledge_midterm_joint@historical-v1,t2q13c
tomorrows-europe-2007,knowledge_midterm_joint@historical-v1,t2q13d
tomorrows-europe-2007,knowledge_midterm_joint@historical-v1,t2q14a
tomorrows-europe-2007,knowledge_midterm_joint@historical-v1,t2q14b
tomorrows-europe-2007,knowledge_midterm_joint@historical-v1,t2q14c
tomorrows-europe-2007,knowledge_midterm_joint@historical-v1,t2q15a
tomorrows-europe-2007,knowledge_midterm_joint@historical-v1,t2q15b
tomorrows-europe-2007,knowledge_midterm_joint@historical-v1,t2q16a
tomorrows-europe-2007,knowledge_midterm_joint@historical-v1,t2q16b
tomorrows-europe-2007,knowledge_midterm_joint@historical-v1,t2q16c
tomorrows-europe-2007,knowledge_midterm_joint@historical-v1,t2q16d
tomorrows-europe-2007,knowledge_midterm_joint@historical-v1,t2q16e
tomorrows-europe-2007,knowledge_midterm_joint@historical-v1,t2q16f
tomorrows-europe-2007,knowledge_midterm_joint@historical-v1,t2q16g
tomorrows-europe-2007,knowledge_midterm_joint@historical-v1,t2q16h
tomorrows-europe-2007,knowledge_midterm_joint@historical-v1,t2q16i
tomorrows-europe-2007,knowledge_midterm_joint@historical-v1,t2q16j
tomorrows-europe-2007,knowledge_midterm_joint@historical-v1,t2q17a
tomorrows-europe-2007,knowledge_midterm_joint@historical-v1,t2q17b
tomorrows-europe-2007,knowledge_midterm_joint@historical-v1,t2q17c
tomorrows-europe-2007,knowledge_midterm_joint@historical-v1,t2q17d
tomorrows-europe-2007,knowledge_midterm_joint@historical-v1,t2q17e
tomorrows-europe-2007,knowledge_midterm_joint@historical-v1,t2q17f
tomorrows-europe-2007,knowledge_midterm_joint@historical-v1,t2q17g
tomorrows-europe-2007,knowledge_midterm_joint@historical-v1,t2q17h
tomorrows-europe-2007,knowledge_midterm_joint@historical-v1,t2q17i
tomorrows-europe-2007,knowledge_midterm_joint@historical-v1,t2q17j
tomorrows-europe-2007,knowledge_midterm_joint@historical-v1,t2q18a
tomorrows-europe-2007,knowledge_midterm_joint@historical-v1,t2q18b
tomorrows-europe-2007,knowledge_midterm_joint@historical-v1,t2q18c
tomorrows-europe-2007,knowledge_midterm_joint@historical-v1,t2q18d
tomorrows-europe-2007,knowledge_midterm_joint@historical-v1,t2q28
tomorrows-europe-2007,knowledge_midterm_joint@historical-v1,t2q29
tomorrows-europe-2007,knowledge_midterm_joint@historical-v1,t2q30
tomorrows-europe-2007,knowledge_midterm_joint@historical-v1,t2q31
tomorrows-europe-2007,knowledge_midterm_joint@historical-v1,t2q32
tomorrows-europe-2007,knowledge_midterm_joint@historical-v1,t2q33
tomorrows-europe-2007,knowledge_midterm_joint@historical-v1,t2q33_1
tomorrows-europe-2007,knowledge_midterm_joint@historical-v1,t2q34
tomorrows-europe-2007,knowledge_midterm_joint@historical-v1,t2q35
tomorrows-europe-2007,knowledge_midterm_joint@historical-v1,t2q37a
tomorrows-europe-2007,knowledge_midterm_joint@historical-v1,t2q37b
tomorrows-europe-2007,knowledge_midterm_joint@historical-v1,t2q38a
tomorrows-europe-2007,knowledge_midterm_joint@historical-v1,t2q38b
tomorrows-europe-2007,knowledge_midterm_joint@historical-v1,t2q38c
tomorrows-europe-2007,knowledge_midterm_joint@historical-v1,t2q38d
tomorrows-europe-2007,knowledge_midterm_joint@historical-v1,t2q38e
tomorrows-europe-2007,knowledge_midterm_joint@historical-v1,t2q38f
tomorrows-europe-2007,knowledge_midterm_joint@historical-v1,t2q38g
tomorrows-europe-2007,knowledge_midterm_joint@historical-v1,t2q38h
tomorrows-europe-2007,knowledge_midterm_joint@historical-v1,t2q38i
tomorrows-europe-2007,knowledge_midterm_joint@historical-v1,t2q38j
tomorrows-europe-2007,knowledge_midterm_joint@historical-v1,t2q38k
tomorrows-europe-2007,knowledge_midterm_joint@historical-v1,t2q38l
tomorrows-europe-2007,knowledge_midterm_joint@historical-v1,t2q38m
tomorrows-europe-2007,knowledge_midterm_joint@historical-v1,t2q38n
tomorrows-europe-2007,knowledge_midterm_joint@historical-v1,t2q38o
tomorrows-europe-2007,knowledge_midterm_joint@historical-v1,t2q39a
tomorrows-europe-2007,knowledge_midterm_joint@historical-v1,t2q39b
tomorrows-europe-2007,knowledge_midterm_joint@historical-v1,t2q39c
tomorrows-europe-2007,knowledge_midterm_joint@historical-v1,t2q39d
tomorrows-europe-2007,knowledge_midterm_joint@historical-v1,t2q39e
tomorrows-europe-2007,knowledge_midterm_joint@historical-v1,t2q39f
tomorrows-europe-2007,knowledge_midterm_joint@historical-v1,t2q39g
tomorrows-europe-2007,knowledge_midterm_joint@historical-v1,t2q39h
tomorrows-europe-2007,knowledge_midterm_joint@historical-v1,t2q39i
tomorrows-europe-2007,knowledge_midterm_joint@historical-v1,t2q39j
tomorrows-europe-2007,knowledge_midterm_joint@historical-v1,t2q39k
tomorrows-europe-2007,knowledge_midterm_joint@historical-v1,t2q39l
tomorrows-europe-2007,knowledge_midterm_joint@historical-v1,t2q32r
tomorrows-europe-2007,knowledge_midterm_joint@historical-v1,t2q28r
tomorrows-europe-2007,knowledge_midterm_joint@historical-v1,t2q29r
tomorrows-europe-2007,knowledge_midterm_joint@historical-v1,t2q30r
tomorrows-europe-2007,knowledge_midterm_joint@historical-v1,t2q31r
tomorrows-europe-2007,knowledge_midterm_joint@historical-v1,t2q1r
tomorrows-europe-2007,knowledge_midterm_joint@historical-v1,t2q2r
tomorrows-europe-2007,knowledge_midterm_joint@historical-v1,t2q4r
tomorrows-europe-2007,knowledge_midterm_joint@historical-v1,t2q8r
tomorrows-europe-2007,knowledge_midterm_joint@historical-v1,t2q33r
tomorrows-europe-2007,knowledge_midterm_joint@historical-v1,t2q34r
tomorrows-europe-2007,knowledge_midterm_joint@historical-v1,t2q35r
tomorrows-europe-2007,knowledge_midterm_joint@historical-v1,t3q1
tomorrows-europe-2007,knowledge_midterm_joint@historical-v1,t3q2
tomorrows-europe-2007,knowledge_midterm_joint@historical-v1,t3q2_1
tomorrows-europe-2007,knowledge_midterm_joint@historical-v1,t3q3a
tomorrows-europe-2007,knowledge_midterm_joint@historical-v1,t3q3b
tomorrows-europe-2007,knowledge_midterm_joint@historical-v1,t3q3c
tomorrows-europe-2007,knowledge_midterm_joint@historical-v1,t3q3d
tomorrows-europe-2007,knowledge_midterm_joint@historical-v1,t3q3e
tomorrows-europe-2007,knowledge_midterm_joint@historical-v1,t3q4
tomorrows-europe-2007,knowledge_midterm_joint@historical-v1,t3q4_1
tomorrows-europe-2007,knowledge_midterm_joint@historical-v1,t3q5a
tomorrows-europe-2007,knowledge_midterm_joint@historical-v1,t3q5b
tomorrows-europe-2007,knowledge_midterm_joint@historical-v1,t3q5c
tomorrows-europe-2007,knowledge_midterm_joint@historical-v1,t3q5d
tomorrows-europe-2007,knowledge_midterm_joint@historical-v1,t3q6a
tomorrows-europe-2007,knowledge_midterm_joint@historical-v1,t3q6b
tomorrows-europe-2007,knowledge_midterm_joint@historical-v1,t3q6c
tomorrows-europe-2007,knowledge_midterm_joint@historical-v1,t3q6d
tomorrows-europe-2007,knowledge_midterm_joint@historical-v1,t3q7a
tomorrows-europe-2007,knowledge_midterm_joint@historical-v1,t3q7b
tomorrows-europe-2007,knowledge_midterm_joint@historical-v1,t3q7c
tomorrows-europe-2007,knowledge_midterm_joint@historical-v1,t3q7d
tomorrows-europe-2007,knowledge_midterm_joint@historical-v1,t3q7e
tomorrows-europe-2007,knowledge_midterm_joint@historical-v1,t3q7f
tomorrows-europe-2007,knowledge_midterm_joint@historical-v1,t3q7g
tomorrows-europe-2007,knowledge_midterm_joint@historical-v1,t3q8
tomorrows-europe-2007,knowledge_midterm_joint@historical-v1,t3q8_1
tomorrows-europe-2007,knowledge_midterm_joint@historical-v1,t3q9a
tomorrows-europe-2007,knowledge_midterm_joint@historical-v1,t3q9b
tomorrows-europe-2007,knowledge_midterm_joint@historical-v1,t3q9c
tomorrows-europe-2007,knowledge_midterm_joint@historical-v1,t3q9d
tomorrows-europe-2007,knowledge_midterm_joint@historical-v1,t3q9e
tomorrows-europe-2007,knowledge_midterm_joint@historical-v1,t3q9f
tomorrows-europe-2007,knowledge_midterm_joint@historical-v1,t3q9g
tomorrows-europe-2007,knowledge_midterm_joint@historical-v1,t3q10a
tomorrows-europe-2007,knowledge_midterm_joint@historical-v1,t3q10b
tomorrows-europe-2007,knowledge_midterm_joint@historical-v1,t3q10c
tomorrows-europe-2007,knowledge_midterm_joint@historical-v1,t3q10d
tomorrows-europe-2007,knowledge_midterm_joint@historical-v1,t3q10e
tomorrows-europe-2007,knowledge_midterm_joint@historical-v1,t3q11a
tomorrows-europe-2007,knowledge_midterm_joint@historical-v1,t3q11b
tomorrows-europe-2007,knowledge_midterm_joint@historical-v1,t3q11c
tomorrows-europe-2007,knowledge_midterm_joint@historical-v1,t3q11d
tomorrows-europe-2007,knowledge_midterm_joint@historical-v1,t3q11e
tomorrows-europe-2007,knowledge_midterm_joint@historical-v1,t3q12a
tomorrows-europe-2007,knowledge_midterm_joint@historical-v1,t3q12b
tomorrows-europe-2007,knowledge_midterm_joint@historical-v1,t3q12c
tomorrows-europe-2007,knowledge_midterm_joint@historical-v1,t3q12d
tomorrows-europe-2007,knowledge_midterm_joint@historical-v1,t3q13a
tomorrows-europe-2007,knowledge_midterm_joint@historical-v1,t3q13b
tomorrows-europe-2007,knowledge_midterm_joint@historical-v1,t3q13c
tomorrows-europe-2007,knowledge_midterm_joint@historical-v1,t3q13d
tomorrows-europe-2007,knowledge_midterm_joint@historical-v1,t3q14a
tomorrows-europe-2007,knowledge_midterm_joint@historical-v1,t3q14b
tomorrows-europe-2007,knowledge_midterm_joint@historical-v1,t3q14c
tomorrows-europe-2007,knowledge_midterm_joint@historical-v1,t3q15a
tomorrows-europe-2007,knowledge_midterm_joint@historical-v1,t3q15b
tomorrows-europe-2007,knowledge_midterm_joint@historical-v1,t3q16a
tomorrows-europe-2007,knowledge_midterm_joint@historical-v1,t3q16b
tomorrows-europe-2007,knowledge_midterm_joint@historical-v1,t3q16c
tomorrows-europe-2007,knowledge_midterm_joint@historical-v1,t3q16d
tomorrows-europe-2007,knowledge_midterm_joint@historical-v1,t3q16e
tomorrows-europe-2007,knowledge_midterm_joint@historical-v1,t3q16f
tomorrows-europe-2007,knowledge_midterm_joint@historical-v1,t3q16g
tomorrows-europe-2007,knowledge_midterm_joint@historical-v1,t3q16h
tomorrows-europe-2007,knowledge_midterm_joint@historical-v1,t3q16i
tomorrows-europe-2007,knowledge_midterm_joint@historical-v1,t3q16j
tomorrows-europe-2007,knowledge_midterm_joint@historical-v1,t3q17a
tomorrows-europe-2007,knowledge_midterm_joint@historical-v1,t3q17b
tomorrows-europe-2007,knowledge_midterm_joint@historical-v1,t3q17c
tomorrows-europe-2007,knowledge_midterm_joint@historical-v1,t3q17d
tomorrows-europe-2007,knowledge_midterm_joint@historical-v1,t3q17e
tomorrows-europe-2007,knowledge_midterm_joint@historical-v1,t3q17f
tomorrows-europe-2007,knowledge_midterm_joint@historical-v1,t3q17g
tomorrows-europe-2007,knowledge_midterm_joint@historical-v1,t3q17h
tomorrows-europe-2007,knowledge_midterm_joint@historical-v1,t3q17i
tomorrows-europe-2007,knowledge_midterm_joint@historical-v1,t3q17j
tomorrows-europe-2007,knowledge_midterm_joint@historical-v1,t3q18a
tomorrows-europe-2007,knowledge_midterm_joint@historical-v1,t3q18b
tomorrows-europe-2007,knowledge_midterm_joint@historical-v1,t3q18c
tomorrows-europe-2007,knowledge_midterm_joint@historical-v1,t3q18d
tomorrows-europe-2007,knowledge_midterm_joint@historical-v1,t3q28
tomorrows-europe-2007,knowledge_midterm_joint@historical-v1,t3q29
tomorrows-europe-2007,knowledge_midterm_joint@historical-v1,t3q30
tomorrows-europe-2007,knowledge_midterm_joint@historical-v1,t3q31
tomorrows-europe-2007,knowledge_midterm_joint@historical-v1,t3q32
tomorrows-europe-2007,knowledge_midterm_joint@historical-v1,t3q33
tomorrows-europe-2007,knowledge_midterm_joint@historical-v1,t3q33_1
tomorrows-europe-2007,knowledge_midterm_joint@historical-v1,t3q34
tomorrows-europe-2007,knowledge_midterm_joint@historical-v1,t3q35
tomorrows-europe-2007,knowledge_midterm_joint@historical-v1,t3q37a
tomorrows-europe-2007,knowledge_midterm_joint@historical-v1,t3q37b
tomorrows-europe-2007,knowledge_midterm_joint@historical-v1,t3q38a
tomorrows-europe-2007,knowledge_midterm_joint@historical-v1,t3q38b
tomorrows-europe-2007,knowledge_midterm_joint@historical-v1,t3q38c
tomorrows-europe-2007,knowledge_midterm_joint@historical-v1,t3q38d
tomorrows-europe-2007,knowledge_midterm_joint@historical-v1,t3q38e
tomorrows-europe-2007,knowledge_midterm_joint@historical-v1,t3q38f
tomorrows-europe-2007,knowledge_midterm_joint@historical-v1,t3q38g
tomorrows-europe-2007,knowledge_midterm_joint@historical-v1,t3q38h
tomorrows-europe-2007,knowledge_midterm_joint@historical-v1,t3q38i
tomorrows-europe-2007,knowledge_midterm_joint@historical-v1,t3q38j
tomorrows-europe-2007,knowledge_midterm_joint@historical-v1,t3q38k
tomorrows-europe-2007,knowledge_midterm_joint@historical-v1,t3q38l
tomorrows-europe-2007,knowledge_midterm_joint@historical-v1,t3q38m
tomorrows-europe-2007,knowledge_midterm_joint@historical-v1,t3q38n
tomorrows-europe-2007,knowledge_midterm_joint@historical-v1,t3q38o
tomorrows-europe-2007,knowledge_midterm_joint@historical-v1,t3q39a
tomorrows-europe-2007,knowledge_midterm_joint@historical-v1,t3q39b
tomorrows-europe-2007,knowledge_midterm_joint@historical-v1,t3q39c
tomorrows-europe-2007,knowledge_midterm_joint@historical-v1,t3q39d
tomorrows-europe-2007,knowledge_midterm_joint@historical-v1,t3q39e
tomorrows-europe-2007,knowledge_midterm_joint@historical-v1,t3q39f
tomorrows-europe-2007,knowledge_midterm_joint@historical-v1,t3q39g
tomorrows-europe-2007,knowledge_midterm_joint@historical-v1,t3q39h
tomorrows-europe-2007,knowledge_midterm_joint@historical-v1,t3q39i
tomorrows-europe-2007,knowledge_midterm_joint@historical-v1,t3q39j
tomorrows-europe-2007,knowledge_midterm_joint@historical-v1,t3q39k
tomorrows-europe-2007,knowledge_midterm_joint@historical-v1,t3q39l
tomorrows-europe-2007,knowledge_midterm_joint@historical-v1,t3q40a
tomorrows-europe-2007,knowledge_midterm_joint@historical-v1,t3q40b
tomorrows-europe-2007,knowledge_midterm_joint@historical-v1,t3q40c
tomorrows-europe-2007,knowledge_midterm_joint@historical-v1,t3q40d
tomorrows-europe-2007,knowledge_midterm_joint@historical-v1,t3q40e
tomorrows-europe-2007,knowledge_midterm_joint@historical-v1,t3q41a
tomorrows-europe-2007,knowledge_midterm_joint@historical-v1,t3q41b
tomorrows-europe-2007,knowledge_midterm_joint@historical-v1,t3q41c
tomorrows-europe-2007,knowledge_midterm_joint@historical-v1,t3q41d
tomorrows-europe-2007,knowledge_midterm_joint@historical-v1,t3q41e
tomorrows-europe-2007,knowledge_midterm_joint@historical-v1,t3q41f
tomorrows-europe-2007,knowledge_midterm_joint@historical-v1,t3q42
tomorrows-europe-2007,knowledge_midterm_joint@historical-v1,t3q43
tomorrows-europe-2007,knowledge_midterm_joint@historical-v1,t3q44
tomorrows-europe-2007,knowledge_midterm_joint@historical-v1,t3q45
tomorrows-europe-2007,knowledge_midterm_joint@historical-v1,t3q46
tomorrows-europe-2007,knowledge_midterm_joint@historical-v1,t3q47
tomorrows-europe-2007,knowledge_midterm_joint@historical-v1,t3q48a
tomorrows-europe-2007,knowledge_midterm_joint@historical-v1,t3q48b
tomorrows-europe-2007,knowledge_midterm_joint@historical-v1,t3q48c
tomorrows-europe-2007,knowledge_midterm_joint@historical-v1,t3q48d
tomorrows-europe-2007,knowledge_midterm_joint@historical-v1,t3q48e
tomorrows-europe-2007,knowledge_midterm_joint@historical-v1,t3q49a
tomorrows-europe-2007,knowledge_midterm_joint@historical-v1,t3q49b
tomorrows-europe-2007,knowledge_midterm_joint@historical-v1,t3q49c
tomorrows-europe-2007,knowledge_midterm_joint@historical-v1,t3q49d
tomorrows-europe-2007,knowledge_midterm_joint@historical-v1,t3q49e
tomorrows-europe-2007,knowledge_midterm_joint@historical-v1,t3q49f
tomorrows-europe-2007,knowledge_midterm_joint@historical-v1,t3q50a
tomorrows-europe-2007,knowledge_midterm_joint@historical-v1,t3q50b
tomorrows-europe-2007,knowledge_midterm_joint@historical-v1,t3q50c
tomorrows-europe-2007,knowledge_midterm_joint@historical-v1,t3q51a
tomorrows-europe-2007,knowledge_midterm_joint@historical-v1,t3q51b
tomorrows-europe-2007,knowledge_midterm_joint@historical-v1,t3q51c
tomorrows-europe-2007,knowledge_midterm_joint@historical-v1,t3q52a
tomorrows-europe-2007,knowledge_midterm_joint@historical-v1,t3q52b
tomorrows-europe-2007,knowledge_midterm_joint@historical-v1,t3q52c
tomorrows-europe-2007,knowledge_midterm_joint@historical-v1,t3q1r
tomorrows-europe-2007,knowledge_midterm_joint@historical-v1,t3q2r
tomorrows-europe-2007,knowledge_midterm_joint@historical-v1,t3q4r
tomorrows-europe-2007,knowledge_midterm_joint@historical-v1,t3q8r
tomorrows-europe-2007,knowledge_midterm_joint@historical-v1,t3q33r
tomorrows-europe-2007,knowledge_midterm_joint@historical-v1,t3q34r
tomorrows-europe-2007,knowledge_midterm_joint@historical-v1,t3q35r
tomorrows-europe-2007,knowledge_midterm_joint@historical-v1,t3q32r
tomorrows-europe-2007,knowledge_midterm_joint@historical-v1,t3q28r
tomorrows-europe-2007,knowledge_midterm_joint@historical-v1,t3q29r
tomorrows-europe-2007,knowledge_midterm_joint@historical-v1,t3q30r
tomorrows-europe-2007,knowledge_midterm_joint@historical-v1,t3q31r
tomorrows-europe-2007,knowledge_midterm_joint@historical-v1,t3q43r
tomorrows-europe-2007,knowledge_midterm_joint@historical-v1,t3q42r
tomorrows-europe-2007,knowledge_midterm_joint@historical-v1,t3q47r
tomorrows-europe-2007,knowledge_midterm_joint@historical-v1,t3q46r
tomorrows-europe-2007,knowledge_midterm_joint@historical-v1,t3q45r
tomorrows-europe-2007,knowledge_midterm_joint@historical-v1,t3q44r
tomorrows-europe-2007,knowledge_t2@historical-v1,t3q1
tomorrows-europe-2007,knowledge_t2@historical-v1,t3q2
tomorrows-europe-2007,knowledge_t2@historical-v1,t3q2_1
tomorrows-europe-2007,knowledge_t2@historical-v1,t3q3a
tomorrows-europe-2007,knowledge_t2@historical-v1,t3q3b
tomorrows-europe-2007,knowledge_t2@historical-v1,t3q3c
tomorrows-europe-2007,knowledge_t2@historical-v1,t3q3d
tomorrows-europe-2007,knowledge_t2@historical-v1,t3q3e
tomorrows-europe-2007,knowledge_t2@historical-v1,t3q4
tomorrows-europe-2007,knowledge_t2@historical-v1,t3q4_1
tomorrows-europe-2007,knowledge_t2@historical-v1,t3q5a
tomorrows-europe-2007,knowledge_t2@historical-v1,t3q5b
tomorrows-europe-2007,knowledge_t2@historical-v1,t3q5c
tomorrows-europe-2007,knowledge_t2@historical-v1,t3q5d
tomorrows-europe-2007,knowledge_t2@historical-v1,t3q6a
tomorrows-europe-2007,knowledge_t2@historical-v1,t3q6b
tomorrows-europe-2007,knowledge_t2@historical-v1,t3q6c
tomorrows-europe-2007,knowledge_t2@historical-v1,t3q6d
tomorrows-europe-2007,knowledge_t2@historical-v1,t3q7a
tomorrows-europe-2007,knowledge_t2@historical-v1,t3q7b
tomorrows-europe-2007,knowledge_t2@historical-v1,t3q7c
tomorrows-europe-2007,knowledge_t2@historical-v1,t3q7d
tomorrows-europe-2007,knowledge_t2@historical-v1,t3q7e
tomorrows-europe-2007,knowledge_t2@historical-v1,t3q7f
tomorrows-europe-2007,knowledge_t2@historical-v1,t3q7g
tomorrows-europe-2007,knowledge_t2@historical-v1,t3q8
tomorrows-europe-2007,knowledge_t2@historical-v1,t3q8_1
tomorrows-europe-2007,knowledge_t2@historical-v1,t3q9a
tomorrows-europe-2007,knowledge_t2@historical-v1,t3q9b
tomorrows-europe-2007,knowledge_t2@historical-v1,t3q9c
tomorrows-europe-2007,knowledge_t2@historical-v1,t3q9d
tomorrows-europe-2007,knowledge_t2@historical-v1,t3q9e
tomorrows-europe-2007,knowledge_t2@historical-v1,t3q9f
tomorrows-europe-2007,knowledge_t2@historical-v1,t3q9g
tomorrows-europe-2007,knowledge_t2@historical-v1,t3q10a
tomorrows-europe-2007,knowledge_t2@historical-v1,t3q10b
tomorrows-europe-2007,knowledge_t2@historical-v1,t3q10c
tomorrows-europe-2007,knowledge_t2@historical-v1,t3q10d
tomorrows-europe-2007,knowledge_t2@historical-v1,t3q10e
tomorrows-europe-2007,knowledge_t2@historical-v1,t3q11a
tomorrows-europe-2007,knowledge_t2@historical-v1,t3q11b
tomorrows-europe-2007,knowledge_t2@historical-v1,t3q11c
tomorrows-europe-2007,knowledge_t2@historical-v1,t3q11d
tomorrows-europe-2007,knowledge_t2@historical-v1,t3q11e
tomorrows-europe-2007,knowledge_t2@historical-v1,t3q12a
tomorrows-europe-2007,knowledge_t2@historical-v1,t3q12b
tomorrows-europe-2007,knowledge_t2@historical-v1,t3q12c
tomorrows-europe-2007,knowledge_t2@historical-v1,t3q12d
tomorrows-europe-2007,knowledge_t2@historical-v1,t3q13a
tomorrows-europe-2007,knowledge_t2@historical-v1,t3q13b
tomorrows-europe-2007,knowledge_t2@historical-v1,t3q13c
tomorrows-europe-2007,knowledge_t2@historical-v1,t3q13d
tomorrows-europe-2007,knowledge_t2@historical-v1,t3q14a
tomorrows-europe-2007,knowledge_t2@historical-v1,t3q14b
tomorrows-europe-2007,knowledge_t2@historical-v1,t3q14c
tomorrows-europe-2007,knowledge_t2@historical-v1,t3q15a
tomorrows-europe-2007,knowledge_t2@historical-v1,t3q15b
tomorrows-europe-2007,knowledge_t2@historical-v1,t3q16a
tomorrows-europe-2007,knowledge_t2@historical-v1,t3q16b
tomorrows-europe-2007,knowledge_t2@historical-v1,t3q16c
tomorrows-europe-2007,knowledge_t2@historical-v1,t3q16d
tomorrows-europe-2007,knowledge_t2@historical-v1,t3q16e
tomorrows-europe-2007,knowledge_t2@historical-v1,t3q16f
tomorrows-europe-2007,knowledge_t2@historical-v1,t3q16g
tomorrows-europe-2007,knowledge_t2@historical-v1,t3q16h
tomorrows-europe-2007,knowledge_t2@historical-v1,t3q16i
tomorrows-europe-2007,knowledge_t2@historical-v1,t3q16j
tomorrows-europe-2007,knowledge_t2@historical-v1,t3q17a
tomorrows-europe-2007,knowledge_t2@historical-v1,t3q17b
tomorrows-europe-2007,knowledge_t2@historical-v1,t3q17c
tomorrows-europe-2007,knowledge_t2@historical-v1,t3q17d
tomorrows-europe-2007,knowledge_t2@historical-v1,t3q17e
tomorrows-europe-2007,knowledge_t2@historical-v1,t3q17f
tomorrows-europe-2007,knowledge_t2@historical-v1,t3q17g
tomorrows-europe-2007,knowledge_t2@historical-v1,t3q17h
tomorrows-europe-2007,knowledge_t2@historical-v1,t3q17i
tomorrows-europe-2007,knowledge_t2@historical-v1,t3q17j
tomorrows-europe-2007,knowledge_t2@historical-v1,t3q18a
tomorrows-europe-2007,knowledge_t2@historical-v1,t3q18b
tomorrows-europe-2007,knowledge_t2@historical-v1,t3q18c
tomorrows-europe-2007,knowledge_t2@historical-v1,t3q18d
tomorrows-europe-2007,knowledge_t2@historical-v1,t3q28
tomorrows-europe-2007,knowledge_t2@historical-v1,t3q29
tomorrows-europe-2007,knowledge_t2@historical-v1,t3q30
tomorrows-europe-2007,knowledge_t2@historical-v1,t3q31
tomorrows-europe-2007,knowledge_t2@historical-v1,t3q32
tomorrows-europe-2007,knowledge_t2@historical-v1,t3q33
tomorrows-europe-2007,knowledge_t2@historical-v1,t3q33_1
tomorrows-europe-2007,knowledge_t2@historical-v1,t3q34
tomorrows-europe-2007,knowledge_t2@historical-v1,t3q35
tomorrows-europe-2007,knowledge_t2@historical-v1,t3q37a
tomorrows-europe-2007,knowledge_t2@historical-v1,t3q37b
tomorrows-europe-2007,knowledge_t2@historical-v1,t3q38a
tomorrows-europe-2007,knowledge_t2@historical-v1,t3q38b
tomorrows-europe-2007,knowledge_t2@historical-v1,t3q38c
tomorrows-europe-2007,knowledge_t2@historical-v1,t3q38d
tomorrows-europe-2007,knowledge_t2@historical-v1,t3q38e
tomorrows-europe-2007,knowledge_t2@historical-v1,t3q38f
tomorrows-europe-2007,knowledge_t2@historical-v1,t3q38g
tomorrows-europe-2007,knowledge_t2@historical-v1,t3q38h
tomorrows-europe-2007,knowledge_t2@historical-v1,t3q38i
tomorrows-europe-2007,knowledge_t2@historical-v1,t3q38j
tomorrows-europe-2007,knowledge_t2@historical-v1,t3q38k
tomorrows-europe-2007,knowledge_t2@historical-v1,t3q38l
tomorrows-europe-2007,knowledge_t2@historical-v1,t3q38m
tomorrows-europe-2007,knowledge_t2@historical-v1,t3q38n
tomorrows-europe-2007,knowledge_t2@historical-v1,t3q38o
tomorrows-europe-2007,knowledge_t2@historical-v1,t3q39a
tomorrows-europe-2007,knowledge_t2@historical-v1,t3q39b
tomorrows-europe-2007,knowledge_t2@historical-v1,t3q39c
tomorrows-europe-2007,knowledge_t2@historical-v1,t3q39d
tomorrows-europe-2007,knowledge_t2@historical-v1,t3q39e
tomorrows-europe-2007,knowledge_t2@historical-v1,t3q39f
tomorrows-europe-2007,knowledge_t2@historical-v1,t3q39g
tomorrows-europe-2007,knowledge_t2@historical-v1,t3q39h
tomorrows-europe-2007,knowledge_t2@historical-v1,t3q39i
tomorrows-europe-2007,knowledge_t2@historical-v1,t3q39j
tomorrows-europe-2007,knowledge_t2@historical-v1,t3q39k
tomorrows-europe-2007,knowledge_t2@historical-v1,t3q39l
tomorrows-europe-2007,knowledge_t2@historical-v1,t3q40a
tomorrows-europe-2007,knowledge_t2@historical-v1,t3q40b
tomorrows-europe-2007,knowledge_t2@historical-v1,t3q40c
tomorrows-europe-2007,knowledge_t2@historical-v1,t3q40d
tomorrows-europe-2007,knowledge_t2@historical-v1,t3q40e
tomorrows-europe-2007,knowledge_t2@historical-v1,t3q41a
tomorrows-europe-2007,knowledge_t2@historical-v1,t3q41b
tomorrows-europe-2007,knowledge_t2@historical-v1,t3q41c
tomorrows-europe-2007,knowledge_t2@historical-v1,t3q41d
tomorrows-europe-2007,knowledge_t2@historical-v1,t3q41e
tomorrows-europe-2007,knowledge_t2@historical-v1,t3q41f
tomorrows-europe-2007,knowledge_t2@historical-v1,t3q42
tomorrows-europe-2007,knowledge_t2@historical-v1,t3q43
tomorrows-europe-2007,knowledge_t2@historical-v1,t3q44
tomorrows-europe-2007,knowledge_t2@historical-v1,t3q45
tomorrows-europe-2007,knowledge_t2@historical-v1,t3q46
tomorrows-europe-2007,knowledge_t2@historical-v1,t3q47
tomorrows-europe-2007,knowledge_t2@historical-v1,t3q48a
tomorrows-europe-2007,knowledge_t2@historical-v1,t3q48b
tomorrows-europe-2007,knowledge_t2@historical-v1,t3q48c
tomorrows-europe-2007,knowledge_t2@historical-v1,t3q48d
tomorrows-europe-2007,knowledge_t2@historical-v1,t3q48e
tomorrows-europe-2007,knowledge_t2@historical-v1,t3q49a
tomorrows-europe-2007,knowledge_t2@historical-v1,t3q49b
tomorrows-europe-2007,knowledge_t2@historical-v1,t3q49c
tomorrows-europe-2007,knowledge_t2@historical-v1,t3q49d
tomorrows-europe-2007,knowledge_t2@historical-v1,t3q49e
tomorrows-europe-2007,knowledge_t2@historical-v1,t3q49f
tomorrows-europe-2007,knowledge_t2@historical-v1,t3q50a
tomorrows-europe-2007,knowledge_t2@historical-v1,t3q50b
tomorrows-europe-2007,knowledge_t2@historical-v1,t3q50c
tomorrows-europe-2007,knowledge_t2@historical-v1,t3q51a
tomorrows-europe-2007,knowledge_t2@historical-v1,t3q51b
tomorrows-europe-2007,knowledge_t2@historical-v1,t3q51c
tomorrows-europe-2007,knowledge_t2@historical-v1,t3q52a
tomorrows-europe-2007,knowledge_t2@historical-v1,t3q52b
tomorrows-europe-2007,knowledge_t2@historical-v1,t3q52c
tomorrows-europe-2007,knowledge_t2@historical-v1,t3q1r
tomorrows-europe-2007,knowledge_t2@historical-v1,t3q2r
tomorrows-europe-2007,knowledge_t2@historical-v1,t3q4r
tomorrows-europe-2007,knowledge_t2@historical-v1,t3q8r
tomorrows-europe-2007,knowledge_t2@historical-v1,t3q33r
tomorrows-europe-2007,knowledge_t2@historical-v1,t3q34r
tomorrows-europe-2007,knowledge_t2@historical-v1,t3q35r
tomorrows-europe-2007,knowledge_t2@historical-v1,t3q32r
tomorrows-europe-2007,knowledge_t2@historical-v1,t3q28r
tomorrows-europe-2007,knowledge_t2@historical-v1,t3q29r
tomorrows-europe-2007,knowledge_t2@historical-v1,t3q30r
tomorrows-europe-2007,knowledge_t2@historical-v1,t3q31r
tomorrows-europe-2007,knowledge_t2@historical-v1,t3q43r
tomorrows-europe-2007,knowledge_t2@historical-v1,t3q42r
tomorrows-europe-2007,knowledge_t2@historical-v1,t3q47r
tomorrows-europe-2007,knowledge_t2@historical-v1,t3q46r
tomorrows-europe-2007,knowledge_t2@historical-v1,t3q45r
tomorrows-europe-2007,knowledge_t2@historical-v1,t3q44r
tomorrows-europe-2007,high_knowledge_joint@historical-v1,t3q1
tomorrows-europe-2007,high_knowledge_joint@historical-v1,t3q2
tomorrows-europe-2007,high_knowledge_joint@historical-v1,t3q2_1
tomorrows-europe-2007,high_knowledge_joint@historical-v1,t3q3a
tomorrows-europe-2007,high_knowledge_joint@historical-v1,t3q3b
tomorrows-europe-2007,high_knowledge_joint@historical-v1,t3q3c
tomorrows-europe-2007,high_knowledge_joint@historical-v1,t3q3d
tomorrows-europe-2007,high_knowledge_joint@historical-v1,t3q3e
tomorrows-europe-2007,high_knowledge_joint@historical-v1,t3q4
tomorrows-europe-2007,high_knowledge_joint@historical-v1,t3q4_1
tomorrows-europe-2007,high_knowledge_joint@historical-v1,t3q5a
tomorrows-europe-2007,high_knowledge_joint@historical-v1,t3q5b
tomorrows-europe-2007,high_knowledge_joint@historical-v1,t3q5c
tomorrows-europe-2007,high_knowledge_joint@historical-v1,t3q5d
tomorrows-europe-2007,high_knowledge_joint@historical-v1,t3q6a
tomorrows-europe-2007,high_knowledge_joint@historical-v1,t3q6b
tomorrows-europe-2007,high_knowledge_joint@historical-v1,t3q6c
tomorrows-europe-2007,high_knowledge_joint@historical-v1,t3q6d
tomorrows-europe-2007,high_knowledge_joint@historical-v1,t3q7a
tomorrows-europe-2007,high_knowledge_joint@historical-v1,t3q7b
tomorrows-europe-2007,high_knowledge_joint@historical-v1,t3q7c
tomorrows-europe-2007,high_knowledge_joint@historical-v1,t3q7d
tomorrows-europe-2007,high_knowledge_joint@historical-v1,t3q7e
tomorrows-europe-2007,high_knowledge_joint@historical-v1,t3q7f
tomorrows-europe-2007,high_knowledge_joint@historical-v1,t3q7g
tomorrows-europe-2007,high_knowledge_joint@historical-v1,t3q8
tomorrows-europe-2007,high_knowledge_joint@historical-v1,t3q8_1
tomorrows-europe-2007,high_knowledge_joint@historical-v1,t3q9a
tomorrows-europe-2007,high_knowledge_joint@historical-v1,t3q9b
tomorrows-europe-2007,high_knowledge_joint@historical-v1,t3q9c
tomorrows-europe-2007,high_knowledge_joint@historical-v1,t3q9d
tomorrows-europe-2007,high_knowledge_joint@historical-v1,t3q9e
tomorrows-europe-2007,high_knowledge_joint@historical-v1,t3q9f
tomorrows-europe-2007,high_knowledge_joint@historical-v1,t3q9g
tomorrows-europe-2007,high_knowledge_joint@historical-v1,t3q10a
tomorrows-europe-2007,high_knowledge_joint@historical-v1,t3q10b
tomorrows-europe-2007,high_knowledge_joint@historical-v1,t3q10c
tomorrows-europe-2007,high_knowledge_joint@historical-v1,t3q10d
tomorrows-europe-2007,high_knowledge_joint@historical-v1,t3q10e
tomorrows-europe-2007,high_knowledge_joint@historical-v1,t3q11a
tomorrows-europe-2007,high_knowledge_joint@historical-v1,t3q11b
tomorrows-europe-2007,high_knowledge_joint@historical-v1,t3q11c
tomorrows-europe-2007,high_knowledge_joint@historical-v1,t3q11d
tomorrows-europe-2007,high_knowledge_joint@historical-v1,t3q11e
tomorrows-europe-2007,high_knowledge_joint@historical-v1,t3q12a
tomorrows-europe-2007,high_knowledge_joint@historical-v1,t3q12b
tomorrows-europe-2007,high_knowledge_joint@historical-v1,t3q12c
tomorrows-europe-2007,high_knowledge_joint@historical-v1,t3q12d
tomorrows-europe-2007,high_knowledge_joint@historical-v1,t3q13a
tomorrows-europe-2007,high_knowledge_joint@historical-v1,t3q13b
tomorrows-europe-2007,high_knowledge_joint@historical-v1,t3q13c
tomorrows-europe-2007,high_knowledge_joint@historical-v1,t3q13d
tomorrows-europe-2007,high_knowledge_joint@historical-v1,t3q14a
tomorrows-europe-2007,high_knowledge_joint@historical-v1,t3q14b
tomorrows-europe-2007,high_knowledge_joint@historical-v1,t3q14c
tomorrows-europe-2007,high_knowledge_joint@historical-v1,t3q15a
tomorrows-europe-2007,high_knowledge_joint@historical-v1,t3q15b
tomorrows-europe-2007,high_knowledge_joint@historical-v1,t3q16a
tomorrows-europe-2007,high_knowledge_joint@historical-v1,t3q16b
tomorrows-europe-2007,high_knowledge_joint@historical-v1,t3q16c
tomorrows-europe-2007,high_knowledge_joint@historical-v1,t3q16d
tomorrows-europe-2007,high_knowledge_joint@historical-v1,t3q16e
tomorrows-europe-2007,high_knowledge_joint@historical-v1,t3q16f
tomorrows-europe-2007,high_knowledge_joint@historical-v1,t3q16g
tomorrows-europe-2007,high_knowledge_joint@historical-v1,t3q16h
tomorrows-europe-2007,high_knowledge_joint@historical-v1,t3q16i
tomorrows-europe-2007,high_knowledge_joint@historical-v1,t3q16j
tomorrows-europe-2007,high_knowledge_joint@historical-v1,t3q17a
tomorrows-europe-2007,high_knowledge_joint@historical-v1,t3q17b
tomorrows-europe-2007,high_knowledge_joint@historical-v1,t3q17c
tomorrows-europe-2007,high_knowledge_joint@historical-v1,t3q17d
tomorrows-europe-2007,high_knowledge_joint@historical-v1,t3q17e
tomorrows-europe-2007,high_knowledge_joint@historical-v1,t3q17f
tomorrows-europe-2007,high_knowledge_joint@historical-v1,t3q17g
tomorrows-europe-2007,high_knowledge_joint@historical-v1,t3q17h
tomorrows-europe-2007,high_knowledge_joint@historical-v1,t3q17i
tomorrows-europe-2007,high_knowledge_joint@historical-v1,t3q17j
tomorrows-europe-2007,high_knowledge_joint@historical-v1,t3q18a
tomorrows-europe-2007,high_knowledge_joint@historical-v1,t3q18b
tomorrows-europe-2007,high_knowledge_joint@historical-v1,t3q18c
tomorrows-europe-2007,high_knowledge_joint@historical-v1,t3q18d
tomorrows-europe-2007,high_knowledge_joint@historical-v1,t3q28
tomorrows-europe-2007,high_knowledge_joint@historical-v1,t3q29
tomorrows-europe-2007,high_knowledge_joint@historical-v1,t3q30
tomorrows-europe-2007,high_knowledge_joint@historical-v1,t3q31
tomorrows-europe-2007,high_knowledge_joint@historical-v1,t3q32
tomorrows-europe-2007,high_knowledge_joint@historical-v1,t3q33
tomorrows-europe-2007,high_knowledge_joint@historical-v1,t3q33_1
tomorrows-europe-2007,high_knowledge_joint@historical-v1,t3q34
tomorrows-europe-2007,high_knowledge_joint@historical-v1,t3q35
tomorrows-europe-2007,high_knowledge_joint@historical-v1,t3q37a
tomorrows-europe-2007,high_knowledge_joint@historical-v1,t3q37b
tomorrows-europe-2007,high_knowledge_joint@historical-v1,t3q38a
tomorrows-europe-2007,high_knowledge_joint@historical-v1,t3q38b
tomorrows-europe-2007,high_knowledge_joint@historical-v1,t3q38c
tomorrows-europe-2007,high_knowledge_joint@historical-v1,t3q38d
tomorrows-europe-2007,high_knowledge_joint@historical-v1,t3q38e
tomorrows-europe-2007,high_knowledge_joint@historical-v1,t3q38f
tomorrows-europe-2007,high_knowledge_joint@historical-v1,t3q38g
tomorrows-europe-2007,high_knowledge_joint@historical-v1,t3q38h
tomorrows-europe-2007,high_knowledge_joint@historical-v1,t3q38i
tomorrows-europe-2007,high_knowledge_joint@historical-v1,t3q38j
tomorrows-europe-2007,high_knowledge_joint@historical-v1,t3q38k
tomorrows-europe-2007,high_knowledge_joint@historical-v1,t3q38l
tomorrows-europe-2007,high_knowledge_joint@historical-v1,t3q38m
tomorrows-europe-2007,high_knowledge_joint@historical-v1,t3q38n
tomorrows-europe-2007,high_knowledge_joint@historical-v1,t3q38o
tomorrows-europe-2007,high_knowledge_joint@historical-v1,t3q39a
tomorrows-europe-2007,high_knowledge_joint@historical-v1,t3q39b
tomorrows-europe-2007,high_knowledge_joint@historical-v1,t3q39c
tomorrows-europe-2007,high_knowledge_joint@historical-v1,t3q39d
tomorrows-europe-2007,high_knowledge_joint@historical-v1,t3q39e
tomorrows-europe-2007,high_knowledge_joint@historical-v1,t3q39f
tomorrows-europe-2007,high_knowledge_joint@historical-v1,t3q39g
tomorrows-europe-2007,high_knowledge_joint@historical-v1,t3q39h
tomorrows-europe-2007,high_knowledge_joint@historical-v1,t3q39i
tomorrows-europe-2007,high_knowledge_joint@historical-v1,t3q39j
tomorrows-europe-2007,high_knowledge_joint@historical-v1,t3q39k
tomorrows-europe-2007,high_knowledge_joint@historical-v1,t3q39l
tomorrows-europe-2007,high_knowledge_joint@historical-v1,t3q40a
tomorrows-europe-2007,high_knowledge_joint@historical-v1,t3q40b
tomorrows-europe-2007,high_knowledge_joint@historical-v1,t3q40c
tomorrows-europe-2007,high_knowledge_joint@historical-v1,t3q40d
tomorrows-europe-2007,high_knowledge_joint@historical-v1,t3q40e
tomorrows-europe-2007,high_knowledge_joint@historical-v1,t3q41a
tomorrows-europe-2007,high_knowledge_joint@historical-v1,t3q41b
tomorrows-europe-2007,high_knowledge_joint@historical-v1,t3q41c
tomorrows-europe-2007,high_knowledge_joint@historical-v1,t3q41d
tomorrows-europe-2007,high_knowledge_joint@historical-v1,t3q41e
tomorrows-europe-2007,high_knowledge_joint@historical-v1,t3q41f
tomorrows-europe-2007,high_knowledge_joint@historical-v1,t3q42
tomorrows-europe-2007,high_knowledge_joint@historical-v1,t3q43
tomorrows-europe-2007,high_knowledge_joint@historical-v1,t3q44
tomorrows-europe-2007,high_knowledge_joint@historical-v1,t3q45
tomorrows-europe-2007,high_knowledge_joint@historical-v1,t3q46
tomorrows-europe-2007,high_knowledge_joint@historical-v1,t3q47
tomorrows-europe-2007,high_knowledge_joint@historical-v1,t3q48a
tomorrows-europe-2007,high_knowledge_joint@historical-v1,t3q48b
tomorrows-europe-2007,high_knowledge_joint@historical-v1,t3q48c
tomorrows-europe-2007,high_knowledge_joint@historical-v1,t3q48d
tomorrows-europe-2007,high_knowledge_joint@historical-v1,t3q48e
tomorrows-europe-2007,high_knowledge_joint@historical-v1,t3q49a
tomorrows-europe-2007,high_knowledge_joint@historical-v1,t3q49b
tomorrows-europe-2007,high_knowledge_joint@historical-v1,t3q49c
tomorrows-europe-2007,high_knowledge_joint@historical-v1,t3q49d
tomorrows-europe-2007,high_knowledge_joint@historical-v1,t3q49e
tomorrows-europe-2007,high_knowledge_joint@historical-v1,t3q49f
tomorrows-europe-2007,high_knowledge_joint@historical-v1,t3q50a
tomorrows-europe-2007,high_knowledge_joint@historical-v1,t3q50b
tomorrows-europe-2007,high_knowledge_joint@historical-v1,t3q50c
tomorrows-europe-2007,high_knowledge_joint@historical-v1,t3q51a
tomorrows-europe-2007,high_knowledge_joint@historical-v1,t3q51b
tomorrows-europe-2007,high_knowledge_joint@historical-v1,t3q51c
tomorrows-europe-2007,high_knowledge_joint@historical-v1,t3q52a
tomorrows-europe-2007,high_knowledge_joint@historical-v1,t3q52b
tomorrows-europe-2007,high_knowledge_joint@historical-v1,t3q52c
tomorrows-europe-2007,high_knowledge_joint@historical-v1,t3q1r
tomorrows-europe-2007,high_knowledge_joint@historical-v1,t3q2r
tomorrows-europe-2007,high_knowledge_joint@historical-v1,t3q4r
tomorrows-europe-2007,high_knowledge_joint@historical-v1,t3q8r
tomorrows-europe-2007,high_knowledge_joint@historical-v1,t3q33r
tomorrows-europe-2007,high_knowledge_joint@historical-v1,t3q34r
tomorrows-europe-2007,high_knowledge_joint@historical-v1,t3q35r
tomorrows-europe-2007,high_knowledge_joint@historical-v1,t3q32r
tomorrows-europe-2007,high_knowledge_joint@historical-v1,t3q28r
tomorrows-europe-2007,high_knowledge_joint@historical-v1,t3q29r
tomorrows-europe-2007,high_knowledge_joint@historical-v1,t3q30r
tomorrows-europe-2007,high_knowledge_joint@historical-v1,t3q31r
tomorrows-europe-2007,high_knowledge_joint@historical-v1,t3q43r
tomorrows-europe-2007,high_knowledge_joint@historical-v1,t3q42r
tomorrows-europe-2007,high_knowledge_joint@historical-v1,t3q47r
tomorrows-europe-2007,high_knowledge_joint@historical-v1,t3q46r
tomorrows-europe-2007,high_knowledge_joint@historical-v1,t3q45r
tomorrows-europe-2007,high_knowledge_joint@historical-v1,t3q44r
tomorrows-europe-2007,knowledge_joint@historical-v1,t3q1
tomorrows-europe-2007,knowledge_joint@historical-v1,t3q2
tomorrows-europe-2007,knowledge_joint@historical-v1,t3q2_1
tomorrows-europe-2007,knowledge_joint@historical-v1,t3q3a
tomorrows-europe-2007,knowledge_joint@historical-v1,t3q3b
tomorrows-europe-2007,knowledge_joint@historical-v1,t3q3c
tomorrows-europe-2007,knowledge_joint@historical-v1,t3q3d
tomorrows-europe-2007,knowledge_joint@historical-v1,t3q3e
tomorrows-europe-2007,knowledge_joint@historical-v1,t3q4
tomorrows-europe-2007,knowledge_joint@historical-v1,t3q4_1
tomorrows-europe-2007,knowledge_joint@historical-v1,t3q5a
tomorrows-europe-2007,knowledge_joint@historical-v1,t3q5b
tomorrows-europe-2007,knowledge_joint@historical-v1,t3q5c
tomorrows-europe-2007,knowledge_joint@historical-v1,t3q5d
tomorrows-europe-2007,knowledge_joint@historical-v1,t3q6a
tomorrows-europe-2007,knowledge_joint@historical-v1,t3q6b
tomorrows-europe-2007,knowledge_joint@historical-v1,t3q6c
tomorrows-europe-2007,knowledge_joint@historical-v1,t3q6d
tomorrows-europe-2007,knowledge_joint@historical-v1,t3q7a
tomorrows-europe-2007,knowledge_joint@historical-v1,t3q7b
tomorrows-europe-2007,knowledge_joint@historical-v1,t3q7c
tomorrows-europe-2007,knowledge_joint@historical-v1,t3q7d
tomorrows-europe-2007,knowledge_joint@historical-v1,t3q7e
tomorrows-europe-2007,knowledge_joint@historical-v1,t3q7f
tomorrows-europe-2007,knowledge_joint@historical-v1,t3q7g
tomorrows-europe-2007,knowledge_joint@historical-v1,t3q8
tomorrows-europe-2007,knowledge_joint@historical-v1,t3q8_1
tomorrows-europe-2007,knowledge_joint@historical-v1,t3q9a
tomorrows-europe-2007,knowledge_joint@historical-v1,t3q9b
tomorrows-europe-2007,knowledge_joint@historical-v1,t3q9c
tomorrows-europe-2007,knowledge_joint@historical-v1,t3q9d
tomorrows-europe-2007,knowledge_joint@historical-v1,t3q9e
tomorrows-europe-2007,knowledge_joint@historical-v1,t3q9f
tomorrows-europe-2007,knowledge_joint@historical-v1,t3q9g
tomorrows-europe-2007,knowledge_joint@historical-v1,t3q10a
tomorrows-europe-2007,knowledge_joint@historical-v1,t3q10b
tomorrows-europe-2007,knowledge_joint@historical-v1,t3q10c
tomorrows-europe-2007,knowledge_joint@historical-v1,t3q10d
tomorrows-europe-2007,knowledge_joint@historical-v1,t3q10e
tomorrows-europe-2007,knowledge_joint@historical-v1,t3q11a
tomorrows-europe-2007,knowledge_joint@historical-v1,t3q11b
tomorrows-europe-2007,knowledge_joint@historical-v1,t3q11c
tomorrows-europe-2007,knowledge_joint@historical-v1,t3q11d
tomorrows-europe-2007,knowledge_joint@historical-v1,t3q11e
tomorrows-europe-2007,knowledge_joint@historical-v1,t3q12a
tomorrows-europe-2007,knowledge_joint@historical-v1,t3q12b
tomorrows-europe-2007,knowledge_joint@historical-v1,t3q12c
tomorrows-europe-2007,knowledge_joint@historical-v1,t3q12d
tomorrows-europe-2007,knowledge_joint@historical-v1,t3q13a
tomorrows-europe-2007,knowledge_joint@historical-v1,t3q13b
tomorrows-europe-2007,knowledge_joint@historical-v1,t3q13c
tomorrows-europe-2007,knowledge_joint@historical-v1,t3q13d
tomorrows-europe-2007,knowledge_joint@historical-v1,t3q14a
tomorrows-europe-2007,knowledge_joint@historical-v1,t3q14b
tomorrows-europe-2007,knowledge_joint@historical-v1,t3q14c
tomorrows-europe-2007,knowledge_joint@historical-v1,t3q15a
tomorrows-europe-2007,knowledge_joint@historical-v1,t3q15b
tomorrows-europe-2007,knowledge_joint@historical-v1,t3q16a
tomorrows-europe-2007,knowledge_joint@historical-v1,t3q16b
tomorrows-europe-2007,knowledge_joint@historical-v1,t3q16c
tomorrows-europe-2007,knowledge_joint@historical-v1,t3q16d
tomorrows-europe-2007,knowledge_joint@historical-v1,t3q16e
tomorrows-europe-2007,knowledge_joint@historical-v1,t3q16f
tomorrows-europe-2007,knowledge_joint@historical-v1,t3q16g
tomorrows-europe-2007,knowledge_joint@historical-v1,t3q16h
tomorrows-europe-2007,knowledge_joint@historical-v1,t3q16i
tomorrows-europe-2007,knowledge_joint@historical-v1,t3q16j
tomorrows-europe-2007,knowledge_joint@historical-v1,t3q17a
tomorrows-europe-2007,knowledge_joint@historical-v1,t3q17b
tomorrows-europe-2007,knowledge_joint@historical-v1,t3q17c
tomorrows-europe-2007,knowledge_joint@historical-v1,t3q17d
tomorrows-europe-2007,knowledge_joint@historical-v1,t3q17e
tomorrows-europe-2007,knowledge_joint@historical-v1,t3q17f
tomorrows-europe-2007,knowledge_joint@historical-v1,t3q17g
tomorrows-europe-2007,knowledge_joint@historical-v1,t3q17h
tomorrows-europe-2007,knowledge_joint@historical-v1,t3q17i
tomorrows-europe-2007,knowledge_joint@historical-v1,t3q17j
tomorrows-europe-2007,knowledge_joint@historical-v1,t3q18a
tomorrows-europe-2007,knowledge_joint@historical-v1,t3q18b
tomorrows-europe-2007,knowledge_joint@historical-v1,t3q18c
tomorrows-europe-2007,knowledge_joint@historical-v1,t3q18d
tomorrows-europe-2007,knowledge_joint@historical-v1,t3q28
tomorrows-europe-2007,knowledge_joint@historical-v1,t3q29
tomorrows-europe-2007,knowledge_joint@historical-v1,t3q30
tomorrows-europe-2007,knowledge_joint@historical-v1,t3q31
tomorrows-europe-2007,knowledge_joint@historical-v1,t3q32
tomorrows-europe-2007,knowledge_joint@historical-v1,t3q33
tomorrows-europe-2007,knowledge_joint@historical-v1,t3q33_1
tomorrows-europe-2007,knowledge_joint@historical-v1,t3q34
tomorrows-europe-2007,knowledge_joint@historical-v1,t3q35
tomorrows-europe-2007,knowledge_joint@historical-v1,t3q37a
tomorrows-europe-2007,knowledge_joint@historical-v1,t3q37b
tomorrows-europe-2007,knowledge_joint@historical-v1,t3q38a
tomorrows-europe-2007,knowledge_joint@historical-v1,t3q38b
tomorrows-europe-2007,knowledge_joint@historical-v1,t3q38c
tomorrows-europe-2007,knowledge_joint@historical-v1,t3q38d
tomorrows-europe-2007,knowledge_joint@historical-v1,t3q38e
tomorrows-europe-2007,knowledge_joint@historical-v1,t3q38f
tomorrows-europe-2007,knowledge_joint@historical-v1,t3q38g
tomorrows-europe-2007,knowledge_joint@historical-v1,t3q38h
tomorrows-europe-2007,knowledge_joint@historical-v1,t3q38i
tomorrows-europe-2007,knowledge_joint@historical-v1,t3q38j
tomorrows-europe-2007,knowledge_joint@historical-v1,t3q38k
tomorrows-europe-2007,knowledge_joint@historical-v1,t3q38l
tomorrows-europe-2007,knowledge_joint@historical-v1,t3q38m
tomorrows-europe-2007,knowledge_joint@historical-v1,t3q38n
tomorrows-europe-2007,knowledge_joint@historical-v1,t3q38o
tomorrows-europe-2007,knowledge_joint@historical-v1,t3q39a
tomorrows-europe-2007,knowledge_joint@historical-v1,t3q39b
tomorrows-europe-2007,knowledge_joint@historical-v1,t3q39c
tomorrows-europe-2007,knowledge_joint@historical-v1,t3q39d
tomorrows-europe-2007,knowledge_joint@historical-v1,t3q39e
tomorrows-europe-2007,knowledge_joint@historical-v1,t3q39f
tomorrows-europe-2007,knowledge_joint@historical-v1,t3q39g
tomorrows-europe-2007,knowledge_joint@historical-v1,t3q39h
tomorrows-europe-2007,knowledge_joint@historical-v1,t3q39i
tomorrows-europe-2007,knowledge_joint@historical-v1,t3q39j
tomorrows-europe-2007,knowledge_joint@historical-v1,t3q39k
tomorrows-europe-2007,knowledge_joint@historical-v1,t3q39l
tomorrows-europe-2007,knowledge_joint@historical-v1,t3q40a
tomorrows-europe-2007,knowledge_joint@historical-v1,t3q40b
tomorrows-europe-2007,knowledge_joint@historical-v1,t3q40c
tomorrows-europe-2007,knowledge_joint@historical-v1,t3q40d
tomorrows-europe-2007,knowledge_joint@historical-v1,t3q40e
tomorrows-europe-2007,knowledge_joint@historical-v1,t3q41a
tomorrows-europe-2007,knowledge_joint@historical-v1,t3q41b
tomorrows-europe-2007,knowledge_joint@historical-v1,t3q41c
tomorrows-europe-2007,knowledge_joint@historical-v1,t3q41d
tomorrows-europe-2007,knowledge_joint@historical-v1,t3q41e
tomorrows-europe-2007,knowledge_joint@historical-v1,t3q41f
tomorrows-europe-2007,knowledge_joint@historical-v1,t3q42
tomorrows-europe-2007,knowledge_joint@historical-v1,t3q43
tomorrows-europe-2007,knowledge_joint@historical-v1,t3q44
tomorrows-europe-2007,knowledge_joint@historical-v1,t3q45
tomorrows-europe-2007,knowledge_joint@historical-v1,t3q46
tomorrows-europe-2007,knowledge_joint@historical-v1,t3q47
tomorrows-europe-2007,knowledge_joint@historical-v1,t3q48a
tomorrows-europe-2007,knowledge_joint@historical-v1,t3q48b
tomorrows-europe-2007,knowledge_joint@historical-v1,t3q48c
tomorrows-europe-2007,knowledge_joint@historical-v1,t3q48d
tomorrows-europe-2007,knowledge_joint@historical-v1,t3q48e
tomorrows-europe-2007,knowledge_joint@historical-v1,t3q49a
tomorrows-europe-2007,knowledge_joint@historical-v1,t3q49b
tomorrows-europe-2007,knowledge_joint@historical-v1,t3q49c
tomorrows-europe-2007,knowledge_joint@historical-v1,t3q49d
tomorrows-europe-2007,knowledge_joint@historical-v1,t3q49e
tomorrows-europe-2007,knowledge_joint@historical-v1,t3q49f
tomorrows-europe-2007,knowledge_joint@historical-v1,t3q50a
tomorrows-europe-2007,knowledge_joint@historical-v1,t3q50b
tomorrows-europe-2007,knowledge_joint@historical-v1,t3q50c
tomorrows-europe-2007,knowledge_joint@historical-v1,t3q51a
tomorrows-europe-2007,knowledge_joint@historical-v1,t3q51b
tomorrows-europe-2007,knowledge_joint@historical-v1,t3q51c
tomorrows-europe-2007,knowledge_joint@historical-v1,t3q52a
tomorrows-europe-2007,knowledge_joint@historical-v1,t3q52b
tomorrows-europe-2007,knowledge_joint@historical-v1,t3q52c
tomorrows-europe-2007,knowledge_joint@historical-v1,t3q1r
tomorrows-europe-2007,knowledge_joint@historical-v1,t3q2r
tomorrows-europe-2007,knowledge_joint@historical-v1,t3q4r
tomorrows-europe-2007,knowledge_joint@historical-v1,t3q8r
tomorrows-europe-2007,knowledge_joint@historical-v1,t3q33r
tomorrows-europe-2007,knowledge_joint@historical-v1,t3q34r
tomorrows-europe-2007,knowledge_joint@historical-v1,t3q35r
tomorrows-europe-2007,knowledge_joint@historical-v1,t3q32r
tomorrows-europe-2007,knowledge_joint@historical-v1,t3q28r
tomorrows-europe-2007,knowledge_joint@historical-v1,t3q29r
tomorrows-europe-2007,knowledge_joint@historical-v1,t3q30r
tomorrows-europe-2007,knowledge_joint@historical-v1,t3q31r
tomorrows-europe-2007,knowledge_joint@historical-v1,t3q43r
tomorrows-europe-2007,knowledge_joint@historical-v1,t3q42r
tomorrows-europe-2007,knowledge_joint@historical-v1,t3q47r
tomorrows-europe-2007,knowledge_joint@historical-v1,t3q46r
tomorrows-europe-2007,knowledge_joint@historical-v1,t3q45r
tomorrows-europe-2007,knowledge_joint@historical-v1,t3q44r
nic2-2003,knowledge_gain@historical-v1,fp1
nic2-2003,knowledge_gain@historical-v1,fp2a_a
nic2-2003,knowledge_gain@historical-v1,fp2a_b
nic2-2003,knowledge_gain@historical-v1,fp2a_c
nic2-2003,knowledge_gain@historical-v1,fp2b_a
nic2-2003,knowledge_gain@historical-v1,fp2b_b
nic2-2003,knowledge_gain@historical-v1,fp2b_c
nic2-2003,knowledge_gain@historical-v1,fp2b_d
nic2-2003,knowledge_gain@historical-v1,fp2c_a
nic2-2003,knowledge_gain@historical-v1,fp2c_b
nic2-2003,knowledge_gain@historical-v1,fp2c_c
nic2-2003,knowledge_gain@historical-v1,fp2c_d
nic2-2003,knowledge_gain@historical-v1,fp3a_a
nic2-2003,knowledge_gain@historical-v1,fp3a_b
nic2-2003,knowledge_gain@historical-v1,fp3a_c
nic2-2003,knowledge_gain@historical-v1,fp3a_s
nic2-2003,knowledge_gain@historical-v1,fp3b_a
nic2-2003,knowledge_gain@historical-v1,fp3b_b
nic2-2003,knowledge_gain@historical-v1,fp3b_c
nic2-2003,knowledge_gain@historical-v1,fp3b_s
nic2-2003,knowledge_gain@historical-v1,fp3c_a
nic2-2003,knowledge_gain@historical-v1,fp3c_b
nic2-2003,knowledge_gain@historical-v1,fp3c_c
nic2-2003,knowledge_gain@historical-v1,fp3c_s
nic2-2003,knowledge_gain@historical-v1,fp3d_a
nic2-2003,knowledge_gain@historical-v1,fp3d_b
nic2-2003,knowledge_gain@historical-v1,fp3d_c
nic2-2003,knowledge_gain@historical-v1,fp3d_s
nic2-2003,knowledge_gain@historical-v1,fp4a_a
nic2-2003,knowledge_gain@historical-v1,fp4a_b
nic2-2003,knowledge_gain@historical-v1,fp4b_a
nic2-2003,knowledge_gain@historical-v1,fp4b_b
nic2-2003,knowledge_gain@historical-v1,wrm1_a
nic2-2003,knowledge_gain@historical-v1,wrm2a_a
nic2-2003,knowledge_gain@historical-v1,wrm2a_b
nic2-2003,knowledge_gain@historical-v1,wrm2a_c
nic2-2003,knowledge_gain@historical-v1,wrm2a_s
nic2-2003,knowledge_gain@historical-v1,wrm2b_a
nic2-2003,knowledge_gain@historical-v1,wrm2b_b
nic2-2003,knowledge_gain@historical-v1,wrm2b_c
nic2-2003,knowledge_gain@historical-v1,wrm2b_s
nic2-2003,knowledge_gain@historical-v1,wrm3_a
nic2-2003,knowledge_gain@historical-v1,wrm4a_a
nic2-2003,knowledge_gain@historical-v1,wrm4a_b
nic2-2003,knowledge_gain@historical-v1,wrm4a_c
nic2-2003,knowledge_gain@historical-v1,wrm4a_s
nic2-2003,knowledge_gain@historical-v1,wrm4b_a
nic2-2003,knowledge_gain@historical-v1,wrm4b_b
nic2-2003,knowledge_gain@historical-v1,wrm4b_c
nic2-2003,knowledge_gain@historical-v1,wrm4b_s
nic2-2003,knowledge_gain@historical-v1,hngr
nic2-2003,knowledge_gain@historical-v1,pair1_a
nic2-2003,knowledge_gain@historical-v1,pair1_b
nic2-2003,knowledge_gain@historical-v1,pair2_a
nic2-2003,knowledge_gain@historical-v1,pair2_b
nic2-2003,knowledge_gain@historical-v1,pair3_a
nic2-2003,knowledge_gain@historical-v1,pair3_b
nic2-2003,knowledge_gain@historical-v1,pdem1_a
nic2-2003,knowledge_gain@historical-v1,pdem1_b
nic2-2003,knowledge_gain@historical-v1,pdem1_c
nic2-2003,knowledge_gain@historical-v1,pdem2_a
nic2-2003,knowledge_gain@historical-v1,pdem2_b
nic2-2003,knowledge_gain@historical-v1,pdem2_c
nic2-2003,knowledge_gain@historical-v1,aid1
nic2-2003,knowledge_gain@historical-v1,aid2a_a
nic2-2003,knowledge_gain@historical-v1,aid2a_b
nic2-2003,knowledge_gain@historical-v1,aid2a_c
nic2-2003,knowledge_gain@historical-v1,aid2b_a
nic2-2003,knowledge_gain@historical-v1,aid2b_b
nic2-2003,knowledge_gain@historical-v1,mact1_a
nic2-2003,knowledge_gain@historical-v1,mact1_b
nic2-2003,knowledge_gain@historical-v1,mact1_c
nic2-2003,knowledge_gain@historical-v1,mact1_s
nic2-2003,knowledge_gain@historical-v1,mact2_a
nic2-2003,knowledge_gain@historical-v1,mact2_b
nic2-2003,knowledge_gain@historical-v1,mact2_c
nic2-2003,knowledge_gain@historical-v1,mact2_s
nic2-2003,knowledge_gain@historical-v1,mact3_a
nic2-2003,knowledge_gain@historical-v1,mact3_b
nic2-2003,knowledge_gain@historical-v1,mact3_c
nic2-2003,knowledge_gain@historical-v1,mact3_s
nic2-2003,knowledge_gain@historical-v1,mact4_a
nic2-2003,knowledge_gain@historical-v1,mact4_b
nic2-2003,knowledge_gain@historical-v1,mact4_c
nic2-2003,knowledge_gain@historical-v1,mact4_s
nic2-2003,knowledge_gain@historical-v1,mact5_a
nic2-2003,knowledge_gain@historical-v1,mact5_b
nic2-2003,knowledge_gain@historical-v1,mact5_c
nic2-2003,knowledge_gain@historical-v1,mact5_s
nic2-2003,knowledge_gain@historical-v1,mact6_a
nic2-2003,knowledge_gain@historical-v1,mact6_b
nic2-2003,knowledge_gain@historical-v1,mact6_c
nic2-2003,knowledge_gain@historical-v1,mact6_s
nic2-2003,knowledge_gain@historical-v1,trd1_a
nic2-2003,knowledge_gain@historical-v1,trd1_b
nic2-2003,knowledge_gain@historical-v1,trd2
nic2-2003,knowledge_gain@historical-v1,trd3_a
nic2-2003,knowledge_gain@historical-v1,trd3_b
nic2-2003,knowledge_gain@historical-v1,trd4
nic2-2003,knowledge_gain@historical-v1,int1a_a
nic2-2003,knowledge_gain@historical-v1,int1a_b
nic2-2003,knowledge_gain@historical-v1,int1b_a
nic2-2003,knowledge_gain@historical-v1,int1b_b
nic2-2003,knowledge_gain@historical-v1,int1b_c
nic2-2003,knowledge_gain@historical-v1,int1b_d
nic2-2003,knowledge_gain@historical-v1,int2a
nic2-2003,knowledge_gain@historical-v1,int2b
nic2-2003,knowledge_gain@historical-v1,int3
nic2-2003,knowledge_gain@historical-v1,prtyid_a
nic2-2003,knowledge_gain@historical-v1,prtyid_b
nic2-2003,knowledge_gain@historical-v1,prtyid_c
nic2-2003,knowledge_gain@historical-v1,prtyid_d
nic2-2003,knowledge_gain@historical-v1,party
nic2-2003,knowledge_gain@historical-v1,amer1_a
nic2-2003,knowledge_gain@historical-v1,amer1_b
nic2-2003,knowledge_gain@historical-v1,amer1_c
nic2-2003,knowledge_gain@historical-v1,amer1_s
nic2-2003,knowledge_gain@historical-v1,amer2_a
nic2-2003,knowledge_gain@historical-v1,amer2_b
nic2-2003,knowledge_gain@historical-v1,amer2_c
nic2-2003,knowledge_gain@historical-v1,amer2_s
nic2-2003,knowledge_gain@historical-v1,ideo_a
nic2-2003,knowledge_gain@historical-v1,ideo_b
nic2-2003,knowledge_gain@historical-v1,ideo_c
nic2-2003,knowledge_gain@historical-v1,news1_a
nic2-2003,knowledge_gain@historical-v1,news1_b
nic2-2003,knowledge_gain@historical-v1,news2_a
nic2-2003,knowledge_gain@historical-v1,news2_b
nic2-2003,knowledge_gain@historical-v1,pint_a
nic2-2003,knowledge_gain@historical-v1,pint_b
nic2-2003,knowledge_gain@historical-v1,pdsc
nic2-2003,knowledge_gain@historical-v1,val1_a
nic2-2003,knowledge_gain@historical-v1,val1_b
nic2-2003,knowledge_gain@historical-v1,val1_c
nic2-2003,knowledge_gain@historical-v1,val1_s
nic2-2003,knowledge_gain@historical-v1,val2_a
nic2-2003,knowledge_gain@historical-v1,val2_b
nic2-2003,knowledge_gain@historical-v1,val2_c
nic2-2003,knowledge_gain@historical-v1,val2_s
nic2-2003,knowledge_gain@historical-v1,val3_a
nic2-2003,knowledge_gain@historical-v1,val3_b
nic2-2003,knowledge_gain@historical-v1,val3_c
nic2-2003,knowledge_gain@historical-v1,val3_s
nic2-2003,knowledge_gain@historical-v1,val4_a
nic2-2003,knowledge_gain@historical-v1,val4_b
nic2-2003,knowledge_gain@historical-v1,val4_c
nic2-2003,knowledge_gain@historical-v1,val4_s
nic2-2003,knowledge_gain@historical-v1,pair4_a
nic2-2003,knowledge_gain@historical-v1,pair4_b
nic2-2003,knowledge_gain@historical-v1,dsagr1_a
nic2-2003,knowledge_gain@historical-v1,dsagr1_b
nic2-2003,knowledge_gain@historical-v1,dsagr2_a
nic2-2003,knowledge_gain@historical-v1,dsagr2_b
nic2-2003,knowledge_gain@historical-v1,dsagr2_c
nic2-2003,knowledge_gain@historical-v1,yearborn
nic2-2003,knowledge_gain@historical-v1,ppage
nic2-2003,knowledge_gain@historical-v1,educ_a
nic2-2003,knowledge_gain@historical-v1,educ_b
nic2-2003,knowledge_gain@historical-v1,mandc_a
nic2-2003,knowledge_gain@historical-v1,mandc_b
nic2-2003,knowledge_gain@historical-v1,mandc_c
nic2-2003,knowledge_gain@historical-v1,hisp
nic2-2003,knowledge_gain@historical-v1,race
nic2-2003,knowledge_gain@historical-v1,pborn_a
nic2-2003,knowledge_gain@historical-v1,pborn_b
nic2-2003,knowledge_gain@historical-v1,pborn_c
nic2-2003,knowledge_gain@historical-v1,empl
nic2-2003,knowledge_gain@historical-v1,lastw
nic2-2003,knowledge_gain@historical-v1,etyp
nic2-2003,knowledge_gain@historical-v1,eocc
nic2-2003,knowledge_gain@historical-v1,milt_a
nic2-2003,knowledge_gain@historical-v1,milt_b
nic2-2003,knowledge_gain@historical-v1,milt_c
nic2-2003,knowledge_gain@historical-v1,abrd_a
nic2-2003,knowledge_gain@historical-v1,abrd_b
nic2-2003,knowledge_gain@historical-v1,rel1_a
nic2-2003,knowledge_gain@historical-v1,rel1_b
nic2-2003,knowledge_gain@historical-v1,rel1_c
nic2-2003,knowledge_gain@historical-v1,rel2
nic2-2003,knowledge_gain@historical-v1,union_a
nic2-2003,knowledge_gain@historical-v1,union_b
nic2-2003,knowledge_gain@historical-v1,live
nic2-2003,knowledge_gain@historical-v1,sex
nic2-2003,knowledge_gain@historical-v1,isum
nic2-2003,knowledge_gain@historical-v1,qfp1
nic2-2003,knowledge_gain@historical-v1,qfp2a_a
nic2-2003,knowledge_gain@historical-v1,qfp2a_b
nic2-2003,knowledge_gain@historical-v1,qfp2a_c
nic2-2003,knowledge_gain@historical-v1,qfp2b_a
nic2-2003,knowledge_gain@historical-v1,qfp2b_b
nic2-2003,knowledge_gain@historical-v1,qfp2b_c
nic2-2003,knowledge_gain@historical-v1,qfp2b_d
nic2-2003,knowledge_gain@historical-v1,qfp2c_a
nic2-2003,knowledge_gain@historical-v1,qfp2c_b
nic2-2003,knowledge_gain@historical-v1,qfp2c_c
nic2-2003,knowledge_gain@historical-v1,qfp2c_d
nic2-2003,knowledge_gain@historical-v1,qfp3a_s
nic2-2003,knowledge_gain@historical-v1,qfp3b_s
nic2-2003,knowledge_gain@historical-v1,qfp3c_s
nic2-2003,knowledge_gain@historical-v1,qfp3d_s
nic2-2003,knowledge_gain@historical-v1,qfp4a_a
nic2-2003,knowledge_gain@historical-v1,qfp4a_b
nic2-2003,knowledge_gain@historical-v1,qfp4b_a
nic2-2003,knowledge_gain@historical-v1,qfp4b_b
nic2-2003,knowledge_gain@historical-v1,qwrm1_a
nic2-2003,knowledge_gain@historical-v1,qwrm2a_s
nic2-2003,knowledge_gain@historical-v1,qwrm2b_s
nic2-2003,knowledge_gain@historical-v1,qwrm3_a
nic2-2003,knowledge_gain@historical-v1,qwrm4a_s
nic2-2003,knowledge_gain@historical-v1,qwrm4b_s
nic2-2003,knowledge_gain@historical-v1,qhngr
nic2-2003,knowledge_gain@historical-v1,qpair1_a
nic2-2003,knowledge_gain@historical-v1,qpair1_b
nic2-2003,knowledge_gain@historical-v1,qpair2_a
nic2-2003,knowledge_gain@historical-v1,qpair2_b
nic2-2003,knowledge_gain@historical-v1,qpair3_a
nic2-2003,knowledge_gain@historical-v1,qpair3_b
nic2-2003,knowledge_gain@historical-v1,qpdem1_a
nic2-2003,knowledge_gain@historical-v1,qpdem1_b
nic2-2003,knowledge_gain@historical-v1,qpdem1_c
nic2-2003,knowledge_gain@historical-v1,qpdem2_a
nic2-2003,knowledge_gain@historical-v1,qpdem2_b
nic2-2003,knowledge_gain@historical-v1,qpdem2_c
nic2-2003,knowledge_gain@historical-v1,qaid1
nic2-2003,knowledge_gain@historical-v1,qaid2a_a
nic2-2003,knowledge_gain@historical-v1,qaid2a_b
nic2-2003,knowledge_gain@historical-v1,qaid2a_c
nic2-2003,knowledge_gain@historical-v1,qaid2b_a
nic2-2003,knowledge_gain@historical-v1,qaid2b_b
nic2-2003,knowledge_gain@historical-v1,qmact1_s
nic2-2003,knowledge_gain@historical-v1,qmact2_s
nic2-2003,knowledge_gain@historical-v1,qmact3_s
nic2-2003,knowledge_gain@historical-v1,qmact4_s
nic2-2003,knowledge_gain@historical-v1,qmact5_s
nic2-2003,knowledge_gain@historical-v1,qmact6_s
nic2-2003,knowledge_gain@historical-v1,qtrd1_a
nic2-2003,knowledge_gain@historical-v1,qtrd1_b
nic2-2003,knowledge_gain@historical-v1,qtrd2
nic2-2003,knowledge_gain@historical-v1,qtrd3_a
nic2-2003,knowledge_gain@historical-v1,qtrd3_b
nic2-2003,knowledge_gain@historical-v1,qtrd4
nic2-2003,knowledge_gain@historical-v1,qint1a_a
nic2-2003,knowledge_gain@historical-v1,qint1a_b
nic2-2003,knowledge_gain@historical-v1,qint1b_a
nic2-2003,knowledge_gain@historical-v1,qint1b_b
nic2-2003,knowledge_gain@historical-v1,qint1b_c
nic2-2003,knowledge_gain@historical-v1,qint1b_d
nic2-2003,knowledge_gain@historical-v1,qint2a
nic2-2003,knowledge_gain@historical-v1,qint2b
nic2-2003,knowledge_gain@historical-v1,qint3
nic2-2003,knowledge_gain@historical-v1,qparty
nic2-2003,knowledge_gain@historical-v1,qamer1_s
nic2-2003,knowledge_gain@historical-v1,qamer2_s
nic2-2003,knowledge_gain@historical-v1,qideo_a
nic2-2003,knowledge_gain@historical-v1,qideo_b
nic2-2003,knowledge_gain@historical-v1,qideo_c
nic2-2003,knowledge_gain@historical-v1,qnews1_a
nic2-2003,knowledge_gain@historical-v1,qnews1_b
nic2-2003,knowledge_gain@historical-v1,qnews2_a
nic2-2003,knowledge_gain@historical-v1,qnews2_b
nic2-2003,knowledge_gain@historical-v1,qpint_a
nic2-2003,knowledge_gain@historical-v1,qpint_b
nic2-2003,knowledge_gain@historical-v1,qpdsc
nic2-2003,knowledge_gain@historical-v1,qval1_s
nic2-2003,knowledge_gain@historical-v1,qval2_s
nic2-2003,knowledge_gain@historical-v1,qval3_s
nic2-2003,knowledge_gain@historical-v1,qval4_s
nic2-2003,knowledge_gain@historical-v1,qpair4_a
nic2-2003,knowledge_gain@historical-v1,qpair4_b
nic2-2003,knowledge_gain@historical-v1,qdsagr1a
nic2-2003,knowledge_gain@historical-v1,qdsagr1b
nic2-2003,knowledge_gain@historical-v1,qdsagr2a
nic2-2003,knowledge_gain@historical-v1,qdsagr2b
nic2-2003,knowledge_gain@historical-v1,qdsagr2c
nic2-2003,knowledge_gain@historical-v1,qage
nic2-2003,knowledge_gain@historical-v1,qeduc_a
nic2-2003,knowledge_gain@historical-v1,qeduc_b
nic2-2003,knowledge_gain@historical-v1,qmandc_a
nic2-2003,knowledge_gain@historical-v1,qmandc_b
nic2-2003,knowledge_gain@historical-v1,qmandc_c
nic2-2003,knowledge_gain@historical-v1,qhisp
nic2-2003,knowledge_gain@historical-v1,qrace
nic2-2003,knowledge_gain@historical-v1,qpborn_a
nic2-2003,knowledge_gain@historical-v1,qpborn_b
nic2-2003,knowledge_gain@historical-v1,qpborn_c
nic2-2003,knowledge_gain@historical-v1,qempl
nic2-2003,knowledge_gain@historical-v1,qlastw
nic2-2003,knowledge_gain@historical-v1,qetyp
nic2-2003,knowledge_gain@historical-v1,qeocc
nic2-2003,knowledge_gain@historical-v1,qmilt_a
nic2-2003,knowledge_gain@historical-v1,qmilt_b
nic2-2003,knowledge_gain@historical-v1,qmilt_c
nic2-2003,knowledge_gain@historical-v1,qabrd_a
nic2-2003,knowledge_gain@historical-v1,qabrd_b
nic2-2003,knowledge_gain@historical-v1,qrel1_a
nic2-2003,knowledge_gain@historical-v1,qrel1_b
nic2-2003,knowledge_gain@historical-v1,qrel1_c
nic2-2003,knowledge_gain@historical-v1,qrel2
nic2-2003,knowledge_gain@historical-v1,qunion_a
nic2-2003,knowledge_gain@historical-v1,qunion_b
nic2-2003,knowledge_gain@historical-v1,qlive
nic2-2003,knowledge_gain@historical-v1,qsex
nic2-2003,knowledge_gain@historical-v1,eval1a
nic2-2003,knowledge_gain@historical-v1,eval1b
nic2-2003,knowledge_gain@historical-v1,eval1c
nic2-2003,knowledge_gain@historical-v1,eval1d
nic2-2003,knowledge_gain@historical-v1,eval2a
nic2-2003,knowledge_gain@historical-v1,eval2b
nic2-2003,knowledge_gain@historical-v1,eval2c
nic2-2003,knowledge_gain@historical-v1,eval2d
nic2-2003,knowledge_gain@historical-v1,eval2e
nic2-2003,knowledge_gain@historical-v1,eval2f
nic2-2003,knowledge_gain@historical-v1,eval2g
nic2-2003,knowledge_gain@historical-v1,eval2h
nic2-2003,knowledge_gain@historical-v1,eval2i
nic2-2003,knowledge_gain@historical-v1,eval3
nic2-2003,knowledge_gain@historical-v1,eval4
nic2-2003,knowledge_gain@historical-v1,eval5
nic2-2003,knowledge_gain@historical-v1,eval6
nic2-2003,knowledge_gain@historical-v1,eval7a
nic2-2003,knowledge_gain@historical-v1,eval7b
nic2-2003,knowledge_gain@historical-v1,eval7c
nic2-2003,knowledge_gain@historical-v1,eval7d
nic2-2003,knowledge_gain@historical-v1,eval8
nic2-2003,knowledge_gain@historical-v1,eval9
nic2-2003,knowledge_gain@historical-v1,sq1a
nic2-2003,knowledge_gain@historical-v1,sq1b
nic2-2003,knowledge_gain@historical-v1,sq1c
nic2-2003,knowledge_gain@historical-v1,sq2a
nic2-2003,knowledge_gain@historical-v1,sq2b
nic2-2003,knowledge_gain@historical-v1,sq2c
nic2-2003,knowledge_gain@historical-v1,sq2d
nic2-2003,knowledge_gain@historical-v1,sq3a
nic2-2003,knowledge_gain@historical-v1,sq3b
nic2-2003,knowledge_gain@historical-v1,sq3c
nic2-2003,knowledge_gain@historical-v1,sq3d
nic2-2003,knowledge_gain@historical-v1,sq3e
nic2-2003,knowledge_gain@historical-v1,sq3f
nic2-2003,knowledge_gain@historical-v1,sq4
nic2-2003,knowledge_gain@historical-v1,sq5a
nic2-2003,knowledge_gain@historical-v1,sq5b
nic2-2003,knowledge_gain@historical-v1,qisum
nic2-2003,knowledge_gain_joint@historical-v1,fp1
nic2-2003,knowledge_gain_joint@historical-v1,fp2a_a
nic2-2003,knowledge_gain_joint@historical-v1,fp2a_b
nic2-2003,knowledge_gain_joint@historical-v1,fp2a_c
nic2-2003,knowledge_gain_joint@historical-v1,fp2b_a
nic2-2003,knowledge_gain_joint@historical-v1,fp2b_b
nic2-2003,knowledge_gain_joint@historical-v1,fp2b_c
nic2-2003,knowledge_gain_joint@historical-v1,fp2b_d
nic2-2003,knowledge_gain_joint@historical-v1,fp2c_a
nic2-2003,knowledge_gain_joint@historical-v1,fp2c_b
nic2-2003,knowledge_gain_joint@historical-v1,fp2c_c
nic2-2003,knowledge_gain_joint@historical-v1,fp2c_d
nic2-2003,knowledge_gain_joint@historical-v1,fp3a_a
nic2-2003,knowledge_gain_joint@historical-v1,fp3a_b
nic2-2003,knowledge_gain_joint@historical-v1,fp3a_c
nic2-2003,knowledge_gain_joint@historical-v1,fp3a_s
nic2-2003,knowledge_gain_joint@historical-v1,fp3b_a
nic2-2003,knowledge_gain_joint@historical-v1,fp3b_b
nic2-2003,knowledge_gain_joint@historical-v1,fp3b_c
nic2-2003,knowledge_gain_joint@historical-v1,fp3b_s
nic2-2003,knowledge_gain_joint@historical-v1,fp3c_a
nic2-2003,knowledge_gain_joint@historical-v1,fp3c_b
nic2-2003,knowledge_gain_joint@historical-v1,fp3c_c
nic2-2003,knowledge_gain_joint@historical-v1,fp3c_s
nic2-2003,knowledge_gain_joint@historical-v1,fp3d_a
nic2-2003,knowledge_gain_joint@historical-v1,fp3d_b
nic2-2003,knowledge_gain_joint@historical-v1,fp3d_c
nic2-2003,knowledge_gain_joint@historical-v1,fp3d_s
nic2-2003,knowledge_gain_joint@historical-v1,fp4a_a
nic2-2003,knowledge_gain_joint@historical-v1,fp4a_b
nic2-2003,knowledge_gain_joint@historical-v1,fp4b_a
nic2-2003,knowledge_gain_joint@historical-v1,fp4b_b
nic2-2003,knowledge_gain_joint@historical-v1,wrm1_a
nic2-2003,knowledge_gain_joint@historical-v1,wrm2a_a
nic2-2003,knowledge_gain_joint@historical-v1,wrm2a_b
nic2-2003,knowledge_gain_joint@historical-v1,wrm2a_c
nic2-2003,knowledge_gain_joint@historical-v1,wrm2a_s
nic2-2003,knowledge_gain_joint@historical-v1,wrm2b_a
nic2-2003,knowledge_gain_joint@historical-v1,wrm2b_b
nic2-2003,knowledge_gain_joint@historical-v1,wrm2b_c
nic2-2003,knowledge_gain_joint@historical-v1,wrm2b_s
nic2-2003,knowledge_gain_joint@historical-v1,wrm3_a
nic2-2003,knowledge_gain_joint@historical-v1,wrm4a_a
nic2-2003,knowledge_gain_joint@historical-v1,wrm4a_b
nic2-2003,knowledge_gain_joint@historical-v1,wrm4a_c
nic2-2003,knowledge_gain_joint@historical-v1,wrm4a_s
nic2-2003,knowledge_gain_joint@historical-v1,wrm4b_a
nic2-2003,knowledge_gain_joint@historical-v1,wrm4b_b
nic2-2003,knowledge_gain_joint@historical-v1,wrm4b_c
nic2-2003,knowledge_gain_joint@historical-v1,wrm4b_s
nic2-2003,knowledge_gain_joint@historical-v1,hngr
nic2-2003,knowledge_gain_joint@historical-v1,pair1_a
nic2-2003,knowledge_gain_joint@historical-v1,pair1_b
nic2-2003,knowledge_gain_joint@historical-v1,pair2_a
nic2-2003,knowledge_gain_joint@historical-v1,pair2_b
nic2-2003,knowledge_gain_joint@historical-v1,pair3_a
nic2-2003,knowledge_gain_joint@historical-v1,pair3_b
nic2-2003,knowledge_gain_joint@historical-v1,pdem1_a
nic2-2003,knowledge_gain_joint@historical-v1,pdem1_b
nic2-2003,knowledge_gain_joint@historical-v1,pdem1_c
nic2-2003,knowledge_gain_joint@historical-v1,pdem2_a
nic2-2003,knowledge_gain_joint@historical-v1,pdem2_b
nic2-2003,knowledge_gain_joint@historical-v1,pdem2_c
nic2-2003,knowledge_gain_joint@historical-v1,aid1
nic2-2003,knowledge_gain_joint@historical-v1,aid2a_a
nic2-2003,knowledge_gain_joint@historical-v1,aid2a_b
nic2-2003,knowledge_gain_joint@historical-v1,aid2a_c
nic2-2003,knowledge_gain_joint@historical-v1,aid2b_a
nic2-2003,knowledge_gain_joint@historical-v1,aid2b_b
nic2-2003,knowledge_gain_joint@historical-v1,mact1_a
nic2-2003,knowledge_gain_joint@historical-v1,mact1_b
nic2-2003,knowledge_gain_joint@historical-v1,mact1_c
nic2-2003,knowledge_gain_joint@historical-v1,mact1_s
nic2-2003,knowledge_gain_joint@historical-v1,mact2_a
nic2-2003,knowledge_gain_joint@historical-v1,mact2_b
nic2-2003,knowledge_gain_joint@historical-v1,mact2_c
nic2-2003,knowledge_gain_joint@historical-v1,mact2_s
nic2-2003,knowledge_gain_joint@historical-v1,mact3_a
nic2-2003,knowledge_gain_joint@historical-v1,mact3_b
nic2-2003,knowledge_gain_joint@historical-v1,mact3_c
nic2-2003,knowledge_gain_joint@historical-v1,mact3_s
nic2-2003,knowledge_gain_joint@historical-v1,mact4_a
nic2-2003,knowledge_gain_joint@historical-v1,mact4_b
nic2-2003,knowledge_gain_joint@historical-v1,mact4_c
nic2-2003,knowledge_gain_joint@historical-v1,mact4_s
nic2-2003,knowledge_gain_joint@historical-v1,mact5_a
nic2-2003,knowledge_gain_joint@historical-v1,mact5_b
nic2-2003,knowledge_gain_joint@historical-v1,mact5_c
nic2-2003,knowledge_gain_joint@historical-v1,mact5_s
nic2-2003,knowledge_gain_joint@historical-v1,mact6_a
nic2-2003,knowledge_gain_joint@historical-v1,mact6_b
nic2-2003,knowledge_gain_joint@historical-v1,mact6_c
nic2-2003,knowledge_gain_joint@historical-v1,mact6_s
nic2-2003,knowledge_gain_joint@historical-v1,trd1_a
nic2-2003,knowledge_gain_joint@historical-v1,trd1_b
nic2-2003,knowledge_gain_joint@historical-v1,trd2
nic2-2003,knowledge_gain_joint@historical-v1,trd3_a
nic2-2003,knowledge_gain_joint@historical-v1,trd3_b
nic2-2003,knowledge_gain_joint@historical-v1,trd4
nic2-2003,knowledge_gain_joint@historical-v1,int1a_a
nic2-2003,knowledge_gain_joint@historical-v1,int1a_b
nic2-2003,knowledge_gain_joint@historical-v1,int1b_a
nic2-2003,knowledge_gain_joint@historical-v1,int1b_b
nic2-2003,knowledge_gain_joint@historical-v1,int1b_c
nic2-2003,knowledge_gain_joint@historical-v1,int1b_d
nic2-2003,knowledge_gain_joint@historical-v1,int2a
nic2-2003,knowledge_gain_joint@historical-v1,int2b
nic2-2003,knowledge_gain_joint@historical-v1,int3
nic2-2003,knowledge_gain_joint@historical-v1,prtyid_a
nic2-2003,knowledge_gain_joint@historical-v1,prtyid_b
nic2-2003,knowledge_gain_joint@historical-v1,prtyid_c
nic2-2003,knowledge_gain_joint@historical-v1,prtyid_d
nic2-2003,knowledge_gain_joint@historical-v1,party
nic2-2003,knowledge_gain_joint@historical-v1,amer1_a
nic2-2003,knowledge_gain_joint@historical-v1,amer1_b
nic2-2003,knowledge_gain_joint@historical-v1,amer1_c
nic2-2003,knowledge_gain_joint@historical-v1,amer1_s
nic2-2003,knowledge_gain_joint@historical-v1,amer2_a
nic2-2003,knowledge_gain_joint@historical-v1,amer2_b
nic2-2003,knowledge_gain_joint@historical-v1,amer2_c
nic2-2003,knowledge_gain_joint@historical-v1,amer2_s
nic2-2003,knowledge_gain_joint@historical-v1,ideo_a
nic2-2003,knowledge_gain_joint@historical-v1,ideo_b
nic2-2003,knowledge_gain_joint@historical-v1,ideo_c
nic2-2003,knowledge_gain_joint@historical-v1,news1_a
nic2-2003,knowledge_gain_joint@historical-v1,news1_b
nic2-2003,knowledge_gain_joint@historical-v1,news2_a
nic2-2003,knowledge_gain_joint@historical-v1,news2_b
nic2-2003,knowledge_gain_joint@historical-v1,pint_a
nic2-2003,knowledge_gain_joint@historical-v1,pint_b
nic2-2003,knowledge_gain_joint@historical-v1,pdsc
nic2-2003,knowledge_gain_joint@historical-v1,val1_a
nic2-2003,knowledge_gain_joint@historical-v1,val1_b
nic2-2003,knowledge_gain_joint@historical-v1,val1_c
nic2-2003,knowledge_gain_joint@historical-v1,val1_s
nic2-2003,knowledge_gain_joint@historical-v1,val2_a
nic2-2003,knowledge_gain_joint@historical-v1,val2_b
nic2-2003,knowledge_gain_joint@historical-v1,val2_c
nic2-2003,knowledge_gain_joint@historical-v1,val2_s
nic2-2003,knowledge_gain_joint@historical-v1,val3_a
nic2-2003,knowledge_gain_joint@historical-v1,val3_b
nic2-2003,knowledge_gain_joint@historical-v1,val3_c
nic2-2003,knowledge_gain_joint@historical-v1,val3_s
nic2-2003,knowledge_gain_joint@historical-v1,val4_a
nic2-2003,knowledge_gain_joint@historical-v1,val4_b
nic2-2003,knowledge_gain_joint@historical-v1,val4_c
nic2-2003,knowledge_gain_joint@historical-v1,val4_s
nic2-2003,knowledge_gain_joint@historical-v1,pair4_a
nic2-2003,knowledge_gain_joint@historical-v1,pair4_b
nic2-2003,knowledge_gain_joint@historical-v1,dsagr1_a
nic2-2003,knowledge_gain_joint@historical-v1,dsagr1_b
nic2-2003,knowledge_gain_joint@historical-v1,dsagr2_a
nic2-2003,knowledge_gain_joint@historical-v1,dsagr2_b
nic2-2003,knowledge_gain_joint@historical-v1,dsagr2_c
nic2-2003,knowledge_gain_joint@historical-v1,yearborn
nic2-2003,knowledge_gain_joint@historical-v1,ppage
nic2-2003,knowledge_gain_joint@historical-v1,educ_a
nic2-2003,knowledge_gain_joint@historical-v1,educ_b
nic2-2003,knowledge_gain_joint@historical-v1,mandc_a
nic2-2003,knowledge_gain_joint@historical-v1,mandc_b
nic2-2003,knowledge_gain_joint@historical-v1,mandc_c
nic2-2003,knowledge_gain_joint@historical-v1,hisp
nic2-2003,knowledge_gain_joint@historical-v1,race
nic2-2003,knowledge_gain_joint@historical-v1,pborn_a
nic2-2003,knowledge_gain_joint@historical-v1,pborn_b
nic2-2003,knowledge_gain_joint@historical-v1,pborn_c
nic2-2003,knowledge_gain_joint@historical-v1,empl
nic2-2003,knowledge_gain_joint@historical-v1,lastw
nic2-2003,knowledge_gain_joint@historical-v1,etyp
nic2-2003,knowledge_gain_joint@historical-v1,eocc
nic2-2003,knowledge_gain_joint@historical-v1,milt_a
nic2-2003,knowledge_gain_joint@historical-v1,milt_b
nic2-2003,knowledge_gain_joint@historical-v1,milt_c
nic2-2003,knowledge_gain_joint@historical-v1,abrd_a
nic2-2003,knowledge_gain_joint@historical-v1,abrd_b
nic2-2003,knowledge_gain_joint@historical-v1,rel1_a
nic2-2003,knowledge_gain_joint@historical-v1,rel1_b
nic2-2003,knowledge_gain_joint@historical-v1,rel1_c
nic2-2003,knowledge_gain_joint@historical-v1,rel2
nic2-2003,knowledge_gain_joint@historical-v1,union_a
nic2-2003,knowledge_gain_joint@historical-v1,union_b
nic2-2003,knowledge_gain_joint@historical-v1,live
nic2-2003,knowledge_gain_joint@historical-v1,sex
nic2-2003,knowledge_gain_joint@historical-v1,isum
nic2-2003,knowledge_gain_joint@historical-v1,qfp1
nic2-2003,knowledge_gain_joint@historical-v1,qfp2a_a
nic2-2003,knowledge_gain_joint@historical-v1,qfp2a_b
nic2-2003,knowledge_gain_joint@historical-v1,qfp2a_c
nic2-2003,knowledge_gain_joint@historical-v1,qfp2b_a
nic2-2003,knowledge_gain_joint@historical-v1,qfp2b_b
nic2-2003,knowledge_gain_joint@historical-v1,qfp2b_c
nic2-2003,knowledge_gain_joint@historical-v1,qfp2b_d
nic2-2003,knowledge_gain_joint@historical-v1,qfp2c_a
nic2-2003,knowledge_gain_joint@historical-v1,qfp2c_b
nic2-2003,knowledge_gain_joint@historical-v1,qfp2c_c
nic2-2003,knowledge_gain_joint@historical-v1,qfp2c_d
nic2-2003,knowledge_gain_joint@historical-v1,qfp3a_s
nic2-2003,knowledge_gain_joint@historical-v1,qfp3b_s
nic2-2003,knowledge_gain_joint@historical-v1,qfp3c_s
nic2-2003,knowledge_gain_joint@historical-v1,qfp3d_s
nic2-2003,knowledge_gain_joint@historical-v1,qfp4a_a
nic2-2003,knowledge_gain_joint@historical-v1,qfp4a_b
nic2-2003,knowledge_gain_joint@historical-v1,qfp4b_a
nic2-2003,knowledge_gain_joint@historical-v1,qfp4b_b
nic2-2003,knowledge_gain_joint@historical-v1,qwrm1_a
nic2-2003,knowledge_gain_joint@historical-v1,qwrm2a_s
nic2-2003,knowledge_gain_joint@historical-v1,qwrm2b_s
nic2-2003,knowledge_gain_joint@historical-v1,qwrm3_a
nic2-2003,knowledge_gain_joint@historical-v1,qwrm4a_s
nic2-2003,knowledge_gain_joint@historical-v1,qwrm4b_s
nic2-2003,knowledge_gain_joint@historical-v1,qhngr
nic2-2003,knowledge_gain_joint@historical-v1,qpair1_a
nic2-2003,knowledge_gain_joint@historical-v1,qpair1_b
nic2-2003,knowledge_gain_joint@historical-v1,qpair2_a
nic2-2003,knowledge_gain_joint@historical-v1,qpair2_b
nic2-2003,knowledge_gain_joint@historical-v1,qpair3_a
nic2-2003,knowledge_gain_joint@historical-v1,qpair3_b
nic2-2003,knowledge_gain_joint@historical-v1,qpdem1_a
nic2-2003,knowledge_gain_joint@historical-v1,qpdem1_b
nic2-2003,knowledge_gain_joint@historical-v1,qpdem1_c
nic2-2003,knowledge_gain_joint@historical-v1,qpdem2_a
nic2-2003,knowledge_gain_joint@historical-v1,qpdem2_b
nic2-2003,knowledge_gain_joint@historical-v1,qpdem2_c
nic2-2003,knowledge_gain_joint@historical-v1,qaid1
nic2-2003,knowledge_gain_joint@historical-v1,qaid2a_a
nic2-2003,knowledge_gain_joint@historical-v1,qaid2a_b
nic2-2003,knowledge_gain_joint@historical-v1,qaid2a_c
nic2-2003,knowledge_gain_joint@historical-v1,qaid2b_a
nic2-2003,knowledge_gain_joint@historical-v1,qaid2b_b
nic2-2003,knowledge_gain_joint@historical-v1,qmact1_s
nic2-2003,knowledge_gain_joint@historical-v1,qmact2_s
nic2-2003,knowledge_gain_joint@historical-v1,qmact3_s
nic2-2003,knowledge_gain_joint@historical-v1,qmact4_s
nic2-2003,knowledge_gain_joint@historical-v1,qmact5_s
nic2-2003,knowledge_gain_joint@historical-v1,qmact6_s
nic2-2003,knowledge_gain_joint@historical-v1,qtrd1_a
nic2-2003,knowledge_gain_joint@historical-v1,qtrd1_b
nic2-2003,knowledge_gain_joint@historical-v1,qtrd2
nic2-2003,knowledge_gain_joint@historical-v1,qtrd3_a
nic2-2003,knowledge_gain_joint@historical-v1,qtrd3_b
nic2-2003,knowledge_gain_joint@historical-v1,qtrd4
nic2-2003,knowledge_gain_joint@historical-v1,qint1a_a
nic2-2003,knowledge_gain_joint@historical-v1,qint1a_b
nic2-2003,knowledge_gain_joint@historical-v1,qint1b_a
nic2-2003,knowledge_gain_joint@historical-v1,qint1b_b
nic2-2003,knowledge_gain_joint@historical-v1,qint1b_c
nic2-2003,knowledge_gain_joint@historical-v1,qint1b_d
nic2-2003,knowledge_gain_joint@historical-v1,qint2a
nic2-2003,knowledge_gain_joint@historical-v1,qint2b
nic2-2003,knowledge_gain_joint@historical-v1,qint3
nic2-2003,knowledge_gain_joint@historical-v1,qparty
nic2-2003,knowledge_gain_joint@historical-v1,qamer1_s
nic2-2003,knowledge_gain_joint@historical-v1,qamer2_s
nic2-2003,knowledge_gain_joint@historical-v1,qideo_a
nic2-2003,knowledge_gain_joint@historical-v1,qideo_b
nic2-2003,knowledge_gain_joint@historical-v1,qideo_c
nic2-2003,knowledge_gain_joint@historical-v1,qnews1_a
nic2-2003,knowledge_gain_joint@historical-v1,qnews1_b
nic2-2003,knowledge_gain_joint@historical-v1,qnews2_a
nic2-2003,knowledge_gain_joint@historical-v1,qnews2_b
nic2-2003,knowledge_gain_joint@historical-v1,qpint_a
nic2-2003,knowledge_gain_joint@historical-v1,qpint_b
nic2-2003,knowledge_gain_joint@historical-v1,qpdsc
nic2-2003,knowledge_gain_joint@historical-v1,qval1_s
nic2-2003,knowledge_gain_joint@historical-v1,qval2_s
nic2-2003,knowledge_gain_joint@historical-v1,qval3_s
nic2-2003,knowledge_gain_joint@historical-v1,qval4_s
nic2-2003,knowledge_gain_joint@historical-v1,qpair4_a
nic2-2003,knowledge_gain_joint@historical-v1,qpair4_b
nic2-2003,knowledge_gain_joint@historical-v1,qdsagr1a
nic2-2003,knowledge_gain_joint@historical-v1,qdsagr1b
nic2-2003,knowledge_gain_joint@historical-v1,qdsagr2a
nic2-2003,knowledge_gain_joint@historical-v1,qdsagr2b
nic2-2003,knowledge_gain_joint@historical-v1,qdsagr2c
nic2-2003,knowledge_gain_joint@historical-v1,qage
nic2-2003,knowledge_gain_joint@historical-v1,qeduc_a
nic2-2003,knowledge_gain_joint@historical-v1,qeduc_b
nic2-2003,knowledge_gain_joint@historical-v1,qmandc_a
nic2-2003,knowledge_gain_joint@historical-v1,qmandc_b
nic2-2003,knowledge_gain_joint@historical-v1,qmandc_c
nic2-2003,knowledge_gain_joint@historical-v1,qhisp
nic2-2003,knowledge_gain_joint@historical-v1,qrace
nic2-2003,knowledge_gain_joint@historical-v1,qpborn_a
nic2-2003,knowledge_gain_joint@historical-v1,qpborn_b
nic2-2003,knowledge_gain_joint@historical-v1,qpborn_c
nic2-2003,knowledge_gain_joint@historical-v1,qempl
nic2-2003,knowledge_gain_joint@historical-v1,qlastw
nic2-2003,knowledge_gain_joint@historical-v1,qetyp
nic2-2003,knowledge_gain_joint@historical-v1,qeocc
nic2-2003,knowledge_gain_joint@historical-v1,qmilt_a
nic2-2003,knowledge_gain_joint@historical-v1,qmilt_b
nic2-2003,knowledge_gain_joint@historical-v1,qmilt_c
nic2-2003,knowledge_gain_joint@historical-v1,qabrd_a
nic2-2003,knowledge_gain_joint@historical-v1,qabrd_b
nic2-2003,knowledge_gain_joint@historical-v1,qrel1_a
nic2-2003,knowledge_gain_joint@historical-v1,qrel1_b
nic2-2003,knowledge_gain_joint@historical-v1,qrel1_c
nic2-2003,knowledge_gain_joint@historical-v1,qrel2
nic2-2003,knowledge_gain_joint@historical-v1,qunion_a
nic2-2003,knowledge_gain_joint@historical-v1,qunion_b
nic2-2003,knowledge_gain_joint@historical-v1,qlive
nic2-2003,knowledge_gain_joint@historical-v1,qsex
nic2-2003,knowledge_gain_joint@historical-v1,eval1a
nic2-2003,knowledge_gain_joint@historical-v1,eval1b
nic2-2003,knowledge_gain_joint@historical-v1,eval1c
nic2-2003,knowledge_gain_joint@historical-v1,eval1d
nic2-2003,knowledge_gain_joint@historical-v1,eval2a
nic2-2003,knowledge_gain_joint@historical-v1,eval2b
nic2-2003,knowledge_gain_joint@historical-v1,eval2c
nic2-2003,knowledge_gain_joint@historical-v1,eval2d
nic2-2003,knowledge_gain_joint@historical-v1,eval2e
nic2-2003,knowledge_gain_joint@historical-v1,eval2f
nic2-2003,knowledge_gain_joint@historical-v1,eval2g
nic2-2003,knowledge_gain_joint@historical-v1,eval2h
nic2-2003,knowledge_gain_joint@historical-v1,eval2i
nic2-2003,knowledge_gain_joint@historical-v1,eval3
nic2-2003,knowledge_gain_joint@historical-v1,eval4
nic2-2003,knowledge_gain_joint@historical-v1,eval5
nic2-2003,knowledge_gain_joint@historical-v1,eval6
nic2-2003,knowledge_gain_joint@historical-v1,eval7a
nic2-2003,knowledge_gain_joint@historical-v1,eval7b
nic2-2003,knowledge_gain_joint@historical-v1,eval7c
nic2-2003,knowledge_gain_joint@historical-v1,eval7d
nic2-2003,knowledge_gain_joint@historical-v1,eval8
nic2-2003,knowledge_gain_joint@historical-v1,eval9
nic2-2003,knowledge_gain_joint@historical-v1,sq1a
nic2-2003,knowledge_gain_joint@historical-v1,sq1b
nic2-2003,knowledge_gain_joint@historical-v1,sq1c
nic2-2003,knowledge_gain_joint@historical-v1,sq2a
nic2-2003,knowledge_gain_joint@historical-v1,sq2b
nic2-2003,knowledge_gain_joint@historical-v1,sq2c
nic2-2003,knowledge_gain_joint@historical-v1,sq2d
nic2-2003,knowledge_gain_joint@historical-v1,sq3a
nic2-2003,knowledge_gain_joint@historical-v1,sq3b
nic2-2003,knowledge_gain_joint@historical-v1,sq3c
nic2-2003,knowledge_gain_joint@historical-v1,sq3d
nic2-2003,knowledge_gain_joint@historical-v1,sq3e
nic2-2003,knowledge_gain_joint@historical-v1,sq3f
nic2-2003,knowledge_gain_joint@historical-v1,sq4
nic2-2003,knowledge_gain_joint@historical-v1,sq5a
nic2-2003,knowledge_gain_joint@historical-v1,sq5b
nic2-2003,knowledge_gain_joint@historical-v1,qisum
nic2-2003,knowledge_t1@historical-v1,fp1
nic2-2003,knowledge_t1@historical-v1,fp2a_a
nic2-2003,knowledge_t1@historical-v1,fp2a_b
nic2-2003,knowledge_t1@historical-v1,fp2a_c
nic2-2003,knowledge_t1@historical-v1,fp2b_a
nic2-2003,knowledge_t1@historical-v1,fp2b_b
nic2-2003,knowledge_t1@historical-v1,fp2b_c
nic2-2003,knowledge_t1@historical-v1,fp2b_d
nic2-2003,knowledge_t1@historical-v1,fp2c_a
nic2-2003,knowledge_t1@historical-v1,fp2c_b
nic2-2003,knowledge_t1@historical-v1,fp2c_c
nic2-2003,knowledge_t1@historical-v1,fp2c_d
nic2-2003,knowledge_t1@historical-v1,fp3a_a
nic2-2003,knowledge_t1@historical-v1,fp3a_b
nic2-2003,knowledge_t1@historical-v1,fp3a_c
nic2-2003,knowledge_t1@historical-v1,fp3a_s
nic2-2003,knowledge_t1@historical-v1,fp3b_a
nic2-2003,knowledge_t1@historical-v1,fp3b_b
nic2-2003,knowledge_t1@historical-v1,fp3b_c
nic2-2003,knowledge_t1@historical-v1,fp3b_s
nic2-2003,knowledge_t1@historical-v1,fp3c_a
nic2-2003,knowledge_t1@historical-v1,fp3c_b
nic2-2003,knowledge_t1@historical-v1,fp3c_c
nic2-2003,knowledge_t1@historical-v1,fp3c_s
nic2-2003,knowledge_t1@historical-v1,fp3d_a
nic2-2003,knowledge_t1@historical-v1,fp3d_b
nic2-2003,knowledge_t1@historical-v1,fp3d_c
nic2-2003,knowledge_t1@historical-v1,fp3d_s
nic2-2003,knowledge_t1@historical-v1,fp4a_a
nic2-2003,knowledge_t1@historical-v1,fp4a_b
nic2-2003,knowledge_t1@historical-v1,fp4b_a
nic2-2003,knowledge_t1@historical-v1,fp4b_b
nic2-2003,knowledge_t1@historical-v1,wrm1_a
nic2-2003,knowledge_t1@historical-v1,wrm2a_a
nic2-2003,knowledge_t1@historical-v1,wrm2a_b
nic2-2003,knowledge_t1@historical-v1,wrm2a_c
nic2-2003,knowledge_t1@historical-v1,wrm2a_s
nic2-2003,knowledge_t1@historical-v1,wrm2b_a
nic2-2003,knowledge_t1@historical-v1,wrm2b_b
nic2-2003,knowledge_t1@historical-v1,wrm2b_c
nic2-2003,knowledge_t1@historical-v1,wrm2b_s
nic2-2003,knowledge_t1@historical-v1,wrm3_a
nic2-2003,knowledge_t1@historical-v1,wrm4a_a
nic2-2003,knowledge_t1@historical-v1,wrm4a_b
nic2-2003,knowledge_t1@historical-v1,wrm4a_c
nic2-2003,knowledge_t1@historical-v1,wrm4a_s
nic2-2003,knowledge_t1@historical-v1,wrm4b_a
nic2-2003,knowledge_t1@historical-v1,wrm4b_b
nic2-2003,knowledge_t1@historical-v1,wrm4b_c
nic2-2003,knowledge_t1@historical-v1,wrm4b_s
nic2-2003,knowledge_t1@historical-v1,hngr
nic2-2003,knowledge_t1@historical-v1,pair1_a
nic2-2003,knowledge_t1@historical-v1,pair1_b
nic2-2003,knowledge_t1@historical-v1,pair2_a
nic2-2003,knowledge_t1@historical-v1,pair2_b
nic2-2003,knowledge_t1@historical-v1,pair3_a
nic2-2003,knowledge_t1@historical-v1,pair3_b
nic2-2003,knowledge_t1@historical-v1,pdem1_a
nic2-2003,knowledge_t1@historical-v1,pdem1_b
nic2-2003,knowledge_t1@historical-v1,pdem1_c
nic2-2003,knowledge_t1@historical-v1,pdem2_a
nic2-2003,knowledge_t1@historical-v1,pdem2_b
nic2-2003,knowledge_t1@historical-v1,pdem2_c
nic2-2003,knowledge_t1@historical-v1,aid1
nic2-2003,knowledge_t1@historical-v1,aid2a_a
nic2-2003,knowledge_t1@historical-v1,aid2a_b
nic2-2003,knowledge_t1@historical-v1,aid2a_c
nic2-2003,knowledge_t1@historical-v1,aid2b_a
nic2-2003,knowledge_t1@historical-v1,aid2b_b
nic2-2003,knowledge_t1@historical-v1,mact1_a
nic2-2003,knowledge_t1@historical-v1,mact1_b
nic2-2003,knowledge_t1@historical-v1,mact1_c
nic2-2003,knowledge_t1@historical-v1,mact1_s
nic2-2003,knowledge_t1@historical-v1,mact2_a
nic2-2003,knowledge_t1@historical-v1,mact2_b
nic2-2003,knowledge_t1@historical-v1,mact2_c
nic2-2003,knowledge_t1@historical-v1,mact2_s
nic2-2003,knowledge_t1@historical-v1,mact3_a
nic2-2003,knowledge_t1@historical-v1,mact3_b
nic2-2003,knowledge_t1@historical-v1,mact3_c
nic2-2003,knowledge_t1@historical-v1,mact3_s
nic2-2003,knowledge_t1@historical-v1,mact4_a
nic2-2003,knowledge_t1@historical-v1,mact4_b
nic2-2003,knowledge_t1@historical-v1,mact4_c
nic2-2003,knowledge_t1@historical-v1,mact4_s
nic2-2003,knowledge_t1@historical-v1,mact5_a
nic2-2003,knowledge_t1@historical-v1,mact5_b
nic2-2003,knowledge_t1@historical-v1,mact5_c
nic2-2003,knowledge_t1@historical-v1,mact5_s
nic2-2003,knowledge_t1@historical-v1,mact6_a
nic2-2003,knowledge_t1@historical-v1,mact6_b
nic2-2003,knowledge_t1@historical-v1,mact6_c
nic2-2003,knowledge_t1@historical-v1,mact6_s
nic2-2003,knowledge_t1@historical-v1,trd1_a
nic2-2003,knowledge_t1@historical-v1,trd1_b
nic2-2003,knowledge_t1@historical-v1,trd2
nic2-2003,knowledge_t1@historical-v1,trd3_a
nic2-2003,knowledge_t1@historical-v1,trd3_b
nic2-2003,knowledge_t1@historical-v1,trd4
nic2-2003,knowledge_t1@historical-v1,int1a_a
nic2-2003,knowledge_t1@historical-v1,int1a_b
nic2-2003,knowledge_t1@historical-v1,int1b_a
nic2-2003,knowledge_t1@historical-v1,int1b_b
nic2-2003,knowledge_t1@historical-v1,int1b_c
nic2-2003,knowledge_t1@historical-v1,int1b_d
nic2-2003,knowledge_t1@historical-v1,int2a
nic2-2003,knowledge_t1@historical-v1,int2b
nic2-2003,knowledge_t1@historical-v1,int3
nic2-2003,knowledge_t1@historical-v1,prtyid_a
nic2-2003,knowledge_t1@historical-v1,prtyid_b
nic2-2003,knowledge_t1@historical-v1,prtyid_c
nic2-2003,knowledge_t1@historical-v1,prtyid_d
nic2-2003,knowledge_t1@historical-v1,party
nic2-2003,knowledge_t1@historical-v1,amer1_a
nic2-2003,knowledge_t1@historical-v1,amer1_b
nic2-2003,knowledge_t1@historical-v1,amer1_c
nic2-2003,knowledge_t1@historical-v1,amer1_s
nic2-2003,knowledge_t1@historical-v1,amer2_a
nic2-2003,knowledge_t1@historical-v1,amer2_b
nic2-2003,knowledge_t1@historical-v1,amer2_c
nic2-2003,knowledge_t1@historical-v1,amer2_s
nic2-2003,knowledge_t1@historical-v1,ideo_a
nic2-2003,knowledge_t1@historical-v1,ideo_b
nic2-2003,knowledge_t1@historical-v1,ideo_c
nic2-2003,knowledge_t1@historical-v1,news1_a
nic2-2003,knowledge_t1@historical-v1,news1_b
nic2-2003,knowledge_t1@historical-v1,news2_a
nic2-2003,knowledge_t1@historical-v1,news2_b
nic2-2003,knowledge_t1@historical-v1,pint_a
nic2-2003,knowledge_t1@historical-v1,pint_b
nic2-2003,knowledge_t1@historical-v1,pdsc
nic2-2003,knowledge_t1@historical-v1,val1_a
nic2-2003,knowledge_t1@historical-v1,val1_b
nic2-2003,knowledge_t1@historical-v1,val1_c
nic2-2003,knowledge_t1@historical-v1,val1_s
nic2-2003,knowledge_t1@historical-v1,val2_a
nic2-2003,knowledge_t1@historical-v1,val2_b
nic2-2003,knowledge_t1@historical-v1,val2_c
nic2-2003,knowledge_t1@historical-v1,val2_s
nic2-2003,knowledge_t1@historical-v1,val3_a
nic2-2003,knowledge_t1@historical-v1,val3_b
nic2-2003,knowledge_t1@historical-v1,val3_c
nic2-2003,knowledge_t1@historical-v1,val3_s
nic2-2003,knowledge_t1@historical-v1,val4_a
nic2-2003,knowledge_t1@historical-v1,val4_b
nic2-2003,knowledge_t1@historical-v1,val4_c
nic2-2003,knowledge_t1@historical-v1,val4_s
nic2-2003,knowledge_t1@historical-v1,pair4_a
nic2-2003,knowledge_t1@historical-v1,pair4_b
nic2-2003,knowledge_t1@historical-v1,dsagr1_a
nic2-2003,knowledge_t1@historical-v1,dsagr1_b
nic2-2003,knowledge_t1@historical-v1,dsagr2_a
nic2-2003,knowledge_t1@historical-v1,dsagr2_b
nic2-2003,knowledge_t1@historical-v1,dsagr2_c
nic2-2003,knowledge_t1@historical-v1,yearborn
nic2-2003,knowledge_t1@historical-v1,ppage
nic2-2003,knowledge_t1@historical-v1,educ_a
nic2-2003,knowledge_t1@historical-v1,educ_b
nic2-2003,knowledge_t1@historical-v1,mandc_a
nic2-2003,knowledge_t1@historical-v1,mandc_b
nic2-2003,knowledge_t1@historical-v1,mandc_c
nic2-2003,knowledge_t1@historical-v1,hisp
nic2-2003,knowledge_t1@historical-v1,race
nic2-2003,knowledge_t1@historical-v1,pborn_a
nic2-2003,knowledge_t1@historical-v1,pborn_b
nic2-2003,knowledge_t1@historical-v1,pborn_c
nic2-2003,knowledge_t1@historical-v1,empl
nic2-2003,knowledge_t1@historical-v1,lastw
nic2-2003,knowledge_t1@historical-v1,etyp
nic2-2003,knowledge_t1@historical-v1,eocc
nic2-2003,knowledge_t1@historical-v1,milt_a
nic2-2003,knowledge_t1@historical-v1,milt_b
nic2-2003,knowledge_t1@historical-v1,milt_c
nic2-2003,knowledge_t1@historical-v1,abrd_a
nic2-2003,knowledge_t1@historical-v1,abrd_b
nic2-2003,knowledge_t1@historical-v1,rel1_a
nic2-2003,knowledge_t1@historical-v1,rel1_b
nic2-2003,knowledge_t1@historical-v1,rel1_c
nic2-2003,knowledge_t1@historical-v1,rel2
nic2-2003,knowledge_t1@historical-v1,union_a
nic2-2003,knowledge_t1@historical-v1,union_b
nic2-2003,knowledge_t1@historical-v1,live
nic2-2003,knowledge_t1@historical-v1,sex
nic2-2003,knowledge_t1@historical-v1,isum
nic2-2003,knowledge_joint@historical-v1,fp1
nic2-2003,knowledge_joint@historical-v1,fp2a_a
nic2-2003,knowledge_joint@historical-v1,fp2a_b
nic2-2003,knowledge_joint@historical-v1,fp2a_c
nic2-2003,knowledge_joint@historical-v1,fp2b_a
nic2-2003,knowledge_joint@historical-v1,fp2b_b
nic2-2003,knowledge_joint@historical-v1,fp2b_c
nic2-2003,knowledge_joint@historical-v1,fp2b_d
nic2-2003,knowledge_joint@historical-v1,fp2c_a
nic2-2003,knowledge_joint@historical-v1,fp2c_b
nic2-2003,knowledge_joint@historical-v1,fp2c_c
nic2-2003,knowledge_joint@historical-v1,fp2c_d
nic2-2003,knowledge_joint@historical-v1,fp3a_a
nic2-2003,knowledge_joint@historical-v1,fp3a_b
nic2-2003,knowledge_joint@historical-v1,fp3a_c
nic2-2003,knowledge_joint@historical-v1,fp3a_s
nic2-2003,knowledge_joint@historical-v1,fp3b_a
nic2-2003,knowledge_joint@historical-v1,fp3b_b
nic2-2003,knowledge_joint@historical-v1,fp3b_c
nic2-2003,knowledge_joint@historical-v1,fp3b_s
nic2-2003,knowledge_joint@historical-v1,fp3c_a
nic2-2003,knowledge_joint@historical-v1,fp3c_b
nic2-2003,knowledge_joint@historical-v1,fp3c_c
nic2-2003,knowledge_joint@historical-v1,fp3c_s
nic2-2003,knowledge_joint@historical-v1,fp3d_a
nic2-2003,knowledge_joint@historical-v1,fp3d_b
nic2-2003,knowledge_joint@historical-v1,fp3d_c
nic2-2003,knowledge_joint@historical-v1,fp3d_s
nic2-2003,knowledge_joint@historical-v1,fp4a_a
nic2-2003,knowledge_joint@historical-v1,fp4a_b
nic2-2003,knowledge_joint@historical-v1,fp4b_a
nic2-2003,knowledge_joint@historical-v1,fp4b_b
nic2-2003,knowledge_joint@historical-v1,wrm1_a
nic2-2003,knowledge_joint@historical-v1,wrm2a_a
nic2-2003,knowledge_joint@historical-v1,wrm2a_b
nic2-2003,knowledge_joint@historical-v1,wrm2a_c
nic2-2003,knowledge_joint@historical-v1,wrm2a_s
nic2-2003,knowledge_joint@historical-v1,wrm2b_a
nic2-2003,knowledge_joint@historical-v1,wrm2b_b
nic2-2003,knowledge_joint@historical-v1,wrm2b_c
nic2-2003,knowledge_joint@historical-v1,wrm2b_s
nic2-2003,knowledge_joint@historical-v1,wrm3_a
nic2-2003,knowledge_joint@historical-v1,wrm4a_a
nic2-2003,knowledge_joint@historical-v1,wrm4a_b
nic2-2003,knowledge_joint@historical-v1,wrm4a_c
nic2-2003,knowledge_joint@historical-v1,wrm4a_s
nic2-2003,knowledge_joint@historical-v1,wrm4b_a
nic2-2003,knowledge_joint@historical-v1,wrm4b_b
nic2-2003,knowledge_joint@historical-v1,wrm4b_c
nic2-2003,knowledge_joint@historical-v1,wrm4b_s
nic2-2003,knowledge_joint@historical-v1,hngr
nic2-2003,knowledge_joint@historical-v1,pair1_a
nic2-2003,knowledge_joint@historical-v1,pair1_b
nic2-2003,knowledge_joint@historical-v1,pair2_a
nic2-2003,knowledge_joint@historical-v1,pair2_b
nic2-2003,knowledge_joint@historical-v1,pair3_a
nic2-2003,knowledge_joint@historical-v1,pair3_b
nic2-2003,knowledge_joint@historical-v1,pdem1_a
nic2-2003,knowledge_joint@historical-v1,pdem1_b
nic2-2003,knowledge_joint@historical-v1,pdem1_c
nic2-2003,knowledge_joint@historical-v1,pdem2_a
nic2-2003,knowledge_joint@historical-v1,pdem2_b
nic2-2003,knowledge_joint@historical-v1,pdem2_c
nic2-2003,knowledge_joint@historical-v1,aid1
nic2-2003,knowledge_joint@historical-v1,aid2a_a
nic2-2003,knowledge_joint@historical-v1,aid2a_b
nic2-2003,knowledge_joint@historical-v1,aid2a_c
nic2-2003,knowledge_joint@historical-v1,aid2b_a
nic2-2003,knowledge_joint@historical-v1,aid2b_b
nic2-2003,knowledge_joint@historical-v1,mact1_a
nic2-2003,knowledge_joint@historical-v1,mact1_b
nic2-2003,knowledge_joint@historical-v1,mact1_c
nic2-2003,knowledge_joint@historical-v1,mact1_s
nic2-2003,knowledge_joint@historical-v1,mact2_a
nic2-2003,knowledge_joint@historical-v1,mact2_b
nic2-2003,knowledge_joint@historical-v1,mact2_c
nic2-2003,knowledge_joint@historical-v1,mact2_s
nic2-2003,knowledge_joint@historical-v1,mact3_a
nic2-2003,knowledge_joint@historical-v1,mact3_b
nic2-2003,knowledge_joint@historical-v1,mact3_c
nic2-2003,knowledge_joint@historical-v1,mact3_s
nic2-2003,knowledge_joint@historical-v1,mact4_a
nic2-2003,knowledge_joint@historical-v1,mact4_b
nic2-2003,knowledge_joint@historical-v1,mact4_c
nic2-2003,knowledge_joint@historical-v1,mact4_s
nic2-2003,knowledge_joint@historical-v1,mact5_a
nic2-2003,knowledge_joint@historical-v1,mact5_b
nic2-2003,knowledge_joint@historical-v1,mact5_c
nic2-2003,knowledge_joint@historical-v1,mact5_s
nic2-2003,knowledge_joint@historical-v1,mact6_a
nic2-2003,knowledge_joint@historical-v1,mact6_b
nic2-2003,knowledge_joint@historical-v1,mact6_c
nic2-2003,knowledge_joint@historical-v1,mact6_s
nic2-2003,knowledge_joint@historical-v1,trd1_a
nic2-2003,knowledge_joint@historical-v1,trd1_b
nic2-2003,knowledge_joint@historical-v1,trd2
nic2-2003,knowledge_joint@historical-v1,trd3_a
nic2-2003,knowledge_joint@historical-v1,trd3_b
nic2-2003,knowledge_joint@historical-v1,trd4
nic2-2003,knowledge_joint@historical-v1,int1a_a
nic2-2003,knowledge_joint@historical-v1,int1a_b
nic2-2003,knowledge_joint@historical-v1,int1b_a
nic2-2003,knowledge_joint@historical-v1,int1b_b
nic2-2003,knowledge_joint@historical-v1,int1b_c
nic2-2003,knowledge_joint@historical-v1,int1b_d
nic2-2003,knowledge_joint@historical-v1,int2a
nic2-2003,knowledge_joint@historical-v1,int2b
nic2-2003,knowledge_joint@historical-v1,int3
nic2-2003,knowledge_joint@historical-v1,prtyid_a
nic2-2003,knowledge_joint@historical-v1,prtyid_b
nic2-2003,knowledge_joint@historical-v1,prtyid_c
nic2-2003,knowledge_joint@historical-v1,prtyid_d
nic2-2003,knowledge_joint@historical-v1,party
nic2-2003,knowledge_joint@historical-v1,amer1_a
nic2-2003,knowledge_joint@historical-v1,amer1_b
nic2-2003,knowledge_joint@historical-v1,amer1_c
nic2-2003,knowledge_joint@historical-v1,amer1_s
nic2-2003,knowledge_joint@historical-v1,amer2_a
nic2-2003,knowledge_joint@historical-v1,amer2_b
nic2-2003,knowledge_joint@historical-v1,amer2_c
nic2-2003,knowledge_joint@historical-v1,amer2_s
nic2-2003,knowledge_joint@historical-v1,ideo_a
nic2-2003,knowledge_joint@historical-v1,ideo_b
nic2-2003,knowledge_joint@historical-v1,ideo_c
nic2-2003,knowledge_joint@historical-v1,news1_a
nic2-2003,knowledge_joint@historical-v1,news1_b
nic2-2003,knowledge_joint@historical-v1,news2_a
nic2-2003,knowledge_joint@historical-v1,news2_b
nic2-2003,knowledge_joint@historical-v1,pint_a
nic2-2003,knowledge_joint@historical-v1,pint_b
nic2-2003,knowledge_joint@historical-v1,pdsc
nic2-2003,knowledge_joint@historical-v1,val1_a
nic2-2003,knowledge_joint@historical-v1,val1_b
nic2-2003,knowledge_joint@historical-v1,val1_c
nic2-2003,knowledge_joint@historical-v1,val1_s
nic2-2003,knowledge_joint@historical-v1,val2_a
nic2-2003,knowledge_joint@historical-v1,val2_b
nic2-2003,knowledge_joint@historical-v1,val2_c
nic2-2003,knowledge_joint@historical-v1,val2_s
nic2-2003,knowledge_joint@historical-v1,val3_a
nic2-2003,knowledge_joint@historical-v1,val3_b
nic2-2003,knowledge_joint@historical-v1,val3_c
nic2-2003,knowledge_joint@historical-v1,val3_s
nic2-2003,knowledge_joint@historical-v1,val4_a
nic2-2003,knowledge_joint@historical-v1,val4_b
nic2-2003,knowledge_joint@historical-v1,val4_c
nic2-2003,knowledge_joint@historical-v1,val4_s
nic2-2003,knowledge_joint@historical-v1,pair4_a
nic2-2003,knowledge_joint@historical-v1,pair4_b
nic2-2003,knowledge_joint@historical-v1,dsagr1_a
nic2-2003,knowledge_joint@historical-v1,dsagr1_b
nic2-2003,knowledge_joint@historical-v1,dsagr2_a
nic2-2003,knowledge_joint@historical-v1,dsagr2_b
nic2-2003,knowledge_joint@historical-v1,dsagr2_c
nic2-2003,knowledge_joint@historical-v1,yearborn
nic2-2003,knowledge_joint@historical-v1,ppage
nic2-2003,knowledge_joint@historical-v1,educ_a
nic2-2003,knowledge_joint@historical-v1,educ_b
nic2-2003,knowledge_joint@historical-v1,mandc_a
nic2-2003,knowledge_joint@historical-v1,mandc_b
nic2-2003,knowledge_joint@historical-v1,mandc_c
nic2-2003,knowledge_joint@historical-v1,hisp
nic2-2003,knowledge_joint@historical-v1,race
nic2-2003,knowledge_joint@historical-v1,pborn_a
nic2-2003,knowledge_joint@historical-v1,pborn_b
nic2-2003,knowledge_joint@historical-v1,pborn_c
nic2-2003,knowledge_joint@historical-v1,empl
nic2-2003,knowledge_joint@historical-v1,lastw
nic2-2003,knowledge_joint@historical-v1,etyp
nic2-2003,knowledge_joint@historical-v1,eocc
nic2-2003,knowledge_joint@historical-v1,milt_a
nic2-2003,knowledge_joint@historical-v1,milt_b
nic2-2003,knowledge_joint@historical-v1,milt_c
nic2-2003,knowledge_joint@historical-v1,abrd_a
nic2-2003,knowledge_joint@historical-v1,abrd_b
nic2-2003,knowledge_joint@historical-v1,rel1_a
nic2-2003,knowledge_joint@historical-v1,rel1_b
nic2-2003,knowledge_joint@historical-v1,rel1_c
nic2-2003,knowledge_joint@historical-v1,rel2
nic2-2003,knowledge_joint@historical-v1,union_a
nic2-2003,knowledge_joint@historical-v1,union_b
nic2-2003,knowledge_joint@historical-v1,live
nic2-2003,knowledge_joint@historical-v1,sex
nic2-2003,knowledge_joint@historical-v1,isum
nic2-2003,knowledge_joint@historical-v1,qfp1
nic2-2003,knowledge_joint@historical-v1,qfp2a_a
nic2-2003,knowledge_joint@historical-v1,qfp2a_b
nic2-2003,knowledge_joint@historical-v1,qfp2a_c
nic2-2003,knowledge_joint@historical-v1,qfp2b_a
nic2-2003,knowledge_joint@historical-v1,qfp2b_b
nic2-2003,knowledge_joint@historical-v1,qfp2b_c
nic2-2003,knowledge_joint@historical-v1,qfp2b_d
nic2-2003,knowledge_joint@historical-v1,qfp2c_a
nic2-2003,knowledge_joint@historical-v1,qfp2c_b
nic2-2003,knowledge_joint@historical-v1,qfp2c_c
nic2-2003,knowledge_joint@historical-v1,qfp2c_d
nic2-2003,knowledge_joint@historical-v1,qfp3a_s
nic2-2003,knowledge_joint@historical-v1,qfp3b_s
nic2-2003,knowledge_joint@historical-v1,qfp3c_s
nic2-2003,knowledge_joint@historical-v1,qfp3d_s
nic2-2003,knowledge_joint@historical-v1,qfp4a_a
nic2-2003,knowledge_joint@historical-v1,qfp4a_b
nic2-2003,knowledge_joint@historical-v1,qfp4b_a
nic2-2003,knowledge_joint@historical-v1,qfp4b_b
nic2-2003,knowledge_joint@historical-v1,qwrm1_a
nic2-2003,knowledge_joint@historical-v1,qwrm2a_s
nic2-2003,knowledge_joint@historical-v1,qwrm2b_s
nic2-2003,knowledge_joint@historical-v1,qwrm3_a
nic2-2003,knowledge_joint@historical-v1,qwrm4a_s
nic2-2003,knowledge_joint@historical-v1,qwrm4b_s
nic2-2003,knowledge_joint@historical-v1,qhngr
nic2-2003,knowledge_joint@historical-v1,qpair1_a
nic2-2003,knowledge_joint@historical-v1,qpair1_b
nic2-2003,knowledge_joint@historical-v1,qpair2_a
nic2-2003,knowledge_joint@historical-v1,qpair2_b
nic2-2003,knowledge_joint@historical-v1,qpair3_a
nic2-2003,knowledge_joint@historical-v1,qpair3_b
nic2-2003,knowledge_joint@historical-v1,qpdem1_a
nic2-2003,knowledge_joint@historical-v1,qpdem1_b
nic2-2003,knowledge_joint@historical-v1,qpdem1_c
nic2-2003,knowledge_joint@historical-v1,qpdem2_a
nic2-2003,knowledge_joint@historical-v1,qpdem2_b
nic2-2003,knowledge_joint@historical-v1,qpdem2_c
nic2-2003,knowledge_joint@historical-v1,qaid1
nic2-2003,knowledge_joint@historical-v1,qaid2a_a
nic2-2003,knowledge_joint@historical-v1,qaid2a_b
nic2-2003,knowledge_joint@historical-v1,qaid2a_c
nic2-2003,knowledge_joint@historical-v1,qaid2b_a
nic2-2003,knowledge_joint@historical-v1,qaid2b_b
nic2-2003,knowledge_joint@historical-v1,qmact1_s
nic2-2003,knowledge_joint@historical-v1,qmact2_s
nic2-2003,knowledge_joint@historical-v1,qmact3_s
nic2-2003,knowledge_joint@historical-v1,qmact4_s
nic2-2003,knowledge_joint@historical-v1,qmact5_s
nic2-2003,knowledge_joint@historical-v1,qmact6_s
nic2-2003,knowledge_joint@historical-v1,qtrd1_a
nic2-2003,knowledge_joint@historical-v1,qtrd1_b
nic2-2003,knowledge_joint@historical-v1,qtrd2
nic2-2003,knowledge_joint@historical-v1,qtrd3_a
nic2-2003,knowledge_joint@historical-v1,qtrd3_b
nic2-2003,knowledge_joint@historical-v1,qtrd4
nic2-2003,knowledge_joint@historical-v1,qint1a_a
nic2-2003,knowledge_joint@historical-v1,qint1a_b
nic2-2003,knowledge_joint@historical-v1,qint1b_a
nic2-2003,knowledge_joint@historical-v1,qint1b_b
nic2-2003,knowledge_joint@historical-v1,qint1b_c
nic2-2003,knowledge_joint@historical-v1,qint1b_d
nic2-2003,knowledge_joint@historical-v1,qint2a
nic2-2003,knowledge_joint@historical-v1,qint2b
nic2-2003,knowledge_joint@historical-v1,qint3
nic2-2003,knowledge_joint@historical-v1,qparty
nic2-2003,knowledge_joint@historical-v1,qamer1_s
nic2-2003,knowledge_joint@historical-v1,qamer2_s
nic2-2003,knowledge_joint@historical-v1,qideo_a
nic2-2003,knowledge_joint@historical-v1,qideo_b
nic2-2003,knowledge_joint@historical-v1,qideo_c
nic2-2003,knowledge_joint@historical-v1,qnews1_a
nic2-2003,knowledge_joint@historical-v1,qnews1_b
nic2-2003,knowledge_joint@historical-v1,qnews2_a
nic2-2003,knowledge_joint@historical-v1,qnews2_b
nic2-2003,knowledge_joint@historical-v1,qpint_a
nic2-2003,knowledge_joint@historical-v1,qpint_b
nic2-2003,knowledge_joint@historical-v1,qpdsc
nic2-2003,knowledge_joint@historical-v1,qval1_s
nic2-2003,knowledge_joint@historical-v1,qval2_s
nic2-2003,knowledge_joint@historical-v1,qval3_s
nic2-2003,knowledge_joint@historical-v1,qval4_s
nic2-2003,knowledge_joint@historical-v1,qpair4_a
nic2-2003,knowledge_joint@historical-v1,qpair4_b
nic2-2003,knowledge_joint@historical-v1,qdsagr1a
nic2-2003,knowledge_joint@historical-v1,qdsagr1b
nic2-2003,knowledge_joint@historical-v1,qdsagr2a
nic2-2003,knowledge_joint@historical-v1,qdsagr2b
nic2-2003,knowledge_joint@historical-v1,qdsagr2c
nic2-2003,knowledge_joint@historical-v1,qage
nic2-2003,knowledge_joint@historical-v1,qeduc_a
nic2-2003,knowledge_joint@historical-v1,qeduc_b
nic2-2003,knowledge_joint@historical-v1,qmandc_a
nic2-2003,knowledge_joint@historical-v1,qmandc_b
nic2-2003,knowledge_joint@historical-v1,qmandc_c
nic2-2003,knowledge_joint@historical-v1,qhisp
nic2-2003,knowledge_joint@historical-v1,qrace
nic2-2003,knowledge_joint@historical-v1,qpborn_a
nic2-2003,knowledge_joint@historical-v1,qpborn_b
nic2-2003,knowledge_joint@historical-v1,qpborn_c
nic2-2003,knowledge_joint@historical-v1,qempl
nic2-2003,knowledge_joint@historical-v1,qlastw
nic2-2003,knowledge_joint@historical-v1,qetyp
nic2-2003,knowledge_joint@historical-v1,qeocc
nic2-2003,knowledge_joint@historical-v1,qmilt_a
nic2-2003,knowledge_joint@historical-v1,qmilt_b
nic2-2003,knowledge_joint@historical-v1,qmilt_c
nic2-2003,knowledge_joint@historical-v1,qabrd_a
nic2-2003,knowledge_joint@historical-v1,qabrd_b
nic2-2003,knowledge_joint@historical-v1,qrel1_a
nic2-2003,knowledge_joint@historical-v1,qrel1_b
nic2-2003,knowledge_joint@historical-v1,qrel1_c
nic2-2003,knowledge_joint@historical-v1,qrel2
nic2-2003,knowledge_joint@historical-v1,qunion_a
nic2-2003,knowledge_joint@historical-v1,qunion_b
nic2-2003,knowledge_joint@historical-v1,qlive
nic2-2003,knowledge_joint@historical-v1,qsex
nic2-2003,knowledge_joint@historical-v1,eval1a
nic2-2003,knowledge_joint@historical-v1,eval1b
nic2-2003,knowledge_joint@historical-v1,eval1c
nic2-2003,knowledge_joint@historical-v1,eval1d
nic2-2003,knowledge_joint@historical-v1,eval2a
nic2-2003,knowledge_joint@historical-v1,eval2b
nic2-2003,knowledge_joint@historical-v1,eval2c
nic2-2003,knowledge_joint@historical-v1,eval2d
nic2-2003,knowledge_joint@historical-v1,eval2e
nic2-2003,knowledge_joint@historical-v1,eval2f
nic2-2003,knowledge_joint@historical-v1,eval2g
nic2-2003,knowledge_joint@historical-v1,eval2h
nic2-2003,knowledge_joint@historical-v1,eval2i
nic2-2003,knowledge_joint@historical-v1,eval3
nic2-2003,knowledge_joint@historical-v1,eval4
nic2-2003,knowledge_joint@historical-v1,eval5
nic2-2003,knowledge_joint@historical-v1,eval6
nic2-2003,knowledge_joint@historical-v1,eval7a
nic2-2003,knowledge_joint@historical-v1,eval7b
nic2-2003,knowledge_joint@historical-v1,eval7c
nic2-2003,knowledge_joint@historical-v1,eval7d
nic2-2003,knowledge_joint@historical-v1,eval8
nic2-2003,knowledge_joint@historical-v1,eval9
nic2-2003,knowledge_joint@historical-v1,sq1a
nic2-2003,knowledge_joint@historical-v1,sq1b
nic2-2003,knowledge_joint@historical-v1,sq1c
nic2-2003,knowledge_joint@historical-v1,sq2a
nic2-2003,knowledge_joint@historical-v1,sq2b
nic2-2003,knowledge_joint@historical-v1,sq2c
nic2-2003,knowledge_joint@historical-v1,sq2d
nic2-2003,knowledge_joint@historical-v1,sq3a
nic2-2003,knowledge_joint@historical-v1,sq3b
nic2-2003,knowledge_joint@historical-v1,sq3c
nic2-2003,knowledge_joint@historical-v1,sq3d
nic2-2003,knowledge_joint@historical-v1,sq3e
nic2-2003,knowledge_joint@historical-v1,sq3f
nic2-2003,knowledge_joint@historical-v1,sq4
nic2-2003,knowledge_joint@historical-v1,sq5a
nic2-2003,knowledge_joint@historical-v1,sq5b
nic2-2003,knowledge_joint@historical-v1,qisum
nic2-2003,knowledge_t2@historical-v1,qfp1
nic2-2003,knowledge_t2@historical-v1,qfp2a_a
nic2-2003,knowledge_t2@historical-v1,qfp2a_b
nic2-2003,knowledge_t2@historical-v1,qfp2a_c
nic2-2003,knowledge_t2@historical-v1,qfp2b_a
nic2-2003,knowledge_t2@historical-v1,qfp2b_b
nic2-2003,knowledge_t2@historical-v1,qfp2b_c
nic2-2003,knowledge_t2@historical-v1,qfp2b_d
nic2-2003,knowledge_t2@historical-v1,qfp2c_a
nic2-2003,knowledge_t2@historical-v1,qfp2c_b
nic2-2003,knowledge_t2@historical-v1,qfp2c_c
nic2-2003,knowledge_t2@historical-v1,qfp2c_d
nic2-2003,knowledge_t2@historical-v1,qfp3a_s
nic2-2003,knowledge_t2@historical-v1,qfp3b_s
nic2-2003,knowledge_t2@historical-v1,qfp3c_s
nic2-2003,knowledge_t2@historical-v1,qfp3d_s
nic2-2003,knowledge_t2@historical-v1,qfp4a_a
nic2-2003,knowledge_t2@historical-v1,qfp4a_b
nic2-2003,knowledge_t2@historical-v1,qfp4b_a
nic2-2003,knowledge_t2@historical-v1,qfp4b_b
nic2-2003,knowledge_t2@historical-v1,qwrm1_a
nic2-2003,knowledge_t2@historical-v1,qwrm2a_s
nic2-2003,knowledge_t2@historical-v1,qwrm2b_s
nic2-2003,knowledge_t2@historical-v1,qwrm3_a
nic2-2003,knowledge_t2@historical-v1,qwrm4a_s
nic2-2003,knowledge_t2@historical-v1,qwrm4b_s
nic2-2003,knowledge_t2@historical-v1,qhngr
nic2-2003,knowledge_t2@historical-v1,qpair1_a
nic2-2003,knowledge_t2@historical-v1,qpair1_b
nic2-2003,knowledge_t2@historical-v1,qpair2_a
nic2-2003,knowledge_t2@historical-v1,qpair2_b
nic2-2003,knowledge_t2@historical-v1,qpair3_a
nic2-2003,knowledge_t2@historical-v1,qpair3_b
nic2-2003,knowledge_t2@historical-v1,qpdem1_a
nic2-2003,knowledge_t2@historical-v1,qpdem1_b
nic2-2003,knowledge_t2@historical-v1,qpdem1_c
nic2-2003,knowledge_t2@historical-v1,qpdem2_a
nic2-2003,knowledge_t2@historical-v1,qpdem2_b
nic2-2003,knowledge_t2@historical-v1,qpdem2_c
nic2-2003,knowledge_t2@historical-v1,qaid1
nic2-2003,knowledge_t2@historical-v1,qaid2a_a
nic2-2003,knowledge_t2@historical-v1,qaid2a_b
nic2-2003,knowledge_t2@historical-v1,qaid2a_c
nic2-2003,knowledge_t2@historical-v1,qaid2b_a
nic2-2003,knowledge_t2@historical-v1,qaid2b_b
nic2-2003,knowledge_t2@historical-v1,qmact1_s
nic2-2003,knowledge_t2@historical-v1,qmact2_s
nic2-2003,knowledge_t2@historical-v1,qmact3_s
nic2-2003,knowledge_t2@historical-v1,qmact4_s
nic2-2003,knowledge_t2@historical-v1,qmact5_s
nic2-2003,knowledge_t2@historical-v1,qmact6_s
nic2-2003,knowledge_t2@historical-v1,qtrd1_a
nic2-2003,knowledge_t2@historical-v1,qtrd1_b
nic2-2003,knowledge_t2@historical-v1,qtrd2
nic2-2003,knowledge_t2@historical-v1,qtrd3_a
nic2-2003,knowledge_t2@historical-v1,qtrd3_b
nic2-2003,knowledge_t2@historical-v1,qtrd4
nic2-2003,knowledge_t2@historical-v1,qint1a_a
nic2-2003,knowledge_t2@historical-v1,qint1a_b
nic2-2003,knowledge_t2@historical-v1,qint1b_a
nic2-2003,knowledge_t2@historical-v1,qint1b_b
nic2-2003,knowledge_t2@historical-v1,qint1b_c
nic2-2003,knowledge_t2@historical-v1,qint1b_d
nic2-2003,knowledge_t2@historical-v1,qint2a
nic2-2003,knowledge_t2@historical-v1,qint2b
nic2-2003,knowledge_t2@historical-v1,qint3
nic2-2003,knowledge_t2@historical-v1,qparty
nic2-2003,knowledge_t2@historical-v1,qamer1_s
nic2-2003,knowledge_t2@historical-v1,qamer2_s
nic2-2003,knowledge_t2@historical-v1,qideo_a
nic2-2003,knowledge_t2@historical-v1,qideo_b
nic2-2003,knowledge_t2@historical-v1,qideo_c
nic2-2003,knowledge_t2@historical-v1,qnews1_a
nic2-2003,knowledge_t2@historical-v1,qnews1_b
nic2-2003,knowledge_t2@historical-v1,qnews2_a
nic2-2003,knowledge_t2@historical-v1,qnews2_b
nic2-2003,knowledge_t2@historical-v1,qpint_a
nic2-2003,knowledge_t2@historical-v1,qpint_b
nic2-2003,knowledge_t2@historical-v1,qpdsc
nic2-2003,knowledge_t2@historical-v1,qval1_s
nic2-2003,knowledge_t2@historical-v1,qval2_s
nic2-2003,knowledge_t2@historical-v1,qval3_s
nic2-2003,knowledge_t2@historical-v1,qval4_s
nic2-2003,knowledge_t2@historical-v1,qpair4_a
nic2-2003,knowledge_t2@historical-v1,qpair4_b
nic2-2003,knowledge_t2@historical-v1,qdsagr1a
nic2-2003,knowledge_t2@historical-v1,qdsagr1b
nic2-2003,knowledge_t2@historical-v1,qdsagr2a
nic2-2003,knowledge_t2@historical-v1,qdsagr2b
nic2-2003,knowledge_t2@historical-v1,qdsagr2c
nic2-2003,knowledge_t2@historical-v1,qage
nic2-2003,knowledge_t2@historical-v1,qeduc_a
nic2-2003,knowledge_t2@historical-v1,qeduc_b
nic2-2003,knowledge_t2@historical-v1,qmandc_a
nic2-2003,knowledge_t2@historical-v1,qmandc_b
nic2-2003,knowledge_t2@historical-v1,qmandc_c
nic2-2003,knowledge_t2@historical-v1,qhisp
nic2-2003,knowledge_t2@historical-v1,qrace
nic2-2003,knowledge_t2@historical-v1,qpborn_a
nic2-2003,knowledge_t2@historical-v1,qpborn_b
nic2-2003,knowledge_t2@historical-v1,qpborn_c
nic2-2003,knowledge_t2@historical-v1,qempl
nic2-2003,knowledge_t2@historical-v1,qlastw
nic2-2003,knowledge_t2@historical-v1,qetyp
nic2-2003,knowledge_t2@historical-v1,qeocc
nic2-2003,knowledge_t2@historical-v1,qmilt_a
nic2-2003,knowledge_t2@historical-v1,qmilt_b
nic2-2003,knowledge_t2@historical-v1,qmilt_c
nic2-2003,knowledge_t2@historical-v1,qabrd_a
nic2-2003,knowledge_t2@historical-v1,qabrd_b
nic2-2003,knowledge_t2@historical-v1,qrel1_a
nic2-2003,knowledge_t2@historical-v1,qrel1_b
nic2-2003,knowledge_t2@historical-v1,qrel1_c
nic2-2003,knowledge_t2@historical-v1,qrel2
nic2-2003,knowledge_t2@historical-v1,qunion_a
nic2-2003,knowledge_t2@historical-v1,qunion_b
nic2-2003,knowledge_t2@historical-v1,qlive
nic2-2003,knowledge_t2@historical-v1,qsex
nic2-2003,knowledge_t2@historical-v1,eval1a
nic2-2003,knowledge_t2@historical-v1,eval1b
nic2-2003,knowledge_t2@historical-v1,eval1c
nic2-2003,knowledge_t2@historical-v1,eval1d
nic2-2003,knowledge_t2@historical-v1,eval2a
nic2-2003,knowledge_t2@historical-v1,eval2b
nic2-2003,knowledge_t2@historical-v1,eval2c
nic2-2003,knowledge_t2@historical-v1,eval2d
nic2-2003,knowledge_t2@historical-v1,eval2e
nic2-2003,knowledge_t2@historical-v1,eval2f
nic2-2003,knowledge_t2@historical-v1,eval2g
nic2-2003,knowledge_t2@historical-v1,eval2h
nic2-2003,knowledge_t2@historical-v1,eval2i
nic2-2003,knowledge_t2@historical-v1,eval3
nic2-2003,knowledge_t2@historical-v1,eval4
nic2-2003,knowledge_t2@historical-v1,eval5
nic2-2003,knowledge_t2@historical-v1,eval6
nic2-2003,knowledge_t2@historical-v1,eval7a
nic2-2003,knowledge_t2@historical-v1,eval7b
nic2-2003,knowledge_t2@historical-v1,eval7c
nic2-2003,knowledge_t2@historical-v1,eval7d
nic2-2003,knowledge_t2@historical-v1,eval8
nic2-2003,knowledge_t2@historical-v1,eval9
nic2-2003,knowledge_t2@historical-v1,sq1a
nic2-2003,knowledge_t2@historical-v1,sq1b
nic2-2003,knowledge_t2@historical-v1,sq1c
nic2-2003,knowledge_t2@historical-v1,sq2a
nic2-2003,knowledge_t2@historical-v1,sq2b
nic2-2003,knowledge_t2@historical-v1,sq2c
nic2-2003,knowledge_t2@historical-v1,sq2d
nic2-2003,knowledge_t2@historical-v1,sq3a
nic2-2003,knowledge_t2@historical-v1,sq3b
nic2-2003,knowledge_t2@historical-v1,sq3c
nic2-2003,knowledge_t2@historical-v1,sq3d
nic2-2003,knowledge_t2@historical-v1,sq3e
nic2-2003,knowledge_t2@historical-v1,sq3f
nic2-2003,knowledge_t2@historical-v1,sq4
nic2-2003,knowledge_t2@historical-v1,sq5a
nic2-2003,knowledge_t2@historical-v1,sq5b
nic2-2003,knowledge_t2@historical-v1,isum
nic2-2003,knowledge_t2@historical-v1,qisum
nic2-2003,high_knowledge_joint@historical-v1,fp1
nic2-2003,high_knowledge_joint@historical-v1,fp2a_a
nic2-2003,high_knowledge_joint@historical-v1,fp2a_b
nic2-2003,high_knowledge_joint@historical-v1,fp2a_c
nic2-2003,high_knowledge_joint@historical-v1,fp2b_a
nic2-2003,high_knowledge_joint@historical-v1,fp2b_b
nic2-2003,high_knowledge_joint@historical-v1,fp2b_c
nic2-2003,high_knowledge_joint@historical-v1,fp2b_d
nic2-2003,high_knowledge_joint@historical-v1,fp2c_a
nic2-2003,high_knowledge_joint@historical-v1,fp2c_b
nic2-2003,high_knowledge_joint@historical-v1,fp2c_c
nic2-2003,high_knowledge_joint@historical-v1,fp2c_d
nic2-2003,high_knowledge_joint@historical-v1,fp3a_a
nic2-2003,high_knowledge_joint@historical-v1,fp3a_b
nic2-2003,high_knowledge_joint@historical-v1,fp3a_c
nic2-2003,high_knowledge_joint@historical-v1,fp3a_s
nic2-2003,high_knowledge_joint@historical-v1,fp3b_a
nic2-2003,high_knowledge_joint@historical-v1,fp3b_b
nic2-2003,high_knowledge_joint@historical-v1,fp3b_c
nic2-2003,high_knowledge_joint@historical-v1,fp3b_s
nic2-2003,high_knowledge_joint@historical-v1,fp3c_a
nic2-2003,high_knowledge_joint@historical-v1,fp3c_b
nic2-2003,high_knowledge_joint@historical-v1,fp3c_c
nic2-2003,high_knowledge_joint@historical-v1,fp3c_s
nic2-2003,high_knowledge_joint@historical-v1,fp3d_a
nic2-2003,high_knowledge_joint@historical-v1,fp3d_b
nic2-2003,high_knowledge_joint@historical-v1,fp3d_c
nic2-2003,high_knowledge_joint@historical-v1,fp3d_s
nic2-2003,high_knowledge_joint@historical-v1,fp4a_a
nic2-2003,high_knowledge_joint@historical-v1,fp4a_b
nic2-2003,high_knowledge_joint@historical-v1,fp4b_a
nic2-2003,high_knowledge_joint@historical-v1,fp4b_b
nic2-2003,high_knowledge_joint@historical-v1,wrm1_a
nic2-2003,high_knowledge_joint@historical-v1,wrm2a_a
nic2-2003,high_knowledge_joint@historical-v1,wrm2a_b
nic2-2003,high_knowledge_joint@historical-v1,wrm2a_c
nic2-2003,high_knowledge_joint@historical-v1,wrm2a_s
nic2-2003,high_knowledge_joint@historical-v1,wrm2b_a
nic2-2003,high_knowledge_joint@historical-v1,wrm2b_b
nic2-2003,high_knowledge_joint@historical-v1,wrm2b_c
nic2-2003,high_knowledge_joint@historical-v1,wrm2b_s
nic2-2003,high_knowledge_joint@historical-v1,wrm3_a
nic2-2003,high_knowledge_joint@historical-v1,wrm4a_a
nic2-2003,high_knowledge_joint@historical-v1,wrm4a_b
nic2-2003,high_knowledge_joint@historical-v1,wrm4a_c
nic2-2003,high_knowledge_joint@historical-v1,wrm4a_s
nic2-2003,high_knowledge_joint@historical-v1,wrm4b_a
nic2-2003,high_knowledge_joint@historical-v1,wrm4b_b
nic2-2003,high_knowledge_joint@historical-v1,wrm4b_c
nic2-2003,high_knowledge_joint@historical-v1,wrm4b_s
nic2-2003,high_knowledge_joint@historical-v1,hngr
nic2-2003,high_knowledge_joint@historical-v1,pair1_a
nic2-2003,high_knowledge_joint@historical-v1,pair1_b
nic2-2003,high_knowledge_joint@historical-v1,pair2_a
nic2-2003,high_knowledge_joint@historical-v1,pair2_b
nic2-2003,high_knowledge_joint@historical-v1,pair3_a
nic2-2003,high_knowledge_joint@historical-v1,pair3_b
nic2-2003,high_knowledge_joint@historical-v1,pdem1_a
nic2-2003,high_knowledge_joint@historical-v1,pdem1_b
nic2-2003,high_knowledge_joint@historical-v1,pdem1_c
nic2-2003,high_knowledge_joint@historical-v1,pdem2_a
nic2-2003,high_knowledge_joint@historical-v1,pdem2_b
nic2-2003,high_knowledge_joint@historical-v1,pdem2_c
nic2-2003,high_knowledge_joint@historical-v1,aid1
nic2-2003,high_knowledge_joint@historical-v1,aid2a_a
nic2-2003,high_knowledge_joint@historical-v1,aid2a_b
nic2-2003,high_knowledge_joint@historical-v1,aid2a_c
nic2-2003,high_knowledge_joint@historical-v1,aid2b_a
nic2-2003,high_knowledge_joint@historical-v1,aid2b_b
nic2-2003,high_knowledge_joint@historical-v1,mact1_a
nic2-2003,high_knowledge_joint@historical-v1,mact1_b
nic2-2003,high_knowledge_joint@historical-v1,mact1_c
nic2-2003,high_knowledge_joint@historical-v1,mact1_s
nic2-2003,high_knowledge_joint@historical-v1,mact2_a
nic2-2003,high_knowledge_joint@historical-v1,mact2_b
nic2-2003,high_knowledge_joint@historical-v1,mact2_c
nic2-2003,high_knowledge_joint@historical-v1,mact2_s
nic2-2003,high_knowledge_joint@historical-v1,mact3_a
nic2-2003,high_knowledge_joint@historical-v1,mact3_b
nic2-2003,high_knowledge_joint@historical-v1,mact3_c
nic2-2003,high_knowledge_joint@historical-v1,mact3_s
nic2-2003,high_knowledge_joint@historical-v1,mact4_a
nic2-2003,high_knowledge_joint@historical-v1,mact4_b
nic2-2003,high_knowledge_joint@historical-v1,mact4_c
nic2-2003,high_knowledge_joint@historical-v1,mact4_s
nic2-2003,high_knowledge_joint@historical-v1,mact5_a
nic2-2003,high_knowledge_joint@historical-v1,mact5_b
nic2-2003,high_knowledge_joint@historical-v1,mact5_c
nic2-2003,high_knowledge_joint@historical-v1,mact5_s
nic2-2003,high_knowledge_joint@historical-v1,mact6_a
nic2-2003,high_knowledge_joint@historical-v1,mact6_b
nic2-2003,high_knowledge_joint@historical-v1,mact6_c
nic2-2003,high_knowledge_joint@historical-v1,mact6_s
nic2-2003,high_knowledge_joint@historical-v1,trd1_a
nic2-2003,high_knowledge_joint@historical-v1,trd1_b
nic2-2003,high_knowledge_joint@historical-v1,trd2
nic2-2003,high_knowledge_joint@historical-v1,trd3_a
nic2-2003,high_knowledge_joint@historical-v1,trd3_b
nic2-2003,high_knowledge_joint@historical-v1,trd4
nic2-2003,high_knowledge_joint@historical-v1,int1a_a
nic2-2003,high_knowledge_joint@historical-v1,int1a_b
nic2-2003,high_knowledge_joint@historical-v1,int1b_a
nic2-2003,high_knowledge_joint@historical-v1,int1b_b
nic2-2003,high_knowledge_joint@historical-v1,int1b_c
nic2-2003,high_knowledge_joint@historical-v1,int1b_d
nic2-2003,high_knowledge_joint@historical-v1,int2a
nic2-2003,high_knowledge_joint@historical-v1,int2b
nic2-2003,high_knowledge_joint@historical-v1,int3
nic2-2003,high_knowledge_joint@historical-v1,prtyid_a
nic2-2003,high_knowledge_joint@historical-v1,prtyid_b
nic2-2003,high_knowledge_joint@historical-v1,prtyid_c
nic2-2003,high_knowledge_joint@historical-v1,prtyid_d
nic2-2003,high_knowledge_joint@historical-v1,party
nic2-2003,high_knowledge_joint@historical-v1,amer1_a
nic2-2003,high_knowledge_joint@historical-v1,amer1_b
nic2-2003,high_knowledge_joint@historical-v1,amer1_c
nic2-2003,high_knowledge_joint@historical-v1,amer1_s
nic2-2003,high_knowledge_joint@historical-v1,amer2_a
nic2-2003,high_knowledge_joint@historical-v1,amer2_b
nic2-2003,high_knowledge_joint@historical-v1,amer2_c
nic2-2003,high_knowledge_joint@historical-v1,amer2_s
nic2-2003,high_knowledge_joint@historical-v1,ideo_a
nic2-2003,high_knowledge_joint@historical-v1,ideo_b
nic2-2003,high_knowledge_joint@historical-v1,ideo_c
nic2-2003,high_knowledge_joint@historical-v1,news1_a
nic2-2003,high_knowledge_joint@historical-v1,news1_b
nic2-2003,high_knowledge_joint@historical-v1,news2_a
nic2-2003,high_knowledge_joint@historical-v1,news2_b
nic2-2003,high_knowledge_joint@historical-v1,pint_a
nic2-2003,high_knowledge_joint@historical-v1,pint_b
nic2-2003,high_knowledge_joint@historical-v1,pdsc
nic2-2003,high_knowledge_joint@historical-v1,val1_a
nic2-2003,high_knowledge_joint@historical-v1,val1_b
nic2-2003,high_knowledge_joint@historical-v1,val1_c
nic2-2003,high_knowledge_joint@historical-v1,val1_s
nic2-2003,high_knowledge_joint@historical-v1,val2_a
nic2-2003,high_knowledge_joint@historical-v1,val2_b
nic2-2003,high_knowledge_joint@historical-v1,val2_c
nic2-2003,high_knowledge_joint@historical-v1,val2_s
nic2-2003,high_knowledge_joint@historical-v1,val3_a
nic2-2003,high_knowledge_joint@historical-v1,val3_b
nic2-2003,high_knowledge_joint@historical-v1,val3_c
nic2-2003,high_knowledge_joint@historical-v1,val3_s
nic2-2003,high_knowledge_joint@historical-v1,val4_a
nic2-2003,high_knowledge_joint@historical-v1,val4_b
nic2-2003,high_knowledge_joint@historical-v1,val4_c
nic2-2003,high_knowledge_joint@historical-v1,val4_s
nic2-2003,high_knowledge_joint@historical-v1,pair4_a
nic2-2003,high_knowledge_joint@historical-v1,pair4_b
nic2-2003,high_knowledge_joint@historical-v1,dsagr1_a
nic2-2003,high_knowledge_joint@historical-v1,dsagr1_b
nic2-2003,high_knowledge_joint@historical-v1,dsagr2_a
nic2-2003,high_knowledge_joint@historical-v1,dsagr2_b
nic2-2003,high_knowledge_joint@historical-v1,dsagr2_c
nic2-2003,high_knowledge_joint@historical-v1,yearborn
nic2-2003,high_knowledge_joint@historical-v1,ppage
nic2-2003,high_knowledge_joint@historical-v1,educ_a
nic2-2003,high_knowledge_joint@historical-v1,educ_b
nic2-2003,high_knowledge_joint@historical-v1,mandc_a
nic2-2003,high_knowledge_joint@historical-v1,mandc_b
nic2-2003,high_knowledge_joint@historical-v1,mandc_c
nic2-2003,high_knowledge_joint@historical-v1,hisp
nic2-2003,high_knowledge_joint@historical-v1,race
nic2-2003,high_knowledge_joint@historical-v1,pborn_a
nic2-2003,high_knowledge_joint@historical-v1,pborn_b
nic2-2003,high_knowledge_joint@historical-v1,pborn_c
nic2-2003,high_knowledge_joint@historical-v1,empl
nic2-2003,high_knowledge_joint@historical-v1,lastw
nic2-2003,high_knowledge_joint@historical-v1,etyp
nic2-2003,high_knowledge_joint@historical-v1,eocc
nic2-2003,high_knowledge_joint@historical-v1,milt_a
nic2-2003,high_knowledge_joint@historical-v1,milt_b
nic2-2003,high_knowledge_joint@historical-v1,milt_c
nic2-2003,high_knowledge_joint@historical-v1,abrd_a
nic2-2003,high_knowledge_joint@historical-v1,abrd_b
nic2-2003,high_knowledge_joint@historical-v1,rel1_a
nic2-2003,high_knowledge_joint@historical-v1,rel1_b
nic2-2003,high_knowledge_joint@historical-v1,rel1_c
nic2-2003,high_knowledge_joint@historical-v1,rel2
nic2-2003,high_knowledge_joint@historical-v1,union_a
nic2-2003,high_knowledge_joint@historical-v1,union_b
nic2-2003,high_knowledge_joint@historical-v1,live
nic2-2003,high_knowledge_joint@historical-v1,sex
nic2-2003,high_knowledge_joint@historical-v1,isum
nic2-2003,high_knowledge_joint@historical-v1,qfp1
nic2-2003,high_knowledge_joint@historical-v1,qfp2a_a
nic2-2003,high_knowledge_joint@historical-v1,qfp2a_b
nic2-2003,high_knowledge_joint@historical-v1,qfp2a_c
nic2-2003,high_knowledge_joint@historical-v1,qfp2b_a
nic2-2003,high_knowledge_joint@historical-v1,qfp2b_b
nic2-2003,high_knowledge_joint@historical-v1,qfp2b_c
nic2-2003,high_knowledge_joint@historical-v1,qfp2b_d
nic2-2003,high_knowledge_joint@historical-v1,qfp2c_a
nic2-2003,high_knowledge_joint@historical-v1,qfp2c_b
nic2-2003,high_knowledge_joint@historical-v1,qfp2c_c
nic2-2003,high_knowledge_joint@historical-v1,qfp2c_d
nic2-2003,high_knowledge_joint@historical-v1,qfp3a_s
nic2-2003,high_knowledge_joint@historical-v1,qfp3b_s
nic2-2003,high_knowledge_joint@historical-v1,qfp3c_s
nic2-2003,high_knowledge_joint@historical-v1,qfp3d_s
nic2-2003,high_knowledge_joint@historical-v1,qfp4a_a
nic2-2003,high_knowledge_joint@historical-v1,qfp4a_b
nic2-2003,high_knowledge_joint@historical-v1,qfp4b_a
nic2-2003,high_knowledge_joint@historical-v1,qfp4b_b
nic2-2003,high_knowledge_joint@historical-v1,qwrm1_a
nic2-2003,high_knowledge_joint@historical-v1,qwrm2a_s
nic2-2003,high_knowledge_joint@historical-v1,qwrm2b_s
nic2-2003,high_knowledge_joint@historical-v1,qwrm3_a
nic2-2003,high_knowledge_joint@historical-v1,qwrm4a_s
nic2-2003,high_knowledge_joint@historical-v1,qwrm4b_s
nic2-2003,high_knowledge_joint@historical-v1,qhngr
nic2-2003,high_knowledge_joint@historical-v1,qpair1_a
nic2-2003,high_knowledge_joint@historical-v1,qpair1_b
nic2-2003,high_knowledge_joint@historical-v1,qpair2_a
nic2-2003,high_knowledge_joint@historical-v1,qpair2_b
nic2-2003,high_knowledge_joint@historical-v1,qpair3_a
nic2-2003,high_knowledge_joint@historical-v1,qpair3_b
nic2-2003,high_knowledge_joint@historical-v1,qpdem1_a
nic2-2003,high_knowledge_joint@historical-v1,qpdem1_b
nic2-2003,high_knowledge_joint@historical-v1,qpdem1_c
nic2-2003,high_knowledge_joint@historical-v1,qpdem2_a
nic2-2003,high_knowledge_joint@historical-v1,qpdem2_b
nic2-2003,high_knowledge_joint@historical-v1,qpdem2_c
nic2-2003,high_knowledge_joint@historical-v1,qaid1
nic2-2003,high_knowledge_joint@historical-v1,qaid2a_a
nic2-2003,high_knowledge_joint@historical-v1,qaid2a_b
nic2-2003,high_knowledge_joint@historical-v1,qaid2a_c
nic2-2003,high_knowledge_joint@historical-v1,qaid2b_a
nic2-2003,high_knowledge_joint@historical-v1,qaid2b_b
nic2-2003,high_knowledge_joint@historical-v1,qmact1_s
nic2-2003,high_knowledge_joint@historical-v1,qmact2_s
nic2-2003,high_knowledge_joint@historical-v1,qmact3_s
nic2-2003,high_knowledge_joint@historical-v1,qmact4_s
nic2-2003,high_knowledge_joint@historical-v1,qmact5_s
nic2-2003,high_knowledge_joint@historical-v1,qmact6_s
nic2-2003,high_knowledge_joint@historical-v1,qtrd1_a
nic2-2003,high_knowledge_joint@historical-v1,qtrd1_b
nic2-2003,high_knowledge_joint@historical-v1,qtrd2
nic2-2003,high_knowledge_joint@historical-v1,qtrd3_a
nic2-2003,high_knowledge_joint@historical-v1,qtrd3_b
nic2-2003,high_knowledge_joint@historical-v1,qtrd4
nic2-2003,high_knowledge_joint@historical-v1,qint1a_a
nic2-2003,high_knowledge_joint@historical-v1,qint1a_b
nic2-2003,high_knowledge_joint@historical-v1,qint1b_a
nic2-2003,high_knowledge_joint@historical-v1,qint1b_b
nic2-2003,high_knowledge_joint@historical-v1,qint1b_c
nic2-2003,high_knowledge_joint@historical-v1,qint1b_d
nic2-2003,high_knowledge_joint@historical-v1,qint2a
nic2-2003,high_knowledge_joint@historical-v1,qint2b
nic2-2003,high_knowledge_joint@historical-v1,qint3
nic2-2003,high_knowledge_joint@historical-v1,qparty
nic2-2003,high_knowledge_joint@historical-v1,qamer1_s
nic2-2003,high_knowledge_joint@historical-v1,qamer2_s
nic2-2003,high_knowledge_joint@historical-v1,qideo_a
nic2-2003,high_knowledge_joint@historical-v1,qideo_b
nic2-2003,high_knowledge_joint@historical-v1,qideo_c
nic2-2003,high_knowledge_joint@historical-v1,qnews1_a
nic2-2003,high_knowledge_joint@historical-v1,qnews1_b
nic2-2003,high_knowledge_joint@historical-v1,qnews2_a
nic2-2003,high_knowledge_joint@historical-v1,qnews2_b
nic2-2003,high_knowledge_joint@historical-v1,qpint_a
nic2-2003,high_knowledge_joint@historical-v1,qpint_b
nic2-2003,high_knowledge_joint@historical-v1,qpdsc
nic2-2003,high_knowledge_joint@historical-v1,qval1_s
nic2-2003,high_knowledge_joint@historical-v1,qval2_s
nic2-2003,high_knowledge_joint@historical-v1,qval3_s
nic2-2003,high_knowledge_joint@historical-v1,qval4_s
nic2-2003,high_knowledge_joint@historical-v1,qpair4_a
nic2-2003,high_knowledge_joint@historical-v1,qpair4_b
nic2-2003,high_knowledge_joint@historical-v1,qdsagr1a
nic2-2003,high_knowledge_joint@historical-v1,qdsagr1b
nic2-2003,high_knowledge_joint@historical-v1,qdsagr2a
nic2-2003,high_knowledge_joint@historical-v1,qdsagr2b
nic2-2003,high_knowledge_joint@historical-v1,qdsagr2c
nic2-2003,high_knowledge_joint@historical-v1,qage
nic2-2003,high_knowledge_joint@historical-v1,qeduc_a
nic2-2003,high_knowledge_joint@historical-v1,qeduc_b
nic2-2003,high_knowledge_joint@historical-v1,qmandc_a
nic2-2003,high_knowledge_joint@historical-v1,qmandc_b
nic2-2003,high_knowledge_joint@historical-v1,qmandc_c
nic2-2003,high_knowledge_joint@historical-v1,qhisp
nic2-2003,high_knowledge_joint@historical-v1,qrace
nic2-2003,high_knowledge_joint@historical-v1,qpborn_a
nic2-2003,high_knowledge_joint@historical-v1,qpborn_b
nic2-2003,high_knowledge_joint@historical-v1,qpborn_c
nic2-2003,high_knowledge_joint@historical-v1,qempl
nic2-2003,high_knowledge_joint@historical-v1,qlastw
nic2-2003,high_knowledge_joint@historical-v1,qetyp
nic2-2003,high_knowledge_joint@historical-v1,qeocc
nic2-2003,high_knowledge_joint@historical-v1,qmilt_a
nic2-2003,high_knowledge_joint@historical-v1,qmilt_b
nic2-2003,high_knowledge_joint@historical-v1,qmilt_c
nic2-2003,high_knowledge_joint@historical-v1,qabrd_a
nic2-2003,high_knowledge_joint@historical-v1,qabrd_b
nic2-2003,high_knowledge_joint@historical-v1,qrel1_a
nic2-2003,high_knowledge_joint@historical-v1,qrel1_b
nic2-2003,high_knowledge_joint@historical-v1,qrel1_c
nic2-2003,high_knowledge_joint@historical-v1,qrel2
nic2-2003,high_knowledge_joint@historical-v1,qunion_a
nic2-2003,high_knowledge_joint@historical-v1,qunion_b
nic2-2003,high_knowledge_joint@historical-v1,qlive
nic2-2003,high_knowledge_joint@historical-v1,qsex
nic2-2003,high_knowledge_joint@historical-v1,eval1a
nic2-2003,high_knowledge_joint@historical-v1,eval1b
nic2-2003,high_knowledge_joint@historical-v1,eval1c
nic2-2003,high_knowledge_joint@historical-v1,eval1d
nic2-2003,high_knowledge_joint@historical-v1,eval2a
nic2-2003,high_knowledge_joint@historical-v1,eval2b
nic2-2003,high_knowledge_joint@historical-v1,eval2c
nic2-2003,high_knowledge_joint@historical-v1,eval2d
nic2-2003,high_knowledge_joint@historical-v1,eval2e
nic2-2003,high_knowledge_joint@historical-v1,eval2f
nic2-2003,high_knowledge_joint@historical-v1,eval2g
nic2-2003,high_knowledge_joint@historical-v1,eval2h
nic2-2003,high_knowledge_joint@historical-v1,eval2i
nic2-2003,high_knowledge_joint@historical-v1,eval3
nic2-2003,high_knowledge_joint@historical-v1,eval4
nic2-2003,high_knowledge_joint@historical-v1,eval5
nic2-2003,high_knowledge_joint@historical-v1,eval6
nic2-2003,high_knowledge_joint@historical-v1,eval7a
nic2-2003,high_knowledge_joint@historical-v1,eval7b
nic2-2003,high_knowledge_joint@historical-v1,eval7c
nic2-2003,high_knowledge_joint@historical-v1,eval7d
nic2-2003,high_knowledge_joint@historical-v1,eval8
nic2-2003,high_knowledge_joint@historical-v1,eval9
nic2-2003,high_knowledge_joint@historical-v1,sq1a
nic2-2003,high_knowledge_joint@historical-v1,sq1b
nic2-2003,high_knowledge_joint@historical-v1,sq1c
nic2-2003,high_knowledge_joint@historical-v1,sq2a
nic2-2003,high_knowledge_joint@historical-v1,sq2b
nic2-2003,high_knowledge_joint@historical-v1,sq2c
nic2-2003,high_knowledge_joint@historical-v1,sq2d
nic2-2003,high_knowledge_joint@historical-v1,sq3a
nic2-2003,high_knowledge_joint@historical-v1,sq3b
nic2-2003,high_knowledge_joint@historical-v1,sq3c
nic2-2003,high_knowledge_joint@historical-v1,sq3d
nic2-2003,high_knowledge_joint@historical-v1,sq3e
nic2-2003,high_knowledge_joint@historical-v1,sq3f
nic2-2003,high_knowledge_joint@historical-v1,sq4
nic2-2003,high_knowledge_joint@historical-v1,sq5a
nic2-2003,high_knowledge_joint@historical-v1,sq5b
nic2-2003,high_knowledge_joint@historical-v1,qisum
nic2-2003,log_knowledge_joint@historical-v1,fp1
nic2-2003,log_knowledge_joint@historical-v1,fp2a_a
nic2-2003,log_knowledge_joint@historical-v1,fp2a_b
nic2-2003,log_knowledge_joint@historical-v1,fp2a_c
nic2-2003,log_knowledge_joint@historical-v1,fp2b_a
nic2-2003,log_knowledge_joint@historical-v1,fp2b_b
nic2-2003,log_knowledge_joint@historical-v1,fp2b_c
nic2-2003,log_knowledge_joint@historical-v1,fp2b_d
nic2-2003,log_knowledge_joint@historical-v1,fp2c_a
nic2-2003,log_knowledge_joint@historical-v1,fp2c_b
nic2-2003,log_knowledge_joint@historical-v1,fp2c_c
nic2-2003,log_knowledge_joint@historical-v1,fp2c_d
nic2-2003,log_knowledge_joint@historical-v1,fp3a_a
nic2-2003,log_knowledge_joint@historical-v1,fp3a_b
nic2-2003,log_knowledge_joint@historical-v1,fp3a_c
nic2-2003,log_knowledge_joint@historical-v1,fp3a_s
nic2-2003,log_knowledge_joint@historical-v1,fp3b_a
nic2-2003,log_knowledge_joint@historical-v1,fp3b_b
nic2-2003,log_knowledge_joint@historical-v1,fp3b_c
nic2-2003,log_knowledge_joint@historical-v1,fp3b_s
nic2-2003,log_knowledge_joint@historical-v1,fp3c_a
nic2-2003,log_knowledge_joint@historical-v1,fp3c_b
nic2-2003,log_knowledge_joint@historical-v1,fp3c_c
nic2-2003,log_knowledge_joint@historical-v1,fp3c_s
nic2-2003,log_knowledge_joint@historical-v1,fp3d_a
nic2-2003,log_knowledge_joint@historical-v1,fp3d_b
nic2-2003,log_knowledge_joint@historical-v1,fp3d_c
nic2-2003,log_knowledge_joint@historical-v1,fp3d_s
nic2-2003,log_knowledge_joint@historical-v1,fp4a_a
nic2-2003,log_knowledge_joint@historical-v1,fp4a_b
nic2-2003,log_knowledge_joint@historical-v1,fp4b_a
nic2-2003,log_knowledge_joint@historical-v1,fp4b_b
nic2-2003,log_knowledge_joint@historical-v1,wrm1_a
nic2-2003,log_knowledge_joint@historical-v1,wrm2a_a
nic2-2003,log_knowledge_joint@historical-v1,wrm2a_b
nic2-2003,log_knowledge_joint@historical-v1,wrm2a_c
nic2-2003,log_knowledge_joint@historical-v1,wrm2a_s
nic2-2003,log_knowledge_joint@historical-v1,wrm2b_a
nic2-2003,log_knowledge_joint@historical-v1,wrm2b_b
nic2-2003,log_knowledge_joint@historical-v1,wrm2b_c
nic2-2003,log_knowledge_joint@historical-v1,wrm2b_s
nic2-2003,log_knowledge_joint@historical-v1,wrm3_a
nic2-2003,log_knowledge_joint@historical-v1,wrm4a_a
nic2-2003,log_knowledge_joint@historical-v1,wrm4a_b
nic2-2003,log_knowledge_joint@historical-v1,wrm4a_c
nic2-2003,log_knowledge_joint@historical-v1,wrm4a_s
nic2-2003,log_knowledge_joint@historical-v1,wrm4b_a
nic2-2003,log_knowledge_joint@historical-v1,wrm4b_b
nic2-2003,log_knowledge_joint@historical-v1,wrm4b_c
nic2-2003,log_knowledge_joint@historical-v1,wrm4b_s
nic2-2003,log_knowledge_joint@historical-v1,hngr
nic2-2003,log_knowledge_joint@historical-v1,pair1_a
nic2-2003,log_knowledge_joint@historical-v1,pair1_b
nic2-2003,log_knowledge_joint@historical-v1,pair2_a
nic2-2003,log_knowledge_joint@historical-v1,pair2_b
nic2-2003,log_knowledge_joint@historical-v1,pair3_a
nic2-2003,log_knowledge_joint@historical-v1,pair3_b
nic2-2003,log_knowledge_joint@historical-v1,pdem1_a
nic2-2003,log_knowledge_joint@historical-v1,pdem1_b
nic2-2003,log_knowledge_joint@historical-v1,pdem1_c
nic2-2003,log_knowledge_joint@historical-v1,pdem2_a
nic2-2003,log_knowledge_joint@historical-v1,pdem2_b
nic2-2003,log_knowledge_joint@historical-v1,pdem2_c
nic2-2003,log_knowledge_joint@historical-v1,aid1
nic2-2003,log_knowledge_joint@historical-v1,aid2a_a
nic2-2003,log_knowledge_joint@historical-v1,aid2a_b
nic2-2003,log_knowledge_joint@historical-v1,aid2a_c
nic2-2003,log_knowledge_joint@historical-v1,aid2b_a
nic2-2003,log_knowledge_joint@historical-v1,aid2b_b
nic2-2003,log_knowledge_joint@historical-v1,mact1_a
nic2-2003,log_knowledge_joint@historical-v1,mact1_b
nic2-2003,log_knowledge_joint@historical-v1,mact1_c
nic2-2003,log_knowledge_joint@historical-v1,mact1_s
nic2-2003,log_knowledge_joint@historical-v1,mact2_a
nic2-2003,log_knowledge_joint@historical-v1,mact2_b
nic2-2003,log_knowledge_joint@historical-v1,mact2_c
nic2-2003,log_knowledge_joint@historical-v1,mact2_s
nic2-2003,log_knowledge_joint@historical-v1,mact3_a
nic2-2003,log_knowledge_joint@historical-v1,mact3_b
nic2-2003,log_knowledge_joint@historical-v1,mact3_c
nic2-2003,log_knowledge_joint@historical-v1,mact3_s
nic2-2003,log_knowledge_joint@historical-v1,mact4_a
nic2-2003,log_knowledge_joint@historical-v1,mact4_b
nic2-2003,log_knowledge_joint@historical-v1,mact4_c
nic2-2003,log_knowledge_joint@historical-v1,mact4_s
nic2-2003,log_knowledge_joint@historical-v1,mact5_a
nic2-2003,log_knowledge_joint@historical-v1,mact5_b
nic2-2003,log_knowledge_joint@historical-v1,mact5_c
nic2-2003,log_knowledge_joint@historical-v1,mact5_s
nic2-2003,log_knowledge_joint@historical-v1,mact6_a
nic2-2003,log_knowledge_joint@historical-v1,mact6_b
nic2-2003,log_knowledge_joint@historical-v1,mact6_c
nic2-2003,log_knowledge_joint@historical-v1,mact6_s
nic2-2003,log_knowledge_joint@historical-v1,trd1_a
nic2-2003,log_knowledge_joint@historical-v1,trd1_b
nic2-2003,log_knowledge_joint@historical-v1,trd2
nic2-2003,log_knowledge_joint@historical-v1,trd3_a
nic2-2003,log_knowledge_joint@historical-v1,trd3_b
nic2-2003,log_knowledge_joint@historical-v1,trd4
nic2-2003,log_knowledge_joint@historical-v1,int1a_a
nic2-2003,log_knowledge_joint@historical-v1,int1a_b
nic2-2003,log_knowledge_joint@historical-v1,int1b_a
nic2-2003,log_knowledge_joint@historical-v1,int1b_b
nic2-2003,log_knowledge_joint@historical-v1,int1b_c
nic2-2003,log_knowledge_joint@historical-v1,int1b_d
nic2-2003,log_knowledge_joint@historical-v1,int2a
nic2-2003,log_knowledge_joint@historical-v1,int2b
nic2-2003,log_knowledge_joint@historical-v1,int3
nic2-2003,log_knowledge_joint@historical-v1,prtyid_a
nic2-2003,log_knowledge_joint@historical-v1,prtyid_b
nic2-2003,log_knowledge_joint@historical-v1,prtyid_c
nic2-2003,log_knowledge_joint@historical-v1,prtyid_d
nic2-2003,log_knowledge_joint@historical-v1,party
nic2-2003,log_knowledge_joint@historical-v1,amer1_a
nic2-2003,log_knowledge_joint@historical-v1,amer1_b
nic2-2003,log_knowledge_joint@historical-v1,amer1_c
nic2-2003,log_knowledge_joint@historical-v1,amer1_s
nic2-2003,log_knowledge_joint@historical-v1,amer2_a
nic2-2003,log_knowledge_joint@historical-v1,amer2_b
nic2-2003,log_knowledge_joint@historical-v1,amer2_c
nic2-2003,log_knowledge_joint@historical-v1,amer2_s
nic2-2003,log_knowledge_joint@historical-v1,ideo_a
nic2-2003,log_knowledge_joint@historical-v1,ideo_b
nic2-2003,log_knowledge_joint@historical-v1,ideo_c
nic2-2003,log_knowledge_joint@historical-v1,news1_a
nic2-2003,log_knowledge_joint@historical-v1,news1_b
nic2-2003,log_knowledge_joint@historical-v1,news2_a
nic2-2003,log_knowledge_joint@historical-v1,news2_b
nic2-2003,log_knowledge_joint@historical-v1,pint_a
nic2-2003,log_knowledge_joint@historical-v1,pint_b
nic2-2003,log_knowledge_joint@historical-v1,pdsc
nic2-2003,log_knowledge_joint@historical-v1,val1_a
nic2-2003,log_knowledge_joint@historical-v1,val1_b
nic2-2003,log_knowledge_joint@historical-v1,val1_c
nic2-2003,log_knowledge_joint@historical-v1,val1_s
nic2-2003,log_knowledge_joint@historical-v1,val2_a
nic2-2003,log_knowledge_joint@historical-v1,val2_b
nic2-2003,log_knowledge_joint@historical-v1,val2_c
nic2-2003,log_knowledge_joint@historical-v1,val2_s
nic2-2003,log_knowledge_joint@historical-v1,val3_a
nic2-2003,log_knowledge_joint@historical-v1,val3_b
nic2-2003,log_knowledge_joint@historical-v1,val3_c
nic2-2003,log_knowledge_joint@historical-v1,val3_s
nic2-2003,log_knowledge_joint@historical-v1,val4_a
nic2-2003,log_knowledge_joint@historical-v1,val4_b
nic2-2003,log_knowledge_joint@historical-v1,val4_c
nic2-2003,log_knowledge_joint@historical-v1,val4_s
nic2-2003,log_knowledge_joint@historical-v1,pair4_a
nic2-2003,log_knowledge_joint@historical-v1,pair4_b
nic2-2003,log_knowledge_joint@historical-v1,dsagr1_a
nic2-2003,log_knowledge_joint@historical-v1,dsagr1_b
nic2-2003,log_knowledge_joint@historical-v1,dsagr2_a
nic2-2003,log_knowledge_joint@historical-v1,dsagr2_b
nic2-2003,log_knowledge_joint@historical-v1,dsagr2_c
nic2-2003,log_knowledge_joint@historical-v1,yearborn
nic2-2003,log_knowledge_joint@historical-v1,ppage
nic2-2003,log_knowledge_joint@historical-v1,educ_a
nic2-2003,log_knowledge_joint@historical-v1,educ_b
nic2-2003,log_knowledge_joint@historical-v1,mandc_a
nic2-2003,log_knowledge_joint@historical-v1,mandc_b
nic2-2003,log_knowledge_joint@historical-v1,mandc_c
nic2-2003,log_knowledge_joint@historical-v1,hisp
nic2-2003,log_knowledge_joint@historical-v1,race
nic2-2003,log_knowledge_joint@historical-v1,pborn_a
nic2-2003,log_knowledge_joint@historical-v1,pborn_b
nic2-2003,log_knowledge_joint@historical-v1,pborn_c
nic2-2003,log_knowledge_joint@historical-v1,empl
nic2-2003,log_knowledge_joint@historical-v1,lastw
nic2-2003,log_knowledge_joint@historical-v1,etyp
nic2-2003,log_knowledge_joint@historical-v1,eocc
nic2-2003,log_knowledge_joint@historical-v1,milt_a
nic2-2003,log_knowledge_joint@historical-v1,milt_b
nic2-2003,log_knowledge_joint@historical-v1,milt_c
nic2-2003,log_knowledge_joint@historical-v1,abrd_a
nic2-2003,log_knowledge_joint@historical-v1,abrd_b
nic2-2003,log_knowledge_joint@historical-v1,rel1_a
nic2-2003,log_knowledge_joint@historical-v1,rel1_b
nic2-2003,log_knowledge_joint@historical-v1,rel1_c
nic2-2003,log_knowledge_joint@historical-v1,rel2
nic2-2003,log_knowledge_joint@historical-v1,union_a
nic2-2003,log_knowledge_joint@historical-v1,union_b
nic2-2003,log_knowledge_joint@historical-v1,live
nic2-2003,log_knowledge_joint@historical-v1,sex
nic2-2003,log_knowledge_joint@historical-v1,isum
nic2-2003,log_knowledge_joint@historical-v1,qfp1
nic2-2003,log_knowledge_joint@historical-v1,qfp2a_a
nic2-2003,log_knowledge_joint@historical-v1,qfp2a_b
nic2-2003,log_knowledge_joint@historical-v1,qfp2a_c
nic2-2003,log_knowledge_joint@historical-v1,qfp2b_a
nic2-2003,log_knowledge_joint@historical-v1,qfp2b_b
nic2-2003,log_knowledge_joint@historical-v1,qfp2b_c
nic2-2003,log_knowledge_joint@historical-v1,qfp2b_d
nic2-2003,log_knowledge_joint@historical-v1,qfp2c_a
nic2-2003,log_knowledge_joint@historical-v1,qfp2c_b
nic2-2003,log_knowledge_joint@historical-v1,qfp2c_c
nic2-2003,log_knowledge_joint@historical-v1,qfp2c_d
nic2-2003,log_knowledge_joint@historical-v1,qfp3a_s
nic2-2003,log_knowledge_joint@historical-v1,qfp3b_s
nic2-2003,log_knowledge_joint@historical-v1,qfp3c_s
nic2-2003,log_knowledge_joint@historical-v1,qfp3d_s
nic2-2003,log_knowledge_joint@historical-v1,qfp4a_a
nic2-2003,log_knowledge_joint@historical-v1,qfp4a_b
nic2-2003,log_knowledge_joint@historical-v1,qfp4b_a
nic2-2003,log_knowledge_joint@historical-v1,qfp4b_b
nic2-2003,log_knowledge_joint@historical-v1,qwrm1_a
nic2-2003,log_knowledge_joint@historical-v1,qwrm2a_s
nic2-2003,log_knowledge_joint@historical-v1,qwrm2b_s
nic2-2003,log_knowledge_joint@historical-v1,qwrm3_a
nic2-2003,log_knowledge_joint@historical-v1,qwrm4a_s
nic2-2003,log_knowledge_joint@historical-v1,qwrm4b_s
nic2-2003,log_knowledge_joint@historical-v1,qhngr
nic2-2003,log_knowledge_joint@historical-v1,qpair1_a
nic2-2003,log_knowledge_joint@historical-v1,qpair1_b
nic2-2003,log_knowledge_joint@historical-v1,qpair2_a
nic2-2003,log_knowledge_joint@historical-v1,qpair2_b
nic2-2003,log_knowledge_joint@historical-v1,qpair3_a
nic2-2003,log_knowledge_joint@historical-v1,qpair3_b
nic2-2003,log_knowledge_joint@historical-v1,qpdem1_a
nic2-2003,log_knowledge_joint@historical-v1,qpdem1_b
nic2-2003,log_knowledge_joint@historical-v1,qpdem1_c
nic2-2003,log_knowledge_joint@historical-v1,qpdem2_a
nic2-2003,log_knowledge_joint@historical-v1,qpdem2_b
nic2-2003,log_knowledge_joint@historical-v1,qpdem2_c
nic2-2003,log_knowledge_joint@historical-v1,qaid1
nic2-2003,log_knowledge_joint@historical-v1,qaid2a_a
nic2-2003,log_knowledge_joint@historical-v1,qaid2a_b
nic2-2003,log_knowledge_joint@historical-v1,qaid2a_c
nic2-2003,log_knowledge_joint@historical-v1,qaid2b_a
nic2-2003,log_knowledge_joint@historical-v1,qaid2b_b
nic2-2003,log_knowledge_joint@historical-v1,qmact1_s
nic2-2003,log_knowledge_joint@historical-v1,qmact2_s
nic2-2003,log_knowledge_joint@historical-v1,qmact3_s
nic2-2003,log_knowledge_joint@historical-v1,qmact4_s
nic2-2003,log_knowledge_joint@historical-v1,qmact5_s
nic2-2003,log_knowledge_joint@historical-v1,qmact6_s
nic2-2003,log_knowledge_joint@historical-v1,qtrd1_a
nic2-2003,log_knowledge_joint@historical-v1,qtrd1_b
nic2-2003,log_knowledge_joint@historical-v1,qtrd2
nic2-2003,log_knowledge_joint@historical-v1,qtrd3_a
nic2-2003,log_knowledge_joint@historical-v1,qtrd3_b
nic2-2003,log_knowledge_joint@historical-v1,qtrd4
nic2-2003,log_knowledge_joint@historical-v1,qint1a_a
nic2-2003,log_knowledge_joint@historical-v1,qint1a_b
nic2-2003,log_knowledge_joint@historical-v1,qint1b_a
nic2-2003,log_knowledge_joint@historical-v1,qint1b_b
nic2-2003,log_knowledge_joint@historical-v1,qint1b_c
nic2-2003,log_knowledge_joint@historical-v1,qint1b_d
nic2-2003,log_knowledge_joint@historical-v1,qint2a
nic2-2003,log_knowledge_joint@historical-v1,qint2b
nic2-2003,log_knowledge_joint@historical-v1,qint3
nic2-2003,log_knowledge_joint@historical-v1,qparty
nic2-2003,log_knowledge_joint@historical-v1,qamer1_s
nic2-2003,log_knowledge_joint@historical-v1,qamer2_s
nic2-2003,log_knowledge_joint@historical-v1,qideo_a
nic2-2003,log_knowledge_joint@historical-v1,qideo_b
nic2-2003,log_knowledge_joint@historical-v1,qideo_c
nic2-2003,log_knowledge_joint@historical-v1,qnews1_a
nic2-2003,log_knowledge_joint@historical-v1,qnews1_b
nic2-2003,log_knowledge_joint@historical-v1,qnews2_a
nic2-2003,log_knowledge_joint@historical-v1,qnews2_b
nic2-2003,log_knowledge_joint@historical-v1,qpint_a
nic2-2003,log_knowledge_joint@historical-v1,qpint_b
nic2-2003,log_knowledge_joint@historical-v1,qpdsc
nic2-2003,log_knowledge_joint@historical-v1,qval1_s
nic2-2003,log_knowledge_joint@historical-v1,qval2_s
nic2-2003,log_knowledge_joint@historical-v1,qval3_s
nic2-2003,log_knowledge_joint@historical-v1,qval4_s
nic2-2003,log_knowledge_joint@historical-v1,qpair4_a
nic2-2003,log_knowledge_joint@historical-v1,qpair4_b
nic2-2003,log_knowledge_joint@historical-v1,qdsagr1a
nic2-2003,log_knowledge_joint@historical-v1,qdsagr1b
nic2-2003,log_knowledge_joint@historical-v1,qdsagr2a
nic2-2003,log_knowledge_joint@historical-v1,qdsagr2b
nic2-2003,log_knowledge_joint@historical-v1,qdsagr2c
nic2-2003,log_knowledge_joint@historical-v1,qage
nic2-2003,log_knowledge_joint@historical-v1,qeduc_a
nic2-2003,log_knowledge_joint@historical-v1,qeduc_b
nic2-2003,log_knowledge_joint@historical-v1,qmandc_a
nic2-2003,log_knowledge_joint@historical-v1,qmandc_b
nic2-2003,log_knowledge_joint@historical-v1,qmandc_c
nic2-2003,log_knowledge_joint@historical-v1,qhisp
nic2-2003,log_knowledge_joint@historical-v1,qrace
nic2-2003,log_knowledge_joint@historical-v1,qpborn_a
nic2-2003,log_knowledge_joint@historical-v1,qpborn_b
nic2-2003,log_knowledge_joint@historical-v1,qpborn_c
nic2-2003,log_knowledge_joint@historical-v1,qempl
nic2-2003,log_knowledge_joint@historical-v1,qlastw
nic2-2003,log_knowledge_joint@historical-v1,qetyp
nic2-2003,log_knowledge_joint@historical-v1,qeocc
nic2-2003,log_knowledge_joint@historical-v1,qmilt_a
nic2-2003,log_knowledge_joint@historical-v1,qmilt_b
nic2-2003,log_knowledge_joint@historical-v1,qmilt_c
nic2-2003,log_knowledge_joint@historical-v1,qabrd_a
nic2-2003,log_knowledge_joint@historical-v1,qabrd_b
nic2-2003,log_knowledge_joint@historical-v1,qrel1_a
nic2-2003,log_knowledge_joint@historical-v1,qrel1_b
nic2-2003,log_knowledge_joint@historical-v1,qrel1_c
nic2-2003,log_knowledge_joint@historical-v1,qrel2
nic2-2003,log_knowledge_joint@historical-v1,qunion_a
nic2-2003,log_knowledge_joint@historical-v1,qunion_b
nic2-2003,log_knowledge_joint@historical-v1,qlive
nic2-2003,log_knowledge_joint@historical-v1,qsex
nic2-2003,log_knowledge_joint@historical-v1,eval1a
nic2-2003,log_knowledge_joint@historical-v1,eval1b
nic2-2003,log_knowledge_joint@historical-v1,eval1c
nic2-2003,log_knowledge_joint@historical-v1,eval1d
nic2-2003,log_knowledge_joint@historical-v1,eval2a
nic2-2003,log_knowledge_joint@historical-v1,eval2b
nic2-2003,log_knowledge_joint@historical-v1,eval2c
nic2-2003,log_knowledge_joint@historical-v1,eval2d
nic2-2003,log_knowledge_joint@historical-v1,eval2e
nic2-2003,log_knowledge_joint@historical-v1,eval2f
nic2-2003,log_knowledge_joint@historical-v1,eval2g
nic2-2003,log_knowledge_joint@historical-v1,eval2h
nic2-2003,log_knowledge_joint@historical-v1,eval2i
nic2-2003,log_knowledge_joint@historical-v1,eval3
nic2-2003,log_knowledge_joint@historical-v1,eval4
nic2-2003,log_knowledge_joint@historical-v1,eval5
nic2-2003,log_knowledge_joint@historical-v1,eval6
nic2-2003,log_knowledge_joint@historical-v1,eval7a
nic2-2003,log_knowledge_joint@historical-v1,eval7b
nic2-2003,log_knowledge_joint@historical-v1,eval7c
nic2-2003,log_knowledge_joint@historical-v1,eval7d
nic2-2003,log_knowledge_joint@historical-v1,eval8
nic2-2003,log_knowledge_joint@historical-v1,eval9
nic2-2003,log_knowledge_joint@historical-v1,sq1a
nic2-2003,log_knowledge_joint@historical-v1,sq1b
nic2-2003,log_knowledge_joint@historical-v1,sq1c
nic2-2003,log_knowledge_joint@historical-v1,sq2a
nic2-2003,log_knowledge_joint@historical-v1,sq2b
nic2-2003,log_knowledge_joint@historical-v1,sq2c
nic2-2003,log_knowledge_joint@historical-v1,sq2d
nic2-2003,log_knowledge_joint@historical-v1,sq3a
nic2-2003,log_knowledge_joint@historical-v1,sq3b
nic2-2003,log_knowledge_joint@historical-v1,sq3c
nic2-2003,log_knowledge_joint@historical-v1,sq3d
nic2-2003,log_knowledge_joint@historical-v1,sq3e
nic2-2003,log_knowledge_joint@historical-v1,sq3f
nic2-2003,log_knowledge_joint@historical-v1,sq4
nic2-2003,log_knowledge_joint@historical-v1,sq5a
nic2-2003,log_knowledge_joint@historical-v1,sq5b
nic2-2003,log_knowledge_joint@historical-v1,qisum
btp-presidential-primaries-2004,btp-presidential-primaries-2004.knowledge_t1@historical-v1,b1q1
btp-presidential-primaries-2004,btp-presidential-primaries-2004.knowledge_t1@historical-v1,b1q2
btp-presidential-primaries-2004,btp-presidential-primaries-2004.knowledge_t1@historical-v1,b1q3
btp-presidential-primaries-2004,btp-presidential-primaries-2004.knowledge_t1@historical-v1,b1q4
btp-presidential-primaries-2004,btp-presidential-primaries-2004.knowledge_t1@historical-v1,b1q5
btp-presidential-primaries-2004,btp-presidential-primaries-2004.knowledge_t1@historical-v1,b1q6
btp-presidential-primaries-2004,btp-presidential-primaries-2004.knowledge_t1@historical-v1,b1q7
btp-presidential-primaries-2004,btp-presidential-primaries-2004.knowledge_t1@historical-v1,b1q8
btp-presidential-primaries-2004,btp-presidential-primaries-2004.knowledge_t1@historical-v1,b1q9
btp-presidential-primaries-2004,btp-presidential-primaries-2004.knowledge_t1@historical-v1,b1q10
btp-presidential-primaries-2004,btp-presidential-primaries-2004.knowledge_t1@historical-v1,b1q11
btp-presidential-primaries-2004,btp-presidential-primaries-2004.knowledge_t1@historical-v1,b1q11a
btp-presidential-primaries-2004,btp-presidential-primaries-2004.knowledge_t1@historical-v1,b1q11b
btp-presidential-primaries-2004,btp-presidential-primaries-2004.knowledge_t1@historical-v1,b1q12
btp-presidential-primaries-2004,btp-presidential-primaries-2004.knowledge_t1@historical-v1,b1q12a
btp-presidential-primaries-2004,btp-presidential-primaries-2004.knowledge_t1@historical-v1,b1q12b
btp-presidential-primaries-2004,btp-presidential-primaries-2004.knowledge_t1@historical-v1,b1q13
btp-presidential-primaries-2004,btp-presidential-primaries-2004.knowledge_t1@historical-v1,b1q14
btp-presidential-primaries-2004,btp-presidential-primaries-2004.knowledge_t1@historical-v1,b1q15
btp-presidential-primaries-2004,btp-presidential-primaries-2004.knowledge_t1@historical-v1,b1q16
btp-presidential-primaries-2004,btp-presidential-primaries-2004.knowledge_t1@historical-v1,b1q17
btp-presidential-primaries-2004,btp-presidential-primaries-2004.knowledge_t1@historical-v1,b1q18
btp-presidential-primaries-2004,btp-presidential-primaries-2004.knowledge_t1@historical-v1,b1q19_1
btp-presidential-primaries-2004,btp-presidential-primaries-2004.knowledge_t1@historical-v1,b1q19_2
btp-presidential-primaries-2004,btp-presidential-primaries-2004.knowledge_t1@historical-v1,b1q19_3
btp-presidential-primaries-2004,btp-presidential-primaries-2004.knowledge_t1@historical-v1,b1q19_4
btp-presidential-primaries-2004,btp-presidential-primaries-2004.knowledge_t1@historical-v1,b1q19_5
btp-presidential-primaries-2004,btp-presidential-primaries-2004.knowledge_t1@historical-v1,b1q19_6
btp-presidential-primaries-2004,btp-presidential-primaries-2004.knowledge_t1@historical-v1,b1q19_7
btp-presidential-primaries-2004,btp-presidential-primaries-2004.knowledge_t1@historical-v1,b1q19_8
btp-presidential-primaries-2004,btp-presidential-primaries-2004.knowledge_t1@historical-v1,b1q20_1
btp-presidential-primaries-2004,btp-presidential-primaries-2004.knowledge_t1@historical-v1,b1q20_2
btp-presidential-primaries-2004,btp-presidential-primaries-2004.knowledge_t1@historical-v1,b1q20_3
btp-presidential-primaries-2004,btp-presidential-primaries-2004.knowledge_t1@historical-v1,b1q20_4
btp-presidential-primaries-2004,btp-presidential-primaries-2004.knowledge_t1@historical-v1,b1q20_5
btp-presidential-primaries-2004,btp-presidential-primaries-2004.knowledge_t1@historical-v1,b1q20_6
btp-presidential-primaries-2004,btp-presidential-primaries-2004.knowledge_t1@historical-v1,b1q20_7
btp-presidential-primaries-2004,btp-presidential-primaries-2004.knowledge_t1@historical-v1,b1q20_8
btp-presidential-primaries-2004,btp-presidential-primaries-2004.knowledge_t1@historical-v1,b1q21_1
btp-presidential-primaries-2004,btp-presidential-primaries-2004.knowledge_t1@historical-v1,b1q21_2
btp-presidential-primaries-2004,btp-presidential-primaries-2004.knowledge_t1@historical-v1,b1q21_3
btp-presidential-primaries-2004,btp-presidential-primaries-2004.knowledge_t1@historical-v1,b1q21_4
btp-presidential-primaries-2004,btp-presidential-primaries-2004.knowledge_t1@historical-v1,b1q21_5
btp-presidential-primaries-2004,btp-presidential-primaries-2004.knowledge_t1@historical-v1,b1q21_6
btp-presidential-primaries-2004,btp-presidential-primaries-2004.knowledge_t1@historical-v1,b1q21_7
btp-presidential-primaries-2004,btp-presidential-primaries-2004.knowledge_t1@historical-v1,b1q21_8
btp-presidential-primaries-2004,btp-presidential-primaries-2004.knowledge_t1@historical-v1,b1q22_1
btp-presidential-primaries-2004,btp-presidential-primaries-2004.knowledge_t1@historical-v1,b1q22_2
btp-presidential-primaries-2004,btp-presidential-primaries-2004.knowledge_t1@historical-v1,b1q22_3
btp-presidential-primaries-2004,btp-presidential-primaries-2004.knowledge_t1@historical-v1,b1q22_6
btp-presidential-primaries-2004,btp-presidential-primaries-2004.knowledge_t1@historical-v1,b1q22_4
btp-presidential-primaries-2004,btp-presidential-primaries-2004.knowledge_t1@historical-v1,b1q22_5
btp-presidential-primaries-2004,btp-presidential-primaries-2004.knowledge_t1@historical-v1,b1q22_7
btp-presidential-primaries-2004,btp-presidential-primaries-2004.knowledge_t1@historical-v1,b1q22_8
btp-presidential-primaries-2004,btp-presidential-primaries-2004.knowledge_t1@historical-v1,b1q22_9
btp-presidential-primaries-2004,btp-presidential-primaries-2004.knowledge_t1@historical-v1,b1q22_10
btp-presidential-primaries-2004,btp-presidential-primaries-2004.knowledge_t1@historical-v1,b1q23
btp-presidential-primaries-2004,btp-presidential-primaries-2004.knowledge_t1@historical-v1,b1q24
btp-presidential-primaries-2004,btp-presidential-primaries-2004.knowledge_t1@historical-v1,b1q25
btp-presidential-primaries-2004,btp-presidential-primaries-2004.knowledge_t1@historical-v1,b1q26_1
btp-presidential-primaries-2004,btp-presidential-primaries-2004.knowledge_t1@historical-v1,b1q26_2
btp-presidential-primaries-2004,btp-presidential-primaries-2004.knowledge_t1@historical-v1,b1q26_3
btp-presidential-primaries-2004,btp-presidential-primaries-2004.knowledge_t1@historical-v1,b1q26_4
btp-presidential-primaries-2004,btp-presidential-primaries-2004.knowledge_t1@historical-v1,b1q26_5
btp-presidential-primaries-2004,btp-presidential-primaries-2004.knowledge_t1@historical-v1,b1q26_6
btp-presidential-primaries-2004,btp-presidential-primaries-2004.knowledge_t1@historical-v1,b1q26_7
btp-presidential-primaries-2004,btp-presidential-primaries-2004.knowledge_t1@historical-v1,b1q26_8
btp-presidential-primaries-2004,btp-presidential-primaries-2004.knowledge_t1@historical-v1,b1q27
btp-presidential-primaries-2004,btp-presidential-primaries-2004.knowledge_t1@historical-v1,b1q28_1
btp-presidential-primaries-2004,btp-presidential-primaries-2004.knowledge_t1@historical-v1,b1q28_2
btp-presidential-primaries-2004,btp-presidential-primaries-2004.knowledge_t1@historical-v1,b1q28_3
btp-presidential-primaries-2004,btp-presidential-primaries-2004.knowledge_t1@historical-v1,b1q28_4
btp-presidential-primaries-2004,btp-presidential-primaries-2004.knowledge_t1@historical-v1,b1q28_5
btp-presidential-primaries-2004,btp-presidential-primaries-2004.knowledge_t1@historical-v1,b1q28_6
btp-presidential-primaries-2004,btp-presidential-primaries-2004.knowledge_t1@historical-v1,b1q28_7
btp-presidential-primaries-2004,btp-presidential-primaries-2004.knowledge_t1@historical-v1,b1q28_8
btp-presidential-primaries-2004,btp-presidential-primaries-2004.knowledge_t1@historical-v1,b1q29
btp-presidential-primaries-2004,btp-presidential-primaries-2004.knowledge_t1@historical-v1,b1q30_1
btp-presidential-primaries-2004,btp-presidential-primaries-2004.knowledge_t1@historical-v1,b1q30_2
btp-presidential-primaries-2004,btp-presidential-primaries-2004.knowledge_t1@historical-v1,b1q30_3
btp-presidential-primaries-2004,btp-presidential-primaries-2004.knowledge_t1@historical-v1,b1q30_4
btp-presidential-primaries-2004,btp-presidential-primaries-2004.knowledge_t1@historical-v1,b1q30_5
btp-presidential-primaries-2004,btp-presidential-primaries-2004.knowledge_t1@historical-v1,b1q30_6
btp-presidential-primaries-2004,btp-presidential-primaries-2004.knowledge_t1@historical-v1,b1q30_7
btp-presidential-primaries-2004,btp-presidential-primaries-2004.knowledge_t1@historical-v1,b1q30_8
btp-presidential-primaries-2004,btp-presidential-primaries-2004.knowledge_t1@historical-v1,b1q31
btp-presidential-primaries-2004,btp-presidential-primaries-2004.knowledge_t1@historical-v1,b1q32_1
btp-presidential-primaries-2004,btp-presidential-primaries-2004.knowledge_t1@historical-v1,b1q32_2
btp-presidential-primaries-2004,btp-presidential-primaries-2004.knowledge_t1@historical-v1,b1q32_3
btp-presidential-primaries-2004,btp-presidential-primaries-2004.knowledge_t1@historical-v1,b1q32_4
btp-presidential-primaries-2004,btp-presidential-primaries-2004.knowledge_t1@historical-v1,b1q32_5
btp-presidential-primaries-2004,btp-presidential-primaries-2004.knowledge_t1@historical-v1,b1q32_6
btp-presidential-primaries-2004,btp-presidential-primaries-2004.knowledge_t1@historical-v1,b1q32_7
btp-presidential-primaries-2004,btp-presidential-primaries-2004.knowledge_t1@historical-v1,b1q32_8
btp-presidential-primaries-2004,btp-presidential-primaries-2004.knowledge_t1@historical-v1,b1q33
btp-presidential-primaries-2004,btp-presidential-primaries-2004.knowledge_t1@historical-v1,b1q34
btp-presidential-primaries-2004,btp-presidential-primaries-2004.knowledge_t1@historical-v1,b1q37
btp-presidential-primaries-2004,btp-presidential-primaries-2004.knowledge_t1@historical-v1,b1q38
btp-presidential-primaries-2004,btp-presidential-primaries-2004.knowledge_t1@historical-v1,b1q39
btp-presidential-primaries-2004,btp-presidential-primaries-2004.knowledge_t1@historical-v1,b1q40
btp-presidential-primaries-2004,btp-presidential-primaries-2004.knowledge_t1@historical-v1,b1q41a
btp-presidential-primaries-2004,btp-presidential-primaries-2004.knowledge_t1@historical-v1,b1q41b
btp-presidential-primaries-2004,btp-presidential-primaries-2004.knowledge_t1@historical-v1,b1q41c
btp-presidential-primaries-2004,btp-presidential-primaries-2004.knowledge_t1@historical-v1,b1q42a
btp-presidential-primaries-2004,btp-presidential-primaries-2004.knowledge_t1@historical-v1,b1q42b
btp-presidential-primaries-2004,btp-presidential-primaries-2004.knowledge_t1@historical-v1,b1q42c
btp-presidential-primaries-2004,btp-presidential-primaries-2004.knowledge_t1@historical-v1,b1q22_3r
btp-presidential-primaries-2004,btp-presidential-primaries-2004.knowledge_t2@historical-v1,f1q1fu_1
btp-presidential-primaries-2004,btp-presidential-primaries-2004.knowledge_t2@historical-v1,f1q1fu_2
btp-presidential-primaries-2004,btp-presidential-primaries-2004.knowledge_t2@historical-v1,f1q1fu_3
btp-presidential-primaries-2004,btp-presidential-primaries-2004.knowledge_t2@historical-v1,f1q1fu_4
btp-presidential-primaries-2004,btp-presidential-primaries-2004.knowledge_t2@historical-v1,f1q1fu_5
btp-presidential-primaries-2004,btp-presidential-primaries-2004.knowledge_t2@historical-v1,f1q1fu_6
btp-presidential-primaries-2004,btp-presidential-primaries-2004.knowledge_t2@historical-v1,f1q1fu_7
btp-presidential-primaries-2004,btp-presidential-primaries-2004.knowledge_t2@historical-v1,f1q1fu_8
btp-presidential-primaries-2004,btp-presidential-primaries-2004.knowledge_t2@historical-v1,f1q2fu
btp-presidential-primaries-2004,btp-presidential-primaries-2004.knowledge_t2@historical-v1,f1q3fu
btp-presidential-primaries-2004,btp-presidential-primaries-2004.knowledge_t2@historical-v1,f1q4fu
btp-presidential-primaries-2004,btp-presidential-primaries-2004.knowledge_t2@historical-v1,f1q1
btp-presidential-primaries-2004,btp-presidential-primaries-2004.knowledge_t2@historical-v1,f1q2
btp-presidential-primaries-2004,btp-presidential-primaries-2004.knowledge_t2@historical-v1,f1q3
btp-presidential-primaries-2004,btp-presidential-primaries-2004.knowledge_t2@historical-v1,f1q5
btp-presidential-primaries-2004,btp-presidential-primaries-2004.knowledge_t2@historical-v1,f1q6
btp-presidential-primaries-2004,btp-presidential-primaries-2004.knowledge_t2@historical-v1,f1q7
btp-presidential-primaries-2004,btp-presidential-primaries-2004.knowledge_t2@historical-v1,f1q8
btp-presidential-primaries-2004,btp-presidential-primaries-2004.knowledge_t2@historical-v1,f1q9
btp-presidential-primaries-2004,btp-presidential-primaries-2004.knowledge_t2@historical-v1,f1q10
btp-presidential-primaries-2004,btp-presidential-primaries-2004.knowledge_t2@historical-v1,f1q11fu
btp-presidential-primaries-2004,btp-presidential-primaries-2004.knowledge_t2@historical-v1,f1q12fu
btp-presidential-primaries-2004,btp-presidential-primaries-2004.knowledge_t2@historical-v1,f1q13
btp-presidential-primaries-2004,btp-presidential-primaries-2004.knowledge_t2@historical-v1,f1q14
btp-presidential-primaries-2004,btp-presidential-primaries-2004.knowledge_t2@historical-v1,f1q15
btp-presidential-primaries-2004,btp-presidential-primaries-2004.knowledge_t2@historical-v1,f1q15a
btp-presidential-primaries-2004,btp-presidential-primaries-2004.knowledge_t2@historical-v1,f1q15b
btp-presidential-primaries-2004,btp-presidential-primaries-2004.knowledge_t2@historical-v1,f1q15c
btp-presidential-primaries-2004,btp-presidential-primaries-2004.knowledge_t2@historical-v1,f1q16
btp-presidential-primaries-2004,btp-presidential-primaries-2004.knowledge_t2@historical-v1,f1q17
btp-presidential-primaries-2004,btp-presidential-primaries-2004.knowledge_t2@historical-v1,f1q18
btp-presidential-primaries-2004,btp-presidential-primaries-2004.knowledge_t2@historical-v1,f1q18a
btp-presidential-primaries-2004,btp-presidential-primaries-2004.knowledge_t2@historical-v1,f1q18b
btp-presidential-primaries-2004,btp-presidential-primaries-2004.knowledge_t2@historical-v1,f1q19_1
btp-presidential-primaries-2004,btp-presidential-primaries-2004.knowledge_t2@historical-v1,f1q19_2
btp-presidential-primaries-2004,btp-presidential-primaries-2004.knowledge_t2@historical-v1,f1q19_3
btp-presidential-primaries-2004,btp-presidential-primaries-2004.knowledge_t2@historical-v1,f1q19_4
btp-presidential-primaries-2004,btp-presidential-primaries-2004.knowledge_t2@historical-v1,f1q19_6
btp-presidential-primaries-2004,btp-presidential-primaries-2004.knowledge_t2@historical-v1,f1q19_8
btp-presidential-primaries-2004,btp-presidential-primaries-2004.knowledge_t2@historical-v1,f1q20_1
btp-presidential-primaries-2004,btp-presidential-primaries-2004.knowledge_t2@historical-v1,f1q20_2
btp-presidential-primaries-2004,btp-presidential-primaries-2004.knowledge_t2@historical-v1,f1q20_3
btp-presidential-primaries-2004,btp-presidential-primaries-2004.knowledge_t2@historical-v1,f1q20_4
btp-presidential-primaries-2004,btp-presidential-primaries-2004.knowledge_t2@historical-v1,f1q20_6
btp-presidential-primaries-2004,btp-presidential-primaries-2004.knowledge_t2@historical-v1,f1q20_8
btp-presidential-primaries-2004,btp-presidential-primaries-2004.knowledge_t2@historical-v1,f1q21_1
btp-presidential-primaries-2004,btp-presidential-primaries-2004.knowledge_t2@historical-v1,f1q21_2
btp-presidential-primaries-2004,btp-presidential-primaries-2004.knowledge_t2@historical-v1,f1q21_3
btp-presidential-primaries-2004,btp-presidential-primaries-2004.knowledge_t2@historical-v1,f1q21_4
btp-presidential-primaries-2004,btp-presidential-primaries-2004.knowledge_t2@historical-v1,f1q21_6
btp-presidential-primaries-2004,btp-presidential-primaries-2004.knowledge_t2@historical-v1,f1q21_8
btp-presidential-primaries-2004,btp-presidential-primaries-2004.knowledge_t2@historical-v1,f1q22_1
btp-presidential-primaries-2004,btp-presidential-primaries-2004.knowledge_t2@historical-v1,f1q22_2
btp-presidential-primaries-2004,btp-presidential-primaries-2004.knowledge_t2@historical-v1,f1q22_3
btp-presidential-primaries-2004,btp-presidential-primaries-2004.knowledge_t2@historical-v1,f1q22_6
btp-presidential-primaries-2004,btp-presidential-primaries-2004.knowledge_t2@historical-v1,f1q22_4
btp-presidential-primaries-2004,btp-presidential-primaries-2004.knowledge_t2@historical-v1,f1q22_8
btp-presidential-primaries-2004,btp-presidential-primaries-2004.knowledge_t2@historical-v1,f1q22_10
btp-presidential-primaries-2004,btp-presidential-primaries-2004.knowledge_t2@historical-v1,f1q23
btp-presidential-primaries-2004,btp-presidential-primaries-2004.knowledge_t2@historical-v1,f1q24
btp-presidential-primaries-2004,btp-presidential-primaries-2004.knowledge_t2@historical-v1,f1q25
btp-presidential-primaries-2004,btp-presidential-primaries-2004.knowledge_t2@historical-v1,f1q26_1
btp-presidential-primaries-2004,btp-presidential-primaries-2004.knowledge_t2@historical-v1,f1q26_2
btp-presidential-primaries-2004,btp-presidential-primaries-2004.knowledge_t2@historical-v1,f1q26_3
btp-presidential-primaries-2004,btp-presidential-primaries-2004.knowledge_t2@historical-v1,f1q26_4
btp-presidential-primaries-2004,btp-presidential-primaries-2004.knowledge_t2@historical-v1,f1q26_6
btp-presidential-primaries-2004,btp-presidential-primaries-2004.knowledge_t2@historical-v1,f1q26_8
btp-presidential-primaries-2004,btp-presidential-primaries-2004.knowledge_t2@historical-v1,f1q27
btp-presidential-primaries-2004,btp-presidential-primaries-2004.knowledge_t2@historical-v1,f1q28_1
btp-presidential-primaries-2004,btp-presidential-primaries-2004.knowledge_t2@historical-v1,f1q28_2
btp-presidential-primaries-2004,btp-presidential-primaries-2004.knowledge_t2@historical-v1,f1q28_3
btp-presidential-primaries-2004,btp-presidential-primaries-2004.knowledge_t2@historical-v1,f1q28_4
btp-presidential-primaries-2004,btp-presidential-primaries-2004.knowledge_t2@historical-v1,f1q28_6
btp-presidential-primaries-2004,btp-presidential-primaries-2004.knowledge_t2@historical-v1,f1q28_8
btp-presidential-primaries-2004,btp-presidential-primaries-2004.knowledge_t2@historical-v1,f1q29
btp-presidential-primaries-2004,btp-presidential-primaries-2004.knowledge_t2@historical-v1,f1q30_1
btp-presidential-primaries-2004,btp-presidential-primaries-2004.knowledge_t2@historical-v1,f1q30_2
btp-presidential-primaries-2004,btp-presidential-primaries-2004.knowledge_t2@historical-v1,f1q30_3
btp-presidential-primaries-2004,btp-presidential-primaries-2004.knowledge_t2@historical-v1,f1q30_4
btp-presidential-primaries-2004,btp-presidential-primaries-2004.knowledge_t2@historical-v1,f1q30_6
btp-presidential-primaries-2004,btp-presidential-primaries-2004.knowledge_t2@historical-v1,f1q30_8
btp-presidential-primaries-2004,btp-presidential-primaries-2004.knowledge_t2@historical-v1,f1q31
btp-presidential-primaries-2004,btp-presidential-primaries-2004.knowledge_t2@historical-v1,f1q32_1
btp-presidential-primaries-2004,btp-presidential-primaries-2004.knowledge_t2@historical-v1,f1q32_2
btp-presidential-primaries-2004,btp-presidential-primaries-2004.knowledge_t2@historical-v1,f1q32_3
btp-presidential-primaries-2004,btp-presidential-primaries-2004.knowledge_t2@historical-v1,f1q32_4
btp-presidential-primaries-2004,btp-presidential-primaries-2004.knowledge_t2@historical-v1,f1q32_6
btp-presidential-primaries-2004,btp-presidential-primaries-2004.knowledge_t2@historical-v1,f1q32_8
btp-presidential-primaries-2004,btp-presidential-primaries-2004.knowledge_t2@historical-v1,f1q33
btp-presidential-primaries-2004,btp-presidential-primaries-2004.knowledge_t2@historical-v1,f1q34
btp-presidential-primaries-2004,btp-presidential-primaries-2004.knowledge_t2@historical-v1,f1q37
btp-presidential-primaries-2004,btp-presidential-primaries-2004.knowledge_t2@historical-v1,f1q37a
btp-presidential-primaries-2004,btp-presidential-primaries-2004.knowledge_t2@historical-v1,f1q37b
btp-presidential-primaries-2004,btp-presidential-primaries-2004.knowledge_t2@historical-v1,f1q37c
btp-presidential-primaries-2004,btp-presidential-primaries-2004.knowledge_t2@historical-v1,f1q37d
btp-presidential-primaries-2004,btp-presidential-primaries-2004.knowledge_t2@historical-v1,f1q37e
btp-presidential-primaries-2004,btp-presidential-primaries-2004.knowledge_t2@historical-v1,f1q39
btp-presidential-primaries-2004,btp-presidential-primaries-2004.knowledge_t2@historical-v1,f1q40
btp-presidential-primaries-2004,btp-presidential-primaries-2004.knowledge_t2@historical-v1,f1q41b
btp-presidential-primaries-2004,btp-presidential-primaries-2004.knowledge_t2@historical-v1,f1q41c
btp-presidential-primaries-2004,btp-presidential-primaries-2004.knowledge_t2@historical-v1,f1q42a
btp-presidential-primaries-2004,btp-presidential-primaries-2004.knowledge_t2@historical-v1,f1q42b
btp-presidential-primaries-2004,btp-presidential-primaries-2004.knowledge_t2@historical-v1,f1q42c
btp-presidential-primaries-2004,btp-presidential-primaries-2004.knowledge_t2@historical-v1,f1q41a
btp-presidential-primaries-2004,btp-presidential-primaries-2004.knowledge_t2@historical-v1,f1q49a
btp-presidential-primaries-2004,btp-presidential-primaries-2004.knowledge_t2@historical-v1,f1q49b
btp-presidential-primaries-2004,btp-presidential-primaries-2004.knowledge_t2@historical-v1,f1q49c
btp-presidential-primaries-2004,btp-presidential-primaries-2004.knowledge_t2@historical-v1,f1q49d
btp-presidential-primaries-2004,btp-presidential-primaries-2004.knowledge_t2@historical-v1,f1q50
btp-presidential-primaries-2004,btp-presidential-primaries-2004.knowledge_t2@historical-v1,f1q51
btp-presidential-primaries-2004,btp-presidential-primaries-2004.knowledge_t2@historical-v1,f1q52
btp-presidential-primaries-2004,btp-presidential-primaries-2004.knowledge_t2@historical-v1,f1q53
btp-presidential-primaries-2004,btp-presidential-primaries-2004.knowledge_t2@historical-v1,f1q25md
btp-presidential-primaries-2004,btp-presidential-primaries-2004.knowledge_t2@historical-v1,f1q26_3m
btp-presidential-primaries-2004,btp-presidential-primaries-2004.knowledge_t2@historical-v1,f1q26_6m
btp-presidential-primaries-2004,btp-presidential-primaries-2004.knowledge_t2@historical-v1,f1q27md
btp-presidential-primaries-2004,btp-presidential-primaries-2004.knowledge_t2@historical-v1,f1q28_3m
btp-presidential-primaries-2004,btp-presidential-primaries-2004.knowledge_t2@historical-v1,f1q28_6m
btp-presidential-primaries-2004,btp-presidential-primaries-2004.knowledge_t2@historical-v1,f1q29md
btp-presidential-primaries-2004,btp-presidential-primaries-2004.knowledge_t2@historical-v1,f1q30_3m
btp-presidential-primaries-2004,btp-presidential-primaries-2004.knowledge_t2@historical-v1,f1q30_6m
btp-presidential-primaries-2004,btp-presidential-primaries-2004.knowledge_t2@historical-v1,f1q31md
btp-presidential-primaries-2004,btp-presidential-primaries-2004.knowledge_t2@historical-v1,f1q32_3m
btp-presidential-primaries-2004,btp-presidential-primaries-2004.knowledge_t2@historical-v1,f1q32_6m
btp-presidential-primaries-2004,btp-presidential-primaries-2004.knowledge_t2@historical-v1,f1q19_3m
btp-presidential-primaries-2004,btp-presidential-primaries-2004.knowledge_t2@historical-v1,f1q19_6m
btp-presidential-primaries-2004,btp-presidential-primaries-2004.knowledge_t2@historical-v1,f1q20_3m
btp-presidential-primaries-2004,btp-presidential-primaries-2004.knowledge_t2@historical-v1,f1q20_6m
btp-presidential-primaries-2004,btp-presidential-primaries-2004.knowledge_t2@historical-v1,f1q21_3m
btp-presidential-primaries-2004,btp-presidential-primaries-2004.knowledge_t2@historical-v1,f1q21_6m
btp-presidential-primaries-2004,btp-presidential-primaries-2004.knowledge_t2@historical-v1,compf1
btp-presidential-primaries-2004,btp-presidential-primaries-2004.knowledge_joint@historical-v1,b1q1
btp-presidential-primaries-2004,btp-presidential-primaries-2004.knowledge_joint@historical-v1,b1q2
btp-presidential-primaries-2004,btp-presidential-primaries-2004.knowledge_joint@historical-v1,b1q3
btp-presidential-primaries-2004,btp-presidential-primaries-2004.knowledge_joint@historical-v1,b1q4
btp-presidential-primaries-2004,btp-presidential-primaries-2004.knowledge_joint@historical-v1,b1q5
btp-presidential-primaries-2004,btp-presidential-primaries-2004.knowledge_joint@historical-v1,b1q6
btp-presidential-primaries-2004,btp-presidential-primaries-2004.knowledge_joint@historical-v1,b1q7
btp-presidential-primaries-2004,btp-presidential-primaries-2004.knowledge_joint@historical-v1,b1q8
btp-presidential-primaries-2004,btp-presidential-primaries-2004.knowledge_joint@historical-v1,b1q9
btp-presidential-primaries-2004,btp-presidential-primaries-2004.knowledge_joint@historical-v1,b1q10
btp-presidential-primaries-2004,btp-presidential-primaries-2004.knowledge_joint@historical-v1,b1q11
btp-presidential-primaries-2004,btp-presidential-primaries-2004.knowledge_joint@historical-v1,b1q11a
btp-presidential-primaries-2004,btp-presidential-primaries-2004.knowledge_joint@historical-v1,b1q11b
btp-presidential-primaries-2004,btp-presidential-primaries-2004.knowledge_joint@historical-v1,b1q12
btp-presidential-primaries-2004,btp-presidential-primaries-2004.knowledge_joint@historical-v1,b1q12a
btp-presidential-primaries-2004,btp-presidential-primaries-2004.knowledge_joint@historical-v1,b1q12b
btp-presidential-primaries-2004,btp-presidential-primaries-2004.knowledge_joint@historical-v1,b1q13
btp-presidential-primaries-2004,btp-presidential-primaries-2004.knowledge_joint@historical-v1,b1q14
btp-presidential-primaries-2004,btp-presidential-primaries-2004.knowledge_joint@historical-v1,b1q15
btp-presidential-primaries-2004,btp-presidential-primaries-2004.knowledge_joint@historical-v1,b1q16
btp-presidential-primaries-2004,btp-presidential-primaries-2004.knowledge_joint@historical-v1,b1q17
btp-presidential-primaries-2004,btp-presidential-primaries-2004.knowledge_joint@historical-v1,b1q18
btp-presidential-primaries-2004,btp-presidential-primaries-2004.knowledge_joint@historical-v1,b1q19_1
btp-presidential-primaries-2004,btp-presidential-primaries-2004.knowledge_joint@historical-v1,b1q19_2
btp-presidential-primaries-2004,btp-presidential-primaries-2004.knowledge_joint@historical-v1,b1q19_3
btp-presidential-primaries-2004,btp-presidential-primaries-2004.knowledge_joint@historical-v1,b1q19_4
btp-presidential-primaries-2004,btp-presidential-primaries-2004.knowledge_joint@historical-v1,b1q19_5
btp-presidential-primaries-2004,btp-presidential-primaries-2004.knowledge_joint@historical-v1,b1q19_6
btp-presidential-primaries-2004,btp-presidential-primaries-2004.knowledge_joint@historical-v1,b1q19_7
btp-presidential-primaries-2004,btp-presidential-primaries-2004.knowledge_joint@historical-v1,b1q19_8
btp-presidential-primaries-2004,btp-presidential-primaries-2004.knowledge_joint@historical-v1,b1q20_1
btp-presidential-primaries-2004,btp-presidential-primaries-2004.knowledge_joint@historical-v1,b1q20_2
btp-presidential-primaries-2004,btp-presidential-primaries-2004.knowledge_joint@historical-v1,b1q20_3
btp-presidential-primaries-2004,btp-presidential-primaries-2004.knowledge_joint@historical-v1,b1q20_4
btp-presidential-primaries-2004,btp-presidential-primaries-2004.knowledge_joint@historical-v1,b1q20_5
btp-presidential-primaries-2004,btp-presidential-primaries-2004.knowledge_joint@historical-v1,b1q20_6
btp-presidential-primaries-2004,btp-presidential-primaries-2004.knowledge_joint@historical-v1,b1q20_7
btp-presidential-primaries-2004,btp-presidential-primaries-2004.knowledge_joint@historical-v1,b1q20_8
btp-presidential-primaries-2004,btp-presidential-primaries-2004.knowledge_joint@historical-v1,b1q21_1
btp-presidential-primaries-2004,btp-presidential-primaries-2004.knowledge_joint@historical-v1,b1q21_2
btp-presidential-primaries-2004,btp-presidential-primaries-2004.knowledge_joint@historical-v1,b1q21_3
btp-presidential-primaries-2004,btp-presidential-primaries-2004.knowledge_joint@historical-v1,b1q21_4
btp-presidential-primaries-2004,btp-presidential-primaries-2004.knowledge_joint@historical-v1,b1q21_5
btp-presidential-primaries-2004,btp-presidential-primaries-2004.knowledge_joint@historical-v1,b1q21_6
btp-presidential-primaries-2004,btp-presidential-primaries-2004.knowledge_joint@historical-v1,b1q21_7
btp-presidential-primaries-2004,btp-presidential-primaries-2004.knowledge_joint@historical-v1,b1q21_8
btp-presidential-primaries-2004,btp-presidential-primaries-2004.knowledge_joint@historical-v1,b1q22_1
btp-presidential-primaries-2004,btp-presidential-primaries-2004.knowledge_joint@historical-v1,b1q22_2
btp-presidential-primaries-2004,btp-presidential-primaries-2004.knowledge_joint@historical-v1,b1q22_3
btp-presidential-primaries-2004,btp-presidential-primaries-2004.knowledge_joint@historical-v1,b1q22_6
btp-presidential-primaries-2004,btp-presidential-primaries-2004.knowledge_joint@historical-v1,b1q22_4
btp-presidential-primaries-2004,btp-presidential-primaries-2004.knowledge_joint@historical-v1,b1q22_5
btp-presidential-primaries-2004,btp-presidential-primaries-2004.knowledge_joint@historical-v1,b1q22_7
btp-presidential-primaries-2004,btp-presidential-primaries-2004.knowledge_joint@historical-v1,b1q22_8
btp-presidential-primaries-2004,btp-presidential-primaries-2004.knowledge_joint@historical-v1,b1q22_9
btp-presidential-primaries-2004,btp-presidential-primaries-2004.knowledge_joint@historical-v1,b1q22_10
btp-presidential-primaries-2004,btp-presidential-primaries-2004.knowledge_joint@historical-v1,b1q23
btp-presidential-primaries-2004,btp-presidential-primaries-2004.knowledge_joint@historical-v1,b1q24
btp-presidential-primaries-2004,btp-presidential-primaries-2004.knowledge_joint@historical-v1,b1q25
btp-presidential-primaries-2004,btp-presidential-primaries-2004.knowledge_joint@historical-v1,b1q26_1
btp-presidential-primaries-2004,btp-presidential-primaries-2004.knowledge_joint@historical-v1,b1q26_2
btp-presidential-primaries-2004,btp-presidential-primaries-2004.knowledge_joint@historical-v1,b1q26_3
btp-presidential-primaries-2004,btp-presidential-primaries-2004.knowledge_joint@historical-v1,b1q26_4
btp-presidential-primaries-2004,btp-presidential-primaries-2004.knowledge_joint@historical-v1,b1q26_5
btp-presidential-primaries-2004,btp-presidential-primaries-2004.knowledge_joint@historical-v1,b1q26_6
btp-presidential-primaries-2004,btp-presidential-primaries-2004.knowledge_joint@historical-v1,b1q26_7
btp-presidential-primaries-2004,btp-presidential-primaries-2004.knowledge_joint@historical-v1,b1q26_8
btp-presidential-primaries-2004,btp-presidential-primaries-2004.knowledge_joint@historical-v1,b1q27
btp-presidential-primaries-2004,btp-presidential-primaries-2004.knowledge_joint@historical-v1,b1q28_1
btp-presidential-primaries-2004,btp-presidential-primaries-2004.knowledge_joint@historical-v1,b1q28_2
btp-presidential-primaries-2004,btp-presidential-primaries-2004.knowledge_joint@historical-v1,b1q28_3
btp-presidential-primaries-2004,btp-presidential-primaries-2004.knowledge_joint@historical-v1,b1q28_4
btp-presidential-primaries-2004,btp-presidential-primaries-2004.knowledge_joint@historical-v1,b1q28_5
btp-presidential-primaries-2004,btp-presidential-primaries-2004.knowledge_joint@historical-v1,b1q28_6
btp-presidential-primaries-2004,btp-presidential-primaries-2004.knowledge_joint@historical-v1,b1q28_7
btp-presidential-primaries-2004,btp-presidential-primaries-2004.knowledge_joint@historical-v1,b1q28_8
btp-presidential-primaries-2004,btp-presidential-primaries-2004.knowledge_joint@historical-v1,b1q29
btp-presidential-primaries-2004,btp-presidential-primaries-2004.knowledge_joint@historical-v1,b1q30_1
btp-presidential-primaries-2004,btp-presidential-primaries-2004.knowledge_joint@historical-v1,b1q30_2
btp-presidential-primaries-2004,btp-presidential-primaries-2004.knowledge_joint@historical-v1,b1q30_3
btp-presidential-primaries-2004,btp-presidential-primaries-2004.knowledge_joint@historical-v1,b1q30_4
btp-presidential-primaries-2004,btp-presidential-primaries-2004.knowledge_joint@historical-v1,b1q30_5
btp-presidential-primaries-2004,btp-presidential-primaries-2004.knowledge_joint@historical-v1,b1q30_6
btp-presidential-primaries-2004,btp-presidential-primaries-2004.knowledge_joint@historical-v1,b1q30_7
btp-presidential-primaries-2004,btp-presidential-primaries-2004.knowledge_joint@historical-v1,b1q30_8
btp-presidential-primaries-2004,btp-presidential-primaries-2004.knowledge_joint@historical-v1,b1q31
btp-presidential-primaries-2004,btp-presidential-primaries-2004.knowledge_joint@historical-v1,b1q32_1
btp-presidential-primaries-2004,btp-presidential-primaries-2004.knowledge_joint@historical-v1,b1q32_2
btp-presidential-primaries-2004,btp-presidential-primaries-2004.knowledge_joint@historical-v1,b1q32_3
btp-presidential-primaries-2004,btp-presidential-primaries-2004.knowledge_joint@historical-v1,b1q32_4
btp-presidential-primaries-2004,btp-presidential-primaries-2004.knowledge_joint@historical-v1,b1q32_5
btp-presidential-primaries-2004,btp-presidential-primaries-2004.knowledge_joint@historical-v1,b1q32_6
btp-presidential-primaries-2004,btp-presidential-primaries-2004.knowledge_joint@historical-v1,b1q32_7
btp-presidential-primaries-2004,btp-presidential-primaries-2004.knowledge_joint@historical-v1,b1q32_8
btp-presidential-primaries-2004,btp-presidential-primaries-2004.knowledge_joint@historical-v1,b1q33
btp-presidential-primaries-2004,btp-presidential-primaries-2004.knowledge_joint@historical-v1,b1q34
btp-presidential-primaries-2004,btp-presidential-primaries-2004.knowledge_joint@historical-v1,b1q37
btp-presidential-primaries-2004,btp-presidential-primaries-2004.knowledge_joint@historical-v1,b1q38
btp-presidential-primaries-2004,btp-presidential-primaries-2004.knowledge_joint@historical-v1,b1q39
btp-presidential-primaries-2004,btp-presidential-primaries-2004.knowledge_joint@historical-v1,b1q40
btp-presidential-primaries-2004,btp-presidential-primaries-2004.knowledge_joint@historical-v1,b1q41a
btp-presidential-primaries-2004,btp-presidential-primaries-2004.knowledge_joint@historical-v1,b1q41b
btp-presidential-primaries-2004,btp-presidential-primaries-2004.knowledge_joint@historical-v1,b1q41c
btp-presidential-primaries-2004,btp-presidential-primaries-2004.knowledge_joint@historical-v1,b1q42a
btp-presidential-primaries-2004,btp-presidential-primaries-2004.knowledge_joint@historical-v1,b1q42b
btp-presidential-primaries-2004,btp-presidential-primaries-2004.knowledge_joint@historical-v1,b1q42c
btp-presidential-primaries-2004,btp-presidential-primaries-2004.knowledge_joint@historical-v1,b1q22_3r
btp-presidential-primaries-2004,btp-presidential-primaries-2004.knowledge_joint@historical-v1,f1q1fu_1
btp-presidential-primaries-2004,btp-presidential-primaries-2004.knowledge_joint@historical-v1,f1q1fu_2
btp-presidential-primaries-2004,btp-presidential-primaries-2004.knowledge_joint@historical-v1,f1q1fu_3
btp-presidential-primaries-2004,btp-presidential-primaries-2004.knowledge_joint@historical-v1,f1q1fu_4
btp-presidential-primaries-2004,btp-presidential-primaries-2004.knowledge_joint@historical-v1,f1q1fu_5
btp-presidential-primaries-2004,btp-presidential-primaries-2004.knowledge_joint@historical-v1,f1q1fu_6
btp-presidential-primaries-2004,btp-presidential-primaries-2004.knowledge_joint@historical-v1,f1q1fu_7
btp-presidential-primaries-2004,btp-presidential-primaries-2004.knowledge_joint@historical-v1,f1q1fu_8
btp-presidential-primaries-2004,btp-presidential-primaries-2004.knowledge_joint@historical-v1,f1q2fu
btp-presidential-primaries-2004,btp-presidential-primaries-2004.knowledge_joint@historical-v1,f1q3fu
btp-presidential-primaries-2004,btp-presidential-primaries-2004.knowledge_joint@historical-v1,f1q4fu
btp-presidential-primaries-2004,btp-presidential-primaries-2004.knowledge_joint@historical-v1,f1q1
btp-presidential-primaries-2004,btp-presidential-primaries-2004.knowledge_joint@historical-v1,f1q2
btp-presidential-primaries-2004,btp-presidential-primaries-2004.knowledge_joint@historical-v1,f1q3
btp-presidential-primaries-2004,btp-presidential-primaries-2004.knowledge_joint@historical-v1,f1q5
btp-presidential-primaries-2004,btp-presidential-primaries-2004.knowledge_joint@historical-v1,f1q6
btp-presidential-primaries-2004,btp-presidential-primaries-2004.knowledge_joint@historical-v1,f1q7
btp-presidential-primaries-2004,btp-presidential-primaries-2004.knowledge_joint@historical-v1,f1q8
btp-presidential-primaries-2004,btp-presidential-primaries-2004.knowledge_joint@historical-v1,f1q9
btp-presidential-primaries-2004,btp-presidential-primaries-2004.knowledge_joint@historical-v1,f1q10
btp-presidential-primaries-2004,btp-presidential-primaries-2004.knowledge_joint@historical-v1,f1q11fu
btp-presidential-primaries-2004,btp-presidential-primaries-2004.knowledge_joint@historical-v1,f1q12fu
btp-presidential-primaries-2004,btp-presidential-primaries-2004.knowledge_joint@historical-v1,f1q13
btp-presidential-primaries-2004,btp-presidential-primaries-2004.knowledge_joint@historical-v1,f1q14
btp-presidential-primaries-2004,btp-presidential-primaries-2004.knowledge_joint@historical-v1,f1q15
btp-presidential-primaries-2004,btp-presidential-primaries-2004.knowledge_joint@historical-v1,f1q15a
btp-presidential-primaries-2004,btp-presidential-primaries-2004.knowledge_joint@historical-v1,f1q15b
btp-presidential-primaries-2004,btp-presidential-primaries-2004.knowledge_joint@historical-v1,f1q15c
btp-presidential-primaries-2004,btp-presidential-primaries-2004.knowledge_joint@historical-v1,f1q16
btp-presidential-primaries-2004,btp-presidential-primaries-2004.knowledge_joint@historical-v1,f1q17
btp-presidential-primaries-2004,btp-presidential-primaries-2004.knowledge_joint@historical-v1,f1q18
btp-presidential-primaries-2004,btp-presidential-primaries-2004.knowledge_joint@historical-v1,f1q18a
btp-presidential-primaries-2004,btp-presidential-primaries-2004.knowledge_joint@historical-v1,f1q18b
btp-presidential-primaries-2004,btp-presidential-primaries-2004.knowledge_joint@historical-v1,f1q19_1
btp-presidential-primaries-2004,btp-presidential-primaries-2004.knowledge_joint@historical-v1,f1q19_2
btp-presidential-primaries-2004,btp-presidential-primaries-2004.knowledge_joint@historical-v1,f1q19_3
btp-presidential-primaries-2004,btp-presidential-primaries-2004.knowledge_joint@historical-v1,f1q19_4
btp-presidential-primaries-2004,btp-presidential-primaries-2004.knowledge_joint@historical-v1,f1q19_6
btp-presidential-primaries-2004,btp-presidential-primaries-2004.knowledge_joint@historical-v1,f1q19_8
btp-presidential-primaries-2004,btp-presidential-primaries-2004.knowledge_joint@historical-v1,f1q20_1
btp-presidential-primaries-2004,btp-presidential-primaries-2004.knowledge_joint@historical-v1,f1q20_2
btp-presidential-primaries-2004,btp-presidential-primaries-2004.knowledge_joint@historical-v1,f1q20_3
btp-presidential-primaries-2004,btp-presidential-primaries-2004.knowledge_joint@historical-v1,f1q20_4
btp-presidential-primaries-2004,btp-presidential-primaries-2004.knowledge_joint@historical-v1,f1q20_6
btp-presidential-primaries-2004,btp-presidential-primaries-2004.knowledge_joint@historical-v1,f1q20_8
btp-presidential-primaries-2004,btp-presidential-primaries-2004.knowledge_joint@historical-v1,f1q21_1
btp-presidential-primaries-2004,btp-presidential-primaries-2004.knowledge_joint@historical-v1,f1q21_2
btp-presidential-primaries-2004,btp-presidential-primaries-2004.knowledge_joint@historical-v1,f1q21_3
btp-presidential-primaries-2004,btp-presidential-primaries-2004.knowledge_joint@historical-v1,f1q21_4
btp-presidential-primaries-2004,btp-presidential-primaries-2004.knowledge_joint@historical-v1,f1q21_6
btp-presidential-primaries-2004,btp-presidential-primaries-2004.knowledge_joint@historical-v1,f1q21_8
btp-presidential-primaries-2004,btp-presidential-primaries-2004.knowledge_joint@historical-v1,f1q22_1
btp-presidential-primaries-2004,btp-presidential-primaries-2004.knowledge_joint@historical-v1,f1q22_2
btp-presidential-primaries-2004,btp-presidential-primaries-2004.knowledge_joint@historical-v1,f1q22_3
btp-presidential-primaries-2004,btp-presidential-primaries-2004.knowledge_joint@historical-v1,f1q22_6
btp-presidential-primaries-2004,btp-presidential-primaries-2004.knowledge_joint@historical-v1,f1q22_4
btp-presidential-primaries-2004,btp-presidential-primaries-2004.knowledge_joint@historical-v1,f1q22_8
btp-presidential-primaries-2004,btp-presidential-primaries-2004.knowledge_joint@historical-v1,f1q22_10
btp-presidential-primaries-2004,btp-presidential-primaries-2004.knowledge_joint@historical-v1,f1q23
btp-presidential-primaries-2004,btp-presidential-primaries-2004.knowledge_joint@historical-v1,f1q24
btp-presidential-primaries-2004,btp-presidential-primaries-2004.knowledge_joint@historical-v1,f1q25
btp-presidential-primaries-2004,btp-presidential-primaries-2004.knowledge_joint@historical-v1,f1q26_1
btp-presidential-primaries-2004,btp-presidential-primaries-2004.knowledge_joint@historical-v1,f1q26_2
btp-presidential-primaries-2004,btp-presidential-primaries-2004.knowledge_joint@historical-v1,f1q26_3
btp-presidential-primaries-2004,btp-presidential-primaries-2004.knowledge_joint@historical-v1,f1q26_4
btp-presidential-primaries-2004,btp-presidential-primaries-2004.knowledge_joint@historical-v1,f1q26_6
btp-presidential-primaries-2004,btp-presidential-primaries-2004.knowledge_joint@historical-v1,f1q26_8
btp-presidential-primaries-2004,btp-presidential-primaries-2004.knowledge_joint@historical-v1,f1q27
btp-presidential-primaries-2004,btp-presidential-primaries-2004.knowledge_joint@historical-v1,f1q28_1
btp-presidential-primaries-2004,btp-presidential-primaries-2004.knowledge_joint@historical-v1,f1q28_2
btp-presidential-primaries-2004,btp-presidential-primaries-2004.knowledge_joint@historical-v1,f1q28_3
btp-presidential-primaries-2004,btp-presidential-primaries-2004.knowledge_joint@historical-v1,f1q28_4
btp-presidential-primaries-2004,btp-presidential-primaries-2004.knowledge_joint@historical-v1,f1q28_6
btp-presidential-primaries-2004,btp-presidential-primaries-2004.knowledge_joint@historical-v1,f1q28_8
btp-presidential-primaries-2004,btp-presidential-primaries-2004.knowledge_joint@historical-v1,f1q29
btp-presidential-primaries-2004,btp-presidential-primaries-2004.knowledge_joint@historical-v1,f1q30_1
btp-presidential-primaries-2004,btp-presidential-primaries-2004.knowledge_joint@historical-v1,f1q30_2
btp-presidential-primaries-2004,btp-presidential-primaries-2004.knowledge_joint@historical-v1,f1q30_3
btp-presidential-primaries-2004,btp-presidential-primaries-2004.knowledge_joint@historical-v1,f1q30_4
btp-presidential-primaries-2004,btp-presidential-primaries-2004.knowledge_joint@historical-v1,f1q30_6
btp-presidential-primaries-2004,btp-presidential-primaries-2004.knowledge_joint@historical-v1,f1q30_8
btp-presidential-primaries-2004,btp-presidential-primaries-2004.knowledge_joint@historical-v1,f1q31
btp-presidential-primaries-2004,btp-presidential-primaries-2004.knowledge_joint@historical-v1,f1q32_1
btp-presidential-primaries-2004,btp-presidential-primaries-2004.knowledge_joint@historical-v1,f1q32_2
btp-presidential-primaries-2004,btp-presidential-primaries-2004.knowledge_joint@historical-v1,f1q32_3
btp-presidential-primaries-2004,btp-presidential-primaries-2004.knowledge_joint@historical-v1,f1q32_4
btp-presidential-primaries-2004,btp-presidential-primaries-2004.knowledge_joint@historical-v1,f1q32_6
btp-presidential-primaries-2004,btp-presidential-primaries-2004.knowledge_joint@historical-v1,f1q32_8
btp-presidential-primaries-2004,btp-presidential-primaries-2004.knowledge_joint@historical-v1,f1q33
btp-presidential-primaries-2004,btp-presidential-primaries-2004.knowledge_joint@historical-v1,f1q34
btp-presidential-primaries-2004,btp-presidential-primaries-2004.knowledge_joint@historical-v1,f1q37
btp-presidential-primaries-2004,btp-presidential-primaries-2004.knowledge_joint@historical-v1,f1q37a
btp-presidential-primaries-2004,btp-presidential-primaries-2004.knowledge_joint@historical-v1,f1q37b
btp-presidential-primaries-2004,btp-presidential-primaries-2004.knowledge_joint@historical-v1,f1q37c
btp-presidential-primaries-2004,btp-presidential-primaries-2004.knowledge_joint@historical-v1,f1q37d
btp-presidential-primaries-2004,btp-presidential-primaries-2004.knowledge_joint@historical-v1,f1q37e
btp-presidential-primaries-2004,btp-presidential-primaries-2004.knowledge_joint@historical-v1,f1q39
btp-presidential-primaries-2004,btp-presidential-primaries-2004.knowledge_joint@historical-v1,f1q40
btp-presidential-primaries-2004,btp-presidential-primaries-2004.knowledge_joint@historical-v1,f1q41b
btp-presidential-primaries-2004,btp-presidential-primaries-2004.knowledge_joint@historical-v1,f1q41c
btp-presidential-primaries-2004,btp-presidential-primaries-2004.knowledge_joint@historical-v1,f1q42a
btp-presidential-primaries-2004,btp-presidential-primaries-2004.knowledge_joint@historical-v1,f1q42b
btp-presidential-primaries-2004,btp-presidential-primaries-2004.knowledge_joint@historical-v1,f1q42c
btp-presidential-primaries-2004,btp-presidential-primaries-2004.knowledge_joint@historical-v1,f1q41a
btp-presidential-primaries-2004,btp-presidential-primaries-2004.knowledge_joint@historical-v1,f1q49a
btp-presidential-primaries-2004,btp-presidential-primaries-2004.knowledge_joint@historical-v1,f1q49b
btp-presidential-primaries-2004,btp-presidential-primaries-2004.knowledge_joint@historical-v1,f1q49c
btp-presidential-primaries-2004,btp-presidential-primaries-2004.knowledge_joint@historical-v1,f1q49d
btp-presidential-primaries-2004,btp-presidential-primaries-2004.knowledge_joint@historical-v1,f1q50
btp-presidential-primaries-2004,btp-presidential-primaries-2004.knowledge_joint@historical-v1,f1q51
btp-presidential-primaries-2004,btp-presidential-primaries-2004.knowledge_joint@historical-v1,f1q52
btp-presidential-primaries-2004,btp-presidential-primaries-2004.knowledge_joint@historical-v1,f1q53
btp-presidential-primaries-2004,btp-presidential-primaries-2004.knowledge_joint@historical-v1,f1q25md
btp-presidential-primaries-2004,btp-presidential-primaries-2004.knowledge_joint@historical-v1,f1q26_3m
btp-presidential-primaries-2004,btp-presidential-primaries-2004.knowledge_joint@historical-v1,f1q26_6m
btp-presidential-primaries-2004,btp-presidential-primaries-2004.knowledge_joint@historical-v1,f1q27md
btp-presidential-primaries-2004,btp-presidential-primaries-2004.knowledge_joint@historical-v1,f1q28_3m
btp-presidential-primaries-2004,btp-presidential-primaries-2004.knowledge_joint@historical-v1,f1q28_6m
btp-presidential-primaries-2004,btp-presidential-primaries-2004.knowledge_joint@historical-v1,f1q29md
btp-presidential-primaries-2004,btp-presidential-primaries-2004.knowledge_joint@historical-v1,f1q30_3m
btp-presidential-primaries-2004,btp-presidential-primaries-2004.knowledge_joint@historical-v1,f1q30_6m
btp-presidential-primaries-2004,btp-presidential-primaries-2004.knowledge_joint@historical-v1,f1q31md
btp-presidential-primaries-2004,btp-presidential-primaries-2004.knowledge_joint@historical-v1,f1q32_3m
btp-presidential-primaries-2004,btp-presidential-primaries-2004.knowledge_joint@historical-v1,f1q32_6m
btp-presidential-primaries-2004,btp-presidential-primaries-2004.knowledge_joint@historical-v1,f1q19_3m
btp-presidential-primaries-2004,btp-presidential-primaries-2004.knowledge_joint@historical-v1,f1q19_6m
btp-presidential-primaries-2004,btp-presidential-primaries-2004.knowledge_joint@historical-v1,f1q20_3m
btp-presidential-primaries-2004,btp-presidential-primaries-2004.knowledge_joint@historical-v1,f1q20_6m
btp-presidential-primaries-2004,btp-presidential-primaries-2004.knowledge_joint@historical-v1,f1q21_3m
btp-presidential-primaries-2004,btp-presidential-primaries-2004.knowledge_joint@historical-v1,f1q21_6m
btp-presidential-primaries-2004,btp-presidential-primaries-2004.knowledge_joint@historical-v1,compf1
btp-presidential-primaries-2004,btp-presidential-primaries-2004.knowledge_gain@historical-v1,b1q1
btp-presidential-primaries-2004,btp-presidential-primaries-2004.knowledge_gain@historical-v1,b1q2
btp-presidential-primaries-2004,btp-presidential-primaries-2004.knowledge_gain@historical-v1,b1q3
btp-presidential-primaries-2004,btp-presidential-primaries-2004.knowledge_gain@historical-v1,b1q4
btp-presidential-primaries-2004,btp-presidential-primaries-2004.knowledge_gain@historical-v1,b1q5
btp-presidential-primaries-2004,btp-presidential-primaries-2004.knowledge_gain@historical-v1,b1q6
btp-presidential-primaries-2004,btp-presidential-primaries-2004.knowledge_gain@historical-v1,b1q7
btp-presidential-primaries-2004,btp-presidential-primaries-2004.knowledge_gain@historical-v1,b1q8
btp-presidential-primaries-2004,btp-presidential-primaries-2004.knowledge_gain@historical-v1,b1q9
btp-presidential-primaries-2004,btp-presidential-primaries-2004.knowledge_gain@historical-v1,b1q10
btp-presidential-primaries-2004,btp-presidential-primaries-2004.knowledge_gain@historical-v1,b1q11
btp-presidential-primaries-2004,btp-presidential-primaries-2004.knowledge_gain@historical-v1,b1q11a
btp-presidential-primaries-2004,btp-presidential-primaries-2004.knowledge_gain@historical-v1,b1q11b
btp-presidential-primaries-2004,btp-presidential-primaries-2004.knowledge_gain@historical-v1,b1q12
btp-presidential-primaries-2004,btp-presidential-primaries-2004.knowledge_gain@historical-v1,b1q12a
btp-presidential-primaries-2004,btp-presidential-primaries-2004.knowledge_gain@historical-v1,b1q12b
btp-presidential-primaries-2004,btp-presidential-primaries-2004.knowledge_gain@historical-v1,b1q13
btp-presidential-primaries-2004,btp-presidential-primaries-2004.knowledge_gain@historical-v1,b1q14
btp-presidential-primaries-2004,btp-presidential-primaries-2004.knowledge_gain@historical-v1,b1q15
btp-presidential-primaries-2004,btp-presidential-primaries-2004.knowledge_gain@historical-v1,b1q16
btp-presidential-primaries-2004,btp-presidential-primaries-2004.knowledge_gain@historical-v1,b1q17
btp-presidential-primaries-2004,btp-presidential-primaries-2004.knowledge_gain@historical-v1,b1q18
btp-presidential-primaries-2004,btp-presidential-primaries-2004.knowledge_gain@historical-v1,b1q19_1
btp-presidential-primaries-2004,btp-presidential-primaries-2004.knowledge_gain@historical-v1,b1q19_2
btp-presidential-primaries-2004,btp-presidential-primaries-2004.knowledge_gain@historical-v1,b1q19_3
btp-presidential-primaries-2004,btp-presidential-primaries-2004.knowledge_gain@historical-v1,b1q19_4
btp-presidential-primaries-2004,btp-presidential-primaries-2004.knowledge_gain@historical-v1,b1q19_5
btp-presidential-primaries-2004,btp-presidential-primaries-2004.knowledge_gain@historical-v1,b1q19_6
btp-presidential-primaries-2004,btp-presidential-primaries-2004.knowledge_gain@historical-v1,b1q19_7
btp-presidential-primaries-2004,btp-presidential-primaries-2004.knowledge_gain@historical-v1,b1q19_8
btp-presidential-primaries-2004,btp-presidential-primaries-2004.knowledge_gain@historical-v1,b1q20_1
btp-presidential-primaries-2004,btp-presidential-primaries-2004.knowledge_gain@historical-v1,b1q20_2
btp-presidential-primaries-2004,btp-presidential-primaries-2004.knowledge_gain@historical-v1,b1q20_3
btp-presidential-primaries-2004,btp-presidential-primaries-2004.knowledge_gain@historical-v1,b1q20_4
btp-presidential-primaries-2004,btp-presidential-primaries-2004.knowledge_gain@historical-v1,b1q20_5
btp-presidential-primaries-2004,btp-presidential-primaries-2004.knowledge_gain@historical-v1,b1q20_6
btp-presidential-primaries-2004,btp-presidential-primaries-2004.knowledge_gain@historical-v1,b1q20_7
btp-presidential-primaries-2004,btp-presidential-primaries-2004.knowledge_gain@historical-v1,b1q20_8
btp-presidential-primaries-2004,btp-presidential-primaries-2004.knowledge_gain@historical-v1,b1q21_1
btp-presidential-primaries-2004,btp-presidential-primaries-2004.knowledge_gain@historical-v1,b1q21_2
btp-presidential-primaries-2004,btp-presidential-primaries-2004.knowledge_gain@historical-v1,b1q21_3
btp-presidential-primaries-2004,btp-presidential-primaries-2004.knowledge_gain@historical-v1,b1q21_4
btp-presidential-primaries-2004,btp-presidential-primaries-2004.knowledge_gain@historical-v1,b1q21_5
btp-presidential-primaries-2004,btp-presidential-primaries-2004.knowledge_gain@historical-v1,b1q21_6
btp-presidential-primaries-2004,btp-presidential-primaries-2004.knowledge_gain@historical-v1,b1q21_7
btp-presidential-primaries-2004,btp-presidential-primaries-2004.knowledge_gain@historical-v1,b1q21_8
btp-presidential-primaries-2004,btp-presidential-primaries-2004.knowledge_gain@historical-v1,b1q22_1
btp-presidential-primaries-2004,btp-presidential-primaries-2004.knowledge_gain@historical-v1,b1q22_2
btp-presidential-primaries-2004,btp-presidential-primaries-2004.knowledge_gain@historical-v1,b1q22_3
btp-presidential-primaries-2004,btp-presidential-primaries-2004.knowledge_gain@historical-v1,b1q22_6
btp-presidential-primaries-2004,btp-presidential-primaries-2004.knowledge_gain@historical-v1,b1q22_4
btp-presidential-primaries-2004,btp-presidential-primaries-2004.knowledge_gain@historical-v1,b1q22_5
btp-presidential-primaries-2004,btp-presidential-primaries-2004.knowledge_gain@historical-v1,b1q22_7
btp-presidential-primaries-2004,btp-presidential-primaries-2004.knowledge_gain@historical-v1,b1q22_8
btp-presidential-primaries-2004,btp-presidential-primaries-2004.knowledge_gain@historical-v1,b1q22_9
btp-presidential-primaries-2004,btp-presidential-primaries-2004.knowledge_gain@historical-v1,b1q22_10
btp-presidential-primaries-2004,btp-presidential-primaries-2004.knowledge_gain@historical-v1,b1q23
btp-presidential-primaries-2004,btp-presidential-primaries-2004.knowledge_gain@historical-v1,b1q24
btp-presidential-primaries-2004,btp-presidential-primaries-2004.knowledge_gain@historical-v1,b1q25
btp-presidential-primaries-2004,btp-presidential-primaries-2004.knowledge_gain@historical-v1,b1q26_1
btp-presidential-primaries-2004,btp-presidential-primaries-2004.knowledge_gain@historical-v1,b1q26_2
btp-presidential-primaries-2004,btp-presidential-primaries-2004.knowledge_gain@historical-v1,b1q26_3
btp-presidential-primaries-2004,btp-presidential-primaries-2004.knowledge_gain@historical-v1,b1q26_4
btp-presidential-primaries-2004,btp-presidential-primaries-2004.knowledge_gain@historical-v1,b1q26_5
btp-presidential-primaries-2004,btp-presidential-primaries-2004.knowledge_gain@historical-v1,b1q26_6
btp-presidential-primaries-2004,btp-presidential-primaries-2004.knowledge_gain@historical-v1,b1q26_7
btp-presidential-primaries-2004,btp-presidential-primaries-2004.knowledge_gain@historical-v1,b1q26_8
btp-presidential-primaries-2004,btp-presidential-primaries-2004.knowledge_gain@historical-v1,b1q27
btp-presidential-primaries-2004,btp-presidential-primaries-2004.knowledge_gain@historical-v1,b1q28_1
btp-presidential-primaries-2004,btp-presidential-primaries-2004.knowledge_gain@historical-v1,b1q28_2
btp-presidential-primaries-2004,btp-presidential-primaries-2004.knowledge_gain@historical-v1,b1q28_3
btp-presidential-primaries-2004,btp-presidential-primaries-2004.knowledge_gain@historical-v1,b1q28_4
btp-presidential-primaries-2004,btp-presidential-primaries-2004.knowledge_gain@historical-v1,b1q28_5
btp-presidential-primaries-2004,btp-presidential-primaries-2004.knowledge_gain@historical-v1,b1q28_6
btp-presidential-primaries-2004,btp-presidential-primaries-2004.knowledge_gain@historical-v1,b1q28_7
btp-presidential-primaries-2004,btp-presidential-primaries-2004.knowledge_gain@historical-v1,b1q28_8
btp-presidential-primaries-2004,btp-presidential-primaries-2004.knowledge_gain@historical-v1,b1q29
btp-presidential-primaries-2004,btp-presidential-primaries-2004.knowledge_gain@historical-v1,b1q30_1
btp-presidential-primaries-2004,btp-presidential-primaries-2004.knowledge_gain@historical-v1,b1q30_2
btp-presidential-primaries-2004,btp-presidential-primaries-2004.knowledge_gain@historical-v1,b1q30_3
btp-presidential-primaries-2004,btp-presidential-primaries-2004.knowledge_gain@historical-v1,b1q30_4
btp-presidential-primaries-2004,btp-presidential-primaries-2004.knowledge_gain@historical-v1,b1q30_5
btp-presidential-primaries-2004,btp-presidential-primaries-2004.knowledge_gain@historical-v1,b1q30_6
btp-presidential-primaries-2004,btp-presidential-primaries-2004.knowledge_gain@historical-v1,b1q30_7
btp-presidential-primaries-2004,btp-presidential-primaries-2004.knowledge_gain@historical-v1,b1q30_8
btp-presidential-primaries-2004,btp-presidential-primaries-2004.knowledge_gain@historical-v1,b1q31
btp-presidential-primaries-2004,btp-presidential-primaries-2004.knowledge_gain@historical-v1,b1q32_1
btp-presidential-primaries-2004,btp-presidential-primaries-2004.knowledge_gain@historical-v1,b1q32_2
btp-presidential-primaries-2004,btp-presidential-primaries-2004.knowledge_gain@historical-v1,b1q32_3
btp-presidential-primaries-2004,btp-presidential-primaries-2004.knowledge_gain@historical-v1,b1q32_4
btp-presidential-primaries-2004,btp-presidential-primaries-2004.knowledge_gain@historical-v1,b1q32_5
btp-presidential-primaries-2004,btp-presidential-primaries-2004.knowledge_gain@historical-v1,b1q32_6
btp-presidential-primaries-2004,btp-presidential-primaries-2004.knowledge_gain@historical-v1,b1q32_7
btp-presidential-primaries-2004,btp-presidential-primaries-2004.knowledge_gain@historical-v1,b1q32_8
btp-presidential-primaries-2004,btp-presidential-primaries-2004.knowledge_gain@historical-v1,b1q33
btp-presidential-primaries-2004,btp-presidential-primaries-2004.knowledge_gain@historical-v1,b1q34
btp-presidential-primaries-2004,btp-presidential-primaries-2004.knowledge_gain@historical-v1,b1q37
btp-presidential-primaries-2004,btp-presidential-primaries-2004.knowledge_gain@historical-v1,b1q38
btp-presidential-primaries-2004,btp-presidential-primaries-2004.knowledge_gain@historical-v1,b1q39
btp-presidential-primaries-2004,btp-presidential-primaries-2004.knowledge_gain@historical-v1,b1q40
btp-presidential-primaries-2004,btp-presidential-primaries-2004.knowledge_gain@historical-v1,b1q41a
btp-presidential-primaries-2004,btp-presidential-primaries-2004.knowledge_gain@historical-v1,b1q41b
btp-presidential-primaries-2004,btp-presidential-primaries-2004.knowledge_gain@historical-v1,b1q41c
btp-presidential-primaries-2004,btp-presidential-primaries-2004.knowledge_gain@historical-v1,b1q42a
btp-presidential-primaries-2004,btp-presidential-primaries-2004.knowledge_gain@historical-v1,b1q42b
btp-presidential-primaries-2004,btp-presidential-primaries-2004.knowledge_gain@historical-v1,b1q42c
btp-presidential-primaries-2004,btp-presidential-primaries-2004.knowledge_gain@historical-v1,b1q22_3r
btp-presidential-primaries-2004,btp-presidential-primaries-2004.knowledge_gain@historical-v1,f1q1fu_1
btp-presidential-primaries-2004,btp-presidential-primaries-2004.knowledge_gain@historical-v1,f1q1fu_2
btp-presidential-primaries-2004,btp-presidential-primaries-2004.knowledge_gain@historical-v1,f1q1fu_3
btp-presidential-primaries-2004,btp-presidential-primaries-2004.knowledge_gain@historical-v1,f1q1fu_4
btp-presidential-primaries-2004,btp-presidential-primaries-2004.knowledge_gain@historical-v1,f1q1fu_5
btp-presidential-primaries-2004,btp-presidential-primaries-2004.knowledge_gain@historical-v1,f1q1fu_6
btp-presidential-primaries-2004,btp-presidential-primaries-2004.knowledge_gain@historical-v1,f1q1fu_7
btp-presidential-primaries-2004,btp-presidential-primaries-2004.knowledge_gain@historical-v1,f1q1fu_8
btp-presidential-primaries-2004,btp-presidential-primaries-2004.knowledge_gain@historical-v1,f1q2fu
btp-presidential-primaries-2004,btp-presidential-primaries-2004.knowledge_gain@historical-v1,f1q3fu
btp-presidential-primaries-2004,btp-presidential-primaries-2004.knowledge_gain@historical-v1,f1q4fu
btp-presidential-primaries-2004,btp-presidential-primaries-2004.knowledge_gain@historical-v1,f1q1
btp-presidential-primaries-2004,btp-presidential-primaries-2004.knowledge_gain@historical-v1,f1q2
btp-presidential-primaries-2004,btp-presidential-primaries-2004.knowledge_gain@historical-v1,f1q3
btp-presidential-primaries-2004,btp-presidential-primaries-2004.knowledge_gain@historical-v1,f1q5
btp-presidential-primaries-2004,btp-presidential-primaries-2004.knowledge_gain@historical-v1,f1q6
btp-presidential-primaries-2004,btp-presidential-primaries-2004.knowledge_gain@historical-v1,f1q7
btp-presidential-primaries-2004,btp-presidential-primaries-2004.knowledge_gain@historical-v1,f1q8
btp-presidential-primaries-2004,btp-presidential-primaries-2004.knowledge_gain@historical-v1,f1q9
btp-presidential-primaries-2004,btp-presidential-primaries-2004.knowledge_gain@historical-v1,f1q10
btp-presidential-primaries-2004,btp-presidential-primaries-2004.knowledge_gain@historical-v1,f1q11fu
btp-presidential-primaries-2004,btp-presidential-primaries-2004.knowledge_gain@historical-v1,f1q12fu
btp-presidential-primaries-2004,btp-presidential-primaries-2004.knowledge_gain@historical-v1,f1q13
btp-presidential-primaries-2004,btp-presidential-primaries-2004.knowledge_gain@historical-v1,f1q14
btp-presidential-primaries-2004,btp-presidential-primaries-2004.knowledge_gain@historical-v1,f1q15
btp-presidential-primaries-2004,btp-presidential-primaries-2004.knowledge_gain@historical-v1,f1q15a
btp-presidential-primaries-2004,btp-presidential-primaries-2004.knowledge_gain@historical-v1,f1q15b
btp-presidential-primaries-2004,btp-presidential-primaries-2004.knowledge_gain@historical-v1,f1q15c
btp-presidential-primaries-2004,btp-presidential-primaries-2004.knowledge_gain@historical-v1,f1q16
btp-presidential-primaries-2004,btp-presidential-primaries-2004.knowledge_gain@historical-v1,f1q17
btp-presidential-primaries-2004,btp-presidential-primaries-2004.knowledge_gain@historical-v1,f1q18
btp-presidential-primaries-2004,btp-presidential-primaries-2004.knowledge_gain@historical-v1,f1q18a
btp-presidential-primaries-2004,btp-presidential-primaries-2004.knowledge_gain@historical-v1,f1q18b
btp-presidential-primaries-2004,btp-presidential-primaries-2004.knowledge_gain@historical-v1,f1q19_1
btp-presidential-primaries-2004,btp-presidential-primaries-2004.knowledge_gain@historical-v1,f1q19_2
btp-presidential-primaries-2004,btp-presidential-primaries-2004.knowledge_gain@historical-v1,f1q19_3
btp-presidential-primaries-2004,btp-presidential-primaries-2004.knowledge_gain@historical-v1,f1q19_4
btp-presidential-primaries-2004,btp-presidential-primaries-2004.knowledge_gain@historical-v1,f1q19_6
btp-presidential-primaries-2004,btp-presidential-primaries-2004.knowledge_gain@historical-v1,f1q19_8
btp-presidential-primaries-2004,btp-presidential-primaries-2004.knowledge_gain@historical-v1,f1q20_1
btp-presidential-primaries-2004,btp-presidential-primaries-2004.knowledge_gain@historical-v1,f1q20_2
btp-presidential-primaries-2004,btp-presidential-primaries-2004.knowledge_gain@historical-v1,f1q20_3
btp-presidential-primaries-2004,btp-presidential-primaries-2004.knowledge_gain@historical-v1,f1q20_4
btp-presidential-primaries-2004,btp-presidential-primaries-2004.knowledge_gain@historical-v1,f1q20_6
btp-presidential-primaries-2004,btp-presidential-primaries-2004.knowledge_gain@historical-v1,f1q20_8
btp-presidential-primaries-2004,btp-presidential-primaries-2004.knowledge_gain@historical-v1,f1q21_1
btp-presidential-primaries-2004,btp-presidential-primaries-2004.knowledge_gain@historical-v1,f1q21_2
btp-presidential-primaries-2004,btp-presidential-primaries-2004.knowledge_gain@historical-v1,f1q21_3
btp-presidential-primaries-2004,btp-presidential-primaries-2004.knowledge_gain@historical-v1,f1q21_4
btp-presidential-primaries-2004,btp-presidential-primaries-2004.knowledge_gain@historical-v1,f1q21_6
btp-presidential-primaries-2004,btp-presidential-primaries-2004.knowledge_gain@historical-v1,f1q21_8
btp-presidential-primaries-2004,btp-presidential-primaries-2004.knowledge_gain@historical-v1,f1q22_1
btp-presidential-primaries-2004,btp-presidential-primaries-2004.knowledge_gain@historical-v1,f1q22_2
btp-presidential-primaries-2004,btp-presidential-primaries-2004.knowledge_gain@historical-v1,f1q22_3
btp-presidential-primaries-2004,btp-presidential-primaries-2004.knowledge_gain@historical-v1,f1q22_6
btp-presidential-primaries-2004,btp-presidential-primaries-2004.knowledge_gain@historical-v1,f1q22_4
btp-presidential-primaries-2004,btp-presidential-primaries-2004.knowledge_gain@historical-v1,f1q22_8
btp-presidential-primaries-2004,btp-presidential-primaries-2004.knowledge_gain@historical-v1,f1q22_10
btp-presidential-primaries-2004,btp-presidential-primaries-2004.knowledge_gain@historical-v1,f1q23
btp-presidential-primaries-2004,btp-presidential-primaries-2004.knowledge_gain@historical-v1,f1q24
btp-presidential-primaries-2004,btp-presidential-primaries-2004.knowledge_gain@historical-v1,f1q25
btp-presidential-primaries-2004,btp-presidential-primaries-2004.knowledge_gain@historical-v1,f1q26_1
btp-presidential-primaries-2004,btp-presidential-primaries-2004.knowledge_gain@historical-v1,f1q26_2
btp-presidential-primaries-2004,btp-presidential-primaries-2004.knowledge_gain@historical-v1,f1q26_3
btp-presidential-primaries-2004,btp-presidential-primaries-2004.knowledge_gain@historical-v1,f1q26_4
btp-presidential-primaries-2004,btp-presidential-primaries-2004.knowledge_gain@historical-v1,f1q26_6
btp-presidential-primaries-2004,btp-presidential-primaries-2004.knowledge_gain@historical-v1,f1q26_8
btp-presidential-primaries-2004,btp-presidential-primaries-2004.knowledge_gain@historical-v1,f1q27
btp-presidential-primaries-2004,btp-presidential-primaries-2004.knowledge_gain@historical-v1,f1q28_1
btp-presidential-primaries-2004,btp-presidential-primaries-2004.knowledge_gain@historical-v1,f1q28_2
btp-presidential-primaries-2004,btp-presidential-primaries-2004.knowledge_gain@historical-v1,f1q28_3
btp-presidential-primaries-2004,btp-presidential-primaries-2004.knowledge_gain@historical-v1,f1q28_4
btp-presidential-primaries-2004,btp-presidential-primaries-2004.knowledge_gain@historical-v1,f1q28_6
btp-presidential-primaries-2004,btp-presidential-primaries-2004.knowledge_gain@historical-v1,f1q28_8
btp-presidential-primaries-2004,btp-presidential-primaries-2004.knowledge_gain@historical-v1,f1q29
btp-presidential-primaries-2004,btp-presidential-primaries-2004.knowledge_gain@historical-v1,f1q30_1
btp-presidential-primaries-2004,btp-presidential-primaries-2004.knowledge_gain@historical-v1,f1q30_2
btp-presidential-primaries-2004,btp-presidential-primaries-2004.knowledge_gain@historical-v1,f1q30_3
btp-presidential-primaries-2004,btp-presidential-primaries-2004.knowledge_gain@historical-v1,f1q30_4
btp-presidential-primaries-2004,btp-presidential-primaries-2004.knowledge_gain@historical-v1,f1q30_6
btp-presidential-primaries-2004,btp-presidential-primaries-2004.knowledge_gain@historical-v1,f1q30_8
btp-presidential-primaries-2004,btp-presidential-primaries-2004.knowledge_gain@historical-v1,f1q31
btp-presidential-primaries-2004,btp-presidential-primaries-2004.knowledge_gain@historical-v1,f1q32_1
btp-presidential-primaries-2004,btp-presidential-primaries-2004.knowledge_gain@historical-v1,f1q32_2
btp-presidential-primaries-2004,btp-presidential-primaries-2004.knowledge_gain@historical-v1,f1q32_3
btp-presidential-primaries-2004,btp-presidential-primaries-2004.knowledge_gain@historical-v1,f1q32_4
btp-presidential-primaries-2004,btp-presidential-primaries-2004.knowledge_gain@historical-v1,f1q32_6
btp-presidential-primaries-2004,btp-presidential-primaries-2004.knowledge_gain@historical-v1,f1q32_8
btp-presidential-primaries-2004,btp-presidential-primaries-2004.knowledge_gain@historical-v1,f1q33
btp-presidential-primaries-2004,btp-presidential-primaries-2004.knowledge_gain@historical-v1,f1q34
btp-presidential-primaries-2004,btp-presidential-primaries-2004.knowledge_gain@historical-v1,f1q37
btp-presidential-primaries-2004,btp-presidential-primaries-2004.knowledge_gain@historical-v1,f1q37a
btp-presidential-primaries-2004,btp-presidential-primaries-2004.knowledge_gain@historical-v1,f1q37b
btp-presidential-primaries-2004,btp-presidential-primaries-2004.knowledge_gain@historical-v1,f1q37c
btp-presidential-primaries-2004,btp-presidential-primaries-2004.knowledge_gain@historical-v1,f1q37d
btp-presidential-primaries-2004,btp-presidential-primaries-2004.knowledge_gain@historical-v1,f1q37e
btp-presidential-primaries-2004,btp-presidential-primaries-2004.knowledge_gain@historical-v1,f1q39
btp-presidential-primaries-2004,btp-presidential-primaries-2004.knowledge_gain@historical-v1,f1q40
btp-presidential-primaries-2004,btp-presidential-primaries-2004.knowledge_gain@historical-v1,f1q41b
btp-presidential-primaries-2004,btp-presidential-primaries-2004.knowledge_gain@historical-v1,f1q41c
btp-presidential-primaries-2004,btp-presidential-primaries-2004.knowledge_gain@historical-v1,f1q42a
btp-presidential-primaries-2004,btp-presidential-primaries-2004.knowledge_gain@historical-v1,f1q42b
btp-presidential-primaries-2004,btp-presidential-primaries-2004.knowledge_gain@historical-v1,f1q42c
btp-presidential-primaries-2004,btp-presidential-primaries-2004.knowledge_gain@historical-v1,f1q41a
btp-presidential-primaries-2004,btp-presidential-primaries-2004.knowledge_gain@historical-v1,f1q49a
btp-presidential-primaries-2004,btp-presidential-primaries-2004.knowledge_gain@historical-v1,f1q49b
btp-presidential-primaries-2004,btp-presidential-primaries-2004.knowledge_gain@historical-v1,f1q49c
btp-presidential-primaries-2004,btp-presidential-primaries-2004.knowledge_gain@historical-v1,f1q49d
btp-presidential-primaries-2004,btp-presidential-primaries-2004.knowledge_gain@historical-v1,f1q50
btp-presidential-primaries-2004,btp-presidential-primaries-2004.knowledge_gain@historical-v1,f1q51
btp-presidential-primaries-2004,btp-presidential-primaries-2004.knowledge_gain@historical-v1,f1q52
btp-presidential-primaries-2004,btp-presidential-primaries-2004.knowledge_gain@historical-v1,f1q53
btp-presidential-primaries-2004,btp-presidential-primaries-2004.knowledge_gain@historical-v1,f1q25md
btp-presidential-primaries-2004,btp-presidential-primaries-2004.knowledge_gain@historical-v1,f1q26_3m
btp-presidential-primaries-2004,btp-presidential-primaries-2004.knowledge_gain@historical-v1,f1q26_6m
btp-presidential-primaries-2004,btp-presidential-primaries-2004.knowledge_gain@historical-v1,f1q27md
btp-presidential-primaries-2004,btp-presidential-primaries-2004.knowledge_gain@historical-v1,f1q28_3m
btp-presidential-primaries-2004,btp-presidential-primaries-2004.knowledge_gain@historical-v1,f1q28_6m
btp-presidential-primaries-2004,btp-presidential-primaries-2004.knowledge_gain@historical-v1,f1q29md
btp-presidential-primaries-2004,btp-presidential-primaries-2004.knowledge_gain@historical-v1,f1q30_3m
btp-presidential-primaries-2004,btp-presidential-primaries-2004.knowledge_gain@historical-v1,f1q30_6m
btp-presidential-primaries-2004,btp-presidential-primaries-2004.knowledge_gain@historical-v1,f1q31md
btp-presidential-primaries-2004,btp-presidential-primaries-2004.knowledge_gain@historical-v1,f1q32_3m
btp-presidential-primaries-2004,btp-presidential-primaries-2004.knowledge_gain@historical-v1,f1q32_6m
btp-presidential-primaries-2004,btp-presidential-primaries-2004.knowledge_gain@historical-v1,f1q19_3m
btp-presidential-primaries-2004,btp-presidential-primaries-2004.knowledge_gain@historical-v1,f1q19_6m
btp-presidential-primaries-2004,btp-presidential-primaries-2004.knowledge_gain@historical-v1,f1q20_3m
btp-presidential-primaries-2004,btp-presidential-primaries-2004.knowledge_gain@historical-v1,f1q20_6m
btp-presidential-primaries-2004,btp-presidential-primaries-2004.knowledge_gain@historical-v1,f1q21_3m
btp-presidential-primaries-2004,btp-presidential-primaries-2004.knowledge_gain@historical-v1,f1q21_6m
btp-presidential-primaries-2004,btp-presidential-primaries-2004.knowledge_gain@historical-v1,compf1
btp-presidential-primaries-2004,btp-presidential-primaries-2004.knowledge_gain_joint@historical-v1,b1q1
btp-presidential-primaries-2004,btp-presidential-primaries-2004.knowledge_gain_joint@historical-v1,b1q2
btp-presidential-primaries-2004,btp-presidential-primaries-2004.knowledge_gain_joint@historical-v1,b1q3
btp-presidential-primaries-2004,btp-presidential-primaries-2004.knowledge_gain_joint@historical-v1,b1q4
btp-presidential-primaries-2004,btp-presidential-primaries-2004.knowledge_gain_joint@historical-v1,b1q5
btp-presidential-primaries-2004,btp-presidential-primaries-2004.knowledge_gain_joint@historical-v1,b1q6
btp-presidential-primaries-2004,btp-presidential-primaries-2004.knowledge_gain_joint@historical-v1,b1q7
btp-presidential-primaries-2004,btp-presidential-primaries-2004.knowledge_gain_joint@historical-v1,b1q8
btp-presidential-primaries-2004,btp-presidential-primaries-2004.knowledge_gain_joint@historical-v1,b1q9
btp-presidential-primaries-2004,btp-presidential-primaries-2004.knowledge_gain_joint@historical-v1,b1q10
btp-presidential-primaries-2004,btp-presidential-primaries-2004.knowledge_gain_joint@historical-v1,b1q11
btp-presidential-primaries-2004,btp-presidential-primaries-2004.knowledge_gain_joint@historical-v1,b1q11a
btp-presidential-primaries-2004,btp-presidential-primaries-2004.knowledge_gain_joint@historical-v1,b1q11b
btp-presidential-primaries-2004,btp-presidential-primaries-2004.knowledge_gain_joint@historical-v1,b1q12
btp-presidential-primaries-2004,btp-presidential-primaries-2004.knowledge_gain_joint@historical-v1,b1q12a
btp-presidential-primaries-2004,btp-presidential-primaries-2004.knowledge_gain_joint@historical-v1,b1q12b
btp-presidential-primaries-2004,btp-presidential-primaries-2004.knowledge_gain_joint@historical-v1,b1q13
btp-presidential-primaries-2004,btp-presidential-primaries-2004.knowledge_gain_joint@historical-v1,b1q14
btp-presidential-primaries-2004,btp-presidential-primaries-2004.knowledge_gain_joint@historical-v1,b1q15
btp-presidential-primaries-2004,btp-presidential-primaries-2004.knowledge_gain_joint@historical-v1,b1q16
btp-presidential-primaries-2004,btp-presidential-primaries-2004.knowledge_gain_joint@historical-v1,b1q17
btp-presidential-primaries-2004,btp-presidential-primaries-2004.knowledge_gain_joint@historical-v1,b1q18
btp-presidential-primaries-2004,btp-presidential-primaries-2004.knowledge_gain_joint@historical-v1,b1q19_1
btp-presidential-primaries-2004,btp-presidential-primaries-2004.knowledge_gain_joint@historical-v1,b1q19_2
btp-presidential-primaries-2004,btp-presidential-primaries-2004.knowledge_gain_joint@historical-v1,b1q19_3
btp-presidential-primaries-2004,btp-presidential-primaries-2004.knowledge_gain_joint@historical-v1,b1q19_4
btp-presidential-primaries-2004,btp-presidential-primaries-2004.knowledge_gain_joint@historical-v1,b1q19_5
btp-presidential-primaries-2004,btp-presidential-primaries-2004.knowledge_gain_joint@historical-v1,b1q19_6
btp-presidential-primaries-2004,btp-presidential-primaries-2004.knowledge_gain_joint@historical-v1,b1q19_7
btp-presidential-primaries-2004,btp-presidential-primaries-2004.knowledge_gain_joint@historical-v1,b1q19_8
btp-presidential-primaries-2004,btp-presidential-primaries-2004.knowledge_gain_joint@historical-v1,b1q20_1
btp-presidential-primaries-2004,btp-presidential-primaries-2004.knowledge_gain_joint@historical-v1,b1q20_2
btp-presidential-primaries-2004,btp-presidential-primaries-2004.knowledge_gain_joint@historical-v1,b1q20_3
btp-presidential-primaries-2004,btp-presidential-primaries-2004.knowledge_gain_joint@historical-v1,b1q20_4
btp-presidential-primaries-2004,btp-presidential-primaries-2004.knowledge_gain_joint@historical-v1,b1q20_5
btp-presidential-primaries-2004,btp-presidential-primaries-2004.knowledge_gain_joint@historical-v1,b1q20_6
btp-presidential-primaries-2004,btp-presidential-primaries-2004.knowledge_gain_joint@historical-v1,b1q20_7
btp-presidential-primaries-2004,btp-presidential-primaries-2004.knowledge_gain_joint@historical-v1,b1q20_8
btp-presidential-primaries-2004,btp-presidential-primaries-2004.knowledge_gain_joint@historical-v1,b1q21_1
btp-presidential-primaries-2004,btp-presidential-primaries-2004.knowledge_gain_joint@historical-v1,b1q21_2
btp-presidential-primaries-2004,btp-presidential-primaries-2004.knowledge_gain_joint@historical-v1,b1q21_3
btp-presidential-primaries-2004,btp-presidential-primaries-2004.knowledge_gain_joint@historical-v1,b1q21_4
btp-presidential-primaries-2004,btp-presidential-primaries-2004.knowledge_gain_joint@historical-v1,b1q21_5
btp-presidential-primaries-2004,btp-presidential-primaries-2004.knowledge_gain_joint@historical-v1,b1q21_6
btp-presidential-primaries-2004,btp-presidential-primaries-2004.knowledge_gain_joint@historical-v1,b1q21_7
btp-presidential-primaries-2004,btp-presidential-primaries-2004.knowledge_gain_joint@historical-v1,b1q21_8
btp-presidential-primaries-2004,btp-presidential-primaries-2004.knowledge_gain_joint@historical-v1,b1q22_1
btp-presidential-primaries-2004,btp-presidential-primaries-2004.knowledge_gain_joint@historical-v1,b1q22_2
btp-presidential-primaries-2004,btp-presidential-primaries-2004.knowledge_gain_joint@historical-v1,b1q22_3
btp-presidential-primaries-2004,btp-presidential-primaries-2004.knowledge_gain_joint@historical-v1,b1q22_6
btp-presidential-primaries-2004,btp-presidential-primaries-2004.knowledge_gain_joint@historical-v1,b1q22_4
btp-presidential-primaries-2004,btp-presidential-primaries-2004.knowledge_gain_joint@historical-v1,b1q22_5
btp-presidential-primaries-2004,btp-presidential-primaries-2004.knowledge_gain_joint@historical-v1,b1q22_7
btp-presidential-primaries-2004,btp-presidential-primaries-2004.knowledge_gain_joint@historical-v1,b1q22_8
btp-presidential-primaries-2004,btp-presidential-primaries-2004.knowledge_gain_joint@historical-v1,b1q22_9
btp-presidential-primaries-2004,btp-presidential-primaries-2004.knowledge_gain_joint@historical-v1,b1q22_10
btp-presidential-primaries-2004,btp-presidential-primaries-2004.knowledge_gain_joint@historical-v1,b1q23
btp-presidential-primaries-2004,btp-presidential-primaries-2004.knowledge_gain_joint@historical-v1,b1q24
btp-presidential-primaries-2004,btp-presidential-primaries-2004.knowledge_gain_joint@historical-v1,b1q25
btp-presidential-primaries-2004,btp-presidential-primaries-2004.knowledge_gain_joint@historical-v1,b1q26_1
btp-presidential-primaries-2004,btp-presidential-primaries-2004.knowledge_gain_joint@historical-v1,b1q26_2
btp-presidential-primaries-2004,btp-presidential-primaries-2004.knowledge_gain_joint@historical-v1,b1q26_3
btp-presidential-primaries-2004,btp-presidential-primaries-2004.knowledge_gain_joint@historical-v1,b1q26_4
btp-presidential-primaries-2004,btp-presidential-primaries-2004.knowledge_gain_joint@historical-v1,b1q26_5
btp-presidential-primaries-2004,btp-presidential-primaries-2004.knowledge_gain_joint@historical-v1,b1q26_6
btp-presidential-primaries-2004,btp-presidential-primaries-2004.knowledge_gain_joint@historical-v1,b1q26_7
btp-presidential-primaries-2004,btp-presidential-primaries-2004.knowledge_gain_joint@historical-v1,b1q26_8
btp-presidential-primaries-2004,btp-presidential-primaries-2004.knowledge_gain_joint@historical-v1,b1q27
btp-presidential-primaries-2004,btp-presidential-primaries-2004.knowledge_gain_joint@historical-v1,b1q28_1
btp-presidential-primaries-2004,btp-presidential-primaries-2004.knowledge_gain_joint@historical-v1,b1q28_2
btp-presidential-primaries-2004,btp-presidential-primaries-2004.knowledge_gain_joint@historical-v1,b1q28_3
btp-presidential-primaries-2004,btp-presidential-primaries-2004.knowledge_gain_joint@historical-v1,b1q28_4
btp-presidential-primaries-2004,btp-presidential-primaries-2004.knowledge_gain_joint@historical-v1,b1q28_5
btp-presidential-primaries-2004,btp-presidential-primaries-2004.knowledge_gain_joint@historical-v1,b1q28_6
btp-presidential-primaries-2004,btp-presidential-primaries-2004.knowledge_gain_joint@historical-v1,b1q28_7
btp-presidential-primaries-2004,btp-presidential-primaries-2004.knowledge_gain_joint@historical-v1,b1q28_8
btp-presidential-primaries-2004,btp-presidential-primaries-2004.knowledge_gain_joint@historical-v1,b1q29
btp-presidential-primaries-2004,btp-presidential-primaries-2004.knowledge_gain_joint@historical-v1,b1q30_1
btp-presidential-primaries-2004,btp-presidential-primaries-2004.knowledge_gain_joint@historical-v1,b1q30_2
btp-presidential-primaries-2004,btp-presidential-primaries-2004.knowledge_gain_joint@historical-v1,b1q30_3
btp-presidential-primaries-2004,btp-presidential-primaries-2004.knowledge_gain_joint@historical-v1,b1q30_4
btp-presidential-primaries-2004,btp-presidential-primaries-2004.knowledge_gain_joint@historical-v1,b1q30_5
btp-presidential-primaries-2004,btp-presidential-primaries-2004.knowledge_gain_joint@historical-v1,b1q30_6
btp-presidential-primaries-2004,btp-presidential-primaries-2004.knowledge_gain_joint@historical-v1,b1q30_7
btp-presidential-primaries-2004,btp-presidential-primaries-2004.knowledge_gain_joint@historical-v1,b1q30_8
btp-presidential-primaries-2004,btp-presidential-primaries-2004.knowledge_gain_joint@historical-v1,b1q31
btp-presidential-primaries-2004,btp-presidential-primaries-2004.knowledge_gain_joint@historical-v1,b1q32_1
btp-presidential-primaries-2004,btp-presidential-primaries-2004.knowledge_gain_joint@historical-v1,b1q32_2
btp-presidential-primaries-2004,btp-presidential-primaries-2004.knowledge_gain_joint@historical-v1,b1q32_3
btp-presidential-primaries-2004,btp-presidential-primaries-2004.knowledge_gain_joint@historical-v1,b1q32_4
btp-presidential-primaries-2004,btp-presidential-primaries-2004.knowledge_gain_joint@historical-v1,b1q32_5
btp-presidential-primaries-2004,btp-presidential-primaries-2004.knowledge_gain_joint@historical-v1,b1q32_6
btp-presidential-primaries-2004,btp-presidential-primaries-2004.knowledge_gain_joint@historical-v1,b1q32_7
btp-presidential-primaries-2004,btp-presidential-primaries-2004.knowledge_gain_joint@historical-v1,b1q32_8
btp-presidential-primaries-2004,btp-presidential-primaries-2004.knowledge_gain_joint@historical-v1,b1q33
btp-presidential-primaries-2004,btp-presidential-primaries-2004.knowledge_gain_joint@historical-v1,b1q34
btp-presidential-primaries-2004,btp-presidential-primaries-2004.knowledge_gain_joint@historical-v1,b1q37
btp-presidential-primaries-2004,btp-presidential-primaries-2004.knowledge_gain_joint@historical-v1,b1q38
btp-presidential-primaries-2004,btp-presidential-primaries-2004.knowledge_gain_joint@historical-v1,b1q39
btp-presidential-primaries-2004,btp-presidential-primaries-2004.knowledge_gain_joint@historical-v1,b1q40
btp-presidential-primaries-2004,btp-presidential-primaries-2004.knowledge_gain_joint@historical-v1,b1q41a
btp-presidential-primaries-2004,btp-presidential-primaries-2004.knowledge_gain_joint@historical-v1,b1q41b
btp-presidential-primaries-2004,btp-presidential-primaries-2004.knowledge_gain_joint@historical-v1,b1q41c
btp-presidential-primaries-2004,btp-presidential-primaries-2004.knowledge_gain_joint@historical-v1,b1q42a
btp-presidential-primaries-2004,btp-presidential-primaries-2004.knowledge_gain_joint@historical-v1,b1q42b
btp-presidential-primaries-2004,btp-presidential-primaries-2004.knowledge_gain_joint@historical-v1,b1q42c
btp-presidential-primaries-2004,btp-presidential-primaries-2004.knowledge_gain_joint@historical-v1,b1q22_3r
btp-presidential-primaries-2004,btp-presidential-primaries-2004.knowledge_gain_joint@historical-v1,f1q1fu_1
btp-presidential-primaries-2004,btp-presidential-primaries-2004.knowledge_gain_joint@historical-v1,f1q1fu_2
btp-presidential-primaries-2004,btp-presidential-primaries-2004.knowledge_gain_joint@historical-v1,f1q1fu_3
btp-presidential-primaries-2004,btp-presidential-primaries-2004.knowledge_gain_joint@historical-v1,f1q1fu_4
btp-presidential-primaries-2004,btp-presidential-primaries-2004.knowledge_gain_joint@historical-v1,f1q1fu_5
btp-presidential-primaries-2004,btp-presidential-primaries-2004.knowledge_gain_joint@historical-v1,f1q1fu_6
btp-presidential-primaries-2004,btp-presidential-primaries-2004.knowledge_gain_joint@historical-v1,f1q1fu_7
btp-presidential-primaries-2004,btp-presidential-primaries-2004.knowledge_gain_joint@historical-v1,f1q1fu_8
btp-presidential-primaries-2004,btp-presidential-primaries-2004.knowledge_gain_joint@historical-v1,f1q2fu
btp-presidential-primaries-2004,btp-presidential-primaries-2004.knowledge_gain_joint@historical-v1,f1q3fu
btp-presidential-primaries-2004,btp-presidential-primaries-2004.knowledge_gain_joint@historical-v1,f1q4fu
btp-presidential-primaries-2004,btp-presidential-primaries-2004.knowledge_gain_joint@historical-v1,f1q1
btp-presidential-primaries-2004,btp-presidential-primaries-2004.knowledge_gain_joint@historical-v1,f1q2
btp-presidential-primaries-2004,btp-presidential-primaries-2004.knowledge_gain_joint@historical-v1,f1q3
btp-presidential-primaries-2004,btp-presidential-primaries-2004.knowledge_gain_joint@historical-v1,f1q5
btp-presidential-primaries-2004,btp-presidential-primaries-2004.knowledge_gain_joint@historical-v1,f1q6
btp-presidential-primaries-2004,btp-presidential-primaries-2004.knowledge_gain_joint@historical-v1,f1q7
btp-presidential-primaries-2004,btp-presidential-primaries-2004.knowledge_gain_joint@historical-v1,f1q8
btp-presidential-primaries-2004,btp-presidential-primaries-2004.knowledge_gain_joint@historical-v1,f1q9
btp-presidential-primaries-2004,btp-presidential-primaries-2004.knowledge_gain_joint@historical-v1,f1q10
btp-presidential-primaries-2004,btp-presidential-primaries-2004.knowledge_gain_joint@historical-v1,f1q11fu
btp-presidential-primaries-2004,btp-presidential-primaries-2004.knowledge_gain_joint@historical-v1,f1q12fu
btp-presidential-primaries-2004,btp-presidential-primaries-2004.knowledge_gain_joint@historical-v1,f1q13
btp-presidential-primaries-2004,btp-presidential-primaries-2004.knowledge_gain_joint@historical-v1,f1q14
btp-presidential-primaries-2004,btp-presidential-primaries-2004.knowledge_gain_joint@historical-v1,f1q15
btp-presidential-primaries-2004,btp-presidential-primaries-2004.knowledge_gain_joint@historical-v1,f1q15a
btp-presidential-primaries-2004,btp-presidential-primaries-2004.knowledge_gain_joint@historical-v1,f1q15b
btp-presidential-primaries-2004,btp-presidential-primaries-2004.knowledge_gain_joint@historical-v1,f1q15c
btp-presidential-primaries-2004,btp-presidential-primaries-2004.knowledge_gain_joint@historical-v1,f1q16
btp-presidential-primaries-2004,btp-presidential-primaries-2004.knowledge_gain_joint@historical-v1,f1q17
btp-presidential-primaries-2004,btp-presidential-primaries-2004.knowledge_gain_joint@historical-v1,f1q18
btp-presidential-primaries-2004,btp-presidential-primaries-2004.knowledge_gain_joint@historical-v1,f1q18a
btp-presidential-primaries-2004,btp-presidential-primaries-2004.knowledge_gain_joint@historical-v1,f1q18b
btp-presidential-primaries-2004,btp-presidential-primaries-2004.knowledge_gain_joint@historical-v1,f1q19_1
btp-presidential-primaries-2004,btp-presidential-primaries-2004.knowledge_gain_joint@historical-v1,f1q19_2
btp-presidential-primaries-2004,btp-presidential-primaries-2004.knowledge_gain_joint@historical-v1,f1q19_3
btp-presidential-primaries-2004,btp-presidential-primaries-2004.knowledge_gain_joint@historical-v1,f1q19_4
btp-presidential-primaries-2004,btp-presidential-primaries-2004.knowledge_gain_joint@historical-v1,f1q19_6
btp-presidential-primaries-2004,btp-presidential-primaries-2004.knowledge_gain_joint@historical-v1,f1q19_8
btp-presidential-primaries-2004,btp-presidential-primaries-2004.knowledge_gain_joint@historical-v1,f1q20_1
btp-presidential-primaries-2004,btp-presidential-primaries-2004.knowledge_gain_joint@historical-v1,f1q20_2
btp-presidential-primaries-2004,btp-presidential-primaries-2004.knowledge_gain_joint@historical-v1,f1q20_3
btp-presidential-primaries-2004,btp-presidential-primaries-2004.knowledge_gain_joint@historical-v1,f1q20_4
btp-presidential-primaries-2004,btp-presidential-primaries-2004.knowledge_gain_joint@historical-v1,f1q20_6
btp-presidential-primaries-2004,btp-presidential-primaries-2004.knowledge_gain_joint@historical-v1,f1q20_8
btp-presidential-primaries-2004,btp-presidential-primaries-2004.knowledge_gain_joint@historical-v1,f1q21_1
btp-presidential-primaries-2004,btp-presidential-primaries-2004.knowledge_gain_joint@historical-v1,f1q21_2
btp-presidential-primaries-2004,btp-presidential-primaries-2004.knowledge_gain_joint@historical-v1,f1q21_3
btp-presidential-primaries-2004,btp-presidential-primaries-2004.knowledge_gain_joint@historical-v1,f1q21_4
btp-presidential-primaries-2004,btp-presidential-primaries-2004.knowledge_gain_joint@historical-v1,f1q21_6
btp-presidential-primaries-2004,btp-presidential-primaries-2004.knowledge_gain_joint@historical-v1,f1q21_8
btp-presidential-primaries-2004,btp-presidential-primaries-2004.knowledge_gain_joint@historical-v1,f1q22_1
btp-presidential-primaries-2004,btp-presidential-primaries-2004.knowledge_gain_joint@historical-v1,f1q22_2
btp-presidential-primaries-2004,btp-presidential-primaries-2004.knowledge_gain_joint@historical-v1,f1q22_3
btp-presidential-primaries-2004,btp-presidential-primaries-2004.knowledge_gain_joint@historical-v1,f1q22_6
btp-presidential-primaries-2004,btp-presidential-primaries-2004.knowledge_gain_joint@historical-v1,f1q22_4
btp-presidential-primaries-2004,btp-presidential-primaries-2004.knowledge_gain_joint@historical-v1,f1q22_8
btp-presidential-primaries-2004,btp-presidential-primaries-2004.knowledge_gain_joint@historical-v1,f1q22_10
btp-presidential-primaries-2004,btp-presidential-primaries-2004.knowledge_gain_joint@historical-v1,f1q23
btp-presidential-primaries-2004,btp-presidential-primaries-2004.knowledge_gain_joint@historical-v1,f1q24
btp-presidential-primaries-2004,btp-presidential-primaries-2004.knowledge_gain_joint@historical-v1,f1q25
btp-presidential-primaries-2004,btp-presidential-primaries-2004.knowledge_gain_joint@historical-v1,f1q26_1
btp-presidential-primaries-2004,btp-presidential-primaries-2004.knowledge_gain_joint@historical-v1,f1q26_2
btp-presidential-primaries-2004,btp-presidential-primaries-2004.knowledge_gain_joint@historical-v1,f1q26_3
btp-presidential-primaries-2004,btp-presidential-primaries-2004.knowledge_gain_joint@historical-v1,f1q26_4
btp-presidential-primaries-2004,btp-presidential-primaries-2004.knowledge_gain_joint@historical-v1,f1q26_6
btp-presidential-primaries-2004,btp-presidential-primaries-2004.knowledge_gain_joint@historical-v1,f1q26_8
btp-presidential-primaries-2004,btp-presidential-primaries-2004.knowledge_gain_joint@historical-v1,f1q27
btp-presidential-primaries-2004,btp-presidential-primaries-2004.knowledge_gain_joint@historical-v1,f1q28_1
btp-presidential-primaries-2004,btp-presidential-primaries-2004.knowledge_gain_joint@historical-v1,f1q28_2
btp-presidential-primaries-2004,btp-presidential-primaries-2004.knowledge_gain_joint@historical-v1,f1q28_3
btp-presidential-primaries-2004,btp-presidential-primaries-2004.knowledge_gain_joint@historical-v1,f1q28_4
btp-presidential-primaries-2004,btp-presidential-primaries-2004.knowledge_gain_joint@historical-v1,f1q28_6
btp-presidential-primaries-2004,btp-presidential-primaries-2004.knowledge_gain_joint@historical-v1,f1q28_8
btp-presidential-primaries-2004,btp-presidential-primaries-2004.knowledge_gain_joint@historical-v1,f1q29
btp-presidential-primaries-2004,btp-presidential-primaries-2004.knowledge_gain_joint@historical-v1,f1q30_1
btp-presidential-primaries-2004,btp-presidential-primaries-2004.knowledge_gain_joint@historical-v1,f1q30_2
btp-presidential-primaries-2004,btp-presidential-primaries-2004.knowledge_gain_joint@historical-v1,f1q30_3
btp-presidential-primaries-2004,btp-presidential-primaries-2004.knowledge_gain_joint@historical-v1,f1q30_4
btp-presidential-primaries-2004,btp-presidential-primaries-2004.knowledge_gain_joint@historical-v1,f1q30_6
btp-presidential-primaries-2004,btp-presidential-primaries-2004.knowledge_gain_joint@historical-v1,f1q30_8
btp-presidential-primaries-2004,btp-presidential-primaries-2004.knowledge_gain_joint@historical-v1,f1q31
btp-presidential-primaries-2004,btp-presidential-primaries-2004.knowledge_gain_joint@historical-v1,f1q32_1
btp-presidential-primaries-2004,btp-presidential-primaries-2004.knowledge_gain_joint@historical-v1,f1q32_2
btp-presidential-primaries-2004,btp-presidential-primaries-2004.knowledge_gain_joint@historical-v1,f1q32_3
btp-presidential-primaries-2004,btp-presidential-primaries-2004.knowledge_gain_joint@historical-v1,f1q32_4
btp-presidential-primaries-2004,btp-presidential-primaries-2004.knowledge_gain_joint@historical-v1,f1q32_6
btp-presidential-primaries-2004,btp-presidential-primaries-2004.knowledge_gain_joint@historical-v1,f1q32_8
btp-presidential-primaries-2004,btp-presidential-primaries-2004.knowledge_gain_joint@historical-v1,f1q33
btp-presidential-primaries-2004,btp-presidential-primaries-2004.knowledge_gain_joint@historical-v1,f1q34
btp-presidential-primaries-2004,btp-presidential-primaries-2004.knowledge_gain_joint@historical-v1,f1q37
btp-presidential-primaries-2004,btp-presidential-primaries-2004.knowledge_gain_joint@historical-v1,f1q37a
btp-presidential-primaries-2004,btp-presidential-primaries-2004.knowledge_gain_joint@historical-v1,f1q37b
btp-presidential-primaries-2004,btp-presidential-primaries-2004.knowledge_gain_joint@historical-v1,f1q37c
btp-presidential-primaries-2004,btp-presidential-primaries-2004.knowledge_gain_joint@historical-v1,f1q37d
btp-presidential-primaries-2004,btp-presidential-primaries-2004.knowledge_gain_joint@historical-v1,f1q37e
btp-presidential-primaries-2004,btp-presidential-primaries-2004.knowledge_gain_joint@historical-v1,f1q39
btp-presidential-primaries-2004,btp-presidential-primaries-2004.knowledge_gain_joint@historical-v1,f1q40
btp-presidential-primaries-2004,btp-presidential-primaries-2004.knowledge_gain_joint@historical-v1,f1q41b
btp-presidential-primaries-2004,btp-presidential-primaries-2004.knowledge_gain_joint@historical-v1,f1q41c
btp-presidential-primaries-2004,btp-presidential-primaries-2004.knowledge_gain_joint@historical-v1,f1q42a
btp-presidential-primaries-2004,btp-presidential-primaries-2004.knowledge_gain_joint@historical-v1,f1q42b
btp-presidential-primaries-2004,btp-presidential-primaries-2004.knowledge_gain_joint@historical-v1,f1q42c
btp-presidential-primaries-2004,btp-presidential-primaries-2004.knowledge_gain_joint@historical-v1,f1q41a
btp-presidential-primaries-2004,btp-presidential-primaries-2004.knowledge_gain_joint@historical-v1,f1q49a
btp-presidential-primaries-2004,btp-presidential-primaries-2004.knowledge_gain_joint@historical-v1,f1q49b
btp-presidential-primaries-2004,btp-presidential-primaries-2004.knowledge_gain_joint@historical-v1,f1q49c
btp-presidential-primaries-2004,btp-presidential-primaries-2004.knowledge_gain_joint@historical-v1,f1q49d
btp-presidential-primaries-2004,btp-presidential-primaries-2004.knowledge_gain_joint@historical-v1,f1q50
btp-presidential-primaries-2004,btp-presidential-primaries-2004.knowledge_gain_joint@historical-v1,f1q51
btp-presidential-primaries-2004,btp-presidential-primaries-2004.knowledge_gain_joint@historical-v1,f1q52
btp-presidential-primaries-2004,btp-presidential-primaries-2004.knowledge_gain_joint@historical-v1,f1q53
btp-presidential-primaries-2004,btp-presidential-primaries-2004.knowledge_gain_joint@historical-v1,f1q25md
btp-presidential-primaries-2004,btp-presidential-primaries-2004.knowledge_gain_joint@historical-v1,f1q26_3m
btp-presidential-primaries-2004,btp-presidential-primaries-2004.knowledge_gain_joint@historical-v1,f1q26_6m
btp-presidential-primaries-2004,btp-presidential-primaries-2004.knowledge_gain_joint@historical-v1,f1q27md
btp-presidential-primaries-2004,btp-presidential-primaries-2004.knowledge_gain_joint@historical-v1,f1q28_3m
btp-presidential-primaries-2004,btp-presidential-primaries-2004.knowledge_gain_joint@historical-v1,f1q28_6m
btp-presidential-primaries-2004,btp-presidential-primaries-2004.knowledge_gain_joint@historical-v1,f1q29md
btp-presidential-primaries-2004,btp-presidential-primaries-2004.knowledge_gain_joint@historical-v1,f1q30_3m
btp-presidential-primaries-2004,btp-presidential-primaries-2004.knowledge_gain_joint@historical-v1,f1q30_6m
btp-presidential-primaries-2004,btp-presidential-primaries-2004.knowledge_gain_joint@historical-v1,f1q31md
btp-presidential-primaries-2004,btp-presidential-primaries-2004.knowledge_gain_joint@historical-v1,f1q32_3m
btp-presidential-primaries-2004,btp-presidential-primaries-2004.knowledge_gain_joint@historical-v1,f1q32_6m
btp-presidential-primaries-2004,btp-presidential-primaries-2004.knowledge_gain_joint@historical-v1,f1q19_3m
btp-presidential-primaries-2004,btp-presidential-primaries-2004.knowledge_gain_joint@historical-v1,f1q19_6m
btp-presidential-primaries-2004,btp-presidential-primaries-2004.knowledge_gain_joint@historical-v1,f1q20_3m
btp-presidential-primaries-2004,btp-presidential-primaries-2004.knowledge_gain_joint@historical-v1,f1q20_6m
btp-presidential-primaries-2004,btp-presidential-primaries-2004.knowledge_gain_joint@historical-v1,f1q21_3m
btp-presidential-primaries-2004,btp-presidential-primaries-2004.knowledge_gain_joint@historical-v1,f1q21_6m
btp-presidential-primaries-2004,btp-presidential-primaries-2004.knowledge_gain_joint@historical-v1,compf1
btp-presidential-primaries-2004,btp-presidential-primaries-2004.log_knowledge_joint@historical-v1,b1q1
btp-presidential-primaries-2004,btp-presidential-primaries-2004.log_knowledge_joint@historical-v1,b1q2
btp-presidential-primaries-2004,btp-presidential-primaries-2004.log_knowledge_joint@historical-v1,b1q3
btp-presidential-primaries-2004,btp-presidential-primaries-2004.log_knowledge_joint@historical-v1,b1q4
btp-presidential-primaries-2004,btp-presidential-primaries-2004.log_knowledge_joint@historical-v1,b1q5
btp-presidential-primaries-2004,btp-presidential-primaries-2004.log_knowledge_joint@historical-v1,b1q6
btp-presidential-primaries-2004,btp-presidential-primaries-2004.log_knowledge_joint@historical-v1,b1q7
btp-presidential-primaries-2004,btp-presidential-primaries-2004.log_knowledge_joint@historical-v1,b1q8
btp-presidential-primaries-2004,btp-presidential-primaries-2004.log_knowledge_joint@historical-v1,b1q9
btp-presidential-primaries-2004,btp-presidential-primaries-2004.log_knowledge_joint@historical-v1,b1q10
btp-presidential-primaries-2004,btp-presidential-primaries-2004.log_knowledge_joint@historical-v1,b1q11
btp-presidential-primaries-2004,btp-presidential-primaries-2004.log_knowledge_joint@historical-v1,b1q11a
btp-presidential-primaries-2004,btp-presidential-primaries-2004.log_knowledge_joint@historical-v1,b1q11b
btp-presidential-primaries-2004,btp-presidential-primaries-2004.log_knowledge_joint@historical-v1,b1q12
btp-presidential-primaries-2004,btp-presidential-primaries-2004.log_knowledge_joint@historical-v1,b1q12a
btp-presidential-primaries-2004,btp-presidential-primaries-2004.log_knowledge_joint@historical-v1,b1q12b
btp-presidential-primaries-2004,btp-presidential-primaries-2004.log_knowledge_joint@historical-v1,b1q13
btp-presidential-primaries-2004,btp-presidential-primaries-2004.log_knowledge_joint@historical-v1,b1q14
btp-presidential-primaries-2004,btp-presidential-primaries-2004.log_knowledge_joint@historical-v1,b1q15
btp-presidential-primaries-2004,btp-presidential-primaries-2004.log_knowledge_joint@historical-v1,b1q16
btp-presidential-primaries-2004,btp-presidential-primaries-2004.log_knowledge_joint@historical-v1,b1q17
btp-presidential-primaries-2004,btp-presidential-primaries-2004.log_knowledge_joint@historical-v1,b1q18
btp-presidential-primaries-2004,btp-presidential-primaries-2004.log_knowledge_joint@historical-v1,b1q19_1
btp-presidential-primaries-2004,btp-presidential-primaries-2004.log_knowledge_joint@historical-v1,b1q19_2
btp-presidential-primaries-2004,btp-presidential-primaries-2004.log_knowledge_joint@historical-v1,b1q19_3
btp-presidential-primaries-2004,btp-presidential-primaries-2004.log_knowledge_joint@historical-v1,b1q19_4
btp-presidential-primaries-2004,btp-presidential-primaries-2004.log_knowledge_joint@historical-v1,b1q19_5
btp-presidential-primaries-2004,btp-presidential-primaries-2004.log_knowledge_joint@historical-v1,b1q19_6
btp-presidential-primaries-2004,btp-presidential-primaries-2004.log_knowledge_joint@historical-v1,b1q19_7
btp-presidential-primaries-2004,btp-presidential-primaries-2004.log_knowledge_joint@historical-v1,b1q19_8
btp-presidential-primaries-2004,btp-presidential-primaries-2004.log_knowledge_joint@historical-v1,b1q20_1
btp-presidential-primaries-2004,btp-presidential-primaries-2004.log_knowledge_joint@historical-v1,b1q20_2
btp-presidential-primaries-2004,btp-presidential-primaries-2004.log_knowledge_joint@historical-v1,b1q20_3
btp-presidential-primaries-2004,btp-presidential-primaries-2004.log_knowledge_joint@historical-v1,b1q20_4
btp-presidential-primaries-2004,btp-presidential-primaries-2004.log_knowledge_joint@historical-v1,b1q20_5
btp-presidential-primaries-2004,btp-presidential-primaries-2004.log_knowledge_joint@historical-v1,b1q20_6
btp-presidential-primaries-2004,btp-presidential-primaries-2004.log_knowledge_joint@historical-v1,b1q20_7
btp-presidential-primaries-2004,btp-presidential-primaries-2004.log_knowledge_joint@historical-v1,b1q20_8
btp-presidential-primaries-2004,btp-presidential-primaries-2004.log_knowledge_joint@historical-v1,b1q21_1
btp-presidential-primaries-2004,btp-presidential-primaries-2004.log_knowledge_joint@historical-v1,b1q21_2
btp-presidential-primaries-2004,btp-presidential-primaries-2004.log_knowledge_joint@historical-v1,b1q21_3
btp-presidential-primaries-2004,btp-presidential-primaries-2004.log_knowledge_joint@historical-v1,b1q21_4
btp-presidential-primaries-2004,btp-presidential-primaries-2004.log_knowledge_joint@historical-v1,b1q21_5
btp-presidential-primaries-2004,btp-presidential-primaries-2004.log_knowledge_joint@historical-v1,b1q21_6
btp-presidential-primaries-2004,btp-presidential-primaries-2004.log_knowledge_joint@historical-v1,b1q21_7
btp-presidential-primaries-2004,btp-presidential-primaries-2004.log_knowledge_joint@historical-v1,b1q21_8
btp-presidential-primaries-2004,btp-presidential-primaries-2004.log_knowledge_joint@historical-v1,b1q22_1
btp-presidential-primaries-2004,btp-presidential-primaries-2004.log_knowledge_joint@historical-v1,b1q22_2
btp-presidential-primaries-2004,btp-presidential-primaries-2004.log_knowledge_joint@historical-v1,b1q22_3
btp-presidential-primaries-2004,btp-presidential-primaries-2004.log_knowledge_joint@historical-v1,b1q22_6
btp-presidential-primaries-2004,btp-presidential-primaries-2004.log_knowledge_joint@historical-v1,b1q22_4
btp-presidential-primaries-2004,btp-presidential-primaries-2004.log_knowledge_joint@historical-v1,b1q22_5
btp-presidential-primaries-2004,btp-presidential-primaries-2004.log_knowledge_joint@historical-v1,b1q22_7
btp-presidential-primaries-2004,btp-presidential-primaries-2004.log_knowledge_joint@historical-v1,b1q22_8
btp-presidential-primaries-2004,btp-presidential-primaries-2004.log_knowledge_joint@historical-v1,b1q22_9
btp-presidential-primaries-2004,btp-presidential-primaries-2004.log_knowledge_joint@historical-v1,b1q22_10
btp-presidential-primaries-2004,btp-presidential-primaries-2004.log_knowledge_joint@historical-v1,b1q23
btp-presidential-primaries-2004,btp-presidential-primaries-2004.log_knowledge_joint@historical-v1,b1q24
btp-presidential-primaries-2004,btp-presidential-primaries-2004.log_knowledge_joint@historical-v1,b1q25
btp-presidential-primaries-2004,btp-presidential-primaries-2004.log_knowledge_joint@historical-v1,b1q26_1
btp-presidential-primaries-2004,btp-presidential-primaries-2004.log_knowledge_joint@historical-v1,b1q26_2
btp-presidential-primaries-2004,btp-presidential-primaries-2004.log_knowledge_joint@historical-v1,b1q26_3
btp-presidential-primaries-2004,btp-presidential-primaries-2004.log_knowledge_joint@historical-v1,b1q26_4
btp-presidential-primaries-2004,btp-presidential-primaries-2004.log_knowledge_joint@historical-v1,b1q26_5
btp-presidential-primaries-2004,btp-presidential-primaries-2004.log_knowledge_joint@historical-v1,b1q26_6
btp-presidential-primaries-2004,btp-presidential-primaries-2004.log_knowledge_joint@historical-v1,b1q26_7
btp-presidential-primaries-2004,btp-presidential-primaries-2004.log_knowledge_joint@historical-v1,b1q26_8
btp-presidential-primaries-2004,btp-presidential-primaries-2004.log_knowledge_joint@historical-v1,b1q27
btp-presidential-primaries-2004,btp-presidential-primaries-2004.log_knowledge_joint@historical-v1,b1q28_1
btp-presidential-primaries-2004,btp-presidential-primaries-2004.log_knowledge_joint@historical-v1,b1q28_2
btp-presidential-primaries-2004,btp-presidential-primaries-2004.log_knowledge_joint@historical-v1,b1q28_3
btp-presidential-primaries-2004,btp-presidential-primaries-2004.log_knowledge_joint@historical-v1,b1q28_4
btp-presidential-primaries-2004,btp-presidential-primaries-2004.log_knowledge_joint@historical-v1,b1q28_5
btp-presidential-primaries-2004,btp-presidential-primaries-2004.log_knowledge_joint@historical-v1,b1q28_6
btp-presidential-primaries-2004,btp-presidential-primaries-2004.log_knowledge_joint@historical-v1,b1q28_7
btp-presidential-primaries-2004,btp-presidential-primaries-2004.log_knowledge_joint@historical-v1,b1q28_8
btp-presidential-primaries-2004,btp-presidential-primaries-2004.log_knowledge_joint@historical-v1,b1q29
btp-presidential-primaries-2004,btp-presidential-primaries-2004.log_knowledge_joint@historical-v1,b1q30_1
btp-presidential-primaries-2004,btp-presidential-primaries-2004.log_knowledge_joint@historical-v1,b1q30_2
btp-presidential-primaries-2004,btp-presidential-primaries-2004.log_knowledge_joint@historical-v1,b1q30_3
btp-presidential-primaries-2004,btp-presidential-primaries-2004.log_knowledge_joint@historical-v1,b1q30_4
btp-presidential-primaries-2004,btp-presidential-primaries-2004.log_knowledge_joint@historical-v1,b1q30_5
btp-presidential-primaries-2004,btp-presidential-primaries-2004.log_knowledge_joint@historical-v1,b1q30_6
btp-presidential-primaries-2004,btp-presidential-primaries-2004.log_knowledge_joint@historical-v1,b1q30_7
btp-presidential-primaries-2004,btp-presidential-primaries-2004.log_knowledge_joint@historical-v1,b1q30_8
btp-presidential-primaries-2004,btp-presidential-primaries-2004.log_knowledge_joint@historical-v1,b1q31
btp-presidential-primaries-2004,btp-presidential-primaries-2004.log_knowledge_joint@historical-v1,b1q32_1
btp-presidential-primaries-2004,btp-presidential-primaries-2004.log_knowledge_joint@historical-v1,b1q32_2
btp-presidential-primaries-2004,btp-presidential-primaries-2004.log_knowledge_joint@historical-v1,b1q32_3
btp-presidential-primaries-2004,btp-presidential-primaries-2004.log_knowledge_joint@historical-v1,b1q32_4
btp-presidential-primaries-2004,btp-presidential-primaries-2004.log_knowledge_joint@historical-v1,b1q32_5
btp-presidential-primaries-2004,btp-presidential-primaries-2004.log_knowledge_joint@historical-v1,b1q32_6
btp-presidential-primaries-2004,btp-presidential-primaries-2004.log_knowledge_joint@historical-v1,b1q32_7
btp-presidential-primaries-2004,btp-presidential-primaries-2004.log_knowledge_joint@historical-v1,b1q32_8
btp-presidential-primaries-2004,btp-presidential-primaries-2004.log_knowledge_joint@historical-v1,b1q33
btp-presidential-primaries-2004,btp-presidential-primaries-2004.log_knowledge_joint@historical-v1,b1q34
btp-presidential-primaries-2004,btp-presidential-primaries-2004.log_knowledge_joint@historical-v1,b1q37
btp-presidential-primaries-2004,btp-presidential-primaries-2004.log_knowledge_joint@historical-v1,b1q38
btp-presidential-primaries-2004,btp-presidential-primaries-2004.log_knowledge_joint@historical-v1,b1q39
btp-presidential-primaries-2004,btp-presidential-primaries-2004.log_knowledge_joint@historical-v1,b1q40
btp-presidential-primaries-2004,btp-presidential-primaries-2004.log_knowledge_joint@historical-v1,b1q41a
btp-presidential-primaries-2004,btp-presidential-primaries-2004.log_knowledge_joint@historical-v1,b1q41b
btp-presidential-primaries-2004,btp-presidential-primaries-2004.log_knowledge_joint@historical-v1,b1q41c
btp-presidential-primaries-2004,btp-presidential-primaries-2004.log_knowledge_joint@historical-v1,b1q42a
btp-presidential-primaries-2004,btp-presidential-primaries-2004.log_knowledge_joint@historical-v1,b1q42b
btp-presidential-primaries-2004,btp-presidential-primaries-2004.log_knowledge_joint@historical-v1,b1q42c
btp-presidential-primaries-2004,btp-presidential-primaries-2004.log_knowledge_joint@historical-v1,b1q22_3r
btp-presidential-primaries-2004,btp-presidential-primaries-2004.log_knowledge_joint@historical-v1,f1q1fu_1
btp-presidential-primaries-2004,btp-presidential-primaries-2004.log_knowledge_joint@historical-v1,f1q1fu_2
btp-presidential-primaries-2004,btp-presidential-primaries-2004.log_knowledge_joint@historical-v1,f1q1fu_3
btp-presidential-primaries-2004,btp-presidential-primaries-2004.log_knowledge_joint@historical-v1,f1q1fu_4
btp-presidential-primaries-2004,btp-presidential-primaries-2004.log_knowledge_joint@historical-v1,f1q1fu_5
btp-presidential-primaries-2004,btp-presidential-primaries-2004.log_knowledge_joint@historical-v1,f1q1fu_6
btp-presidential-primaries-2004,btp-presidential-primaries-2004.log_knowledge_joint@historical-v1,f1q1fu_7
btp-presidential-primaries-2004,btp-presidential-primaries-2004.log_knowledge_joint@historical-v1,f1q1fu_8
btp-presidential-primaries-2004,btp-presidential-primaries-2004.log_knowledge_joint@historical-v1,f1q2fu
btp-presidential-primaries-2004,btp-presidential-primaries-2004.log_knowledge_joint@historical-v1,f1q3fu
btp-presidential-primaries-2004,btp-presidential-primaries-2004.log_knowledge_joint@historical-v1,f1q4fu
btp-presidential-primaries-2004,btp-presidential-primaries-2004.log_knowledge_joint@historical-v1,f1q1
btp-presidential-primaries-2004,btp-presidential-primaries-2004.log_knowledge_joint@historical-v1,f1q2
btp-presidential-primaries-2004,btp-presidential-primaries-2004.log_knowledge_joint@historical-v1,f1q3
btp-presidential-primaries-2004,btp-presidential-primaries-2004.log_knowledge_joint@historical-v1,f1q5
btp-presidential-primaries-2004,btp-presidential-primaries-2004.log_knowledge_joint@historical-v1,f1q6
btp-presidential-primaries-2004,btp-presidential-primaries-2004.log_knowledge_joint@historical-v1,f1q7
btp-presidential-primaries-2004,btp-presidential-primaries-2004.log_knowledge_joint@historical-v1,f1q8
btp-presidential-primaries-2004,btp-presidential-primaries-2004.log_knowledge_joint@historical-v1,f1q9
btp-presidential-primaries-2004,btp-presidential-primaries-2004.log_knowledge_joint@historical-v1,f1q10
btp-presidential-primaries-2004,btp-presidential-primaries-2004.log_knowledge_joint@historical-v1,f1q11fu
btp-presidential-primaries-2004,btp-presidential-primaries-2004.log_knowledge_joint@historical-v1,f1q12fu
btp-presidential-primaries-2004,btp-presidential-primaries-2004.log_knowledge_joint@historical-v1,f1q13
btp-presidential-primaries-2004,btp-presidential-primaries-2004.log_knowledge_joint@historical-v1,f1q14
btp-presidential-primaries-2004,btp-presidential-primaries-2004.log_knowledge_joint@historical-v1,f1q15
btp-presidential-primaries-2004,btp-presidential-primaries-2004.log_knowledge_joint@historical-v1,f1q15a
btp-presidential-primaries-2004,btp-presidential-primaries-2004.log_knowledge_joint@historical-v1,f1q15b
btp-presidential-primaries-2004,btp-presidential-primaries-2004.log_knowledge_joint@historical-v1,f1q15c
btp-presidential-primaries-2004,btp-presidential-primaries-2004.log_knowledge_joint@historical-v1,f1q16
btp-presidential-primaries-2004,btp-presidential-primaries-2004.log_knowledge_joint@historical-v1,f1q17
btp-presidential-primaries-2004,btp-presidential-primaries-2004.log_knowledge_joint@historical-v1,f1q18
btp-presidential-primaries-2004,btp-presidential-primaries-2004.log_knowledge_joint@historical-v1,f1q18a
btp-presidential-primaries-2004,btp-presidential-primaries-2004.log_knowledge_joint@historical-v1,f1q18b
btp-presidential-primaries-2004,btp-presidential-primaries-2004.log_knowledge_joint@historical-v1,f1q19_1
btp-presidential-primaries-2004,btp-presidential-primaries-2004.log_knowledge_joint@historical-v1,f1q19_2
btp-presidential-primaries-2004,btp-presidential-primaries-2004.log_knowledge_joint@historical-v1,f1q19_3
btp-presidential-primaries-2004,btp-presidential-primaries-2004.log_knowledge_joint@historical-v1,f1q19_4
btp-presidential-primaries-2004,btp-presidential-primaries-2004.log_knowledge_joint@historical-v1,f1q19_6
btp-presidential-primaries-2004,btp-presidential-primaries-2004.log_knowledge_joint@historical-v1,f1q19_8
btp-presidential-primaries-2004,btp-presidential-primaries-2004.log_knowledge_joint@historical-v1,f1q20_1
btp-presidential-primaries-2004,btp-presidential-primaries-2004.log_knowledge_joint@historical-v1,f1q20_2
btp-presidential-primaries-2004,btp-presidential-primaries-2004.log_knowledge_joint@historical-v1,f1q20_3
btp-presidential-primaries-2004,btp-presidential-primaries-2004.log_knowledge_joint@historical-v1,f1q20_4
btp-presidential-primaries-2004,btp-presidential-primaries-2004.log_knowledge_joint@historical-v1,f1q20_6
btp-presidential-primaries-2004,btp-presidential-primaries-2004.log_knowledge_joint@historical-v1,f1q20_8
btp-presidential-primaries-2004,btp-presidential-primaries-2004.log_knowledge_joint@historical-v1,f1q21_1
btp-presidential-primaries-2004,btp-presidential-primaries-2004.log_knowledge_joint@historical-v1,f1q21_2
btp-presidential-primaries-2004,btp-presidential-primaries-2004.log_knowledge_joint@historical-v1,f1q21_3
btp-presidential-primaries-2004,btp-presidential-primaries-2004.log_knowledge_joint@historical-v1,f1q21_4
btp-presidential-primaries-2004,btp-presidential-primaries-2004.log_knowledge_joint@historical-v1,f1q21_6
btp-presidential-primaries-2004,btp-presidential-primaries-2004.log_knowledge_joint@historical-v1,f1q21_8
btp-presidential-primaries-2004,btp-presidential-primaries-2004.log_knowledge_joint@historical-v1,f1q22_1
btp-presidential-primaries-2004,btp-presidential-primaries-2004.log_knowledge_joint@historical-v1,f1q22_2
btp-presidential-primaries-2004,btp-presidential-primaries-2004.log_knowledge_joint@historical-v1,f1q22_3
btp-presidential-primaries-2004,btp-presidential-primaries-2004.log_knowledge_joint@historical-v1,f1q22_6
btp-presidential-primaries-2004,btp-presidential-primaries-2004.log_knowledge_joint@historical-v1,f1q22_4
btp-presidential-primaries-2004,btp-presidential-primaries-2004.log_knowledge_joint@historical-v1,f1q22_8
btp-presidential-primaries-2004,btp-presidential-primaries-2004.log_knowledge_joint@historical-v1,f1q22_10
btp-presidential-primaries-2004,btp-presidential-primaries-2004.log_knowledge_joint@historical-v1,f1q23
btp-presidential-primaries-2004,btp-presidential-primaries-2004.log_knowledge_joint@historical-v1,f1q24
btp-presidential-primaries-2004,btp-presidential-primaries-2004.log_knowledge_joint@historical-v1,f1q25
btp-presidential-primaries-2004,btp-presidential-primaries-2004.log_knowledge_joint@historical-v1,f1q26_1
btp-presidential-primaries-2004,btp-presidential-primaries-2004.log_knowledge_joint@historical-v1,f1q26_2
btp-presidential-primaries-2004,btp-presidential-primaries-2004.log_knowledge_joint@historical-v1,f1q26_3
btp-presidential-primaries-2004,btp-presidential-primaries-2004.log_knowledge_joint@historical-v1,f1q26_4
btp-presidential-primaries-2004,btp-presidential-primaries-2004.log_knowledge_joint@historical-v1,f1q26_6
btp-presidential-primaries-2004,btp-presidential-primaries-2004.log_knowledge_joint@historical-v1,f1q26_8
btp-presidential-primaries-2004,btp-presidential-primaries-2004.log_knowledge_joint@historical-v1,f1q27
btp-presidential-primaries-2004,btp-presidential-primaries-2004.log_knowledge_joint@historical-v1,f1q28_1
btp-presidential-primaries-2004,btp-presidential-primaries-2004.log_knowledge_joint@historical-v1,f1q28_2
btp-presidential-primaries-2004,btp-presidential-primaries-2004.log_knowledge_joint@historical-v1,f1q28_3
btp-presidential-primaries-2004,btp-presidential-primaries-2004.log_knowledge_joint@historical-v1,f1q28_4
btp-presidential-primaries-2004,btp-presidential-primaries-2004.log_knowledge_joint@historical-v1,f1q28_6
btp-presidential-primaries-2004,btp-presidential-primaries-2004.log_knowledge_joint@historical-v1,f1q28_8
btp-presidential-primaries-2004,btp-presidential-primaries-2004.log_knowledge_joint@historical-v1,f1q29
btp-presidential-primaries-2004,btp-presidential-primaries-2004.log_knowledge_joint@historical-v1,f1q30_1
btp-presidential-primaries-2004,btp-presidential-primaries-2004.log_knowledge_joint@historical-v1,f1q30_2
btp-presidential-primaries-2004,btp-presidential-primaries-2004.log_knowledge_joint@historical-v1,f1q30_3
btp-presidential-primaries-2004,btp-presidential-primaries-2004.log_knowledge_joint@historical-v1,f1q30_4
btp-presidential-primaries-2004,btp-presidential-primaries-2004.log_knowledge_joint@historical-v1,f1q30_6
btp-presidential-primaries-2004,btp-presidential-primaries-2004.log_knowledge_joint@historical-v1,f1q30_8
btp-presidential-primaries-2004,btp-presidential-primaries-2004.log_knowledge_joint@historical-v1,f1q31
btp-presidential-primaries-2004,btp-presidential-primaries-2004.log_knowledge_joint@historical-v1,f1q32_1
btp-presidential-primaries-2004,btp-presidential-primaries-2004.log_knowledge_joint@historical-v1,f1q32_2
btp-presidential-primaries-2004,btp-presidential-primaries-2004.log_knowledge_joint@historical-v1,f1q32_3
btp-presidential-primaries-2004,btp-presidential-primaries-2004.log_knowledge_joint@historical-v1,f1q32_4
btp-presidential-primaries-2004,btp-presidential-primaries-2004.log_knowledge_joint@historical-v1,f1q32_6
btp-presidential-primaries-2004,btp-presidential-primaries-2004.log_knowledge_joint@historical-v1,f1q32_8
btp-presidential-primaries-2004,btp-presidential-primaries-2004.log_knowledge_joint@historical-v1,f1q33
btp-presidential-primaries-2004,btp-presidential-primaries-2004.log_knowledge_joint@historical-v1,f1q34
btp-presidential-primaries-2004,btp-presidential-primaries-2004.log_knowledge_joint@historical-v1,f1q37
btp-presidential-primaries-2004,btp-presidential-primaries-2004.log_knowledge_joint@historical-v1,f1q37a
btp-presidential-primaries-2004,btp-presidential-primaries-2004.log_knowledge_joint@historical-v1,f1q37b
btp-presidential-primaries-2004,btp-presidential-primaries-2004.log_knowledge_joint@historical-v1,f1q37c
btp-presidential-primaries-2004,btp-presidential-primaries-2004.log_knowledge_joint@historical-v1,f1q37d
btp-presidential-primaries-2004,btp-presidential-primaries-2004.log_knowledge_joint@historical-v1,f1q37e
btp-presidential-primaries-2004,btp-presidential-primaries-2004.log_knowledge_joint@historical-v1,f1q39
btp-presidential-primaries-2004,btp-presidential-primaries-2004.log_knowledge_joint@historical-v1,f1q40
btp-presidential-primaries-2004,btp-presidential-primaries-2004.log_knowledge_joint@historical-v1,f1q41b
btp-presidential-primaries-2004,btp-presidential-primaries-2004.log_knowledge_joint@historical-v1,f1q41c
btp-presidential-primaries-2004,btp-presidential-primaries-2004.log_knowledge_joint@historical-v1,f1q42a
btp-presidential-primaries-2004,btp-presidential-primaries-2004.log_knowledge_joint@historical-v1,f1q42b
btp-presidential-primaries-2004,btp-presidential-primaries-2004.log_knowledge_joint@historical-v1,f1q42c
btp-presidential-primaries-2004,btp-presidential-primaries-2004.log_knowledge_joint@historical-v1,f1q41a
btp-presidential-primaries-2004,btp-presidential-primaries-2004.log_knowledge_joint@historical-v1,f1q49a
btp-presidential-primaries-2004,btp-presidential-primaries-2004.log_knowledge_joint@historical-v1,f1q49b
btp-presidential-primaries-2004,btp-presidential-primaries-2004.log_knowledge_joint@historical-v1,f1q49c
btp-presidential-primaries-2004,btp-presidential-primaries-2004.log_knowledge_joint@historical-v1,f1q49d
btp-presidential-primaries-2004,btp-presidential-primaries-2004.log_knowledge_joint@historical-v1,f1q50
btp-presidential-primaries-2004,btp-presidential-primaries-2004.log_knowledge_joint@historical-v1,f1q51
btp-presidential-primaries-2004,btp-presidential-primaries-2004.log_knowledge_joint@historical-v1,f1q52
btp-presidential-primaries-2004,btp-presidential-primaries-2004.log_knowledge_joint@historical-v1,f1q53
btp-presidential-primaries-2004,btp-presidential-primaries-2004.log_knowledge_joint@historical-v1,f1q25md
btp-presidential-primaries-2004,btp-presidential-primaries-2004.log_knowledge_joint@historical-v1,f1q26_3m
btp-presidential-primaries-2004,btp-presidential-primaries-2004.log_knowledge_joint@historical-v1,f1q26_6m
btp-presidential-primaries-2004,btp-presidential-primaries-2004.log_knowledge_joint@historical-v1,f1q27md
btp-presidential-primaries-2004,btp-presidential-primaries-2004.log_knowledge_joint@historical-v1,f1q28_3m
btp-presidential-primaries-2004,btp-presidential-primaries-2004.log_knowledge_joint@historical-v1,f1q28_6m
btp-presidential-primaries-2004,btp-presidential-primaries-2004.log_knowledge_joint@historical-v1,f1q29md
btp-presidential-primaries-2004,btp-presidential-primaries-2004.log_knowledge_joint@historical-v1,f1q30_3m
btp-presidential-primaries-2004,btp-presidential-primaries-2004.log_knowledge_joint@historical-v1,f1q30_6m
btp-presidential-primaries-2004,btp-presidential-primaries-2004.log_knowledge_joint@historical-v1,f1q31md
btp-presidential-primaries-2004,btp-presidential-primaries-2004.log_knowledge_joint@historical-v1,f1q32_3m
btp-presidential-primaries-2004,btp-presidential-primaries-2004.log_knowledge_joint@historical-v1,f1q32_6m
btp-presidential-primaries-2004,btp-presidential-primaries-2004.log_knowledge_joint@historical-v1,f1q19_3m
btp-presidential-primaries-2004,btp-presidential-primaries-2004.log_knowledge_joint@historical-v1,f1q19_6m
btp-presidential-primaries-2004,btp-presidential-primaries-2004.log_knowledge_joint@historical-v1,f1q20_3m
btp-presidential-primaries-2004,btp-presidential-primaries-2004.log_knowledge_joint@historical-v1,f1q20_6m
btp-presidential-primaries-2004,btp-presidential-primaries-2004.log_knowledge_joint@historical-v1,f1q21_3m
btp-presidential-primaries-2004,btp-presidential-primaries-2004.log_knowledge_joint@historical-v1,f1q21_6m
btp-presidential-primaries-2004,btp-presidential-primaries-2004.log_knowledge_joint@historical-v1,compf1
btp-presidential-primaries-2004,btp-presidential-primaries-2004.high_knowledge_joint@historical-v1,b1q1
btp-presidential-primaries-2004,btp-presidential-primaries-2004.high_knowledge_joint@historical-v1,b1q2
btp-presidential-primaries-2004,btp-presidential-primaries-2004.high_knowledge_joint@historical-v1,b1q3
btp-presidential-primaries-2004,btp-presidential-primaries-2004.high_knowledge_joint@historical-v1,b1q4
btp-presidential-primaries-2004,btp-presidential-primaries-2004.high_knowledge_joint@historical-v1,b1q5
btp-presidential-primaries-2004,btp-presidential-primaries-2004.high_knowledge_joint@historical-v1,b1q6
btp-presidential-primaries-2004,btp-presidential-primaries-2004.high_knowledge_joint@historical-v1,b1q7
btp-presidential-primaries-2004,btp-presidential-primaries-2004.high_knowledge_joint@historical-v1,b1q8
btp-presidential-primaries-2004,btp-presidential-primaries-2004.high_knowledge_joint@historical-v1,b1q9
btp-presidential-primaries-2004,btp-presidential-primaries-2004.high_knowledge_joint@historical-v1,b1q10
btp-presidential-primaries-2004,btp-presidential-primaries-2004.high_knowledge_joint@historical-v1,b1q11
btp-presidential-primaries-2004,btp-presidential-primaries-2004.high_knowledge_joint@historical-v1,b1q11a
btp-presidential-primaries-2004,btp-presidential-primaries-2004.high_knowledge_joint@historical-v1,b1q11b
btp-presidential-primaries-2004,btp-presidential-primaries-2004.high_knowledge_joint@historical-v1,b1q12
btp-presidential-primaries-2004,btp-presidential-primaries-2004.high_knowledge_joint@historical-v1,b1q12a
btp-presidential-primaries-2004,btp-presidential-primaries-2004.high_knowledge_joint@historical-v1,b1q12b
btp-presidential-primaries-2004,btp-presidential-primaries-2004.high_knowledge_joint@historical-v1,b1q13
btp-presidential-primaries-2004,btp-presidential-primaries-2004.high_knowledge_joint@historical-v1,b1q14
btp-presidential-primaries-2004,btp-presidential-primaries-2004.high_knowledge_joint@historical-v1,b1q15
btp-presidential-primaries-2004,btp-presidential-primaries-2004.high_knowledge_joint@historical-v1,b1q16
btp-presidential-primaries-2004,btp-presidential-primaries-2004.high_knowledge_joint@historical-v1,b1q17
btp-presidential-primaries-2004,btp-presidential-primaries-2004.high_knowledge_joint@historical-v1,b1q18
btp-presidential-primaries-2004,btp-presidential-primaries-2004.high_knowledge_joint@historical-v1,b1q19_1
btp-presidential-primaries-2004,btp-presidential-primaries-2004.high_knowledge_joint@historical-v1,b1q19_2
btp-presidential-primaries-2004,btp-presidential-primaries-2004.high_knowledge_joint@historical-v1,b1q19_3
btp-presidential-primaries-2004,btp-presidential-primaries-2004.high_knowledge_joint@historical-v1,b1q19_4
btp-presidential-primaries-2004,btp-presidential-primaries-2004.high_knowledge_joint@historical-v1,b1q19_5
btp-presidential-primaries-2004,btp-presidential-primaries-2004.high_knowledge_joint@historical-v1,b1q19_6
btp-presidential-primaries-2004,btp-presidential-primaries-2004.high_knowledge_joint@historical-v1,b1q19_7
btp-presidential-primaries-2004,btp-presidential-primaries-2004.high_knowledge_joint@historical-v1,b1q19_8
btp-presidential-primaries-2004,btp-presidential-primaries-2004.high_knowledge_joint@historical-v1,b1q20_1
btp-presidential-primaries-2004,btp-presidential-primaries-2004.high_knowledge_joint@historical-v1,b1q20_2
btp-presidential-primaries-2004,btp-presidential-primaries-2004.high_knowledge_joint@historical-v1,b1q20_3
btp-presidential-primaries-2004,btp-presidential-primaries-2004.high_knowledge_joint@historical-v1,b1q20_4
btp-presidential-primaries-2004,btp-presidential-primaries-2004.high_knowledge_joint@historical-v1,b1q20_5
btp-presidential-primaries-2004,btp-presidential-primaries-2004.high_knowledge_joint@historical-v1,b1q20_6
btp-presidential-primaries-2004,btp-presidential-primaries-2004.high_knowledge_joint@historical-v1,b1q20_7
btp-presidential-primaries-2004,btp-presidential-primaries-2004.high_knowledge_joint@historical-v1,b1q20_8
btp-presidential-primaries-2004,btp-presidential-primaries-2004.high_knowledge_joint@historical-v1,b1q21_1
btp-presidential-primaries-2004,btp-presidential-primaries-2004.high_knowledge_joint@historical-v1,b1q21_2
btp-presidential-primaries-2004,btp-presidential-primaries-2004.high_knowledge_joint@historical-v1,b1q21_3
btp-presidential-primaries-2004,btp-presidential-primaries-2004.high_knowledge_joint@historical-v1,b1q21_4
btp-presidential-primaries-2004,btp-presidential-primaries-2004.high_knowledge_joint@historical-v1,b1q21_5
btp-presidential-primaries-2004,btp-presidential-primaries-2004.high_knowledge_joint@historical-v1,b1q21_6
btp-presidential-primaries-2004,btp-presidential-primaries-2004.high_knowledge_joint@historical-v1,b1q21_7
btp-presidential-primaries-2004,btp-presidential-primaries-2004.high_knowledge_joint@historical-v1,b1q21_8
btp-presidential-primaries-2004,btp-presidential-primaries-2004.high_knowledge_joint@historical-v1,b1q22_1
btp-presidential-primaries-2004,btp-presidential-primaries-2004.high_knowledge_joint@historical-v1,b1q22_2
btp-presidential-primaries-2004,btp-presidential-primaries-2004.high_knowledge_joint@historical-v1,b1q22_3
btp-presidential-primaries-2004,btp-presidential-primaries-2004.high_knowledge_joint@historical-v1,b1q22_6
btp-presidential-primaries-2004,btp-presidential-primaries-2004.high_knowledge_joint@historical-v1,b1q22_4
btp-presidential-primaries-2004,btp-presidential-primaries-2004.high_knowledge_joint@historical-v1,b1q22_5
btp-presidential-primaries-2004,btp-presidential-primaries-2004.high_knowledge_joint@historical-v1,b1q22_7
btp-presidential-primaries-2004,btp-presidential-primaries-2004.high_knowledge_joint@historical-v1,b1q22_8
btp-presidential-primaries-2004,btp-presidential-primaries-2004.high_knowledge_joint@historical-v1,b1q22_9
btp-presidential-primaries-2004,btp-presidential-primaries-2004.high_knowledge_joint@historical-v1,b1q22_10
btp-presidential-primaries-2004,btp-presidential-primaries-2004.high_knowledge_joint@historical-v1,b1q23
btp-presidential-primaries-2004,btp-presidential-primaries-2004.high_knowledge_joint@historical-v1,b1q24
btp-presidential-primaries-2004,btp-presidential-primaries-2004.high_knowledge_joint@historical-v1,b1q25
btp-presidential-primaries-2004,btp-presidential-primaries-2004.high_knowledge_joint@historical-v1,b1q26_1
btp-presidential-primaries-2004,btp-presidential-primaries-2004.high_knowledge_joint@historical-v1,b1q26_2
btp-presidential-primaries-2004,btp-presidential-primaries-2004.high_knowledge_joint@historical-v1,b1q26_3
btp-presidential-primaries-2004,btp-presidential-primaries-2004.high_knowledge_joint@historical-v1,b1q26_4
btp-presidential-primaries-2004,btp-presidential-primaries-2004.high_knowledge_joint@historical-v1,b1q26_5
btp-presidential-primaries-2004,btp-presidential-primaries-2004.high_knowledge_joint@historical-v1,b1q26_6
btp-presidential-primaries-2004,btp-presidential-primaries-2004.high_knowledge_joint@historical-v1,b1q26_7
btp-presidential-primaries-2004,btp-presidential-primaries-2004.high_knowledge_joint@historical-v1,b1q26_8
btp-presidential-primaries-2004,btp-presidential-primaries-2004.high_knowledge_joint@historical-v1,b1q27
btp-presidential-primaries-2004,btp-presidential-primaries-2004.high_knowledge_joint@historical-v1,b1q28_1
btp-presidential-primaries-2004,btp-presidential-primaries-2004.high_knowledge_joint@historical-v1,b1q28_2
btp-presidential-primaries-2004,btp-presidential-primaries-2004.high_knowledge_joint@historical-v1,b1q28_3
btp-presidential-primaries-2004,btp-presidential-primaries-2004.high_knowledge_joint@historical-v1,b1q28_4
btp-presidential-primaries-2004,btp-presidential-primaries-2004.high_knowledge_joint@historical-v1,b1q28_5
btp-presidential-primaries-2004,btp-presidential-primaries-2004.high_knowledge_joint@historical-v1,b1q28_6
btp-presidential-primaries-2004,btp-presidential-primaries-2004.high_knowledge_joint@historical-v1,b1q28_7
btp-presidential-primaries-2004,btp-presidential-primaries-2004.high_knowledge_joint@historical-v1,b1q28_8
btp-presidential-primaries-2004,btp-presidential-primaries-2004.high_knowledge_joint@historical-v1,b1q29
btp-presidential-primaries-2004,btp-presidential-primaries-2004.high_knowledge_joint@historical-v1,b1q30_1
btp-presidential-primaries-2004,btp-presidential-primaries-2004.high_knowledge_joint@historical-v1,b1q30_2
btp-presidential-primaries-2004,btp-presidential-primaries-2004.high_knowledge_joint@historical-v1,b1q30_3
btp-presidential-primaries-2004,btp-presidential-primaries-2004.high_knowledge_joint@historical-v1,b1q30_4
btp-presidential-primaries-2004,btp-presidential-primaries-2004.high_knowledge_joint@historical-v1,b1q30_5
btp-presidential-primaries-2004,btp-presidential-primaries-2004.high_knowledge_joint@historical-v1,b1q30_6
btp-presidential-primaries-2004,btp-presidential-primaries-2004.high_knowledge_joint@historical-v1,b1q30_7
btp-presidential-primaries-2004,btp-presidential-primaries-2004.high_knowledge_joint@historical-v1,b1q30_8
btp-presidential-primaries-2004,btp-presidential-primaries-2004.high_knowledge_joint@historical-v1,b1q31
btp-presidential-primaries-2004,btp-presidential-primaries-2004.high_knowledge_joint@historical-v1,b1q32_1
btp-presidential-primaries-2004,btp-presidential-primaries-2004.high_knowledge_joint@historical-v1,b1q32_2
btp-presidential-primaries-2004,btp-presidential-primaries-2004.high_knowledge_joint@historical-v1,b1q32_3
btp-presidential-primaries-2004,btp-presidential-primaries-2004.high_knowledge_joint@historical-v1,b1q32_4
btp-presidential-primaries-2004,btp-presidential-primaries-2004.high_knowledge_joint@historical-v1,b1q32_5
btp-presidential-primaries-2004,btp-presidential-primaries-2004.high_knowledge_joint@historical-v1,b1q32_6
btp-presidential-primaries-2004,btp-presidential-primaries-2004.high_knowledge_joint@historical-v1,b1q32_7
btp-presidential-primaries-2004,btp-presidential-primaries-2004.high_knowledge_joint@historical-v1,b1q32_8
btp-presidential-primaries-2004,btp-presidential-primaries-2004.high_knowledge_joint@historical-v1,b1q33
btp-presidential-primaries-2004,btp-presidential-primaries-2004.high_knowledge_joint@historical-v1,b1q34
btp-presidential-primaries-2004,btp-presidential-primaries-2004.high_knowledge_joint@historical-v1,b1q37
btp-presidential-primaries-2004,btp-presidential-primaries-2004.high_knowledge_joint@historical-v1,b1q38
btp-presidential-primaries-2004,btp-presidential-primaries-2004.high_knowledge_joint@historical-v1,b1q39
btp-presidential-primaries-2004,btp-presidential-primaries-2004.high_knowledge_joint@historical-v1,b1q40
btp-presidential-primaries-2004,btp-presidential-primaries-2004.high_knowledge_joint@historical-v1,b1q41a
btp-presidential-primaries-2004,btp-presidential-primaries-2004.high_knowledge_joint@historical-v1,b1q41b
btp-presidential-primaries-2004,btp-presidential-primaries-2004.high_knowledge_joint@historical-v1,b1q41c
btp-presidential-primaries-2004,btp-presidential-primaries-2004.high_knowledge_joint@historical-v1,b1q42a
btp-presidential-primaries-2004,btp-presidential-primaries-2004.high_knowledge_joint@historical-v1,b1q42b
btp-presidential-primaries-2004,btp-presidential-primaries-2004.high_knowledge_joint@historical-v1,b1q42c
btp-presidential-primaries-2004,btp-presidential-primaries-2004.high_knowledge_joint@historical-v1,b1q22_3r
btp-presidential-primaries-2004,btp-presidential-primaries-2004.high_knowledge_joint@historical-v1,f1q1fu_1
btp-presidential-primaries-2004,btp-presidential-primaries-2004.high_knowledge_joint@historical-v1,f1q1fu_2
btp-presidential-primaries-2004,btp-presidential-primaries-2004.high_knowledge_joint@historical-v1,f1q1fu_3
btp-presidential-primaries-2004,btp-presidential-primaries-2004.high_knowledge_joint@historical-v1,f1q1fu_4
btp-presidential-primaries-2004,btp-presidential-primaries-2004.high_knowledge_joint@historical-v1,f1q1fu_5
btp-presidential-primaries-2004,btp-presidential-primaries-2004.high_knowledge_joint@historical-v1,f1q1fu_6
btp-presidential-primaries-2004,btp-presidential-primaries-2004.high_knowledge_joint@historical-v1,f1q1fu_7
btp-presidential-primaries-2004,btp-presidential-primaries-2004.high_knowledge_joint@historical-v1,f1q1fu_8
btp-presidential-primaries-2004,btp-presidential-primaries-2004.high_knowledge_joint@historical-v1,f1q2fu
btp-presidential-primaries-2004,btp-presidential-primaries-2004.high_knowledge_joint@historical-v1,f1q3fu
btp-presidential-primaries-2004,btp-presidential-primaries-2004.high_knowledge_joint@historical-v1,f1q4fu
btp-presidential-primaries-2004,btp-presidential-primaries-2004.high_knowledge_joint@historical-v1,f1q1
btp-presidential-primaries-2004,btp-presidential-primaries-2004.high_knowledge_joint@historical-v1,f1q2
btp-presidential-primaries-2004,btp-presidential-primaries-2004.high_knowledge_joint@historical-v1,f1q3
btp-presidential-primaries-2004,btp-presidential-primaries-2004.high_knowledge_joint@historical-v1,f1q5
btp-presidential-primaries-2004,btp-presidential-primaries-2004.high_knowledge_joint@historical-v1,f1q6
btp-presidential-primaries-2004,btp-presidential-primaries-2004.high_knowledge_joint@historical-v1,f1q7
btp-presidential-primaries-2004,btp-presidential-primaries-2004.high_knowledge_joint@historical-v1,f1q8
btp-presidential-primaries-2004,btp-presidential-primaries-2004.high_knowledge_joint@historical-v1,f1q9
btp-presidential-primaries-2004,btp-presidential-primaries-2004.high_knowledge_joint@historical-v1,f1q10
btp-presidential-primaries-2004,btp-presidential-primaries-2004.high_knowledge_joint@historical-v1,f1q11fu
btp-presidential-primaries-2004,btp-presidential-primaries-2004.high_knowledge_joint@historical-v1,f1q12fu
btp-presidential-primaries-2004,btp-presidential-primaries-2004.high_knowledge_joint@historical-v1,f1q13
btp-presidential-primaries-2004,btp-presidential-primaries-2004.high_knowledge_joint@historical-v1,f1q14
btp-presidential-primaries-2004,btp-presidential-primaries-2004.high_knowledge_joint@historical-v1,f1q15
btp-presidential-primaries-2004,btp-presidential-primaries-2004.high_knowledge_joint@historical-v1,f1q15a
btp-presidential-primaries-2004,btp-presidential-primaries-2004.high_knowledge_joint@historical-v1,f1q15b
btp-presidential-primaries-2004,btp-presidential-primaries-2004.high_knowledge_joint@historical-v1,f1q15c
btp-presidential-primaries-2004,btp-presidential-primaries-2004.high_knowledge_joint@historical-v1,f1q16
btp-presidential-primaries-2004,btp-presidential-primaries-2004.high_knowledge_joint@historical-v1,f1q17
btp-presidential-primaries-2004,btp-presidential-primaries-2004.high_knowledge_joint@historical-v1,f1q18
btp-presidential-primaries-2004,btp-presidential-primaries-2004.high_knowledge_joint@historical-v1,f1q18a
btp-presidential-primaries-2004,btp-presidential-primaries-2004.high_knowledge_joint@historical-v1,f1q18b
btp-presidential-primaries-2004,btp-presidential-primaries-2004.high_knowledge_joint@historical-v1,f1q19_1
btp-presidential-primaries-2004,btp-presidential-primaries-2004.high_knowledge_joint@historical-v1,f1q19_2
btp-presidential-primaries-2004,btp-presidential-primaries-2004.high_knowledge_joint@historical-v1,f1q19_3
btp-presidential-primaries-2004,btp-presidential-primaries-2004.high_knowledge_joint@historical-v1,f1q19_4
btp-presidential-primaries-2004,btp-presidential-primaries-2004.high_knowledge_joint@historical-v1,f1q19_6
btp-presidential-primaries-2004,btp-presidential-primaries-2004.high_knowledge_joint@historical-v1,f1q19_8
btp-presidential-primaries-2004,btp-presidential-primaries-2004.high_knowledge_joint@historical-v1,f1q20_1
btp-presidential-primaries-2004,btp-presidential-primaries-2004.high_knowledge_joint@historical-v1,f1q20_2
btp-presidential-primaries-2004,btp-presidential-primaries-2004.high_knowledge_joint@historical-v1,f1q20_3
btp-presidential-primaries-2004,btp-presidential-primaries-2004.high_knowledge_joint@historical-v1,f1q20_4
btp-presidential-primaries-2004,btp-presidential-primaries-2004.high_knowledge_joint@historical-v1,f1q20_6
btp-presidential-primaries-2004,btp-presidential-primaries-2004.high_knowledge_joint@historical-v1,f1q20_8
btp-presidential-primaries-2004,btp-presidential-primaries-2004.high_knowledge_joint@historical-v1,f1q21_1
btp-presidential-primaries-2004,btp-presidential-primaries-2004.high_knowledge_joint@historical-v1,f1q21_2
btp-presidential-primaries-2004,btp-presidential-primaries-2004.high_knowledge_joint@historical-v1,f1q21_3
btp-presidential-primaries-2004,btp-presidential-primaries-2004.high_knowledge_joint@historical-v1,f1q21_4
btp-presidential-primaries-2004,btp-presidential-primaries-2004.high_knowledge_joint@historical-v1,f1q21_6
btp-presidential-primaries-2004,btp-presidential-primaries-2004.high_knowledge_joint@historical-v1,f1q21_8
btp-presidential-primaries-2004,btp-presidential-primaries-2004.high_knowledge_joint@historical-v1,f1q22_1
btp-presidential-primaries-2004,btp-presidential-primaries-2004.high_knowledge_joint@historical-v1,f1q22_2
btp-presidential-primaries-2004,btp-presidential-primaries-2004.high_knowledge_joint@historical-v1,f1q22_3
btp-presidential-primaries-2004,btp-presidential-primaries-2004.high_knowledge_joint@historical-v1,f1q22_6
btp-presidential-primaries-2004,btp-presidential-primaries-2004.high_knowledge_joint@historical-v1,f1q22_4
btp-presidential-primaries-2004,btp-presidential-primaries-2004.high_knowledge_joint@historical-v1,f1q22_8
btp-presidential-primaries-2004,btp-presidential-primaries-2004.high_knowledge_joint@historical-v1,f1q22_10
btp-presidential-primaries-2004,btp-presidential-primaries-2004.high_knowledge_joint@historical-v1,f1q23
btp-presidential-primaries-2004,btp-presidential-primaries-2004.high_knowledge_joint@historical-v1,f1q24
btp-presidential-primaries-2004,btp-presidential-primaries-2004.high_knowledge_joint@historical-v1,f1q25
btp-presidential-primaries-2004,btp-presidential-primaries-2004.high_knowledge_joint@historical-v1,f1q26_1
btp-presidential-primaries-2004,btp-presidential-primaries-2004.high_knowledge_joint@historical-v1,f1q26_2
btp-presidential-primaries-2004,btp-presidential-primaries-2004.high_knowledge_joint@historical-v1,f1q26_3
btp-presidential-primaries-2004,btp-presidential-primaries-2004.high_knowledge_joint@historical-v1,f1q26_4
btp-presidential-primaries-2004,btp-presidential-primaries-2004.high_knowledge_joint@historical-v1,f1q26_6
btp-presidential-primaries-2004,btp-presidential-primaries-2004.high_knowledge_joint@historical-v1,f1q26_8
btp-presidential-primaries-2004,btp-presidential-primaries-2004.high_knowledge_joint@historical-v1,f1q27
btp-presidential-primaries-2004,btp-presidential-primaries-2004.high_knowledge_joint@historical-v1,f1q28_1
btp-presidential-primaries-2004,btp-presidential-primaries-2004.high_knowledge_joint@historical-v1,f1q28_2
btp-presidential-primaries-2004,btp-presidential-primaries-2004.high_knowledge_joint@historical-v1,f1q28_3
btp-presidential-primaries-2004,btp-presidential-primaries-2004.high_knowledge_joint@historical-v1,f1q28_4
btp-presidential-primaries-2004,btp-presidential-primaries-2004.high_knowledge_joint@historical-v1,f1q28_6
btp-presidential-primaries-2004,btp-presidential-primaries-2004.high_knowledge_joint@historical-v1,f1q28_8
btp-presidential-primaries-2004,btp-presidential-primaries-2004.high_knowledge_joint@historical-v1,f1q29
btp-presidential-primaries-2004,btp-presidential-primaries-2004.high_knowledge_joint@historical-v1,f1q30_1
btp-presidential-primaries-2004,btp-presidential-primaries-2004.high_knowledge_joint@historical-v1,f1q30_2
btp-presidential-primaries-2004,btp-presidential-primaries-2004.high_knowledge_joint@historical-v1,f1q30_3
btp-presidential-primaries-2004,btp-presidential-primaries-2004.high_knowledge_joint@historical-v1,f1q30_4
btp-presidential-primaries-2004,btp-presidential-primaries-2004.high_knowledge_joint@historical-v1,f1q30_6
btp-presidential-primaries-2004,btp-presidential-primaries-2004.high_knowledge_joint@historical-v1,f1q30_8
btp-presidential-primaries-2004,btp-presidential-primaries-2004.high_knowledge_joint@historical-v1,f1q31
btp-presidential-primaries-2004,btp-presidential-primaries-2004.high_knowledge_joint@historical-v1,f1q32_1
btp-presidential-primaries-2004,btp-presidential-primaries-2004.high_knowledge_joint@historical-v1,f1q32_2
btp-presidential-primaries-2004,btp-presidential-primaries-2004.high_knowledge_joint@historical-v1,f1q32_3
btp-presidential-primaries-2004,btp-presidential-primaries-2004.high_knowledge_joint@historical-v1,f1q32_4
btp-presidential-primaries-2004,btp-presidential-primaries-2004.high_knowledge_joint@historical-v1,f1q32_6
btp-presidential-primaries-2004,btp-presidential-primaries-2004.high_knowledge_joint@historical-v1,f1q32_8
btp-presidential-primaries-2004,btp-presidential-primaries-2004.high_knowledge_joint@historical-v1,f1q33
btp-presidential-primaries-2004,btp-presidential-primaries-2004.high_knowledge_joint@historical-v1,f1q34
btp-presidential-primaries-2004,btp-presidential-primaries-2004.high_knowledge_joint@historical-v1,f1q37
btp-presidential-primaries-2004,btp-presidential-primaries-2004.high_knowledge_joint@historical-v1,f1q37a
btp-presidential-primaries-2004,btp-presidential-primaries-2004.high_knowledge_joint@historical-v1,f1q37b
btp-presidential-primaries-2004,btp-presidential-primaries-2004.high_knowledge_joint@historical-v1,f1q37c
btp-presidential-primaries-2004,btp-presidential-primaries-2004.high_knowledge_joint@historical-v1,f1q37d
btp-presidential-primaries-2004,btp-presidential-primaries-2004.high_knowledge_joint@historical-v1,f1q37e
btp-presidential-primaries-2004,btp-presidential-primaries-2004.high_knowledge_joint@historical-v1,f1q39
btp-presidential-primaries-2004,btp-presidential-primaries-2004.high_knowledge_joint@historical-v1,f1q40
btp-presidential-primaries-2004,btp-presidential-primaries-2004.high_knowledge_joint@historical-v1,f1q41b
btp-presidential-primaries-2004,btp-presidential-primaries-2004.high_knowledge_joint@historical-v1,f1q41c
btp-presidential-primaries-2004,btp-presidential-primaries-2004.high_knowledge_joint@historical-v1,f1q42a
btp-presidential-primaries-2004,btp-presidential-primaries-2004.high_knowledge_joint@historical-v1,f1q42b
btp-presidential-primaries-2004,btp-presidential-primaries-2004.high_knowledge_joint@historical-v1,f1q42c
btp-presidential-primaries-2004,btp-presidential-primaries-2004.high_knowledge_joint@historical-v1,f1q41a
btp-presidential-primaries-2004,btp-presidential-primaries-2004.high_knowledge_joint@historical-v1,f1q49a
btp-presidential-primaries-2004,btp-presidential-primaries-2004.high_knowledge_joint@historical-v1,f1q49b
btp-presidential-primaries-2004,btp-presidential-primaries-2004.high_knowledge_joint@historical-v1,f1q49c
btp-presidential-primaries-2004,btp-presidential-primaries-2004.high_knowledge_joint@historical-v1,f1q49d
btp-presidential-primaries-2004,btp-presidential-primaries-2004.high_knowledge_joint@historical-v1,f1q50
btp-presidential-primaries-2004,btp-presidential-primaries-2004.high_knowledge_joint@historical-v1,f1q51
btp-presidential-primaries-2004,btp-presidential-primaries-2004.high_knowledge_joint@historical-v1,f1q52
btp-presidential-primaries-2004,btp-presidential-primaries-2004.high_knowledge_joint@historical-v1,f1q53
btp-presidential-primaries-2004,btp-presidential-primaries-2004.high_knowledge_joint@historical-v1,f1q25md
btp-presidential-primaries-2004,btp-presidential-primaries-2004.high_knowledge_joint@historical-v1,f1q26_3m
btp-presidential-primaries-2004,btp-presidential-primaries-2004.high_knowledge_joint@historical-v1,f1q26_6m
btp-presidential-primaries-2004,btp-presidential-primaries-2004.high_knowledge_joint@historical-v1,f1q27md
btp-presidential-primaries-2004,btp-presidential-primaries-2004.high_knowledge_joint@historical-v1,f1q28_3m
btp-presidential-primaries-2004,btp-presidential-primaries-2004.high_knowledge_joint@historical-v1,f1q28_6m
btp-presidential-primaries-2004,btp-presidential-primaries-2004.high_knowledge_joint@historical-v1,f1q29md
btp-presidential-primaries-2004,btp-presidential-primaries-2004.high_knowledge_joint@historical-v1,f1q30_3m
btp-presidential-primaries-2004,btp-presidential-primaries-2004.high_knowledge_joint@historical-v1,f1q30_6m
btp-presidential-primaries-2004,btp-presidential-primaries-2004.high_knowledge_joint@historical-v1,f1q31md
btp-presidential-primaries-2004,btp-presidential-primaries-2004.high_knowledge_joint@historical-v1,f1q32_3m
btp-presidential-primaries-2004,btp-presidential-primaries-2004.high_knowledge_joint@historical-v1,f1q32_6m
btp-presidential-primaries-2004,btp-presidential-primaries-2004.high_knowledge_joint@historical-v1,f1q19_3m
btp-presidential-primaries-2004,btp-presidential-primaries-2004.high_knowledge_joint@historical-v1,f1q19_6m
btp-presidential-primaries-2004,btp-presidential-primaries-2004.high_knowledge_joint@historical-v1,f1q20_3m
btp-presidential-primaries-2004,btp-presidential-primaries-2004.high_knowledge_joint@historical-v1,f1q20_6m
btp-presidential-primaries-2004,btp-presidential-primaries-2004.high_knowledge_joint@historical-v1,f1q21_3m
btp-presidential-primaries-2004,btp-presidential-primaries-2004.high_knowledge_joint@historical-v1,f1q21_6m
btp-presidential-primaries-2004,btp-presidential-primaries-2004.high_knowledge_joint@historical-v1,compf1
zeguo-2005,zeguo-2005.knowledge_joint@absent-form-v2,Gender
zeguo-2005,zeguo-2005.knowledge_joint@absent-form-v2,Age
zeguo-2005,zeguo-2005.knowledge_joint@absent-form-v2,maritalstatus
zeguo-2005,zeguo-2005.knowledge_joint@absent-form-v2,Education
zeguo-2005,zeguo-2005.knowledge_joint@absent-form-v2,Occupation
zeguo-2005,zeguo-2005.knowledge_joint@absent-form-v2,d2006
zeguo-2005,zeguo-2005.knowledge_joint@absent-form-v2,d2007
zeguo-2005,zeguo-2005.knowledge_joint@absent-form-v2,d2008
zeguo-2005,zeguo-2005.knowledge_joint@absent-form-v2,d2009
zeguo-2005,zeguo-2005.knowledge_joint@absent-form-v2,d2010
zeguo-2005,zeguo-2005.knowledge_joint@absent-form-v2,d2011
zeguo-2005,zeguo-2005.knowledge_joint@absent-form-v2,d2012
zeguo-2005,zeguo-2005.knowledge_joint@absent-form-v2,d2013
zeguo-2005,zeguo-2005.knowledge_joint@absent-form-v2,d2014
zeguo-2005,zeguo-2005.knowledge_joint@absent-form-v2,d2015
zeguo-2005,zeguo-2005.knowledge_joint@absent-form-v2,d2016
zeguo-2005,zeguo-2005.knowledge_joint@absent-form-v2,d2017
zeguo-2005,zeguo-2005.knowledge_joint@absent-form-v2,d2018
zeguo-2005,zeguo-2005.knowledge_joint@absent-form-v2,d2019
zeguo-2005,zeguo-2005.knowledge_joint@absent-form-v2,d2020
zeguo-2005,zeguo-2005.knowledge_joint@absent-form-v2,d2021
zeguo-2005,zeguo-2005.knowledge_joint@absent-form-v2,d2022
zeguo-2005,zeguo-2005.knowledge_joint@absent-form-v2,d2023
zeguo-2005,zeguo-2005.knowledge_joint@absent-form-v2,d2024
zeguo-2005,zeguo-2005.knowledge_joint@absent-form-v2,d2025
zeguo-2005,zeguo-2005.knowledge_joint@absent-form-v2,d2026
zeguo-2005,zeguo-2005.knowledge_joint@absent-form-v2,d2027
zeguo-2005,zeguo-2005.knowledge_joint@absent-form-v2,d2028
zeguo-2005,zeguo-2005.knowledge_joint@absent-form-v2,d2029
zeguo-2005,zeguo-2005.knowledge_joint@absent-form-v2,d2030
zeguo-2005,zeguo-2005.knowledge_joint@absent-form-v2,d2031
zeguo-2005,zeguo-2005.knowledge_joint@absent-form-v2,d2032
zeguo-2005,zeguo-2005.knowledge_joint@absent-form-v2,d2033
zeguo-2005,zeguo-2005.knowledge_joint@absent-form-v2,d2034
zeguo-2005,zeguo-2005.knowledge_joint@absent-form-v2,d2035
zeguo-2005,zeguo-2005.knowledge_joint@absent-form-v2,d20361
zeguo-2005,zeguo-2005.knowledge_joint@absent-form-v2,d20362
zeguo-2005,zeguo-2005.knowledge_joint@absent-form-v2,d20363
zeguo-2005,zeguo-2005.knowledge_joint@absent-form-v2,d20364
zeguo-2005,zeguo-2005.knowledge_joint@absent-form-v2,d20365
zeguo-2005,zeguo-2005.knowledge_joint@absent-form-v2,d2037
zeguo-2005,zeguo-2005.knowledge_joint@absent-form-v2,d20381
zeguo-2005,zeguo-2005.knowledge_joint@absent-form-v2,d20382
zeguo-2005,zeguo-2005.knowledge_joint@absent-form-v2,d20383
zeguo-2005,zeguo-2005.knowledge_joint@absent-form-v2,d20384
zeguo-2005,zeguo-2005.knowledge_joint@absent-form-v2,d2039
zeguo-2005,zeguo-2005.knowledge_joint@absent-form-v2,d2040
zeguo-2005,zeguo-2005.knowledge_joint@absent-form-v2,d2041
zeguo-2005,zeguo-2005.knowledge_joint@absent-form-v2,d2042
zeguo-2005,zeguo-2005.knowledge_joint@absent-form-v2,d3043
zeguo-2005,zeguo-2005.knowledge_joint@absent-form-v2,d3044
zeguo-2005,zeguo-2005.knowledge_joint@absent-form-v2,d3045
zeguo-2005,zeguo-2005.knowledge_joint@absent-form-v2,d3046
zeguo-2005,zeguo-2005.knowledge_gain@absent-form-v2,Gender
zeguo-2005,zeguo-2005.knowledge_gain@absent-form-v2,Age
zeguo-2005,zeguo-2005.knowledge_gain@absent-form-v2,maritalstatus
zeguo-2005,zeguo-2005.knowledge_gain@absent-form-v2,Education
zeguo-2005,zeguo-2005.knowledge_gain@absent-form-v2,Occupation
zeguo-2005,zeguo-2005.knowledge_gain@absent-form-v2,d2006
zeguo-2005,zeguo-2005.knowledge_gain@absent-form-v2,d2007
zeguo-2005,zeguo-2005.knowledge_gain@absent-form-v2,d2008
zeguo-2005,zeguo-2005.knowledge_gain@absent-form-v2,d2009
zeguo-2005,zeguo-2005.knowledge_gain@absent-form-v2,d2010
zeguo-2005,zeguo-2005.knowledge_gain@absent-form-v2,d2011
zeguo-2005,zeguo-2005.knowledge_gain@absent-form-v2,d2012
zeguo-2005,zeguo-2005.knowledge_gain@absent-form-v2,d2013
zeguo-2005,zeguo-2005.knowledge_gain@absent-form-v2,d2014
zeguo-2005,zeguo-2005.knowledge_gain@absent-form-v2,d2015
zeguo-2005,zeguo-2005.knowledge_gain@absent-form-v2,d2016
zeguo-2005,zeguo-2005.knowledge_gain@absent-form-v2,d2017
zeguo-2005,zeguo-2005.knowledge_gain@absent-form-v2,d2018
zeguo-2005,zeguo-2005.knowledge_gain@absent-form-v2,d2019
zeguo-2005,zeguo-2005.knowledge_gain@absent-form-v2,d2020
zeguo-2005,zeguo-2005.knowledge_gain@absent-form-v2,d2021
zeguo-2005,zeguo-2005.knowledge_gain@absent-form-v2,d2022
zeguo-2005,zeguo-2005.knowledge_gain@absent-form-v2,d2023
zeguo-2005,zeguo-2005.knowledge_gain@absent-form-v2,d2024
zeguo-2005,zeguo-2005.knowledge_gain@absent-form-v2,d2025
zeguo-2005,zeguo-2005.knowledge_gain@absent-form-v2,d2026
zeguo-2005,zeguo-2005.knowledge_gain@absent-form-v2,d2027
zeguo-2005,zeguo-2005.knowledge_gain@absent-form-v2,d2028
zeguo-2005,zeguo-2005.knowledge_gain@absent-form-v2,d2029
zeguo-2005,zeguo-2005.knowledge_gain@absent-form-v2,d2030
zeguo-2005,zeguo-2005.knowledge_gain@absent-form-v2,d2031
zeguo-2005,zeguo-2005.knowledge_gain@absent-form-v2,d2032
zeguo-2005,zeguo-2005.knowledge_gain@absent-form-v2,d2033
zeguo-2005,zeguo-2005.knowledge_gain@absent-form-v2,d2034
zeguo-2005,zeguo-2005.knowledge_gain@absent-form-v2,d2035
zeguo-2005,zeguo-2005.knowledge_gain@absent-form-v2,d20361
zeguo-2005,zeguo-2005.knowledge_gain@absent-form-v2,d20362
zeguo-2005,zeguo-2005.knowledge_gain@absent-form-v2,d20363
zeguo-2005,zeguo-2005.knowledge_gain@absent-form-v2,d20364
zeguo-2005,zeguo-2005.knowledge_gain@absent-form-v2,d20365
zeguo-2005,zeguo-2005.knowledge_gain@absent-form-v2,d2037
zeguo-2005,zeguo-2005.knowledge_gain@absent-form-v2,d20381
zeguo-2005,zeguo-2005.knowledge_gain@absent-form-v2,d20382
zeguo-2005,zeguo-2005.knowledge_gain@absent-form-v2,d20383
zeguo-2005,zeguo-2005.knowledge_gain@absent-form-v2,d20384
zeguo-2005,zeguo-2005.knowledge_gain@absent-form-v2,d2039
zeguo-2005,zeguo-2005.knowledge_gain@absent-form-v2,d2040
zeguo-2005,zeguo-2005.knowledge_gain@absent-form-v2,d2041
zeguo-2005,zeguo-2005.knowledge_gain@absent-form-v2,d2042
zeguo-2005,zeguo-2005.knowledge_gain@absent-form-v2,d3043
zeguo-2005,zeguo-2005.knowledge_gain@absent-form-v2,d3044
zeguo-2005,zeguo-2005.knowledge_gain@absent-form-v2,d3045
zeguo-2005,zeguo-2005.knowledge_gain@absent-form-v2,d3046
zeguo-2005,zeguo-2005.log_knowledge_joint@absent-form-v2,Gender
zeguo-2005,zeguo-2005.log_knowledge_joint@absent-form-v2,Age
zeguo-2005,zeguo-2005.log_knowledge_joint@absent-form-v2,maritalstatus
zeguo-2005,zeguo-2005.log_knowledge_joint@absent-form-v2,Education
zeguo-2005,zeguo-2005.log_knowledge_joint@absent-form-v2,Occupation
zeguo-2005,zeguo-2005.log_knowledge_joint@absent-form-v2,d2006
zeguo-2005,zeguo-2005.log_knowledge_joint@absent-form-v2,d2007
zeguo-2005,zeguo-2005.log_knowledge_joint@absent-form-v2,d2008
zeguo-2005,zeguo-2005.log_knowledge_joint@absent-form-v2,d2009
zeguo-2005,zeguo-2005.log_knowledge_joint@absent-form-v2,d2010
zeguo-2005,zeguo-2005.log_knowledge_joint@absent-form-v2,d2011
zeguo-2005,zeguo-2005.log_knowledge_joint@absent-form-v2,d2012
zeguo-2005,zeguo-2005.log_knowledge_joint@absent-form-v2,d2013
zeguo-2005,zeguo-2005.log_knowledge_joint@absent-form-v2,d2014
zeguo-2005,zeguo-2005.log_knowledge_joint@absent-form-v2,d2015
zeguo-2005,zeguo-2005.log_knowledge_joint@absent-form-v2,d2016
zeguo-2005,zeguo-2005.log_knowledge_joint@absent-form-v2,d2017
zeguo-2005,zeguo-2005.log_knowledge_joint@absent-form-v2,d2018
zeguo-2005,zeguo-2005.log_knowledge_joint@absent-form-v2,d2019
zeguo-2005,zeguo-2005.log_knowledge_joint@absent-form-v2,d2020
zeguo-2005,zeguo-2005.log_knowledge_joint@absent-form-v2,d2021
zeguo-2005,zeguo-2005.log_knowledge_joint@absent-form-v2,d2022
zeguo-2005,zeguo-2005.log_knowledge_joint@absent-form-v2,d2023
zeguo-2005,zeguo-2005.log_knowledge_joint@absent-form-v2,d2024
zeguo-2005,zeguo-2005.log_knowledge_joint@absent-form-v2,d2025
zeguo-2005,zeguo-2005.log_knowledge_joint@absent-form-v2,d2026
zeguo-2005,zeguo-2005.log_knowledge_joint@absent-form-v2,d2027
zeguo-2005,zeguo-2005.log_knowledge_joint@absent-form-v2,d2028
zeguo-2005,zeguo-2005.log_knowledge_joint@absent-form-v2,d2029
zeguo-2005,zeguo-2005.log_knowledge_joint@absent-form-v2,d2030
zeguo-2005,zeguo-2005.log_knowledge_joint@absent-form-v2,d2031
zeguo-2005,zeguo-2005.log_knowledge_joint@absent-form-v2,d2032
zeguo-2005,zeguo-2005.log_knowledge_joint@absent-form-v2,d2033
zeguo-2005,zeguo-2005.log_knowledge_joint@absent-form-v2,d2034
zeguo-2005,zeguo-2005.log_knowledge_joint@absent-form-v2,d2035
zeguo-2005,zeguo-2005.log_knowledge_joint@absent-form-v2,d20361
zeguo-2005,zeguo-2005.log_knowledge_joint@absent-form-v2,d20362
zeguo-2005,zeguo-2005.log_knowledge_joint@absent-form-v2,d20363
zeguo-2005,zeguo-2005.log_knowledge_joint@absent-form-v2,d20364
zeguo-2005,zeguo-2005.log_knowledge_joint@absent-form-v2,d20365
zeguo-2005,zeguo-2005.log_knowledge_joint@absent-form-v2,d2037
zeguo-2005,zeguo-2005.log_knowledge_joint@absent-form-v2,d20381
zeguo-2005,zeguo-2005.log_knowledge_joint@absent-form-v2,d20382
zeguo-2005,zeguo-2005.log_knowledge_joint@absent-form-v2,d20383
zeguo-2005,zeguo-2005.log_knowledge_joint@absent-form-v2,d20384
zeguo-2005,zeguo-2005.log_knowledge_joint@absent-form-v2,d2039
zeguo-2005,zeguo-2005.log_knowledge_joint@absent-form-v2,d2040
zeguo-2005,zeguo-2005.log_knowledge_joint@absent-form-v2,d2041
zeguo-2005,zeguo-2005.log_knowledge_joint@absent-form-v2,d2042
zeguo-2005,zeguo-2005.log_knowledge_joint@absent-form-v2,d3043
zeguo-2005,zeguo-2005.log_knowledge_joint@absent-form-v2,d3044
zeguo-2005,zeguo-2005.log_knowledge_joint@absent-form-v2,d3045
zeguo-2005,zeguo-2005.log_knowledge_joint@absent-form-v2,d3046
zeguo-2005,zeguo-2005.knowledge_gain_joint@absent-form-v2,Gender
zeguo-2005,zeguo-2005.knowledge_gain_joint@absent-form-v2,Age
zeguo-2005,zeguo-2005.knowledge_gain_joint@absent-form-v2,maritalstatus
zeguo-2005,zeguo-2005.knowledge_gain_joint@absent-form-v2,Education
zeguo-2005,zeguo-2005.knowledge_gain_joint@absent-form-v2,Occupation
zeguo-2005,zeguo-2005.knowledge_gain_joint@absent-form-v2,d2006
zeguo-2005,zeguo-2005.knowledge_gain_joint@absent-form-v2,d2007
zeguo-2005,zeguo-2005.knowledge_gain_joint@absent-form-v2,d2008
zeguo-2005,zeguo-2005.knowledge_gain_joint@absent-form-v2,d2009
zeguo-2005,zeguo-2005.knowledge_gain_joint@absent-form-v2,d2010
zeguo-2005,zeguo-2005.knowledge_gain_joint@absent-form-v2,d2011
zeguo-2005,zeguo-2005.knowledge_gain_joint@absent-form-v2,d2012
zeguo-2005,zeguo-2005.knowledge_gain_joint@absent-form-v2,d2013
zeguo-2005,zeguo-2005.knowledge_gain_joint@absent-form-v2,d2014
zeguo-2005,zeguo-2005.knowledge_gain_joint@absent-form-v2,d2015
zeguo-2005,zeguo-2005.knowledge_gain_joint@absent-form-v2,d2016
zeguo-2005,zeguo-2005.knowledge_gain_joint@absent-form-v2,d2017
zeguo-2005,zeguo-2005.knowledge_gain_joint@absent-form-v2,d2018
zeguo-2005,zeguo-2005.knowledge_gain_joint@absent-form-v2,d2019
zeguo-2005,zeguo-2005.knowledge_gain_joint@absent-form-v2,d2020
zeguo-2005,zeguo-2005.knowledge_gain_joint@absent-form-v2,d2021
zeguo-2005,zeguo-2005.knowledge_gain_joint@absent-form-v2,d2022
zeguo-2005,zeguo-2005.knowledge_gain_joint@absent-form-v2,d2023
zeguo-2005,zeguo-2005.knowledge_gain_joint@absent-form-v2,d2024
zeguo-2005,zeguo-2005.knowledge_gain_joint@absent-form-v2,d2025
zeguo-2005,zeguo-2005.knowledge_gain_joint@absent-form-v2,d2026
zeguo-2005,zeguo-2005.knowledge_gain_joint@absent-form-v2,d2027
zeguo-2005,zeguo-2005.knowledge_gain_joint@absent-form-v2,d2028
zeguo-2005,zeguo-2005.knowledge_gain_joint@absent-form-v2,d2029
zeguo-2005,zeguo-2005.knowledge_gain_joint@absent-form-v2,d2030
zeguo-2005,zeguo-2005.knowledge_gain_joint@absent-form-v2,d2031
zeguo-2005,zeguo-2005.knowledge_gain_joint@absent-form-v2,d2032
zeguo-2005,zeguo-2005.knowledge_gain_joint@absent-form-v2,d2033
zeguo-2005,zeguo-2005.knowledge_gain_joint@absent-form-v2,d2034
zeguo-2005,zeguo-2005.knowledge_gain_joint@absent-form-v2,d2035
zeguo-2005,zeguo-2005.knowledge_gain_joint@absent-form-v2,d20361
zeguo-2005,zeguo-2005.knowledge_gain_joint@absent-form-v2,d20362
zeguo-2005,zeguo-2005.knowledge_gain_joint@absent-form-v2,d20363
zeguo-2005,zeguo-2005.knowledge_gain_joint@absent-form-v2,d20364
zeguo-2005,zeguo-2005.knowledge_gain_joint@absent-form-v2,d20365
zeguo-2005,zeguo-2005.knowledge_gain_joint@absent-form-v2,d2037
zeguo-2005,zeguo-2005.knowledge_gain_joint@absent-form-v2,d20381
zeguo-2005,zeguo-2005.knowledge_gain_joint@absent-form-v2,d20382
zeguo-2005,zeguo-2005.knowledge_gain_joint@absent-form-v2,d20383
zeguo-2005,zeguo-2005.knowledge_gain_joint@absent-form-v2,d20384
zeguo-2005,zeguo-2005.knowledge_gain_joint@absent-form-v2,d2039
zeguo-2005,zeguo-2005.knowledge_gain_joint@absent-form-v2,d2040
zeguo-2005,zeguo-2005.knowledge_gain_joint@absent-form-v2,d2041
zeguo-2005,zeguo-2005.knowledge_gain_joint@absent-form-v2,d2042
zeguo-2005,zeguo-2005.knowledge_gain_joint@absent-form-v2,d3043
zeguo-2005,zeguo-2005.knowledge_gain_joint@absent-form-v2,d3044
zeguo-2005,zeguo-2005.knowledge_gain_joint@absent-form-v2,d3045
zeguo-2005,zeguo-2005.knowledge_gain_joint@absent-form-v2,d3046
zeguo-2005,zeguo-2005.knowledge_t1@historical-v1,Gender
zeguo-2005,zeguo-2005.knowledge_t1@historical-v1,Age
zeguo-2005,zeguo-2005.knowledge_t1@historical-v1,maritalstatus
zeguo-2005,zeguo-2005.knowledge_t1@historical-v1,Education
zeguo-2005,zeguo-2005.knowledge_t1@historical-v1,Occupation
zeguo-2005,zeguo-2005.knowledge_t1@historical-v1,d2006
zeguo-2005,zeguo-2005.knowledge_t1@historical-v1,d2007
zeguo-2005,zeguo-2005.knowledge_t1@historical-v1,d2008
zeguo-2005,zeguo-2005.knowledge_t1@historical-v1,d2009
zeguo-2005,zeguo-2005.knowledge_t1@historical-v1,d2010
zeguo-2005,zeguo-2005.knowledge_t1@historical-v1,d2011
zeguo-2005,zeguo-2005.knowledge_t1@historical-v1,d2012
zeguo-2005,zeguo-2005.knowledge_t1@historical-v1,d2013
zeguo-2005,zeguo-2005.knowledge_t1@historical-v1,d2014
zeguo-2005,zeguo-2005.knowledge_t1@historical-v1,d2015
zeguo-2005,zeguo-2005.knowledge_t1@historical-v1,d2016
zeguo-2005,zeguo-2005.knowledge_t1@historical-v1,d2017
zeguo-2005,zeguo-2005.knowledge_t1@historical-v1,d2018
zeguo-2005,zeguo-2005.knowledge_t1@historical-v1,d2019
zeguo-2005,zeguo-2005.knowledge_t1@historical-v1,d2020
zeguo-2005,zeguo-2005.knowledge_t1@historical-v1,d2021
zeguo-2005,zeguo-2005.knowledge_t1@historical-v1,d2022
zeguo-2005,zeguo-2005.knowledge_t1@historical-v1,d2023
zeguo-2005,zeguo-2005.knowledge_t1@historical-v1,d2024
zeguo-2005,zeguo-2005.knowledge_t1@historical-v1,d2025
zeguo-2005,zeguo-2005.knowledge_t1@historical-v1,d2026
zeguo-2005,zeguo-2005.knowledge_t1@historical-v1,d2027
zeguo-2005,zeguo-2005.knowledge_t1@historical-v1,d2028
zeguo-2005,zeguo-2005.knowledge_t1@historical-v1,d2029
zeguo-2005,zeguo-2005.knowledge_t1@historical-v1,d2030
zeguo-2005,zeguo-2005.knowledge_t1@historical-v1,d2031
zeguo-2005,zeguo-2005.knowledge_t1@historical-v1,d2032
zeguo-2005,zeguo-2005.knowledge_t1@historical-v1,d2033
zeguo-2005,zeguo-2005.knowledge_t1@historical-v1,d2034
zeguo-2005,zeguo-2005.knowledge_t1@historical-v1,d2035
zeguo-2005,zeguo-2005.knowledge_t1@historical-v1,d20361
zeguo-2005,zeguo-2005.knowledge_t1@historical-v1,d20362
zeguo-2005,zeguo-2005.knowledge_t1@historical-v1,d20363
zeguo-2005,zeguo-2005.knowledge_t1@historical-v1,d20364
zeguo-2005,zeguo-2005.knowledge_t1@historical-v1,d20365
zeguo-2005,zeguo-2005.knowledge_t1@historical-v1,d2037
zeguo-2005,zeguo-2005.knowledge_t1@historical-v1,d20381
zeguo-2005,zeguo-2005.knowledge_t1@historical-v1,d20382
zeguo-2005,zeguo-2005.knowledge_t1@historical-v1,d20383
zeguo-2005,zeguo-2005.knowledge_t1@historical-v1,d20384
zeguo-2005,zeguo-2005.knowledge_t1@historical-v1,d2039
zeguo-2005,zeguo-2005.knowledge_t1@historical-v1,d2040
zeguo-2005,zeguo-2005.knowledge_t1@historical-v1,d2041
zeguo-2005,zeguo-2005.knowledge_t1@historical-v1,d2042
zeguo-2005,zeguo-2005.knowledge_t1@historical-v1,d3043
zeguo-2005,zeguo-2005.knowledge_t1@historical-v1,d3044
zeguo-2005,zeguo-2005.knowledge_t1@historical-v1,d3045
zeguo-2005,zeguo-2005.knowledge_t1@historical-v1,d3046
zeguo-2005,zeguo-2005.high_knowledge_joint@absent-form-v2,Gender
zeguo-2005,zeguo-2005.high_knowledge_joint@absent-form-v2,Age
zeguo-2005,zeguo-2005.high_knowledge_joint@absent-form-v2,maritalstatus
zeguo-2005,zeguo-2005.high_knowledge_joint@absent-form-v2,Education
zeguo-2005,zeguo-2005.high_knowledge_joint@absent-form-v2,Occupation
zeguo-2005,zeguo-2005.high_knowledge_joint@absent-form-v2,d2006
zeguo-2005,zeguo-2005.high_knowledge_joint@absent-form-v2,d2007
zeguo-2005,zeguo-2005.high_knowledge_joint@absent-form-v2,d2008
zeguo-2005,zeguo-2005.high_knowledge_joint@absent-form-v2,d2009
zeguo-2005,zeguo-2005.high_knowledge_joint@absent-form-v2,d2010
zeguo-2005,zeguo-2005.high_knowledge_joint@absent-form-v2,d2011
zeguo-2005,zeguo-2005.high_knowledge_joint@absent-form-v2,d2012
zeguo-2005,zeguo-2005.high_knowledge_joint@absent-form-v2,d2013
zeguo-2005,zeguo-2005.high_knowledge_joint@absent-form-v2,d2014
zeguo-2005,zeguo-2005.high_knowledge_joint@absent-form-v2,d2015
zeguo-2005,zeguo-2005.high_knowledge_joint@absent-form-v2,d2016
zeguo-2005,zeguo-2005.high_knowledge_joint@absent-form-v2,d2017
zeguo-2005,zeguo-2005.high_knowledge_joint@absent-form-v2,d2018
zeguo-2005,zeguo-2005.high_knowledge_joint@absent-form-v2,d2019
zeguo-2005,zeguo-2005.high_knowledge_joint@absent-form-v2,d2020
zeguo-2005,zeguo-2005.high_knowledge_joint@absent-form-v2,d2021
zeguo-2005,zeguo-2005.high_knowledge_joint@absent-form-v2,d2022
zeguo-2005,zeguo-2005.high_knowledge_joint@absent-form-v2,d2023
zeguo-2005,zeguo-2005.high_knowledge_joint@absent-form-v2,d2024
zeguo-2005,zeguo-2005.high_knowledge_joint@absent-form-v2,d2025
zeguo-2005,zeguo-2005.high_knowledge_joint@absent-form-v2,d2026
zeguo-2005,zeguo-2005.high_knowledge_joint@absent-form-v2,d2027
zeguo-2005,zeguo-2005.high_knowledge_joint@absent-form-v2,d2028
zeguo-2005,zeguo-2005.high_knowledge_joint@absent-form-v2,d2029
zeguo-2005,zeguo-2005.high_knowledge_joint@absent-form-v2,d2030
zeguo-2005,zeguo-2005.high_knowledge_joint@absent-form-v2,d2031
zeguo-2005,zeguo-2005.high_knowledge_joint@absent-form-v2,d2032
zeguo-2005,zeguo-2005.high_knowledge_joint@absent-form-v2,d2033
zeguo-2005,zeguo-2005.high_knowledge_joint@absent-form-v2,d2034
zeguo-2005,zeguo-2005.high_knowledge_joint@absent-form-v2,d2035
zeguo-2005,zeguo-2005.high_knowledge_joint@absent-form-v2,d20361
zeguo-2005,zeguo-2005.high_knowledge_joint@absent-form-v2,d20362
zeguo-2005,zeguo-2005.high_knowledge_joint@absent-form-v2,d20363
zeguo-2005,zeguo-2005.high_knowledge_joint@absent-form-v2,d20364
zeguo-2005,zeguo-2005.high_knowledge_joint@absent-form-v2,d20365
zeguo-2005,zeguo-2005.high_knowledge_joint@absent-form-v2,d2037
zeguo-2005,zeguo-2005.high_knowledge_joint@absent-form-v2,d20381
zeguo-2005,zeguo-2005.high_knowledge_joint@absent-form-v2,d20382
zeguo-2005,zeguo-2005.high_knowledge_joint@absent-form-v2,d20383
zeguo-2005,zeguo-2005.high_knowledge_joint@absent-form-v2,d20384
zeguo-2005,zeguo-2005.high_knowledge_joint@absent-form-v2,d2039
zeguo-2005,zeguo-2005.high_knowledge_joint@absent-form-v2,d2040
zeguo-2005,zeguo-2005.high_knowledge_joint@absent-form-v2,d2041
zeguo-2005,zeguo-2005.high_knowledge_joint@absent-form-v2,d2042
zeguo-2005,zeguo-2005.high_knowledge_joint@absent-form-v2,d3043
zeguo-2005,zeguo-2005.high_knowledge_joint@absent-form-v2,d3044
zeguo-2005,zeguo-2005.high_knowledge_joint@absent-form-v2,d3045
zeguo-2005,zeguo-2005.high_knowledge_joint@absent-form-v2,d3046
zeguo-2005,zeguo-2005.industrial_roads_t2@missing-preserved-v2,d2006p
zeguo-2005,zeguo-2005.industrial_roads_t2@missing-preserved-v2,d2007p
zeguo-2005,zeguo-2005.industrial_roads_t2@missing-preserved-v2,d2008p
zeguo-2005,zeguo-2005.industrial_roads_t2@missing-preserved-v2,d2009p
zeguo-2005,zeguo-2005.industrial_roads_t2@missing-preserved-v2,d2010p
zeguo-2005,zeguo-2005.industrial_roads_t2@missing-preserved-v2,d2011p
zeguo-2005,zeguo-2005.industrial_roads_t2@missing-preserved-v2,d2012p
zeguo-2005,zeguo-2005.industrial_roads_t2@missing-preserved-v2,d2013p
zeguo-2005,zeguo-2005.industrial_roads_t2@missing-preserved-v2,d2015p
zeguo-2005,zeguo-2005.industrial_roads_t2@missing-preserved-v2,d2016p
zeguo-2005,zeguo-2005.industrial_roads_t2@missing-preserved-v2,d2017p
zeguo-2005,zeguo-2005.industrial_roads_t2@missing-preserved-v2,d2018p
zeguo-2005,zeguo-2005.industrial_roads_t2@missing-preserved-v2,d2019p
zeguo-2005,zeguo-2005.industrial_roads_t2@missing-preserved-v2,d2022p
zeguo-2005,zeguo-2005.industrial_roads_t2@missing-preserved-v2,d2023p
zeguo-2005,zeguo-2005.industrial_roads_t2@missing-preserved-v2,d2024p
zeguo-2005,zeguo-2005.industrial_roads_t2@missing-preserved-v2,d2025p
zeguo-2005,zeguo-2005.industrial_roads_t2@missing-preserved-v2,d2026p
zeguo-2005,zeguo-2005.industrial_roads_t2@missing-preserved-v2,d2027p
zeguo-2005,zeguo-2005.industrial_roads_t2@missing-preserved-v2,d2028p
zeguo-2005,zeguo-2005.industrial_roads_t2@missing-preserved-v2,d2029p
zeguo-2005,zeguo-2005.industrial_roads_t2@missing-preserved-v2,d2030p
zeguo-2005,zeguo-2005.industrial_roads_t2@missing-preserved-v2,d2031p
zeguo-2005,zeguo-2005.industrial_roads_t2@missing-preserved-v2,d2032p
zeguo-2005,zeguo-2005.industrial_roads_t2@missing-preserved-v2,d2033p
zeguo-2005,zeguo-2005.industrial_roads_t2@missing-preserved-v2,d2034p
zeguo-2005,zeguo-2005.industrial_roads_t2@missing-preserved-v2,d2035p
zeguo-2005,zeguo-2005.industrial_roads_t2@missing-preserved-v2,post_d3043
zeguo-2005,zeguo-2005.industrial_roads_t2@missing-preserved-v2,post_d3044
zeguo-2005,zeguo-2005.industrial_roads_t2@missing-preserved-v2,post_d3045
zeguo-2005,zeguo-2005.industrial_roads_t2@missing-preserved-v2,post_d3046
zeguo-2005,zeguo-2005.industrial_roads_t2@missing-preserved-v2,pp
zeguo-2005,zeguo-2005.industrial_roads_t2@missing-preserved-v2,preandpost
zeguo-2005,zeguo-2005.village_roads_t2@missing-preserved-v2,d2006p
zeguo-2005,zeguo-2005.village_roads_t2@missing-preserved-v2,d2008p
zeguo-2005,zeguo-2005.village_roads_t2@missing-preserved-v2,d2009p
zeguo-2005,zeguo-2005.village_roads_t2@missing-preserved-v2,d2012p
zeguo-2005,zeguo-2005.village_roads_t2@missing-preserved-v2,d2013p
zeguo-2005,zeguo-2005.village_roads_t2@missing-preserved-v2,d2014p
zeguo-2005,zeguo-2005.village_roads_t2@missing-preserved-v2,d2015p
zeguo-2005,zeguo-2005.village_roads_t2@missing-preserved-v2,d2016p
zeguo-2005,zeguo-2005.village_roads_t2@missing-preserved-v2,d2017p
zeguo-2005,zeguo-2005.village_roads_t2@missing-preserved-v2,d2018p
zeguo-2005,zeguo-2005.village_roads_t2@missing-preserved-v2,d2019p
zeguo-2005,zeguo-2005.village_roads_t2@missing-preserved-v2,d2020p
zeguo-2005,zeguo-2005.village_roads_t2@missing-preserved-v2,d2021p
zeguo-2005,zeguo-2005.village_roads_t2@missing-preserved-v2,d2022p
zeguo-2005,zeguo-2005.village_roads_t2@missing-preserved-v2,d2023p
zeguo-2005,zeguo-2005.village_roads_t2@missing-preserved-v2,d2024p
zeguo-2005,zeguo-2005.village_roads_t2@missing-preserved-v2,d2025p
zeguo-2005,zeguo-2005.village_roads_t2@missing-preserved-v2,d2026p
zeguo-2005,zeguo-2005.village_roads_t2@missing-preserved-v2,d2027p
zeguo-2005,zeguo-2005.village_roads_t2@missing-preserved-v2,d2028p
zeguo-2005,zeguo-2005.village_roads_t2@missing-preserved-v2,d2029p
zeguo-2005,zeguo-2005.village_roads_t2@missing-preserved-v2,d2030p
zeguo-2005,zeguo-2005.village_roads_t2@missing-preserved-v2,d2031p
zeguo-2005,zeguo-2005.village_roads_t2@missing-preserved-v2,d2032p
zeguo-2005,zeguo-2005.village_roads_t2@missing-preserved-v2,d2033p
zeguo-2005,zeguo-2005.village_roads_t2@missing-preserved-v2,d2034p
zeguo-2005,zeguo-2005.village_roads_t2@missing-preserved-v2,d2035p
zeguo-2005,zeguo-2005.village_roads_t2@missing-preserved-v2,post_d3043
zeguo-2005,zeguo-2005.village_roads_t2@missing-preserved-v2,post_d3044
zeguo-2005,zeguo-2005.village_roads_t2@missing-preserved-v2,post_d3045
zeguo-2005,zeguo-2005.village_roads_t2@missing-preserved-v2,post_d3046
zeguo-2005,zeguo-2005.village_roads_t2@missing-preserved-v2,pp
zeguo-2005,zeguo-2005.village_roads_t2@missing-preserved-v2,preandpost
zeguo-2005,zeguo-2005.main_roads_t2@missing-preserved-v2,d2006p
zeguo-2005,zeguo-2005.main_roads_t2@missing-preserved-v2,d2007p
zeguo-2005,zeguo-2005.main_roads_t2@missing-preserved-v2,d2008p
zeguo-2005,zeguo-2005.main_roads_t2@missing-preserved-v2,d2009p
zeguo-2005,zeguo-2005.main_roads_t2@missing-preserved-v2,d2010p
zeguo-2005,zeguo-2005.main_roads_t2@missing-preserved-v2,d2011p
zeguo-2005,zeguo-2005.main_roads_t2@missing-preserved-v2,d2012p
zeguo-2005,zeguo-2005.main_roads_t2@missing-preserved-v2,d2013p
zeguo-2005,zeguo-2005.main_roads_t2@missing-preserved-v2,d2014p
zeguo-2005,zeguo-2005.main_roads_t2@missing-preserved-v2,d2020p
zeguo-2005,zeguo-2005.main_roads_t2@missing-preserved-v2,d2021p
zeguo-2005,zeguo-2005.main_roads_t2@missing-preserved-v2,d2023p
zeguo-2005,zeguo-2005.main_roads_t2@missing-preserved-v2,d2024p
zeguo-2005,zeguo-2005.main_roads_t2@missing-preserved-v2,d2025p
zeguo-2005,zeguo-2005.main_roads_t2@missing-preserved-v2,d2026p
zeguo-2005,zeguo-2005.main_roads_t2@missing-preserved-v2,d2027p
zeguo-2005,zeguo-2005.main_roads_t2@missing-preserved-v2,d2028p
zeguo-2005,zeguo-2005.main_roads_t2@missing-preserved-v2,d2029p
zeguo-2005,zeguo-2005.main_roads_t2@missing-preserved-v2,d2030p
zeguo-2005,zeguo-2005.main_roads_t2@missing-preserved-v2,d2031p
zeguo-2005,zeguo-2005.main_roads_t2@missing-preserved-v2,d2032p
zeguo-2005,zeguo-2005.main_roads_t2@missing-preserved-v2,d2033p
zeguo-2005,zeguo-2005.main_roads_t2@missing-preserved-v2,d2034p
zeguo-2005,zeguo-2005.main_roads_t2@missing-preserved-v2,d2035p
zeguo-2005,zeguo-2005.main_roads_t2@missing-preserved-v2,post_d3043
zeguo-2005,zeguo-2005.main_roads_t2@missing-preserved-v2,post_d3044
zeguo-2005,zeguo-2005.main_roads_t2@missing-preserved-v2,post_d3045
zeguo-2005,zeguo-2005.main_roads_t2@missing-preserved-v2,post_d3046
zeguo-2005,zeguo-2005.main_roads_t2@missing-preserved-v2,pp
zeguo-2005,zeguo-2005.main_roads_t2@missing-preserved-v2,preandpost
zeguo-2005,zeguo-2005.commercial_roads_t2@missing-preserved-v2,d2006p
zeguo-2005,zeguo-2005.commercial_roads_t2@missing-preserved-v2,d2007p
zeguo-2005,zeguo-2005.commercial_roads_t2@missing-preserved-v2,d2008p
zeguo-2005,zeguo-2005.commercial_roads_t2@missing-preserved-v2,d2009p
zeguo-2005,zeguo-2005.commercial_roads_t2@missing-preserved-v2,d2010p
zeguo-2005,zeguo-2005.commercial_roads_t2@missing-preserved-v2,d2011p
zeguo-2005,zeguo-2005.commercial_roads_t2@missing-preserved-v2,d2014p
zeguo-2005,zeguo-2005.commercial_roads_t2@missing-preserved-v2,d2015p
zeguo-2005,zeguo-2005.commercial_roads_t2@missing-preserved-v2,d2016p
zeguo-2005,zeguo-2005.commercial_roads_t2@missing-preserved-v2,d2017p
zeguo-2005,zeguo-2005.commercial_roads_t2@missing-preserved-v2,d2018p
zeguo-2005,zeguo-2005.commercial_roads_t2@missing-preserved-v2,d2019p
zeguo-2005,zeguo-2005.commercial_roads_t2@missing-preserved-v2,d2020p
zeguo-2005,zeguo-2005.commercial_roads_t2@missing-preserved-v2,d2021p
zeguo-2005,zeguo-2005.commercial_roads_t2@missing-preserved-v2,d2022p
zeguo-2005,zeguo-2005.commercial_roads_t2@missing-preserved-v2,d2023p
zeguo-2005,zeguo-2005.commercial_roads_t2@missing-preserved-v2,d2024p
zeguo-2005,zeguo-2005.commercial_roads_t2@missing-preserved-v2,d2025p
zeguo-2005,zeguo-2005.commercial_roads_t2@missing-preserved-v2,d2026p
zeguo-2005,zeguo-2005.commercial_roads_t2@missing-preserved-v2,d2027p
zeguo-2005,zeguo-2005.commercial_roads_t2@missing-preserved-v2,d2028p
zeguo-2005,zeguo-2005.commercial_roads_t2@missing-preserved-v2,d2029p
zeguo-2005,zeguo-2005.commercial_roads_t2@missing-preserved-v2,d2030p
zeguo-2005,zeguo-2005.commercial_roads_t2@missing-preserved-v2,d2031p
zeguo-2005,zeguo-2005.commercial_roads_t2@missing-preserved-v2,d2032p
zeguo-2005,zeguo-2005.commercial_roads_t2@missing-preserved-v2,d2033p
zeguo-2005,zeguo-2005.commercial_roads_t2@missing-preserved-v2,d2034p
zeguo-2005,zeguo-2005.commercial_roads_t2@missing-preserved-v2,d2035p
zeguo-2005,zeguo-2005.commercial_roads_t2@missing-preserved-v2,post_d3043
zeguo-2005,zeguo-2005.commercial_roads_t2@missing-preserved-v2,post_d3044
zeguo-2005,zeguo-2005.commercial_roads_t2@missing-preserved-v2,post_d3045
zeguo-2005,zeguo-2005.commercial_roads_t2@missing-preserved-v2,post_d3046
zeguo-2005,zeguo-2005.commercial_roads_t2@missing-preserved-v2,pp
zeguo-2005,zeguo-2005.commercial_roads_t2@missing-preserved-v2,preandpost
zeguo-2005,zeguo-2005.wenchang_main_avenue_t2@missing-preserved-v2,d2007p
zeguo-2005,zeguo-2005.wenchang_main_avenue_t2@missing-preserved-v2,d2008p
zeguo-2005,zeguo-2005.wenchang_main_avenue_t2@missing-preserved-v2,d2009p
zeguo-2005,zeguo-2005.wenchang_main_avenue_t2@missing-preserved-v2,d2010p
zeguo-2005,zeguo-2005.wenchang_main_avenue_t2@missing-preserved-v2,d2011p
zeguo-2005,zeguo-2005.wenchang_main_avenue_t2@missing-preserved-v2,d2012p
zeguo-2005,zeguo-2005.wenchang_main_avenue_t2@missing-preserved-v2,d2013p
zeguo-2005,zeguo-2005.wenchang_main_avenue_t2@missing-preserved-v2,d2014p
zeguo-2005,zeguo-2005.wenchang_main_avenue_t2@missing-preserved-v2,d2015p
zeguo-2005,zeguo-2005.wenchang_main_avenue_t2@missing-preserved-v2,d2016p
zeguo-2005,zeguo-2005.wenchang_main_avenue_t2@missing-preserved-v2,d2017p
zeguo-2005,zeguo-2005.wenchang_main_avenue_t2@missing-preserved-v2,d2018p
zeguo-2005,zeguo-2005.wenchang_main_avenue_t2@missing-preserved-v2,d2019p
zeguo-2005,zeguo-2005.wenchang_main_avenue_t2@missing-preserved-v2,d2020p
zeguo-2005,zeguo-2005.wenchang_main_avenue_t2@missing-preserved-v2,d2021p
zeguo-2005,zeguo-2005.wenchang_main_avenue_t2@missing-preserved-v2,d2022p
zeguo-2005,zeguo-2005.wenchang_main_avenue_t2@missing-preserved-v2,d2023p
zeguo-2005,zeguo-2005.wenchang_main_avenue_t2@missing-preserved-v2,d2024p
zeguo-2005,zeguo-2005.wenchang_main_avenue_t2@missing-preserved-v2,d2025p
zeguo-2005,zeguo-2005.wenchang_main_avenue_t2@missing-preserved-v2,d2026p
zeguo-2005,zeguo-2005.wenchang_main_avenue_t2@missing-preserved-v2,d2027p
zeguo-2005,zeguo-2005.wenchang_main_avenue_t2@missing-preserved-v2,d2028p
zeguo-2005,zeguo-2005.wenchang_main_avenue_t2@missing-preserved-v2,d2029p
zeguo-2005,zeguo-2005.wenchang_main_avenue_t2@missing-preserved-v2,d2030p
zeguo-2005,zeguo-2005.wenchang_main_avenue_t2@missing-preserved-v2,d2031p
zeguo-2005,zeguo-2005.wenchang_main_avenue_t2@missing-preserved-v2,d2032p
zeguo-2005,zeguo-2005.wenchang_main_avenue_t2@missing-preserved-v2,d2033p
zeguo-2005,zeguo-2005.wenchang_main_avenue_t2@missing-preserved-v2,d2034p
zeguo-2005,zeguo-2005.wenchang_main_avenue_t2@missing-preserved-v2,d2035p
zeguo-2005,zeguo-2005.wenchang_main_avenue_t2@missing-preserved-v2,post_d3043
zeguo-2005,zeguo-2005.wenchang_main_avenue_t2@missing-preserved-v2,post_d3044
zeguo-2005,zeguo-2005.wenchang_main_avenue_t2@missing-preserved-v2,post_d3045
zeguo-2005,zeguo-2005.wenchang_main_avenue_t2@missing-preserved-v2,post_d3046
zeguo-2005,zeguo-2005.wenchang_main_avenue_t2@missing-preserved-v2,pp
zeguo-2005,zeguo-2005.wenchang_main_avenue_t2@missing-preserved-v2,preandpost
zeguo-2005,zeguo-2005.other_parks_t2@missing-preserved-v2,d2006p
zeguo-2005,zeguo-2005.other_parks_t2@missing-preserved-v2,d2007p
zeguo-2005,zeguo-2005.other_parks_t2@missing-preserved-v2,d2008p
zeguo-2005,zeguo-2005.other_parks_t2@missing-preserved-v2,d2009p
zeguo-2005,zeguo-2005.other_parks_t2@missing-preserved-v2,d2010p
zeguo-2005,zeguo-2005.other_parks_t2@missing-preserved-v2,d2011p
zeguo-2005,zeguo-2005.other_parks_t2@missing-preserved-v2,d2012p
zeguo-2005,zeguo-2005.other_parks_t2@missing-preserved-v2,d2013p
zeguo-2005,zeguo-2005.other_parks_t2@missing-preserved-v2,d2014p
zeguo-2005,zeguo-2005.other_parks_t2@missing-preserved-v2,d2015p
zeguo-2005,zeguo-2005.other_parks_t2@missing-preserved-v2,d2016p
zeguo-2005,zeguo-2005.other_parks_t2@missing-preserved-v2,d2017p
zeguo-2005,zeguo-2005.other_parks_t2@missing-preserved-v2,d2018p
zeguo-2005,zeguo-2005.other_parks_t2@missing-preserved-v2,d2019p
zeguo-2005,zeguo-2005.other_parks_t2@missing-preserved-v2,d2020p
zeguo-2005,zeguo-2005.other_parks_t2@missing-preserved-v2,d2021p
zeguo-2005,zeguo-2005.other_parks_t2@missing-preserved-v2,d2022p
zeguo-2005,zeguo-2005.other_parks_t2@missing-preserved-v2,d2023p
zeguo-2005,zeguo-2005.other_parks_t2@missing-preserved-v2,d2025p
zeguo-2005,zeguo-2005.other_parks_t2@missing-preserved-v2,d2026p
zeguo-2005,zeguo-2005.other_parks_t2@missing-preserved-v2,d2027p
zeguo-2005,zeguo-2005.other_parks_t2@missing-preserved-v2,d2030p
zeguo-2005,zeguo-2005.other_parks_t2@missing-preserved-v2,d2031p
zeguo-2005,zeguo-2005.other_parks_t2@missing-preserved-v2,d2032p
zeguo-2005,zeguo-2005.other_parks_t2@missing-preserved-v2,d2033p
zeguo-2005,zeguo-2005.other_parks_t2@missing-preserved-v2,d2034p
zeguo-2005,zeguo-2005.other_parks_t2@missing-preserved-v2,d2035p
zeguo-2005,zeguo-2005.other_parks_t2@missing-preserved-v2,post_d3043
zeguo-2005,zeguo-2005.other_parks_t2@missing-preserved-v2,post_d3044
zeguo-2005,zeguo-2005.other_parks_t2@missing-preserved-v2,post_d3045
zeguo-2005,zeguo-2005.other_parks_t2@missing-preserved-v2,post_d3046
zeguo-2005,zeguo-2005.other_parks_t2@missing-preserved-v2,pp
zeguo-2005,zeguo-2005.other_parks_t2@missing-preserved-v2,preandpost
zeguo-2005,zeguo-2005.township_image_t2@missing-preserved-v2,d2006p
zeguo-2005,zeguo-2005.township_image_t2@missing-preserved-v2,d2007p
zeguo-2005,zeguo-2005.township_image_t2@missing-preserved-v2,d2008p
zeguo-2005,zeguo-2005.township_image_t2@missing-preserved-v2,d2009p
zeguo-2005,zeguo-2005.township_image_t2@missing-preserved-v2,d2010p
zeguo-2005,zeguo-2005.township_image_t2@missing-preserved-v2,d2011p
zeguo-2005,zeguo-2005.township_image_t2@missing-preserved-v2,d2012p
zeguo-2005,zeguo-2005.township_image_t2@missing-preserved-v2,d2013p
zeguo-2005,zeguo-2005.township_image_t2@missing-preserved-v2,d2014p
zeguo-2005,zeguo-2005.township_image_t2@missing-preserved-v2,d2015p
zeguo-2005,zeguo-2005.township_image_t2@missing-preserved-v2,d2016p
zeguo-2005,zeguo-2005.township_image_t2@missing-preserved-v2,d2017p
zeguo-2005,zeguo-2005.township_image_t2@missing-preserved-v2,d2018p
zeguo-2005,zeguo-2005.township_image_t2@missing-preserved-v2,d2019p
zeguo-2005,zeguo-2005.township_image_t2@missing-preserved-v2,d2020p
zeguo-2005,zeguo-2005.township_image_t2@missing-preserved-v2,d2021p
zeguo-2005,zeguo-2005.township_image_t2@missing-preserved-v2,d2022p
zeguo-2005,zeguo-2005.township_image_t2@missing-preserved-v2,d2023p
zeguo-2005,zeguo-2005.township_image_t2@missing-preserved-v2,d2024p
zeguo-2005,zeguo-2005.township_image_t2@missing-preserved-v2,d2026p
zeguo-2005,zeguo-2005.township_image_t2@missing-preserved-v2,d2027p
zeguo-2005,zeguo-2005.township_image_t2@missing-preserved-v2,d2028p
zeguo-2005,zeguo-2005.township_image_t2@missing-preserved-v2,d2029p
zeguo-2005,zeguo-2005.township_image_t2@missing-preserved-v2,d2030p
zeguo-2005,zeguo-2005.township_image_t2@missing-preserved-v2,d2032p
zeguo-2005,zeguo-2005.township_image_t2@missing-preserved-v2,d2033p
zeguo-2005,zeguo-2005.township_image_t2@missing-preserved-v2,d2034p
zeguo-2005,zeguo-2005.township_image_t2@missing-preserved-v2,d2035p
zeguo-2005,zeguo-2005.township_image_t2@missing-preserved-v2,post_d3043
zeguo-2005,zeguo-2005.township_image_t2@missing-preserved-v2,post_d3044
zeguo-2005,zeguo-2005.township_image_t2@missing-preserved-v2,post_d3045
zeguo-2005,zeguo-2005.township_image_t2@missing-preserved-v2,post_d3046
zeguo-2005,zeguo-2005.township_image_t2@missing-preserved-v2,pp
zeguo-2005,zeguo-2005.township_image_t2@missing-preserved-v2,preandpost
zeguo-2005,zeguo-2005.cultural_heritage_t2@missing-preserved-v2,d2006p
zeguo-2005,zeguo-2005.cultural_heritage_t2@missing-preserved-v2,d2007p
zeguo-2005,zeguo-2005.cultural_heritage_t2@missing-preserved-v2,d2008p
zeguo-2005,zeguo-2005.cultural_heritage_t2@missing-preserved-v2,d2009p
zeguo-2005,zeguo-2005.cultural_heritage_t2@missing-preserved-v2,d2010p
zeguo-2005,zeguo-2005.cultural_heritage_t2@missing-preserved-v2,d2011p
zeguo-2005,zeguo-2005.cultural_heritage_t2@missing-preserved-v2,d2012p
zeguo-2005,zeguo-2005.cultural_heritage_t2@missing-preserved-v2,d2013p
zeguo-2005,zeguo-2005.cultural_heritage_t2@missing-preserved-v2,d2014p
zeguo-2005,zeguo-2005.cultural_heritage_t2@missing-preserved-v2,d2015p
zeguo-2005,zeguo-2005.cultural_heritage_t2@missing-preserved-v2,d2016p
zeguo-2005,zeguo-2005.cultural_heritage_t2@missing-preserved-v2,d2017p
zeguo-2005,zeguo-2005.cultural_heritage_t2@missing-preserved-v2,d2018p
zeguo-2005,zeguo-2005.cultural_heritage_t2@missing-preserved-v2,d2019p
zeguo-2005,zeguo-2005.cultural_heritage_t2@missing-preserved-v2,d2020p
zeguo-2005,zeguo-2005.cultural_heritage_t2@missing-preserved-v2,d2021p
zeguo-2005,zeguo-2005.cultural_heritage_t2@missing-preserved-v2,d2022p
zeguo-2005,zeguo-2005.cultural_heritage_t2@missing-preserved-v2,d2023p
zeguo-2005,zeguo-2005.cultural_heritage_t2@missing-preserved-v2,d2024p
zeguo-2005,zeguo-2005.cultural_heritage_t2@missing-preserved-v2,d2026p
zeguo-2005,zeguo-2005.cultural_heritage_t2@missing-preserved-v2,d2027p
zeguo-2005,zeguo-2005.cultural_heritage_t2@missing-preserved-v2,d2028p
zeguo-2005,zeguo-2005.cultural_heritage_t2@missing-preserved-v2,d2029p
zeguo-2005,zeguo-2005.cultural_heritage_t2@missing-preserved-v2,d2030p
zeguo-2005,zeguo-2005.cultural_heritage_t2@missing-preserved-v2,d2031p
zeguo-2005,zeguo-2005.cultural_heritage_t2@missing-preserved-v2,d2033p
zeguo-2005,zeguo-2005.cultural_heritage_t2@missing-preserved-v2,d2034p
zeguo-2005,zeguo-2005.cultural_heritage_t2@missing-preserved-v2,d2035p
zeguo-2005,zeguo-2005.cultural_heritage_t2@missing-preserved-v2,post_d3043
zeguo-2005,zeguo-2005.cultural_heritage_t2@missing-preserved-v2,post_d3044
zeguo-2005,zeguo-2005.cultural_heritage_t2@missing-preserved-v2,post_d3045
zeguo-2005,zeguo-2005.cultural_heritage_t2@missing-preserved-v2,post_d3046
zeguo-2005,zeguo-2005.cultural_heritage_t2@missing-preserved-v2,pp
zeguo-2005,zeguo-2005.cultural_heritage_t2@missing-preserved-v2,preandpost
zeguo-2005,zeguo-2005.sewage_t2@missing-preserved-v2,d2006p
zeguo-2005,zeguo-2005.sewage_t2@missing-preserved-v2,d2007p
zeguo-2005,zeguo-2005.sewage_t2@missing-preserved-v2,d2008p
zeguo-2005,zeguo-2005.sewage_t2@missing-preserved-v2,d2009p
zeguo-2005,zeguo-2005.sewage_t2@missing-preserved-v2,d2010p
zeguo-2005,zeguo-2005.sewage_t2@missing-preserved-v2,d2011p
zeguo-2005,zeguo-2005.sewage_t2@missing-preserved-v2,d2012p
zeguo-2005,zeguo-2005.sewage_t2@missing-preserved-v2,d2013p
zeguo-2005,zeguo-2005.sewage_t2@missing-preserved-v2,d2014p
zeguo-2005,zeguo-2005.sewage_t2@missing-preserved-v2,d2015p
zeguo-2005,zeguo-2005.sewage_t2@missing-preserved-v2,d2016p
zeguo-2005,zeguo-2005.sewage_t2@missing-preserved-v2,d2017p
zeguo-2005,zeguo-2005.sewage_t2@missing-preserved-v2,d2018p
zeguo-2005,zeguo-2005.sewage_t2@missing-preserved-v2,d2019p
zeguo-2005,zeguo-2005.sewage_t2@missing-preserved-v2,d2020p
zeguo-2005,zeguo-2005.sewage_t2@missing-preserved-v2,d2021p
zeguo-2005,zeguo-2005.sewage_t2@missing-preserved-v2,d2022p
zeguo-2005,zeguo-2005.sewage_t2@missing-preserved-v2,d2023p
zeguo-2005,zeguo-2005.sewage_t2@missing-preserved-v2,d2024p
zeguo-2005,zeguo-2005.sewage_t2@missing-preserved-v2,d2025p
zeguo-2005,zeguo-2005.sewage_t2@missing-preserved-v2,d2026p
zeguo-2005,zeguo-2005.sewage_t2@missing-preserved-v2,d2027p
zeguo-2005,zeguo-2005.sewage_t2@missing-preserved-v2,d2028p
zeguo-2005,zeguo-2005.sewage_t2@missing-preserved-v2,d2029p
zeguo-2005,zeguo-2005.sewage_t2@missing-preserved-v2,d2031p
zeguo-2005,zeguo-2005.sewage_t2@missing-preserved-v2,d2032p
zeguo-2005,zeguo-2005.sewage_t2@missing-preserved-v2,post_d3043
zeguo-2005,zeguo-2005.sewage_t2@missing-preserved-v2,post_d3044
zeguo-2005,zeguo-2005.sewage_t2@missing-preserved-v2,post_d3045
zeguo-2005,zeguo-2005.sewage_t2@missing-preserved-v2,post_d3046
zeguo-2005,zeguo-2005.sewage_t2@missing-preserved-v2,pp
zeguo-2005,zeguo-2005.sewage_t2@missing-preserved-v2,preandpost
zeguo-2005,zeguo-2005.knowledge_joint@absent-form-v2,d2006p
zeguo-2005,zeguo-2005.knowledge_joint@absent-form-v2,d2007p
zeguo-2005,zeguo-2005.knowledge_joint@absent-form-v2,d2008p
zeguo-2005,zeguo-2005.knowledge_joint@absent-form-v2,d2009p
zeguo-2005,zeguo-2005.knowledge_joint@absent-form-v2,d2010p
zeguo-2005,zeguo-2005.knowledge_joint@absent-form-v2,d2011p
zeguo-2005,zeguo-2005.knowledge_joint@absent-form-v2,d2012p
zeguo-2005,zeguo-2005.knowledge_joint@absent-form-v2,d2013p
zeguo-2005,zeguo-2005.knowledge_joint@absent-form-v2,d2014p
zeguo-2005,zeguo-2005.knowledge_joint@absent-form-v2,d2015p
zeguo-2005,zeguo-2005.knowledge_joint@absent-form-v2,d2016p
zeguo-2005,zeguo-2005.knowledge_joint@absent-form-v2,d2017p
zeguo-2005,zeguo-2005.knowledge_joint@absent-form-v2,d2018p
zeguo-2005,zeguo-2005.knowledge_joint@absent-form-v2,d2019p
zeguo-2005,zeguo-2005.knowledge_joint@absent-form-v2,d2020p
zeguo-2005,zeguo-2005.knowledge_joint@absent-form-v2,d2021p
zeguo-2005,zeguo-2005.knowledge_joint@absent-form-v2,d2022p
zeguo-2005,zeguo-2005.knowledge_joint@absent-form-v2,d2023p
zeguo-2005,zeguo-2005.knowledge_joint@absent-form-v2,d2024p
zeguo-2005,zeguo-2005.knowledge_joint@absent-form-v2,d2025p
zeguo-2005,zeguo-2005.knowledge_joint@absent-form-v2,d2026p
zeguo-2005,zeguo-2005.knowledge_joint@absent-form-v2,d2027p
zeguo-2005,zeguo-2005.knowledge_joint@absent-form-v2,d2028p
zeguo-2005,zeguo-2005.knowledge_joint@absent-form-v2,d2029p
zeguo-2005,zeguo-2005.knowledge_joint@absent-form-v2,d2030p
zeguo-2005,zeguo-2005.knowledge_joint@absent-form-v2,d2031p
zeguo-2005,zeguo-2005.knowledge_joint@absent-form-v2,d2032p
zeguo-2005,zeguo-2005.knowledge_joint@absent-form-v2,d2033p
zeguo-2005,zeguo-2005.knowledge_joint@absent-form-v2,d2034p
zeguo-2005,zeguo-2005.knowledge_joint@absent-form-v2,d2035p
zeguo-2005,zeguo-2005.knowledge_joint@absent-form-v2,pp
zeguo-2005,zeguo-2005.knowledge_joint@absent-form-v2,preandpost
zeguo-2005,zeguo-2005.knowledge_gain@absent-form-v2,d2006p
zeguo-2005,zeguo-2005.knowledge_gain@absent-form-v2,d2007p
zeguo-2005,zeguo-2005.knowledge_gain@absent-form-v2,d2008p
zeguo-2005,zeguo-2005.knowledge_gain@absent-form-v2,d2009p
zeguo-2005,zeguo-2005.knowledge_gain@absent-form-v2,d2010p
zeguo-2005,zeguo-2005.knowledge_gain@absent-form-v2,d2011p
zeguo-2005,zeguo-2005.knowledge_gain@absent-form-v2,d2012p
zeguo-2005,zeguo-2005.knowledge_gain@absent-form-v2,d2013p
zeguo-2005,zeguo-2005.knowledge_gain@absent-form-v2,d2014p
zeguo-2005,zeguo-2005.knowledge_gain@absent-form-v2,d2015p
zeguo-2005,zeguo-2005.knowledge_gain@absent-form-v2,d2016p
zeguo-2005,zeguo-2005.knowledge_gain@absent-form-v2,d2017p
zeguo-2005,zeguo-2005.knowledge_gain@absent-form-v2,d2018p
zeguo-2005,zeguo-2005.knowledge_gain@absent-form-v2,d2019p
zeguo-2005,zeguo-2005.knowledge_gain@absent-form-v2,d2020p
zeguo-2005,zeguo-2005.knowledge_gain@absent-form-v2,d2021p
zeguo-2005,zeguo-2005.knowledge_gain@absent-form-v2,d2022p
zeguo-2005,zeguo-2005.knowledge_gain@absent-form-v2,d2023p
zeguo-2005,zeguo-2005.knowledge_gain@absent-form-v2,d2024p
zeguo-2005,zeguo-2005.knowledge_gain@absent-form-v2,d2025p
zeguo-2005,zeguo-2005.knowledge_gain@absent-form-v2,d2026p
zeguo-2005,zeguo-2005.knowledge_gain@absent-form-v2,d2027p
zeguo-2005,zeguo-2005.knowledge_gain@absent-form-v2,d2028p
zeguo-2005,zeguo-2005.knowledge_gain@absent-form-v2,d2029p
zeguo-2005,zeguo-2005.knowledge_gain@absent-form-v2,d2030p
zeguo-2005,zeguo-2005.knowledge_gain@absent-form-v2,d2031p
zeguo-2005,zeguo-2005.knowledge_gain@absent-form-v2,d2032p
zeguo-2005,zeguo-2005.knowledge_gain@absent-form-v2,d2033p
zeguo-2005,zeguo-2005.knowledge_gain@absent-form-v2,d2034p
zeguo-2005,zeguo-2005.knowledge_gain@absent-form-v2,d2035p
zeguo-2005,zeguo-2005.knowledge_gain@absent-form-v2,pp
zeguo-2005,zeguo-2005.knowledge_gain@absent-form-v2,preandpost
zeguo-2005,zeguo-2005.log_knowledge_joint@absent-form-v2,d2006p
zeguo-2005,zeguo-2005.log_knowledge_joint@absent-form-v2,d2007p
zeguo-2005,zeguo-2005.log_knowledge_joint@absent-form-v2,d2008p
zeguo-2005,zeguo-2005.log_knowledge_joint@absent-form-v2,d2009p
zeguo-2005,zeguo-2005.log_knowledge_joint@absent-form-v2,d2010p
zeguo-2005,zeguo-2005.log_knowledge_joint@absent-form-v2,d2011p
zeguo-2005,zeguo-2005.log_knowledge_joint@absent-form-v2,d2012p
zeguo-2005,zeguo-2005.log_knowledge_joint@absent-form-v2,d2013p
zeguo-2005,zeguo-2005.log_knowledge_joint@absent-form-v2,d2014p
zeguo-2005,zeguo-2005.log_knowledge_joint@absent-form-v2,d2015p
zeguo-2005,zeguo-2005.log_knowledge_joint@absent-form-v2,d2016p
zeguo-2005,zeguo-2005.log_knowledge_joint@absent-form-v2,d2017p
zeguo-2005,zeguo-2005.log_knowledge_joint@absent-form-v2,d2018p
zeguo-2005,zeguo-2005.log_knowledge_joint@absent-form-v2,d2019p
zeguo-2005,zeguo-2005.log_knowledge_joint@absent-form-v2,d2020p
zeguo-2005,zeguo-2005.log_knowledge_joint@absent-form-v2,d2021p
zeguo-2005,zeguo-2005.log_knowledge_joint@absent-form-v2,d2022p
zeguo-2005,zeguo-2005.log_knowledge_joint@absent-form-v2,d2023p
zeguo-2005,zeguo-2005.log_knowledge_joint@absent-form-v2,d2024p
zeguo-2005,zeguo-2005.log_knowledge_joint@absent-form-v2,d2025p
zeguo-2005,zeguo-2005.log_knowledge_joint@absent-form-v2,d2026p
zeguo-2005,zeguo-2005.log_knowledge_joint@absent-form-v2,d2027p
zeguo-2005,zeguo-2005.log_knowledge_joint@absent-form-v2,d2028p
zeguo-2005,zeguo-2005.log_knowledge_joint@absent-form-v2,d2029p
zeguo-2005,zeguo-2005.log_knowledge_joint@absent-form-v2,d2030p
zeguo-2005,zeguo-2005.log_knowledge_joint@absent-form-v2,d2031p
zeguo-2005,zeguo-2005.log_knowledge_joint@absent-form-v2,d2032p
zeguo-2005,zeguo-2005.log_knowledge_joint@absent-form-v2,d2033p
zeguo-2005,zeguo-2005.log_knowledge_joint@absent-form-v2,d2034p
zeguo-2005,zeguo-2005.log_knowledge_joint@absent-form-v2,d2035p
zeguo-2005,zeguo-2005.log_knowledge_joint@absent-form-v2,pp
zeguo-2005,zeguo-2005.log_knowledge_joint@absent-form-v2,preandpost
zeguo-2005,zeguo-2005.knowledge_gain_joint@absent-form-v2,d2006p
zeguo-2005,zeguo-2005.knowledge_gain_joint@absent-form-v2,d2007p
zeguo-2005,zeguo-2005.knowledge_gain_joint@absent-form-v2,d2008p
zeguo-2005,zeguo-2005.knowledge_gain_joint@absent-form-v2,d2009p
zeguo-2005,zeguo-2005.knowledge_gain_joint@absent-form-v2,d2010p
zeguo-2005,zeguo-2005.knowledge_gain_joint@absent-form-v2,d2011p
zeguo-2005,zeguo-2005.knowledge_gain_joint@absent-form-v2,d2012p
zeguo-2005,zeguo-2005.knowledge_gain_joint@absent-form-v2,d2013p
zeguo-2005,zeguo-2005.knowledge_gain_joint@absent-form-v2,d2014p
zeguo-2005,zeguo-2005.knowledge_gain_joint@absent-form-v2,d2015p
zeguo-2005,zeguo-2005.knowledge_gain_joint@absent-form-v2,d2016p
zeguo-2005,zeguo-2005.knowledge_gain_joint@absent-form-v2,d2017p
zeguo-2005,zeguo-2005.knowledge_gain_joint@absent-form-v2,d2018p
zeguo-2005,zeguo-2005.knowledge_gain_joint@absent-form-v2,d2019p
zeguo-2005,zeguo-2005.knowledge_gain_joint@absent-form-v2,d2020p
zeguo-2005,zeguo-2005.knowledge_gain_joint@absent-form-v2,d2021p
zeguo-2005,zeguo-2005.knowledge_gain_joint@absent-form-v2,d2022p
zeguo-2005,zeguo-2005.knowledge_gain_joint@absent-form-v2,d2023p
zeguo-2005,zeguo-2005.knowledge_gain_joint@absent-form-v2,d2024p
zeguo-2005,zeguo-2005.knowledge_gain_joint@absent-form-v2,d2025p
zeguo-2005,zeguo-2005.knowledge_gain_joint@absent-form-v2,d2026p
zeguo-2005,zeguo-2005.knowledge_gain_joint@absent-form-v2,d2027p
zeguo-2005,zeguo-2005.knowledge_gain_joint@absent-form-v2,d2028p
zeguo-2005,zeguo-2005.knowledge_gain_joint@absent-form-v2,d2029p
zeguo-2005,zeguo-2005.knowledge_gain_joint@absent-form-v2,d2030p
zeguo-2005,zeguo-2005.knowledge_gain_joint@absent-form-v2,d2031p
zeguo-2005,zeguo-2005.knowledge_gain_joint@absent-form-v2,d2032p
zeguo-2005,zeguo-2005.knowledge_gain_joint@absent-form-v2,d2033p
zeguo-2005,zeguo-2005.knowledge_gain_joint@absent-form-v2,d2034p
zeguo-2005,zeguo-2005.knowledge_gain_joint@absent-form-v2,d2035p
zeguo-2005,zeguo-2005.knowledge_gain_joint@absent-form-v2,pp
zeguo-2005,zeguo-2005.knowledge_gain_joint@absent-form-v2,preandpost
zeguo-2005,zeguo-2005.high_knowledge_joint@absent-form-v2,d2006p
zeguo-2005,zeguo-2005.high_knowledge_joint@absent-form-v2,d2007p
zeguo-2005,zeguo-2005.high_knowledge_joint@absent-form-v2,d2008p
zeguo-2005,zeguo-2005.high_knowledge_joint@absent-form-v2,d2009p
zeguo-2005,zeguo-2005.high_knowledge_joint@absent-form-v2,d2010p
zeguo-2005,zeguo-2005.high_knowledge_joint@absent-form-v2,d2011p
zeguo-2005,zeguo-2005.high_knowledge_joint@absent-form-v2,d2012p
zeguo-2005,zeguo-2005.high_knowledge_joint@absent-form-v2,d2013p
zeguo-2005,zeguo-2005.high_knowledge_joint@absent-form-v2,d2014p
zeguo-2005,zeguo-2005.high_knowledge_joint@absent-form-v2,d2015p
zeguo-2005,zeguo-2005.high_knowledge_joint@absent-form-v2,d2016p
zeguo-2005,zeguo-2005.high_knowledge_joint@absent-form-v2,d2017p
zeguo-2005,zeguo-2005.high_knowledge_joint@absent-form-v2,d2018p
zeguo-2005,zeguo-2005.high_knowledge_joint@absent-form-v2,d2019p
zeguo-2005,zeguo-2005.high_knowledge_joint@absent-form-v2,d2020p
zeguo-2005,zeguo-2005.high_knowledge_joint@absent-form-v2,d2021p
zeguo-2005,zeguo-2005.high_knowledge_joint@absent-form-v2,d2022p
zeguo-2005,zeguo-2005.high_knowledge_joint@absent-form-v2,d2023p
zeguo-2005,zeguo-2005.high_knowledge_joint@absent-form-v2,d2024p
zeguo-2005,zeguo-2005.high_knowledge_joint@absent-form-v2,d2025p
zeguo-2005,zeguo-2005.high_knowledge_joint@absent-form-v2,d2026p
zeguo-2005,zeguo-2005.high_knowledge_joint@absent-form-v2,d2027p
zeguo-2005,zeguo-2005.high_knowledge_joint@absent-form-v2,d2028p
zeguo-2005,zeguo-2005.high_knowledge_joint@absent-form-v2,d2029p
zeguo-2005,zeguo-2005.high_knowledge_joint@absent-form-v2,d2030p
zeguo-2005,zeguo-2005.high_knowledge_joint@absent-form-v2,d2031p
zeguo-2005,zeguo-2005.high_knowledge_joint@absent-form-v2,d2032p
zeguo-2005,zeguo-2005.high_knowledge_joint@absent-form-v2,d2033p
zeguo-2005,zeguo-2005.high_knowledge_joint@absent-form-v2,d2034p
zeguo-2005,zeguo-2005.high_knowledge_joint@absent-form-v2,d2035p
zeguo-2005,zeguo-2005.high_knowledge_joint@absent-form-v2,pp
zeguo-2005,zeguo-2005.high_knowledge_joint@absent-form-v2,preandpost
zeguo-2005,zeguo-2005.knowledge_t2@absent-form-v2,d2006p
zeguo-2005,zeguo-2005.knowledge_t2@absent-form-v2,d2007p
zeguo-2005,zeguo-2005.knowledge_t2@absent-form-v2,d2008p
zeguo-2005,zeguo-2005.knowledge_t2@absent-form-v2,d2009p
zeguo-2005,zeguo-2005.knowledge_t2@absent-form-v2,d2010p
zeguo-2005,zeguo-2005.knowledge_t2@absent-form-v2,d2011p
zeguo-2005,zeguo-2005.knowledge_t2@absent-form-v2,d2012p
zeguo-2005,zeguo-2005.knowledge_t2@absent-form-v2,d2013p
zeguo-2005,zeguo-2005.knowledge_t2@absent-form-v2,d2014p
zeguo-2005,zeguo-2005.knowledge_t2@absent-form-v2,d2015p
zeguo-2005,zeguo-2005.knowledge_t2@absent-form-v2,d2016p
zeguo-2005,zeguo-2005.knowledge_t2@absent-form-v2,d2017p
zeguo-2005,zeguo-2005.knowledge_t2@absent-form-v2,d2018p
zeguo-2005,zeguo-2005.knowledge_t2@absent-form-v2,d2019p
zeguo-2005,zeguo-2005.knowledge_t2@absent-form-v2,d2020p
zeguo-2005,zeguo-2005.knowledge_t2@absent-form-v2,d2021p
zeguo-2005,zeguo-2005.knowledge_t2@absent-form-v2,d2022p
zeguo-2005,zeguo-2005.knowledge_t2@absent-form-v2,d2023p
zeguo-2005,zeguo-2005.knowledge_t2@absent-form-v2,d2024p
zeguo-2005,zeguo-2005.knowledge_t2@absent-form-v2,d2025p
zeguo-2005,zeguo-2005.knowledge_t2@absent-form-v2,d2026p
zeguo-2005,zeguo-2005.knowledge_t2@absent-form-v2,d2027p
zeguo-2005,zeguo-2005.knowledge_t2@absent-form-v2,d2028p
zeguo-2005,zeguo-2005.knowledge_t2@absent-form-v2,d2029p
zeguo-2005,zeguo-2005.knowledge_t2@absent-form-v2,d2030p
zeguo-2005,zeguo-2005.knowledge_t2@absent-form-v2,d2031p
zeguo-2005,zeguo-2005.knowledge_t2@absent-form-v2,d2032p
zeguo-2005,zeguo-2005.knowledge_t2@absent-form-v2,d2033p
zeguo-2005,zeguo-2005.knowledge_t2@absent-form-v2,d2034p
zeguo-2005,zeguo-2005.knowledge_t2@absent-form-v2,d2035p
zeguo-2005,zeguo-2005.knowledge_t2@absent-form-v2,pp
zeguo-2005,zeguo-2005.knowledge_t2@absent-form-v2,preandpost
zeguo-2005,zeguo-2005.industrial_roads_t2_midpoint_imputed@v1,d2006p
zeguo-2005,zeguo-2005.industrial_roads_t2_midpoint_imputed@v1,d2007p
zeguo-2005,zeguo-2005.industrial_roads_t2_midpoint_imputed@v1,d2008p
zeguo-2005,zeguo-2005.industrial_roads_t2_midpoint_imputed@v1,d2009p
zeguo-2005,zeguo-2005.industrial_roads_t2_midpoint_imputed@v1,d2010p
zeguo-2005,zeguo-2005.industrial_roads_t2_midpoint_imputed@v1,d2011p
zeguo-2005,zeguo-2005.industrial_roads_t2_midpoint_imputed@v1,d2012p
zeguo-2005,zeguo-2005.industrial_roads_t2_midpoint_imputed@v1,d2013p
zeguo-2005,zeguo-2005.industrial_roads_t2_midpoint_imputed@v1,d2015p
zeguo-2005,zeguo-2005.industrial_roads_t2_midpoint_imputed@v1,d2016p
zeguo-2005,zeguo-2005.industrial_roads_t2_midpoint_imputed@v1,d2017p
zeguo-2005,zeguo-2005.industrial_roads_t2_midpoint_imputed@v1,d2018p
zeguo-2005,zeguo-2005.industrial_roads_t2_midpoint_imputed@v1,d2019p
zeguo-2005,zeguo-2005.industrial_roads_t2_midpoint_imputed@v1,d2022p
zeguo-2005,zeguo-2005.industrial_roads_t2_midpoint_imputed@v1,d2023p
zeguo-2005,zeguo-2005.industrial_roads_t2_midpoint_imputed@v1,d2024p
zeguo-2005,zeguo-2005.industrial_roads_t2_midpoint_imputed@v1,d2025p
zeguo-2005,zeguo-2005.industrial_roads_t2_midpoint_imputed@v1,d2026p
zeguo-2005,zeguo-2005.industrial_roads_t2_midpoint_imputed@v1,d2027p
zeguo-2005,zeguo-2005.industrial_roads_t2_midpoint_imputed@v1,d2028p
zeguo-2005,zeguo-2005.industrial_roads_t2_midpoint_imputed@v1,d2029p
zeguo-2005,zeguo-2005.industrial_roads_t2_midpoint_imputed@v1,d2030p
zeguo-2005,zeguo-2005.industrial_roads_t2_midpoint_imputed@v1,d2031p
zeguo-2005,zeguo-2005.industrial_roads_t2_midpoint_imputed@v1,d2032p
zeguo-2005,zeguo-2005.industrial_roads_t2_midpoint_imputed@v1,d2033p
zeguo-2005,zeguo-2005.industrial_roads_t2_midpoint_imputed@v1,d2034p
zeguo-2005,zeguo-2005.industrial_roads_t2_midpoint_imputed@v1,d2035p
zeguo-2005,zeguo-2005.industrial_roads_t2_midpoint_imputed@v1,post_d3043
zeguo-2005,zeguo-2005.industrial_roads_t2_midpoint_imputed@v1,post_d3044
zeguo-2005,zeguo-2005.industrial_roads_t2_midpoint_imputed@v1,post_d3045
zeguo-2005,zeguo-2005.industrial_roads_t2_midpoint_imputed@v1,post_d3046
zeguo-2005,zeguo-2005.industrial_roads_t2_midpoint_imputed@v1,pp
zeguo-2005,zeguo-2005.industrial_roads_t2_midpoint_imputed@v1,preandpost
zeguo-2005,zeguo-2005.village_roads_t2_midpoint_imputed@v1,d2006p
zeguo-2005,zeguo-2005.village_roads_t2_midpoint_imputed@v1,d2008p
zeguo-2005,zeguo-2005.village_roads_t2_midpoint_imputed@v1,d2009p
zeguo-2005,zeguo-2005.village_roads_t2_midpoint_imputed@v1,d2012p
zeguo-2005,zeguo-2005.village_roads_t2_midpoint_imputed@v1,d2013p
zeguo-2005,zeguo-2005.village_roads_t2_midpoint_imputed@v1,d2014p
zeguo-2005,zeguo-2005.village_roads_t2_midpoint_imputed@v1,d2015p
zeguo-2005,zeguo-2005.village_roads_t2_midpoint_imputed@v1,d2016p
zeguo-2005,zeguo-2005.village_roads_t2_midpoint_imputed@v1,d2017p
zeguo-2005,zeguo-2005.village_roads_t2_midpoint_imputed@v1,d2018p
zeguo-2005,zeguo-2005.village_roads_t2_midpoint_imputed@v1,d2019p
zeguo-2005,zeguo-2005.village_roads_t2_midpoint_imputed@v1,d2020p
zeguo-2005,zeguo-2005.village_roads_t2_midpoint_imputed@v1,d2021p
zeguo-2005,zeguo-2005.village_roads_t2_midpoint_imputed@v1,d2022p
zeguo-2005,zeguo-2005.village_roads_t2_midpoint_imputed@v1,d2023p
zeguo-2005,zeguo-2005.village_roads_t2_midpoint_imputed@v1,d2024p
zeguo-2005,zeguo-2005.village_roads_t2_midpoint_imputed@v1,d2025p
zeguo-2005,zeguo-2005.village_roads_t2_midpoint_imputed@v1,d2026p
zeguo-2005,zeguo-2005.village_roads_t2_midpoint_imputed@v1,d2027p
zeguo-2005,zeguo-2005.village_roads_t2_midpoint_imputed@v1,d2028p
zeguo-2005,zeguo-2005.village_roads_t2_midpoint_imputed@v1,d2029p
zeguo-2005,zeguo-2005.village_roads_t2_midpoint_imputed@v1,d2030p
zeguo-2005,zeguo-2005.village_roads_t2_midpoint_imputed@v1,d2031p
zeguo-2005,zeguo-2005.village_roads_t2_midpoint_imputed@v1,d2032p
zeguo-2005,zeguo-2005.village_roads_t2_midpoint_imputed@v1,d2033p
zeguo-2005,zeguo-2005.village_roads_t2_midpoint_imputed@v1,d2034p
zeguo-2005,zeguo-2005.village_roads_t2_midpoint_imputed@v1,d2035p
zeguo-2005,zeguo-2005.village_roads_t2_midpoint_imputed@v1,post_d3043
zeguo-2005,zeguo-2005.village_roads_t2_midpoint_imputed@v1,post_d3044
zeguo-2005,zeguo-2005.village_roads_t2_midpoint_imputed@v1,post_d3045
zeguo-2005,zeguo-2005.village_roads_t2_midpoint_imputed@v1,post_d3046
zeguo-2005,zeguo-2005.village_roads_t2_midpoint_imputed@v1,pp
zeguo-2005,zeguo-2005.village_roads_t2_midpoint_imputed@v1,preandpost
zeguo-2005,zeguo-2005.main_roads_t2_midpoint_imputed@v1,d2006p
zeguo-2005,zeguo-2005.main_roads_t2_midpoint_imputed@v1,d2007p
zeguo-2005,zeguo-2005.main_roads_t2_midpoint_imputed@v1,d2008p
zeguo-2005,zeguo-2005.main_roads_t2_midpoint_imputed@v1,d2009p
zeguo-2005,zeguo-2005.main_roads_t2_midpoint_imputed@v1,d2010p
zeguo-2005,zeguo-2005.main_roads_t2_midpoint_imputed@v1,d2011p
zeguo-2005,zeguo-2005.main_roads_t2_midpoint_imputed@v1,d2012p
zeguo-2005,zeguo-2005.main_roads_t2_midpoint_imputed@v1,d2013p
zeguo-2005,zeguo-2005.main_roads_t2_midpoint_imputed@v1,d2014p
zeguo-2005,zeguo-2005.main_roads_t2_midpoint_imputed@v1,d2020p
zeguo-2005,zeguo-2005.main_roads_t2_midpoint_imputed@v1,d2021p
zeguo-2005,zeguo-2005.main_roads_t2_midpoint_imputed@v1,d2023p
zeguo-2005,zeguo-2005.main_roads_t2_midpoint_imputed@v1,d2024p
zeguo-2005,zeguo-2005.main_roads_t2_midpoint_imputed@v1,d2025p
zeguo-2005,zeguo-2005.main_roads_t2_midpoint_imputed@v1,d2026p
zeguo-2005,zeguo-2005.main_roads_t2_midpoint_imputed@v1,d2027p
zeguo-2005,zeguo-2005.main_roads_t2_midpoint_imputed@v1,d2028p
zeguo-2005,zeguo-2005.main_roads_t2_midpoint_imputed@v1,d2029p
zeguo-2005,zeguo-2005.main_roads_t2_midpoint_imputed@v1,d2030p
zeguo-2005,zeguo-2005.main_roads_t2_midpoint_imputed@v1,d2031p
zeguo-2005,zeguo-2005.main_roads_t2_midpoint_imputed@v1,d2032p
zeguo-2005,zeguo-2005.main_roads_t2_midpoint_imputed@v1,d2033p
zeguo-2005,zeguo-2005.main_roads_t2_midpoint_imputed@v1,d2034p
zeguo-2005,zeguo-2005.main_roads_t2_midpoint_imputed@v1,d2035p
zeguo-2005,zeguo-2005.main_roads_t2_midpoint_imputed@v1,post_d3043
zeguo-2005,zeguo-2005.main_roads_t2_midpoint_imputed@v1,post_d3044
zeguo-2005,zeguo-2005.main_roads_t2_midpoint_imputed@v1,post_d3045
zeguo-2005,zeguo-2005.main_roads_t2_midpoint_imputed@v1,post_d3046
zeguo-2005,zeguo-2005.main_roads_t2_midpoint_imputed@v1,pp
zeguo-2005,zeguo-2005.main_roads_t2_midpoint_imputed@v1,preandpost
zeguo-2005,zeguo-2005.commercial_roads_t2_midpoint_imputed@v1,d2006p
zeguo-2005,zeguo-2005.commercial_roads_t2_midpoint_imputed@v1,d2007p
zeguo-2005,zeguo-2005.commercial_roads_t2_midpoint_imputed@v1,d2008p
zeguo-2005,zeguo-2005.commercial_roads_t2_midpoint_imputed@v1,d2009p
zeguo-2005,zeguo-2005.commercial_roads_t2_midpoint_imputed@v1,d2010p
zeguo-2005,zeguo-2005.commercial_roads_t2_midpoint_imputed@v1,d2011p
zeguo-2005,zeguo-2005.commercial_roads_t2_midpoint_imputed@v1,d2014p
zeguo-2005,zeguo-2005.commercial_roads_t2_midpoint_imputed@v1,d2015p
zeguo-2005,zeguo-2005.commercial_roads_t2_midpoint_imputed@v1,d2016p
zeguo-2005,zeguo-2005.commercial_roads_t2_midpoint_imputed@v1,d2017p
zeguo-2005,zeguo-2005.commercial_roads_t2_midpoint_imputed@v1,d2018p
zeguo-2005,zeguo-2005.commercial_roads_t2_midpoint_imputed@v1,d2019p
zeguo-2005,zeguo-2005.commercial_roads_t2_midpoint_imputed@v1,d2020p
zeguo-2005,zeguo-2005.commercial_roads_t2_midpoint_imputed@v1,d2021p
zeguo-2005,zeguo-2005.commercial_roads_t2_midpoint_imputed@v1,d2022p
zeguo-2005,zeguo-2005.commercial_roads_t2_midpoint_imputed@v1,d2023p
zeguo-2005,zeguo-2005.commercial_roads_t2_midpoint_imputed@v1,d2024p
zeguo-2005,zeguo-2005.commercial_roads_t2_midpoint_imputed@v1,d2025p
zeguo-2005,zeguo-2005.commercial_roads_t2_midpoint_imputed@v1,d2026p
zeguo-2005,zeguo-2005.commercial_roads_t2_midpoint_imputed@v1,d2027p
zeguo-2005,zeguo-2005.commercial_roads_t2_midpoint_imputed@v1,d2028p
zeguo-2005,zeguo-2005.commercial_roads_t2_midpoint_imputed@v1,d2029p
zeguo-2005,zeguo-2005.commercial_roads_t2_midpoint_imputed@v1,d2030p
zeguo-2005,zeguo-2005.commercial_roads_t2_midpoint_imputed@v1,d2031p
zeguo-2005,zeguo-2005.commercial_roads_t2_midpoint_imputed@v1,d2032p
zeguo-2005,zeguo-2005.commercial_roads_t2_midpoint_imputed@v1,d2033p
zeguo-2005,zeguo-2005.commercial_roads_t2_midpoint_imputed@v1,d2034p
zeguo-2005,zeguo-2005.commercial_roads_t2_midpoint_imputed@v1,d2035p
zeguo-2005,zeguo-2005.commercial_roads_t2_midpoint_imputed@v1,post_d3043
zeguo-2005,zeguo-2005.commercial_roads_t2_midpoint_imputed@v1,post_d3044
zeguo-2005,zeguo-2005.commercial_roads_t2_midpoint_imputed@v1,post_d3045
zeguo-2005,zeguo-2005.commercial_roads_t2_midpoint_imputed@v1,post_d3046
zeguo-2005,zeguo-2005.commercial_roads_t2_midpoint_imputed@v1,pp
zeguo-2005,zeguo-2005.commercial_roads_t2_midpoint_imputed@v1,preandpost
zeguo-2005,zeguo-2005.wenchang_main_avenue_t2_midpoint_imputed@v1,d2007p
zeguo-2005,zeguo-2005.wenchang_main_avenue_t2_midpoint_imputed@v1,d2008p
zeguo-2005,zeguo-2005.wenchang_main_avenue_t2_midpoint_imputed@v1,d2009p
zeguo-2005,zeguo-2005.wenchang_main_avenue_t2_midpoint_imputed@v1,d2010p
zeguo-2005,zeguo-2005.wenchang_main_avenue_t2_midpoint_imputed@v1,d2011p
zeguo-2005,zeguo-2005.wenchang_main_avenue_t2_midpoint_imputed@v1,d2012p
zeguo-2005,zeguo-2005.wenchang_main_avenue_t2_midpoint_imputed@v1,d2013p
zeguo-2005,zeguo-2005.wenchang_main_avenue_t2_midpoint_imputed@v1,d2014p
zeguo-2005,zeguo-2005.wenchang_main_avenue_t2_midpoint_imputed@v1,d2015p
zeguo-2005,zeguo-2005.wenchang_main_avenue_t2_midpoint_imputed@v1,d2016p
zeguo-2005,zeguo-2005.wenchang_main_avenue_t2_midpoint_imputed@v1,d2017p
zeguo-2005,zeguo-2005.wenchang_main_avenue_t2_midpoint_imputed@v1,d2018p
zeguo-2005,zeguo-2005.wenchang_main_avenue_t2_midpoint_imputed@v1,d2019p
zeguo-2005,zeguo-2005.wenchang_main_avenue_t2_midpoint_imputed@v1,d2020p
zeguo-2005,zeguo-2005.wenchang_main_avenue_t2_midpoint_imputed@v1,d2021p
zeguo-2005,zeguo-2005.wenchang_main_avenue_t2_midpoint_imputed@v1,d2022p
zeguo-2005,zeguo-2005.wenchang_main_avenue_t2_midpoint_imputed@v1,d2023p
zeguo-2005,zeguo-2005.wenchang_main_avenue_t2_midpoint_imputed@v1,d2024p
zeguo-2005,zeguo-2005.wenchang_main_avenue_t2_midpoint_imputed@v1,d2025p
zeguo-2005,zeguo-2005.wenchang_main_avenue_t2_midpoint_imputed@v1,d2026p
zeguo-2005,zeguo-2005.wenchang_main_avenue_t2_midpoint_imputed@v1,d2027p
zeguo-2005,zeguo-2005.wenchang_main_avenue_t2_midpoint_imputed@v1,d2028p
zeguo-2005,zeguo-2005.wenchang_main_avenue_t2_midpoint_imputed@v1,d2029p
zeguo-2005,zeguo-2005.wenchang_main_avenue_t2_midpoint_imputed@v1,d2030p
zeguo-2005,zeguo-2005.wenchang_main_avenue_t2_midpoint_imputed@v1,d2031p
zeguo-2005,zeguo-2005.wenchang_main_avenue_t2_midpoint_imputed@v1,d2032p
zeguo-2005,zeguo-2005.wenchang_main_avenue_t2_midpoint_imputed@v1,d2033p
zeguo-2005,zeguo-2005.wenchang_main_avenue_t2_midpoint_imputed@v1,d2034p
zeguo-2005,zeguo-2005.wenchang_main_avenue_t2_midpoint_imputed@v1,d2035p
zeguo-2005,zeguo-2005.wenchang_main_avenue_t2_midpoint_imputed@v1,post_d3043
zeguo-2005,zeguo-2005.wenchang_main_avenue_t2_midpoint_imputed@v1,post_d3044
zeguo-2005,zeguo-2005.wenchang_main_avenue_t2_midpoint_imputed@v1,post_d3045
zeguo-2005,zeguo-2005.wenchang_main_avenue_t2_midpoint_imputed@v1,post_d3046
zeguo-2005,zeguo-2005.wenchang_main_avenue_t2_midpoint_imputed@v1,pp
zeguo-2005,zeguo-2005.wenchang_main_avenue_t2_midpoint_imputed@v1,preandpost
zeguo-2005,zeguo-2005.other_parks_t2_midpoint_imputed@v1,d2006p
zeguo-2005,zeguo-2005.other_parks_t2_midpoint_imputed@v1,d2007p
zeguo-2005,zeguo-2005.other_parks_t2_midpoint_imputed@v1,d2008p
zeguo-2005,zeguo-2005.other_parks_t2_midpoint_imputed@v1,d2009p
zeguo-2005,zeguo-2005.other_parks_t2_midpoint_imputed@v1,d2010p
zeguo-2005,zeguo-2005.other_parks_t2_midpoint_imputed@v1,d2011p
zeguo-2005,zeguo-2005.other_parks_t2_midpoint_imputed@v1,d2012p
zeguo-2005,zeguo-2005.other_parks_t2_midpoint_imputed@v1,d2013p
zeguo-2005,zeguo-2005.other_parks_t2_midpoint_imputed@v1,d2014p
zeguo-2005,zeguo-2005.other_parks_t2_midpoint_imputed@v1,d2015p
zeguo-2005,zeguo-2005.other_parks_t2_midpoint_imputed@v1,d2016p
zeguo-2005,zeguo-2005.other_parks_t2_midpoint_imputed@v1,d2017p
zeguo-2005,zeguo-2005.other_parks_t2_midpoint_imputed@v1,d2018p
zeguo-2005,zeguo-2005.other_parks_t2_midpoint_imputed@v1,d2019p
zeguo-2005,zeguo-2005.other_parks_t2_midpoint_imputed@v1,d2020p
zeguo-2005,zeguo-2005.other_parks_t2_midpoint_imputed@v1,d2021p
zeguo-2005,zeguo-2005.other_parks_t2_midpoint_imputed@v1,d2022p
zeguo-2005,zeguo-2005.other_parks_t2_midpoint_imputed@v1,d2023p
zeguo-2005,zeguo-2005.other_parks_t2_midpoint_imputed@v1,d2025p
zeguo-2005,zeguo-2005.other_parks_t2_midpoint_imputed@v1,d2026p
zeguo-2005,zeguo-2005.other_parks_t2_midpoint_imputed@v1,d2027p
zeguo-2005,zeguo-2005.other_parks_t2_midpoint_imputed@v1,d2030p
zeguo-2005,zeguo-2005.other_parks_t2_midpoint_imputed@v1,d2031p
zeguo-2005,zeguo-2005.other_parks_t2_midpoint_imputed@v1,d2032p
zeguo-2005,zeguo-2005.other_parks_t2_midpoint_imputed@v1,d2033p
zeguo-2005,zeguo-2005.other_parks_t2_midpoint_imputed@v1,d2034p
zeguo-2005,zeguo-2005.other_parks_t2_midpoint_imputed@v1,d2035p
zeguo-2005,zeguo-2005.other_parks_t2_midpoint_imputed@v1,post_d3043
zeguo-2005,zeguo-2005.other_parks_t2_midpoint_imputed@v1,post_d3044
zeguo-2005,zeguo-2005.other_parks_t2_midpoint_imputed@v1,post_d3045
zeguo-2005,zeguo-2005.other_parks_t2_midpoint_imputed@v1,post_d3046
zeguo-2005,zeguo-2005.other_parks_t2_midpoint_imputed@v1,pp
zeguo-2005,zeguo-2005.other_parks_t2_midpoint_imputed@v1,preandpost
zeguo-2005,zeguo-2005.township_image_t2_midpoint_imputed@v1,d2006p
zeguo-2005,zeguo-2005.township_image_t2_midpoint_imputed@v1,d2007p
zeguo-2005,zeguo-2005.township_image_t2_midpoint_imputed@v1,d2008p
zeguo-2005,zeguo-2005.township_image_t2_midpoint_imputed@v1,d2009p
zeguo-2005,zeguo-2005.township_image_t2_midpoint_imputed@v1,d2010p
zeguo-2005,zeguo-2005.township_image_t2_midpoint_imputed@v1,d2011p
zeguo-2005,zeguo-2005.township_image_t2_midpoint_imputed@v1,d2012p
zeguo-2005,zeguo-2005.township_image_t2_midpoint_imputed@v1,d2013p
zeguo-2005,zeguo-2005.township_image_t2_midpoint_imputed@v1,d2014p
zeguo-2005,zeguo-2005.township_image_t2_midpoint_imputed@v1,d2015p
zeguo-2005,zeguo-2005.township_image_t2_midpoint_imputed@v1,d2016p
zeguo-2005,zeguo-2005.township_image_t2_midpoint_imputed@v1,d2017p
zeguo-2005,zeguo-2005.township_image_t2_midpoint_imputed@v1,d2018p
zeguo-2005,zeguo-2005.township_image_t2_midpoint_imputed@v1,d2019p
zeguo-2005,zeguo-2005.township_image_t2_midpoint_imputed@v1,d2020p
zeguo-2005,zeguo-2005.township_image_t2_midpoint_imputed@v1,d2021p
zeguo-2005,zeguo-2005.township_image_t2_midpoint_imputed@v1,d2022p
zeguo-2005,zeguo-2005.township_image_t2_midpoint_imputed@v1,d2023p
zeguo-2005,zeguo-2005.township_image_t2_midpoint_imputed@v1,d2024p
zeguo-2005,zeguo-2005.township_image_t2_midpoint_imputed@v1,d2026p
zeguo-2005,zeguo-2005.township_image_t2_midpoint_imputed@v1,d2027p
zeguo-2005,zeguo-2005.township_image_t2_midpoint_imputed@v1,d2028p
zeguo-2005,zeguo-2005.township_image_t2_midpoint_imputed@v1,d2029p
zeguo-2005,zeguo-2005.township_image_t2_midpoint_imputed@v1,d2030p
zeguo-2005,zeguo-2005.township_image_t2_midpoint_imputed@v1,d2032p
zeguo-2005,zeguo-2005.township_image_t2_midpoint_imputed@v1,d2033p
zeguo-2005,zeguo-2005.township_image_t2_midpoint_imputed@v1,d2034p
zeguo-2005,zeguo-2005.township_image_t2_midpoint_imputed@v1,d2035p
zeguo-2005,zeguo-2005.township_image_t2_midpoint_imputed@v1,post_d3043
zeguo-2005,zeguo-2005.township_image_t2_midpoint_imputed@v1,post_d3044
zeguo-2005,zeguo-2005.township_image_t2_midpoint_imputed@v1,post_d3045
zeguo-2005,zeguo-2005.township_image_t2_midpoint_imputed@v1,post_d3046
zeguo-2005,zeguo-2005.township_image_t2_midpoint_imputed@v1,pp
zeguo-2005,zeguo-2005.township_image_t2_midpoint_imputed@v1,preandpost
zeguo-2005,zeguo-2005.cultural_heritage_t2_midpoint_imputed@v1,d2006p
zeguo-2005,zeguo-2005.cultural_heritage_t2_midpoint_imputed@v1,d2007p
zeguo-2005,zeguo-2005.cultural_heritage_t2_midpoint_imputed@v1,d2008p
zeguo-2005,zeguo-2005.cultural_heritage_t2_midpoint_imputed@v1,d2009p
zeguo-2005,zeguo-2005.cultural_heritage_t2_midpoint_imputed@v1,d2010p
zeguo-2005,zeguo-2005.cultural_heritage_t2_midpoint_imputed@v1,d2011p
zeguo-2005,zeguo-2005.cultural_heritage_t2_midpoint_imputed@v1,d2012p
zeguo-2005,zeguo-2005.cultural_heritage_t2_midpoint_imputed@v1,d2013p
zeguo-2005,zeguo-2005.cultural_heritage_t2_midpoint_imputed@v1,d2014p
zeguo-2005,zeguo-2005.cultural_heritage_t2_midpoint_imputed@v1,d2015p
zeguo-2005,zeguo-2005.cultural_heritage_t2_midpoint_imputed@v1,d2016p
zeguo-2005,zeguo-2005.cultural_heritage_t2_midpoint_imputed@v1,d2017p
zeguo-2005,zeguo-2005.cultural_heritage_t2_midpoint_imputed@v1,d2018p
zeguo-2005,zeguo-2005.cultural_heritage_t2_midpoint_imputed@v1,d2019p
zeguo-2005,zeguo-2005.cultural_heritage_t2_midpoint_imputed@v1,d2020p
zeguo-2005,zeguo-2005.cultural_heritage_t2_midpoint_imputed@v1,d2021p
zeguo-2005,zeguo-2005.cultural_heritage_t2_midpoint_imputed@v1,d2022p
zeguo-2005,zeguo-2005.cultural_heritage_t2_midpoint_imputed@v1,d2023p
zeguo-2005,zeguo-2005.cultural_heritage_t2_midpoint_imputed@v1,d2024p
zeguo-2005,zeguo-2005.cultural_heritage_t2_midpoint_imputed@v1,d2026p
zeguo-2005,zeguo-2005.cultural_heritage_t2_midpoint_imputed@v1,d2027p
zeguo-2005,zeguo-2005.cultural_heritage_t2_midpoint_imputed@v1,d2028p
zeguo-2005,zeguo-2005.cultural_heritage_t2_midpoint_imputed@v1,d2029p
zeguo-2005,zeguo-2005.cultural_heritage_t2_midpoint_imputed@v1,d2030p
zeguo-2005,zeguo-2005.cultural_heritage_t2_midpoint_imputed@v1,d2031p
zeguo-2005,zeguo-2005.cultural_heritage_t2_midpoint_imputed@v1,d2033p
zeguo-2005,zeguo-2005.cultural_heritage_t2_midpoint_imputed@v1,d2034p
zeguo-2005,zeguo-2005.cultural_heritage_t2_midpoint_imputed@v1,d2035p
zeguo-2005,zeguo-2005.cultural_heritage_t2_midpoint_imputed@v1,post_d3043
zeguo-2005,zeguo-2005.cultural_heritage_t2_midpoint_imputed@v1,post_d3044
zeguo-2005,zeguo-2005.cultural_heritage_t2_midpoint_imputed@v1,post_d3045
zeguo-2005,zeguo-2005.cultural_heritage_t2_midpoint_imputed@v1,post_d3046
zeguo-2005,zeguo-2005.cultural_heritage_t2_midpoint_imputed@v1,pp
zeguo-2005,zeguo-2005.cultural_heritage_t2_midpoint_imputed@v1,preandpost
zeguo-2005,zeguo-2005.sewage_t2_midpoint_imputed@v1,d2006p
zeguo-2005,zeguo-2005.sewage_t2_midpoint_imputed@v1,d2007p
zeguo-2005,zeguo-2005.sewage_t2_midpoint_imputed@v1,d2008p
zeguo-2005,zeguo-2005.sewage_t2_midpoint_imputed@v1,d2009p
zeguo-2005,zeguo-2005.sewage_t2_midpoint_imputed@v1,d2010p
zeguo-2005,zeguo-2005.sewage_t2_midpoint_imputed@v1,d2011p
zeguo-2005,zeguo-2005.sewage_t2_midpoint_imputed@v1,d2012p
zeguo-2005,zeguo-2005.sewage_t2_midpoint_imputed@v1,d2013p
zeguo-2005,zeguo-2005.sewage_t2_midpoint_imputed@v1,d2014p
zeguo-2005,zeguo-2005.sewage_t2_midpoint_imputed@v1,d2015p
zeguo-2005,zeguo-2005.sewage_t2_midpoint_imputed@v1,d2016p
zeguo-2005,zeguo-2005.sewage_t2_midpoint_imputed@v1,d2017p
zeguo-2005,zeguo-2005.sewage_t2_midpoint_imputed@v1,d2018p
zeguo-2005,zeguo-2005.sewage_t2_midpoint_imputed@v1,d2019p
zeguo-2005,zeguo-2005.sewage_t2_midpoint_imputed@v1,d2020p
zeguo-2005,zeguo-2005.sewage_t2_midpoint_imputed@v1,d2021p
zeguo-2005,zeguo-2005.sewage_t2_midpoint_imputed@v1,d2022p
zeguo-2005,zeguo-2005.sewage_t2_midpoint_imputed@v1,d2023p
zeguo-2005,zeguo-2005.sewage_t2_midpoint_imputed@v1,d2024p
zeguo-2005,zeguo-2005.sewage_t2_midpoint_imputed@v1,d2025p
zeguo-2005,zeguo-2005.sewage_t2_midpoint_imputed@v1,d2026p
zeguo-2005,zeguo-2005.sewage_t2_midpoint_imputed@v1,d2027p
zeguo-2005,zeguo-2005.sewage_t2_midpoint_imputed@v1,d2028p
zeguo-2005,zeguo-2005.sewage_t2_midpoint_imputed@v1,d2029p
zeguo-2005,zeguo-2005.sewage_t2_midpoint_imputed@v1,d2031p
zeguo-2005,zeguo-2005.sewage_t2_midpoint_imputed@v1,d2032p
zeguo-2005,zeguo-2005.sewage_t2_midpoint_imputed@v1,post_d3043
zeguo-2005,zeguo-2005.sewage_t2_midpoint_imputed@v1,post_d3044
zeguo-2005,zeguo-2005.sewage_t2_midpoint_imputed@v1,post_d3045
zeguo-2005,zeguo-2005.sewage_t2_midpoint_imputed@v1,post_d3046
zeguo-2005,zeguo-2005.sewage_t2_midpoint_imputed@v1,pp
zeguo-2005,zeguo-2005.sewage_t2_midpoint_imputed@v1,preandpost
zeguo-2005,zeguo-2005.township_image_public_works_t2@v1,d2006p
zeguo-2005,zeguo-2005.township_image_public_works_t2@v1,d2007p
zeguo-2005,zeguo-2005.township_image_public_works_t2@v1,d2010p
zeguo-2005,zeguo-2005.township_image_public_works_t2@v1,d2011p
zeguo-2005,zeguo-2005.township_image_public_works_t2@v1,d2012p
zeguo-2005,zeguo-2005.township_image_public_works_t2@v1,d2013p
zeguo-2005,zeguo-2005.township_image_public_works_t2@v1,d2014p
zeguo-2005,zeguo-2005.township_image_public_works_t2@v1,d2015p
zeguo-2005,zeguo-2005.township_image_public_works_t2@v1,d2016p
zeguo-2005,zeguo-2005.township_image_public_works_t2@v1,d2017p
zeguo-2005,zeguo-2005.township_image_public_works_t2@v1,d2018p
zeguo-2005,zeguo-2005.township_image_public_works_t2@v1,d2019p
zeguo-2005,zeguo-2005.township_image_public_works_t2@v1,d2020p
zeguo-2005,zeguo-2005.township_image_public_works_t2@v1,d2021p
zeguo-2005,zeguo-2005.township_image_public_works_t2@v1,d2022p
zeguo-2005,zeguo-2005.township_image_public_works_t2@v1,d2023p
zeguo-2005,zeguo-2005.township_image_public_works_t2@v1,d2024p
zeguo-2005,zeguo-2005.township_image_public_works_t2@v1,d2026p
zeguo-2005,zeguo-2005.township_image_public_works_t2@v1,d2028p
zeguo-2005,zeguo-2005.township_image_public_works_t2@v1,d2029p
zeguo-2005,zeguo-2005.township_image_public_works_t2@v1,d2030p
zeguo-2005,zeguo-2005.township_image_public_works_t2@v1,d2031p
zeguo-2005,zeguo-2005.township_image_public_works_t2@v1,d2032p
zeguo-2005,zeguo-2005.township_image_public_works_t2@v1,d2033p
zeguo-2005,zeguo-2005.township_image_public_works_t2@v1,d2034p
zeguo-2005,zeguo-2005.township_image_public_works_t2@v1,d2035p
zeguo-2005,zeguo-2005.township_image_public_works_t2@v1,post_d3043
zeguo-2005,zeguo-2005.township_image_public_works_t2@v1,post_d3044
zeguo-2005,zeguo-2005.township_image_public_works_t2@v1,post_d3045
zeguo-2005,zeguo-2005.township_image_public_works_t2@v1,post_d3046
zeguo-2005,zeguo-2005.township_image_public_works_t2@v1,pp
zeguo-2005,zeguo-2005.township_image_public_works_t2@v1,preandpost
zeguo-2005,zeguo-2005.township_image_public_works_t2_midpoint_imputed@v1,d2006p
zeguo-2005,zeguo-2005.township_image_public_works_t2_midpoint_imputed@v1,d2007p
zeguo-2005,zeguo-2005.township_image_public_works_t2_midpoint_imputed@v1,d2010p
zeguo-2005,zeguo-2005.township_image_public_works_t2_midpoint_imputed@v1,d2011p
zeguo-2005,zeguo-2005.township_image_public_works_t2_midpoint_imputed@v1,d2012p
zeguo-2005,zeguo-2005.township_image_public_works_t2_midpoint_imputed@v1,d2013p
zeguo-2005,zeguo-2005.township_image_public_works_t2_midpoint_imputed@v1,d2014p
zeguo-2005,zeguo-2005.township_image_public_works_t2_midpoint_imputed@v1,d2015p
zeguo-2005,zeguo-2005.township_image_public_works_t2_midpoint_imputed@v1,d2016p
zeguo-2005,zeguo-2005.township_image_public_works_t2_midpoint_imputed@v1,d2017p
zeguo-2005,zeguo-2005.township_image_public_works_t2_midpoint_imputed@v1,d2018p
zeguo-2005,zeguo-2005.township_image_public_works_t2_midpoint_imputed@v1,d2019p
zeguo-2005,zeguo-2005.township_image_public_works_t2_midpoint_imputed@v1,d2020p
zeguo-2005,zeguo-2005.township_image_public_works_t2_midpoint_imputed@v1,d2021p
zeguo-2005,zeguo-2005.township_image_public_works_t2_midpoint_imputed@v1,d2022p
zeguo-2005,zeguo-2005.township_image_public_works_t2_midpoint_imputed@v1,d2023p
zeguo-2005,zeguo-2005.township_image_public_works_t2_midpoint_imputed@v1,d2024p
zeguo-2005,zeguo-2005.township_image_public_works_t2_midpoint_imputed@v1,d2026p
zeguo-2005,zeguo-2005.township_image_public_works_t2_midpoint_imputed@v1,d2028p
zeguo-2005,zeguo-2005.township_image_public_works_t2_midpoint_imputed@v1,d2029p
zeguo-2005,zeguo-2005.township_image_public_works_t2_midpoint_imputed@v1,d2030p
zeguo-2005,zeguo-2005.township_image_public_works_t2_midpoint_imputed@v1,d2031p
zeguo-2005,zeguo-2005.township_image_public_works_t2_midpoint_imputed@v1,d2032p
zeguo-2005,zeguo-2005.township_image_public_works_t2_midpoint_imputed@v1,d2033p
zeguo-2005,zeguo-2005.township_image_public_works_t2_midpoint_imputed@v1,d2034p
zeguo-2005,zeguo-2005.township_image_public_works_t2_midpoint_imputed@v1,d2035p
zeguo-2005,zeguo-2005.township_image_public_works_t2_midpoint_imputed@v1,post_d3043
zeguo-2005,zeguo-2005.township_image_public_works_t2_midpoint_imputed@v1,post_d3044
zeguo-2005,zeguo-2005.township_image_public_works_t2_midpoint_imputed@v1,post_d3045
zeguo-2005,zeguo-2005.township_image_public_works_t2_midpoint_imputed@v1,post_d3046
zeguo-2005,zeguo-2005.township_image_public_works_t2_midpoint_imputed@v1,pp
zeguo-2005,zeguo-2005.township_image_public_works_t2_midpoint_imputed@v1,preandpost
nic-1996,knowledge_t1@historical-v1,OCCUPAT1
nic-1996,knowledge_t1@historical-v1,HSTPOTH
nic-1996,knowledge_t1@historical-v1,SAQOTH
nic-1996,knowledge_joint@historical-v1,OCCUPAT1
nic-1996,knowledge_joint@historical-v1,HSTPOTH
nic-1996,knowledge_joint@historical-v1,SAQOTH
nic-1996,knowledge_joint_midterm@historical-v1,OCCUPAT1
nic-1996,knowledge_joint_midterm@historical-v1,HSTPOTH
nic-1996,knowledge_joint_midterm@historical-v1,SAQOTH
nic-1996,knowledge_gain@historical-v1,OCCUPAT1
nic-1996,knowledge_gain@historical-v1,HSTPOTH
nic-1996,knowledge_gain@historical-v1,SAQOTH
nic-1996,knowledge_gain_joint@historical-v1,OCCUPAT1
nic-1996,knowledge_gain_joint@historical-v1,HSTPOTH
nic-1996,knowledge_gain_joint@historical-v1,SAQOTH
nic-1996,log_knowledge_joint@historical-v1,OCCUPAT1
nic-1996,log_knowledge_joint@historical-v1,HSTPOTH
nic-1996,log_knowledge_joint@historical-v1,SAQOTH
nic-1996,high_knowledge_joint@historical-v1,OCCUPAT1
nic-1996,high_knowledge_joint@historical-v1,HSTPOTH
nic-1996,high_knowledge_joint@historical-v1,SAQOTH
uk-eu-1995,t2know@historical-v1,releu2
uk-eu-1995,t2know@historical-v1,influ2
uk-eu-1995,t2know@historical-v1,strecon2
uk-eu-1995,t2know@historical-v1,longpol2
uk-eu-1995,t2know@historical-v1,futpnd2
uk-eu-1995,t2know@historical-v1,owncurr2
uk-eu-1995,t2know@historical-v1,trabloc2
uk-eu-1995,t2know@historical-v1,getnuff2
uk-eu-1995,t2know@historical-v1,bettoff2
uk-eu-1995,t2know@historical-v1,tradit2
uk-eu-1995,t2know@historical-v1,costliv2
uk-eu-1995,t2know@historical-v1,peace2
uk-eu-1995,t2know@historical-v1,germans2
uk-eu-1995,t2know@historical-v1,leave2
uk-eu-1995,t2know@historical-v1,united2
uk-eu-1995,t2know@historical-v1,modern2
uk-eu-1995,t2know@historical-v1,control2
uk-eu-1995,t2know@historical-v1,unemp2
uk-eu-1995,t2know@historical-v1,nufinfo2
uk-eu-1995,t2know@historical-v1,refinfo2
uk-eu-1995,t2know@historical-v1,favref2
uk-eu-1995,t2know@historical-v1,voteref2
uk-eu-1995,t2know@historical-v1,howvote2
uk-eu-1995,t2know@historical-v1,taxes2
uk-eu-1995,t2know@historical-v1,pollute2
uk-eu-1995,t2know@historical-v1,defence2
uk-eu-1995,t2know@historical-v1,rights2
uk-eu-1995,t2know@historical-v1,immig2
uk-eu-1995,t2know@historical-v1,fish2
uk-eu-1995,t2know@historical-v1,work2
uk-eu-1995,t2know@historical-v1,commies2
uk-eu-1995,t2know@historical-v1,rules2
uk-eu-1995,t2know@historical-v1,jobs2
uk-eu-1995,t2know@historical-v1,unite2
uk-eu-1995,t2know@historical-v1,nomore2
uk-eu-1995,t2know@historical-v1,tootax2
uk-eu-1995,t2know@historical-v1,onlybus2
uk-eu-1995,t2know@historical-v1,mortgag2
uk-eu-1995,t2know@historical-v1,farmers2
uk-eu-1995,t2know@historical-v1,pasport2
uk-eu-1995,t2know@historical-v1,benefit2
uk-eu-1995,t2know@historical-v1,conserv2
uk-eu-1995,t2know@historical-v1,labour2
uk-eu-1995,t2know@historical-v1,libdem2
uk-eu-1995,t2know@historical-v1,dpint2
uk-eu-1995,t2know@historical-v1,learn2
uk-eu-1995,t2know@historical-v1,part
uk-eu-1995,t1knowcor@historical-v1,releu2
uk-eu-1995,t1knowcor@historical-v1,influ2
uk-eu-1995,t1knowcor@historical-v1,strecon2
uk-eu-1995,t1knowcor@historical-v1,longpol2
uk-eu-1995,t1knowcor@historical-v1,futpnd2
uk-eu-1995,t1knowcor@historical-v1,owncurr2
uk-eu-1995,t1knowcor@historical-v1,trabloc2
uk-eu-1995,t1knowcor@historical-v1,getnuff2
uk-eu-1995,t1knowcor@historical-v1,bettoff2
uk-eu-1995,t1knowcor@historical-v1,tradit2
uk-eu-1995,t1knowcor@historical-v1,costliv2
uk-eu-1995,t1knowcor@historical-v1,peace2
uk-eu-1995,t1knowcor@historical-v1,germans2
uk-eu-1995,t1knowcor@historical-v1,leave2
uk-eu-1995,t1knowcor@historical-v1,united2
uk-eu-1995,t1knowcor@historical-v1,modern2
uk-eu-1995,t1knowcor@historical-v1,control2
uk-eu-1995,t1knowcor@historical-v1,unemp2
uk-eu-1995,t1knowcor@historical-v1,nufinfo2
uk-eu-1995,t1knowcor@historical-v1,refinfo2
uk-eu-1995,t1knowcor@historical-v1,favref2
uk-eu-1995,t1knowcor@historical-v1,voteref2
uk-eu-1995,t1knowcor@historical-v1,howvote2
uk-eu-1995,t1knowcor@historical-v1,taxes2
uk-eu-1995,t1knowcor@historical-v1,pollute2
uk-eu-1995,t1knowcor@historical-v1,defence2
uk-eu-1995,t1knowcor@historical-v1,rights2
uk-eu-1995,t1knowcor@historical-v1,immig2
uk-eu-1995,t1knowcor@historical-v1,fish2
uk-eu-1995,t1knowcor@historical-v1,work2
uk-eu-1995,t1knowcor@historical-v1,commies2
uk-eu-1995,t1knowcor@historical-v1,rules2
uk-eu-1995,t1knowcor@historical-v1,jobs2
uk-eu-1995,t1knowcor@historical-v1,unite2
uk-eu-1995,t1knowcor@historical-v1,nomore2
uk-eu-1995,t1knowcor@historical-v1,tootax2
uk-eu-1995,t1knowcor@historical-v1,onlybus2
uk-eu-1995,t1knowcor@historical-v1,mortgag2
uk-eu-1995,t1knowcor@historical-v1,farmers2
uk-eu-1995,t1knowcor@historical-v1,pasport2
uk-eu-1995,t1knowcor@historical-v1,benefit2
uk-eu-1995,t1knowcor@historical-v1,conserv2
uk-eu-1995,t1knowcor@historical-v1,labour2
uk-eu-1995,t1knowcor@historical-v1,libdem2
uk-eu-1995,t1knowcor@historical-v1,dpint2
uk-eu-1995,t1knowcor@historical-v1,learn2
uk-eu-1995,t1knowcor@historical-v1,part
uk-eu-1995,knowgain@historical-v1,releu2
uk-eu-1995,knowgain@historical-v1,influ2
uk-eu-1995,knowgain@historical-v1,strecon2
uk-eu-1995,knowgain@historical-v1,longpol2
uk-eu-1995,knowgain@historical-v1,futpnd2
uk-eu-1995,knowgain@historical-v1,owncurr2
uk-eu-1995,knowgain@historical-v1,trabloc2
uk-eu-1995,knowgain@historical-v1,getnuff2
uk-eu-1995,knowgain@historical-v1,bettoff2
uk-eu-1995,knowgain@historical-v1,tradit2
uk-eu-1995,knowgain@historical-v1,costliv2
uk-eu-1995,knowgain@historical-v1,peace2
uk-eu-1995,knowgain@historical-v1,germans2
uk-eu-1995,knowgain@historical-v1,leave2
uk-eu-1995,knowgain@historical-v1,united2
uk-eu-1995,knowgain@historical-v1,modern2
uk-eu-1995,knowgain@historical-v1,control2
uk-eu-1995,knowgain@historical-v1,unemp2
uk-eu-1995,knowgain@historical-v1,nufinfo2
uk-eu-1995,knowgain@historical-v1,refinfo2
uk-eu-1995,knowgain@historical-v1,favref2
uk-eu-1995,knowgain@historical-v1,voteref2
uk-eu-1995,knowgain@historical-v1,howvote2
uk-eu-1995,knowgain@historical-v1,taxes2
uk-eu-1995,knowgain@historical-v1,pollute2
uk-eu-1995,knowgain@historical-v1,defence2
uk-eu-1995,knowgain@historical-v1,rights2
uk-eu-1995,knowgain@historical-v1,immig2
uk-eu-1995,knowgain@historical-v1,fish2
uk-eu-1995,knowgain@historical-v1,work2
uk-eu-1995,knowgain@historical-v1,commies2
uk-eu-1995,knowgain@historical-v1,rules2
uk-eu-1995,knowgain@historical-v1,jobs2
uk-eu-1995,knowgain@historical-v1,unite2
uk-eu-1995,knowgain@historical-v1,nomore2
uk-eu-1995,knowgain@historical-v1,tootax2
uk-eu-1995,knowgain@historical-v1,onlybus2
uk-eu-1995,knowgain@historical-v1,mortgag2
uk-eu-1995,knowgain@historical-v1,farmers2
uk-eu-1995,knowgain@historical-v1,pasport2
uk-eu-1995,knowgain@historical-v1,benefit2
uk-eu-1995,knowgain@historical-v1,conserv2
uk-eu-1995,knowgain@historical-v1,labour2
uk-eu-1995,knowgain@historical-v1,libdem2
uk-eu-1995,knowgain@historical-v1,dpint2
uk-eu-1995,knowgain@historical-v1,learn2
uk-eu-1995,knowgain@historical-v1,part
uk-eu-1995,knowgain2@historical-v1,releu2
uk-eu-1995,knowgain2@historical-v1,influ2
uk-eu-1995,knowgain2@historical-v1,strecon2
uk-eu-1995,knowgain2@historical-v1,longpol2
uk-eu-1995,knowgain2@historical-v1,futpnd2
uk-eu-1995,knowgain2@historical-v1,owncurr2
uk-eu-1995,knowgain2@historical-v1,trabloc2
uk-eu-1995,knowgain2@historical-v1,getnuff2
uk-eu-1995,knowgain2@historical-v1,bettoff2
uk-eu-1995,knowgain2@historical-v1,tradit2
uk-eu-1995,knowgain2@historical-v1,costliv2
uk-eu-1995,knowgain2@historical-v1,peace2
uk-eu-1995,knowgain2@historical-v1,germans2
uk-eu-1995,knowgain2@historical-v1,leave2
uk-eu-1995,knowgain2@historical-v1,united2
uk-eu-1995,knowgain2@historical-v1,modern2
uk-eu-1995,knowgain2@historical-v1,control2
uk-eu-1995,knowgain2@historical-v1,unemp2
uk-eu-1995,knowgain2@historical-v1,nufinfo2
uk-eu-1995,knowgain2@historical-v1,refinfo2
uk-eu-1995,knowgain2@historical-v1,favref2
uk-eu-1995,knowgain2@historical-v1,voteref2
uk-eu-1995,knowgain2@historical-v1,howvote2
uk-eu-1995,knowgain2@historical-v1,taxes2
uk-eu-1995,knowgain2@historical-v1,pollute2
uk-eu-1995,knowgain2@historical-v1,defence2
uk-eu-1995,knowgain2@historical-v1,rights2
uk-eu-1995,knowgain2@historical-v1,immig2
uk-eu-1995,knowgain2@historical-v1,fish2
uk-eu-1995,knowgain2@historical-v1,work2
uk-eu-1995,knowgain2@historical-v1,commies2
uk-eu-1995,knowgain2@historical-v1,rules2
uk-eu-1995,knowgain2@historical-v1,jobs2
uk-eu-1995,knowgain2@historical-v1,unite2
uk-eu-1995,knowgain2@historical-v1,nomore2
uk-eu-1995,knowgain2@historical-v1,tootax2
uk-eu-1995,knowgain2@historical-v1,onlybus2
uk-eu-1995,knowgain2@historical-v1,mortgag2
uk-eu-1995,knowgain2@historical-v1,farmers2
uk-eu-1995,knowgain2@historical-v1,pasport2
uk-eu-1995,knowgain2@historical-v1,benefit2
uk-eu-1995,knowgain2@historical-v1,conserv2
uk-eu-1995,knowgain2@historical-v1,labour2
uk-eu-1995,knowgain2@historical-v1,libdem2
uk-eu-1995,knowgain2@historical-v1,dpint2
uk-eu-1995,knowgain2@historical-v1,learn2
uk-eu-1995,knowgain2@historical-v1,part
uk-eu-1995,logpk@historical-v1,releu2
uk-eu-1995,logpk@historical-v1,influ2
uk-eu-1995,logpk@historical-v1,strecon2
uk-eu-1995,logpk@historical-v1,longpol2
uk-eu-1995,logpk@historical-v1,futpnd2
uk-eu-1995,logpk@historical-v1,owncurr2
uk-eu-1995,logpk@historical-v1,trabloc2
uk-eu-1995,logpk@historical-v1,getnuff2
uk-eu-1995,logpk@historical-v1,bettoff2
uk-eu-1995,logpk@historical-v1,tradit2
uk-eu-1995,logpk@historical-v1,costliv2
uk-eu-1995,logpk@historical-v1,peace2
uk-eu-1995,logpk@historical-v1,germans2
uk-eu-1995,logpk@historical-v1,leave2
uk-eu-1995,logpk@historical-v1,united2
uk-eu-1995,logpk@historical-v1,modern2
uk-eu-1995,logpk@historical-v1,control2
uk-eu-1995,logpk@historical-v1,unemp2
uk-eu-1995,logpk@historical-v1,nufinfo2
uk-eu-1995,logpk@historical-v1,refinfo2
uk-eu-1995,logpk@historical-v1,favref2
uk-eu-1995,logpk@historical-v1,voteref2
uk-eu-1995,logpk@historical-v1,howvote2
uk-eu-1995,logpk@historical-v1,taxes2
uk-eu-1995,logpk@historical-v1,pollute2
uk-eu-1995,logpk@historical-v1,defence2
uk-eu-1995,logpk@historical-v1,rights2
uk-eu-1995,logpk@historical-v1,immig2
uk-eu-1995,logpk@historical-v1,fish2
uk-eu-1995,logpk@historical-v1,work2
uk-eu-1995,logpk@historical-v1,commies2
uk-eu-1995,logpk@historical-v1,rules2
uk-eu-1995,logpk@historical-v1,jobs2
uk-eu-1995,logpk@historical-v1,unite2
uk-eu-1995,logpk@historical-v1,nomore2
uk-eu-1995,logpk@historical-v1,tootax2
uk-eu-1995,logpk@historical-v1,onlybus2
uk-eu-1995,logpk@historical-v1,mortgag2
uk-eu-1995,logpk@historical-v1,farmers2
uk-eu-1995,logpk@historical-v1,pasport2
uk-eu-1995,logpk@historical-v1,benefit2
uk-eu-1995,logpk@historical-v1,conserv2
uk-eu-1995,logpk@historical-v1,labour2
uk-eu-1995,logpk@historical-v1,libdem2
uk-eu-1995,logpk@historical-v1,dpint2
uk-eu-1995,logpk@historical-v1,learn2
uk-eu-1995,logpk@historical-v1,part
uk-eu-1995,tobitpk@historical-v1,releu2
uk-eu-1995,tobitpk@historical-v1,influ2
uk-eu-1995,tobitpk@historical-v1,strecon2
uk-eu-1995,tobitpk@historical-v1,longpol2
uk-eu-1995,tobitpk@historical-v1,futpnd2
uk-eu-1995,tobitpk@historical-v1,owncurr2
uk-eu-1995,tobitpk@historical-v1,trabloc2
uk-eu-1995,tobitpk@historical-v1,getnuff2
uk-eu-1995,tobitpk@historical-v1,bettoff2
uk-eu-1995,tobitpk@historical-v1,tradit2
uk-eu-1995,tobitpk@historical-v1,costliv2
uk-eu-1995,tobitpk@historical-v1,peace2
uk-eu-1995,tobitpk@historical-v1,germans2
uk-eu-1995,tobitpk@historical-v1,leave2
uk-eu-1995,tobitpk@historical-v1,united2
uk-eu-1995,tobitpk@historical-v1,modern2
uk-eu-1995,tobitpk@historical-v1,control2
uk-eu-1995,tobitpk@historical-v1,unemp2
uk-eu-1995,tobitpk@historical-v1,nufinfo2
uk-eu-1995,tobitpk@historical-v1,refinfo2
uk-eu-1995,tobitpk@historical-v1,favref2
uk-eu-1995,tobitpk@historical-v1,voteref2
uk-eu-1995,tobitpk@historical-v1,howvote2
uk-eu-1995,tobitpk@historical-v1,taxes2
uk-eu-1995,tobitpk@historical-v1,pollute2
uk-eu-1995,tobitpk@historical-v1,defence2
uk-eu-1995,tobitpk@historical-v1,rights2
uk-eu-1995,tobitpk@historical-v1,immig2
uk-eu-1995,tobitpk@historical-v1,fish2
uk-eu-1995,tobitpk@historical-v1,work2
uk-eu-1995,tobitpk@historical-v1,commies2
uk-eu-1995,tobitpk@historical-v1,rules2
uk-eu-1995,tobitpk@historical-v1,jobs2
uk-eu-1995,tobitpk@historical-v1,unite2
uk-eu-1995,tobitpk@historical-v1,nomore2
uk-eu-1995,tobitpk@historical-v1,tootax2
uk-eu-1995,tobitpk@historical-v1,onlybus2
uk-eu-1995,tobitpk@historical-v1,mortgag2
uk-eu-1995,tobitpk@historical-v1,farmers2
uk-eu-1995,tobitpk@historical-v1,pasport2
uk-eu-1995,tobitpk@historical-v1,benefit2
uk-eu-1995,tobitpk@historical-v1,conserv2
uk-eu-1995,tobitpk@historical-v1,labour2
uk-eu-1995,tobitpk@historical-v1,libdem2
uk-eu-1995,tobitpk@historical-v1,dpint2
uk-eu-1995,tobitpk@historical-v1,learn2
uk-eu-1995,tobitpk@historical-v1,part
san-mateo-2008,high_knowledge_joint@historical-v1,t2Q1
san-mateo-2008,high_knowledge_joint@historical-v1,t2Q2
san-mateo-2008,high_knowledge_joint@historical-v1,t2Q3
san-mateo-2008,high_knowledge_joint@historical-v1,t2Q4
san-mateo-2008,high_knowledge_joint@historical-v1,t2Q5
san-mateo-2008,high_knowledge_joint@historical-v1,t2Q6
san-mateo-2008,high_knowledge_joint@historical-v1,t2Q7
san-mateo-2008,high_knowledge_joint@historical-v1,t2Q8
san-mateo-2008,high_knowledge_joint@historical-v1,t2Q9
san-mateo-2008,high_knowledge_joint@historical-v1,t2Q10
san-mateo-2008,high_knowledge_joint@historical-v1,t2Q11
san-mateo-2008,high_knowledge_joint@historical-v1,t2Q12A
san-mateo-2008,high_knowledge_joint@historical-v1,t2Q12B
san-mateo-2008,high_knowledge_joint@historical-v1,t2Q12C
san-mateo-2008,high_knowledge_joint@historical-v1,t2Q12D
san-mateo-2008,high_knowledge_joint@historical-v1,t2Q12E
san-mateo-2008,high_knowledge_joint@historical-v1,t2Q12F
san-mateo-2008,high_knowledge_joint@historical-v1,t2Q12G
san-mateo-2008,high_knowledge_joint@historical-v1,t2Q12H
san-mateo-2008,high_knowledge_joint@historical-v1,t2Q13
san-mateo-2008,high_knowledge_joint@historical-v1,t2Q14
san-mateo-2008,high_knowledge_joint@historical-v1,t2Q15
san-mateo-2008,high_knowledge_joint@historical-v1,t2Q16
san-mateo-2008,high_knowledge_joint@historical-v1,t2Q17A
san-mateo-2008,high_knowledge_joint@historical-v1,t2Q17B
san-mateo-2008,high_knowledge_joint@historical-v1,t2Q17C
san-mateo-2008,high_knowledge_joint@historical-v1,t2Q17D
san-mateo-2008,high_knowledge_joint@historical-v1,t2Q17E
san-mateo-2008,high_knowledge_joint@historical-v1,t2Q17e1
san-mateo-2008,high_knowledge_joint@historical-v1,t2Q17e2
san-mateo-2008,high_knowledge_joint@historical-v1,t2Q17F
san-mateo-2008,high_knowledge_joint@historical-v1,t2Q17G
san-mateo-2008,high_knowledge_joint@historical-v1,t2Q17H
san-mateo-2008,high_knowledge_joint@historical-v1,t2Q17h1
san-mateo-2008,high_knowledge_joint@historical-v1,t2Q17h2
san-mateo-2008,high_knowledge_joint@historical-v1,t2Q17i
san-mateo-2008,high_knowledge_joint@historical-v1,t2Q17i1
san-mateo-2008,high_knowledge_joint@historical-v1,t2Q17i2
san-mateo-2008,high_knowledge_joint@historical-v1,t2Q18A
san-mateo-2008,high_knowledge_joint@historical-v1,t2Q18B
san-mateo-2008,high_knowledge_joint@historical-v1,t2Q18C
san-mateo-2008,high_knowledge_joint@historical-v1,t2Q18D
san-mateo-2008,high_knowledge_joint@historical-v1,t2Q18E
san-mateo-2008,high_knowledge_joint@historical-v1,t2Q18F
san-mateo-2008,high_knowledge_joint@historical-v1,t2Q18G
san-mateo-2008,high_knowledge_joint@historical-v1,t2Q18H
san-mateo-2008,high_knowledge_joint@historical-v1,t2Q27A
san-mateo-2008,high_knowledge_joint@historical-v1,t2Q27B
san-mateo-2008,high_knowledge_joint@historical-v1,t2Q27D
san-mateo-2008,high_knowledge_joint@historical-v1,t2Q27E
san-mateo-2008,high_knowledge_joint@historical-v1,t2q28
san-mateo-2008,high_knowledge_joint@historical-v1,t2q29
san-mateo-2008,high_knowledge_joint@historical-v1,t2q30
san-mateo-2008,high_knowledge_joint@historical-v1,t2q31a
san-mateo-2008,high_knowledge_joint@historical-v1,t2q31b
san-mateo-2008,high_knowledge_joint@historical-v1,t2q31c
san-mateo-2008,high_knowledge_joint@historical-v1,t2q31d
san-mateo-2008,high_knowledge_joint@historical-v1,t2q31e
san-mateo-2008,high_knowledge_joint@historical-v1,t2q31f
san-mateo-2008,high_knowledge_joint@historical-v1,t2q32a
san-mateo-2008,high_knowledge_joint@historical-v1,t2q32b
san-mateo-2008,high_knowledge_joint@historical-v1,t2q32c
san-mateo-2008,high_knowledge_joint@historical-v1,t2q32d
san-mateo-2008,high_knowledge_joint@historical-v1,t2q32e
san-mateo-2008,high_knowledge_joint@historical-v1,t2q33
san-mateo-2008,high_knowledge_joint@historical-v1,t2q34
san-mateo-2008,high_knowledge_joint@historical-v1,t2q35a
san-mateo-2008,high_knowledge_joint@historical-v1,t2q35b
san-mateo-2008,high_knowledge_joint@historical-v1,t2q35c
san-mateo-2008,high_knowledge_joint@historical-v1,t2q35d
san-mateo-2008,high_knowledge_joint@historical-v1,t2q36a
san-mateo-2008,high_knowledge_joint@historical-v1,t2q36b
san-mateo-2008,high_knowledge_joint@historical-v1,t2q36c
san-mateo-2008,high_knowledge_joint@historical-v1,t2q36d
san-mateo-2008,high_knowledge_joint@historical-v1,t2q36e
san-mateo-2008,high_knowledge_joint@historical-v1,t2q36f
san-mateo-2008,high_knowledge_joint@historical-v1,t2q37
san-mateo-2008,high_knowledge_joint@historical-v1,t2q38
san-mateo-2008,high_knowledge_joint@historical-v1,t2q39
san-mateo-2008,high_knowledge_joint@historical-v1,t2q40
san-mateo-2008,high_knowledge_joint@historical-v1,t2q41
san-mateo-2008,high_knowledge_joint@historical-v1,t2q42
san-mateo-2008,high_knowledge_joint@historical-v1,participant
san-mateo-2008,high_knowledge_joint@historical-v1,t2QSTGRP
san-mateo-2008,knowledge_gain@historical-v1,t2Q1
san-mateo-2008,knowledge_gain@historical-v1,t2Q2
san-mateo-2008,knowledge_gain@historical-v1,t2Q3
san-mateo-2008,knowledge_gain@historical-v1,t2Q4
san-mateo-2008,knowledge_gain@historical-v1,t2Q5
san-mateo-2008,knowledge_gain@historical-v1,t2Q6
san-mateo-2008,knowledge_gain@historical-v1,t2Q7
san-mateo-2008,knowledge_gain@historical-v1,t2Q8
san-mateo-2008,knowledge_gain@historical-v1,t2Q9
san-mateo-2008,knowledge_gain@historical-v1,t2Q10
san-mateo-2008,knowledge_gain@historical-v1,t2Q11
san-mateo-2008,knowledge_gain@historical-v1,t2Q12A
san-mateo-2008,knowledge_gain@historical-v1,t2Q12B
san-mateo-2008,knowledge_gain@historical-v1,t2Q12C
san-mateo-2008,knowledge_gain@historical-v1,t2Q12D
san-mateo-2008,knowledge_gain@historical-v1,t2Q12E
san-mateo-2008,knowledge_gain@historical-v1,t2Q12F
san-mateo-2008,knowledge_gain@historical-v1,t2Q12G
san-mateo-2008,knowledge_gain@historical-v1,t2Q12H
san-mateo-2008,knowledge_gain@historical-v1,t2Q13
san-mateo-2008,knowledge_gain@historical-v1,t2Q14
san-mateo-2008,knowledge_gain@historical-v1,t2Q15
san-mateo-2008,knowledge_gain@historical-v1,t2Q16
san-mateo-2008,knowledge_gain@historical-v1,t2Q17A
san-mateo-2008,knowledge_gain@historical-v1,t2Q17B
san-mateo-2008,knowledge_gain@historical-v1,t2Q17C
san-mateo-2008,knowledge_gain@historical-v1,t2Q17D
san-mateo-2008,knowledge_gain@historical-v1,t2Q17E
san-mateo-2008,knowledge_gain@historical-v1,t2Q17e1
san-mateo-2008,knowledge_gain@historical-v1,t2Q17e2
san-mateo-2008,knowledge_gain@historical-v1,t2Q17F
san-mateo-2008,knowledge_gain@historical-v1,t2Q17G
san-mateo-2008,knowledge_gain@historical-v1,t2Q17H
san-mateo-2008,knowledge_gain@historical-v1,t2Q17h1
san-mateo-2008,knowledge_gain@historical-v1,t2Q17h2
san-mateo-2008,knowledge_gain@historical-v1,t2Q17i
san-mateo-2008,knowledge_gain@historical-v1,t2Q17i1
san-mateo-2008,knowledge_gain@historical-v1,t2Q17i2
san-mateo-2008,knowledge_gain@historical-v1,t2Q18A
san-mateo-2008,knowledge_gain@historical-v1,t2Q18B
san-mateo-2008,knowledge_gain@historical-v1,t2Q18C
san-mateo-2008,knowledge_gain@historical-v1,t2Q18D
san-mateo-2008,knowledge_gain@historical-v1,t2Q18E
san-mateo-2008,knowledge_gain@historical-v1,t2Q18F
san-mateo-2008,knowledge_gain@historical-v1,t2Q18G
san-mateo-2008,knowledge_gain@historical-v1,t2Q18H
san-mateo-2008,knowledge_gain@historical-v1,t2Q27A
san-mateo-2008,knowledge_gain@historical-v1,t2Q27B
san-mateo-2008,knowledge_gain@historical-v1,t2Q27D
san-mateo-2008,knowledge_gain@historical-v1,t2Q27E
san-mateo-2008,knowledge_gain@historical-v1,t2q28
san-mateo-2008,knowledge_gain@historical-v1,t2q29
san-mateo-2008,knowledge_gain@historical-v1,t2q30
san-mateo-2008,knowledge_gain@historical-v1,t2q31a
san-mateo-2008,knowledge_gain@historical-v1,t2q31b
san-mateo-2008,knowledge_gain@historical-v1,t2q31c
san-mateo-2008,knowledge_gain@historical-v1,t2q31d
san-mateo-2008,knowledge_gain@historical-v1,t2q31e
san-mateo-2008,knowledge_gain@historical-v1,t2q31f
san-mateo-2008,knowledge_gain@historical-v1,t2q32a
san-mateo-2008,knowledge_gain@historical-v1,t2q32b
san-mateo-2008,knowledge_gain@historical-v1,t2q32c
san-mateo-2008,knowledge_gain@historical-v1,t2q32d
san-mateo-2008,knowledge_gain@historical-v1,t2q32e
san-mateo-2008,knowledge_gain@historical-v1,t2q33
san-mateo-2008,knowledge_gain@historical-v1,t2q34
san-mateo-2008,knowledge_gain@historical-v1,t2q35a
san-mateo-2008,knowledge_gain@historical-v1,t2q35b
san-mateo-2008,knowledge_gain@historical-v1,t2q35c
san-mateo-2008,knowledge_gain@historical-v1,t2q35d
san-mateo-2008,knowledge_gain@historical-v1,t2q36a
san-mateo-2008,knowledge_gain@historical-v1,t2q36b
san-mateo-2008,knowledge_gain@historical-v1,t2q36c
san-mateo-2008,knowledge_gain@historical-v1,t2q36d
san-mateo-2008,knowledge_gain@historical-v1,t2q36e
san-mateo-2008,knowledge_gain@historical-v1,t2q36f
san-mateo-2008,knowledge_gain@historical-v1,t2q37
san-mateo-2008,knowledge_gain@historical-v1,t2q38
san-mateo-2008,knowledge_gain@historical-v1,t2q39
san-mateo-2008,knowledge_gain@historical-v1,t2q40
san-mateo-2008,knowledge_gain@historical-v1,t2q41
san-mateo-2008,knowledge_gain@historical-v1,t2q42
san-mateo-2008,knowledge_gain@historical-v1,participant
san-mateo-2008,knowledge_gain@historical-v1,t2QSTGRP
san-mateo-2008,knowledge_gain_joint@historical-v1,t2Q1
san-mateo-2008,knowledge_gain_joint@historical-v1,t2Q2
san-mateo-2008,knowledge_gain_joint@historical-v1,t2Q3
san-mateo-2008,knowledge_gain_joint@historical-v1,t2Q4
san-mateo-2008,knowledge_gain_joint@historical-v1,t2Q5
san-mateo-2008,knowledge_gain_joint@historical-v1,t2Q6
san-mateo-2008,knowledge_gain_joint@historical-v1,t2Q7
san-mateo-2008,knowledge_gain_joint@historical-v1,t2Q8
san-mateo-2008,knowledge_gain_joint@historical-v1,t2Q9
san-mateo-2008,knowledge_gain_joint@historical-v1,t2Q10
san-mateo-2008,knowledge_gain_joint@historical-v1,t2Q11
san-mateo-2008,knowledge_gain_joint@historical-v1,t2Q12A
san-mateo-2008,knowledge_gain_joint@historical-v1,t2Q12B
san-mateo-2008,knowledge_gain_joint@historical-v1,t2Q12C
san-mateo-2008,knowledge_gain_joint@historical-v1,t2Q12D
san-mateo-2008,knowledge_gain_joint@historical-v1,t2Q12E
san-mateo-2008,knowledge_gain_joint@historical-v1,t2Q12F
san-mateo-2008,knowledge_gain_joint@historical-v1,t2Q12G
san-mateo-2008,knowledge_gain_joint@historical-v1,t2Q12H
san-mateo-2008,knowledge_gain_joint@historical-v1,t2Q13
san-mateo-2008,knowledge_gain_joint@historical-v1,t2Q14
san-mateo-2008,knowledge_gain_joint@historical-v1,t2Q15
san-mateo-2008,knowledge_gain_joint@historical-v1,t2Q16
san-mateo-2008,knowledge_gain_joint@historical-v1,t2Q17A
san-mateo-2008,knowledge_gain_joint@historical-v1,t2Q17B
san-mateo-2008,knowledge_gain_joint@historical-v1,t2Q17C
san-mateo-2008,knowledge_gain_joint@historical-v1,t2Q17D
san-mateo-2008,knowledge_gain_joint@historical-v1,t2Q17E
san-mateo-2008,knowledge_gain_joint@historical-v1,t2Q17e1
san-mateo-2008,knowledge_gain_joint@historical-v1,t2Q17e2
san-mateo-2008,knowledge_gain_joint@historical-v1,t2Q17F
san-mateo-2008,knowledge_gain_joint@historical-v1,t2Q17G
san-mateo-2008,knowledge_gain_joint@historical-v1,t2Q17H
san-mateo-2008,knowledge_gain_joint@historical-v1,t2Q17h1
san-mateo-2008,knowledge_gain_joint@historical-v1,t2Q17h2
san-mateo-2008,knowledge_gain_joint@historical-v1,t2Q17i
san-mateo-2008,knowledge_gain_joint@historical-v1,t2Q17i1
san-mateo-2008,knowledge_gain_joint@historical-v1,t2Q17i2
san-mateo-2008,knowledge_gain_joint@historical-v1,t2Q18A
san-mateo-2008,knowledge_gain_joint@historical-v1,t2Q18B
san-mateo-2008,knowledge_gain_joint@historical-v1,t2Q18C
san-mateo-2008,knowledge_gain_joint@historical-v1,t2Q18D
san-mateo-2008,knowledge_gain_joint@historical-v1,t2Q18E
san-mateo-2008,knowledge_gain_joint@historical-v1,t2Q18F
san-mateo-2008,knowledge_gain_joint@historical-v1,t2Q18G
san-mateo-2008,knowledge_gain_joint@historical-v1,t2Q18H
san-mateo-2008,knowledge_gain_joint@historical-v1,t2Q27A
san-mateo-2008,knowledge_gain_joint@historical-v1,t2Q27B
san-mateo-2008,knowledge_gain_joint@historical-v1,t2Q27D
san-mateo-2008,knowledge_gain_joint@historical-v1,t2Q27E
san-mateo-2008,knowledge_gain_joint@historical-v1,t2q28
san-mateo-2008,knowledge_gain_joint@historical-v1,t2q29
san-mateo-2008,knowledge_gain_joint@historical-v1,t2q30
san-mateo-2008,knowledge_gain_joint@historical-v1,t2q31a
san-mateo-2008,knowledge_gain_joint@historical-v1,t2q31b
san-mateo-2008,knowledge_gain_joint@historical-v1,t2q31c
san-mateo-2008,knowledge_gain_joint@historical-v1,t2q31d
san-mateo-2008,knowledge_gain_joint@historical-v1,t2q31e
san-mateo-2008,knowledge_gain_joint@historical-v1,t2q31f
san-mateo-2008,knowledge_gain_joint@historical-v1,t2q32a
san-mateo-2008,knowledge_gain_joint@historical-v1,t2q32b
san-mateo-2008,knowledge_gain_joint@historical-v1,t2q32c
san-mateo-2008,knowledge_gain_joint@historical-v1,t2q32d
san-mateo-2008,knowledge_gain_joint@historical-v1,t2q32e
san-mateo-2008,knowledge_gain_joint@historical-v1,t2q33
san-mateo-2008,knowledge_gain_joint@historical-v1,t2q34
san-mateo-2008,knowledge_gain_joint@historical-v1,t2q35a
san-mateo-2008,knowledge_gain_joint@historical-v1,t2q35b
san-mateo-2008,knowledge_gain_joint@historical-v1,t2q35c
san-mateo-2008,knowledge_gain_joint@historical-v1,t2q35d
san-mateo-2008,knowledge_gain_joint@historical-v1,t2q36a
san-mateo-2008,knowledge_gain_joint@historical-v1,t2q36b
san-mateo-2008,knowledge_gain_joint@historical-v1,t2q36c
san-mateo-2008,knowledge_gain_joint@historical-v1,t2q36d
san-mateo-2008,knowledge_gain_joint@historical-v1,t2q36e
san-mateo-2008,knowledge_gain_joint@historical-v1,t2q36f
san-mateo-2008,knowledge_gain_joint@historical-v1,t2q37
san-mateo-2008,knowledge_gain_joint@historical-v1,t2q38
san-mateo-2008,knowledge_gain_joint@historical-v1,t2q39
san-mateo-2008,knowledge_gain_joint@historical-v1,t2q40
san-mateo-2008,knowledge_gain_joint@historical-v1,t2q41
san-mateo-2008,knowledge_gain_joint@historical-v1,t2q42
san-mateo-2008,knowledge_gain_joint@historical-v1,participant
san-mateo-2008,knowledge_gain_joint@historical-v1,t2QSTGRP
san-mateo-2008,knowledge_joint@historical-v1,t2Q1
san-mateo-2008,knowledge_joint@historical-v1,t2Q2
san-mateo-2008,knowledge_joint@historical-v1,t2Q3
san-mateo-2008,knowledge_joint@historical-v1,t2Q4
san-mateo-2008,knowledge_joint@historical-v1,t2Q5
san-mateo-2008,knowledge_joint@historical-v1,t2Q6
san-mateo-2008,knowledge_joint@historical-v1,t2Q7
san-mateo-2008,knowledge_joint@historical-v1,t2Q8
san-mateo-2008,knowledge_joint@historical-v1,t2Q9
san-mateo-2008,knowledge_joint@historical-v1,t2Q10
san-mateo-2008,knowledge_joint@historical-v1,t2Q11
san-mateo-2008,knowledge_joint@historical-v1,t2Q12A
san-mateo-2008,knowledge_joint@historical-v1,t2Q12B
san-mateo-2008,knowledge_joint@historical-v1,t2Q12C
san-mateo-2008,knowledge_joint@historical-v1,t2Q12D
san-mateo-2008,knowledge_joint@historical-v1,t2Q12E
san-mateo-2008,knowledge_joint@historical-v1,t2Q12F
san-mateo-2008,knowledge_joint@historical-v1,t2Q12G
san-mateo-2008,knowledge_joint@historical-v1,t2Q12H
san-mateo-2008,knowledge_joint@historical-v1,t2Q13
san-mateo-2008,knowledge_joint@historical-v1,t2Q14
san-mateo-2008,knowledge_joint@historical-v1,t2Q15
san-mateo-2008,knowledge_joint@historical-v1,t2Q16
san-mateo-2008,knowledge_joint@historical-v1,t2Q17A
san-mateo-2008,knowledge_joint@historical-v1,t2Q17B
san-mateo-2008,knowledge_joint@historical-v1,t2Q17C
san-mateo-2008,knowledge_joint@historical-v1,t2Q17D
san-mateo-2008,knowledge_joint@historical-v1,t2Q17E
san-mateo-2008,knowledge_joint@historical-v1,t2Q17e1
san-mateo-2008,knowledge_joint@historical-v1,t2Q17e2
san-mateo-2008,knowledge_joint@historical-v1,t2Q17F
san-mateo-2008,knowledge_joint@historical-v1,t2Q17G
san-mateo-2008,knowledge_joint@historical-v1,t2Q17H
san-mateo-2008,knowledge_joint@historical-v1,t2Q17h1
san-mateo-2008,knowledge_joint@historical-v1,t2Q17h2
san-mateo-2008,knowledge_joint@historical-v1,t2Q17i
san-mateo-2008,knowledge_joint@historical-v1,t2Q17i1
san-mateo-2008,knowledge_joint@historical-v1,t2Q17i2
san-mateo-2008,knowledge_joint@historical-v1,t2Q18A
san-mateo-2008,knowledge_joint@historical-v1,t2Q18B
san-mateo-2008,knowledge_joint@historical-v1,t2Q18C
san-mateo-2008,knowledge_joint@historical-v1,t2Q18D
san-mateo-2008,knowledge_joint@historical-v1,t2Q18E
san-mateo-2008,knowledge_joint@historical-v1,t2Q18F
san-mateo-2008,knowledge_joint@historical-v1,t2Q18G
san-mateo-2008,knowledge_joint@historical-v1,t2Q18H
san-mateo-2008,knowledge_joint@historical-v1,t2Q27A
san-mateo-2008,knowledge_joint@historical-v1,t2Q27B
san-mateo-2008,knowledge_joint@historical-v1,t2Q27D
san-mateo-2008,knowledge_joint@historical-v1,t2Q27E
san-mateo-2008,knowledge_joint@historical-v1,t2q28
san-mateo-2008,knowledge_joint@historical-v1,t2q29
san-mateo-2008,knowledge_joint@historical-v1,t2q30
san-mateo-2008,knowledge_joint@historical-v1,t2q31a
san-mateo-2008,knowledge_joint@historical-v1,t2q31b
san-mateo-2008,knowledge_joint@historical-v1,t2q31c
san-mateo-2008,knowledge_joint@historical-v1,t2q31d
san-mateo-2008,knowledge_joint@historical-v1,t2q31e
san-mateo-2008,knowledge_joint@historical-v1,t2q31f
san-mateo-2008,knowledge_joint@historical-v1,t2q32a
san-mateo-2008,knowledge_joint@historical-v1,t2q32b
san-mateo-2008,knowledge_joint@historical-v1,t2q32c
san-mateo-2008,knowledge_joint@historical-v1,t2q32d
san-mateo-2008,knowledge_joint@historical-v1,t2q32e
san-mateo-2008,knowledge_joint@historical-v1,t2q33
san-mateo-2008,knowledge_joint@historical-v1,t2q34
san-mateo-2008,knowledge_joint@historical-v1,t2q35a
san-mateo-2008,knowledge_joint@historical-v1,t2q35b
san-mateo-2008,knowledge_joint@historical-v1,t2q35c
san-mateo-2008,knowledge_joint@historical-v1,t2q35d
san-mateo-2008,knowledge_joint@historical-v1,t2q36a
san-mateo-2008,knowledge_joint@historical-v1,t2q36b
san-mateo-2008,knowledge_joint@historical-v1,t2q36c
san-mateo-2008,knowledge_joint@historical-v1,t2q36d
san-mateo-2008,knowledge_joint@historical-v1,t2q36e
san-mateo-2008,knowledge_joint@historical-v1,t2q36f
san-mateo-2008,knowledge_joint@historical-v1,t2q37
san-mateo-2008,knowledge_joint@historical-v1,t2q38
san-mateo-2008,knowledge_joint@historical-v1,t2q39
san-mateo-2008,knowledge_joint@historical-v1,t2q40
san-mateo-2008,knowledge_joint@historical-v1,t2q41
san-mateo-2008,knowledge_joint@historical-v1,t2q42
san-mateo-2008,knowledge_joint@historical-v1,participant
san-mateo-2008,knowledge_joint@historical-v1,t2QSTGRP
san-mateo-2008,knowledge_t2@historical-v1,t2Q1
san-mateo-2008,knowledge_t2@historical-v1,t2Q2
san-mateo-2008,knowledge_t2@historical-v1,t2Q3
san-mateo-2008,knowledge_t2@historical-v1,t2Q4
san-mateo-2008,knowledge_t2@historical-v1,t2Q5
san-mateo-2008,knowledge_t2@historical-v1,t2Q6
san-mateo-2008,knowledge_t2@historical-v1,t2Q7
san-mateo-2008,knowledge_t2@historical-v1,t2Q8
san-mateo-2008,knowledge_t2@historical-v1,t2Q9
san-mateo-2008,knowledge_t2@historical-v1,t2Q10
san-mateo-2008,knowledge_t2@historical-v1,t2Q11
san-mateo-2008,knowledge_t2@historical-v1,t2Q12A
san-mateo-2008,knowledge_t2@historical-v1,t2Q12B
san-mateo-2008,knowledge_t2@historical-v1,t2Q12C
san-mateo-2008,knowledge_t2@historical-v1,t2Q12D
san-mateo-2008,knowledge_t2@historical-v1,t2Q12E
san-mateo-2008,knowledge_t2@historical-v1,t2Q12F
san-mateo-2008,knowledge_t2@historical-v1,t2Q12G
san-mateo-2008,knowledge_t2@historical-v1,t2Q12H
san-mateo-2008,knowledge_t2@historical-v1,t2Q13
san-mateo-2008,knowledge_t2@historical-v1,t2Q14
san-mateo-2008,knowledge_t2@historical-v1,t2Q15
san-mateo-2008,knowledge_t2@historical-v1,t2Q16
san-mateo-2008,knowledge_t2@historical-v1,t2Q17A
san-mateo-2008,knowledge_t2@historical-v1,t2Q17B
san-mateo-2008,knowledge_t2@historical-v1,t2Q17C
san-mateo-2008,knowledge_t2@historical-v1,t2Q17D
san-mateo-2008,knowledge_t2@historical-v1,t2Q17E
san-mateo-2008,knowledge_t2@historical-v1,t2Q17e1
san-mateo-2008,knowledge_t2@historical-v1,t2Q17e2
san-mateo-2008,knowledge_t2@historical-v1,t2Q17F
san-mateo-2008,knowledge_t2@historical-v1,t2Q17G
san-mateo-2008,knowledge_t2@historical-v1,t2Q17H
san-mateo-2008,knowledge_t2@historical-v1,t2Q17h1
san-mateo-2008,knowledge_t2@historical-v1,t2Q17h2
san-mateo-2008,knowledge_t2@historical-v1,t2Q17i
san-mateo-2008,knowledge_t2@historical-v1,t2Q17i1
san-mateo-2008,knowledge_t2@historical-v1,t2Q17i2
san-mateo-2008,knowledge_t2@historical-v1,t2Q18A
san-mateo-2008,knowledge_t2@historical-v1,t2Q18B
san-mateo-2008,knowledge_t2@historical-v1,t2Q18C
san-mateo-2008,knowledge_t2@historical-v1,t2Q18D
san-mateo-2008,knowledge_t2@historical-v1,t2Q18E
san-mateo-2008,knowledge_t2@historical-v1,t2Q18F
san-mateo-2008,knowledge_t2@historical-v1,t2Q18G
san-mateo-2008,knowledge_t2@historical-v1,t2Q18H
san-mateo-2008,knowledge_t2@historical-v1,t2Q27A
san-mateo-2008,knowledge_t2@historical-v1,t2Q27B
san-mateo-2008,knowledge_t2@historical-v1,t2Q27D
san-mateo-2008,knowledge_t2@historical-v1,t2Q27E
san-mateo-2008,knowledge_t2@historical-v1,t2q28
san-mateo-2008,knowledge_t2@historical-v1,t2q29
san-mateo-2008,knowledge_t2@historical-v1,t2q30
san-mateo-2008,knowledge_t2@historical-v1,t2q31a
san-mateo-2008,knowledge_t2@historical-v1,t2q31b
san-mateo-2008,knowledge_t2@historical-v1,t2q31c
san-mateo-2008,knowledge_t2@historical-v1,t2q31d
san-mateo-2008,knowledge_t2@historical-v1,t2q31e
san-mateo-2008,knowledge_t2@historical-v1,t2q31f
san-mateo-2008,knowledge_t2@historical-v1,t2q32a
san-mateo-2008,knowledge_t2@historical-v1,t2q32b
san-mateo-2008,knowledge_t2@historical-v1,t2q32c
san-mateo-2008,knowledge_t2@historical-v1,t2q32d
san-mateo-2008,knowledge_t2@historical-v1,t2q32e
san-mateo-2008,knowledge_t2@historical-v1,t2q33
san-mateo-2008,knowledge_t2@historical-v1,t2q34
san-mateo-2008,knowledge_t2@historical-v1,t2q35a
san-mateo-2008,knowledge_t2@historical-v1,t2q35b
san-mateo-2008,knowledge_t2@historical-v1,t2q35c
san-mateo-2008,knowledge_t2@historical-v1,t2q35d
san-mateo-2008,knowledge_t2@historical-v1,t2q36a
san-mateo-2008,knowledge_t2@historical-v1,t2q36b
san-mateo-2008,knowledge_t2@historical-v1,t2q36c
san-mateo-2008,knowledge_t2@historical-v1,t2q36d
san-mateo-2008,knowledge_t2@historical-v1,t2q36e
san-mateo-2008,knowledge_t2@historical-v1,t2q36f
san-mateo-2008,knowledge_t2@historical-v1,t2q37
san-mateo-2008,knowledge_t2@historical-v1,t2q38
san-mateo-2008,knowledge_t2@historical-v1,t2q39
san-mateo-2008,knowledge_t2@historical-v1,t2q40
san-mateo-2008,knowledge_t2@historical-v1,t2q41
san-mateo-2008,knowledge_t2@historical-v1,t2q42
san-mateo-2008,knowledge_t2@historical-v1,participant
san-mateo-2008,knowledge_t2@historical-v1,t2QSTGRP
san-mateo-2008,log_knowledge_joint@historical-v1,t2Q1
san-mateo-2008,log_knowledge_joint@historical-v1,t2Q2
san-mateo-2008,log_knowledge_joint@historical-v1,t2Q3
san-mateo-2008,log_knowledge_joint@historical-v1,t2Q4
san-mateo-2008,log_knowledge_joint@historical-v1,t2Q5
san-mateo-2008,log_knowledge_joint@historical-v1,t2Q6
san-mateo-2008,log_knowledge_joint@historical-v1,t2Q7
san-mateo-2008,log_knowledge_joint@historical-v1,t2Q8
san-mateo-2008,log_knowledge_joint@historical-v1,t2Q9
san-mateo-2008,log_knowledge_joint@historical-v1,t2Q10
san-mateo-2008,log_knowledge_joint@historical-v1,t2Q11
san-mateo-2008,log_knowledge_joint@historical-v1,t2Q12A
san-mateo-2008,log_knowledge_joint@historical-v1,t2Q12B
san-mateo-2008,log_knowledge_joint@historical-v1,t2Q12C
san-mateo-2008,log_knowledge_joint@historical-v1,t2Q12D
san-mateo-2008,log_knowledge_joint@historical-v1,t2Q12E
san-mateo-2008,log_knowledge_joint@historical-v1,t2Q12F
san-mateo-2008,log_knowledge_joint@historical-v1,t2Q12G
san-mateo-2008,log_knowledge_joint@historical-v1,t2Q12H
san-mateo-2008,log_knowledge_joint@historical-v1,t2Q13
san-mateo-2008,log_knowledge_joint@historical-v1,t2Q14
san-mateo-2008,log_knowledge_joint@historical-v1,t2Q15
san-mateo-2008,log_knowledge_joint@historical-v1,t2Q16
san-mateo-2008,log_knowledge_joint@historical-v1,t2Q17A
san-mateo-2008,log_knowledge_joint@historical-v1,t2Q17B
san-mateo-2008,log_knowledge_joint@historical-v1,t2Q17C
san-mateo-2008,log_knowledge_joint@historical-v1,t2Q17D
san-mateo-2008,log_knowledge_joint@historical-v1,t2Q17E
san-mateo-2008,log_knowledge_joint@historical-v1,t2Q17e1
san-mateo-2008,log_knowledge_joint@historical-v1,t2Q17e2
san-mateo-2008,log_knowledge_joint@historical-v1,t2Q17F
san-mateo-2008,log_knowledge_joint@historical-v1,t2Q17G
san-mateo-2008,log_knowledge_joint@historical-v1,t2Q17H
san-mateo-2008,log_knowledge_joint@historical-v1,t2Q17h1
san-mateo-2008,log_knowledge_joint@historical-v1,t2Q17h2
san-mateo-2008,log_knowledge_joint@historical-v1,t2Q17i
san-mateo-2008,log_knowledge_joint@historical-v1,t2Q17i1
san-mateo-2008,log_knowledge_joint@historical-v1,t2Q17i2
san-mateo-2008,log_knowledge_joint@historical-v1,t2Q18A
san-mateo-2008,log_knowledge_joint@historical-v1,t2Q18B
san-mateo-2008,log_knowledge_joint@historical-v1,t2Q18C
san-mateo-2008,log_knowledge_joint@historical-v1,t2Q18D
san-mateo-2008,log_knowledge_joint@historical-v1,t2Q18E
san-mateo-2008,log_knowledge_joint@historical-v1,t2Q18F
san-mateo-2008,log_knowledge_joint@historical-v1,t2Q18G
san-mateo-2008,log_knowledge_joint@historical-v1,t2Q18H
san-mateo-2008,log_knowledge_joint@historical-v1,t2Q27A
san-mateo-2008,log_knowledge_joint@historical-v1,t2Q27B
san-mateo-2008,log_knowledge_joint@historical-v1,t2Q27D
san-mateo-2008,log_knowledge_joint@historical-v1,t2Q27E
san-mateo-2008,log_knowledge_joint@historical-v1,t2q28
san-mateo-2008,log_knowledge_joint@historical-v1,t2q29
san-mateo-2008,log_knowledge_joint@historical-v1,t2q30
san-mateo-2008,log_knowledge_joint@historical-v1,t2q31a
san-mateo-2008,log_knowledge_joint@historical-v1,t2q31b
san-mateo-2008,log_knowledge_joint@historical-v1,t2q31c
san-mateo-2008,log_knowledge_joint@historical-v1,t2q31d
san-mateo-2008,log_knowledge_joint@historical-v1,t2q31e
san-mateo-2008,log_knowledge_joint@historical-v1,t2q31f
san-mateo-2008,log_knowledge_joint@historical-v1,t2q32a
san-mateo-2008,log_knowledge_joint@historical-v1,t2q32b
san-mateo-2008,log_knowledge_joint@historical-v1,t2q32c
san-mateo-2008,log_knowledge_joint@historical-v1,t2q32d
san-mateo-2008,log_knowledge_joint@historical-v1,t2q32e
san-mateo-2008,log_knowledge_joint@historical-v1,t2q33
san-mateo-2008,log_knowledge_joint@historical-v1,t2q34
san-mateo-2008,log_knowledge_joint@historical-v1,t2q35a
san-mateo-2008,log_knowledge_joint@historical-v1,t2q35b
san-mateo-2008,log_knowledge_joint@historical-v1,t2q35c
san-mateo-2008,log_knowledge_joint@historical-v1,t2q35d
san-mateo-2008,log_knowledge_joint@historical-v1,t2q36a
san-mateo-2008,log_knowledge_joint@historical-v1,t2q36b
san-mateo-2008,log_knowledge_joint@historical-v1,t2q36c
san-mateo-2008,log_knowledge_joint@historical-v1,t2q36d
san-mateo-2008,log_knowledge_joint@historical-v1,t2q36e
san-mateo-2008,log_knowledge_joint@historical-v1,t2q36f
san-mateo-2008,log_knowledge_joint@historical-v1,t2q37
san-mateo-2008,log_knowledge_joint@historical-v1,t2q38
san-mateo-2008,log_knowledge_joint@historical-v1,t2q39
san-mateo-2008,log_knowledge_joint@historical-v1,t2q40
san-mateo-2008,log_knowledge_joint@historical-v1,t2q41
san-mateo-2008,log_knowledge_joint@historical-v1,t2q42
san-mateo-2008,log_knowledge_joint@historical-v1,participant
san-mateo-2008,log_knowledge_joint@historical-v1,t2QSTGRP
nic-1996,knowledge_joint@historical-v1,PART3
nic-1996,knowledge_t2@historical-v1,PART3
nic-1996,knowledge_joint_midterm@historical-v1,PART3
nic-1996,knowledge_midterm_joint@historical-v1,PART3
nic-1996,knowledge_gain@historical-v1,PART3
nic-1996,knowledge_gain_joint@historical-v1,PART3
nic-1996,log_knowledge_joint@historical-v1,PART3
nic-1996,high_knowledge_joint@historical-v1,PART3
australia-republic-1999,high_knowledge_joint@aus-08-v2,dkchg1
australia-republic-1999,knowledge_gain@aus-08-v2,dkchg1
australia-republic-1999,knowledge_gain_joint@aus-08-v2,dkchg1
australia-republic-1999,knowledge_joint@aus-08-v2,dkchg1
australia-republic-1999,knowledge_t1@aus-08-v2,dkchg1
australia-republic-1999,log_knowledge_joint@aus-08-v2,dkchg1
