source_id,path,bytes,sha256,md5,doi,license,retrieved,role
dp-learning-greece,data/marousi-2006/participants.csv,107752,32a031325309136318ba9ab8f2a500956df05f0e2bdaa75b78ee2bff4aa23bb2,adde068512852c8094af82f5920bf353,,CC0-1.0,2026-09-22,participant-data
distortions-participants,evidence/benchmarks/polardata.tab,6566439,98153f8fcde1d9c2bcb56b6179d66210834ab344790c835ddcf5f1f1039b448a,8e2b8aa45f9ebb71d73d88e2ecf3dbdb,10.7910/DVN/D7G1LO,CC0-1.0,2026-09-11,validation-benchmark
distortions-indices,evidence/benchmarks/attitude-indices.tab,11978,e849d6a0926712e0193d2f1d7fecd17352170c510fa9c995529566162a206e4a,cb262ca053f88d0119757a5c1039ba18,10.7910/DVN/D7G1LO,CC0-1.0,2026-09-11,validation-benchmark
cor-sood-replication,evidence/deposits/guessing-and-forgetting.zip,468335,6cb0fe9b9e0e6f1a381e200277665ad32f78c24b93346c48e55598c156633e7c,80b59acf267496b42f48756a1b3d9a5c,10.7910/DVN/HZHVCU,CC0-1.0,2026-09-11,replication-deposit
a1r-2019,data/america-in-one-room-2019/participants.tab,1861247,06134deebb34b08ffac91068727b55c1ec4dde88df5f388e1552b0bfa54c6818,d2e20231908fe5b06a4e29d23b9b29f0,10.7910/DVN/KJ8IH2,CC0-1.0,2026-09-11,participant-data
a1r-climate-2021,data/a1r-climate-2021/participants.tab,10262042,5e95a85c1fe356673c2b0a56d1e9aa463ab40e1defe3b33f1940ff83e5eee83a,17f8c740fd7eb9009d90814c443d7b2e,10.7910/DVN/IIOG1S,CC0-1.0,2026-09-11,participant-data
tanzania-2015,data/tanzania-2015/participants.dta,1267735,38c7faf5bec7538e32e04c3f62b5c4c43b8ad4c2d2b10b5ef00cf80b577b7af8,1cffe0785ca8600c6277ecf8bf07ac83,10.7910/DVN/S3NRQL,CC0-1.0,2026-09-11,participant-data
amr-2024,data/amr-2024/participants.csv,1736417,c2877392f6b4d2e6146d09e40625d8ccf5d51f12b6150e3d07f7ab824c97d065,0b2a51d4910bf19952d7f65b1e7863fe,10.25740/sb639ms2957,CC-BY-4.0,2026-09-22,participant-data
cor-sood-australia-republic-1999,data/australia-republic-1999/knowledge-battery.csv,16122,c9cb05f1fb001335dcd846e50d91f4047c2d9fef888438b2a3456eb524ffb2c5,2216876ef578d6e5a627ab6f72b60de1,10.7910/DVN/HZHVCU,CC0-1.0,2026-09-22,deposited-scored-items
cor-sood-btp-2007,data/btp-2007/knowledge-battery.csv,11887,f4420ecaaf257f8467c9187e489a603520398a8efae0e0656513b979d59af0fa,c23e70a36bdf8bb67c26428cca8ac597,10.7910/DVN/HZHVCU,CC0-1.0,2026-09-22,deposited-scored-items
cor-sood-btp-general-election-2004,data/btp-general-election-2004/knowledge-battery.csv,10663,9db2f15672b73e74523e12cab74b55d8057ff396d28d968b943fb4ccf318f9e3,6c8a56c9f3c4cd1006e999d4973357de,10.7910/DVN/HZHVCU,CC0-1.0,2026-09-22,deposited-scored-items
cor-sood-btp-health-education-2005,data/btp-health-education-2005/knowledge-battery.csv,13024,318b5bc500f7140b339ff77f448a76555feab454db55e4f3aa63e83002aaec0b,25cadad0ceb513caafbcc91364d2add6,10.7910/DVN/HZHVCU,CC0-1.0,2026-09-22,deposited-scored-items
cor-sood-btp-online-primaries-2004,data/btp-online-primaries-2004/knowledge-battery.csv,12051,e4fd9e789c06146f9ccb06a3e3fc28423531fd719540213c5e7ed10cd0e148c8,1f79c74db1919934959921f0bf43ad70,10.7910/DVN/HZHVCU,CC0-1.0,2026-09-22,deposited-scored-items
cor-sood-bulgaria-crime-2002,data/bulgaria-crime-2002/knowledge-battery.csv,9556,a7db8b2d74654d6cdb82b5aed2037482dd1f1474747729761e98ae27d9db98a8,d8dd86b6fc3c0e777ddbcf8548e6cc90,10.7910/DVN/HZHVCU,CC0-1.0,2026-09-22,deposited-scored-items
cor-sood-california-whats-next-2011,data/california-whats-next-2011/knowledge-battery.csv,10077,bbc6a39043ff5be47e03abe4b29550ca29be08195cb6d51cb40f8d9971199063,5305d999492a548005d5ba22e0a25d49,10.7910/DVN/HZHVCU,CC0-1.0,2026-09-22,deposited-scored-items
cor-sood-cpl-1996,data/cpl-1996/knowledge-battery.csv,7633,3b60766481ff3e3435e0d7621cec20e3120530e2191245f673dca22f41e51076,a1a30182a51dacf7eb3679eaa63337c4,10.7910/DVN/HZHVCU,CC0-1.0,2026-09-22,deposited-scored-items
cor-sood-denmark-euro-2000,data/denmark-euro-2000/knowledge-battery.csv,15161,b9d9892b5e0c406ae77c41ef54cb82479bb55506c5c806332f22f3029d1a2cbb,e5003f570d682b0c21e1dd41bb8333be,10.7910/DVN/HZHVCU,CC0-1.0,2026-09-22,deposited-scored-items
cor-sood-europolis-2009,data/europolis-2009/knowledge-battery.csv,10120,bd815c252072467e9da9f3fc6bf4e3c9d65dab01a582506ada66aa86b52a0258,8adc6477582872bac5d9f84e1b542e67,10.7910/DVN/HZHVCU,CC0-1.0,2026-09-22,deposited-scored-items
cor-sood-michigan-2009,data/michigan-2009/knowledge-battery.csv,14613,b27a7e29fc57dd658a80ecb204f72ca42c24b689b1b3279309919f0073f85ffe,5f735bc3f63ca69fb208b64805b3fba7,10.7910/DVN/HZHVCU,CC0-1.0,2026-09-22,deposited-scored-items
cor-sood-nic-1996,data/nic-1996/knowledge-battery.csv,20544,81db9b3342b4d08786b57d6d9bbe341be1a44c6c85a43c181a325431e165a7c0,5899624749cb51d4bdce3724824ef3a9,10.7910/DVN/HZHVCU,CC0-1.0,2026-09-22,deposited-scored-items
cor-sood-northern-ireland-2007,data/northern-ireland-2007/knowledge-battery.csv,4442,2cd6a57ebb658aba67f10c98a316e9a6bcdd28f6acafa70af1d9850797d29cee,f28ab7bd658f68c6745d26db0158ac6d,10.7910/DVN/HZHVCU,CC0-1.0,2026-09-22,deposited-scored-items
cor-sood-san-mateo-2008,data/san-mateo-2008/knowledge-battery.csv,19480,3644ebabb214868cd7b00fd002965bb161518ee15067a134a4cc309472f0eb45,69ac91acd4469fb81f20785073c0665f,10.7910/DVN/HZHVCU,CC0-1.0,2026-09-22,deposited-scored-items
cor-sood-swepco-1996,data/swepco-1996/knowledge-battery.csv,5902,f45a243ef7037c12c3dc3f4638f0c93e14dd2677bd44efa40679711ccd360531,66b35d675401d3d8ae06c2cfddba255b,10.7910/DVN/HZHVCU,CC0-1.0,2026-09-22,deposited-scored-items
cor-sood-tomorrows-europe-2007,data/tomorrows-europe-2007/knowledge-battery.csv,17534,c003ca6cf5a2863a7d802563fe87bfa54e3efcdb260c8b3b7567af2842c30ed7,610e3c5313949e124ff556ac0c219735,10.7910/DVN/HZHVCU,CC0-1.0,2026-09-22,deposited-scored-items
cor-sood-uk-crime-1994,data/uk-crime-1994/knowledge-battery.csv,10295,228425f12056cd9e9b8770943433958545e1fb5667191a6d63de5dcd1268412e,1da978299d81354cf1e8184efdee3079,10.7910/DVN/HZHVCU,CC0-1.0,2026-09-22,deposited-scored-items
cor-sood-uk-eu-1995,data/uk-eu-1995/knowledge-battery.csv,5883,9077fdea79264d77748337d3b8bb7197865391bb48d5850a9e060be761905a22,4b8cbb56f4faad0b661eaa977c16f46d,10.7910/DVN/HZHVCU,CC0-1.0,2026-09-22,deposited-scored-items
cor-sood-uk-general-election-1997,data/uk-general-election-1997/knowledge-battery.csv,38613,8d371a1174d89df3ddb207e1e9e2242416a1753a5fd0e1d6aac0ebf8de91a2c5,61d3678a77d864061a33fadf341e8090,10.7910/DVN/HZHVCU,CC0-1.0,2026-09-22,deposited-scored-items
cor-sood-uk-health-1998,data/uk-health-1998/knowledge-battery.csv,6444,671bf82144935f33351d627b7996c05b91585f7adf192734b94a2e655ad960b2,2f967fd790e26bb5bcb4c6125769d62e,10.7910/DVN/HZHVCU,CC0-1.0,2026-09-22,deposited-scored-items
cor-sood-uk-monarchy-1996,data/uk-monarchy-1996/knowledge-battery.csv,9817,bd7f7e5196af15a5b1d499f1dff4e5aa12fb92b28d74a746cad110f468af873b,625a74a1688850fc3ed95d62239c8c8b,10.7910/DVN/HZHVCU,CC0-1.0,2026-09-22,deposited-scored-items
cor-sood-vermont-energy-2007,data/vermont-energy-2007/knowledge-battery.csv,6760,9a54514e2ebc32bf8f85877acaebf650e7ead449c8d76f810db45db6d4504925,debe700e281c62da8dfbe1ad7654c5a9,10.7910/DVN/HZHVCU,CC0-1.0,2026-09-22,deposited-scored-items
cor-sood-wtu-1996,data/wtu-1996/knowledge-battery.csv,5829,6a4767801886badbbaf6c61ea96d26d917afe4237c169e58ffc1d546c9d68346,348c3de84405b42b122a25f1cc8b920b,10.7910/DVN/HZHVCU,CC0-1.0,2026-09-22,deposited-scored-items
cdd-northern-ireland-groups,data/northern-ireland-2007/groups.csv,1240,cf7f63cb0c41bdf03f510e9a006b931d818e702bbd0ecd29ad029942b7ead6a1,0627f43cd90bd52ceda474918ca419d1,,not-specified,2026-09-22,group-roster
cdd-uk-crime-codebook,data/uk-crime-1994/codebook.txt,249352,41c760118293d078623e26647b1c81443e4e4321e24ff0c2bc125287aadde3fa,37f1b900ef2e7cde26869be297c8b7ff,,not-specified,2026-09-22,source-dictionary
cdd-uk-eu-codebook,data/uk-eu-1995/codebook.txt,185640,b80e89ba317d7775fd23970fab6d5f8b2a87b50ad0fca6592c274f20ab6b387a,0abe41097e37c49870b7d579dcc4e787,,not-specified,2026-09-22,source-dictionary
cdd-uk-monarchy-1996-codebook,data/uk-monarchy-1996/codebook.doc,453120,54520f61de718e0ffa4637bb81caa99138021a5184e90528a04e19f37449e8e3,7d11f3d7ad4f381f6508ed93572eb31c,,not-specified,2026-09-22,source-dictionary
cdd-uk-general-election-1997-codebook,data/uk-general-election-1997/codebook.txt,213739,2870809296097fb4dc4865f9427c3fef95f088ecde94815c2397329280ef7fa4,c41a727f90e0d8a0f46161cdcdfb2428,,not-specified,2026-09-22,source-dictionary
cdd-cpl-1996-codebook,data/cpl-1996/codebook.txt,164301,7ee2d62c6cbdc8a5da04530616c6ef412c39982c4b561be545f7160032729432,3c1b5d586f89d725b6949325f72721de,,not-specified,2026-09-22,source-dictionary
cdd-swepco-1996-codebook,data/swepco-1996/codebook.txt,172367,5ce5486be80e8cb2ee281181b42b66b17e573eb988161b18b7be7e3c531f8c05,9dff7d11d7856d1b126d6447cdc379bb,,not-specified,2026-09-22,source-dictionary
cdd-wtu-1996-codebook,data/wtu-1996/codebook.txt,169939,2fc0c85588f9fab831ba00e124a6f40ce1ad0121aaa8e7d7c93b7ce9c21fd098,16e92365d461fe4ff7f536bf83a68b73,,not-specified,2026-09-22,source-dictionary
cdd-uk-health-survey,data/uk-health-1998/survey.sav,320146,d6c46a1c9c83930a8779a5ae6a9b5cec3cf0ef0399d6f340e8b28371d1f8d234,5752833f6543fab2d5999b551fdf952f,,not-specified,2026-09-22,survey-data
cdd-uk-health-variables,data/uk-health-1998/variables.csv,38681,03ab409aa778db7b0a90d466493333fc2d180b693477b883cdae76b9844e44c8,aa3b9b03ae11a59264c3709fc5baa599,,not-specified,2026-09-22,source-dictionary
cdd-uk-health-value-labels,data/uk-health-1998/value-labels.csv,42439,d7101ddfa53b9c8c793a4ffb1458b2b5c8f7fa90a20ae0cbf0db1e8035852011,a53dc162bc282f2df355530071b04a34,,not-specified,2026-09-22,source-dictionary
cdd-northern-ireland-survey,data/northern-ireland-2007/survey.parquet,256057,b7ded85f23f5115aef6c45041081d9f1126fb8017b5bcd70d649d9215c9860c1,175d9a38d700f46eb47c88017f583085,,not-specified,2026-09-22,redacted-survey
cdd-northern-ireland-variables,data/northern-ireland-2007/variables.csv,61820,2fefb0b85dde5d2f3abddb1ff20310451782b9deae360234675653df97f76811,e1797afc124579fb1568c65148721252,,not-specified,2026-09-22,source-dictionary
cdd-northern-ireland-value-labels,data/northern-ireland-2007/value-labels.csv,31294,5bf170055ce60f92dc6dd8dfd2d2ce097cfa2a77c42aaa9a1655906db3164804,ef9f5cc1f7ac7f518cfba900d8ff9db1,,not-specified,2026-09-22,source-dictionary
cdd-uk-crime-survey,data/uk-crime-1994/survey.sav,300911,edbe1a694b6b1c0a90ec55c5c147465aa28ae727e6280f0423ac297f8883f242,1b0388d82ca59bb0a74b03a1702273f7,,not-specified,2026-09-22,survey-data
cdd-uk-crime-variables,data/uk-crime-1994/variables.csv,22354,ca415c2a74265318662d0b8255d7e8a39260e976e938e516c880054d69d56789,50127140fab4eb96f4e388b865791f33,,not-specified,2026-09-22,source-dictionary
cdd-uk-crime-value-labels,data/uk-crime-1994/value-labels.csv,39,355d2acaa276d4e050435819cd1870270f3a2cccddab59f6368ca593c0bf550c,1fbb35404cf034178732aed8554914b3,,not-specified,2026-09-22,source-dictionary
cdd-uk-eu-survey,data/uk-eu-1995/survey.sav,232585,6ef6ef79903df1cce6c70db4e63025b15b66d500afa757815c7138d47a614166,a81a018448e9f4dba7694cb4bd213f1f,,not-specified,2026-09-22,survey-data
cdd-uk-eu-variables,data/uk-eu-1995/variables.csv,24790,c2a3a68926df6b8d044dfc67b8937960e0fbed62552862893f1c0c40c0bb6f37,46f6ece73f24f3c6affb5bc4d4a08df3,,not-specified,2026-09-22,source-dictionary
cdd-uk-eu-value-labels,data/uk-eu-1995/value-labels.csv,29217,c16f8fa90437a5dc9571f41055d9e8a80bd03270569f5fcf4f63a1f1a0731231,d9a9b15f91b9c8ec29d7f1647168e7f1,,not-specified,2026-09-22,source-dictionary
cdd-uk-monarchy-1996-survey,data/uk-monarchy-1996/survey.sav,533368,dfa627589fdc8572e95fd427e74b56ffb51156e120933f9468138d3e455ea059,c9e64323920eecc23d46a2687b73111c,,not-specified,2026-09-22,survey-data
cdd-uk-monarchy-1996-variables,data/uk-monarchy-1996/variables.csv,42547,0e9d29a687e625c1b9ef6a13c583e079549ac1f617d9cc270daaeb5ccb0c6f48,9e7496e27c6d9ec97866c5d29a39f6c8,,not-specified,2026-09-22,source-dictionary
cdd-uk-monarchy-1996-value-labels,data/uk-monarchy-1996/value-labels.csv,35381,83ef9593e18a49f6417253edd41401aed2c336948914c41f85b4623aaee53a95,795edbcf50c3fe4ffd52369402d22ce7,,not-specified,2026-09-22,source-dictionary
cdd-uk-general-election-1997-survey,data/uk-general-election-1997/survey.sav,1815671,e383674cd99347daee1a71fa65274e6bc1ea895714176cb56d1bf13f7c2f61f0,53e9049ae6db02f79e65e5c2927ad845,,not-specified,2026-09-22,survey-data
cdd-uk-general-election-1997-variables,data/uk-general-election-1997/variables.csv,50639,39ac65ff03a05fb02d6d381cc79c40b28a63d6a422452c995c95b103a4dd209b,81bdf6a3eacd5a42306337dbd0491ec9,,not-specified,2026-09-22,source-dictionary
cdd-uk-general-election-1997-value-labels,data/uk-general-election-1997/value-labels.csv,18337,1080e05f8277789a97f9f7d85fa91d31444269ec0ffa5a83a2849dc5f48be0ef,40995a2d0a709fe5a9fb5a7daf8930bc,,not-specified,2026-09-22,source-dictionary
cdd-cpl-1996-survey,data/cpl-1996/survey.sav,294347,faf67817380bda6186279ed7151b42339cbecc076c0dfec436b7126c88351935,fc25a077756e6b089e35438e978641b0,,not-specified,2026-09-22,survey-data
cdd-cpl-1996-variables,data/cpl-1996/variables.csv,15692,eb738b08089193b180fdafd8faa824e89b634706f5ce5714164e38e57ce0d5f7,8465ba997f1cc69212aca121f1bc411d,,not-specified,2026-09-22,source-dictionary
cdd-cpl-1996-value-labels,data/cpl-1996/value-labels.csv,39,355d2acaa276d4e050435819cd1870270f3a2cccddab59f6368ca593c0bf550c,1fbb35404cf034178732aed8554914b3,,not-specified,2026-09-22,source-dictionary
cdd-swepco-1996-survey,data/swepco-1996/survey.dta,348160,d308f57bc58e3f2bc7b2446588c85c86060341a7ddd5b86634aa9743484a4c6e,8415f94b9c42488bd889c929f53ee461,,not-specified,2026-09-22,survey-data
cdd-swepco-1996-variables,data/swepco-1996/variables.csv,15934,30f22993b63cbec9d0618ba9a17d041eea9bed3891219560139a028f2cdf501e,347a93553d4e61aba337ea318acf1f35,,not-specified,2026-09-22,source-dictionary
cdd-swepco-1996-value-labels,data/swepco-1996/value-labels.csv,39,355d2acaa276d4e050435819cd1870270f3a2cccddab59f6368ca593c0bf550c,1fbb35404cf034178732aed8554914b3,,not-specified,2026-09-22,source-dictionary
cdd-wtu-1996-survey,data/wtu-1996/survey.dta,293858,ecc9949d86ab2f51133eeb7f8b0749ab6913fedb9d82b2cbe247e021f40d4b88,6edf6e347ae5f02072748c16f51d7320,,not-specified,2026-09-22,survey-data
cdd-wtu-1996-variables,data/wtu-1996/variables.csv,15934,30f22993b63cbec9d0618ba9a17d041eea9bed3891219560139a028f2cdf501e,347a93553d4e61aba337ea318acf1f35,,not-specified,2026-09-22,source-dictionary
cdd-wtu-1996-value-labels,data/wtu-1996/value-labels.csv,39,355d2acaa276d4e050435819cd1870270f3a2cccddab59f6368ca593c0bf550c,1fbb35404cf034178732aed8554914b3,,not-specified,2026-09-22,source-dictionary
cdd-australia-republic-1999-survey,data/australia-republic-1999/survey.sav,3289735,dbbbe94953ac3c2faf8427f362fcf04f809490f429629e47d3025292edc64026,2c2ede38bf4e9d8914508739c11d7bd2,,not-specified,2026-09-22,poll-level-survey
cdd-australia-republic-1999-survey-variables,data/australia-republic-1999/variables.csv,62807,a2348165d89c6168b59e491641a97f1f58a70163c1dce75e23b471ff5bf39117,65083b6c6b2b6bdf25a0bcb7b3171764,,not-specified,2026-09-22,source-documentation
cdd-australia-republic-1999-survey-value-labels,data/australia-republic-1999/value-labels.csv,62542,5d2492af67b45f922d9c6d34175e7435cdd98bb7be826d1a0bbdff381a45e8da,9d090d0c7b94c5e72257d298126b597e,,not-specified,2026-09-22,source-documentation
cdd-btp-2007-survey,data/btp-2007/survey.parquet,405081,44fd7d92afaf8a52696c32bf12a3af7dd17f72ed2023a48b09432bb6f97f8b14,ad96e1166d37dd615b06f5effd1a4680,,not-specified,2026-09-22,poll-level-survey
cdd-btp-2007-survey-variables,data/btp-2007/variables.csv,44827,d15f3ce95d94968d4945a067ab37ed7046d8c543f728e5f3d61bd2db945bba85,10ff79a5dd1f94d0243a1954fa946e9d,,not-specified,2026-09-22,source-documentation
cdd-btp-2007-survey-value-labels,data/btp-2007/value-labels.csv,51501,f36609ba4493d1d4270655dd65c5ef9ffc332d9d01467ab60ef0827a52705afa,9748a99b0c0b865f096c4d60faeae03a,,not-specified,2026-09-22,source-documentation
cdd-btp-general-election-2004-survey,data/btp-general-election-2004/survey.dta,1213973,76016b95a033116438df905b5ca3540e020dbafa7f275e97df31342c9416a2e2,e1d14e167439a5b93072fbe6365764a3,,not-specified,2026-09-22,poll-level-survey
cdd-btp-general-election-2004-survey-variables,data/btp-general-election-2004/variables.csv,89259,4a6c0afeee64e911a31aa585b28b4823d6517e472f29357c77c9b2f0eac8e537,4959e3caadc822f1bb1bb4b68c5b28d3,,not-specified,2026-09-22,source-documentation
cdd-btp-general-election-2004-survey-value-labels,data/btp-general-election-2004/value-labels.csv,72530,eb714d4bb85ca87ed44041842f70a9f5cab57825c52cd142f9fb365c4ce87efc,75067709bf2a9ab69213f6adc98dde8d,,not-specified,2026-09-22,source-documentation
cdd-btp-health-education-2005-survey,data/btp-health-education-2005/survey.parquet,547269,4e673dbc67a6901e4fe506e99f4c39b6d21eb0bd8947e548f4c4450a582f1825,32886a94bfba0f0608852c6a951b9ced,,not-specified,2026-09-22,poll-level-survey
cdd-btp-health-education-2005-survey-variables,data/btp-health-education-2005/variables.csv,62155,9b9ace3749e7c41f755696256997a7375d6bb912dd31d47f6d6a376962b1f171,338df067fa5412df7fc2a884095f424c,,not-specified,2026-09-22,source-documentation
cdd-btp-health-education-2005-survey-value-labels,data/btp-health-education-2005/value-labels.csv,31113,1e71e0c147979273ea00bbf9b5e0427bbc6c05386842d28d0dc868fca60d2359,ee0cda7530037421329790b172718e44,,not-specified,2026-09-22,source-documentation
cdd-btp-online-primaries-2004-survey,data/btp-online-primaries-2004/survey.parquet,1394138,06c3022d9f92aed8a3a67b3b46c8e35955d50ccfcafb23536390bd1ba3f0df0e,e3cfe63e0e288b35be1472dabe7e7ee2,,not-specified,2026-09-22,poll-level-survey
cdd-btp-online-primaries-2004-survey-variables,data/btp-online-primaries-2004/variables.csv,166990,c8ca35bfa8866ad66d1a20bdf5b9c48c91b3e69d2d207b851a78dcbda0733773,9528ccfc800b4c65ac68992b6dec0d9b,,not-specified,2026-09-22,source-documentation
cdd-btp-online-primaries-2004-survey-value-labels,data/btp-online-primaries-2004/value-labels.csv,63334,958d470a79f5ccb69badbe6a0cfbebb532c7abc68ef97ce19cb7d7300552633b,36dbd99a5ae06719aadcac3f29912632,,not-specified,2026-09-22,source-documentation
cdd-bulgaria-crime-2002-survey,data/bulgaria-crime-2002/survey.sav,492893,88502e432e20f6600423c44632ca8753435748af9721d6b1ec867a0357ad133f,51d247aa5d3f1565aceedca82e34d544,,not-specified,2026-09-22,poll-level-survey
cdd-bulgaria-crime-2002-survey-variables,data/bulgaria-crime-2002/variables.csv,57466,8aaa48c2911f6b65f8a1b36636091c5bac87b735b350e25c32e2819f4baae65b,16c3700985b341ea25218669b7955dee,,not-specified,2026-09-22,source-documentation
cdd-bulgaria-crime-2002-survey-value-labels,data/bulgaria-crime-2002/value-labels.csv,37746,787edbd4cd3ba223f59452153f6c8138402bd8fe83cd9909c766f0f48c1673fb,80dcced15e9d464051f487e1db3d2baa,,not-specified,2026-09-22,source-documentation
cdd-california-whats-next-2011-survey,data/california-whats-next-2011/survey.parquet,203134,2dc4c32d089805365e25b264264c0ae56608be391af7f23d0445d3c8a2d693c7,2961271a08f7181d0756f48eee58e9cd,,not-specified,2026-09-22,poll-level-survey
cdd-california-whats-next-2011-survey-variables,data/california-whats-next-2011/variables.csv,25164,be11ff63f3b08e89eb82097da51ec3430110231d8f2b03d68d74961399cf8f61,20a2d37c21921739ba7638cf04436d41,,not-specified,2026-09-22,source-documentation
cdd-california-whats-next-2011-survey-value-labels,data/california-whats-next-2011/value-labels.csv,10710,890196189d84e5eb147e90ab550a16ce3e061491174f61b112c81de02dafbfe1,44b35f54259d800df0655ced1206b80a,,not-specified,2026-09-22,source-documentation
cdd-europolis-2009-survey,data/europolis-2009/survey.sav,2696113,e91478e230cb2ebe74771da6ac25d3f27c5d31104724c18724ef4b16a427d43e,348b0de0e011b97d98eb42723a520039,,not-specified,2026-09-22,poll-level-survey
cdd-europolis-2009-survey-variables,data/europolis-2009/variables.csv,101432,fa641c3148dc39f7cde6aa5e0fe0bc1379a91d02ed20470592ff2b269b2da834,90037c985e771aa1a796ef1ece8a5d4e,,not-specified,2026-09-22,source-documentation
cdd-europolis-2009-survey-value-labels,data/europolis-2009/value-labels.csv,152639,fa5b60355e29ac0fe7dfa3373739930759b0423298d260566b24a0424433a02d,35207240f76b0416b1368de3fb7f5430,,not-specified,2026-09-22,source-documentation
cdd-nic-1996-survey,data/nic-1996/survey.parquet,274892,36b488dde92fdce32992f9ddd107e3bdb39681d435438df4cfd7914acc6f47a4,24d0096062ed898ac36a92401eca6df1,,not-specified,2026-09-22,poll-level-survey
cdd-nic-1996-survey-variables,data/nic-1996/variables.csv,38391,8740e78c366912c918727a4e210338d9ee817f65badc35dcff31f26c40cc0935,36366a22f50a79698e82518feebc704e,,not-specified,2026-09-22,source-documentation
cdd-nic-1996-survey-value-labels,data/nic-1996/value-labels.csv,618,0211eacfca299458daf7c4e2454a80010b2abc2b803a1dc659d1191b6549241e,438b195b9e30f5b03a5faede652da2bc,,not-specified,2026-09-22,source-documentation
cdd-tomorrows-europe-2007-survey,data/tomorrows-europe-2007/survey.parquet,1268488,96ddb2c585c9aee839547117a910a977a2abf27584d04cd70eb031afc5aa3e02,4267a6d41d9c63b16c974d4cdad51333,,not-specified,2026-09-22,poll-level-survey
cdd-tomorrows-europe-2007-survey-variables,data/tomorrows-europe-2007/variables.csv,117462,50f7fdd71d72f7d5b4ce3187dcb703497c3ebe948ae3fddbf31c8a5e71517a5b,73f9e976454f56fb1e20ec2a2c5a528e,,not-specified,2026-09-22,source-documentation
cdd-tomorrows-europe-2007-survey-value-labels,data/tomorrows-europe-2007/value-labels.csv,14512,b49211827850f81119d9f707d97d270a61b8a2898713e7599acc79ff95e2ea2d,ed47c49ce92c245c9b77720dd2b46cf7,,not-specified,2026-09-22,source-documentation
cdd-vermont-energy-2007-survey,data/vermont-energy-2007/survey.sav,283908,eed94b5323824bf4d598b405923f2e8f9422cb864111f6d226b6bcdc53b9fefa,ebb221cfbfed4a88fcd1f921e133ffe7,,not-specified,2026-09-22,poll-level-survey
cdd-vermont-energy-2007-survey-variables,data/vermont-energy-2007/variables.csv,34228,e61c004d64029911d71eaacb1b88e1551cdbdc0613d987b74f646051b080605b,3fa32c6f7732fd0deda8998683b30a70,,not-specified,2026-09-22,source-documentation
cdd-vermont-energy-2007-survey-value-labels,data/vermont-energy-2007/value-labels.csv,36120,f0044d449c2cb62af0c7602480f092794e7e69c55f1ce5c909886a99ca0ae273,6e931694cac24970819b12184aa3c1b2,,not-specified,2026-09-22,source-documentation
cdd-san-mateo-2008-survey,data/san-mateo-2008/survey.parquet,219184,e9c3245501b288a468a0adffe40aca914544a86f63d478a18c15b8afe828fd4c,074733667f030fea615fe50fe86964e8,,not-specified,2026-09-22,poll-level-survey
cdd-san-mateo-2008-survey-variables,data/san-mateo-2008/variables.csv,30897,a0966dbc5b539322b9e52eb73066d8d979d7907440ad3fcef69215bf3cec597a,7c06753611f87a2606068a4cdcdcfe90,,not-specified,2026-09-22,source-documentation
cdd-san-mateo-2008-survey-value-labels,data/san-mateo-2008/value-labels.csv,23348,0e43c45b64d78c81707ed128a4c8fe29cb2eaa1f45381d33f27bbadb1554dfd6,76b396271cd5cd796f4aaeb26f280a78,,not-specified,2026-09-22,source-documentation
cdd-michigan-2009-survey,data/michigan-2009/survey.parquet,190168,a827af55e3d8e85c6f1fb06a4a40e5de94e406640bf8e58e9b8635fcddeb1980,2d1a6809a1542d47639d655fd634ab42,,not-specified,2026-09-22,poll-level-survey
cdd-michigan-2009-survey-variables,data/michigan-2009/variables.csv,19996,396b78c56c069dacd26cf14904595e7b92bf2798b21738bc0a992bdca142503d,e384b439d657aa905c3cbba2a8e3b8c5,,not-specified,2026-09-22,source-documentation
cdd-michigan-2009-survey-value-labels,data/michigan-2009/value-labels.csv,39,355d2acaa276d4e050435819cd1870270f3a2cccddab59f6368ca593c0bf550c,1fbb35404cf034178732aed8554914b3,,not-specified,2026-09-22,source-documentation
cdd-denmark-euro-2000-survey,data/denmark-euro-2000/survey.parquet,97916,c6d0c21006eb4cb3efdb6a0f2105d49b8a636fa516801b5cd25077c2f32abd7a,99ce615a21ca5a4c0c4a4ac2554dc08b,,not-specified,2026-09-22,poll-level-survey
cdd-denmark-euro-2000-survey-variables,data/denmark-euro-2000/variables.csv,15065,3c3a462ab41f23d6cef0aed34013536424b3052bcc78c56f84a94a7eb9e8c031,8b090b8a032b43bef8d70a4ccc34ecf7,,not-specified,2026-09-22,source-documentation
cdd-denmark-euro-2000-survey-value-labels,data/denmark-euro-2000/value-labels.csv,9875,ff52ee83a0918671dff6c1847c001f610b83d6ff4db3684442e88bc4e5eebb42,e61e586f831405e153f145826e389514,,not-specified,2026-09-22,source-documentation
cdd-denmark-euro-2000-departure,data/denmark-euro-2000/departure.parquet,59928,eaef4b0c1c88f3a04cc7e736d3f7b4abcaa7cffbf0c90794f88fa014901da54d,80c5566e83252bbb2df526de63d1bae3,,not-specified,2026-09-22,poll-level-survey
cdd-denmark-euro-2000-departure-variables,data/denmark-euro-2000/departure-variables.csv,19177,2fd96993f6ee549ad7ab669c01c031d9ae0b140e46462651284bfdfc6c1015f0,7201bedd121d577c8c075544bdac2604,,not-specified,2026-09-22,source-documentation
cdd-denmark-euro-2000-departure-value-labels,data/denmark-euro-2000/departure-value-labels.csv,14412,dc70bffb0358fa462692a7d6b388d115240826ba967a29fbf0b822429395322f,eb9de858bf65c66c9fa6100cae5da0ec,,not-specified,2026-09-22,source-documentation
cdd-australia-republic-1999-codebook,data/australia-republic-1999/codebook.doc,452096,9015c687cc107079efafccd9d1ed224ab5d52b8f7906530423250e18b2363b84,dd39c1248f1c3269443c491f7796552b,,not-specified,2026-09-22,source-documentation
cdd-btp-2007-codebook,data/btp-2007/codebook.pdf,286790,235dbd209480dbf756f27a1ea40ee2455661480d72a7e8d4e20ac8c275f3e94d,53b6c4fc57f37931f2b23f22c7aea122,,not-specified,2026-09-22,source-documentation
cdd-btp-general-election-2004-questionnaires,data/btp-general-election-2004/questionnaires.doc,870400,67587e50e86f57e1840371cceff9d7656727090c8d9ec428d39c9186365f2395,0203f1af927f671c1c01c47ca397d16f,,not-specified,2026-09-22,source-documentation
cdd-btp-health-education-2005-questionnaire-pre,data/btp-health-education-2005/questionnaire-pre.doc,87040,9b1f2caf35f016d228f92ee5ff707de333bcefee82693cdf6a4b852373a43100,d1a2705753c28028c2de1c533ff7a168,,not-specified,2026-09-22,source-documentation
cdd-btp-health-education-2005-questionnaire-post,data/btp-health-education-2005/questionnaire-post.doc,99328,7473098bd96ce449008ac7369b509402ae776cfaa9ad14ace9ef9d36645ec05e,7502ad4f9d190892bb5d3713757b721f,,not-specified,2026-09-22,source-documentation
cdd-btp-online-primaries-2004-questionnaires,data/btp-online-primaries-2004/questionnaires.doc,4111360,bbb51cacedc8a5abbfb5642e588467dcbacea3578a916bff125f371c15dd55b4,3a15ef9e7a1ca53c1bc08c74dd96acf9,,not-specified,2026-09-22,source-documentation
cdd-bulgaria-crime-2002-questionnaire,data/bulgaria-crime-2002/questionnaire.doc,372736,7101f933cee01690014e04ca25b113c2336b2e1f0a317ad5d7d147ebcbf8d5ec,74d98df958504df4363f2344bbf2a4b1,,not-specified,2026-09-22,source-documentation
cdd-bulgaria-crime-2002-knowledge-index,data/bulgaria-crime-2002/knowledge-index.doc,35328,562147c29a8e69fa4bca2afa770d8b3578dff8322322e195bb426ad92f8b237c,947ffc6391b24cea647ab31b11870109,,not-specified,2026-09-22,source-documentation
cdd-california-whats-next-2011-questionnaire-pre,data/california-whats-next-2011/questionnaire-pre.doc,87040,5cb8718dc08fab6de8708ebc7d97a356ae314b3ea7f9364ea5fa229ac5632515,0e690dd14f047cd79ed73c0b31892d80,,not-specified,2026-09-22,source-documentation
cdd-california-whats-next-2011-questionnaire-post,data/california-whats-next-2011/questionnaire-post.doc,616448,bb884ed587bc5550b1345379f117b0a3f2a75d99672966279be867d031c1afef,925aedbb40460aa1697822b14458be74,,not-specified,2026-09-22,source-documentation
cdd-california-whats-next-2011-codebook,data/california-whats-next-2011/codebook.pdf,132147,15653df2886b48a7bf92ee43517b1024178f34fa1714ba87d1f47ebd0c629db2,4a9586698acf72c47eccbb737bcd9db7,,not-specified,2026-09-22,source-documentation
cdd-europolis-2009-codebook,data/europolis-2009/codebook.txt,282260,51201142b48d1431f5bd4cbfc1e3f0cfa3eadda9fcfff8d7822ff2abeb170e79,cd3d14053802c1a732497acd04e982f2,,not-specified,2026-09-22,source-documentation
cdd-europolis-2009-questionnaire-post,data/europolis-2009/questionnaire-post.doc,835584,66486d9ce06dc2568654ae654582d010d8afd454c0afe0162905d922b1172bbc,62bba766b5cedbe556cc742a462b6a0f,,not-specified,2026-09-22,source-documentation
cdd-nic-1996-codebook,data/nic-1996/codebook.txt,295025,60053b7f6c5f5cfad6692d21059690b85bac973d558830d83d65f985bbaa4a64,cbe526be178d232ee3f956e300850754,,not-specified,2026-09-22,source-documentation
cdd-nic-1996-questionnaire,data/nic-1996/questionnaire.pdf,13031987,7043a49db250a20be4b74ea76082ca52f369a334eab0cd279ed750cc566e8fc5,35e432353d6aa204fc06d5b58e5bd825,,not-specified,2026-09-22,source-documentation
cdd-tomorrows-europe-2007-questionnaire-post,data/tomorrows-europe-2007/questionnaire-post.doc,835584,dacfd087a535bffd06d1aa3dfd34fe2db79a961ced113bcd82a6d025475d2394,064d23cb505950ae68e2fc4b7bff8582,,not-specified,2026-09-22,source-documentation
cdd-vermont-energy-2007-questionnaire-post-key,data/vermont-energy-2007/questionnaire-post-key.doc,490496,27c69fe47665f6ced42d9c7725eb7c81d358e21ac0ab980c8584c5750af631f8,a30bdc69520b0af7bcf6e515e3ac4a59,,not-specified,2026-09-22,source-documentation
cdd-vermont-energy-2007-questionnaire-pre,data/vermont-energy-2007/questionnaire-pre.doc,82944,99406ad24dfee1ace1e78a15c508cc3ce3899e53ac1be1dcc19a2fdc024cd1ca,63ae0676e961e24fdd36dc00491985dd,,not-specified,2026-09-22,source-documentation
cdd-san-mateo-2008-questionnaire-pre,data/san-mateo-2008/questionnaire-pre.doc,143872,75389ffe5dfb9396db66e1c6b6a884ae76a390103cec4efce79338371ff431e6,1be88ab21f3011afaf7008b7ff5309c9,,not-specified,2026-09-22,source-documentation
cdd-san-mateo-2008-questionnaire-post,data/san-mateo-2008/questionnaire-post.doc,77824,4ad12296ffbfe03b6be24f035be9958bd51f9f86aa265c84aa8726ad13390a80,e8d6fcf01d336d02e326de4a71be43d2,,not-specified,2026-09-22,source-documentation
cdd-michigan-2009-questionnaire-pre,data/michigan-2009/questionnaire-pre.doc,76800,85185d7179ce2e61d4ba5969cb900ed48c44762629b441ff2ede41c62f0a92fc,0e7d201f7f73948c0c82e4a165a19844,,not-specified,2026-09-22,source-documentation
cdd-michigan-2009-questionnaire-post,data/michigan-2009/questionnaire-post.doc,345088,e60eadf90954b03ce3f364b03aa89b7b2aa083402cb1b8d3851af66a474c657b,87044044e0026d4fbe36a3b802625a57,,not-specified,2026-09-22,source-documentation
cdd-denmark-euro-2000-questionnaire,data/denmark-euro-2000/questionnaire.pdf,20512,5bc8044a853f8401528614a8083eef6618bb2e1fd8a5dbc803e9cd0566604aee,3d7c426ddb2fd3d61a20befbcd1f1696,,not-specified,2026-09-22,source-documentation
material-74d44cb66b9c0e8d,data/shared/other/dp-timeline-0924.jpg,101389,74d44cb66b9c0e8db0b0d758face9f27d1957b7ae28ccfb587869dd1ee2c9950,c5dd93d42843b12792ceec95fd7d2395,,NOASSERTION,2026-09-23,other
material-14f09619eb8626fc,data/shared/codebooks/attitude_indices/allpollindices.csv,11076,14f09619eb8626fc7861fe1bd3ca498a35fec8cfdcc8ba9728ff6e80b9e56992,e3fc478e45ef56f003575f4608930ac8,,NOASSERTION,2026-09-23,codebook
material-e0ff5cf4f836a41b,data/shared/codebooks/attitude_indices/allpollindices-withempiricalpremises.csv,26599,e0ff5cf4f836a41b9bb66245130d5246dd7a942668872045c5ee66be48d1f2f5,db69b27f07e8f7445298a2971deb9d54,,NOASSERTION,2026-09-23,codebook
material-c6c132019c208448,data/shared/codebooks/attitude_indices/cdd-codebook-gs.xlsx,14483,c6c132019c20844876a9031acb192383bbc23b644a7ca468f52e3acadae01169,1d09cac579fc16f359cdf9ab1a66935a,,NOASSERTION,2026-09-23,codebook
material-96bcda33e3a67bde,data/shared/codebooks/attitude_indices/indices-to-drop.docx,15045,96bcda33e3a67bdea8719cb38fa33c4424a5afcd74a096524ecb8ec1173179e4,b4e5944263255cad7bad60b08135a6b9,,NOASSERTION,2026-09-23,codebook
material-8be5e5276c472b7f,data/shared/codebooks/attitude_indices/past_versions/all-poll-indices-gaurav-sood-s-conflicted-copy-2014-11-13.xls,46080,8be5e5276c472b7fe42ffaed7c449b5fdccc96e931f37af04dae019186645370,861f61b165d26f9f6108b4b912efcc33,,NOASSERTION,2026-09-23,codebook
material-59836952ebb0797b,data/shared/codebooks/attitude_indices/past_versions/all-poll-indices-updated.xls,60416,59836952ebb0797b9b0fb99a6cb7f4a4a62fc46139e569315769945897af1a24,f908f8ffdcef7dfd73dc044a0023cec1,,NOASSERTION,2026-09-23,codebook
material-993307054376d82a,data/shared/codebooks/attitude_indices/past_versions/all-poll-indices-2014-11-15.xls,46080,993307054376d82a89be03a2e01aa92a3f4569415e49eeeca7c094b200c283eb,ff59303e1a0252cfba24004a8b58b1db,,NOASSERTION,2026-09-23,codebook
material-a547bfbddb6dc2ea,data/shared/codebooks/attitude_indices/past_versions/all-poll-indices-4-15-10-2.xlsx,39391,a547bfbddb6dc2eac8ac05e57c2b93a7d9fa09ef8af08f4470255c60047ed64f,cd56f432cc8d29aa35a70c84798d9d27,,NOASSERTION,2026-09-23,codebook
material-7a5c67ff4b658e76,data/shared/codebooks/attitude_indices/past_versions/all-poll-indices-4-15-10.xlsx,38433,7a5c67ff4b658e766b73e970581d518e380841e00b6ce7f572d50708f22f12b3,11a390c66a3a92ec5e0a236503852530,,NOASSERTION,2026-09-23,codebook
material-feb4293ad9f4fb94,data/shared/codebooks/attitude_indices/past_versions/all-poll-indices.xls,46080,feb4293ad9f4fb948e7f182072188ead941b64648efa9bb46f821159e314637a,48d04a7129c8bfe878d262e1a4e713b2,,NOASSERTION,2026-09-23,codebook
material-49d7614408bcf2b2,data/shared/codebooks/attitude_indices/past_versions/appendix-attitude-indices-pete-mohanty-s-conflicted-copy-2015-05-01.docx,50107,49d7614408bcf2b2864ce793b3b8eed8331ede0e78554ed087cd40370be08da6,d70e66ec8dc2e37ecb264efbd39bdd69,,NOASSERTION,2026-09-23,codebook
material-a8d824e9a72db414,data/shared/codebooks/attitude_indices/past_versions/appendix-attitude-indices-5-01-15.docx,58435,a8d824e9a72db414311e2bc452c0ca32ac78a61e10e6e6b45beb9173745755b2,9397916096c04c26799a00099fca0fba,,NOASSERTION,2026-09-23,codebook
material-73ec05d37cdeaf1c,data/shared/codebooks/attitude_indices/past_versions/appendix-attitude-indices-5-02-15.docx,63332,73ec05d37cdeaf1c90f40dca9dfe0ca69589d698918867786262696e91d1a3d7,d7f13baefc4232594cac3e8a31d4347b,,NOASSERTION,2026-09-23,codebook
material-c1840cbed2383c74,data/shared/codebooks/attitude_indices/past_versions/appendix-attitude-indices-5-02-15c.docx,63412,c1840cbed2383c7409e0c3aea0f0547516e47a8ee0fb11a2d93deb0ba7c5f371,eadeb641684f5a101b5059592ad84a1d,,NOASSERTION,2026-09-23,codebook
material-18dff77ad4b6f041,data/shared/codebooks/attitude_indices/past_versions/appendix-attitude-indices-6-02-15.docx,73513,18dff77ad4b6f041dee33001e162b9f148d5af9625dcbc74337352b63286a4a7,c17bb5a357343dbf210a754da0da4511,,NOASSERTION,2026-09-23,codebook
material-8d78f51913f2aff1,data/shared/codebooks/attitude_indices/past_versions/appendix-attitude-indices-6-07-15-rcl.docx,78933,8d78f51913f2aff1249ac63499e3eddd95be1a9b39eff6075d89efbcffc0b144,6a14eaa99cfc62de4cc93d43c40394c2,,NOASSERTION,2026-09-23,codebook
material-e906631c20733bf3,data/shared/codebooks/attitude_indices/past_versions/appendix-attitude-indices-11-25-2014.docx,32165,e906631c20733bf3ae424111507ffe36b3e5f27f6552c08947a3b8cc5798c649,72a3e01347d3fb1aa0762f0964f50576,,NOASSERTION,2026-09-23,codebook
material-15dc6fef4c2d0967,data/shared/codebooks/attitude_indices/past_versions/appendix-attitude-indices-12-2014.docx,48973,15dc6fef4c2d09671884a728ad23449beaf6e71f58c739dea5ee3fc28374fe8b,9ccf472d46ee756d827016fa5490846b,,NOASSERTION,2026-09-23,codebook
material-b2dadca3a2ffaf7e,data/shared/codebooks/attitude_indices/past_versions/attitude-indices.xls,50688,b2dadca3a2ffaf7e5625c3f6cf9b82e9f335e8aa4dad8868bba5cfa6f14f430e,3bcf20c074e58687b59e9ab7835e6594,,NOASSERTION,2026-09-23,codebook
material-0a7ba4f18e4a3d38,data/shared/codebooks/attitude_indices/past_versions/list-of-attitude-indices-all-polls.xls,46080,0a7ba4f18e4a3d3802ebc45dd0cf6a1558066394521f2a4f5358c20efda9d6e2,bb69be0e3fcc00bfc27edc546583b112,,NOASSERTION,2026-09-23,codebook
material-c762992815244f52,data/shared/codebooks/attitude_indices/past_versions/study-attindexname-attindexvar.csv,3288,c762992815244f5203f22d73a4c86aee42a821118830ad047651c44ea34db6ad,5b0a28c1c5e90da012527f03a58c7c7c,,NOASSERTION,2026-09-23,codebook
material-b5bc9390069f6c63,data/shared/codebooks/attitude_indices/past_versions/att-codebook.xls,20992,b5bc9390069f6c63e414c515d02f7d1b049c82da84a7a296fe9e225e0a738878,d6fdd24d5a2bc674c532a3b99348c39f,,NOASSERTION,2026-09-23,codebook
material-bf6b8d134167a917,data/shared/other/better-qs.doc,47104,bf6b8d134167a917881a936b373dbac3c5b64148b61ce0dd2d0699f6a6e94a39,4de9e779b5b8d915f217c566e99f42e7,,NOASSERTION,2026-09-23,other
material-9de7399390ce2e46,data/shared/briefing-materials/albuquerque.pdf,61180,9de7399390ce2e4602138aa5067100e1c6c7dfd16c3caeb445109f1c06c7eced,f3200ecec906d17720e7ea8b621de76d,,NOASSERTION,2026-09-23,briefing-material
material-fc75f5c3fd5aa134,data/shared/briefing-materials/batonrouge.pdf,39888,fc75f5c3fd5aa134822f6632603d5fb2a391fdb31170e2912c5f85e5e6dd2332,6f255e3a54c026302fc2b7987978cd54,,NOASSERTION,2026-09-23,briefing-material
material-30da158bd828347f,data/shared/briefing-materials/bowlinggreen.pdf,77629,30da158bd828347f818daddd815aba88f7886ffc8513157d2c6e3b4aad0860cf,a4334283ca60b9762ac25529200a782e,,NOASSERTION,2026-09-23,briefing-material
material-e22cf114ce27bf82,data/shared/briefing-materials/btp2003-nic1.pdf,571766,e22cf114ce27bf82150b9a8fbb1a7a71e5568a4cda296d5372af6ce7dce934de,0f1ceef0b37e64be82f41be1850bedc3,,NOASSERTION,2026-09-23,briefing-material
material-37d7741249efa6c3,data/shared/briefing-materials/btp2003-nic2.pdf,506899,37d7741249efa6c39227fa3603cffa839323915d665433ccb5234110533412bb,3bf680da55def8563b708f5a5ff08ad4,,NOASSERTION,2026-09-23,briefing-material
material-e4d515256fed3e3e,data/shared/briefing-materials/btp2003-nic3.pdf,545827,e4d515256fed3e3ecd855c6994cf1d344c138b068c7a31837d3d2ea80d51e700,eaff3a63f55d7fa26dbdf6328ba64de1,,NOASSERTION,2026-09-23,briefing-material
material-5fd4fcfe9767c285,data/shared/briefing-materials/btp2003-nic4.pdf,348388,5fd4fcfe9767c2851f7398c5266bd45132e7cc4077d8f347dbb6acf51c901976,480cd99aba8ecc681ac040a20b49db2d,,NOASSERTION,2026-09-23,briefing-material
material-55c92b39754401da,data/btp-general-election-2004/briefing-materials/btp2004-fall-security.pdf,310398,55c92b39754401da4d942ce11ba983bb475dce024ec7f5c1d069087fc610c2f9,819d86b88e0da29c6b8d1a415ccf6ff6,,NOASSERTION,2026-09-23,briefing-material
material-2a266dc63143c2c2,data/shared/briefing-materials/btp2004-spr-econ.pdf,115241,2a266dc63143c2c26b277263c360896a4efc2950d741c3f2a83e89a7953562a0,789b79599e2281a5719b556eaed779df,,NOASSERTION,2026-09-23,briefing-material
material-3d37aaff50497c1d,data/shared/briefing-materials/btp2004-spr-security.pdf,120849,3d37aaff50497c1dbcfee1ad1b0af447acea6b67257f884a5f5be56bb8a39412,3f2972991c898d114787e2164ad17ed0,,NOASSERTION,2026-09-23,briefing-material
material-4163f7e9106b2ce3,data/btp-health-education-2005/briefing-materials/btp2005-education.pdf,124771,4163f7e9106b2ce3176e75d178a41e2adef5f0027307bcd68932e9d15f692940,47fa4e42031b6b767f9bedb5be6eae3d,,NOASSERTION,2026-09-23,briefing-material
material-0faa7eba55720f6b,data/btp-health-education-2005/briefing-materials/btp2005-health.pdf,114580,0faa7eba55720f6b182ef5cc25b697e805b2ace5342c8c42595238551fdb6878,171617c25d393ba70817636353f9d624,,NOASSERTION,2026-09-23,briefing-material
material-34bd58ec4072e76d,data/shared/briefing-materials/charlottesville.pdf,19249,34bd58ec4072e76d77bb4f3e620e1fcbe33aa23592be259ea7ba6ec0fd9c831c,600829e4c86fb3a53a8c65c7faa51f0d,,NOASSERTION,2026-09-23,briefing-material
material-9553b278234d2f08,data/shared/briefing-materials/detroit.pdf,22731,9553b278234d2f08dfe447748a887422e6d3170d6e16b3a04440573ccb82298b,33567a047ce6ca38466138ba6ee3048a,,NOASSERTION,2026-09-23,briefing-material
material-0d384d9e763891f5,data/shared/briefing-materials/energy-elpaso-sp.pdf,14941835,0d384d9e763891f5cc565bd356d59e2a492c2feaa5a7cfe53baa5db5223c8fe1,87c1d5a7aaefa08861dec6503b259c4c,,NOASSERTION,2026-09-23,briefing-material
material-93dc3e4377a5fd06,data/shared/briefing-materials/energy-elpaso.pdf,13149389,93dc3e4377a5fd06680a1dcbf6e481a148324172441ab37a6fe03c0129c5b46c,3e223bbe2ef7c18214a933879232b518,,NOASSERTION,2026-09-23,briefing-material
material-d82461045afd8e7f,data/shared/briefing-materials/energy-entergy.pdf,27961837,d82461045afd8e7f1de5e63943e68cc3e56a8970249e3e154f12d95fdd10614f,a8bfedc23748d1a81b6bbe4622601e0d,,NOASSERTION,2026-09-23,briefing-material
material-9060692fc621ea43,data/shared/briefing-materials/energy-sps.pdf,48118472,9060692fc621ea43f8582f0d5efff4de58cc31f430babb9cc5e7a45d2e2eeb96,0f44ea77e48d0d0335d113e3bb9c546b,,NOASSERTION,2026-09-23,briefing-material
material-b799c201e709521e,data/swepco-1996/briefing-materials/energy-swepco.pdf,13899843,b799c201e709521e32cc9a1de0e4bdfecaa7e89fd57e2600d10d12d64d98dcc8,36be42e1dadfd5783333ab9aa1f49ea5,,NOASSERTION,2026-09-23,briefing-material
material-bacb7c20f9ccfb91,data/shared/briefing-materials/energy-tuc.pdf,39517655,bacb7c20f9ccfb91e803fcc99a4e599af4904577cd853a48ed4d3ecd5ab15481,d7109ea299981855f9863ad51ab01eec,,NOASSERTION,2026-09-23,briefing-material
material-d647471b30f926dc,data/wtu-1996/briefing-materials/energy-wtu.pdf,16125587,d647471b30f926dcc03c54a7df11cf8ec7ba54b3ea9d72833fb0c394a1613704,a39ba3a1da3627d2d0ead9b6372fd7c3,,NOASSERTION,2026-09-23,briefing-material
material-9483e666b465b135,data/shared/briefing-materials/kansascity.pdf,403078,9483e666b465b135ffcb3d1a767bebef7bb50ed75dc592d4fa1a74efc8a0eda9,8b302117448e150439e4f5c85ce612cd,,NOASSERTION,2026-09-23,briefing-material
material-14da714460db9e83,data/shared/briefing-materials/miami.pdf,39813,14da714460db9e83baa2ad7fe22a3ae4bd1de4f4d9f97eb6d7d1c497ca184dcf,a793b4a3f3adcb169cd4f389125bda35,,NOASSERTION,2026-09-23,briefing-material
material-7ce62d2da75168c5,data/shared/briefing-materials/muncie.pdf,57709,7ce62d2da75168c5d25ff238ce88677397038cd15186b2e50fefae8e7654b7fc,2282acd20fefa0f3989de27b0eb1d9b9,,NOASSERTION,2026-09-23,briefing-material
material-cdf176b42f91f794,data/shared/briefing-materials/nebraska.pdf,109973,cdf176b42f91f7942d2a6f3523029acb2694ae587a02db371464b8925cb93484,78e828437bca3adee518b4ab5eb74052,,NOASSERTION,2026-09-23,briefing-material
material-26c37553013fcf4b,data/shared/briefing-materials/newhaven.pdf,131785,26c37553013fcf4b81dbe62cac545a028776250732eb797ea8c45ce45add4a31,f6fb7db808175f409c81e25044d3d3b1,,NOASSERTION,2026-09-23,briefing-material
material-99247b0bb1a1091f,data/nic-1996/briefing-materials/nic-issues96.pdf,13626993,99247b0bb1a1091fd31acb7c4951af956ab0c23473fc432872308f74076caabc,8d0b7d1736d0f3d1c82057930c386798,,NOASSERTION,2026-09-23,briefing-material
material-ca9d9d5b219646bc,data/shared/briefing-materials/rochester.pdf,57501,ca9d9d5b219646bcb5b6ba647bd9935028d600a53bb0fd63eb691bb921b9e549,f68065b8d538a858624208a402e9b9e0,,NOASSERTION,2026-09-23,briefing-material
material-e08ccad4db68fd52,data/bulgaria-2007/reports/bulgaria-results.pdf,25421,e08ccad4db68fd52f0ceddbf5aff4fc4c16db57f8269fb73919a2e74be833a0b,26b2e01e3d7e55dd99f6d95587401e19,,NOASSERTION,2026-09-23,press-release
material-200a7dbb56cc4ee8,data/zeguo-2005/papers/china-zeguo-bjps.pdf,128079,200a7dbb56cc4ee854b73c15e456b361f77d79525ad4c74d17b7c7ef7ff41620,63f1c658c18db0062606e43c118bf7e9,,NOASSERTION,2026-09-23,paper
material-628f37bfc90de006,data/uk-crime-1994/papers/consideredopinions.pdf,236548,628f37bfc90de006530a772cf1476dbe281a43924d445afa2d32688bf95c8462,d6f0b0e87d0d743ae8037450080fdcc2,,NOASSERTION,2026-09-23,paper
material-1ee4b1a7a598708d,data/shared/papers/deliberation-and-public-spiritedness-rui-wang-5-22-14-working-paper.docx,98547,1ee4b1a7a598708dbae08be396c5097b13979ee806a0806c99ab97d3d16beb73,ece558c4799fbf60e93c435e0e5156aa,,NOASSERTION,2026-09-23,paper
material-03b1a5b29192fdc1,data/new-haven-2004/papers/disaggregating-deliberation-27s-effects-28lsero-29.pdf,449560,03b1a5b29192fdc1f00b69c752b2e232fa395a1826b67b773994406612b5d590,1548ace12fd82f84cd54508f302db327,,NOASSERTION,2026-09-23,paper
material-e5810000cee8ab2b,data/shared/papers/karpowitzmendelbergshaker-apsa-2010-final.pdf,1532546,e5810000cee8ab2b03271c5bb5b192ee6c3c7338c425b410300199ce8be48f3c,d567b0a8af9402a88857337e21c2a011,,NOASSERTION,2026-09-23,paper
material-9e22605b26bbd3e3,data/nic-1996/papers/luskin-fishkin-2002.doc,589312,9e22605b26bbd3e3b1a8e1e7b2b39adf5eb7497b4a8f3f22d5814a01bd2e5acb,345e5c786c420359b49241dd16b3a841,,NOASSERTION,2026-09-23,paper
material-e23cc55a7b7a3db7,data/shared/papers/petrowtransuepaper.pdf,858043,e23cc55a7b7a3db706654ac181c3cd801eac5a7be734e709568352ea368ffcdc,effd678c6eab01fba6e9d67b6aa942cf,,NOASSERTION,2026-09-23,paper
material-39c71dcd37d97247,data/shared/other/rclbib.rtf,140366,39c71dcd37d972470a9c538e87aab8ce5e0f3222466d28f6d9a3938cf51d55ac,3ca52e8abf23b5f735f8cc65761a1e8d,,NOASSERTION,2026-09-23,other
material-6eaeae118f40db64,data/shared/papers/sturgis-30-65.pdf,187045,6eaeae118f40db646e57aa003315d5f1099de02f580f4731cc4f4baa133e1adc,9faf6f55dface0032f9419011df9676e,,NOASSERTION,2026-09-23,paper
material-cdd3ff1e869846b9,data/shared/papers/util-appam.doc,449024,cdd3ff1e869846b9c1e3cd5b4da5c80aab2794e764426b90ec88df2f474e3f45,7d49224eca07423d9a37ecc6b9fcd95b,,NOASSERTION,2026-09-23,paper
material-218f80d359921e91,data/australia-republic-1999/papers/adp5.doc,772096,218f80d359921e918cb440c745e09b4d8cd249bd1bd5d06d2d82da0e73bdbbfd,b01e3a4f2e3f3e650345f5b70c259f3d,,NOASSERTION,2026-09-23,paper
material-23c5b75b923aa418,data/shared/papers/engagement4b.doc,283648,23c5b75b923aa418cce84548c435ac3f7cc04a113d9c49e8f14b6960bc546f16,0ad5515ec7a12550de5c726c27170df2,,NOASSERTION,2026-09-23,paper
material-e1ec2452199db976,data/northern-ireland-2007/papers/fishkin-deep-divides.pdf,1400164,e1ec2452199db97618205f38f23a61458b6c0e701993391f511e1e7a6472e227,070d6210255fed67e701e2605dba87a2,,NOASSERTION,2026-09-23,paper
material-a09a60580bd36c91,data/shared/papers/fishkin-porto-alegre.pdf,726228,a09a60580bd36c91149d608da473111bf438d6b886ff2da39e786e3b1925599f,a6f61d900142dae54c20f5f6b39ae45d,,NOASSERTION,2026-09-23,paper
material-90cbc9c9cb25b21c,data/shared/papers/foreign-policy.pdf,187014,90cbc9c9cb25b21cbcd69098c7c7e7ca0a2a2f35a7bf0bcbd11d31cb54243711,c708d793451b65a36665949bf838eaba,,NOASSERTION,2026-09-23,paper
material-77127c12491dcc60,data/uk-general-election-1997/papers/ge2.doc,119808,77127c12491dcc60823529e52239cd68af50488cdcd94ca5be5a9ea4bb25d733,9cd767657cdcda04e22b0d1dcb1648d6,,NOASSERTION,2026-09-23,paper
material-f51efc2dc1f9a9a1,data/nic-1996/papers/issues-convention.pdf,295155,f51efc2dc1f9a9a1d581f26be6ce2c811814f414b297dacbff10a328361b93eb,14d872c8ac013dfa8be301e57f42f224,,NOASSERTION,2026-09-23,paper
material-4a3aa177d7810b1b,data/shared/papers/list-luskin-fishkin-mclean-2013-jop.pdf,144055,4a3aa177d7810b1b1c2c9e294c53f2fbd38922ab138d71e298c6fd8bf138c763,0c3433281dc6a4cbd590d773ab1f13a0,,NOASSERTION,2026-09-23,paper
material-a9604e1abc61af70,data/shared/papers/list-meaningful-democracy.pdf,144239,a9604e1abc61af70b5006334527367542e1858a3dac264f04d1944b1dc8d2c5a,5ecd2afbda91faa27f334b80404fc281,,NOASSERTION,2026-09-23,paper
material-f3671213505686ab,data/shared/papers/presidential-nomination.pdf,144776,f3671213505686abc0e58b69c631797ea3f38a02b5065db797738ac9bad88528,a6e4f136e2fb5b2ab15e141f4c55b2be,,NOASSERTION,2026-09-23,paper
material-821008bacaea42d8,data/shared/papers/structuration200601-c.doc,244736,821008bacaea42d817d8d01ee3b65b15e4ee12fe00847263383b1e1a42101404,1db1b11e1b76fd939c3412311acdd4ee,,NOASSERTION,2026-09-23,paper
material-f82a63aa53a2c53a,data/shared/other/checklist/checklist.txt,695,f82a63aa53a2c53a8b5816718564eef0352279ecf7d126ad8a8894ea48ddc2ae,7979d3f9230d9b043c7affdae5b99fb9,,NOASSERTION,2026-09-23,other
material-f89088b17abe6e83,data/shared/other/checklist/checklist.xlsx,11580,f89088b17abe6e83aa6bcba30a5f1af3e1e4425b8162605626e2158189bc542a,b02cf9e74d47cdbfb65fcc744760bbc4,,NOASSERTION,2026-09-23,other
material-d5f46f9a68f01125,data/shared/other/checklist/data-and-command-file-checklist.xlsx,10400,d5f46f9a68f011257e432cd17d60e4126f4ccbbaf498b6a06085bcd2bdbae8ff,4d7582081c2800d67be3b7c32078ccd1,,NOASSERTION,2026-09-23,other
material-1afc0ab70555bb5f,data/shared/other/dp-eval-qs.xlsx,12260,1afc0ab70555bb5fe35607cfee462b44073c721bc2ba89890a5b101f82a0dee1,4a99f2867bfbeb1b91cfe2dda72284a3,,NOASSERTION,2026-09-23,other
material-66a872e85d4ac72f,data/shared/codebooks/hlm_codebook/hlmcodebook-2.xlsx,17524,66a872e85d4ac72f17778c1c66e1a98370c4ec6acdf1362900dcfd4c08033367,4fa9004c62757e88e992e831d5c664a5,,NOASSERTION,2026-09-23,codebook
material-b3822ab0e467d621,data/shared/codebooks/hlm_codebook/hlmcodebook-v10.xls,36352,b3822ab0e467d621f9f73a80542672e0d36e3e97df1f7942f4b6c7b5f3d06c79,f1d313c7892f6f6cbbf963d72706dff6,,NOASSERTION,2026-09-23,codebook
material-6d02c83d70448862,data/shared/codebooks/hlm_codebook/hlmcodebook-v2.xls,22016,6d02c83d704488626eb77c25d0f71f1b18268b0274a7dff14ff6759bfb4ec9d6,bd1bb934bf151facc962c6814e7c20c4,,NOASSERTION,2026-09-23,codebook
material-2e5ae5b514868897,data/shared/codebooks/hlm_codebook/hlmcodebook-v4.xls,26624,2e5ae5b5148688978ff1d2ce6e2124d57deb100e412b9472b1147ab458c0033a,93767550f5509c8a3a0ef6d1f02f1591,,NOASSERTION,2026-09-23,codebook
material-f47c6b8aca1aec18,data/shared/codebooks/hlm_codebook/hlmcodebook-v5-1.xls,27136,f47c6b8aca1aec186906a21f8587b0866efb9eb9e9992a8743c1bb5194bb41ee,29a64e84a66b81dd5ce9ddbef494882f,,NOASSERTION,2026-09-23,codebook
material-acc7e178b87147d4,data/shared/codebooks/hlm_codebook/hlmcodebook-v7.xls,27648,acc7e178b87147d440de3cdaf2cdea7b50168a572d2c231a3a493f9c4be539bf,1fd5b0276612d01ea746b88617e76503,,NOASSERTION,2026-09-23,codebook
material-4035894c4e16c962,data/shared/codebooks/hlm_codebook/hlmcodebook-v8.xls,28672,4035894c4e16c962e50a59df227aefe0b71c506af1eab494036a87a091761845,5a4efdea6b3409bb40afe8f674c3f26a,,NOASSERTION,2026-09-23,codebook
material-ab399a9477e352a6,data/shared/codebooks/hlm_codebook/hlmcodebook-v9.xlsx,13992,ab399a9477e352a6e64437aae5d125e74c5535ac01a96e9cd62db9733e1a74a1,016413ee165c464db2273b521962138a,,NOASSERTION,2026-09-23,codebook
material-9408908108592c63,data/shared/codebooks/knowledge_indices/appendix-a-1-13-14.docx,34042,9408908108592c6339ae1041bd0d118c210451535cd317be4c431871b0c5e75c,e14fd3c4f9edd0c6edf7789ba3857322,,NOASSERTION,2026-09-23,codebook
material-a6eea8ca19a00fe8,data/shared/codebooks/knowledge_indices/appendix-a-9-14-14.docx,45762,a6eea8ca19a00fe84b2b3bab798a67aec325c43ae5be66f3a51525976e1032d1,e485bcdf4ccae008b9b4dbd8c93bd3dd,,NOASSERTION,2026-09-23,codebook
material-fc3e329e227b568a,data/shared/codebooks/knowledge_indices/list-of-knowledge-indices-all-polls.xls,24576,fc3e329e227b568a357db61f610ff0ce471c4f22016a89b9cc8d6b8683afeb1d,2a24794d9ba4eb11868ddad7b12d9f93,,NOASSERTION,2026-09-23,codebook
material-df5c28a4180da92b,data/shared/codebooks/knowledge_indices/pk-rosetta-stone.xls,28160,df5c28a4180da92b2e894fe23f184929cd06a95937d75902a456cf3e0758dcd0,89f19a889b80e8535527e64fbb72c376,,NOASSERTION,2026-09-23,codebook
material-7731a4ce1a2d98a7,data/shared/design/poll_details/appendix-poll-details-5-18-14-e.docx,36823,7731a4ce1a2d98a79b7ae2657648c01a1625bad2d4be07c3bd97c2b029d869d1,535382338ea93b81ca329bb90bbd3988,,NOASSERTION,2026-09-23,research-design
material-eace08601d40ebba,data/shared/design/poll_details/past/appendix-poll-details-5-18-14-2.docx,28665,eace08601d40ebbabfd4e52ff3d04beb19cf11919aa22b103e9eb155efee7aaa,c5b537fa39e8d30d8b08d7ba6484a4c4,,NOASSERTION,2026-09-23,research-design
material-047db0bf6d38cf20,data/shared/design/poll_details/past/appendix-poll-details-5-18-14-c.docx,34090,047db0bf6d38cf20a153ec4c8bae4bff714dee860317b95b63df07ce3bad2118,78c60961fdd096b0f89a6e8fdecc25ea,,NOASSERTION,2026-09-23,research-design
material-acd70066f4703d5d,data/shared/design/poll_details/past/appendix-poll-details-5-18-14-d.docx,36347,acd70066f4703d5dce004dfad11b1a2f025b4d59f2273301f3fd0582f69cef55,5ccf34c9a0444350caf4f3aa88c728ac,,NOASSERTION,2026-09-23,research-design
material-0b291a74729b76e5,data/shared/design/poll_details/past/appendix-poll-details-5-18-14.docx,23776,0b291a74729b76e5be59142e20df8d90e9602faf6b460f83e4dfae32d4d19b3f,36e657154c8c8671a4736bdd6cefb5b2,,NOASSERTION,2026-09-23,research-design
material-e4c35bffde2f9dd9,data/shared/design/poll_details/past/appendix-b-1-13-14.docx,22890,e4c35bffde2f9dd96ced3d3ca920d1dfa159eea3f947dfae47c1a4d9d1680a81,dd335c101e4f100b1f5e6ef57a81264c,,NOASSERTION,2026-09-23,research-design
material-ac46fbab5916d6eb,data/shared/design/poll_details/past_append_a_poll/appendix-a-poll-details-06-01-15-edited.docx,34274,ac46fbab5916d6ebeb391b54f55c6d4ccb7b08728320d7592dec5eb0c321191d,d42fe2fbcc8ad01ad66bfa744e38436e,,NOASSERTION,2026-09-23,research-design
material-55b43bb92c971471,data/shared/design/poll_details/past_append_a_poll/appendix-a-poll-details-06-01-15.docx,33920,55b43bb92c97147171efff242480d6cc310520531a5c5763c6bfb03d126206a2,5a0a5128914fb12635972a5869bdf016,,NOASSERTION,2026-09-23,research-design
material-441b25b70fb7cc7d,data/shared/design/poll_details/past_append_a_poll/appendix-a-poll-details-06-01-15-gs.docx,28026,441b25b70fb7cc7dcd79485eb5679d42d1de44bd98390a5ac97496b0bc7ff057,9a7f533f5e61768325804a12c50ff5ef,,NOASSERTION,2026-09-23,research-design
material-0f108cdeffe1e3a6,data/shared/design/poll_details/past_append_a_poll/appendix-a-poll-details-06-01-15-gsb.docx,28273,0f108cdeffe1e3a6819640819d7b5564b26c91d0de895f1c790271562c92afea,849bea062af3284444805714ebd326d9,,NOASSERTION,2026-09-23,research-design
material-80d63c439de27a0d,data/shared/design/poll_details/past_append_a_poll/appendix-a-poll-details-06-07-15-b.docx,28136,80d63c439de27a0d2703e6dac27453dfc67142315ffb45a59ec6da260bb03569,6b1747a126c50a646626ac54ad94798f,,NOASSERTION,2026-09-23,research-design
material-8fdc086130500220,data/shared/design/poll_details/past_append_a_poll/appendix-a-poll-details-06-07-15.docx,28280,8fdc08613050022024a06fc0a4219fa57232cb712004c10a677f477f2740b357,be092d7daa995a900cc181971d7a304c,,NOASSERTION,2026-09-23,research-design
material-de8b2dc0fe4cdce2,data/shared/design/poll_details/past_append_a_poll/appendix-a-poll-details-5-01-15.docx,34719,de8b2dc0fe4cdce23334b7ef2cdbd83656b09df2aa08e421bf3011dfa15d43de,fecb7cf61596dd25e0ad2ac47f183cc3,,NOASSERTION,2026-09-23,research-design
material-4c28a6fe637eb25b,data/shared/design/poll_details/past_append_a_poll/appendix-a-poll-details-5-01-15b.docx,35888,4c28a6fe637eb25bb30c26b93a93b6990eaf92b630b850e21c4c7eca80da9f2d,cb4961b4b581b44e8b68c24f4d4c9b70,,NOASSERTION,2026-09-23,research-design
material-b3486b3e9f780bcc,data/shared/design/poll_details/pollid-pollname.csv,290,b3486b3e9f780bccdd5fef3e76ba6f35da5c2ebb9759508fcf5e84c9291e1458,e4d4027386ae55c6c40d9c0a9d23e729,,NOASSERTION,2026-09-23,research-design
material-69751ae1a1952234,data/shared/codebooks/rosetta_stone/rosetta-stone-2.xls,38400,69751ae1a1952234ba59b6ec1bf880c55eac5abcf303364d7df477d073c9a428,5c995a46c3c018fbc995045fa4c7af83,,NOASSERTION,2026-09-23,codebook
material-7af1872d80219bc0,data/shared/codebooks/rosetta_stone/rosetta-stone.xls,33280,7af1872d80219bc0f745e63c426cec847e480a8c2aa180072f6e2a838b4974c3,dcc10c7e2a2e3611ed86c2ea12bf6110,,NOASSERTION,2026-09-23,codebook
material-eabf0fc4da9a721a,data/shared/papers/utilities-paper.pdf,59427,eabf0fc4da9a721a6ec7b90f7a104f1373153c97096d99b9111012a1218ef122,0f06cf4d1540330aea0d3aca3a103e5b,,NOASSERTION,2026-09-23,paper
material-d74cf3d2a3e6254d,data/shared/questionnaires/utilities-questionnaires.pdf,203310,d74cf3d2a3e6254db3e20167083a855a21a7061db2a5885983d10c9e9d6da8f9,accb06a751fbd0b7ad43a560f9d4398b,,NOASSERTION,2026-09-23,questionnaire
material-ee96cf90494a2ada,data/shared/reports/utilities-nrel-report.pdf,218729,ee96cf90494a2ada2dd58a7b95bdac0499b84cb159f55649a53646744f084ba3,e92cc6712994a1a86a3dbc2bae1862c3,,NOASSERTION,2026-09-23,event-report
material-26f8e4dfcdba7271,data/nic-1996/questionnaires/nic-questionnaire.pdf,5959308,26f8e4dfcdba7271d9020d1dd167045924d12803882abc3216ed12928f6576e8,7bd260f63f036dcf70c1e87191b642ed,,NOASSERTION,2026-09-23,questionnaire
material-a5ff547ec303d781,data/btp-health-education-2005/questionnaires/btp-health-education-questionnaire.pdf,94825,a5ff547ec303d7810cbbd23b9d3ef0005f2a4c342962060c649cf558282d8aca,b8ce04f94be4be0b6efbee2e677844f9,,NOASSERTION,2026-09-23,questionnaire
material-e60d75d559b532ae,data/btp-health-education-2005/reports/btp-health-education-results.pdf,39100,e60d75d559b532ae4bb1f3fa4ebbef7fec0c3ad8d8a2370990881d3c1917b2a4,355fcd97d6c1fed281a8ba960019b8eb,,NOASSERTION,2026-09-23,event-report
material-bfc4c51bee16ef67,data/bulgaria-crime-2002/questionnaires/bulgaria-crime-questionnaire.pdf,139620,bfc4c51bee16ef674bb67faa7f2dd69d351fb280318c7bdf90df66a0a7267b5f,d86fb7f3d66af828c03f4ba5896a9301,,NOASSERTION,2026-09-23,questionnaire
material-ee26ba3b4b986754,data/denmark-euro-2000/questionnaires/denmark-questionnaire.pdf,20486,ee26ba3b4b986754eea7766da220f58df282e95b48779dda11a8463a71202c8b,2168eef219afcddc36597c9c64a934b4,,NOASSERTION,2026-09-23,questionnaire
material-e4ff48dd7ec7136b,data/marousi-2006/questionnaires/marousi-questionnaire.pdf,52463,e4ff48dd7ec7136bf9dd8f5a758fe001240f88ff0d4e74f5d5b63539c06a0abe,5ed7911d75a5f56f20d1ebf02825a087,,NOASSERTION,2026-09-23,questionnaire
material-4ee886368a2d2e44,data/san-mateo-2008/briefing-materials/san-mateo-briefing.pdf,443110,4ee886368a2d2e44589f75cb78984821443472cbc967e92136b6bf3e0a2566c0,881a760c88479088e954a676a92dfe64,,NOASSERTION,2026-09-23,briefing-material
material-10838bd9c27c047e,data/northern-ireland-2007/papers/northern-ireland-paper.pdf,200518,10838bd9c27c047e349cd2a8447c7146ec0822351ccad39d543b937a315a8f11,1c5fd47bd5aa5db4e0415e0fa2077f07,,NOASSERTION,2026-09-23,paper
material-dd722fd627b2e9f0,data/shared/papers/foreign-policy-paper.pdf,320678,dd722fd627b2e9f0f598e3280b16d278320382d6ac809bf51c1a6e15ff18fc7c,ae1fe1ac7936cee67676a36bf71b9338,,NOASSERTION,2026-09-23,event-report
material-6a7c1093a7155f60,data/btp-general-election-2004/reports/online-election-results.pdf,29015,6a7c1093a7155f6071a8132f91fe956cdbc4d62f54bb6bc4fd3004a2faa97759,b15be1b7264bfa69b3ebd60fee25057d,,NOASSERTION,2026-09-23,event-report
material-15325174029c8c47,data/btp-2007/reports/btp-2007-results.pdf,26230,15325174029c8c47da1667f44d0b4870b7c6ba9538e5076e63b91af94dd1ef19,13e7dca96f38085837c3513c2b526fd7,,NOASSERTION,2026-09-23,event-report
material-0b2e0edeea3aca9c,data/california-whats-next-2011/reports/california-report.pdf,3132953,0b2e0edeea3aca9c6d7f5c6b31822da2ab4852fd672ac4cea8783ff9ffeba979,21298ae0198cc0be4cc247986746e9be,,NOASSERTION,2026-09-23,event-report
material-fe97b92d2e9a1c8e,data/shared/papers/primaries-paper.pdf,144773,fe97b92d2e9a1c8ecc786f267fd806b11e8ac19b9bff0b57cd5e913336f2ab80,8b935bf5a126ad7c951e7ca0978e961d,,NOASSERTION,2026-09-23,paper
material-1a6478af06bb3df1,data/uk-general-election-1997/papers/british-election-paper.pdf,43516,1a6478af06bb3df1b67b4eba901bc3f0412db7fc70c9d3b9f79e1213cfa1c4e7,267dec41fe59c55f02b809867a49c2ce,,NOASSERTION,2026-09-23,paper
material-6180dbb6f0a7a41c,data/uk-crime-1994/papers/british-crime-paper.pdf,141864,6180dbb6f0a7a41c19be27a801296e53f64ccd621e0f5c23ba8d4276cf4a865d,cd09c2dbaebf91c38031cdc23311e33f,,NOASSERTION,2026-09-23,paper
material-a7a3c9c03cb4f75a,data/australia-republic-1999/papers/australia-referendum-paper.pdf,239658,a7a3c9c03cb4f75a06337081b46d18f4942152dd416a93fe29f0afaf06792552,f931cbaf47afe9c1d3074d0eea72b6dc,,NOASSERTION,2026-09-23,paper
material-53315bd489de4e58,data/nic-1996/papers/nic-paper.pdf,295153,53315bd489de4e58b643071f0f5c99544c0a1a03c3c7fa6409e891a41c2a02b4,947952fc4b934771ceec5170a1c63fc1,,NOASSERTION,2026-09-23,paper
material-7ad6c3c2eb5f0731,data/shared/papers/deliberation-net-change-paper.pdf,48273,7ad6c3c2eb5f0731dfef055365cfd661fe3ef5be00f7d8ceb5136972fefd58ac,22bf3b709072f824fca204375b63c0dc,,NOASSERTION,2026-09-23,paper
material-3d9d41d8bc592937,data/shared/papers/public-consultation-paper.pdf,68731,3d9d41d8bc592937c0f7520676d2e1c2140c031df8ac0700edf31e2a559df645,d7de81ed2499a933048a212f45d684d9,,NOASSERTION,2026-09-23,paper
material-025f70acbb91c4dd,data/bulgaria-crime-2002/reports/bulgaria-crime-results.pdf,177486,025f70acbb91c4dd700b508d091ec1d46c85c48a00873462bbe01abe854b6940,a85cc567534b5579e6e1dabd0a7e4ac7,,NOASSERTION,2026-09-23,event-report
material-d1ce28351e39622b,data/bulgaria-2007/reports/bulgaria-roma-results.pdf,21773,d1ce28351e39622b44961cbf6dc7144ccc8a773e414ed5ce78e51c7ad4d4cf70,45a337ec0cdf28a4e193c3294d3ca43c,,NOASSERTION,2026-09-23,press-release
material-583e1dd46d32ddf7,data/san-mateo-2008/reports/san-mateo-results.pdf,133312,583e1dd46d32ddf7696f38ea184e847e9bb39e5b64d6ccd657ec4c7a79d94c7c,c080f8d6d2d10179e64d6344baf5bf9f,,NOASSERTION,2026-09-23,event-report
material-a8dcbc6a800da6df,data/zeguo-2005/reports/zeguo-results.pdf,846282,a8dcbc6a800da6df4592dbc6b79a7bfa896a5a1772ff41c2cdea83bf99199939,22fbdafb56c595e5c809db2ee338a9c7,,NOASSERTION,2026-09-23,event-report
material-7da07755d2a41276,data/marousi-2006/reports/marousi-results.pdf,54950,7da07755d2a41276c24dc654980865220855e23b590a7f7a3d99c83c3353a15d,bd258da4b8c53c83277d45db44383051,,NOASSERTION,2026-09-23,event-report
material-74c9b79b98a13028,data/denmark-euro-2000/reports/denmark-results.pdf,13375,74c9b79b98a130286579555f09678632a5826f36637b85d4296f2db5c461cc0c,08185d0b6cf764511882f344e1d08322,,NOASSERTION,2026-09-23,event-report
material-e4be44c4c45bb8d6,data/nic2-2003/questionnaires/nic2-control-questionnaire.pdf,160174,e4be44c4c45bb8d624cce0af18527c4623e21a689fd2cb0190fab0ffdec8960f,b033064ee9e7d9f94f61b95c7ba3c701,,NOASSERTION,2026-09-23,questionnaire
material-1995d0d2d8096db1,data/nic2-2003/questionnaires/nic2-treatment-questionnaire.pdf,109651,1995d0d2d8096db175d75511ca6817e791e10b3d1191088170304a15632264c3,1a17f440d0714273405a67241bb39b78,,NOASSERTION,2026-09-23,questionnaire
material-ea98e8b86f693edf,data/btp-national-2003/questionnaires/btp-national-questionnaire.pdf,46290,ea98e8b86f693edf5ecd4e9599cbe05b8e59010e00c145b07b63ed283c84d518,5bd5be5025f768616c02ec7779c77f76,,NOASSERTION,2026-09-23,questionnaire
material-74e34d348825e2fa,data/europolis-2009/papers/europolis-research-paper.pdf,157990,74e34d348825e2fa07d70522b9597989a43828b897e18b2abe824a864fe1555e,ac79c81568f8a8714f442df6936441c2,,NOASSERTION,2026-09-23,paper
material-8a628e3964b79904,data/europolis-2009/design/europolis-research-appendix.pdf,96169,8a628e3964b79904c51e5b1132e72dc993499bacaa55e9ee1a01f80fbd81edac,a302dadca983e08885c5767f359411f1,,NOASSERTION,2026-09-23,research-design
material-751f122eddd882c6,data/europolis-2009/reports/europolis-attitudes.pdf,358371,751f122eddd882c6ccce2ccef07726994535d85fececd700214e8d394b6ff6b8,328e8887dfa783402fed51d822ae935e,,NOASSERTION,2026-09-23,event-report
material-940941bbf88e0216,data/europolis-2009/reports/europolis-knowledge.pdf,241150,940941bbf88e0216b5b30f19b1a76a79fec044ae7368937c68efd10004f7a391,ef2e66cc5344f023dad7d9d3700f1693,,NOASSERTION,2026-09-23,event-report
material-86bcea3e357b2aef,data/tomorrows-europe-2007/papers/tomorrows-europe-research-paper.pdf,286805,86bcea3e357b2aefc3ada4f473d4b421768e9b65e741fcc2e8bc232b07d1a0ec,94258ab781b3dd0333edaa3cbfe28049,,NOASSERTION,2026-09-23,paper
material-9710e3ebbfe9a06b,data/tomorrows-europe-2007/reports/tomorrows-europe-attitudes.pdf,57299,9710e3ebbfe9a06bfa71e858d2b9f429a3e16de70474ba10141147b9302b8b95,b0f8490c20ba92f4a14e766990c3dced,,NOASSERTION,2026-09-23,event-report
material-37b35008f0af201c,data/tomorrows-europe-2007/reports/tomorrows-europe-knowledge.pdf,23836,37b35008f0af201c77d2d7c839ff7f12d2346f2518965000631e879bed591858,1fab365abb3287b878792cb671bff123,,NOASSERTION,2026-09-23,event-report
material-4710440da6eb03c4,data/vermont-energy-2007/reports/vermont-final-report.pdf,3841794,4710440da6eb03c4dd17688af09c7833d713c9aca2ec9ddf820b829689ff3db3,21f586f2aaf302f8a2ba59f353822766,,NOASSERTION,2026-09-23,event-report
material-bb554247c8bade38,data/michigan-2009/reports/michigan-final-report.pdf,3148138,bb554247c8bade388f32f876bdba16abce17ed251819a9497185b229d6ed2098,016cdfbd51800a7a95d63fa015542df1,,NOASSERTION,2026-09-23,event-report
material-2001cfa6b043a14c,data/northern-ireland-2007/reports/northern-ireland-final-report.pdf,2846816,2001cfa6b043a14ca42d4d951232544d3e5c2d6d78e08261f4bacfc457b81b40,caf5c59ba9514e6a46d293a8052e6350,,NOASSERTION,2026-09-23,event-report
material-8e14cef76edb31bd,data/zeguo-2005/papers/zeguo-research-paper.pdf,115886,8e14cef76edb31bdbabf4f9416e23c868dcfa6a254dbd1c4ff92aaf06244f2c9,d06968dc8afdb33ec5d6f6601517762d,,NOASSERTION,2026-09-23,paper
material-76ef3bf6732b439c,data/tanzania-2015/papers/tanzania-working-paper.pdf,5403920,76ef3bf6732b439cd76742f0c04e3b400b9331c5f83099af00fde1bf338c1040,3e1a9d58cacba3ac8fa6dcaf90612130,,NOASSERTION,2026-09-23,paper
material-fa4030127bcfcc75,data/tanzania-2015/reports/tanzania-final-report.pdf,1908460,fa4030127bcfcc7576ba7ebbc04217939342ff5dbb317d84e41c6c8f4989d6be,bec32e42f9326b27f79aad69e06eb483,,NOASSERTION,2026-09-23,event-report
material-794d347d2c778073,data/tanzania-2015/design/tanzania-preanalysis-plan.pdf,246286,794d347d2c778073f875066e89ce1c0842ad059ac968eeb807bbc564ceef1385,08a980e9606d4a59519da26498237c9a,,NOASSERTION,2026-09-23,research-design
material-f937811041f72f6f,data/america-in-one-room-2019/papers/a1r-2019-paper.pdf,263432,f937811041f72f6f918844a6feb0a62ebd49f14c9423b1a84f40bdb73f484e42,2186e4068fc7a85284211958ef15b988,,NOASSERTION,2026-09-23,paper
material-76ae7185d1d8b5db,data/a1r-climate-2021/papers/a1r-climate-paper.pdf,1022375,76ae7185d1d8b5dbb9758565dfd7803ec936cc21fd8a2f6907137e6894b117a7,89921959d0c9587caafbfb0caa9d4a68,,NOASSERTION,2026-09-23,paper
material-002584fea6952e09,data/amr-2024/reports/amr-final-report.pdf,3231860,002584fea6952e0959fb99a40288e1821396d8091158622aa5c91dd205473b22,990722415e4871623ca66655233e1f6f,,NOASSERTION,2026-09-23,event-report
material-c798742af8d64fbb,data/a1r-climate-2021/design/a1r-climate-methods.pdf,292502,c798742af8d64fbb1bc192269dc8ff7dc988c960dd8473e70d989570f9926f6d,8496bb9f587ef51b6165f50e3947400a,,NOASSERTION,2026-09-23,research-design
material-041ca9052fe2cfc6,data/a1r-climate-2021/briefing-materials/a1r-climate-briefing.pdf,5239193,041ca9052fe2cfc65b38b342453ef7e244f95b6fd710312405e02589f54d9685,df08c8b7e32e6cd462470f4036528dbf,,NOASSERTION,2026-09-23,briefing-material
material-8373611151769a55,data/a1r-climate-2021/reports/a1r-climate-knowledge.pdf,177272,8373611151769a554fc0564612f676d621af3a7770637e16ff98c0bc8ba3d2d8,5cbd414c9a2bb562e1f8332d179c4236,,NOASSERTION,2026-09-23,event-report
northern-ireland-argument-codes,data/northern-ireland-2007/argument-codes.parquet,24284,6f611737c3089f63cecda665d66874a64542790d4dcbbb9fd398a99c90d06b99,f218f2f4ab93d54618aea54239da3875,,NOASSERTION,2026-09-24,coder-labels
oos-a1r-codebook,data/america-in-one-room-2019/codebooks/a1r_codebook.tab,232970,223f26e26f515c5312853222d3b5bafedb11dc82e8980ba165c6d4eb11cde04f,cba53e78185db665c59cc052a0185390,10.7910/DVN/KJ8IH2,,2026-09-11,codebook
oos-oboe,data/our-budget-our-economy-2010/oboe.tab,3234226,52367dd6e5ce499a42fa8abb3b7f81c21037fe8eaf6883ad41c25ea45674fab2,75ee5ce7ee8cb94c86abf1219dbbffcb,10.7910/DVN/XDDN2Y,,2026-09-11,participant-data
oos-hongkong,data/hong-kong-2020/hongkong.sav,30365,57f141fe4700d5d53e3349cb79131a0cf54cb0970b05f45078c7ef741632a398,55a868f0a9d8d184dfbe8cb234db5a3d,10.7910/DVN/W9DAQM,,2026-09-11,participant-data
oos-tanzania-groups,data/tanzania-2015/tanzania_groups.tab,6058,3003cef37a4b02bb34d0d97404c619f80c23988751988899c0dd8add336f875a,11c355547c78dda0aac8c63d5a0d8acc,10.7910/DVN/S3NRQL,,2026-09-11,participant-data
oos-tanzania-appendix,data/tanzania-2015/reports/tanzania_appendix.pdf,1058724,341447ac8fc3da3f5b96b6519b6f202d48e7385ca0d4010891a87f52d3211629,a14e8af13b624d3546ab2f15c5ae4bf5,10.7910/DVN/S3NRQL,,2026-09-11,event-report
oos-oboe-codebook,data/our-budget-our-economy-2010/codebooks/oboe_codebook.pdf,765423,396a5da1f27c46937155309a4c076611116fcc88af0db9d506209b928f6c93d2,37ad1c4f455caf07bf491b4a2162d106,10.7910/DVN/XDDN2Y,,2026-09-11,codebook
oos-oboe-overview,data/our-budget-our-economy-2010/design/oboe_overview.docx,1129674,5306568a50f4f53bcbff1abe445aa6574d237766d9df3421284a53a3c4447141,e441505dd71edc4aae7b23b788330967,10.7910/DVN/XDDN2Y,,2026-09-11,research-design
oos-a1r-code,data/america-in-one-room-2019/codebooks/a1r_code.docx,18731,73c1a1707497ec1ab3ff8bd3d5dd805152c00af271c88b02b2a5e91e0b747e9b,70185227565882904d0d945a25c00c31,10.7910/DVN/KJ8IH2,,2026-09-11,codebook
oos-climate-results,data/a1r-climate-2021/reports/climate_results.pdf,364740,8e1e62bb1a722e184b4e7d75bbb2723c3bb630657f3749ccf5d6249440b12e6f,57c451d466ae6e75d70041f95ca89669,10.7910/DVN/IIOG1S,,2026-09-11,event-report
oos-celaya,data/celaya-2018/celaya.csv,124507,7e3df97cdb11fcf57b11eedd03b1e2f5e699f3fd5eabb73b39f10f1a76166569,bc32c085dfd8104ee8220773b01b2979,10.7910/DVN/OOMED8,,2026-09-11,participant-data
oos-echo,data/uk-partisan-discussion-2021/echo.sav,1174611,db0fef3951e2eef8b4f6ad14e1b6b1db435c63eb89ecac85eb2b5cd180e459e4,c56beb437d5844ee33a07349eb1a05e2,10.7910/DVN/BM2A1Q,,2026-09-11,participant-data
oos-whatsapp,data/whatsapp-india/whatsapp.RData,131534,d37c723d564b0b301e9e1795f1a8aa9a180271bce25058696015136d52680654,832301dcfe57dbdb6fe0a2265b4092bc,10.7910/DVN/WYXEXN,,2026-09-11,participant-data
oos-whatsapp-codebook,data/whatsapp-india/codebooks/whatsapp_codebook.xlsx,21427,af667022f49a7641558b7202c2eb2ee21d8542656840fbd287627bb1e9ded7df,7095ff07f88ce50c5b41ffd5680c8a8d,10.7910/DVN/WYXEXN,,2026-09-11,codebook
oos-whatsapp-readme,data/whatsapp-india/other/whatsapp_readme.rtf,3889,408ffbc3dfaf7a080938a821e9ce2cfa69776dfaffb58f2fef8c4520838a424b,a38be3a58191a647a5d24b68b07d855f,10.7910/DVN/WYXEXN,,2026-09-11,other
oos-cross-party,data/us-cross-party-2021/cross_party.rds,370983,ed03ae99fa9164b84cd8e79a1ba3c50d2feb3feef96c66c7d0b72ef15e1ba0a7,f54d9459c6029bb5fd7dad5b42cb4a5e,10.7910/DVN/EVRMBG,,2026-09-11,participant-data
oos-cross-party-codebook,data/us-cross-party-2021/codebooks/cross_party_codebook.pdf,211460,89d1568d9af7068ae16c1a6d96dfb16878118ff7d835ca976866c6ea04c4b124,8b19170c5c337e76ade1eb70a27f6dda,10.7910/DVN/EVRMBG,,2026-09-11,codebook
oos-consensus1,data/consensus/consensus1.sav,42252,cbdcaf2ddde0385f038a937c9229b7a370e19e480c8e213a3ee4c3e926ceb8fb,c11e95edb5caf64d0b5b17632605d67a,10.34894/6IOPCF,,2026-09-11,participant-data
oos-consensus2,data/consensus/consensus2.sav,49649,493fc38afb970baa632435f5fe644a62ccc98855022048596de53d92be297baf,4ba39309fb7e31db99a5ae28694ee69a,10.34894/6IOPCF,,2026-09-11,participant-data
oos-diplomacy3,data/diplomacy-2020/diplomacy3.sav,87840,6ba9112df133fe5bc8b65545425585055114ab00580a9d1828b1d16607735d94,2a8b1bd544519008103372b66961f5f1,10.34894/SAZIAE,,2026-09-11,participant-data
oos-shizuoka,data/shizuoka-2019/shizuoka.tsv,12193,9ae70110ba9fd78b0e66b60e31a95b21f7ff76813011ef8efb08f9670cceae6f,dff6195fd15a854d4439f578e373764f,10.6084/m9.figshare.22229794,,2026-09-11,participant-data
cdd-btp-presidential-primaries-2004-survey,data/btp-presidential-primaries-2004/survey.parquet,1609275,176b246f277f634011b2cb8abad3a46dda9dc9eb43a5f40d9903f59f91d682f4,611c9ff634ace61dc610d6b68d057586,,not-specified,2026-09-24,poll-level-survey
cdd-btp-presidential-primaries-2004-survey-variables,data/btp-presidential-primaries-2004/variables.csv,166870,858ca5efc81b6a42b2dff7507470ec287375bb711f4999ed9bd8f508ea8cc156,648b7739e8aa369e923a35afd3eeade1,,not-specified,2026-09-24,source-documentation
cdd-btp-presidential-primaries-2004-survey-value-labels,data/btp-presidential-primaries-2004/value-labels.csv,63334,958d470a79f5ccb69badbe6a0cfbebb532c7abc68ef97ce19cb7d7300552633b,36dbd99a5ae06719aadcac3f29912632,,not-specified,2026-09-24,source-documentation
btp-general-election-2004-raw-responses,data/btp-general-election-2004/raw-responses.dta,7897605,cd11f4f5ef2ff44baa314fbe20c1d269ec7c30e4cffd7c0ffca41522282ee352,54ded7bf7cbe164b84ba1022bebef028,,not-specified,2026-09-24,poll-level-survey
cdd-nic2-2003-survey,data/nic2-2003/survey.dta,8422678,565faadfccd42a488891a5b59deb5b5caa390908d3ab8ead6271ffa953cc3b78,e17cb37aac24c2f8addb94e21ec86462,,not-specified,2026-09-24,poll-level-survey
cdd-nic2-2003-survey-variables,data/nic2-2003/variables.csv,92965,9e96f4855585e0dff57a401d2ecfe5f15dc03e99af87633cbb519f4ca28a189e,3f657d9169771bdebc1827e411da2d6f,,not-specified,2026-09-24,source-documentation
cdd-nic2-2003-survey-value-labels,data/nic2-2003/value-labels.csv,55038,0e178e5e949692a86a536620078b1d7ab9d1d221bf235672de237b3571b5302f,2bc4f79ea03c3156897cd0a7b098706f,,not-specified,2026-09-24,source-documentation
cdd-nic2-2003-survey-historical-ids,data/nic2-2003/historical-ids.csv,6158,0e89429475f5cc1a7c2e3d01d54047b6d153e3127de5ed2859269f39add535af,4c077728c72ea1b613f4a84151b2f100,,not-specified,2026-09-24,source-documentation
btp-health-education-2005-calibration,data/btp-health-education-2005/calibration-responses.parquet,46696,adc8cbebf785a2ff4b77f198169e411c63069b50ac2be2c65954e7abc55df38b,5f8f962e6acdfcd47c6b7b7cc5b49fab,,not-specified,2026-09-24,poll-level-survey
cdd-btp-presidential-primaries-2004-survey-historical-group-order-csv,data/btp-presidential-primaries-2004/historical-group-order.csv,2309,858706efd924d5b1b98ccdc62b37a059bdd0d17a57e720d3e136612b4467cfd3,b51081bd594aa0255dd8b86aa325b476,,not-specified,2026-09-24,source-documentation
cdd-btp-presidential-primaries-2004-survey-source-materials-baseline-questionnaire-doc,data/btp-presidential-primaries-2004/source-materials/baseline-questionnaire.doc,188928,7b2031520236aca3ef97e977d85b959e17f2916a1cf1e76affbd8d4d14d51eb4,900162d0491ec246c6d6f33b637be5ac,,not-specified,2026-09-24,source-documentation
cdd-btp-presidential-primaries-2004-survey-source-materials-followup-questionnaire-doc,data/btp-presidential-primaries-2004/source-materials/followup-questionnaire.doc,261632,a6ad44f3eff7ce348f5176c5ad49446d67b5ececa8b7936904f1c13f49a15039,7378f302a424a4a2ddd9eaf7af7bef24,,not-specified,2026-09-24,source-documentation
cdd-btp-presidential-primaries-2004-survey-source-materials-historical-recoding-txt,data/btp-presidential-primaries-2004/source-materials/historical-recoding.txt,8249,2303e43917f737d677d5561d011bda585ddc734a330de9f83722bc55c3eda1be,c76fabbce57eddda4b17e10735aafd93,,not-specified,2026-09-24,source-documentation
cdd-new-haven-2004-survey-historical-ids-csv,data/new-haven-2004/historical-ids.csv,1611,b203d6553b6a6531560d4d9fc9a35ccfdec9e784fd87a134d9e6958deeec27c0,936ade2dbd306eda18685164e3a65775,,not-specified,2026-09-24,source-documentation
cdd-new-haven-2004-survey-source-materials-baseline-cati-txt,data/new-haven-2004/source-materials/baseline-cati.txt,34225,a3bcc4ed870229c61f4987ec58a49f3ef4afecf27c7da2b292fe76452f31ad2e,cd39776bb32fe80e7b86e7fce1fc9696,,not-specified,2026-09-24,source-documentation
cdd-new-haven-2004-survey-source-materials-field-questionnaire-doc,data/new-haven-2004/source-materials/field-questionnaire.doc,135168,ea65c667822ef32667a6fdc0aabcce388d3d69df0aee4fd3e41f4bd5ed42db28,73ab4535be32eb91c6779b1122c44f46,,not-specified,2026-09-24,source-documentation
cdd-new-haven-2004-survey-source-materials-questionnaire-1-xls,data/new-haven-2004/source-materials/questionnaire-1.xls,19968,efda9535e69a691f300cd1529a2ee3a6adda8854504878ca8bc1dc0913f813e4,bb05734d36cd2042a97fb12ab65e746f,,not-specified,2026-09-24,source-documentation
cdd-new-haven-2004-survey-source-materials-questionnaire-2-xls,data/new-haven-2004/source-materials/questionnaire-2.xls,22016,28b2c8327678055dc7fff943b01926b3b91add513f2d2874e698037c764e3b8d,f80ebc5d5ef473071dfcd204676db5b2,,not-specified,2026-09-24,source-documentation
cdd-new-haven-2004-survey-source-materials-survey-waves-xlsx,data/new-haven-2004/source-materials/survey-waves.xlsx,91012,0505a4b9ab46c80e70fa720e64cb5070552bc8a5094e27eb668b0fc26f439d6c,913cf465d38ccedd5da37c74f792a7b1,,not-specified,2026-09-24,poll-level-survey
cdd-new-haven-2004-survey,data/new-haven-2004/survey.parquet,86214,4611e3a77ec598941ad575ac909a999124c3c8473713e9b4bb34860e9d474c43,38c11ef91522d7f51b99abab454e1cdb,,not-specified,2026-09-24,poll-level-survey
cdd-new-haven-2004-survey-value-labels-csv,data/new-haven-2004/value-labels.csv,39,355d2acaa276d4e050435819cd1870270f3a2cccddab59f6368ca593c0bf550c,1fbb35404cf034178732aed8554914b3,,not-specified,2026-09-24,source-documentation
cdd-new-haven-2004-survey-variables-csv,data/new-haven-2004/variables.csv,10907,b14e9c6763412bb3c79b1675f9d8b59c77bb1b85964a7cdb61916bbaf2ca02b7,d57554df8887ef5e8c8b33dd0f61c1d5,,not-specified,2026-09-24,source-documentation
cdd-zeguo-2005-survey-source-materials-knowledge-reconciliation-csv,data/zeguo-2005/source-materials/knowledge-reconciliation.csv,506,b718cf0b79248d8de811ac6cf691646d4729fc7cd5bb638fa8998c49a10903cf,3a1e145364a845e53e2ca97ff8293b94,,not-specified,2026-09-24,source-documentation
cdd-zeguo-2005-survey-source-materials-merged-parquet,data/zeguo-2005/source-materials/merged.parquet,509999,579c617ecaa0ca99f876dd1ca5975507a23bc53dc4653f55dab814495fe74af7,61f49010c3bd7b0cd1c953a57ba825fa,,not-specified,2026-09-24,poll-level-survey
cdd-zeguo-2005-survey-source-materials-post-parquet,data/zeguo-2005/source-materials/post.parquet,33395,8b05d65c00195583fd2e73e0cbe9a6cae3c5f066088d449d9c39382bbc50b879,6d4580da2722f2087b4d6cf0f63b7211,,not-specified,2026-09-24,poll-level-survey
cdd-zeguo-2005-survey-source-materials-pre-parquet,data/zeguo-2005/source-materials/pre.parquet,30193,4d3b73f1d19d3cd465371ffcb7257de2bdb3bdccbe61c3e132250fe9276350ef,5cc7c52a023f1f736628b16dcbfca4bf,,not-specified,2026-09-24,poll-level-survey
cdd-zeguo-2005-survey-source-materials-questionnaire-alternative-doc,data/zeguo-2005/source-materials/questionnaire-alternative.doc,145408,fa8e0bb535b785e7602f14d508b3cb03015e43530a5692c708fd0811e5d20ddc,6a904c3f7a16e815cfd08e4fe0fd6ad2,,not-specified,2026-09-24,source-documentation
cdd-zeguo-2005-survey-source-materials-questionnaire-doc,data/zeguo-2005/source-materials/questionnaire.doc,122368,d072a6b154fbd1a5e2041a0a36a8843bfcffd3906d8c53ee22218f7a7a4397a1,9014cdfee3e09fbe6610acef00924df4,,not-specified,2026-09-24,source-documentation
cdd-zeguo-2005-survey,data/zeguo-2005/survey.parquet,513760,bbabf2ebae33ee657f3f53bab6c7382f29dc5d0d00ee3d5d1cee81d694bd5708,29283ead33f269aa6b802df87c62e3a1,,not-specified,2026-09-24,poll-level-survey
cdd-zeguo-2005-survey-value-labels-csv,data/zeguo-2005/value-labels.csv,231,cb5cc2eac0c71fe21eaf6bdc83f8406f5113b4c98fcc4b9042a4ed5cd41d5b09,def3c3d19a3e94e3cbbeef8bde7f8db9,,not-specified,2026-09-24,source-documentation
cdd-zeguo-2005-survey-variables-csv,data/zeguo-2005/variables.csv,86714,c4fd6a7eddf2dca8054b6e6efc09bcd0097746a56ba234f23767a9c779ab4657,1c3cae2fa66c28fe7a955da542f178ca,,not-specified,2026-09-24,source-documentation
cdd-btp-national-2003-survey,data/btp-national-2003/survey.dta,832730,9d4d7f01ee3653f88ae39877a9eba3ca279cf200f164c9e10d440556b5e5cf81,b9b9be0f9039c1bb414bd115724562f1,,not-specified,2026-09-24,poll-level-survey
cdd-btp-national-2003-survey-variables,data/btp-national-2003/variables.csv,71223,bb09891f9e12d2efa7801894de3843bae6269360e9715cf041b0db5f38f21479,4c8b32017f2ded819851f68bab9cb069,,not-specified,2026-09-24,source-documentation
cdd-btp-national-2003-survey-value-labels,data/btp-national-2003/value-labels.csv,32633,c843ff8c375418c252640f3314031b7d5a31f9f27875356c9cb65df3758e6556,32a9c8412de2fe1cfa011a310cd3f3c6,,not-specified,2026-09-24,source-documentation
cdd-btp-national-2003-survey-calibration-responses,data/btp-national-2003/calibration-responses.parquet,14339,38723e6653b052224b37887580739bda23d82a931ea199a3b23c3fbc7f228806,8cb2684d52d532bb43df6dcf504ca202,,not-specified,2026-09-24,poll-level-survey
material-96ffcf2f21674cbf,data/america-in-one-room-2019/briefing-materials/a1r-2019-briefing.pdf,608374,96ffcf2f21674cbfc84a18f95745a1cc8b534547d5352823db1e2aafa00d0141,f6c42e2e0a4715f3a6210b695e4b1f28,,NOASSERTION,2026-09-24,briefing-material
material-c231aae89955d3d7,data/america-in-one-room-2019/design/a1r-2019-norc-methods.pdf,255201,c231aae89955d3d778e42cf7f0ed5212b3f95427c127444783670fb6a45735ec,df41632805070f3bf9607ffedcbbb4eb,,NOASSERTION,2026-09-24,research-design
material-16c84a17f5152926,data/america-in-one-room-2019/reports/a1r-2019-executive-summary.pdf,172971,16c84a17f515292682613b9b63311283c9eea6c14790967a8b94b6ba5a466e80,0b08ce4309aab4c9d48b84d48f3a36b6,,NOASSERTION,2026-09-24,event-report
material-e989fb089d4108a1,data/california-whats-next-2011/briefing-materials/california-participant-guide.pdf,1570869,e989fb089d4108a135dc459fea11dacc6b255be3f4d53991c1cd90d577533805,147975c0c29e4e02cf9b9b25f7c07ddb,,NOASSERTION,2026-09-24,briefing-material
material-5cb1d017f73d4742,data/california-whats-next-2011/papers/deliberative-agenda-setting.pdf,129565,5cb1d017f73d474224b0cc060d324bdd0a69930c4cc3342842d9993d4b35fa26,6e2fb62e771d735bf6f54180a0d44d04,,NOASSERTION,2026-09-24,paper
material-d84a83e52feff108,data/michigan-2009/briefing-materials/michigan-participant-guide.pdf,628467,d84a83e52feff108b6f67118e8f429daa680ca8d9fdcca88c0e4744b29193aa8,8c1b0b9b4c8618c8486fbfb2e270ee36,,NOASSERTION,2026-09-24,briefing-material
material-47b6df15a654578f,data/vermont-energy-2007/briefing-materials/vermont-energy-briefing.pdf,1317092,47b6df15a654578f5986e44c70610d0ae71cf11b850228e0bdc51e1b375a5b48,ecd4a3548cfc5feef422468e64b3962d,,NOASSERTION,2026-09-24,briefing-material
material-37d5cbb761443373,data/btp-2007/briefing-materials/citizenship-briefing.pdf,106117,37d5cbb761443373d905b32ff4b4d66f159647a7c91bb19a6da7522379e7cb89,f9e383a20e3f18b3b081e12b13b82f08,,NOASSERTION,2026-09-24,briefing-material
material-e64dd7d44feac2a2,data/vermont-energy-2007/papers/taking-it-to-the-streets-2008.pdf,684628,e64dd7d44feac2a2b74a925963ff32fd14f425bfc14388aafa15057864d1d7f1,b6dbcddb12d2405551c4a06951b2175b,,NOASSERTION,2026-09-24,paper
material-c082c7217c856b73,data/uk-crime-1994/briefing/rising-crime-briefing.pdf,1602784,c082c7217c856b7335bfb8e9a8d2ee077daf2dcfbed1ac839f86386b113e998b,f50f4d1ba901393496d1319fce2c3c90,,NOASSERTION,2026-09-24,briefing-material
material-580ac20de6f19c5c,data/uk-crime-1994/questionnaires/crime-questionnaire.pdf,421219,580ac20de6f19c5c796e30bdefd8f737ea324b74ecea8f51cff97bac2850f121,969ecfc6c58649da536cfae6dac9a7c7,,NOASSERTION,2026-09-24,questionnaire
material-29cbe30c018c2d68,data/uk-eu-1995/papers/deliberation-attitude-constraint.pdf,103189,29cbe30c018c2d68a23514794c63d7bfa46d3c5bad156b4dd620b99bfecede5c,81910b3a471b86fc90b16847f3803e04,,NOASSERTION,2026-09-24,paper
material-c14992b83e1071df,data/denmark-euro-2000/papers/how-deliberation-makes-better-citizens.pdf,134067,c14992b83e1071dfca4d3e042d7e06716dc9b3a08919ab294819b4e514d93862,8d888d2c3acc258ed83a452ddbe07ada,,NOASSERTION,2026-09-24,paper
material-63b8bfe9d098fd38,data/denmark-euro-2000/papers/deliberative-democracy-euro.pdf,158053,63b8bfe9d098fd38f3fe9695b9ea4eea0d7b188c28e6cf73db8866a08f14f2a1,bf6182297dacc1dc045f8c5f039516f5,,NOASSERTION,2026-09-24,paper
material-155b82dabd668a4c,data/marousi-2006/papers/returning-deliberative-democracy-athens.pdf,79537,155b82dabd668a4ca38f6354fab7bcda7c7a41fe615a01b24c833029dfff024f,4ecb2fcb1f40b72a13211bdf6b01889a,,NOASSERTION,2026-09-24,paper
material-1f8563f84e1fa058,data/northern-ireland-2007/briefing/education-briefing.pdf,147292,1f8563f84e1fa058c231c32a9bb6dc6fcece2eef38708fd7d35f0c3ecce78cc6,ac731346ec41245fb61bdee705e9a98d,,NOASSERTION,2026-09-24,briefing-material
material-a7b7e414d0937f7a,data/bulgaria-2007/papers/deliberating-deep-divisions-roma.pdf,1134674,a7b7e414d0937f7a7118bfc0b551c28454546d0015ead56460503653ca294a29,f604d0d32e27e99e960374d63ecb18f2,,NOASSERTION,2026-09-24,paper
material-c64d658b4e543709,data/bulgaria-2007/reports/roma-executive-summary.pdf,60161,c64d658b4e543709af7a057382e1408303f7c34f85320924ead154010eda2011,3f10dcde477da1e0ffbd792d7154a480,,NOASSERTION,2026-09-24,event-report
material-522e49dd28f72e9d,data/zeguo-2005/papers/first-chinese-deliberative-poll.pdf,172199,522e49dd28f72e9dfd955ed0217ddbfb0166ad5ba44dc77c9d46b7e35b629b65,b9f9a73f3b63a2b45f30af9629dd267e,,NOASSERTION,2026-09-24,paper
material-f90287898da63cab,data/tomorrows-europe-2007/briefing/tomorrows-europe-english.pdf,837839,f90287898da63cab169b897e20512894f9063d5912dfcb1f6aa8986395d1268f,916359e8765348218c55471bb5affbcd,,NOASSERTION,2026-09-24,briefing-material
material-a126f509779a704d,data/europolis-2009/briefing/europolis-english.pdf,2655855,a126f509779a704d1be4752da321edb920634250676adf08dc42aaa053a71f38,6beadfc762c3b194bdef3a7563c6bdb6,,NOASSERTION,2026-09-24,briefing-material
material-b2154c788abf1656,data/california-whats-next-2011/papers/deliberative-agenda-setting-appendix.pdf,24298,b2154c788abf1656de42fc44a3f2a9ca29e22744f874ddc108e256e5d7fd1463,ccaa5fd14479eac9541c540ccb38fe80,,NOASSERTION,2026-09-24,research-design
material-e603bbecfa97be6b,data/btp-national-2003/papers/refined-or-biased-opinions-2009.pdf,229330,e603bbecfa97be6b3af0c89355b26b4b74de85ad51e13bf7881c36a1fcff60e6,0dc31676fb7d5e86dbba356ef6cd3b65,,NOASSERTION,2026-09-24,paper
material-87cbe5fd80dce462,data/bulgaria-2007/briefing/roma-policy-briefing.pdf,1308929,87cbe5fd80dce462a461b67699bc031a67e7861a0a5d8a9e1ac9eeb0d3ec9892,c2a1ab6d4aa09f1dd6b426809b4089cc,,NOASSERTION,2026-09-24,briefing-material
material-6e83d5d747d3eca4,data/america-in-one-room-2019/codebooks/a1r_code.pdf,86852,6e83d5d747d3eca4fe566484befdece6f0aee051121cd0017c9456ea334d85c1,0404c9ddf5b4b4cbd3c9a177a9141856,,NOASSERTION,2026-09-24,codebook
material-275a83775dbf7e11,data/australia-republic-1999/codebook.pdf,2048970,275a83775dbf7e11bfb5c1f3e7a13e2989e809c4316648aaaf8a2ef61c4697d6,29f6689e9b8759faccec3dfd4416df41,,NOASSERTION,2026-09-24,codebook
material-4ae7807610393e1c,data/australia-republic-1999/papers/adp5.pdf,1290288,4ae7807610393e1cc152464274618e547e0e295f8225a3932925e18802bccb26,0d4a70e290b12fbb6be68bdb00b68d40,,NOASSERTION,2026-09-24,paper
material-f8cd461a0988b87b,data/btp-general-election-2004/questionnaires.pdf,1523804,f8cd461a0988b87b55f5177eb1af98db5541961f01ea91a1b29896cb38c873c6,03bcf3314493df491bd00bc505526231,,NOASSERTION,2026-09-24,questionnaire
material-40d8243c26a1ae13,data/btp-health-education-2005/questionnaire-post.pdf,329931,40d8243c26a1ae139e3fed934eb7c4123ca64663db6dccedc0010cd85d8dbd4c,8b0d243dd1a1b4a7b314df77b0b2597f,,NOASSERTION,2026-09-24,questionnaire
material-b45d9882ccfa448a,data/btp-health-education-2005/questionnaire-pre.pdf,297858,b45d9882ccfa448a1a771acd8748766d30372d8b3a4a4df749fcd4a7af414723,7901c1936752601671933e4e84b64a46,,NOASSERTION,2026-09-24,questionnaire
material-26eecc72a0695bd8,data/btp-online-primaries-2004/questionnaires.pdf,7682037,26eecc72a0695bd832effa9a8416ed5e22d95224f3455108c544c2e64f2199ce,75343a891f69720124813fd7c0a69ded,,NOASSERTION,2026-09-24,questionnaire
material-ad3c0c47eb885b04,data/btp-presidential-primaries-2004/source-materials/baseline-questionnaire.pdf,490100,ad3c0c47eb885b04c1caad6d31831cbd5956fa111ec2e09fd7eb426924c00036,22763fa302dc4cd53b182a6cdc33e87d,,NOASSERTION,2026-09-24,questionnaire
material-4fb7646ebeddae67,data/btp-presidential-primaries-2004/source-materials/followup-questionnaire.pdf,588174,4fb7646ebeddae67a95477aa3c14f1f5ade670c234bb5bfbbede239958ac4621,cac0e3212eddbd541d6759724e235a0e,,NOASSERTION,2026-09-24,questionnaire
material-7a8a7f81f588eb47,data/bulgaria-crime-2002/knowledge-index.pdf,79069,7a8a7f81f588eb475a63c1914e024bd43e06f8db9ed92766218724dbf97da786,06b51ad2ab2cc89449d146ec39fd853e,,NOASSERTION,2026-09-24,codebook
material-7d0440f9b77c9713,data/bulgaria-crime-2002/questionnaire.pdf,757448,7d0440f9b77c9713d7ddf2b9e839c889eb5fcfac74c906833500e821e2dc4794,12b18e2d95463dcbf664d0b14a8f5196,,NOASSERTION,2026-09-24,questionnaire
material-8ceb736e99dfd792,data/california-whats-next-2011/questionnaire-post.pdf,1436407,8ceb736e99dfd79212a7b37bcd177bfcdc32e7e76a5011e5238d07aa8032886c,1997d0ff044be96897a6ea6467b6c71c,,NOASSERTION,2026-09-24,questionnaire
material-709925920eef907d,data/california-whats-next-2011/questionnaire-pre.pdf,288403,709925920eef907d3cba38cd521f10b0585d7b7bc0ed46af411d2a1519445037,138843d32648749ccb1dda841ba50e91,,NOASSERTION,2026-09-24,questionnaire
material-c0290d73f4b82fe3,data/europolis-2009/questionnaire-post.pdf,2069014,c0290d73f4b82fe305b725dbee226c5c1761af8c0ea41893f0d980554f4999b4,2cefe5564069c11764633f8010a8e570,,NOASSERTION,2026-09-24,questionnaire
material-f5339f67f69549f1,data/marousi-2006/knowledge-item-distributions.pdf,83782,f5339f67f69549f14caedb03d1c96df7c87879cd08d4127ca9ef45ee3c324bb7,218dd4afbff91154e8f5d68cd3f07a94,,NOASSERTION,2026-09-24,event-report
material-64d5b04279cd5521,data/michigan-2009/questionnaire-post.pdf,853136,64d5b04279cd5521a712c56fab9420225c61c2e2d7007b325df1bb79b49599c3,16115627c4a7314ed7ad21ec89e80e36,,NOASSERTION,2026-09-24,questionnaire
material-5d6c49d48feeb864,data/michigan-2009/questionnaire-pre.pdf,185542,5d6c49d48feeb86403684ca1ef18c532a48c9df8e88712681533397ff41ad382,db69b11e0a028459fc5c3883f335a782,,NOASSERTION,2026-09-24,questionnaire
material-28ba470bef5b135c,data/new-haven-2004/source-materials/field-questionnaire.pdf,343406,28ba470bef5b135ce3c02450c57e1d178862ba17eda4640bf7a24bb80061b8f9,133959ab299fe193ae079a74c0f2566a,,NOASSERTION,2026-09-24,questionnaire
material-e6dd1631c84835e1,data/new-haven-2004/source-materials/questionnaire-1.pdf,118115,e6dd1631c84835e1e4424f43e200f4bd6b7aad58123ba285138f5aa22353b259,0f4ab5c70527c3a14459df5a1dd68c55,,NOASSERTION,2026-09-24,questionnaire
material-dc6fe5969b74af66,data/new-haven-2004/source-materials/questionnaire-2.pdf,127534,dc6fe5969b74af6610c83ce49e551ac255004e7185d49c008fb57273f5d52b5e,3c6dfbeec0c0137cd20d6685d45135ad,,NOASSERTION,2026-09-24,questionnaire
material-a495735bb536c2a8,data/nic-1996/papers/luskin-fishkin-2002.pdf,1251713,a495735bb536c2a8b72da00a6022c4193a4f06bcd51b0b5e8535166bd6b5b560,b653c37a2a6804e9601b5386ba0b78ec,,NOASSERTION,2026-09-24,paper
material-f57e46f5f179f612,data/our-budget-our-economy-2010/design/oboe_overview.pdf,437064,f57e46f5f179f612d5dd2d272024a611e4d50c1447ad865c39a0372326b4f190,f43e6b4f84adda3ddd88c47b4d5b6136,,NOASSERTION,2026-09-24,research-design
material-85e33d6c744b58d4,data/san-mateo-2008/questionnaire-post.pdf,193870,85e33d6c744b58d4f5dba551d91db4d50522dc2518fdf1c54fe6fce89a8de8c4,e773de81604bc853690210583449c08f,,NOASSERTION,2026-09-24,questionnaire
material-7fab1f6fc305a2a3,data/san-mateo-2008/questionnaire-pre.pdf,408267,7fab1f6fc305a2a306b9b47220e07d87e9cfb3563b6ba5f6cd3da13adf32ac97,d9bc2c59d29cab086550223021ac8b93,,NOASSERTION,2026-09-24,questionnaire
material-e821f53b131ccba5,data/shared/codebooks/attitude_indices/cdd-codebook-gs.pdf,147785,e821f53b131ccba57725d4fcbcb9c508ffc1419ea9e3b2d67bc0355b3a5414a5,2ae8e2e36992f49d3a7356ef03a0486d,,NOASSERTION,2026-09-24,codebook
material-e2420b6ecc7e4f0a,data/shared/codebooks/attitude_indices/indices-to-drop.pdf,110902,e2420b6ecc7e4f0a50d7cf23612bf3fd3cf0d753e03fa7eb898176c291f1fc62,0cad40199b2d06595d1a37fe454c75a3,,NOASSERTION,2026-09-24,codebook
material-b9a8e54486dcaaf3,data/shared/codebooks/attitude_indices/past_versions/all-poll-indices-2014-11-15.pdf,105036,b9a8e54486dcaaf3d7d39d41410c2c9969994e780bba66ebead9d6b4d94cc87b,a41d77ee3f4b7c71ea228e1b01fa6609,,NOASSERTION,2026-09-24,codebook
material-261ea5e10e7efc84,data/shared/codebooks/attitude_indices/past_versions/all-poll-indices-4-15-10-2.pdf,405224,261ea5e10e7efc845a1afc5890d8bfd1b9741800b4dc2c7b869634782653d328,08a75b1d4bde57fd850131e528a551ef,,NOASSERTION,2026-09-24,codebook
material-9bd587c71760e95a,data/shared/codebooks/attitude_indices/past_versions/all-poll-indices-4-15-10.pdf,393382,9bd587c71760e95a2a31f3c6a1c4c858fb48e1bac21265fa6ada0080226b2aa8,088ca7d22927fc6598c22fc17136a3f6,,NOASSERTION,2026-09-24,codebook
material-3755d56aa6acd00b,data/shared/codebooks/attitude_indices/past_versions/all-poll-indices-gaurav-sood-s-conflicted-copy-2014-11-13.pdf,105036,3755d56aa6acd00b9dbe1b066a0a94fe37bd1ae885e6ab2ad4ce69535c163e40,7a4788c0f004cb5b971da94668c8519b,,NOASSERTION,2026-09-24,codebook
material-0453c9e3a3f897d9,data/shared/codebooks/attitude_indices/past_versions/all-poll-indices-updated.pdf,137427,0453c9e3a3f897d9fdff6fa80a2e85013f168b2c0d4500696817e20a0a694668,1bb9c99976de1b12c992ef42680bb6c8,,NOASSERTION,2026-09-24,codebook
material-05e01233a8ed9af1,data/shared/codebooks/attitude_indices/past_versions/all-poll-indices.pdf,105036,05e01233a8ed9af1cfbe15661b7cb98c412259f943bd6cac5f102e4db67020cc,449e618da38e6726d3a8b7bac1427597,,NOASSERTION,2026-09-24,codebook
material-a790f7e784fd7b2a,data/shared/codebooks/attitude_indices/past_versions/appendix-attitude-indices-11-25-2014.pdf,283909,a790f7e784fd7b2af17faea0ecea36480b0874e13c7d07c985479e371c127877,a84a5ff14dfb686d6663730da8365b10,,NOASSERTION,2026-09-24,codebook
material-0a3950b291c985eb,data/shared/codebooks/attitude_indices/past_versions/appendix-attitude-indices-12-2014.pdf,352266,0a3950b291c985ebc2d9659eef51a79327d66343a7c6ca73a2e92e50dd4f2962,33a8062d93b7c8de40628f1ea1f48139,,NOASSERTION,2026-09-24,codebook
material-3d3e3c4ab884169c,data/shared/codebooks/attitude_indices/past_versions/appendix-attitude-indices-5-01-15.pdf,419716,3d3e3c4ab884169cce1a10de201556afb723575b79e4842d479d0dda1ddaae98,2bf3f71c98ddfe110db81227be1ea759,,NOASSERTION,2026-09-24,codebook
material-1e1707c7460e253d,data/shared/codebooks/attitude_indices/past_versions/appendix-attitude-indices-5-02-15.pdf,412030,1e1707c7460e253d588e8391cbe8f602d2dc7e36155c4477f5db018f51859b16,fa1f331781b3234c0ee89f078eb6ff81,,NOASSERTION,2026-09-24,codebook
material-aaa2443345dbf00e,data/shared/codebooks/attitude_indices/past_versions/appendix-attitude-indices-5-02-15c.pdf,412592,aaa2443345dbf00e4795c6858bed41f769d3ebd140d2ffd3a4109c0e849ad960,9f9ef4690da1f6eddb82dd665a6b9c4e,,NOASSERTION,2026-09-24,codebook
material-5080de47d291a716,data/shared/codebooks/attitude_indices/past_versions/appendix-attitude-indices-6-02-15.pdf,475629,5080de47d291a716e20c68fcab407dffeb4c695e39876bbb1026f2255e0c7601,d69fb102e2ac93bc5ad4996cb6dcbc29,,NOASSERTION,2026-09-24,codebook
material-b3326de28cb01703,data/shared/codebooks/attitude_indices/past_versions/appendix-attitude-indices-6-07-15-rcl.pdf,496026,b3326de28cb017030d8c28fc174759691a0caa9ce70e8784999589088e5e1001,c513a2e110390070d42f27eb1a8f60ee,,NOASSERTION,2026-09-24,codebook
material-84b51c4023a7ebd2,data/shared/codebooks/attitude_indices/past_versions/appendix-attitude-indices-pete-mohanty-s-conflicted-copy-2015-05-01.pdf,346006,84b51c4023a7ebd2f5b55299aa5a4778c2e1dca48daecb69b2e6251d1cd3efd2,70f5e628c697081b8ab9ff3cc1e617ba,,NOASSERTION,2026-09-24,codebook
material-4d09f3772eddc5fa,data/shared/codebooks/attitude_indices/past_versions/att-codebook.pdf,52397,4d09f3772eddc5fa063d2eee6f34fad1af53fd2fdc92107ebfd8d390ae77f410,1f9f856fc11865d0490c8d56f7f6005c,,NOASSERTION,2026-09-24,codebook
material-e64ea4dfc3ed4402,data/shared/codebooks/attitude_indices/past_versions/attitude-indices.pdf,108468,e64ea4dfc3ed4402dbfc911634013e5ce01653200d0cf20b6b29b0d4d40c2790,f5e4c6039655ea1cf76a877a942fddab,,NOASSERTION,2026-09-24,codebook
material-55169c77c0dc36e5,data/shared/codebooks/attitude_indices/past_versions/list-of-attitude-indices-all-polls.pdf,105029,55169c77c0dc36e5f9886fab9a7e5cbcf5e175172a9004703690dfb12fa88122,3a4077e12fa28b6b99b19cafc6028dfe,,NOASSERTION,2026-09-24,codebook
material-6a8d7678669daea3,data/shared/codebooks/hlm_codebook/hlmcodebook-2.pdf,145744,6a8d7678669daea3b865919917ff2ddd06240493c185a59ac202ceac1cc5726d,c960440953731678793b8ec883d79a9d,,NOASSERTION,2026-09-24,codebook
material-055257e7484bc88b,data/shared/codebooks/hlm_codebook/hlmcodebook-v10.pdf,106754,055257e7484bc88bb9abdb172251d52b86699b0c04e1d1a58c71051f88cce916,1de0e1ab4f039491c5d4d346104e4b27,,NOASSERTION,2026-09-24,codebook
material-4cc4d49079a77384,data/shared/codebooks/hlm_codebook/hlmcodebook-v2.pdf,68818,4cc4d49079a77384fa7677f13f831ce226bbe0d5ba352be9ab77d30e53e97188,d57fcec7fe5ecb4a5a0a8fa0c9b33d5c,,NOASSERTION,2026-09-24,codebook
material-f320255a78e16174,data/shared/codebooks/hlm_codebook/hlmcodebook-v4.pdf,94084,f320255a78e16174271bd7a12cd6129474d9d9844d7adfdded065694f9b978b0,2e253dd4620cc1eb41b945f3d7e62f40,,NOASSERTION,2026-09-24,codebook
material-a2bd5fd410409ff6,data/shared/codebooks/hlm_codebook/hlmcodebook-v5-1.pdf,97699,a2bd5fd410409ff69543cd3afb726693ad385b91ecf954dd0e6fa051c61eb2a1,32d33148dce52df3c73003509a2eeaaf,,NOASSERTION,2026-09-24,codebook
material-1d2ab7eab61d94f1,data/shared/codebooks/hlm_codebook/hlmcodebook-v7.pdf,99891,1d2ab7eab61d94f126e68205a701c549e9ce3c64904c0b5a3c9e11634a57c4ab,ed92bbd85c1b23b717edc173abe3469f,,NOASSERTION,2026-09-24,codebook
material-3e417854abe82e7a,data/shared/codebooks/hlm_codebook/hlmcodebook-v8.pdf,104054,3e417854abe82e7a46ba40192edff843f797f146ee58d0f83624447d99e38761,22dc06cad2adeb3e069fa6aac62b41a4,,NOASSERTION,2026-09-24,codebook
material-a74368f1b109a7d4,data/shared/codebooks/hlm_codebook/hlmcodebook-v9.pdf,104834,a74368f1b109a7d4ba6856672ec08541a141e642c84e67dc8a05a83e55cf30ec,3dd4433a7027d770296e45853e4aab24,,NOASSERTION,2026-09-24,codebook
material-6f7d5e1799eacc41,data/shared/codebooks/knowledge_indices/appendix-a-1-13-14.pdf,175292,6f7d5e1799eacc41a08c4c4dde872e1920f154137de775fb2d11fbfeff702061,f2156fbbaaf4c2ea58a5023b282e4318,,NOASSERTION,2026-09-24,codebook
material-8ddbaad774a59155,data/shared/codebooks/knowledge_indices/appendix-a-9-14-14.pdf,228946,8ddbaad774a5915574994430d0fa09c056054b659ed51f24cd0e048e1a046f39,ed77bca951f946dab9df7a6a9f5d2385,,NOASSERTION,2026-09-24,codebook
material-56d5d66cd973ae87,data/shared/codebooks/knowledge_indices/list-of-knowledge-indices-all-polls.pdf,47353,56d5d66cd973ae871a1614fc4e135f49c396d41fa0dc053eb81d75e34431a754,69b3259754afe1141381968527337211,,NOASSERTION,2026-09-24,codebook
material-4aa406f0472a1bff,data/shared/codebooks/knowledge_indices/pk-rosetta-stone.pdf,137086,4aa406f0472a1bff051498c16c298c73e050bef824c86e46613f331540676688,ecbfefbf50f1fc7f9cb0c49917db85c4,,NOASSERTION,2026-09-24,codebook
material-e210a5baf955b767,data/shared/codebooks/rosetta_stone/rosetta-stone-2.pdf,146304,e210a5baf955b767227add638f6769e3534eaa5636851865919c79074be2d58f,0254356453fb93c6f761a4e3c89cf740,,NOASSERTION,2026-09-24,codebook
material-30eb03df5fd93028,data/shared/codebooks/rosetta_stone/rosetta-stone.pdf,145328,30eb03df5fd930287abd928b186e01fbd78d41638199e3bec5598df151c90817,9188359dbf2ca7b6713bf364d276348a,,NOASSERTION,2026-09-24,codebook
material-bcd42e87c0c5d694,data/shared/design/poll_details/appendix-poll-details-5-18-14-e.pdf,298831,bcd42e87c0c5d694357ea0cc2c458e8f0be3e3dfdae7e4d47838d9544cab7f01,6347477fd4f8dfea66f303072081aab8,,NOASSERTION,2026-09-24,research-design
material-01167bf252831526,data/shared/design/poll_details/past/appendix-b-1-13-14.pdf,212410,01167bf25283152601ff3f2405e37da5984efd212db500f5e063a6e17c3ef065,344ef5d0ff805d64c0254053943cc9f8,,NOASSERTION,2026-09-24,research-design
material-3931043c6e195060,data/shared/design/poll_details/past/appendix-poll-details-5-18-14-2.pdf,277711,3931043c6e195060c35c1d94a1c521665f1fdff83ee56beca1d1832e60a82805,2b4f84c0033e5e507e79d78d4296cc6e,,NOASSERTION,2026-09-24,research-design
material-4aa3e9a4ead2cdd7,data/shared/design/poll_details/past/appendix-poll-details-5-18-14-c.pdf,298357,4aa3e9a4ead2cdd7f42944cd8d84344313cb06f01a2579c996e02363a3dd88b5,5dccdb1f0e10c58925e09cfed1ced991,,NOASSERTION,2026-09-24,research-design
material-98f714cd33b65b15,data/shared/design/poll_details/past/appendix-poll-details-5-18-14-d.pdf,298224,98f714cd33b65b151bc6c767b2d82fe11c96dc9378c078b9c136a7a86c7c24fd,304dd064ace56172117fade7cbe42028,,NOASSERTION,2026-09-24,research-design
material-a5acf398a9c49661,data/shared/design/poll_details/past/appendix-poll-details-5-18-14.pdf,276436,a5acf398a9c496619ba78662f2cb07d1aba674fa1c724b996be2f51dab4d6014,fd0e5b6e74ddf5a524d0f8e711129636,,NOASSERTION,2026-09-24,research-design
material-f161b54541e0fa98,data/shared/design/poll_details/past_append_a_poll/appendix-a-poll-details-06-01-15-edited.pdf,229188,f161b54541e0fa98b75a98a86a9d00756ef233a09a4099bd8f5ded81036c03a9,8397de9c8886184204f8f64b4929aa21,,NOASSERTION,2026-09-24,research-design
material-75a534c6b0507877,data/shared/design/poll_details/past_append_a_poll/appendix-a-poll-details-06-01-15-gs.pdf,144005,75a534c6b0507877297e1b5189637f057059dcb67d24b825c5eb5bf8ca75218b,4abb08b35047aa9265bfaea8daa950dd,,NOASSERTION,2026-09-24,research-design
material-94bc4e67d5deb9a5,data/shared/design/poll_details/past_append_a_poll/appendix-a-poll-details-06-01-15-gsb.pdf,144041,94bc4e67d5deb9a578f90cf031fe88547c60e905e9512ca51cd3f61b5f6440a0,9b419b6d54c2ee31fcd5b37e0d6a498a,,NOASSERTION,2026-09-24,research-design
material-953fa7d08540ab00,data/shared/design/poll_details/past_append_a_poll/appendix-a-poll-details-06-01-15.pdf,221067,953fa7d08540ab00979181a4ac66a372f80c0ac17caee0d516e54aa16dddba6f,6769732f68fdebc41b24f81741a70d71,,NOASSERTION,2026-09-24,research-design
material-d661d74695f523a5,data/shared/design/poll_details/past_append_a_poll/appendix-a-poll-details-06-07-15-b.pdf,142977,d661d74695f523a5d4e779e54ea9fbc6046d1d9df33c144f14d5634ed77c99ea,4ea53e8e17f290b455e2e05fb0145ee8,,NOASSERTION,2026-09-24,research-design
material-487503420d337166,data/shared/design/poll_details/past_append_a_poll/appendix-a-poll-details-06-07-15.pdf,142966,487503420d337166a58b182061adf480dc328a4488034e35c10849c94f115156,5ad77d9ecfebd85bd451c3e4e6e11ac7,,NOASSERTION,2026-09-24,research-design
material-6ea19349bf6c242b,data/shared/design/poll_details/past_append_a_poll/appendix-a-poll-details-5-01-15.pdf,264952,6ea19349bf6c242b33e8cc1bd1052a0c6a20bd89f1c9f8a2a88f40acd9c6ac48,7db16abba5f55a54bc7a1ff7f03807a6,,NOASSERTION,2026-09-24,research-design
material-636ead2f2db40de7,data/shared/design/poll_details/past_append_a_poll/appendix-a-poll-details-5-01-15b.pdf,275801,636ead2f2db40de79268ae0eed9b37a05a7a2b2bde7961ab141521082350ef56,51585c453add214c3302c3449803ce3d,,NOASSERTION,2026-09-24,research-design
material-612e4398f6ecc217,data/shared/other/better-qs.pdf,66506,612e4398f6ecc2172c57be64d68b57c31c580cff03e49313c2a3fef35a2647eb,c543d96cc909c3cd329b896574b88bec,,NOASSERTION,2026-09-24,other
material-4df524361a0516c0,data/shared/other/checklist/checklist.pdf,69328,4df524361a0516c0f467a44752c5bdbb2762b592cc4f8d1a60ab66f58c183774,6b6bba03af7363f72bbb890f0d6fca8f,,NOASSERTION,2026-09-24,other
material-37b59e5bb0bd1d61,data/shared/other/checklist/data-and-command-file-checklist.pdf,31882,37b59e5bb0bd1d6131c496ab390c563fc98528eb89fa3c782fbf83cacac8dfb5,ba7633f982ee6410b54064135f5d816c,,NOASSERTION,2026-09-24,other
material-5cfd6f1fc5916dad,data/shared/other/dp-eval-qs.pdf,59472,5cfd6f1fc5916dadc687948cb62f6a1abfa90609e2ec13340c9d69cbb70c8814,354ce6e66d34d70052e4c231ccf8f565,,NOASSERTION,2026-09-24,other
material-f2ae795dab9ce282,data/shared/papers/deliberation-and-public-spiritedness-rui-wang-5-22-14-working-paper.pdf,722302,f2ae795dab9ce282482a008ae2329a13284782a65fee930f66a742856342fc3b,bbe6218ce6b03cbfc5fa5c1051081d60,,NOASSERTION,2026-09-24,paper
material-73486055a4219cf4,data/shared/papers/engagement4b.pdf,543305,73486055a4219cf489eab57ea2811ded1041f4bfe05fcc5ce1b0a043bc3af004,4bb65fff59d21113e732e57841d65a50,,NOASSERTION,2026-09-24,paper
material-244c1828ec30d822,data/shared/other/rclbib.pdf,710820,244c1828ec30d8228f643e7b5c378da6a1ad8ba0e4857986d7f70da581644dce,4730da8cf628f56db0b690d6e1d4a45a,,NOASSERTION,2026-09-24,other
material-b8b29a0ced9f3497,data/shared/papers/structuration200601-c.pdf,708261,b8b29a0ced9f3497ff6ed42472d5a7138058fc41fdebbcc5073bb6442b0619fa,26db63abce5c7849cd04fd0b66597072,,NOASSERTION,2026-09-24,paper
material-071d77cd02f097c8,data/shared/papers/util-appam.pdf,1070877,071d77cd02f097c8985b7490c5deff55a43f4814fe4ab5545627585167aba31b,d296dd5ff03d12980045738875dc05ae,,NOASSERTION,2026-09-24,paper
material-3e7bfd8a37d040e2,data/tomorrows-europe-2007/questionnaire-post.pdf,2069014,3e7bfd8a37d040e21072ba67c7e63ce115768651be90c1e681e67eb412ea75ef,f6a3d1e5cf30ee02a20ab9efaf740b9a,,NOASSERTION,2026-09-24,questionnaire
material-234d8eb1eada569c,data/uk-general-election-1997/papers/ge2.pdf,438638,234d8eb1eada569cd8be623290c928bc1047c44968eba07288862cd05917b3a4,70678d449ced24583e6b220f2c597f6c,,NOASSERTION,2026-09-24,paper
material-63e598dd8ad29f9e,data/uk-monarchy-1996/codebook.pdf,808149,63e598dd8ad29f9e52821c3413358837544e2aa1002c1c378262a5091c6bfc95,3946001291bd14f76d3529ecc61e1510,,NOASSERTION,2026-09-24,codebook
material-ff07d4e41e3b6489,data/vermont-energy-2007/questionnaire-post-key.pdf,1041001,ff07d4e41e3b64898a76a6cdd134d4e173f1b83241435b32443e2982dfb7ebe9,dad22dfe2f9060fa84b8a675709d10dd,,NOASSERTION,2026-09-24,questionnaire
material-fc64a766aa30ab58,data/vermont-energy-2007/questionnaire-pre.pdf,241696,fc64a766aa30ab588af38544add01c3bf28185ee2761346c705184618779d823,37887b29fb24758a5f1a8e989de2fcb9,,NOASSERTION,2026-09-24,questionnaire
material-e24b16e43658aad5,data/whatsapp-india/codebooks/whatsapp_codebook.pdf,240642,e24b16e43658aad53ffd55034500efe26fb8effc6ca7fe6328b2f547d533a000,c0c8449f4284a2c6d55faf15555b7e6c,,NOASSERTION,2026-09-24,codebook
material-1db716982557bffa,data/whatsapp-india/other/whatsapp_readme.pdf,40743,1db716982557bffaaa4b11ed65944051a3dff55a7ce6fa81e0129329e8f474c4,c1844f5d4c8bca100e6a1d0d9674bd11,,NOASSERTION,2026-09-24,other
material-91433c0dbac65e7e,data/zeguo-2005/source-materials/questionnaire-alternative.pdf,750138,91433c0dbac65e7e52f49c96ed9f1c394c2ea2913627cc28ef0a6f623128af68,a8262671e0420701ea9c566577986165,,NOASSERTION,2026-09-24,questionnaire
material-9fbb4227636fdf0b,data/zeguo-2005/source-materials/questionnaire.pdf,729829,9fbb4227636fdf0bb4c968680c8198bf2fe6648ccb735b3e7b54f63585abb9d7,13290780aa97f3a9b57671a2491c819a,,NOASSERTION,2026-09-24,questionnaire
