source_row,original_stable_id,arrival_id,departure_id,historical_caseid,group,source_t2part,source_t3part,telephone_score_original,telephone_score_revised,arrival_score_original,arrival_score_revised,departure_score_original,departure_score_revised,telephone_factual_correct_count,arrival_factual_correct_count,departure_factual_correct_count,observed_raw_departure_field_count,observed_raw_arrival_field_count,departure_quiz_blank_count,departure_quiz_dk_count,arrival_quiz_blank_count,arrival_quiz_dk_count
1,30154,30154,30154,80000,1,1,1,0.28571429848671,0.28571429848671,,0,,0.28571429848671,2,0,2,55,12,1,3,7,0
2,8805,8805,9046,80001,1,1,1,0.28571429848671,0.28571429848671,0.200000002980232,0.142857149243355,0.428571432828903,0.428571432828903,2,1,3,115,68,0,1,2,0
3,2197,2197,2197,80002,1,1,1,0.142857149243355,0.142857149243355,0.28571429848671,0.28571429848671,0.428571432828903,0.428571432828903,1,2,3,108,97,0,4,0,4
4,32127,32127,32127,80003,1,1,1,0.28571429848671,0.28571429848671,0.571428596973419,0.571428596973419,0.571428596973419,0.571428596973419,2,4,4,115,96,0,0,0,1
5,33915,33915,33915,80004,1,1,1,0.28571429848671,0.28571429848671,0.142857149243355,0.142857149243355,0.28571429848671,0.28571429848671,2,1,2,106,101,0,1,0,3
6,21751,21751,21751,80005,2,1,1,0.428571432828903,0.428571432828903,0.428571432828903,0.428571432828903,0.28571429848671,0.28571429848671,3,3,2,80,36,0,2,0,2
7,32364,32364,32364,80006,2,1,1,0.571428596973419,0.571428596973419,0.571428596973419,0.571428596973419,0.571428596973419,0.571428596973419,4,4,4,115,47,0,1,0,2
8,13185,13185,13185,80007,2,1,1,0.142857149243355,0.142857149243355,0.142857149243355,0.142857149243355,0.142857149243355,0.142857149243355,1,1,1,109,72,0,6,0,6
9,31998,31998,31998,80008,2,1,1,0.28571429848671,0.28571429848671,0.571428596973419,0.571428596973419,0.428571432828903,0.428571432828903,2,4,3,115,77,0,0,0,1
10,31827,31827,31827,80009,2,1,1,0.571428596973419,0.571428596973419,0.428571432828903,0.428571432828903,0.428571432828903,0.428571432828903,4,3,3,114,95,0,1,0,1
11,20238,20238,20238,80010,2,1,1,0.142857149243355,0.142857149243355,0.428571432828903,0.428571432828903,0.571428596973419,0.571428596973419,1,3,4,114,102,0,0,0,0
12,31600,31600,31600,80011,2,1,1,0.428571432828903,0.428571432828903,,0,0.571428596973419,0.571428596973419,3,0,4,107,64,0,0,7,0
13,7889,7889,8795,80012,3,1,1,0.428571432828903,0.428571432828903,0.714285731315613,0.714285731315613,,0.428571432828903,3,5,3,98,102,1,0,0,0
14,33840,33840,33840,80013,3,1,1,0.142857149243355,0.142857149243355,0.142857149243355,0.142857149243355,0.142857149243355,0.142857149243355,1,1,1,115,102,0,0,0,0
15,33672,33672,33672,80014,3,1,1,0.428571432828903,0.428571432828903,0.571428596973419,0.571428596973419,0.714285731315613,0.714285731315613,3,4,5,115,78,0,1,0,2
16,2156,2156,2156,80015,3,1,1,0.28571429848671,0.28571429848671,0.400000005960464,0.28571429848671,0.28571429848671,0.28571429848671,2,2,2,110,93,0,3,2,2
17,31095,31095,31095,80016,3,1,1,0.142857149243355,0.142857149243355,0.428571432828903,0.428571432828903,0.571428596973419,0.571428596973419,1,3,4,99,99,0,1,0,1
18,32214,32214,32214,80017,3,1,1,0.428571432828903,0.428571432828903,0.714285731315613,0.714285731315613,0.714285731315613,0.714285731315613,3,5,5,114,102,0,0,0,0
19,18438,18438,18438,80018,4,1,1,0.28571429848671,0.28571429848671,0.571428596973419,0.571428596973419,0.571428596973419,0.571428596973419,2,4,4,104,78,0,0,0,0
20,32260,32260,32260,80019,4,1,1,0.428571432828903,0.428571432828903,0.428571432828903,0.428571432828903,0.428571432828903,0.428571432828903,3,3,3,109,85,0,0,0,0
21,7336,7336,7476,80020,4,1,1,0.28571429848671,0.28571429848671,0.28571429848671,0.28571429848671,,0.428571432828903,2,2,3,25,88,1,0,0,1
22,17906,17906,17906,80021,4,1,1,0.28571429848671,0.28571429848671,0.428571432828903,0.428571432828903,0.428571432828903,0.428571432828903,2,3,3,110,79,0,4,0,4
23,31081,31081,31081,80022,4,1,1,0.28571429848671,0.28571429848671,0.428571432828903,0.428571432828903,0.428571432828903,0.428571432828903,2,3,3,115,101,0,0,0,2
24,25802,25802,25802,80023,5,1,1,0.28571429848671,0.28571429848671,0.28571429848671,0.28571429848671,0.428571432828903,0.428571432828903,2,2,3,115,84,0,2,0,3
25,33867,33867,33867,80024,5,1,1,0.28571429848671,0.28571429848671,0.428571432828903,0.428571432828903,0.428571432828903,0.428571432828903,2,3,3,115,101,0,3,0,3
26,31850,31850,31850,80025,5,1,1,0.428571432828903,0.428571432828903,0.28571429848671,0.28571429848671,0.28571429848671,0.28571429848671,3,2,2,115,102,0,0,0,0
27,33898,33898,33898,80026,5,1,1,0.428571432828903,0.428571432828903,0.571428596973419,0.571428596973419,0.571428596973419,0.571428596973419,3,4,4,115,94,0,1,0,1
28,26309,26309,26309,80027,6,1,1,0.28571429848671,0.28571429848671,0.428571432828903,0.428571432828903,0.428571432828903,0.428571432828903,2,3,3,115,96,0,0,0,0
29,32933,32933,32933,80028,6,1,1,0.142857149243355,0.142857149243355,0.333333343267441,0.142857149243355,0.142857149243355,0.142857149243355,1,1,1,100,63,0,6,4,0
30,31108,31108,31108,80029,6,1,1,0.428571432828903,0.428571432828903,0.28571429848671,0.28571429848671,0.428571432828903,0.428571432828903,3,2,3,31,26,0,1,0,2
31,31718,31718,31718,80030,6,1,1,0.28571429848671,0.28571429848671,0.200000002980232,0.142857149243355,0.428571432828903,0.428571432828903,2,1,3,66,55,0,0,2,3
32,7148,7148,7192,80031,6,1,1,0.571428596973419,0.571428596973419,0.428571432828903,0.428571432828903,0.714285731315613,0.714285731315613,4,3,5,110,102,0,0,0,0
33,18377,18377,18377,80032,6,1,1,0.28571429848671,0.28571429848671,0.428571432828903,0.428571432828903,0.571428596973419,0.571428596973419,2,3,4,76,67,0,0,0,1
34,25951,25951,25951,80033,6,1,1,0.428571432828903,0.428571432828903,0.714285731315613,0.714285731315613,0.571428596973419,0.571428596973419,3,5,4,115,102,0,0,0,0
35,7476,7476,7889,80034,7,1,1,0.142857149243355,0.142857149243355,0.28571429848671,0.28571429848671,0.571428596973419,0.571428596973419,1,2,4,115,38,0,0,0,3
36,31847,31847,31847,80035,8,1,1,0.714285731315613,0.714285731315613,0.28571429848671,0.28571429848671,0.28571429848671,0.28571429848671,5,2,2,59,46,0,1,0,1
37,32022,32022,32022,80036,8,1,1,0.28571429848671,0.28571429848671,0.142857149243355,0.142857149243355,0.142857149243355,0.142857149243355,2,1,1,115,82,0,5,0,5
38,11816,11816,11816,80037,8,1,1,0,0,0.142857149243355,0.142857149243355,,0.142857149243355,0,1,1,111,71,1,5,0,6
39,31466,31466,31466,80038,8,1,1,0.428571432828903,0.428571432828903,0.428571432828903,0.428571432828903,0.428571432828903,0.428571432828903,3,3,3,111,64,0,1,0,1
40,11266,11266,11266,80039,8,1,1,0.142857149243355,0.142857149243355,0.428571432828903,0.428571432828903,0.28571429848671,0.28571429848671,1,3,2,115,97,0,1,0,1
41,31189,31189,31189,80040,8,1,1,0.28571429848671,0.28571429848671,0.857142865657806,0.857142865657806,0.714285731315613,0.714285731315613,2,6,5,115,102,0,1,0,0
42,33918,33918,33918,80041,8,1,1,0.428571432828903,0.428571432828903,0.428571432828903,0.428571432828903,0.428571432828903,0.428571432828903,3,3,3,115,101,0,2,0,3
43,31844,31844,31844,80042,8,1,1,0.28571429848671,0.28571429848671,0.714285731315613,0.714285731315613,0.571428596973419,0.571428596973419,2,5,4,111,101,0,0,0,0
44,33409,33409,33409,80043,9,1,1,0.428571432828903,0.428571432828903,0.857142865657806,0.857142865657806,0.714285731315613,0.714285731315613,3,6,5,91,77,0,0,0,0
45,3184,3184,3184,80044,9,1,1,0.428571432828903,0.428571432828903,0.28571429848671,0.28571429848671,0.28571429848671,0.28571429848671,3,2,2,65,47,0,1,0,0
46,31981,31981,31981,80045,9,1,1,0.428571432828903,0.428571432828903,0.857142865657806,0.857142865657806,0.571428596973419,0.571428596973419,3,6,4,94,57,0,0,0,0
47,23223,23223,23223,80046,9,1,1,0.428571432828903,0.428571432828903,1,0.857142865657806,0.857142865657806,0.857142865657806,3,6,6,115,101,0,1,1,0
48,30192,30192,30192,80047,9,1,1,0.28571429848671,0.28571429848671,0.142857149243355,0.142857149243355,0.28571429848671,0.28571429848671,2,1,2,93,92,0,4,0,4
49,590,590,590,80048,9,1,1,0.28571429848671,0.28571429848671,0.28571429848671,0.28571429848671,0.28571429848671,0.28571429848671,2,2,2,86,91,0,3,0,3
50,24976,24976,24976,80049,9,1,1,0.428571432828903,0.428571432828903,0.428571432828903,0.428571432828903,0.428571432828903,0.428571432828903,3,3,3,114,101,0,0,0,0
51,33706,33706,33706,80050,10,1,1,0.142857149243355,0.142857149243355,0.28571429848671,0.28571429848671,0.28571429848671,0.28571429848671,1,2,2,115,100,0,3,0,2
52,987,987,987,80051,10,1,1,0.428571432828903,0.428571432828903,0.28571429848671,0.28571429848671,0.28571429848671,0.28571429848671,3,2,2,114,101,0,1,0,2
53,12484,12484,12484,80052,10,1,1,0.571428596973419,0.571428596973419,0.714285731315613,0.714285731315613,0.714285731315613,0.714285731315613,4,5,5,115,102,0,0,0,0
54,102,102,102,80053,10,1,1,0.714285731315613,0.714285731315613,0.571428596973419,0.571428596973419,0.571428596973419,0.571428596973419,5,4,4,114,101,0,0,0,0
55,30592,30592,30592,80054,10,1,1,0.142857149243355,0.142857149243355,,0,,0.142857149243355,1,0,1,30,12,6,0,7,0
56,21254,21254,21254,80055,10,1,1,0.428571432828903,0.428571432828903,0.142857149243355,0.142857149243355,0.142857149243355,0.142857149243355,3,1,1,65,53,0,4,0,5
57,31776,31776,31776,80056,10,1,1,0.28571429848671,0.28571429848671,0.571428596973419,0.571428596973419,0.571428596973419,0.571428596973419,2,4,4,108,81,0,2,0,2
58,30911,30911,30911,80057,10,1,1,0.428571432828903,0.428571432828903,0.714285731315613,0.714285731315613,0.714285731315613,0.714285731315613,3,5,5,115,92,0,0,0,0
59,33976,33976,33976,80058,10,1,1,0.28571429848671,0.28571429848671,0.571428596973419,0.571428596973419,0.571428596973419,0.571428596973419,2,4,4,113,102,0,2,0,2
60,22148,22148,22148,80059,10,1,1,0.714285731315613,0.714285731315613,0.571428596973419,0.571428596973419,0.714285731315613,0.714285731315613,5,4,5,115,54,0,0,0,1
61,5215,5215,5215,80060,11,1,1,0.142857149243355,0.142857149243355,0.428571432828903,0.428571432828903,,0.714285731315613,1,3,5,113,96,1,1,0,2
62,31650,31650,31650,80061,11,1,1,0.428571432828903,0.428571432828903,0.571428596973419,0.571428596973419,,0.428571432828903,3,4,3,113,102,2,0,0,1
63,188,188,188,80062,11,1,1,0.28571429848671,0.28571429848671,0.5,0.428571432828903,0.428571432828903,0.428571432828903,2,3,3,104,80,0,2,1,1
64,21669,21669,21669,80063,11,1,1,0.571428596973419,0.571428596973419,0.571428596973419,0.571428596973419,0.571428596973419,0.571428596973419,4,4,4,115,99,0,1,0,0
65,33608,33608,33608,80064,11,1,1,0.142857149243355,0.142857149243355,0.142857149243355,0.142857149243355,0.142857149243355,0.142857149243355,1,1,1,109,88,0,3,0,3
66,31708,31708,31708,80065,12,1,1,0.571428596973419,0.571428596973419,0.142857149243355,0.142857149243355,0.142857149243355,0.142857149243355,4,1,1,115,102,0,0,0,1
67,33900,33900,33900,80066,12,1,1,0.28571429848671,0.28571429848671,0.400000005960464,0.28571429848671,0.28571429848671,0.28571429848671,2,2,2,115,88,0,3,2,2
68,6885,6885,7148,80067,12,1,1,0.28571429848671,0.28571429848671,0.28571429848671,0.28571429848671,0.428571432828903,0.428571432828903,2,2,3,115,102,0,0,0,4
69,31634,31634,31634,80068,13,1,1,0.714285731315613,0.714285731315613,0.28571429848671,0.28571429848671,0.28571429848671,0.28571429848671,5,2,2,92,82,0,4,0,4
70,30215,30215,30226,80069,13,1,1,0.142857149243355,0.142857149243355,0.16666667163372,0.142857149243355,0.28571429848671,0.28571429848671,1,1,2,115,39,0,0,1,4
71,30907,30907,30907,80070,13,1,1,0.428571432828903,0.428571432828903,0.571428596973419,0.571428596973419,0.571428596973419,0.571428596973419,3,4,4,105,97,0,1,0,1
72,32399,32399,32399,80071,14,1,1,0.28571429848671,0.28571429848671,0.28571429848671,0.28571429848671,0.142857149243355,0.142857149243355,2,2,1,114,80,0,3,0,5
73,9271,9271,9461,80072,14,1,1,0.28571429848671,0.28571429848671,0.28571429848671,0.28571429848671,0.571428596973419,0.571428596973419,2,2,4,115,100,0,2,0,1
74,9522,9522,9624,80073,14,1,1,0.142857149243355,0.142857149243355,0.428571432828903,0.428571432828903,0.571428596973419,0.571428596973419,1,3,4,115,45,0,0,0,0
75,30226,30226,30274,80074,14,1,1,0.428571432828903,0.428571432828903,0.28571429848671,0.28571429848671,0.28571429848671,0.28571429848671,3,2,2,115,87,0,3,0,0
76,13799,13799,13799,80075,14,1,1,0.28571429848671,0.28571429848671,0.571428596973419,0.571428596973419,,0.571428596973419,2,4,4,114,96,1,1,0,1
77,31501,31501,31501,80076,14,1,1,0.28571429848671,0.28571429848671,0.666666686534882,0.571428596973419,0.571428596973419,0.571428596973419,2,4,4,115,101,0,0,1,0
78,30274,30274,30304,80077,14,1,1,0.571428596973419,0.571428596973419,0.28571429848671,0.28571429848671,0.571428596973419,0.571428596973419,4,2,4,113,95,0,2,0,4
79,32382,32382,32382,80078,15,1,1,0.28571429848671,0.28571429848671,0.428571432828903,0.428571432828903,0.571428596973419,0.571428596973419,2,3,4,113,97,0,1,0,0
80,31553,31553,31553,80079,15,1,1,0.142857149243355,0.142857149243355,0.28571429848671,0.28571429848671,0.28571429848671,0.28571429848671,1,2,2,115,99,0,1,0,1
81,33971,33971,33971,80080,15,1,1,0.428571432828903,0.428571432828903,0.857142865657806,0.857142865657806,0.714285731315613,0.714285731315613,3,6,5,115,102,0,0,0,0
82,5153,5153,5153,80081,15,1,1,0.714285731315613,0.714285731315613,0.571428596973419,0.571428596973419,0.571428596973419,0.571428596973419,5,4,4,115,93,0,1,0,1
83,22297,22297,22297,80082,15,1,1,0.428571432828903,0.428571432828903,0.666666686534882,0.571428596973419,0.428571432828903,0.428571432828903,3,4,3,114,97,0,0,1,0
84,152,152,152,80083,15,1,1,0.428571432828903,0.428571432828903,0.571428596973419,0.571428596973419,0.571428596973419,0.571428596973419,3,4,4,107,94,0,0,0,0
85,13962,13962,13962,80084,15,1,1,0.714285731315613,0.714285731315613,0.571428596973419,0.571428596973419,0.571428596973419,0.571428596973419,5,4,4,103,102,0,0,0,0
86,32832,,32832,,,,1,0.428571432828903,0.428571432828903,,0,0.28571429848671,0.28571429848671,3,0,2,115,0,0,0,7,0
87,33909,,33909,,,,1,0.28571429848671,0.28571429848671,,0,0.142857149243355,0.142857149243355,2,0,1,114,0,0,5,7,0
88,21434,,21434,,,,1,0.571428596973419,0.571428596973419,,0,0.428571432828903,0.428571432828903,4,0,3,115,0,0,0,7,0
89,6272,6272,6272,,,1,1,0.142857149243355,0.142857149243355,0.142857149243355,0.142857149243355,0.142857149243355,0.142857149243355,1,1,1,88,99,0,5,0,0
90,30525,30525,30525,80085,1,1,1,0.428571432828903,0.428571432828903,0.428571432828903,0.428571432828903,0.28571429848671,0.28571429848671,3,3,2,107,94,0,1,0,1
91,438,438,438,80086,1,1,1,0.142857149243355,0.142857149243355,0.571428596973419,0.571428596973419,0.428571432828903,0.428571432828903,1,4,3,109,102,0,0,0,0
92,32404,32404,32404,80087,2,1,1,0.571428596973419,0.571428596973419,0.571428596973419,0.571428596973419,0.714285731315613,0.714285731315613,4,4,5,115,102,0,1,0,2
93,12723,12723,12723,80088,3,1,1,0.571428596973419,0.571428596973419,0.571428596973419,0.571428596973419,0.571428596973419,0.571428596973419,4,4,4,115,102,0,0,0,0
94,464,464,464,80089,3,1,1,0.428571432828903,0.428571432828903,0.714285731315613,0.714285731315613,0.714285731315613,0.714285731315613,3,5,5,115,47,0,0,0,0
95,18910,18910,18910,80090,3,1,1,0.571428596973419,0.571428596973419,0.28571429848671,0.28571429848671,0.28571429848671,0.28571429848671,4,2,2,114,78,0,0,0,0
96,14263,14263,14263,80091,4,1,1,0.428571432828903,0.428571432828903,0.571428596973419,0.571428596973419,0.714285731315613,0.714285731315613,3,4,5,115,92,0,0,0,0
97,5682,5682,5682,80092,4,1,1,0.428571432828903,0.428571432828903,0.428571432828903,0.428571432828903,0.428571432828903,0.428571432828903,3,3,3,115,96,0,0,0,0
98,6262,6262,6262,80093,5,1,1,0.571428596973419,0.571428596973419,0.142857149243355,0.142857149243355,0.142857149243355,0.142857149243355,4,1,1,111,93,0,1,0,1
99,267,267,267,80094,6,1,1,0.571428596973419,0.571428596973419,0.428571432828903,0.428571432828903,0.428571432828903,0.428571432828903,4,3,3,114,102,0,2,0,2
100,32073,32073,32073,80095,7,1,1,0.142857149243355,0.142857149243355,0.428571432828903,0.428571432828903,0.428571432828903,0.428571432828903,1,3,3,98,70,0,1,0,2
101,25646,25646,25646,80096,7,1,1,0.142857149243355,0.142857149243355,0.142857149243355,0.142857149243355,0.142857149243355,0.142857149243355,1,1,1,115,102,0,1,0,1
102,31163,31163,31163,80097,7,1,1,0.142857149243355,0.142857149243355,0.142857149243355,0.142857149243355,0.142857149243355,0.142857149243355,1,1,1,63,67,0,2,0,5
103,33144,33144,33144,80098,8,1,1,0.428571432828903,0.428571432828903,0.28571429848671,0.28571429848671,0.28571429848671,0.28571429848671,3,2,2,95,82,0,0,0,0
104,8795,8795,8805,80099,8,1,1,0.428571432828903,0.428571432828903,0.428571432828903,0.428571432828903,0.142857149243355,0.142857149243355,3,3,1,104,59,0,3,0,0
105,18762,18762,18762,80100,9,1,1,0.428571432828903,0.428571432828903,0.28571429848671,0.28571429848671,0.142857149243355,0.142857149243355,3,2,1,115,96,0,5,0,4
106,32100,32100,32100,80101,9,1,1,0.142857149243355,0.142857149243355,0.28571429848671,0.28571429848671,0.28571429848671,0.28571429848671,1,2,2,115,102,0,0,0,0
107,13085,13085,13085,80102,10,1,1,0.28571429848671,0.28571429848671,0.28571429848671,0.28571429848671,0.28571429848671,0.28571429848671,2,2,2,115,102,0,2,0,2
108,7192,7192,7336,80103,10,1,1,0.714285731315613,0.714285731315613,0.714285731315613,0.714285731315613,0.428571432828903,0.428571432828903,5,5,3,92,102,0,1,0,0
109,31788,31788,31788,80104,11,1,1,0.28571429848671,0.28571429848671,0.28571429848671,0.28571429848671,0.428571432828903,0.428571432828903,2,2,3,114,101,0,2,0,2
110,13746,13746,13746,80105,12,1,1,0.428571432828903,0.428571432828903,0.428571432828903,0.428571432828903,0.571428596973419,0.571428596973419,3,3,4,65,94,0,0,0,0
111,31944,31944,31944,80106,12,1,1,0.428571432828903,0.428571432828903,0.571428596973419,0.571428596973419,0.714285731315613,0.714285731315613,3,4,5,114,102,0,0,0,0
112,30637,30637,30637,80107,13,1,1,0.28571429848671,0.28571429848671,0.571428596973419,0.571428596973419,0.428571432828903,0.428571432828903,2,4,3,112,102,0,0,0,0
113,21888,21888,21888,80108,13,1,1,0.571428596973419,0.571428596973419,0.428571432828903,0.428571432828903,0.28571429848671,0.28571429848671,4,3,2,103,91,0,2,0,2
114,32440,32440,32440,80109,13,1,1,0.428571432828903,0.428571432828903,0.857142865657806,0.857142865657806,0.857142865657806,0.857142865657806,3,6,6,115,102,0,0,0,0
115,30434,30434,30434,80110,15,1,1,0.28571429848671,0.28571429848671,0.28571429848671,0.28571429848671,0.28571429848671,0.28571429848671,2,2,2,114,99,0,2,0,1
116,30596,30596,30596,80111,15,1,1,0.428571432828903,0.428571432828903,0.714285731315613,0.714285731315613,0.571428596973419,0.571428596973419,3,5,4,113,90,0,1,0,1
117,14825,,14825,,,,1,0.428571432828903,0.428571432828903,0.714285731315613,0.714285731315613,0.714285731315613,0.714285731315613,3,5,5,102,67,0,0,0,0
118,6385,6385,6885,,,1,1,0.428571432828903,0.428571432828903,0.800000011920929,0.571428596973419,0.28571429848671,0.28571429848671,3,4,2,115,58,0,4,2,0
119,31698,31698,31698,,,1,1,0.428571432828903,0.428571432828903,0.428571432828903,0.428571432828903,0.428571432828903,0.428571432828903,3,3,3,115,102,0,0,0,0
120,3350,3350,3350,80112,3,1,1,0.428571432828903,0.428571432828903,0,0,0.28571429848671,0.28571429848671,3,0,2,114,99,0,0,1,0
121,4934,4934,4934,80113,4,1,1,0.428571432828903,0.428571432828903,0.16666667163372,0.142857149243355,,0.142857149243355,3,1,1,70,84,1,0,1,0
122,31491,31491,31491,80114,5,1,1,0.28571429848671,0.28571429848671,0.142857149243355,0.142857149243355,0.142857149243355,0.142857149243355,2,1,1,115,100,0,5,0,5
123,31565,31565,31565,80115,5,1,1,0.142857149243355,0.142857149243355,0.142857149243355,0.142857149243355,0.571428596973419,0.571428596973419,1,1,4,106,52,0,0,0,4
124,30984,30984,30984,80116,8,1,1,0.28571429848671,0.28571429848671,0.28571429848671,0.28571429848671,0.28571429848671,0.28571429848671,2,2,2,115,102,0,3,0,4
125,16892,16892,16892,80117,9,1,1,0.428571432828903,0.428571432828903,0,0,,0.142857149243355,3,0,1,90,33,4,1,3,4
126,23074,23074,23074,80118,9,1,1,0.428571432828903,0.428571432828903,0.428571432828903,0.428571432828903,0.428571432828903,0.428571432828903,3,3,3,115,94,0,1,0,1
127,32285,32285,32285,80119,9,1,1,0.428571432828903,0.428571432828903,0.857142865657806,0.857142865657806,0.571428596973419,0.571428596973419,3,6,4,114,102,0,0,0,0
128,19311,19311,19311,80120,11,1,1,0.28571429848671,0.28571429848671,0.428571432828903,0.428571432828903,0.428571432828903,0.428571432828903,2,3,3,75,57,0,1,0,1
129,31062,31062,31062,80121,12,1,1,0,0,1,0.142857149243355,0.142857149243355,0.142857149243355,0,1,1,115,95,0,1,6,0
130,25308,25308,25308,80122,12,1,1,0.428571432828903,0.428571432828903,0.571428596973419,0.571428596973419,0.571428596973419,0.571428596973419,3,4,4,108,92,0,0,0,0
131,30684,30684,30684,80123,12,1,1,0.428571432828903,0.428571432828903,0.428571432828903,0.428571432828903,0.428571432828903,0.428571432828903,3,3,3,115,101,0,0,0,0
132,9461,9461,9522,80124,12,1,1,0.28571429848671,0.28571429848671,0.142857149243355,0.142857149243355,0.714285731315613,0.714285731315613,2,1,5,87,96,0,0,0,3
133,30741,30741,30741,80125,13,1,1,0.28571429848671,0.28571429848671,0.571428596973419,0.571428596973419,0.428571432828903,0.428571432828903,2,4,3,115,58,0,0,0,0
134,32023,32023,32023,80126,14,1,1,0.428571432828903,0.428571432828903,0.333333343267441,0.28571429848671,0.428571432828903,0.428571432828903,3,2,3,115,70,0,1,1,1
135,9046,9046,9271,80127,14,1,1,0.28571429848671,0.28571429848671,0.428571432828903,0.428571432828903,0.28571429848671,0.28571429848671,2,3,2,112,102,0,1,0,2
136,18809,18809,18809,80128,14,1,1,0.142857149243355,0.142857149243355,0.571428596973419,0.571428596973419,0.571428596973419,0.571428596973419,1,4,4,113,102,0,0,0,0
137,31916,,31916,,,,1,0.571428596973419,0.571428596973419,,0,,0,4,0,0,103,0,1,5,7,0
138,30357,,30357,,,,1,0.142857149243355,0.142857149243355,,0,0.714285731315613,0.714285731315613,1,0,5,107,0,0,0,7,0
139,10921,10921,,80129,4,1,,0.428571432828903,0.428571432828903,0.428571432828903,0.428571432828903,,0,3,3,0,0,101,7,0,0,0
140,5487,5487,,80130,4,1,,0.571428596973419,0.571428596973419,0.714285731315613,0.714285731315613,,0,4,5,0,0,102,7,0,0,0
141,14063,14063,,80131,5,1,,0.428571432828903,0.428571432828903,0.28571429848671,0.28571429848671,,0,3,2,0,0,96,7,0,0,5
142,14625,14625,,80132,6,1,,0.142857149243355,0.142857149243355,0.142857149243355,0.142857149243355,,0,1,1,0,0,100,7,0,0,2
143,18786,18786,,80133,7,1,,0.142857149243355,0.142857149243355,0.571428596973419,0.571428596973419,,0,1,4,0,0,45,7,0,0,2
144,30304,30304,,80134,7,1,,0.428571432828903,0.428571432828903,0.28571429848671,0.28571429848671,,0,3,2,0,0,102,7,0,0,2
145,2946,2946,,80135,9,1,,0.428571432828903,0.428571432828903,0.142857149243355,0.142857149243355,,0,3,1,0,0,53,7,0,0,6
146,12812,12812,,80136,9,1,,0.428571432828903,0.428571432828903,0.28571429848671,0.28571429848671,,0,3,2,0,0,95,7,0,0,1
147,5121,5121,,80137,12,1,,0.28571429848671,0.28571429848671,0,0,,0,2,0,0,0,34,7,0,6,1
148,26279,26279,,80138,12,1,,0.28571429848671,0.28571429848671,0.571428596973419,0.571428596973419,,0,2,4,0,0,40,7,0,0,1
149,32283,32283,,80139,13,1,,0.428571432828903,0.428571432828903,0.428571432828903,0.428571432828903,,0,3,3,0,0,93,7,0,0,3
150,10935,10935,,80140,15,1,,0.28571429848671,0.28571429848671,0.28571429848671,0.28571429848671,,0,2,2,0,0,60,7,0,0,2
151,16886,16886,,80141,15,1,,0.142857149243355,0.142857149243355,0.28571429848671,0.28571429848671,,0,1,2,0,0,96,7,0,0,0
152,19711,,,,,,,0.428571432828903,0.428571432828903,,0,,0,3,0,0,0,0,7,0,7,0
153,31360,,,,,,,0.28571429848671,0.28571429848671,,0,,0,2,0,0,0,0,7,0,7,0
154,23038,,,,,,,0.28571429848671,0.28571429848671,,0,,0,2,0,0,0,0,7,0,7,0
155,1509,,,,,,,0.428571432828903,0.428571432828903,,0,,0,3,0,0,0,0,7,0,7,0
156,33678,,,,,,,0.28571429848671,0.28571429848671,,0,,0,2,0,0,0,0,7,0,7,0
157,1518,,,,,,,0.142857149243355,0.142857149243355,,0,,0,1,0,0,0,0,7,0,7,0
158,5861,,,,,,,0.28571429848671,0.28571429848671,,0,,0,2,0,0,0,0,7,0,7,0
159,6390,,,,,,,0.28571429848671,0.28571429848671,,0,,0,2,0,0,0,0,7,0,7,0
160,32157,,,,,,,0.428571432828903,0.428571432828903,,0,,0,3,0,0,0,0,7,0,7,0
161,6952,,,,,,,0.142857149243355,0.142857149243355,,0,,0,1,0,0,0,0,7,0,7,0
162,26345,,,,,,,0.28571429848671,0.28571429848671,,0,,0,2,0,0,0,0,7,0,7,0
163,2661,,,,,,,0,0,,0,,0,0,0,0,0,0,7,0,7,0
164,3575,,,,,,,0.28571429848671,0.28571429848671,,0,,0,2,0,0,0,0,7,0,7,0
165,14912,,,,,,,0.428571432828903,0.428571432828903,,0,,0,3,0,0,0,0,7,0,7,0
166,8506,,,,,,,0.28571429848671,0.28571429848671,,0,,0,2,0,0,0,0,7,0,7,0
167,31061,,,,,,,0.428571432828903,0.428571432828903,,0,,0,3,0,0,0,0,7,0,7,0
168,21697,,,,,,,0.142857149243355,0.142857149243355,,0,,0,1,0,0,0,0,7,0,7,0
169,10262,,,,,,,0.28571429848671,0.28571429848671,,0,,0,2,0,0,0,0,7,0,7,0
170,21298,,,,,,,0.142857149243355,0.142857149243355,,0,,0,1,0,0,0,0,7,0,7,0
171,11371,,,,,,,0.28571429848671,0.28571429848671,,0,,0,2,0,0,0,0,7,0,7,0
172,25923,,,,,,,0.428571432828903,0.428571432828903,,0,,0,3,0,0,0,0,7,0,7,0
173,9297,,,,,,,0.571428596973419,0.571428596973419,,0,,0,4,0,0,0,0,7,0,7,0
174,31375,,,,,,,0.28571429848671,0.28571429848671,,0,,0,2,0,0,0,0,7,0,7,0
175,2696,,,,,,,0.571428596973419,0.571428596973419,,0,,0,4,0,0,0,0,7,0,7,0
176,25455,,,,,,,0.28571429848671,0.28571429848671,,0,,0,2,0,0,0,0,7,0,7,0
177,6151,,,,,,,0.571428596973419,0.571428596973419,,0,,0,4,0,0,0,0,7,0,7,0
178,13070,,,,,,,0.428571432828903,0.428571432828903,,0,,0,3,0,0,0,0,7,0,7,0
179,9637,,,,,,,0.428571432828903,0.428571432828903,,0,,0,3,0,0,0,0,7,0,7,0
180,11735,,,,,,,0.428571432828903,0.428571432828903,,0,,0,3,0,0,0,0,7,0,7,0
181,17032,,,,,,,0.142857149243355,0.142857149243355,,0,,0,1,0,0,0,0,7,0,7,0
182,1811,,,,,,,0.142857149243355,0.142857149243355,,0,,0,1,0,0,0,0,7,0,7,0
183,14317,,,,,,,0.28571429848671,0.28571429848671,,0,,0,2,0,0,0,0,7,0,7,0
184,14316,,,,,,,0.571428596973419,0.571428596973419,,0,,0,4,0,0,0,0,7,0,7,0
185,5157,,,,,,,0.28571429848671,0.28571429848671,,0,,0,2,0,0,0,0,7,0,7,0
186,3295,,,,,,,0.428571432828903,0.428571432828903,,0,,0,3,0,0,0,0,7,0,7,0
187,31042,,,,,,,0,0,,0,,0,0,0,0,0,0,7,0,7,0
188,2567,,,,,,,0.28571429848671,0.28571429848671,,0,,0,2,0,0,0,0,7,0,7,0
189,25464,,,,,,,0.28571429848671,0.28571429848671,,0,,0,2,0,0,0,0,7,0,7,0
190,31896,,,,,,,0.428571432828903,0.428571432828903,,0,,0,3,0,0,0,0,7,0,7,0
191,18599,,,,,,,0.428571432828903,0.428571432828903,,0,,0,3,0,0,0,0,7,0,7,0
192,31362,,,,,,,0.571428596973419,0.571428596973419,,0,,0,4,0,0,0,0,7,0,7,0
193,21512,,,,,,,0.142857149243355,0.142857149243355,,0,,0,1,0,0,0,0,7,0,7,0
194,25307,,,,,,,0.571428596973419,0.571428596973419,,0,,0,4,0,0,0,0,7,0,7,0
195,10014,,,,,,,0.142857149243355,0.142857149243355,,0,,0,1,0,0,0,0,7,0,7,0
196,19883,,,,,,,0.28571429848671,0.28571429848671,,0,,0,2,0,0,0,0,7,0,7,0
197,15145,,,,,,,0.428571432828903,0.428571432828903,,0,,0,3,0,0,0,0,7,0,7,0
198,9814,,,,,,,0.142857149243355,0.142857149243355,,0,,0,1,0,0,0,0,7,0,7,0
199,22152,,,,,,,0.142857149243355,0.142857149243355,,0,,0,1,0,0,0,0,7,0,7,0
200,15857,,,,,,,0.428571432828903,0.428571432828903,,0,,0,3,0,0,0,0,7,0,7,0
201,18724,,,,,,,0.28571429848671,0.28571429848671,,0,,0,2,0,0,0,0,7,0,7,0
202,31734,,,,,,,0.428571432828903,0.428571432828903,,0,,0,3,0,0,0,0,7,0,7,0
203,9931,,,,,,,0.28571429848671,0.28571429848671,,0,,0,2,0,0,0,0,7,0,7,0
204,32820,,,,,,,0.28571429848671,0.28571429848671,,0,,0,2,0,0,0,0,7,0,7,0
205,4012,,,,,,,0,0,,0,,0,0,0,0,0,0,7,0,7,0
206,3081,,,,,,,0.428571432828903,0.428571432828903,,0,,0,3,0,0,0,0,7,0,7,0
207,31479,,,,,,,0.28571429848671,0.28571429848671,,0,,0,2,0,0,0,0,7,0,7,0
208,17689,,,,,,,0.428571432828903,0.428571432828903,,0,,0,3,0,0,0,0,7,0,7,0
209,5483,,,,,,,0.28571429848671,0.28571429848671,,0,,0,2,0,0,0,0,7,0,7,0
210,2588,,,,,,,0.428571432828903,0.428571432828903,,0,,0,3,0,0,0,0,7,0,7,0
211,4010,,,,,,,0.142857149243355,0.142857149243355,,0,,0,1,0,0,0,0,7,0,7,0
212,18692,,,,,,,0.28571429848671,0.28571429848671,,0,,0,2,0,0,0,0,7,0,7,0
213,33977,,,,,,,0.428571432828903,0.428571432828903,,0,,0,3,0,0,0,0,7,0,7,0
214,19738,,,,,,,0.428571432828903,0.428571432828903,,0,,0,3,0,0,0,0,7,0,7,0
215,15566,,,,,,,0.571428596973419,0.571428596973419,,0,,0,4,0,0,0,0,7,0,7,0
216,1848,,,,,,,0.571428596973419,0.571428596973419,,0,,0,4,0,0,0,0,7,0,7,0
217,19699,,,,,,,0.142857149243355,0.142857149243355,,0,,0,1,0,0,0,0,7,0,7,0
218,11887,,,,,,,0.28571429848671,0.28571429848671,,0,,0,2,0,0,0,0,7,0,7,0
219,31511,,,,,,,0.28571429848671,0.28571429848671,,0,,0,2,0,0,0,0,7,0,7,0
220,22689,,,,,,,0.428571432828903,0.428571432828903,,0,,0,3,0,0,0,0,7,0,7,0
221,25020,,,,,,,0.28571429848671,0.28571429848671,,0,,0,2,0,0,0,0,7,0,7,0
222,3345,,,,,,,0.28571429848671,0.28571429848671,,0,,0,2,0,0,0,0,7,0,7,0
223,31817,,,,,,,0.28571429848671,0.28571429848671,,0,,0,2,0,0,0,0,7,0,7,0
224,21018,,,,,,,0.28571429848671,0.28571429848671,,0,,0,2,0,0,0,0,7,0,7,0
225,19156,,,,,,,0.428571432828903,0.428571432828903,,0,,0,3,0,0,0,0,7,0,7,0
226,5656,,,,,,,0.428571432828903,0.428571432828903,,0,,0,3,0,0,0,0,7,0,7,0
227,17473,,,,,,,0.571428596973419,0.571428596973419,,0,,0,4,0,0,0,0,7,0,7,0
228,33681,,,,,,,0.571428596973419,0.571428596973419,,0,,0,4,0,0,0,0,7,0,7,0
229,19564,,,,,,,0,0,,0,,0,0,0,0,0,0,7,0,7,0
230,8289,,,,,,,0.28571429848671,0.28571429848671,,0,,0,2,0,0,0,0,7,0,7,0
231,2815,,,,,,,0.428571432828903,0.428571432828903,,0,,0,3,0,0,0,0,7,0,7,0
232,31356,,,,,,,0.571428596973419,0.571428596973419,,0,,0,4,0,0,0,0,7,0,7,0
233,30628,,,,,,,0.142857149243355,0.142857149243355,,0,,0,1,0,0,0,0,7,0,7,0
234,8871,,,,,,,0.428571432828903,0.428571432828903,,0,,0,3,0,0,0,0,7,0,7,0
235,3388,,,,,,,0.428571432828903,0.428571432828903,,0,,0,3,0,0,0,0,7,0,7,0
236,11813,,,,,,,0.142857149243355,0.142857149243355,,0,,0,1,0,0,0,0,7,0,7,0
237,31345,,,,,,,0.428571432828903,0.428571432828903,,0,,0,3,0,0,0,0,7,0,7,0
238,24406,,,,,,,0.28571429848671,0.28571429848671,,0,,0,2,0,0,0,0,7,0,7,0
239,15516,,,,,,,0.28571429848671,0.28571429848671,,0,,0,2,0,0,0,0,7,0,7,0
240,7375,,,,,,,0.28571429848671,0.28571429848671,,0,,0,2,0,0,0,0,7,0,7,0
241,7132,,,,,,,0.28571429848671,0.28571429848671,,0,,0,2,0,0,0,0,7,0,7,0
242,20720,,,,,,,0.28571429848671,0.28571429848671,,0,,0,2,0,0,0,0,7,0,7,0
243,17916,,,,,,,0.428571432828903,0.428571432828903,,0,,0,3,0,0,0,0,7,0,7,0
244,16377,,,,,,,0.428571432828903,0.428571432828903,,0,,0,3,0,0,0,0,7,0,7,0
245,14279,,,,,,,0.28571429848671,0.28571429848671,,0,,0,2,0,0,0,0,7,0,7,0
246,17583,,,,,,,0.142857149243355,0.142857149243355,,0,,0,1,0,0,0,0,7,0,7,0
247,32114,,,,,,,0.571428596973419,0.571428596973419,,0,,0,4,0,0,0,0,7,0,7,0
248,3510,,,,,,,0.142857149243355,0.142857149243355,,0,,0,1,0,0,0,0,7,0,7,0
249,15612,,,,,,,0.28571429848671,0.28571429848671,,0,,0,2,0,0,0,0,7,0,7,0
250,20857,,,,,,,0.28571429848671,0.28571429848671,,0,,0,2,0,0,0,0,7,0,7,0
251,31948,,,,,,,0.142857149243355,0.142857149243355,,0,,0,1,0,0,0,0,7,0,7,0
252,5571,,,,,,,0.28571429848671,0.28571429848671,,0,,0,2,0,0,0,0,7,0,7,0
253,9465,,,,,,,0.28571429848671,0.28571429848671,,0,,0,2,0,0,0,0,7,0,7,0
254,17404,,,,,,,0.428571432828903,0.428571432828903,,0,,0,3,0,0,0,0,7,0,7,0
255,18666,,,,,,,0.142857149243355,0.142857149243355,,0,,0,1,0,0,0,0,7,0,7,0
256,12913,,,,,,,0.28571429848671,0.28571429848671,,0,,0,2,0,0,0,0,7,0,7,0
257,15698,,,,,,,0.28571429848671,0.28571429848671,,0,,0,2,0,0,0,0,7,0,7,0
258,9206,,,,,,,0.142857149243355,0.142857149243355,,0,,0,1,0,0,0,0,7,0,7,0
259,14558,,,,,,,0.28571429848671,0.28571429848671,,0,,0,2,0,0,0,0,7,0,7,0
260,13500,,,,,,,0.28571429848671,0.28571429848671,,0,,0,2,0,0,0,0,7,0,7,0
261,13468,,,,,,,0.714285731315613,0.714285731315613,,0,,0,5,0,0,0,0,7,0,7,0
262,33800,,,,,,,0.28571429848671,0.28571429848671,,0,,0,2,0,0,0,0,7,0,7,0
263,23416,,,,,,,0.142857149243355,0.142857149243355,,0,,0,1,0,0,0,0,7,0,7,0
264,17734,,,,,,,0.142857149243355,0.142857149243355,,0,,0,1,0,0,0,0,7,0,7,0
265,19351,,,,,,,0.142857149243355,0.142857149243355,,0,,0,1,0,0,0,0,7,0,7,0
266,4476,,,,,,,0.142857149243355,0.142857149243355,,0,,0,1,0,0,0,0,7,0,7,0
267,31107,,,,,,,0.428571432828903,0.428571432828903,,0,,0,3,0,0,0,0,7,0,7,0
268,9776,,,,,,,0.28571429848671,0.28571429848671,,0,,0,2,0,0,0,0,7,0,7,0
269,12749,,,,,,,0.28571429848671,0.28571429848671,,0,,0,2,0,0,0,0,7,0,7,0
270,22214,,,,,,,0.428571432828903,0.428571432828903,,0,,0,3,0,0,0,0,7,0,7,0
271,4197,,,,,,,0.28571429848671,0.28571429848671,,0,,0,2,0,0,0,0,7,0,7,0
272,1130,,,,,,,0.28571429848671,0.28571429848671,,0,,0,2,0,0,0,0,7,0,7,0
273,8985,,,,,,,0.28571429848671,0.28571429848671,,0,,0,2,0,0,0,0,7,0,7,0
274,30985,,,,,,,0.428571432828903,0.428571432828903,,0,,0,3,0,0,0,0,7,0,7,0
275,6303,,,,,,,0.428571432828903,0.428571432828903,,0,,0,3,0,0,0,0,7,0,7,0
276,3164,,,,,,,0.28571429848671,0.28571429848671,,0,,0,2,0,0,0,0,7,0,7,0
277,7697,,,,,,,0.28571429848671,0.28571429848671,,0,,0,2,0,0,0,0,7,0,7,0
278,17064,,,,,,,0.428571432828903,0.428571432828903,,0,,0,3,0,0,0,0,7,0,7,0
279,24878,,,,,,,0.28571429848671,0.28571429848671,,0,,0,2,0,0,0,0,7,0,7,0
280,5974,,,,,,,0.28571429848671,0.28571429848671,,0,,0,2,0,0,0,0,7,0,7,0
281,19693,,,,,,,0.28571429848671,0.28571429848671,,0,,0,2,0,0,0,0,7,0,7,0
282,13335,,,,,,,0.142857149243355,0.142857149243355,,0,,0,1,0,0,0,0,7,0,7,0
283,21846,,,,,,,0.428571432828903,0.428571432828903,,0,,0,3,0,0,0,0,7,0,7,0
284,32837,,,,,,,0.428571432828903,0.428571432828903,,0,,0,3,0,0,0,0,7,0,7,0
285,5089,,,,,,,0.28571429848671,0.28571429848671,,0,,0,2,0,0,0,0,7,0,7,0
286,33881,,,,,,,0.142857149243355,0.142857149243355,,0,,0,1,0,0,0,0,7,0,7,0
287,19245,,,,,,,0.428571432828903,0.428571432828903,,0,,0,3,0,0,0,0,7,0,7,0
288,19924,,,,,,,0.428571432828903,0.428571432828903,,0,,0,3,0,0,0,0,7,0,7,0
289,32099,,,,,,,0.714285731315613,0.714285731315613,,0,,0,5,0,0,0,0,7,0,7,0
290,26484,26484,,,,1,,0.28571429848671,0.28571429848671,0.28571429848671,0.28571429848671,,0,2,2,0,0,95,7,0,0,3
291,14189,,,,,,,0.571428596973419,0.571428596973419,,0,,0,4,0,0,0,0,7,0,7,0
292,509,,,,,,,0.142857149243355,0.142857149243355,,0,,0,1,0,0,0,0,7,0,7,0
293,1659,,,,,,,0.28571429848671,0.28571429848671,,0,,0,2,0,0,0,0,7,0,7,0
294,12752,,,,,,,0.28571429848671,0.28571429848671,,0,,0,2,0,0,0,0,7,0,7,0
295,11857,,,,,,,0.28571429848671,0.28571429848671,,0,,0,2,0,0,0,0,7,0,7,0
296,20060,,,,,,,0.142857149243355,0.142857149243355,,0,,0,1,0,0,0,0,7,0,7,0
297,21785,,,,,,,0.28571429848671,0.28571429848671,,0,,0,2,0,0,0,0,7,0,7,0
298,15231,,,,,,,0.571428596973419,0.571428596973419,,0,,0,4,0,0,0,0,7,0,7,0
299,31089,,,,,,,0.28571429848671,0.28571429848671,,0,,0,2,0,0,0,0,7,0,7,0
300,10452,,,,,,,0.28571429848671,0.28571429848671,,0,,0,2,0,0,0,0,7,0,7,0
301,10801,,,,,,,0.28571429848671,0.28571429848671,,0,,0,2,0,0,0,0,7,0,7,0
302,12813,,,,,,,0.714285731315613,0.714285731315613,,0,,0,5,0,0,0,0,7,0,7,0
303,23778,,,,,,,0.428571432828903,0.428571432828903,,0,,0,3,0,0,0,0,7,0,7,0
304,11954,,,,,,,0.142857149243355,0.142857149243355,,0,,0,1,0,0,0,0,7,0,7,0
305,14300,,,,,,,0.714285731315613,0.714285731315613,,0,,0,5,0,0,0,0,7,0,7,0
306,5063,,,,,,,0.142857149243355,0.142857149243355,,0,,0,1,0,0,0,0,7,0,7,0
307,18339,,,,,,,0.28571429848671,0.28571429848671,,0,,0,2,0,0,0,0,7,0,7,0
308,2649,,,,,,,0.28571429848671,0.28571429848671,,0,,0,2,0,0,0,0,7,0,7,0
309,24086,,,,,,,0.142857149243355,0.142857149243355,,0,,0,1,0,0,0,0,7,0,7,0
310,31198,,,,,,,0.571428596973419,0.571428596973419,,0,,0,4,0,0,0,0,7,0,7,0
311,9514,,,,,,,0.28571429848671,0.28571429848671,,0,,0,2,0,0,0,0,7,0,7,0
312,32229,,,,,,,0.428571432828903,0.428571432828903,,0,,0,3,0,0,0,0,7,0,7,0
313,6026,,,,,,,0,0,,0,,0,0,0,0,0,0,7,0,7,0
314,12996,,,,,,,0.28571429848671,0.28571429848671,,0,,0,2,0,0,0,0,7,0,7,0
315,5590,,,,,,,0.28571429848671,0.28571429848671,,0,,0,2,0,0,0,0,7,0,7,0
316,2782,,,,,,,0.142857149243355,0.142857149243355,,0,,0,1,0,0,0,0,7,0,7,0
317,21884,,,,,,,0.142857149243355,0.142857149243355,,0,,0,1,0,0,0,0,7,0,7,0
318,5145,,,,,,,0.428571432828903,0.428571432828903,,0,,0,3,0,0,0,0,7,0,7,0
319,30151,,,,,,,0.142857149243355,0.142857149243355,,0,,0,1,0,0,0,0,7,0,7,0
320,23217,,,,,,,0.142857149243355,0.142857149243355,,0,,0,1,0,0,0,0,7,0,7,0
321,32286,,,,,,,0.142857149243355,0.142857149243355,,0,,0,1,0,0,0,0,7,0,7,0
322,22263,,,,,,,0.428571432828903,0.428571432828903,,0,,0,3,0,0,0,0,7,0,7,0
323,5621,,,,,,,0.28571429848671,0.28571429848671,,0,,0,2,0,0,0,0,7,0,7,0
324,19731,,,,,,,0.571428596973419,0.571428596973419,,0,,0,4,0,0,0,0,7,0,7,0
325,10736,,,,,,,0.142857149243355,0.142857149243355,,0,,0,1,0,0,0,0,7,0,7,0
326,32256,,,,,,,0.28571429848671,0.28571429848671,,0,,0,2,0,0,0,0,7,0,7,0
327,31040,,,,,,,0.28571429848671,0.28571429848671,,0,,0,2,0,0,0,0,7,0,7,0
328,20573,,,,,,,0.142857149243355,0.142857149243355,,0,,0,1,0,0,0,0,7,0,7,0
329,19305,,,,,,,0.28571429848671,0.28571429848671,,0,,0,2,0,0,0,0,7,0,7,0
330,11583,,,,,,,0.571428596973419,0.571428596973419,,0,,0,4,0,0,0,0,7,0,7,0
331,22176,,,,,,,0.571428596973419,0.571428596973419,,0,,0,4,0,0,0,0,7,0,7,0
332,5300,,,,,,,0.142857149243355,0.142857149243355,,0,,0,1,0,0,0,0,7,0,7,0
333,5380,,,,,,,0.142857149243355,0.142857149243355,,0,,0,1,0,0,0,0,7,0,7,0
334,14062,,,,,,,0.28571429848671,0.28571429848671,,0,,0,2,0,0,0,0,7,0,7,0
335,19995,,,,,,,0.142857149243355,0.142857149243355,,0,,0,1,0,0,0,0,7,0,7,0
336,2388,,,,,,,0.428571432828903,0.428571432828903,,0,,0,3,0,0,0,0,7,0,7,0
337,32999,,,,,,,0.428571432828903,0.428571432828903,,0,,0,3,0,0,0,0,7,0,7,0
338,5648,5648,,,,1,,0.571428596973419,0.571428596973419,0.571428596973419,0.571428596973419,,0,4,4,0,0,81,7,0,0,2
339,7382,,,,,,,0.142857149243355,0.142857149243355,,0,,0,1,0,0,0,0,7,0,7,0
340,460,,,,,,,0.142857149243355,0.142857149243355,,0,,0,1,0,0,0,0,7,0,7,0
341,2157,,,,,,,0.142857149243355,0.142857149243355,,0,,0,1,0,0,0,0,7,0,7,0
342,1660,,,,,,,0.714285731315613,0.714285731315613,,0,,0,5,0,0,0,0,7,0,7,0
343,4961,,,,,,,0.28571429848671,0.28571429848671,,0,,0,2,0,0,0,0,7,0,7,0
344,22166,,,,,,,0.28571429848671,0.28571429848671,,0,,0,2,0,0,0,0,7,0,7,0
345,32130,,,,,,,0.28571429848671,0.28571429848671,,0,,0,2,0,0,0,0,7,0,7,0
346,17350,,,,,,,0.28571429848671,0.28571429848671,,0,,0,2,0,0,0,0,7,0,7,0
347,14142,,,,,,,0.142857149243355,0.142857149243355,,0,,0,1,0,0,0,0,7,0,7,0
348,22145,,,,,,,0.428571432828903,0.428571432828903,,0,,0,3,0,0,0,0,7,0,7,0
349,5694,,,,,,,0.28571429848671,0.28571429848671,,0,,0,2,0,0,0,0,7,0,7,0
350,32203,,,,,,,0.28571429848671,0.28571429848671,,0,,0,2,0,0,0,0,7,0,7,0
351,13613,,,,,,,0.142857149243355,0.142857149243355,,0,,0,1,0,0,0,0,7,0,7,0
352,21978,,,,,,,0.142857149243355,0.142857149243355,,0,,0,1,0,0,0,0,7,0,7,0
353,18898,,,,,,,0.142857149243355,0.142857149243355,,0,,0,1,0,0,0,0,7,0,7,0
354,2709,,,,,,,0.428571432828903,0.428571432828903,,0,,0,3,0,0,0,0,7,0,7,0
355,18310,,,,,,,0.142857149243355,0.142857149243355,,0,,0,1,0,0,0,0,7,0,7,0
356,3869,,,,,,,0.28571429848671,0.28571429848671,,0,,0,2,0,0,0,0,7,0,7,0
357,13801,,,,,,,0.571428596973419,0.571428596973419,,0,,0,4,0,0,0,0,7,0,7,0
358,26482,,,,,,,0.428571432828903,0.428571432828903,,0,,0,3,0,0,0,0,7,0,7,0
359,3398,,,,,,,0.142857149243355,0.142857149243355,,0,,0,1,0,0,0,0,7,0,7,0
360,8984,,,,,,,0.28571429848671,0.28571429848671,,0,,0,2,0,0,0,0,7,0,7,0
361,20591,,,,,,,0.28571429848671,0.28571429848671,,0,,0,2,0,0,0,0,7,0,7,0
362,18196,,,,,,,0.28571429848671,0.28571429848671,,0,,0,2,0,0,0,0,7,0,7,0
363,18911,,,,,,,0,0,,0,,0,0,0,0,0,0,7,0,7,0
364,2864,,,,,,,0.142857149243355,0.142857149243355,,0,,0,1,0,0,0,0,7,0,7,0
365,31793,,,,,,,0.428571432828903,0.428571432828903,,0,,0,3,0,0,0,0,7,0,7,0
366,3574,,,,,,,0.28571429848671,0.28571429848671,,0,,0,2,0,0,0,0,7,0,7,0
367,11537,,,,,,,0.28571429848671,0.28571429848671,,0,,0,2,0,0,0,0,7,0,7,0
368,32765,,,,,,,0.28571429848671,0.28571429848671,,0,,0,2,0,0,0,0,7,0,7,0
369,9632,,,,,,,0.28571429848671,0.28571429848671,,0,,0,2,0,0,0,0,7,0,7,0
370,12540,,,,,,,0.428571432828903,0.428571432828903,,0,,0,3,0,0,0,0,7,0,7,0
371,20917,,,,,,,0.28571429848671,0.28571429848671,,0,,0,2,0,0,0,0,7,0,7,0
372,26481,,,,,,,0.428571432828903,0.428571432828903,,0,,0,3,0,0,0,0,7,0,7,0
373,12224,,,,,,,0.28571429848671,0.28571429848671,,0,,0,2,0,0,0,0,7,0,7,0
374,14307,,,,,,,0.142857149243355,0.142857149243355,,0,,0,1,0,0,0,0,7,0,7,0
375,25143,,,,,,,0.714285731315613,0.714285731315613,,0,,0,5,0,0,0,0,7,0,7,0
376,17852,,,,,,,0.28571429848671,0.28571429848671,,0,,0,2,0,0,0,0,7,0,7,0
377,13579,,,,,,,0.28571429848671,0.28571429848671,,0,,0,2,0,0,0,0,7,0,7,0
378,8934,,,,,,,0.142857149243355,0.142857149243355,,0,,0,1,0,0,0,0,7,0,7,0
379,6219,,,,,,,0.428571432828903,0.428571432828903,,0,,0,3,0,0,0,0,7,0,7,0
380,18773,,,,,,,0.142857149243355,0.142857149243355,,0,,0,1,0,0,0,0,7,0,7,0
381,21389,,,,,,,0.428571432828903,0.428571432828903,,0,,0,3,0,0,0,0,7,0,7,0
382,8860,,,,,,,0.142857149243355,0.142857149243355,,0,,0,1,0,0,0,0,7,0,7,0
383,19695,,,,,,,0.428571432828903,0.428571432828903,,0,,0,3,0,0,0,0,7,0,7,0
384,18615,18615,,,,1,,0.428571432828903,0.428571432828903,0.28571429848671,0.28571429848671,,0,3,2,0,0,102,7,0,0,4
385,2991,,,,,,,0,0,,0,,0,0,0,0,0,0,7,0,7,0
386,32713,,,,,,,0.28571429848671,0.28571429848671,,0,,0,2,0,0,0,0,7,0,7,0
387,26476,,,,,,,0.428571432828903,0.428571432828903,,0,,0,3,0,0,0,0,7,0,7,0
388,18787,,,,,,,0.142857149243355,0.142857149243355,,0,,0,1,0,0,0,0,7,0,7,0
389,21806,,,,,,,0.28571429848671,0.28571429848671,,0,,0,2,0,0,0,0,7,0,7,0
390,25248,,,,,,,0.28571429848671,0.28571429848671,,0,,0,2,0,0,0,0,7,0,7,0
391,31286,,,,,,,0.142857149243355,0.142857149243355,,0,,0,1,0,0,0,0,7,0,7,0
392,12472,,,,,,,0.428571432828903,0.428571432828903,,0,,0,3,0,0,0,0,7,0,7,0
393,9942,,,,,,,0.142857149243355,0.142857149243355,,0,,0,1,0,0,0,0,7,0,7,0
394,31505,,,,,,,0.428571432828903,0.428571432828903,,0,,0,3,0,0,0,0,7,0,7,0
395,1831,,,,,,,0.142857149243355,0.142857149243355,,0,,0,1,0,0,0,0,7,0,7,0
396,13815,,,,,,,0.428571432828903,0.428571432828903,,0,,0,3,0,0,0,0,7,0,7,0
397,32028,,,,,,,0.142857149243355,0.142857149243355,,0,,0,1,0,0,0,0,7,0,7,0
398,25882,,,,,,,0.142857149243355,0.142857149243355,,0,,0,1,0,0,0,0,7,0,7,0
399,16990,,,,,,,0.142857149243355,0.142857149243355,,0,,0,1,0,0,0,0,7,0,7,0
400,20753,,,,,,,0.142857149243355,0.142857149243355,,0,,0,1,0,0,0,0,7,0,7,0
401,7417,,,,,,,0.571428596973419,0.571428596973419,,0,,0,4,0,0,0,0,7,0,7,0
402,30150,,,,,,,0.428571432828903,0.428571432828903,,0,,0,3,0,0,0,0,7,0,7,0
403,15963,,,,,,,0.428571432828903,0.428571432828903,,0,,0,3,0,0,0,0,7,0,7,0
404,31439,,,,,,,0.428571432828903,0.428571432828903,,0,,0,3,0,0,0,0,7,0,7,0
405,1653,,,,,,,0.142857149243355,0.142857149243355,,0,,0,1,0,0,0,0,7,0,7,0
406,31632,,,,,,,0.142857149243355,0.142857149243355,,0,,0,1,0,0,0,0,7,0,7,0
407,6625,,,,,,,0.142857149243355,0.142857149243355,,0,,0,1,0,0,0,0,7,0,7,0
408,30749,,,,,,,0.142857149243355,0.142857149243355,,0,,0,1,0,0,0,0,7,0,7,0
409,16634,,,,,,,0.28571429848671,0.28571429848671,,0,,0,2,0,0,0,0,7,0,7,0
410,7488,,,,,,,0.28571429848671,0.28571429848671,,0,,0,2,0,0,0,0,7,0,7,0
411,32807,,,,,,,0.571428596973419,0.571428596973419,,0,,0,4,0,0,0,0,7,0,7,0
412,12389,,,,,,,0.28571429848671,0.28571429848671,,0,,0,2,0,0,0,0,7,0,7,0
413,13623,,,,,,,0.571428596973419,0.571428596973419,,0,,0,4,0,0,0,0,7,0,7,0
414,6642,,,,,,,0.142857149243355,0.142857149243355,,0,,0,1,0,0,0,0,7,0,7,0
415,3483,,,,,,,0.28571429848671,0.28571429848671,,0,,0,2,0,0,0,0,7,0,7,0
416,14468,,,,,,,0.142857149243355,0.142857149243355,,0,,0,1,0,0,0,0,7,0,7,0
417,10055,,,,,,,0,0,,0,,0,0,0,0,0,0,7,0,7,0
418,17425,,,,,,,0.428571432828903,0.428571432828903,,0,,0,3,0,0,0,0,7,0,7,0
419,18359,,,,,,,0.571428596973419,0.571428596973419,,0,,0,4,0,0,0,0,7,0,7,0
420,10497,,,,,,,0.142857149243355,0.142857149243355,,0,,0,1,0,0,0,0,7,0,7,0
421,23408,,,,,,,0.571428596973419,0.571428596973419,,0,,0,4,0,0,0,0,7,0,7,0
422,20175,,,,,,,0.428571432828903,0.428571432828903,,0,,0,3,0,0,0,0,7,0,7,0
423,1165,,,,,,,0.28571429848671,0.28571429848671,,0,,0,2,0,0,0,0,7,0,7,0
424,2193,,,,,,,0.28571429848671,0.28571429848671,,0,,0,2,0,0,0,0,7,0,7,0
425,11035,,,,,,,0.571428596973419,0.571428596973419,,0,,0,4,0,0,0,0,7,0,7,0
426,31364,,,,,,,0.28571429848671,0.28571429848671,,0,,0,2,0,0,0,0,7,0,7,0
427,17793,,,,,,,0.28571429848671,0.28571429848671,,0,,0,2,0,0,0,0,7,0,7,0
428,14022,,,,,,,0.28571429848671,0.28571429848671,,0,,0,2,0,0,0,0,7,0,7,0
429,13762,,,,,,,0.28571429848671,0.28571429848671,,0,,0,2,0,0,0,0,7,0,7,0
430,24115,,,,,,,0.142857149243355,0.142857149243355,,0,,0,1,0,0,0,0,7,0,7,0
431,21693,,,,,,,0,0,,0,,0,0,0,0,0,0,7,0,7,0
432,3302,,,,,,,0.142857149243355,0.142857149243355,,0,,0,1,0,0,0,0,7,0,7,0
433,26204,,,,,,,0.28571429848671,0.28571429848671,,0,,0,2,0,0,0,0,7,0,7,0
434,21692,,,,,,,0.428571432828903,0.428571432828903,,0,,0,3,0,0,0,0,7,0,7,0
435,12923,,,,,,,0.142857149243355,0.142857149243355,,0,,0,1,0,0,0,0,7,0,7,0
436,5164,,,,,,,0.428571432828903,0.428571432828903,,0,,0,3,0,0,0,0,7,0,7,0
437,20855,,,,,,,0.142857149243355,0.142857149243355,,0,,0,1,0,0,0,0,7,0,7,0
438,5225,,,,,,,0.142857149243355,0.142857149243355,,0,,0,1,0,0,0,0,7,0,7,0
439,23222,,,,,,,0.28571429848671,0.28571429848671,,0,,0,2,0,0,0,0,7,0,7,0
440,3418,,,,,,,0.428571432828903,0.428571432828903,,0,,0,3,0,0,0,0,7,0,7,0
441,5144,,,,,,,0.428571432828903,0.428571432828903,,0,,0,3,0,0,0,0,7,0,7,0
442,33168,,,,,,,0.142857149243355,0.142857149243355,,0,,0,1,0,0,0,0,7,0,7,0
443,20927,,,,,,,0.28571429848671,0.28571429848671,,0,,0,2,0,0,0,0,7,0,7,0
444,12911,12911,,,,1,,0.142857149243355,0.142857149243355,0.28571429848671,0.28571429848671,,0,1,2,0,0,102,7,0,0,0
445,16985,,,,,,,0.142857149243355,0.142857149243355,,0,,0,1,0,0,0,0,7,0,7,0
446,24064,,,,,,,0.142857149243355,0.142857149243355,,0,,0,1,0,0,0,0,7,0,7,0
447,6386,,,,,,,0.142857149243355,0.142857149243355,,0,,0,1,0,0,0,0,7,0,7,0
448,10390,,,,,,,0.142857149243355,0.142857149243355,,0,,0,1,0,0,0,0,7,0,7,0
449,5086,,,,,,,0.428571432828903,0.428571432828903,,0,,0,3,0,0,0,0,7,0,7,0
450,3330,,,,,,,0.28571429848671,0.28571429848671,,0,,0,2,0,0,0,0,7,0,7,0
451,7063,,,,,,,0.28571429848671,0.28571429848671,,0,,0,2,0,0,0,0,7,0,7,0
452,17157,,,,,,,0.142857149243355,0.142857149243355,,0,,0,1,0,0,0,0,7,0,7,0
453,10618,,,,,,,0.28571429848671,0.28571429848671,,0,,0,2,0,0,0,0,7,0,7,0
454,3674,,,,,,,0.28571429848671,0.28571429848671,,0,,0,2,0,0,0,0,7,0,7,0
455,6440,,,,,,,0.142857149243355,0.142857149243355,,0,,0,1,0,0,0,0,7,0,7,0
456,25630,,,,,,,0.28571429848671,0.28571429848671,,0,,0,2,0,0,0,0,7,0,7,0
457,22656,,,,,,,0.28571429848671,0.28571429848671,,0,,0,2,0,0,0,0,7,0,7,0
458,32705,,,,,,,0.28571429848671,0.28571429848671,,0,,0,2,0,0,0,0,7,0,7,0
459,32129,,,,,,,0.571428596973419,0.571428596973419,,0,,0,4,0,0,0,0,7,0,7,0
460,11182,,,,,,,0.28571429848671,0.28571429848671,,0,,0,2,0,0,0,0,7,0,7,0
461,25085,,,,,,,0.428571432828903,0.428571432828903,,0,,0,3,0,0,0,0,7,0,7,0
462,11624,,,,,,,0.28571429848671,0.28571429848671,,0,,0,2,0,0,0,0,7,0,7,0
463,26083,,,,,,,0.142857149243355,0.142857149243355,,0,,0,1,0,0,0,0,7,0,7,0
464,10809,,,,,,,0.142857149243355,0.142857149243355,,0,,0,1,0,0,0,0,7,0,7,0
465,18023,,,,,,,0.428571432828903,0.428571432828903,,0,,0,3,0,0,0,0,7,0,7,0
466,26263,,,,,,,0.142857149243355,0.142857149243355,,0,,0,1,0,0,0,0,7,0,7,0
467,15414,,,,,,,0.142857149243355,0.142857149243355,,0,,0,1,0,0,0,0,7,0,7,0
468,18395,,,,,,,0.142857149243355,0.142857149243355,,0,,0,1,0,0,0,0,7,0,7,0
469,409,,,,,,,0,0,,0,,0,0,0,0,0,0,7,0,7,0
470,14221,,,,,,,0.714285731315613,0.714285731315613,,0,,0,5,0,0,0,0,7,0,7,0
471,16478,,,,,,,0.142857149243355,0.142857149243355,,0,,0,1,0,0,0,0,7,0,7,0
472,3550,,,,,,,0.428571432828903,0.428571432828903,,0,,0,3,0,0,0,0,7,0,7,0
473,32299,,,,,,,0.571428596973419,0.571428596973419,,0,,0,4,0,0,0,0,7,0,7,0
474,5195,,,,,,,0.428571432828903,0.428571432828903,,0,,0,3,0,0,0,0,7,0,7,0
475,846,,,,,,,0.714285731315613,0.714285731315613,,0,,0,5,0,0,0,0,7,0,7,0
476,31428,,,,,,,0.142857149243355,0.142857149243355,,0,,0,1,0,0,0,0,7,0,7,0
477,6450,,,,,,,0.571428596973419,0.571428596973419,,0,,0,4,0,0,0,0,7,0,7,0
478,33607,,,,,,,0.28571429848671,0.28571429848671,,0,,0,2,0,0,0,0,7,0,7,0
479,21532,,,,,,,0.428571432828903,0.428571432828903,,0,,0,3,0,0,0,0,7,0,7,0
480,21537,,,,,,,0.28571429848671,0.28571429848671,,0,,0,2,0,0,0,0,7,0,7,0
481,30872,,,,,,,0.571428596973419,0.571428596973419,,0,,0,4,0,0,0,0,7,0,7,0
482,33889,,,,,,,0.28571429848671,0.28571429848671,,0,,0,2,0,0,0,0,7,0,7,0
483,23010,,,,,,,0.428571432828903,0.428571432828903,,0,,0,3,0,0,0,0,7,0,7,0
484,13831,,,,,,,0.28571429848671,0.28571429848671,,0,,0,2,0,0,0,0,7,0,7,0
485,30573,,,,,,,0.28571429848671,0.28571429848671,,0,,0,2,0,0,0,0,7,0,7,0
486,16598,,,,,,,0.428571432828903,0.428571432828903,,0,,0,3,0,0,0,0,7,0,7,0
487,8333,,,,,,,0.142857149243355,0.142857149243355,,0,,0,1,0,0,0,0,7,0,7,0
488,12986,,,,,,,0.571428596973419,0.571428596973419,,0,,0,4,0,0,0,0,7,0,7,0
489,25306,,,,,,,0.28571429848671,0.28571429848671,,0,,0,2,0,0,0,0,7,0,7,0
490,7397,,,,,,,0.28571429848671,0.28571429848671,,0,,0,2,0,0,0,0,7,0,7,0
491,4431,,,,,,,0.428571432828903,0.428571432828903,,0,,0,3,0,0,0,0,7,0,7,0
492,4702,,,,,,,0.142857149243355,0.142857149243355,,0,,0,1,0,0,0,0,7,0,7,0
493,31579,,,,,,,0.142857149243355,0.142857149243355,,0,,0,1,0,0,0,0,7,0,7,0
494,3807,,,,,,,0.428571432828903,0.428571432828903,,0,,0,3,0,0,0,0,7,0,7,0
495,25992,,,,,,,0.28571429848671,0.28571429848671,,0,,0,2,0,0,0,0,7,0,7,0
496,8395,,,,,,,0.28571429848671,0.28571429848671,,0,,0,2,0,0,0,0,7,0,7,0
497,17092,,,,,,,0.28571429848671,0.28571429848671,,0,,0,2,0,0,0,0,7,0,7,0
498,18808,,,,,,,0.571428596973419,0.571428596973419,,0,,0,4,0,0,0,0,7,0,7,0
499,7048,,,,,,,0.142857149243355,0.142857149243355,,0,,0,1,0,0,0,0,7,0,7,0
500,24309,,,,,,,0.142857149243355,0.142857149243355,,0,,0,1,0,0,0,0,7,0,7,0
501,1739,,,,,,,0.571428596973419,0.571428596973419,,0,,0,4,0,0,0,0,7,0,7,0
502,25504,,,,,,,0.428571432828903,0.428571432828903,,0,,0,3,0,0,0,0,7,0,7,0
503,33236,,,,,,,0.142857149243355,0.142857149243355,,0,,0,1,0,0,0,0,7,0,7,0
504,25780,,,,,,,0.28571429848671,0.28571429848671,,0,,0,2,0,0,0,0,7,0,7,0
505,10163,,,,,,,0.428571432828903,0.428571432828903,,0,,0,3,0,0,0,0,7,0,7,0
506,616,,,,,,,0.571428596973419,0.571428596973419,,0,,0,4,0,0,0,0,7,0,7,0
507,22661,,,,,,,0.142857149243355,0.142857149243355,,0,,0,1,0,0,0,0,7,0,7,0
508,22536,,,,,,,0.28571429848671,0.28571429848671,,0,,0,2,0,0,0,0,7,0,7,0
509,8775,,,,,,,0.428571432828903,0.428571432828903,,0,,0,3,0,0,0,0,7,0,7,0
510,17788,,,,,,,0.28571429848671,0.28571429848671,,0,,0,2,0,0,0,0,7,0,7,0
511,8656,,,,,,,0.428571432828903,0.428571432828903,,0,,0,3,0,0,0,0,7,0,7,0
512,20823,,,,,,,0.28571429848671,0.28571429848671,,0,,0,2,0,0,0,0,7,0,7,0
513,7295,,,,,,,0.428571432828903,0.428571432828903,,0,,0,3,0,0,0,0,7,0,7,0
514,33341,,,,,,,0.28571429848671,0.28571429848671,,0,,0,2,0,0,0,0,7,0,7,0
515,9530,,,,,,,0.142857149243355,0.142857149243355,,0,,0,1,0,0,0,0,7,0,7,0
516,16863,,,,,,,0.28571429848671,0.28571429848671,,0,,0,2,0,0,0,0,7,0,7,0
517,1623,,,,,,,0.428571432828903,0.428571432828903,,0,,0,3,0,0,0,0,7,0,7,0
518,30859,,,,,,,0.428571432828903,0.428571432828903,,0,,0,3,0,0,0,0,7,0,7,0
519,8596,,,,,,,0.142857149243355,0.142857149243355,,0,,0,1,0,0,0,0,7,0,7,0
520,8592,,,,,,,0.28571429848671,0.28571429848671,,0,,0,2,0,0,0,0,7,0,7,0
521,10583,,,,,,,0.428571432828903,0.428571432828903,,0,,0,3,0,0,0,0,7,0,7,0
522,13393,,,,,,,0.28571429848671,0.28571429848671,,0,,0,2,0,0,0,0,7,0,7,0
523,92,,,,,,,0.142857149243355,0.142857149243355,,0,,0,1,0,0,0,0,7,0,7,0
524,4138,,,,,,,0.142857149243355,0.142857149243355,,0,,0,1,0,0,0,0,7,0,7,0
525,7575,,,,,,,0.28571429848671,0.28571429848671,,0,,0,2,0,0,0,0,7,0,7,0
526,13052,,,,,,,0.428571432828903,0.428571432828903,,0,,0,3,0,0,0,0,7,0,7,0
527,7123,,,,,,,0.571428596973419,0.571428596973419,,0,,0,4,0,0,0,0,7,0,7,0
528,19662,,,,,,,0.28571429848671,0.28571429848671,,0,,0,2,0,0,0,0,7,0,7,0
529,31153,,,,,,,0.28571429848671,0.28571429848671,,0,,0,2,0,0,0,0,7,0,7,0
530,15151,,,,,,,0.428571432828903,0.428571432828903,,0,,0,3,0,0,0,0,7,0,7,0
531,13656,,,,,,,0.571428596973419,0.571428596973419,,0,,0,4,0,0,0,0,7,0,7,0
532,21403,,,,,,,0.142857149243355,0.142857149243355,,0,,0,1,0,0,0,0,7,0,7,0
533,3071,,,,,,,0.28571429848671,0.28571429848671,,0,,0,2,0,0,0,0,7,0,7,0
534,1483,,,,,,,0.571428596973419,0.571428596973419,,0,,0,4,0,0,0,0,7,0,7,0
535,31522,,,,,,,0.28571429848671,0.28571429848671,,0,,0,2,0,0,0,0,7,0,7,0
536,7884,,,,,,,0.142857149243355,0.142857149243355,,0,,0,1,0,0,0,0,7,0,7,0
537,5318,,,,,,,0.428571432828903,0.428571432828903,,0,,0,3,0,0,0,0,7,0,7,0
538,13047,,,,,,,0.28571429848671,0.28571429848671,,0,,0,2,0,0,0,0,7,0,7,0
539,24681,,,,,,,0.428571432828903,0.428571432828903,,0,,0,3,0,0,0,0,7,0,7,0
540,16559,,,,,,,0.28571429848671,0.28571429848671,,0,,0,2,0,0,0,0,7,0,7,0
541,3242,,,,,,,0.428571432828903,0.428571432828903,,0,,0,3,0,0,0,0,7,0,7,0
542,8064,,,,,,,0.142857149243355,0.142857149243355,,0,,0,1,0,0,0,0,7,0,7,0
543,20043,,,,,,,0.28571429848671,0.28571429848671,,0,,0,2,0,0,0,0,7,0,7,0
544,12405,,,,,,,0.142857149243355,0.142857149243355,,0,,0,1,0,0,0,0,7,0,7,0
545,24875,,,,,,,0.428571432828903,0.428571432828903,,0,,0,3,0,0,0,0,7,0,7,0
546,10012,,,,,,,0.28571429848671,0.28571429848671,,0,,0,2,0,0,0,0,7,0,7,0
547,8599,,,,,,,0.142857149243355,0.142857149243355,,0,,0,1,0,0,0,0,7,0,7,0
548,19772,,,,,,,0.142857149243355,0.142857149243355,,0,,0,1,0,0,0,0,7,0,7,0
549,12916,,,,,,,0.857142865657806,0.857142865657806,,0,,0,6,0,0,0,0,7,0,7,0
550,15858,,,,,,,0.428571432828903,0.428571432828903,,0,,0,3,0,0,0,0,7,0,7,0
551,21442,,,,,,,0.571428596973419,0.571428596973419,,0,,0,4,0,0,0,0,7,0,7,0
552,33589,,,,,,,0.428571432828903,0.428571432828903,,0,,0,3,0,0,0,0,7,0,7,0
553,12814,,,,,,,0.428571432828903,0.428571432828903,,0,,0,3,0,0,0,0,7,0,7,0
554,33878,,,,,,,0.28571429848671,0.28571429848671,,0,,0,2,0,0,0,0,7,0,7,0
555,11974,,,,,,,0.142857149243355,0.142857149243355,,0,,0,1,0,0,0,0,7,0,7,0
556,19396,,,,,,,0.142857149243355,0.142857149243355,,0,,0,1,0,0,0,0,7,0,7,0
557,31570,,,,,,,0.28571429848671,0.28571429848671,,0,,0,2,0,0,0,0,7,0,7,0
558,30429,,,,,,,0.142857149243355,0.142857149243355,,0,,0,1,0,0,0,0,7,0,7,0
559,21352,,,,,,,0.28571429848671,0.28571429848671,,0,,0,2,0,0,0,0,7,0,7,0
560,31400,,,,,,,0.28571429848671,0.28571429848671,,0,,0,2,0,0,0,0,7,0,7,0
561,32019,,,,,,,0.142857149243355,0.142857149243355,,0,,0,1,0,0,0,0,7,0,7,0
562,26418,,,,,,,0.714285731315613,0.714285731315613,,0,,0,5,0,0,0,0,7,0,7,0
563,11294,,,,,,,0.428571432828903,0.428571432828903,,0,,0,3,0,0,0,0,7,0,7,0
564,13767,,,,,,,0.428571432828903,0.428571432828903,,0,,0,3,0,0,0,0,7,0,7,0
565,12442,,,,,,,0.28571429848671,0.28571429848671,,0,,0,2,0,0,0,0,7,0,7,0
566,14315,,,,,,,0.428571432828903,0.428571432828903,,0,,0,3,0,0,0,0,7,0,7,0
567,12747,,,,,,,0.571428596973419,0.571428596973419,,0,,0,4,0,0,0,0,7,0,7,0
568,26136,,,,,,,0.28571429848671,0.28571429848671,,0,,0,2,0,0,0,0,7,0,7,0
569,12462,,,,,,,0.142857149243355,0.142857149243355,,0,,0,1,0,0,0,0,7,0,7,0
570,312,,,,,,,0.142857149243355,0.142857149243355,,0,,0,1,0,0,0,0,7,0,7,0
571,3927,,,,,,,0,0,,0,,0,0,0,0,0,0,7,0,7,0
572,33902,,,,,,,0.428571432828903,0.428571432828903,,0,,0,3,0,0,0,0,7,0,7,0
573,33718,,,,,,,0.28571429848671,0.28571429848671,,0,,0,2,0,0,0,0,7,0,7,0
574,21560,,,,,,,0.714285731315613,0.714285731315613,,0,,0,5,0,0,0,0,7,0,7,0
575,511,,,,,,,0.28571429848671,0.28571429848671,,0,,0,2,0,0,0,0,7,0,7,0
576,4562,,,,,,,0.142857149243355,0.142857149243355,,0,,0,1,0,0,0,0,7,0,7,0
577,5927,,,,,,,0.428571432828903,0.428571432828903,,0,,0,3,0,0,0,0,7,0,7,0
578,12769,,,,,,,0.28571429848671,0.28571429848671,,0,,0,2,0,0,0,0,7,0,7,0
579,13400,,,,,,,0.571428596973419,0.571428596973419,,0,,0,4,0,0,0,0,7,0,7,0
580,6961,,,,,,,0.142857149243355,0.142857149243355,,0,,0,1,0,0,0,0,7,0,7,0
581,12708,,,,,,,0.428571432828903,0.428571432828903,,0,,0,3,0,0,0,0,7,0,7,0
582,32621,,,,,,,0.28571429848671,0.28571429848671,,0,,0,2,0,0,0,0,7,0,7,0
583,20023,,,,,,,0.28571429848671,0.28571429848671,,0,,0,2,0,0,0,0,7,0,7,0
584,15240,,,,,,,0.142857149243355,0.142857149243355,,0,,0,1,0,0,0,0,7,0,7,0
585,33785,,,,,,,0.28571429848671,0.28571429848671,,0,,0,2,0,0,0,0,7,0,7,0
586,3368,,,,,,,0.142857149243355,0.142857149243355,,0,,0,1,0,0,0,0,7,0,7,0
587,25520,,,,,,,0.714285731315613,0.714285731315613,,0,,0,5,0,0,0,0,7,0,7,0
588,1805,,,,,,,0.428571432828903,0.428571432828903,,0,,0,3,0,0,0,0,7,0,7,0
589,20616,,,,,,,0.28571429848671,0.28571429848671,,0,,0,2,0,0,0,0,7,0,7,0
590,1578,,,,,,,0.428571432828903,0.428571432828903,,0,,0,3,0,0,0,0,7,0,7,0
591,2148,,,,,,,0.571428596973419,0.571428596973419,,0,,0,4,0,0,0,0,7,0,7,0
592,30458,,,,,,,0.142857149243355,0.142857149243355,,0,,0,1,0,0,0,0,7,0,7,0
593,26071,,,,,,,0.571428596973419,0.571428596973419,,0,,0,4,0,0,0,0,7,0,7,0
594,32054,,,,,,,0,0,,0,,0,0,0,0,0,0,7,0,7,0
595,6425,,,,,,,0.28571429848671,0.28571429848671,,0,,0,2,0,0,0,0,7,0,7,0
596,20683,,,,,,,0.142857149243355,0.142857149243355,,0,,0,1,0,0,0,0,7,0,7,0
597,16464,,,,,,,0.28571429848671,0.28571429848671,,0,,0,2,0,0,0,0,7,0,7,0
598,21866,,,,,,,0.28571429848671,0.28571429848671,,0,,0,2,0,0,0,0,7,0,7,0
599,2868,,,,,,,0.142857149243355,0.142857149243355,,0,,0,1,0,0,0,0,7,0,7,0
600,23914,,,,,,,0.28571429848671,0.28571429848671,,0,,0,2,0,0,0,0,7,0,7,0
601,11842,,,,,,,0.142857149243355,0.142857149243355,,0,,0,1,0,0,0,0,7,0,7,0
602,31047,,,,,,,0.28571429848671,0.28571429848671,,0,,0,2,0,0,0,0,7,0,7,0
603,31127,,,,,,,0.142857149243355,0.142857149243355,,0,,0,1,0,0,0,0,7,0,7,0
604,2102,,,,,,,0.28571429848671,0.28571429848671,,0,,0,2,0,0,0,0,7,0,7,0
605,30591,,,,,,,0.142857149243355,0.142857149243355,,0,,0,1,0,0,0,0,7,0,7,0
606,33387,,,,,,,0.28571429848671,0.28571429848671,,0,,0,2,0,0,0,0,7,0,7,0
607,12680,,,,,,,0.428571432828903,0.428571432828903,,0,,0,3,0,0,0,0,7,0,7,0
608,4761,,,,,,,0.142857149243355,0.142857149243355,,0,,0,1,0,0,0,0,7,0,7,0
609,3167,,,,,,,0.428571432828903,0.428571432828903,,0,,0,3,0,0,0,0,7,0,7,0
610,5092,,,,,,,0.142857149243355,0.142857149243355,,0,,0,1,0,0,0,0,7,0,7,0
611,24363,,,,,,,0.428571432828903,0.428571432828903,,0,,0,3,0,0,0,0,7,0,7,0
612,23455,,,,,,,0,0,,0,,0,0,0,0,0,0,7,0,7,0
613,5317,,,,,,,0.142857149243355,0.142857149243355,,0,,0,1,0,0,0,0,7,0,7,0
614,19399,,,,,,,0.571428596973419,0.571428596973419,,0,,0,4,0,0,0,0,7,0,7,0
615,31615,,,,,,,0.28571429848671,0.28571429848671,,0,,0,2,0,0,0,0,7,0,7,0
616,30194,,,,,,,0.28571429848671,0.28571429848671,,0,,0,2,0,0,0,0,7,0,7,0
617,4060,,,,,,,0.571428596973419,0.571428596973419,,0,,0,4,0,0,0,0,7,0,7,0
618,13267,,,,,,,0.142857149243355,0.142857149243355,,0,,0,1,0,0,0,0,7,0,7,0
619,33908,,,,,,,0.142857149243355,0.142857149243355,,0,,0,1,0,0,0,0,7,0,7,0
620,585,,,,,,,0.28571429848671,0.28571429848671,,0,,0,2,0,0,0,0,7,0,7,0
621,19881,,,,,,,0.571428596973419,0.571428596973419,,0,,0,4,0,0,0,0,7,0,7,0
622,31105,,,,,,,0.142857149243355,0.142857149243355,,0,,0,1,0,0,0,0,7,0,7,0
623,12198,,,,,,,0.28571429848671,0.28571429848671,,0,,0,2,0,0,0,0,7,0,7,0
624,9749,,,,,,,0.28571429848671,0.28571429848671,,0,,0,2,0,0,0,0,7,0,7,0
625,13028,,,,,,,0.28571429848671,0.28571429848671,,0,,0,2,0,0,0,0,7,0,7,0
626,22316,,,,,,,0.428571432828903,0.428571432828903,,0,,0,3,0,0,0,0,7,0,7,0
627,31370,,,,,,,0.142857149243355,0.142857149243355,,0,,0,1,0,0,0,0,7,0,7,0
628,16876,,,,,,,0.571428596973419,0.571428596973419,,0,,0,4,0,0,0,0,7,0,7,0
629,7412,,,,,,,0.28571429848671,0.28571429848671,,0,,0,2,0,0,0,0,7,0,7,0
630,21043,,,,,,,0.142857149243355,0.142857149243355,,0,,0,1,0,0,0,0,7,0,7,0
631,17148,,,,,,,0,0,,0,,0,0,0,0,0,0,7,0,7,0
632,8354,,,,,,,0.28571429848671,0.28571429848671,,0,,0,2,0,0,0,0,7,0,7,0
633,21307,,,,,,,0.28571429848671,0.28571429848671,,0,,0,2,0,0,0,0,7,0,7,0
634,31100,,,,,,,0.428571432828903,0.428571432828903,,0,,0,3,0,0,0,0,7,0,7,0
635,30799,,,,,,,0.428571432828903,0.428571432828903,,0,,0,3,0,0,0,0,7,0,7,0
636,17613,,,,,,,0.428571432828903,0.428571432828903,,0,,0,3,0,0,0,0,7,0,7,0
637,4595,,,,,,,0.28571429848671,0.28571429848671,,0,,0,2,0,0,0,0,7,0,7,0
638,1222,,,,,,,0.28571429848671,0.28571429848671,,0,,0,2,0,0,0,0,7,0,7,0
639,4891,,,,,,,0.28571429848671,0.28571429848671,,0,,0,2,0,0,0,0,7,0,7,0
640,30530,,,,,,,0.571428596973419,0.571428596973419,,0,,0,4,0,0,0,0,7,0,7,0
641,31627,,,,,,,0.28571429848671,0.28571429848671,,0,,0,2,0,0,0,0,7,0,7,0
642,10073,,,,,,,0.28571429848671,0.28571429848671,,0,,0,2,0,0,0,0,7,0,7,0
643,11548,,,,,,,0.28571429848671,0.28571429848671,,0,,0,2,0,0,0,0,7,0,7,0
644,16547,,,,,,,0.142857149243355,0.142857149243355,,0,,0,1,0,0,0,0,7,0,7,0
645,9422,,,,,,,0.28571429848671,0.28571429848671,,0,,0,2,0,0,0,0,7,0,7,0
646,1240,,,,,,,0.28571429848671,0.28571429848671,,0,,0,2,0,0,0,0,7,0,7,0
647,1648,,,,,,,0.28571429848671,0.28571429848671,,0,,0,2,0,0,0,0,7,0,7,0
648,14314,,,,,,,0.28571429848671,0.28571429848671,,0,,0,2,0,0,0,0,7,0,7,0
649,21224,,,,,,,0.571428596973419,0.571428596973419,,0,,0,4,0,0,0,0,7,0,7,0
650,2652,,,,,,,0.142857149243355,0.142857149243355,,0,,0,1,0,0,0,0,7,0,7,0
651,8800,,,,,,,0.142857149243355,0.142857149243355,,0,,0,1,0,0,0,0,7,0,7,0
652,22407,,,,,,,0.142857149243355,0.142857149243355,,0,,0,1,0,0,0,0,7,0,7,0
653,5688,,,,,,,0.28571429848671,0.28571429848671,,0,,0,2,0,0,0,0,7,0,7,0
654,18624,,,,,,,0.142857149243355,0.142857149243355,,0,,0,1,0,0,0,0,7,0,7,0
655,4696,,,,,,,0.142857149243355,0.142857149243355,,0,,0,1,0,0,0,0,7,0,7,0
656,23089,,,,,,,0.428571432828903,0.428571432828903,,0,,0,3,0,0,0,0,7,0,7,0
657,22741,,,,,,,0.142857149243355,0.142857149243355,,0,,0,1,0,0,0,0,7,0,7,0
658,8235,,,,,,,0.28571429848671,0.28571429848671,,0,,0,2,0,0,0,0,7,0,7,0
659,11635,,,,,,,0.28571429848671,0.28571429848671,,0,,0,2,0,0,0,0,7,0,7,0
660,1720,,,,,,,0.28571429848671,0.28571429848671,,0,,0,2,0,0,0,0,7,0,7,0
661,31393,,,,,,,0.142857149243355,0.142857149243355,,0,,0,1,0,0,0,0,7,0,7,0
662,25529,,,,,,,0.28571429848671,0.28571429848671,,0,,0,2,0,0,0,0,7,0,7,0
663,24887,,,,,,,0.428571432828903,0.428571432828903,,0,,0,3,0,0,0,0,7,0,7,0
664,21233,,,,,,,0.142857149243355,0.142857149243355,,0,,0,1,0,0,0,0,7,0,7,0
665,23811,,,,,,,0.428571432828903,0.428571432828903,,0,,0,3,0,0,0,0,7,0,7,0
666,20854,,,,,,,0.428571432828903,0.428571432828903,,0,,0,3,0,0,0,0,7,0,7,0
667,31551,,,,,,,0.428571432828903,0.428571432828903,,0,,0,3,0,0,0,0,7,0,7,0
668,12480,,,,,,,0.28571429848671,0.28571429848671,,0,,0,2,0,0,0,0,7,0,7,0
669,14225,,,,,,,0.28571429848671,0.28571429848671,,0,,0,2,0,0,0,0,7,0,7,0
670,161,,,,,,,0.428571432828903,0.428571432828903,,0,,0,3,0,0,0,0,7,0,7,0
671,15074,,,,,,,0.142857149243355,0.142857149243355,,0,,0,1,0,0,0,0,7,0,7,0
672,5227,,,,,,,0.428571432828903,0.428571432828903,,0,,0,3,0,0,0,0,7,0,7,0
673,20572,,,,,,,0.28571429848671,0.28571429848671,,0,,0,2,0,0,0,0,7,0,7,0
674,12949,,,,,,,0.428571432828903,0.428571432828903,,0,,0,3,0,0,0,0,7,0,7,0
675,19276,,,,,,,0.428571432828903,0.428571432828903,,0,,0,3,0,0,0,0,7,0,7,0
676,22934,,,,,,,0.28571429848671,0.28571429848671,,0,,0,2,0,0,0,0,7,0,7,0
677,15167,,,,,,,0.142857149243355,0.142857149243355,,0,,0,1,0,0,0,0,7,0,7,0
678,33929,,,,,,,0.428571432828903,0.428571432828903,,0,,0,3,0,0,0,0,7,0,7,0
679,23233,,,,,,,0.28571429848671,0.28571429848671,,0,,0,2,0,0,0,0,7,0,7,0
680,32132,,,,,,,0.28571429848671,0.28571429848671,,0,,0,2,0,0,0,0,7,0,7,0
681,11770,,,,,,,0.428571432828903,0.428571432828903,,0,,0,3,0,0,0,0,7,0,7,0
682,11151,,,,,,,0.28571429848671,0.28571429848671,,0,,0,2,0,0,0,0,7,0,7,0
683,8077,,,,,,,0.571428596973419,0.571428596973419,,0,,0,4,0,0,0,0,7,0,7,0
684,2195,,,,,,,0.428571432828903,0.428571432828903,,0,,0,3,0,0,0,0,7,0,7,0
685,12983,,,,,,,0.28571429848671,0.28571429848671,,0,,0,2,0,0,0,0,7,0,7,0
686,3819,,,,,,,0.142857149243355,0.142857149243355,,0,,0,1,0,0,0,0,7,0,7,0
687,8590,,,,,,,0.428571432828903,0.428571432828903,,0,,0,3,0,0,0,0,7,0,7,0
688,13979,,,,,,,0.428571432828903,0.428571432828903,,0,,0,3,0,0,0,0,7,0,7,0
689,33944,,,,,,,0.571428596973419,0.571428596973419,,0,,0,4,0,0,0,0,7,0,7,0
690,31901,,,,,,,0.571428596973419,0.571428596973419,,0,,0,4,0,0,0,0,7,0,7,0
691,18035,,,,,,,0.428571432828903,0.428571432828903,,0,,0,3,0,0,0,0,7,0,7,0
692,20662,,,,,,,0.571428596973419,0.571428596973419,,0,,0,4,0,0,0,0,7,0,7,0
693,8854,,,,,,,0.28571429848671,0.28571429848671,,0,,0,2,0,0,0,0,7,0,7,0
694,11913,,,,,,,0.28571429848671,0.28571429848671,,0,,0,2,0,0,0,0,7,0,7,0
695,31621,,,,,,,0.428571432828903,0.428571432828903,,0,,0,3,0,0,0,0,7,0,7,0
696,14046,,,,,,,0.714285731315613,0.714285731315613,,0,,0,5,0,0,0,0,7,0,7,0
697,30945,,,,,,,0.142857149243355,0.142857149243355,,0,,0,1,0,0,0,0,7,0,7,0
698,7540,,,,,,,0.142857149243355,0.142857149243355,,0,,0,1,0,0,0,0,7,0,7,0
699,15888,,,,,,,0.142857149243355,0.142857149243355,,0,,0,1,0,0,0,0,7,0,7,0
700,19352,,,,,,,0.714285731315613,0.714285731315613,,0,,0,5,0,0,0,0,7,0,7,0
701,13977,,,,,,,0.142857149243355,0.142857149243355,,0,,0,1,0,0,0,0,7,0,7,0
702,24783,,,,,,,0.142857149243355,0.142857149243355,,0,,0,1,0,0,0,0,7,0,7,0
703,24932,,,,,,,0.571428596973419,0.571428596973419,,0,,0,4,0,0,0,0,7,0,7,0
704,25305,,,,,,,0.571428596973419,0.571428596973419,,0,,0,4,0,0,0,0,7,0,7,0
705,6279,,,,,,,0.28571429848671,0.28571429848671,,0,,0,2,0,0,0,0,7,0,7,0
706,26480,,,,,,,0.28571429848671,0.28571429848671,,0,,0,2,0,0,0,0,7,0,7,0
707,31049,,,,,,,0.428571432828903,0.428571432828903,,0,,0,3,0,0,0,0,7,0,7,0
708,18770,,,,,,,0.428571432828903,0.428571432828903,,0,,0,3,0,0,0,0,7,0,7,0
709,5137,,,,,,,0.428571432828903,0.428571432828903,,0,,0,3,0,0,0,0,7,0,7,0
710,13900,,,,,,,0.428571432828903,0.428571432828903,,0,,0,3,0,0,0,0,7,0,7,0
711,4504,,,,,,,0.428571432828903,0.428571432828903,,0,,0,3,0,0,0,0,7,0,7,0
712,25429,,,,,,,0.28571429848671,0.28571429848671,,0,,0,2,0,0,0,0,7,0,7,0
713,14823,,,,,,,0.142857149243355,0.142857149243355,,0,,0,1,0,0,0,0,7,0,7,0
714,15935,,,,,,,0.142857149243355,0.142857149243355,,0,,0,1,0,0,0,0,7,0,7,0
715,31637,,,,,,,0.142857149243355,0.142857149243355,,0,,0,1,0,0,0,0,7,0,7,0
716,4495,,,,,,,0.28571429848671,0.28571429848671,,0,,0,2,0,0,0,0,7,0,7,0
717,9017,,,,,,,0.428571432828903,0.428571432828903,,0,,0,3,0,0,0,0,7,0,7,0
718,33585,,,,,,,0.142857149243355,0.142857149243355,,0,,0,1,0,0,0,0,7,0,7,0
719,7105,,,,,,,0.28571429848671,0.28571429848671,,0,,0,2,0,0,0,0,7,0,7,0
720,6683,,,,,,,0.28571429848671,0.28571429848671,,0,,0,2,0,0,0,0,7,0,7,0
721,16215,,,,,,,0.142857149243355,0.142857149243355,,0,,0,1,0,0,0,0,7,0,7,0
722,31664,,,,,,,0.142857149243355,0.142857149243355,,0,,0,1,0,0,0,0,7,0,7,0
723,4005,,,,,,,0.28571429848671,0.28571429848671,,0,,0,2,0,0,0,0,7,0,7,0
724,31051,,,,,,,0.28571429848671,0.28571429848671,,0,,0,2,0,0,0,0,7,0,7,0
725,12817,,,,,,,0.28571429848671,0.28571429848671,,0,,0,2,0,0,0,0,7,0,7,0
726,3163,,,,,,,0.142857149243355,0.142857149243355,,0,,0,1,0,0,0,0,7,0,7,0
727,8012,,,,,,,0.28571429848671,0.28571429848671,,0,,0,2,0,0,0,0,7,0,7,0
728,30484,,,,,,,0.28571429848671,0.28571429848671,,0,,0,2,0,0,0,0,7,0,7,0
729,31804,,,,,,,0.28571429848671,0.28571429848671,,0,,0,2,0,0,0,0,7,0,7,0
730,31431,,,,,,,0.142857149243355,0.142857149243355,,0,,0,1,0,0,0,0,7,0,7,0
731,30539,,,,,,,0.142857149243355,0.142857149243355,,0,,0,1,0,0,0,0,7,0,7,0
732,25023,,,,,,,0.428571432828903,0.428571432828903,,0,,0,3,0,0,0,0,7,0,7,0
733,25530,,,,,,,0.28571429848671,0.28571429848671,,0,,0,2,0,0,0,0,7,0,7,0
734,31088,,,,,,,0.28571429848671,0.28571429848671,,0,,0,2,0,0,0,0,7,0,7,0
735,32052,,,,,,,0.428571432828903,0.428571432828903,,0,,0,3,0,0,0,0,7,0,7,0
736,11462,,,,,,,0.28571429848671,0.28571429848671,,0,,0,2,0,0,0,0,7,0,7,0
737,33931,,,,,,,0.142857149243355,0.142857149243355,,0,,0,1,0,0,0,0,7,0,7,0
738,16989,,,,,,,0.142857149243355,0.142857149243355,,0,,0,1,0,0,0,0,7,0,7,0
739,22871,,,,,,,0.142857149243355,0.142857149243355,,0,,0,1,0,0,0,0,7,0,7,0
740,14690,,,,,,,0.28571429848671,0.28571429848671,,0,,0,2,0,0,0,0,7,0,7,0
741,1094,,,,,,,0.428571432828903,0.428571432828903,,0,,0,3,0,0,0,0,7,0,7,0
742,32133,,,,,,,0.571428596973419,0.571428596973419,,0,,0,4,0,0,0,0,7,0,7,0
743,2473,,,,,,,0.428571432828903,0.428571432828903,,0,,0,3,0,0,0,0,7,0,7,0
744,15387,,,,,,,0.142857149243355,0.142857149243355,,0,,0,1,0,0,0,0,7,0,7,0
745,5726,,,,,,,0.142857149243355,0.142857149243355,,0,,0,1,0,0,0,0,7,0,7,0
746,31066,,,,,,,0.428571432828903,0.428571432828903,,0,,0,3,0,0,0,0,7,0,7,0
747,32584,,,,,,,0.428571432828903,0.428571432828903,,0,,0,3,0,0,0,0,7,0,7,0
748,22157,,,,,,,0.571428596973419,0.571428596973419,,0,,0,4,0,0,0,0,7,0,7,0
749,9758,,,,,,,0.571428596973419,0.571428596973419,,0,,0,4,0,0,0,0,7,0,7,0
750,25298,,,,,,,0.142857149243355,0.142857149243355,,0,,0,1,0,0,0,0,7,0,7,0
751,14242,,,,,,,0.28571429848671,0.28571429848671,,0,,0,2,0,0,0,0,7,0,7,0
752,1097,,,,,,,0.142857149243355,0.142857149243355,,0,,0,1,0,0,0,0,7,0,7,0
753,30617,,,,,,,0.28571429848671,0.28571429848671,,0,,0,2,0,0,0,0,7,0,7,0
754,5516,,,,,,,0.428571432828903,0.428571432828903,,0,,0,3,0,0,0,0,7,0,7,0
755,1714,,,,,,,0.428571432828903,0.428571432828903,,0,,0,3,0,0,0,0,7,0,7,0
756,21016,,,,,,,0.142857149243355,0.142857149243355,,0,,0,1,0,0,0,0,7,0,7,0
757,5173,,,,,,,0.142857149243355,0.142857149243355,,0,,0,1,0,0,0,0,7,0,7,0
758,10093,,,,,,,0.142857149243355,0.142857149243355,,0,,0,1,0,0,0,0,7,0,7,0
759,16198,,,,,,,0.28571429848671,0.28571429848671,,0,,0,2,0,0,0,0,7,0,7,0
760,14309,,,,,,,0.142857149243355,0.142857149243355,,0,,0,1,0,0,0,0,7,0,7,0
761,25436,,,,,,,0.428571432828903,0.428571432828903,,0,,0,3,0,0,0,0,7,0,7,0
762,77,,,,,,,0.28571429848671,0.28571429848671,,0,,0,2,0,0,0,0,7,0,7,0
763,30393,,,,,,,0.571428596973419,0.571428596973419,,0,,0,4,0,0,0,0,7,0,7,0
764,20305,,,,,,,0.428571432828903,0.428571432828903,,0,,0,3,0,0,0,0,7,0,7,0
765,20121,,,,,,,0.571428596973419,0.571428596973419,,0,,0,4,0,0,0,0,7,0,7,0
766,31452,,,,,,,0.428571432828903,0.428571432828903,,0,,0,3,0,0,0,0,7,0,7,0
767,13284,,,,,,,0.142857149243355,0.142857149243355,,0,,0,1,0,0,0,0,7,0,7,0
768,7741,,,,,,,0.28571429848671,0.28571429848671,,0,,0,2,0,0,0,0,7,0,7,0
769,23244,,,,,,,0.142857149243355,0.142857149243355,,0,,0,1,0,0,0,0,7,0,7,0
770,5392,,,,,,,0.428571432828903,0.428571432828903,,0,,0,3,0,0,0,0,7,0,7,0
771,18544,,,,,,,0.428571432828903,0.428571432828903,,0,,0,3,0,0,0,0,7,0,7,0
772,32598,,,,,,,0.428571432828903,0.428571432828903,,0,,0,3,0,0,0,0,7,0,7,0
773,32086,,,,,,,0.28571429848671,0.28571429848671,,0,,0,2,0,0,0,0,7,0,7,0
774,25430,,,,,,,0.428571432828903,0.428571432828903,,0,,0,3,0,0,0,0,7,0,7,0
775,25696,,,,,,,0.28571429848671,0.28571429848671,,0,,0,2,0,0,0,0,7,0,7,0
776,18778,,,,,,,0.142857149243355,0.142857149243355,,0,,0,1,0,0,0,0,7,0,7,0
777,14813,,,,,,,0.142857149243355,0.142857149243355,,0,,0,1,0,0,0,0,7,0,7,0
778,19316,,,,,,,0.142857149243355,0.142857149243355,,0,,0,1,0,0,0,0,7,0,7,0
779,3562,,,,,,,0.28571429848671,0.28571429848671,,0,,0,2,0,0,0,0,7,0,7,0
780,11441,,,,,,,0.28571429848671,0.28571429848671,,0,,0,2,0,0,0,0,7,0,7,0
781,10206,,,,,,,0.28571429848671,0.28571429848671,,0,,0,2,0,0,0,0,7,0,7,0
782,32603,,,,,,,0.28571429848671,0.28571429848671,,0,,0,2,0,0,0,0,7,0,7,0
783,10573,,,,,,,0.28571429848671,0.28571429848671,,0,,0,2,0,0,0,0,7,0,7,0
784,5564,,,,,,,0.28571429848671,0.28571429848671,,0,,0,2,0,0,0,0,7,0,7,0
785,9110,,,,,,,0.428571432828903,0.428571432828903,,0,,0,3,0,0,0,0,7,0,7,0
786,32948,,,,,,,0.428571432828903,0.428571432828903,,0,,0,3,0,0,0,0,7,0,7,0
787,17296,,,,,,,0.142857149243355,0.142857149243355,,0,,0,1,0,0,0,0,7,0,7,0
788,5224,,,,,,,0.28571429848671,0.28571429848671,,0,,0,2,0,0,0,0,7,0,7,0
789,8779,,,,,,,0.571428596973419,0.571428596973419,,0,,0,4,0,0,0,0,7,0,7,0
790,33978,,,,,,,0.28571429848671,0.28571429848671,,0,,0,2,0,0,0,0,7,0,7,0
791,8458,,,,,,,0.28571429848671,0.28571429848671,,0,,0,2,0,0,0,0,7,0,7,0
792,9306,,,,,,,0.28571429848671,0.28571429848671,,0,,0,2,0,0,0,0,7,0,7,0
793,8290,,,,,,,0.142857149243355,0.142857149243355,,0,,0,1,0,0,0,0,7,0,7,0
794,2671,,,,,,,0.142857149243355,0.142857149243355,,0,,0,1,0,0,0,0,7,0,7,0
795,8413,,,,,,,0.428571432828903,0.428571432828903,,0,,0,3,0,0,0,0,7,0,7,0
796,9010,,,,,,,0.428571432828903,0.428571432828903,,0,,0,3,0,0,0,0,7,0,7,0
797,23890,,,,,,,0.28571429848671,0.28571429848671,,0,,0,2,0,0,0,0,7,0,7,0
798,14695,,,,,,,0.28571429848671,0.28571429848671,,0,,0,2,0,0,0,0,7,0,7,0
799,934,,,,,,,0.428571432828903,0.428571432828903,,0,,0,3,0,0,0,0,7,0,7,0
800,16209,,,,,,,0.571428596973419,0.571428596973419,,0,,0,4,0,0,0,0,7,0,7,0
801,16512,,,,,,,0.142857149243355,0.142857149243355,,0,,0,1,0,0,0,0,7,0,7,0
802,11239,,,,,,,0.142857149243355,0.142857149243355,,0,,0,1,0,0,0,0,7,0,7,0
803,15883,,,,,,,0.28571429848671,0.28571429848671,,0,,0,2,0,0,0,0,7,0,7,0
804,31343,,,,,,,0.28571429848671,0.28571429848671,,0,,0,2,0,0,0,0,7,0,7,0
805,21000,,,,,,,0.142857149243355,0.142857149243355,,0,,0,1,0,0,0,0,7,0,7,0
806,725,,,,,,,0.428571432828903,0.428571432828903,,0,,0,3,0,0,0,0,7,0,7,0
807,25050,,,,,,,0.28571429848671,0.28571429848671,,0,,0,2,0,0,0,0,7,0,7,0
808,16743,,,,,,,0.428571432828903,0.428571432828903,,0,,0,3,0,0,0,0,7,0,7,0
809,3790,,,,,,,0.142857149243355,0.142857149243355,,0,,0,1,0,0,0,0,7,0,7,0
810,1455,,,,,,,0.28571429848671,0.28571429848671,,0,,0,2,0,0,0,0,7,0,7,0
811,30442,,,,,,,0.28571429848671,0.28571429848671,,0,,0,2,0,0,0,0,7,0,7,0
812,12064,,,,,,,0.28571429848671,0.28571429848671,,0,,0,2,0,0,0,0,7,0,7,0
813,33974,,,,,,,0.142857149243355,0.142857149243355,,0,,0,1,0,0,0,0,7,0,7,0
814,3156,,,,,,,0.428571432828903,0.428571432828903,,0,,0,3,0,0,0,0,7,0,7,0
815,15576,,,,,,,0.428571432828903,0.428571432828903,,0,,0,3,0,0,0,0,7,0,7,0
816,31145,,,,,,,0.28571429848671,0.28571429848671,,0,,0,2,0,0,0,0,7,0,7,0
817,19426,,,,,,,0.428571432828903,0.428571432828903,,0,,0,3,0,0,0,0,7,0,7,0
818,82,,,,,,,0.28571429848671,0.28571429848671,,0,,0,2,0,0,0,0,7,0,7,0
819,15867,,,,,,,0.142857149243355,0.142857149243355,,0,,0,1,0,0,0,0,7,0,7,0
820,10946,,,,,,,0.28571429848671,0.28571429848671,,0,,0,2,0,0,0,0,7,0,7,0
821,2439,,,,,,,0.428571432828903,0.428571432828903,,0,,0,3,0,0,0,0,7,0,7,0
822,5342,,,,,,,0.142857149243355,0.142857149243355,,0,,0,1,0,0,0,0,7,0,7,0
823,10007,,,,,,,0.28571429848671,0.28571429848671,,0,,0,2,0,0,0,0,7,0,7,0
824,21524,,,,,,,0.28571429848671,0.28571429848671,,0,,0,2,0,0,0,0,7,0,7,0
825,516,,,,,,,0.28571429848671,0.28571429848671,,0,,0,2,0,0,0,0,7,0,7,0
826,12822,,,,,,,0.428571432828903,0.428571432828903,,0,,0,3,0,0,0,0,7,0,7,0
827,8944,,,,,,,0.428571432828903,0.428571432828903,,0,,0,3,0,0,0,0,7,0,7,0
828,31927,,,,,,,0.28571429848671,0.28571429848671,,0,,0,2,0,0,0,0,7,0,7,0
829,18311,,,,,,,0.28571429848671,0.28571429848671,,0,,0,2,0,0,0,0,7,0,7,0
830,31848,,,,,,,0.142857149243355,0.142857149243355,,0,,0,1,0,0,0,0,7,0,7,0
831,6468,,,,,,,0.142857149243355,0.142857149243355,,0,,0,1,0,0,0,0,7,0,7,0
832,8237,,,,,,,0.571428596973419,0.571428596973419,,0,,0,4,0,0,0,0,7,0,7,0
833,3475,,,,,,,0.714285731315613,0.714285731315613,,0,,0,5,0,0,0,0,7,0,7,0
834,6851,,,,,,,0.142857149243355,0.142857149243355,,0,,0,1,0,0,0,0,7,0,7,0
835,10742,,,,,,,0.28571429848671,0.28571429848671,,0,,0,2,0,0,0,0,7,0,7,0
836,14318,,,,,,,0.142857149243355,0.142857149243355,,0,,0,1,0,0,0,0,7,0,7,0
837,7374,,,,,,,0.142857149243355,0.142857149243355,,0,,0,1,0,0,0,0,7,0,7,0
838,33861,,,,,,,0.28571429848671,0.28571429848671,,0,,0,2,0,0,0,0,7,0,7,0
839,17549,,,,,,,0.28571429848671,0.28571429848671,,0,,0,2,0,0,0,0,7,0,7,0
840,6236,,,,,,,0.142857149243355,0.142857149243355,,0,,0,1,0,0,0,0,7,0,7,0
841,13240,,,,,,,0.571428596973419,0.571428596973419,,0,,0,4,0,0,0,0,7,0,7,0
842,7324,,,,,,,0.28571429848671,0.28571429848671,,0,,0,2,0,0,0,0,7,0,7,0
843,12156,,,,,,,0.142857149243355,0.142857149243355,,0,,0,1,0,0,0,0,7,0,7,0
844,32629,,,,,,,0.28571429848671,0.28571429848671,,0,,0,2,0,0,0,0,7,0,7,0
845,3970,,,,,,,0.571428596973419,0.571428596973419,,0,,0,4,0,0,0,0,7,0,7,0
846,5478,,,,,,,0.428571432828903,0.428571432828903,,0,,0,3,0,0,0,0,7,0,7,0
847,30696,,,,,,,0.428571432828903,0.428571432828903,,0,,0,3,0,0,0,0,7,0,7,0
848,24189,,,,,,,0.142857149243355,0.142857149243355,,0,,0,1,0,0,0,0,7,0,7,0
849,20377,,,,,,,0.571428596973419,0.571428596973419,,0,,0,4,0,0,0,0,7,0,7,0
850,9560,,,,,,,0.428571432828903,0.428571432828903,,0,,0,3,0,0,0,0,7,0,7,0
851,21072,,,,,,,0,0,,0,,0,0,0,0,0,0,7,0,7,0
852,31611,,,,,,,0.142857149243355,0.142857149243355,,0,,0,1,0,0,0,0,7,0,7,0
853,17836,,,,,,,0.28571429848671,0.28571429848671,,0,,0,2,0,0,0,0,7,0,7,0
854,13416,,,,,,,0,0,,0,,0,0,0,0,0,0,7,0,7,0
855,4087,,,,,,,0.28571429848671,0.28571429848671,,0,,0,2,0,0,0,0,7,0,7,0
856,4844,,,,,,,0,0,,0,,0,0,0,0,0,0,7,0,7,0
857,3692,,,,,,,0.28571429848671,0.28571429848671,,0,,0,2,0,0,0,0,7,0,7,0
858,32113,,,,,,,0.428571432828903,0.428571432828903,,0,,0,3,0,0,0,0,7,0,7,0
859,26067,,,,,,,0.142857149243355,0.142857149243355,,0,,0,1,0,0,0,0,7,0,7,0
860,23598,,,,,,,0,0,,0,,0,0,0,0,0,0,7,0,7,0
861,1544,,,,,,,0.428571432828903,0.428571432828903,,0,,0,3,0,0,0,0,7,0,7,0
862,2802,,,,,,,0.571428596973419,0.571428596973419,,0,,0,4,0,0,0,0,7,0,7,0
863,248,,,,,,,0.28571429848671,0.28571429848671,,0,,0,2,0,0,0,0,7,0,7,0
864,9280,,,,,,,0.571428596973419,0.571428596973419,,0,,0,4,0,0,0,0,7,0,7,0
865,12237,,,,,,,0.28571429848671,0.28571429848671,,0,,0,2,0,0,0,0,7,0,7,0
866,31186,,,,,,,0.28571429848671,0.28571429848671,,0,,0,2,0,0,0,0,7,0,7,0
867,31721,,,,,,,0.28571429848671,0.28571429848671,,0,,0,2,0,0,0,0,7,0,7,0
868,8534,,,,,,,0.142857149243355,0.142857149243355,,0,,0,1,0,0,0,0,7,0,7,0
869,14984,,,,,,,0.142857149243355,0.142857149243355,,0,,0,1,0,0,0,0,7,0,7,0
870,17089,,,,,,,0.28571429848671,0.28571429848671,,0,,0,2,0,0,0,0,7,0,7,0
871,33521,,,,,,,0.28571429848671,0.28571429848671,,0,,0,2,0,0,0,0,7,0,7,0
872,20021,,,,,,,0.142857149243355,0.142857149243355,,0,,0,1,0,0,0,0,7,0,7,0
873,13792,,,,,,,0.28571429848671,0.28571429848671,,0,,0,2,0,0,0,0,7,0,7,0
874,13292,,,,,,,0.142857149243355,0.142857149243355,,0,,0,1,0,0,0,0,7,0,7,0
875,25375,,,,,,,0.428571432828903,0.428571432828903,,0,,0,3,0,0,0,0,7,0,7,0
876,3007,,,,,,,0.428571432828903,0.428571432828903,,0,,0,3,0,0,0,0,7,0,7,0
877,5687,,,,,,,0.142857149243355,0.142857149243355,,0,,0,1,0,0,0,0,7,0,7,0
878,31789,31789,,80142,4,1,,0.428571432828903,0.428571432828903,0.428571432828903,0.428571432828903,,0,3,3,0,0,102,7,0,0,0
879,13787,13787,,80143,7,1,,0.428571432828903,0.428571432828903,0.428571432828903,0.428571432828903,,0,3,3,0,0,83,7,0,0,0
880,9624,9624,,80144,7,1,,0.28571429848671,0.28571429848671,0.714285731315613,0.714285731315613,,0,2,5,0,0,98,7,0,0,0
881,17870,,,,,,,0.28571429848671,0.28571429848671,,0,,0,2,0,0,0,0,7,0,7,0
882,15398,,,,,,,0.28571429848671,0.28571429848671,,0,,0,2,0,0,0,0,7,0,7,0
883,9914,,,,,,,0.428571432828903,0.428571432828903,,0,,0,3,0,0,0,0,7,0,7,0
884,25772,,,,,,,0.142857149243355,0.142857149243355,,0,,0,1,0,0,0,0,7,0,7,0
885,9421,,,,,,,0.28571429848671,0.28571429848671,,0,,0,2,0,0,0,0,7,0,7,0
886,16142,,,,,,,0.571428596973419,0.571428596973419,,0,,0,4,0,0,0,0,7,0,7,0
887,11709,,,,,,,0.428571432828903,0.428571432828903,,0,,0,3,0,0,0,0,7,0,7,0
888,14562,,,,,,,0.428571432828903,0.428571432828903,,0,,0,3,0,0,0,0,7,0,7,0
889,17329,,,,,,,0.28571429848671,0.28571429848671,,0,,0,2,0,0,0,0,7,0,7,0
890,21501,,,,,,,0.714285731315613,0.714285731315613,,0,,0,5,0,0,0,0,7,0,7,0
891,13049,,,,,,,0.428571432828903,0.428571432828903,,0,,0,3,0,0,0,0,7,0,7,0
892,31779,,,,,,,0.28571429848671,0.28571429848671,,0,,0,2,0,0,0,0,7,0,7,0
893,1706,,,,,,,0.428571432828903,0.428571432828903,,0,,0,3,0,0,0,0,7,0,7,0
894,19160,,,,,,,0.28571429848671,0.28571429848671,,0,,0,2,0,0,0,0,7,0,7,0
895,23421,,,,,,,0.428571432828903,0.428571432828903,,0,,0,3,0,0,0,0,7,0,7,0
896,23762,,,,,,,0.428571432828903,0.428571432828903,,0,,0,3,0,0,0,0,7,0,7,0
897,4190,,,,,,,0.28571429848671,0.28571429848671,,0,,0,2,0,0,0,0,7,0,7,0
898,31104,,,,,,,0.142857149243355,0.142857149243355,,0,,0,1,0,0,0,0,7,0,7,0
899,32026,,,,,,,0.428571432828903,0.428571432828903,,0,,0,3,0,0,0,0,7,0,7,0
900,13817,,,,,,,0.28571429848671,0.28571429848671,,0,,0,2,0,0,0,0,7,0,7,0
901,9116,,,,,,,0.428571432828903,0.428571432828903,,0,,0,3,0,0,0,0,7,0,7,0
902,5960,,,,,,,0.571428596973419,0.571428596973419,,0,,0,4,0,0,0,0,7,0,7,0
903,8544,,,,,,,0.142857149243355,0.142857149243355,,0,,0,1,0,0,0,0,7,0,7,0
904,17777,,,,,,,0.28571429848671,0.28571429848671,,0,,0,2,0,0,0,0,7,0,7,0
905,33626,,,,,,,0.28571429848671,0.28571429848671,,0,,0,2,0,0,0,0,7,0,7,0
906,25489,,,,,,,0.28571429848671,0.28571429848671,,0,,0,2,0,0,0,0,7,0,7,0
907,799,,,,,,,0.28571429848671,0.28571429848671,,0,,0,2,0,0,0,0,7,0,7,0
908,8339,,,,,,,0.142857149243355,0.142857149243355,,0,,0,1,0,0,0,0,7,0,7,0
909,13278,,,,,,,0.28571429848671,0.28571429848671,,0,,0,2,0,0,0,0,7,0,7,0
910,5088,,,,,,,0.28571429848671,0.28571429848671,,0,,0,2,0,0,0,0,7,0,7,0
911,6320,,,,,,,0.142857149243355,0.142857149243355,,0,,0,1,0,0,0,0,7,0,7,0
912,7581,,,,,,,0.428571432828903,0.428571432828903,,0,,0,3,0,0,0,0,7,0,7,0
913,3206,,,,,,,0.428571432828903,0.428571432828903,,0,,0,3,0,0,0,0,7,0,7,0
914,2097,,,,,,,0.28571429848671,0.28571429848671,,0,,0,2,0,0,0,0,7,0,7,0
915,5568,,,,,,,0,0,,0,,0,0,0,0,0,0,7,0,7,0
916,6831,,,,,,,0.28571429848671,0.28571429848671,,0,,0,2,0,0,0,0,7,0,7,0
917,32649,,,,,,,0.428571432828903,0.428571432828903,,0,,0,3,0,0,0,0,7,0,7,0
918,9225,,,,,,,0.571428596973419,0.571428596973419,,0,,0,4,0,0,0,0,7,0,7,0
919,22954,,,,,,,0.142857149243355,0.142857149243355,,0,,0,1,0,0,0,0,7,0,7,0
920,19677,,,,,,,0.714285731315613,0.714285731315613,,0,,0,5,0,0,0,0,7,0,7,0
921,19806,,,,,,,0.428571432828903,0.428571432828903,,0,,0,3,0,0,0,0,7,0,7,0
922,17143,,,,,,,0.28571429848671,0.28571429848671,,0,,0,2,0,0,0,0,7,0,7,0
923,1034,,,,,,,0.714285731315613,0.714285731315613,,0,,0,5,0,0,0,0,7,0,7,0
924,13784,,,,,,,0.428571432828903,0.428571432828903,,0,,0,3,0,0,0,0,7,0,7,0
925,381,,,,,,,0.428571432828903,0.428571432828903,,0,,0,3,0,0,0,0,7,0,7,0
926,13908,,,,,,,0.571428596973419,0.571428596973419,,0,,0,4,0,0,0,0,7,0,7,0
927,9952,,,,,,,0.142857149243355,0.142857149243355,,0,,0,1,0,0,0,0,7,0,7,0
928,9938,,,,,,,0.142857149243355,0.142857149243355,,0,,0,1,0,0,0,0,7,0,7,0
929,32102,,,,,,,0.428571432828903,0.428571432828903,,0,,0,3,0,0,0,0,7,0,7,0
930,6557,,,,,,,0.428571432828903,0.428571432828903,,0,,0,3,0,0,0,0,7,0,7,0
931,31019,,,,,,,0.428571432828903,0.428571432828903,,0,,0,3,0,0,0,0,7,0,7,0
932,33113,,,,,,,0.28571429848671,0.28571429848671,,0,,0,2,0,0,0,0,7,0,7,0
933,14678,,,,,,,0.28571429848671,0.28571429848671,,0,,0,2,0,0,0,0,7,0,7,0
934,31694,,,,,,,0.142857149243355,0.142857149243355,,0,,0,1,0,0,0,0,7,0,7,0
935,31436,,,,,,,0.142857149243355,0.142857149243355,,0,,0,1,0,0,0,0,7,0,7,0
936,10692,,,,,,,0.28571429848671,0.28571429848671,,0,,0,2,0,0,0,0,7,0,7,0
937,19443,,,,,,,0.28571429848671,0.28571429848671,,0,,0,2,0,0,0,0,7,0,7,0
938,2961,,,,,,,0.28571429848671,0.28571429848671,,0,,0,2,0,0,0,0,7,0,7,0
939,31700,,,,,,,0.428571432828903,0.428571432828903,,0,,0,3,0,0,0,0,7,0,7,0
940,20361,,,,,,,0.28571429848671,0.28571429848671,,0,,0,2,0,0,0,0,7,0,7,0
941,1989,,,,,,,0.28571429848671,0.28571429848671,,0,,0,2,0,0,0,0,7,0,7,0
942,23395,,,,,,,0.28571429848671,0.28571429848671,,0,,0,2,0,0,0,0,7,0,7,0
943,21694,,,,,,,0.142857149243355,0.142857149243355,,0,,0,1,0,0,0,0,7,0,7,0
944,8802,,,,,,,0.142857149243355,0.142857149243355,,0,,0,1,0,0,0,0,7,0,7,0
945,2978,,,,,,,0.571428596973419,0.571428596973419,,0,,0,4,0,0,0,0,7,0,7,0
946,5093,,,,,,,0.142857149243355,0.142857149243355,,0,,0,1,0,0,0,0,7,0,7,0
947,8192,,,,,,,0.142857149243355,0.142857149243355,,0,,0,1,0,0,0,0,7,0,7,0
948,3561,,,,,,,0.142857149243355,0.142857149243355,,0,,0,1,0,0,0,0,7,0,7,0
949,734,,,,,,,0.28571429848671,0.28571429848671,,0,,0,2,0,0,0,0,7,0,7,0
950,19576,,,,,,,0.142857149243355,0.142857149243355,,0,,0,1,0,0,0,0,7,0,7,0
951,13152,,,,,,,0.428571432828903,0.428571432828903,,0,,0,3,0,0,0,0,7,0,7,0
952,3622,,,,,,,0.28571429848671,0.28571429848671,,0,,0,2,0,0,0,0,7,0,7,0
953,31699,,,,,,,0.428571432828903,0.428571432828903,,0,,0,3,0,0,0,0,7,0,7,0
954,13318,,,,,,,0.142857149243355,0.142857149243355,,0,,0,1,0,0,0,0,7,0,7,0
955,13610,,,,,,,0,0,,0,,0,0,0,0,0,0,7,0,7,0
956,2029,,,,,,,0.714285731315613,0.714285731315613,,0,,0,5,0,0,0,0,7,0,7,0
957,9057,,,,,,,0.142857149243355,0.142857149243355,,0,,0,1,0,0,0,0,7,0,7,0
958,1152,,,,,,,0.28571429848671,0.28571429848671,,0,,0,2,0,0,0,0,7,0,7,0
959,31101,,,,,,,0.28571429848671,0.28571429848671,,0,,0,2,0,0,0,0,7,0,7,0
960,32128,,,,,,,0.142857149243355,0.142857149243355,,0,,0,1,0,0,0,0,7,0,7,0
961,14105,,,,,,,0.28571429848671,0.28571429848671,,0,,0,2,0,0,0,0,7,0,7,0
962,8671,,,,,,,0.571428596973419,0.571428596973419,,0,,0,4,0,0,0,0,7,0,7,0
963,1701,,,,,,,0.28571429848671,0.28571429848671,,0,,0,2,0,0,0,0,7,0,7,0
964,25808,,,,,,,0.28571429848671,0.28571429848671,,0,,0,2,0,0,0,0,7,0,7,0
965,2537,,,,,,,0.428571432828903,0.428571432828903,,0,,0,3,0,0,0,0,7,0,7,0
966,18700,,,,,,,0.28571429848671,0.28571429848671,,0,,0,2,0,0,0,0,7,0,7,0
967,18604,,,,,,,0.142857149243355,0.142857149243355,,0,,0,1,0,0,0,0,7,0,7,0
968,5602,,,,,,,0.428571432828903,0.428571432828903,,0,,0,3,0,0,0,0,7,0,7,0
969,30677,,,,,,,0.28571429848671,0.28571429848671,,0,,0,2,0,0,0,0,7,0,7,0
970,11293,,,,,,,0.142857149243355,0.142857149243355,,0,,0,1,0,0,0,0,7,0,7,0
971,7404,,,,,,,0.428571432828903,0.428571432828903,,0,,0,3,0,0,0,0,7,0,7,0
972,13473,,,,,,,0.28571429848671,0.28571429848671,,0,,0,2,0,0,0,0,7,0,7,0
973,8338,,,,,,,0.428571432828903,0.428571432828903,,0,,0,3,0,0,0,0,7,0,7,0
974,2469,,,,,,,0.142857149243355,0.142857149243355,,0,,0,1,0,0,0,0,7,0,7,0
975,32490,,,,,,,0.428571432828903,0.428571432828903,,0,,0,3,0,0,0,0,7,0,7,0
976,2453,,,,,,,0.28571429848671,0.28571429848671,,0,,0,2,0,0,0,0,7,0,7,0
977,3981,,,,,,,0.428571432828903,0.428571432828903,,0,,0,3,0,0,0,0,7,0,7,0
978,10762,,,,,,,0.428571432828903,0.428571432828903,,0,,0,3,0,0,0,0,7,0,7,0
979,19374,,,,,,,0.142857149243355,0.142857149243355,,0,,0,1,0,0,0,0,7,0,7,0
980,6848,,,,,,,0.28571429848671,0.28571429848671,,0,,0,2,0,0,0,0,7,0,7,0
981,10605,,,,,,,0.714285731315613,0.714285731315613,,0,,0,5,0,0,0,0,7,0,7,0
982,5155,,,,,,,0.571428596973419,0.571428596973419,,0,,0,4,0,0,0,0,7,0,7,0
983,16127,,,,,,,0.571428596973419,0.571428596973419,,0,,0,4,0,0,0,0,7,0,7,0
984,5454,,,,,,,0.428571432828903,0.428571432828903,,0,,0,3,0,0,0,0,7,0,7,0
985,22333,,,,,,,0.428571432828903,0.428571432828903,,0,,0,3,0,0,0,0,7,0,7,0
986,5372,,,,,,,0.28571429848671,0.28571429848671,,0,,0,2,0,0,0,0,7,0,7,0
987,31586,,,,,,,0,0,,0,,0,0,0,0,0,0,7,0,7,0
988,23346,,,,,,,0.428571432828903,0.428571432828903,,0,,0,3,0,0,0,0,7,0,7,0
989,13681,,,,,,,0.142857149243355,0.142857149243355,,0,,0,1,0,0,0,0,7,0,7,0
990,26128,,,,,,,0.571428596973419,0.571428596973419,,0,,0,4,0,0,0,0,7,0,7,0
991,19531,,,,,,,0.428571432828903,0.428571432828903,,0,,0,3,0,0,0,0,7,0,7,0
992,4017,,,,,,,0.28571429848671,0.28571429848671,,0,,0,2,0,0,0,0,7,0,7,0
993,9412,,,,,,,0.714285731315613,0.714285731315613,,0,,0,5,0,0,0,0,7,0,7,0
994,515,,,,,,,0.428571432828903,0.428571432828903,,0,,0,3,0,0,0,0,7,0,7,0
995,2913,,,,,,,0.28571429848671,0.28571429848671,,0,,0,2,0,0,0,0,7,0,7,0
996,6053,,,,,,,0.28571429848671,0.28571429848671,,0,,0,2,0,0,0,0,7,0,7,0
997,8143,,,,,,,0.28571429848671,0.28571429848671,,0,,0,2,0,0,0,0,7,0,7,0
998,31106,,,,,,,0.428571432828903,0.428571432828903,,0,,0,3,0,0,0,0,7,0,7,0
999,4164,,,,,,,0.142857149243355,0.142857149243355,,0,,0,1,0,0,0,0,7,0,7,0
1000,5087,,,,,,,0.142857149243355,0.142857149243355,,0,,0,1,0,0,0,0,7,0,7,0
1001,33653,,,,,,,0.428571432828903,0.428571432828903,,0,,0,3,0,0,0,0,7,0,7,0
1002,3148,,,,,,,0.428571432828903,0.428571432828903,,0,,0,3,0,0,0,0,7,0,7,0
1003,4304,,,,,,,0.28571429848671,0.28571429848671,,0,,0,2,0,0,0,0,7,0,7,0
1004,8259,,,,,,,0.142857149243355,0.142857149243355,,0,,0,1,0,0,0,0,7,0,7,0
1005,1596,,,,,,,0.28571429848671,0.28571429848671,,0,,0,2,0,0,0,0,7,0,7,0
1006,4998,,,,,,,0.28571429848671,0.28571429848671,,0,,0,2,0,0,0,0,7,0,7,0
1007,19907,,,,,,,0.28571429848671,0.28571429848671,,0,,0,2,0,0,0,0,7,0,7,0
1008,19598,,,,,,,0.142857149243355,0.142857149243355,,0,,0,1,0,0,0,0,7,0,7,0
1009,23191,,,,,,,0.428571432828903,0.428571432828903,,0,,0,3,0,0,0,0,7,0,7,0
1010,31722,,,,,,,0.28571429848671,0.28571429848671,,0,,0,2,0,0,0,0,7,0,7,0
1011,14301,,,,,,,0.28571429848671,0.28571429848671,,0,,0,2,0,0,0,0,7,0,7,0
1012,10580,,,,,,,0.428571432828903,0.428571432828903,,0,,0,3,0,0,0,0,7,0,7,0
1013,12329,,,,,,,0.28571429848671,0.28571429848671,,0,,0,2,0,0,0,0,7,0,7,0
1014,21762,,,,,,,0.28571429848671,0.28571429848671,,0,,0,2,0,0,0,0,7,0,7,0
1015,11713,,,,,,,0.142857149243355,0.142857149243355,,0,,0,1,0,0,0,0,7,0,7,0
1016,19759,,,,,,,0.142857149243355,0.142857149243355,,0,,0,1,0,0,0,0,7,0,7,0
1017,30710,,,,,,,0.28571429848671,0.28571429848671,,0,,0,2,0,0,0,0,7,0,7,0
1018,3754,,,,,,,0.428571432828903,0.428571432828903,,0,,0,3,0,0,0,0,7,0,7,0
1019,22294,,,,,,,0.428571432828903,0.428571432828903,,0,,0,3,0,0,0,0,7,0,7,0
1020,8021,,,,,,,0.142857149243355,0.142857149243355,,0,,0,1,0,0,0,0,7,0,7,0
1021,6597,,,,,,,0.142857149243355,0.142857149243355,,0,,0,1,0,0,0,0,7,0,7,0
1022,13039,,,,,,,0.28571429848671,0.28571429848671,,0,,0,2,0,0,0,0,7,0,7,0
1023,7088,,,,,,,0.428571432828903,0.428571432828903,,0,,0,3,0,0,0,0,7,0,7,0
1024,4266,,,,,,,0.28571429848671,0.28571429848671,,0,,0,2,0,0,0,0,7,0,7,0
1025,12928,,,,,,,0.428571432828903,0.428571432828903,,0,,0,3,0,0,0,0,7,0,7,0
1026,9608,,,,,,,0.142857149243355,0.142857149243355,,0,,0,1,0,0,0,0,7,0,7,0
1027,12252,,,,,,,0.142857149243355,0.142857149243355,,0,,0,1,0,0,0,0,7,0,7,0
1028,31354,,,,,,,0.142857149243355,0.142857149243355,,0,,0,1,0,0,0,0,7,0,7,0
1029,8918,,,,,,,0.142857149243355,0.142857149243355,,0,,0,1,0,0,0,0,7,0,7,0
1030,2152,,,,,,,0.28571429848671,0.28571429848671,,0,,0,2,0,0,0,0,7,0,7,0
1031,18767,,,,,,,0.714285731315613,0.714285731315613,,0,,0,5,0,0,0,0,7,0,7,0
1032,2028,,,,,,,0.714285731315613,0.714285731315613,,0,,0,5,0,0,0,0,7,0,7,0
1033,8992,,,,,,,0.714285731315613,0.714285731315613,,0,,0,5,0,0,0,0,7,0,7,0
1034,3705,,,,,,,0.142857149243355,0.142857149243355,,0,,0,1,0,0,0,0,7,0,7,0
1035,4550,,,,,,,0.28571429848671,0.28571429848671,,0,,0,2,0,0,0,0,7,0,7,0
1036,21239,,,,,,,0.142857149243355,0.142857149243355,,0,,0,1,0,0,0,0,7,0,7,0
1037,13673,,,,,,,0.28571429848671,0.28571429848671,,0,,0,2,0,0,0,0,7,0,7,0
1038,9064,,,,,,,0.28571429848671,0.28571429848671,,0,,0,2,0,0,0,0,7,0,7,0
1039,6379,,,,,,,0.28571429848671,0.28571429848671,,0,,0,2,0,0,0,0,7,0,7,0
1040,9746,,,,,,,0.28571429848671,0.28571429848671,,0,,0,2,0,0,0,0,7,0,7,0
1041,33308,,,,,,,0.142857149243355,0.142857149243355,,0,,0,1,0,0,0,0,7,0,7,0
1042,1071,,,,,,,0.142857149243355,0.142857149243355,,0,,0,1,0,0,0,0,7,0,7,0
1043,21320,,,,,,,0.28571429848671,0.28571429848671,,0,,0,2,0,0,0,0,7,0,7,0
1044,4056,,,,,,,0.142857149243355,0.142857149243355,,0,,0,1,0,0,0,0,7,0,7,0
1045,18362,,,,,,,0.142857149243355,0.142857149243355,,0,,0,1,0,0,0,0,7,0,7,0
1046,25690,25690,,80145,6,1,,0.428571432828903,0.428571432828903,0.28571429848671,0.28571429848671,,0,3,2,0,0,101,7,0,0,4
1047,13974,,,,,,,0.142857149243355,0.142857149243355,,0,,0,1,0,0,0,0,7,0,7,0
1048,2812,,,,,,,0.28571429848671,0.28571429848671,,0,,0,2,0,0,0,0,7,0,7,0
1049,21639,,,,,,,0.28571429848671,0.28571429848671,,0,,0,2,0,0,0,0,7,0,7,0
1050,6044,,,,,,,0.28571429848671,0.28571429848671,,0,,0,2,0,0,0,0,7,0,7,0
1051,14031,,,,,,,0.142857149243355,0.142857149243355,,0,,0,1,0,0,0,0,7,0,7,0
1052,16858,,,,,,,0.428571432828903,0.428571432828903,,0,,0,3,0,0,0,0,7,0,7,0
1053,22823,,,,,,,0.142857149243355,0.142857149243355,,0,,0,1,0,0,0,0,7,0,7,0
1054,22619,,,,,,,0.28571429848671,0.28571429848671,,0,,0,2,0,0,0,0,7,0,7,0
1055,22074,,,,,,,0.142857149243355,0.142857149243355,,0,,0,1,0,0,0,0,7,0,7,0
1056,6175,,,,,,,0.142857149243355,0.142857149243355,,0,,0,1,0,0,0,0,7,0,7,0
1057,6213,,,,,,,0.571428596973419,0.571428596973419,,0,,0,4,0,0,0,0,7,0,7,0
1058,23676,,,,,,,0.142857149243355,0.142857149243355,,0,,0,1,0,0,0,0,7,0,7,0
1059,18205,,,,,,,0.428571432828903,0.428571432828903,,0,,0,3,0,0,0,0,7,0,7,0
1060,17077,,,,,,,0.142857149243355,0.142857149243355,,0,,0,1,0,0,0,0,7,0,7,0
1061,3668,,,,,,,0.428571432828903,0.428571432828903,,0,,0,3,0,0,0,0,7,0,7,0
1062,11830,,,,,,,0.28571429848671,0.28571429848671,,0,,0,2,0,0,0,0,7,0,7,0
1063,5690,,,,,,,0.142857149243355,0.142857149243355,,0,,0,1,0,0,0,0,7,0,7,0
1064,18129,,,,,,,0.142857149243355,0.142857149243355,,0,,0,1,0,0,0,0,7,0,7,0
1065,30654,,,,,,,0.571428596973419,0.571428596973419,,0,,0,4,0,0,0,0,7,0,7,0
1066,9630,,,,,,,0.142857149243355,0.142857149243355,,0,,0,1,0,0,0,0,7,0,7,0
1067,20648,,,,,,,0.428571432828903,0.428571432828903,,0,,0,3,0,0,0,0,7,0,7,0
1068,14313,,,,,,,0.428571432828903,0.428571432828903,,0,,0,3,0,0,0,0,7,0,7,0
1069,10312,,,,,,,0.28571429848671,0.28571429848671,,0,,0,2,0,0,0,0,7,0,7,0
1070,12888,,,,,,,0.28571429848671,0.28571429848671,,0,,0,2,0,0,0,0,7,0,7,0
1071,18387,,,,,,,0.28571429848671,0.28571429848671,,0,,0,2,0,0,0,0,7,0,7,0
1072,8770,,,,,,,0.28571429848671,0.28571429848671,,0,,0,2,0,0,0,0,7,0,7,0
1073,3308,,,,,,,0.142857149243355,0.142857149243355,,0,,0,1,0,0,0,0,7,0,7,0
1074,21791,,,,,,,0.142857149243355,0.142857149243355,,0,,0,1,0,0,0,0,7,0,7,0
1075,32002,,,,,,,0.28571429848671,0.28571429848671,,0,,0,2,0,0,0,0,7,0,7,0
1076,1702,,,,,,,0.428571432828903,0.428571432828903,,0,,0,3,0,0,0,0,7,0,7,0
1077,30674,,,,,,,0.428571432828903,0.428571432828903,,0,,0,3,0,0,0,0,7,0,7,0
1078,25518,,,,,,,0.571428596973419,0.571428596973419,,0,,0,4,0,0,0,0,7,0,7,0
1079,3993,,,,,,,0.428571432828903,0.428571432828903,,0,,0,3,0,0,0,0,7,0,7,0
1080,21317,,,,,,,0.428571432828903,0.428571432828903,,0,,0,3,0,0,0,0,7,0,7,0
1081,14523,,,,,,,0.28571429848671,0.28571429848671,,0,,0,2,0,0,0,0,7,0,7,0
1082,15543,,,,,,,0.142857149243355,0.142857149243355,,0,,0,1,0,0,0,0,7,0,7,0
1083,9105,,,,,,,0.428571432828903,0.428571432828903,,0,,0,3,0,0,0,0,7,0,7,0
1084,14550,,,,,,,0.28571429848671,0.28571429848671,,0,,0,2,0,0,0,0,7,0,7,0
1085,32074,,,,,,,0.142857149243355,0.142857149243355,,0,,0,1,0,0,0,0,7,0,7,0
1086,31907,,,,,,,0.428571432828903,0.428571432828903,,0,,0,3,0,0,0,0,7,0,7,0
1087,16587,,,,,,,0,0,,0,,0,0,0,0,0,0,7,0,7,0
1088,16800,,,,,,,0.142857149243355,0.142857149243355,,0,,0,1,0,0,0,0,7,0,7,0
1089,12549,,,,,,,0.142857149243355,0.142857149243355,,0,,0,1,0,0,0,0,7,0,7,0
1090,22907,,,,,,,0.142857149243355,0.142857149243355,,0,,0,1,0,0,0,0,7,0,7,0
1091,7102,,,,,,,0.142857149243355,0.142857149243355,,0,,0,1,0,0,0,0,7,0,7,0
1092,26125,,,,,,,0.428571432828903,0.428571432828903,,0,,0,3,0,0,0,0,7,0,7,0
1093,32700,,,,,,,0.28571429848671,0.28571429848671,,0,,0,2,0,0,0,0,7,0,7,0
1094,9636,,,,,,,0,0,,0,,0,0,0,0,0,0,7,0,7,0
1095,5074,,,,,,,0.28571429848671,0.28571429848671,,0,,0,2,0,0,0,0,7,0,7,0
1096,4252,,,,,,,0.428571432828903,0.428571432828903,,0,,0,3,0,0,0,0,7,0,7,0
1097,31724,,,,,,,0.28571429848671,0.28571429848671,,0,,0,2,0,0,0,0,7,0,7,0
1098,9567,,,,,,,0.142857149243355,0.142857149243355,,0,,0,1,0,0,0,0,7,0,7,0
1099,8626,,,,,,,0.28571429848671,0.28571429848671,,0,,0,2,0,0,0,0,7,0,7,0
1100,31161,,,,,,,0.28571429848671,0.28571429848671,,0,,0,2,0,0,0,0,7,0,7,0
1101,245,,,,,,,0.28571429848671,0.28571429848671,,0,,0,2,0,0,0,0,7,0,7,0
1102,16873,,,,,,,0.28571429848671,0.28571429848671,,0,,0,2,0,0,0,0,7,0,7,0
1103,15019,,,,,,,0.142857149243355,0.142857149243355,,0,,0,1,0,0,0,0,7,0,7,0
1104,31109,,,,,,,0.571428596973419,0.571428596973419,,0,,0,4,0,0,0,0,7,0,7,0
1105,11834,,,,,,,0.142857149243355,0.142857149243355,,0,,0,1,0,0,0,0,7,0,7,0
1106,25764,,,,,,,0.142857149243355,0.142857149243355,,0,,0,1,0,0,0,0,7,0,7,0
1107,31399,,,,,,,0.571428596973419,0.571428596973419,,0,,0,4,0,0,0,0,7,0,7,0
1108,31745,,,,,,,0.428571432828903,0.428571432828903,,0,,0,3,0,0,0,0,7,0,7,0
1109,23105,,,,,,,0.142857149243355,0.142857149243355,,0,,0,1,0,0,0,0,7,0,7,0
1110,9816,,,,,,,0.428571432828903,0.428571432828903,,0,,0,3,0,0,0,0,7,0,7,0
1111,15412,,,,,,,0.428571432828903,0.428571432828903,,0,,0,3,0,0,0,0,7,0,7,0
1112,18229,,,,,,,0.28571429848671,0.28571429848671,,0,,0,2,0,0,0,0,7,0,7,0
1113,9553,,,,,,,0.428571432828903,0.428571432828903,,0,,0,3,0,0,0,0,7,0,7,0
1114,24813,,,,,,,0.142857149243355,0.142857149243355,,0,,0,1,0,0,0,0,7,0,7,0
1115,16616,,,,,,,0.28571429848671,0.28571429848671,,0,,0,2,0,0,0,0,7,0,7,0
1116,8477,,,,,,,0.28571429848671,0.28571429848671,,0,,0,2,0,0,0,0,7,0,7,0
1117,251,,,,,,,0.428571432828903,0.428571432828903,,0,,0,3,0,0,0,0,7,0,7,0
1118,2196,,,,,,,0.571428596973419,0.571428596973419,,0,,0,4,0,0,0,0,7,0,7,0
1119,13279,,,,,,,0.142857149243355,0.142857149243355,,0,,0,1,0,0,0,0,7,0,7,0
1120,31806,,,,,,,0.28571429848671,0.28571429848671,,0,,0,2,0,0,0,0,7,0,7,0
1121,11332,,,,,,,0.28571429848671,0.28571429848671,,0,,0,2,0,0,0,0,7,0,7,0
1122,26483,,,,,,,0.142857149243355,0.142857149243355,,0,,0,1,0,0,0,0,7,0,7,0
1123,816,,,,,,,0.28571429848671,0.28571429848671,,0,,0,2,0,0,0,0,7,0,7,0
1124,32131,,,,,,,0.571428596973419,0.571428596973419,,0,,0,4,0,0,0,0,7,0,7,0
1125,14812,,,,,,,0.28571429848671,0.28571429848671,,0,,0,2,0,0,0,0,7,0,7,0
1126,6780,,,,,,,0.142857149243355,0.142857149243355,,0,,0,1,0,0,0,0,7,0,7,0
1127,8601,,,,,,,0.142857149243355,0.142857149243355,,0,,0,1,0,0,0,0,7,0,7,0
1128,26114,,,,,,,0.142857149243355,0.142857149243355,,0,,0,1,0,0,0,0,7,0,7,0
1129,25989,,,,,,,0.142857149243355,0.142857149243355,,0,,0,1,0,0,0,0,7,0,7,0
1130,3849,,,,,,,0.142857149243355,0.142857149243355,,0,,0,1,0,0,0,0,7,0,7,0
1131,13480,,,,,,,0.142857149243355,0.142857149243355,,0,,0,1,0,0,0,0,7,0,7,0
1132,31160,,,,,,,0.142857149243355,0.142857149243355,,0,,0,1,0,0,0,0,7,0,7,0
1133,2120,,,,,,,0.428571432828903,0.428571432828903,,0,,0,3,0,0,0,0,7,0,7,0
1134,4316,,,,,,,0.28571429848671,0.28571429848671,,0,,0,2,0,0,0,0,7,0,7,0
1135,600,,,,,,,0.142857149243355,0.142857149243355,,0,,0,1,0,0,0,0,7,0,7,0
1136,33569,,,,,,,0.142857149243355,0.142857149243355,,0,,0,1,0,0,0,0,7,0,7,0
1137,3900,,,,,,,0.28571429848671,0.28571429848671,,0,,0,2,0,0,0,0,7,0,7,0
1138,3686,,,,,,,0.428571432828903,0.428571432828903,,0,,0,3,0,0,0,0,7,0,7,0
1139,15758,,,,,,,0.142857149243355,0.142857149243355,,0,,0,1,0,0,0,0,7,0,7,0
1140,33526,,,,,,,0.571428596973419,0.571428596973419,,0,,0,4,0,0,0,0,7,0,7,0
1141,15837,,,,,,,0.28571429848671,0.28571429848671,,0,,0,2,0,0,0,0,7,0,7,0
1142,2527,,,,,,,0.142857149243355,0.142857149243355,,0,,0,1,0,0,0,0,7,0,7,0
1143,7745,,,,,,,0.571428596973419,0.571428596973419,,0,,0,4,0,0,0,0,7,0,7,0
1144,12553,,,,,,,0.28571429848671,0.28571429848671,,0,,0,2,0,0,0,0,7,0,7,0
1145,17390,,,,,,,0.28571429848671,0.28571429848671,,0,,0,2,0,0,0,0,7,0,7,0
1146,12125,,,,,,,0.142857149243355,0.142857149243355,,0,,0,1,0,0,0,0,7,0,7,0
1147,15595,,,,,,,0.142857149243355,0.142857149243355,,0,,0,1,0,0,0,0,7,0,7,0
1148,1310,,,,,,,0.571428596973419,0.571428596973419,,0,,0,4,0,0,0,0,7,0,7,0
1149,22042,,,,,,,0.142857149243355,0.142857149243355,,0,,0,1,0,0,0,0,7,0,7,0
1150,10315,,,,,,,0.428571432828903,0.428571432828903,,0,,0,3,0,0,0,0,7,0,7,0
1151,11797,,,,,,,0.28571429848671,0.28571429848671,,0,,0,2,0,0,0,0,7,0,7,0
1152,30211,,,,,,,0.428571432828903,0.428571432828903,,0,,0,3,0,0,0,0,7,0,7,0
1153,25664,,,,,,,0.428571432828903,0.428571432828903,,0,,0,3,0,0,0,0,7,0,7,0
1154,19554,,,,,,,0.28571429848671,0.28571429848671,,0,,0,2,0,0,0,0,7,0,7,0
1155,30808,,,,,,,0.142857149243355,0.142857149243355,,0,,0,1,0,0,0,0,7,0,7,0
1156,33534,,,,,,,0.142857149243355,0.142857149243355,,0,,0,1,0,0,0,0,7,0,7,0
1157,33203,,,,,,,0.28571429848671,0.28571429848671,,0,,0,2,0,0,0,0,7,0,7,0
1158,17285,,,,,,,0.571428596973419,0.571428596973419,,0,,0,4,0,0,0,0,7,0,7,0
1159,9056,,,,,,,0.428571432828903,0.428571432828903,,0,,0,3,0,0,0,0,7,0,7,0
1160,31497,,,,,,,0.428571432828903,0.428571432828903,,0,,0,3,0,0,0,0,7,0,7,0
1161,11714,,,,,,,0.28571429848671,0.28571429848671,,0,,0,2,0,0,0,0,7,0,7,0
1162,9622,,,,,,,0.857142865657806,0.857142865657806,,0,,0,6,0,0,0,0,7,0,7,0
1163,445,,,,,,,0,0,,0,,0,0,0,0,0,0,7,0,7,0
1164,31899,,,,,,,0.571428596973419,0.571428596973419,,0,,0,4,0,0,0,0,7,0,7,0
1165,19931,,,,,,,0.428571432828903,0.428571432828903,,0,,0,3,0,0,0,0,7,0,7,0
1166,1740,,,,,,,0.428571432828903,0.428571432828903,,0,,0,3,0,0,0,0,7,0,7,0
1167,16591,,,,,,,0.428571432828903,0.428571432828903,,0,,0,3,0,0,0,0,7,0,7,0
1168,31871,,,,,,,0.142857149243355,0.142857149243355,,0,,0,1,0,0,0,0,7,0,7,0
1169,31802,,,,,,,0.428571432828903,0.428571432828903,,0,,0,3,0,0,0,0,7,0,7,0
1170,10919,,,,,,,0.142857149243355,0.142857149243355,,0,,0,1,0,0,0,0,7,0,7,0
1171,17678,,,,,,,0.28571429848671,0.28571429848671,,0,,0,2,0,0,0,0,7,0,7,0
1172,31914,,,,,,,0.28571429848671,0.28571429848671,,0,,0,2,0,0,0,0,7,0,7,0
1173,33262,,,,,,,0.142857149243355,0.142857149243355,,0,,0,1,0,0,0,0,7,0,7,0
1174,18346,,,,,,,0.142857149243355,0.142857149243355,,0,,0,1,0,0,0,0,7,0,7,0
1175,24646,,,,,,,0.28571429848671,0.28571429848671,,0,,0,2,0,0,0,0,7,0,7,0
1176,22662,,,,,,,0.28571429848671,0.28571429848671,,0,,0,2,0,0,0,0,7,0,7,0
1177,4085,,,,,,,0.142857149243355,0.142857149243355,,0,,0,1,0,0,0,0,7,0,7,0
1178,1654,,,,,,,0.28571429848671,0.28571429848671,,0,,0,2,0,0,0,0,7,0,7,0
1179,8848,,,,,,,0.571428596973419,0.571428596973419,,0,,0,4,0,0,0,0,7,0,7,0
1180,26485,,,,,,,0.142857149243355,0.142857149243355,,0,,0,1,0,0,0,0,7,0,7,0
1181,11903,,,,,,,0.142857149243355,0.142857149243355,,0,,0,1,0,0,0,0,7,0,7,0
1182,23443,,,,,,,0.571428596973419,0.571428596973419,,0,,0,4,0,0,0,0,7,0,7,0
1183,5345,,,,,,,0.28571429848671,0.28571429848671,,0,,0,2,0,0,0,0,7,0,7,0
1184,1816,,,,,,,0.142857149243355,0.142857149243355,,0,,0,1,0,0,0,0,7,0,7,0
1185,6188,,,,,,,0.142857149243355,0.142857149243355,,0,,0,1,0,0,0,0,7,0,7,0
1186,11661,,,,,,,0.142857149243355,0.142857149243355,,0,,0,1,0,0,0,0,7,0,7,0
1187,6412,,,,,,,0.28571429848671,0.28571429848671,,0,,0,2,0,0,0,0,7,0,7,0
1188,16895,,,,,,,0.28571429848671,0.28571429848671,,0,,0,2,0,0,0,0,7,0,7,0
1189,23516,,,,,,,0.28571429848671,0.28571429848671,,0,,0,2,0,0,0,0,7,0,7,0
1190,14632,,,,,,,0.142857149243355,0.142857149243355,,0,,0,1,0,0,0,0,7,0,7,0
1191,24400,,,,,,,0.142857149243355,0.142857149243355,,0,,0,1,0,0,0,0,7,0,7,0
1192,10250,,,,,,,0.28571429848671,0.28571429848671,,0,,0,2,0,0,0,0,7,0,7,0
1193,21025,,,,,,,0.28571429848671,0.28571429848671,,0,,0,2,0,0,0,0,7,0,7,0
1194,8867,,,,,,,0.28571429848671,0.28571429848671,,0,,0,2,0,0,0,0,7,0,7,0
1195,24320,,,,,,,0.428571432828903,0.428571432828903,,0,,0,3,0,0,0,0,7,0,7,0
1196,19281,,,,,,,0.28571429848671,0.28571429848671,,0,,0,2,0,0,0,0,7,0,7,0
1197,738,,,,,,,0.142857149243355,0.142857149243355,,0,,0,1,0,0,0,0,7,0,7,0
1198,17331,,,,,,,0.571428596973419,0.571428596973419,,0,,0,4,0,0,0,0,7,0,7,0
1199,23683,,,,,,,0.142857149243355,0.142857149243355,,0,,0,1,0,0,0,0,7,0,7,0
1200,25804,,,,,,,0.428571432828903,0.428571432828903,,0,,0,3,0,0,0,0,7,0,7,0
1201,5591,,,,,,,0.428571432828903,0.428571432828903,,0,,0,3,0,0,0,0,7,0,7,0
1202,13845,,,,,,,0.28571429848671,0.28571429848671,,0,,0,2,0,0,0,0,7,0,7,0
1203,19882,,,,,,,0.571428596973419,0.571428596973419,,0,,0,4,0,0,0,0,7,0,7,0
1204,16913,,,,,,,0.142857149243355,0.142857149243355,,0,,0,1,0,0,0,0,7,0,7,0
1205,306,,,,,,,0.142857149243355,0.142857149243355,,0,,0,1,0,0,0,0,7,0,7,0
1206,32101,,,,,,,0.428571432828903,0.428571432828903,,0,,0,3,0,0,0,0,7,0,7,0
1207,32107,,,,,,,0.142857149243355,0.142857149243355,,0,,0,1,0,0,0,0,7,0,7,0
1208,6067,,,,,,,0.428571432828903,0.428571432828903,,0,,0,3,0,0,0,0,7,0,7,0
1209,6825,,,,,,,0.142857149243355,0.142857149243355,,0,,0,1,0,0,0,0,7,0,7,0
1210,2153,,,,,,,0.428571432828903,0.428571432828903,,0,,0,3,0,0,0,0,7,0,7,0
1211,9966,,,,,,,0.28571429848671,0.28571429848671,,0,,0,2,0,0,0,0,7,0,7,0
1212,9943,,,,,,,0,0,,0,,0,0,0,0,0,0,7,0,7,0
1213,14311,,,,,,,0.28571429848671,0.28571429848671,,0,,0,2,0,0,0,0,7,0,7,0
1214,21841,,,,,,,0.28571429848671,0.28571429848671,,0,,0,2,0,0,0,0,7,0,7,0
1215,26371,,,,,,,0.28571429848671,0.28571429848671,,0,,0,2,0,0,0,0,7,0,7,0
1216,13150,,,,,,,0.142857149243355,0.142857149243355,,0,,0,1,0,0,0,0,7,0,7,0
1217,13577,,,,,,,0,0,,0,,0,0,0,0,0,0,7,0,7,0
1218,1413,,,,,,,0.428571432828903,0.428571432828903,,0,,0,3,0,0,0,0,7,0,7,0
1219,16713,,,,,,,0.142857149243355,0.142857149243355,,0,,0,1,0,0,0,0,7,0,7,0
1220,13961,,,,,,,0.28571429848671,0.28571429848671,,0,,0,2,0,0,0,0,7,0,7,0
1221,1788,,,,,,,0.28571429848671,0.28571429848671,,0,,0,2,0,0,0,0,7,0,7,0
1222,8580,,,,,,,0.571428596973419,0.571428596973419,,0,,0,4,0,0,0,0,7,0,7,0
1223,33111,,,,,,,0.571428596973419,0.571428596973419,,0,,0,4,0,0,0,0,7,0,7,0
1224,15306,,,,,,,0.28571429848671,0.28571429848671,,0,,0,2,0,0,0,0,7,0,7,0
1225,14655,,,,,,,0.142857149243355,0.142857149243355,,0,,0,1,0,0,0,0,7,0,7,0
1226,33368,,,,,,,0.142857149243355,0.142857149243355,,0,,0,1,0,0,0,0,7,0,7,0
1227,19939,,,,,,,0.28571429848671,0.28571429848671,,0,,0,2,0,0,0,0,7,0,7,0
1228,15931,,,,,,,0.142857149243355,0.142857149243355,,0,,0,1,0,0,0,0,7,0,7,0
1229,25096,,,,,,,0.28571429848671,0.28571429848671,,0,,0,2,0,0,0,0,7,0,7,0
1230,14980,,,,,,,0.142857149243355,0.142857149243355,,0,,0,1,0,0,0,0,7,0,7,0
1231,13896,,,,,,,0.142857149243355,0.142857149243355,,0,,0,1,0,0,0,0,7,0,7,0
1232,30949,,,,,,,0.142857149243355,0.142857149243355,,0,,0,1,0,0,0,0,7,0,7,0
1233,11003,,,,,,,0.142857149243355,0.142857149243355,,0,,0,1,0,0,0,0,7,0,7,0
1234,14000,,,,,,,0.142857149243355,0.142857149243355,,0,,0,1,0,0,0,0,7,0,7,0
1235,7108,,,,,,,0.28571429848671,0.28571429848671,,0,,0,2,0,0,0,0,7,0,7,0
1236,33360,,,,,,,0.28571429848671,0.28571429848671,,0,,0,2,0,0,0,0,7,0,7,0
1237,20938,,,,,,,0.28571429848671,0.28571429848671,,0,,0,2,0,0,0,0,7,0,7,0
1238,18353,,,,,,,0.428571432828903,0.428571432828903,,0,,0,3,0,0,0,0,7,0,7,0
1239,10758,,,,,,,0.142857149243355,0.142857149243355,,0,,0,1,0,0,0,0,7,0,7,0
1240,10245,,,,,,,0.28571429848671,0.28571429848671,,0,,0,2,0,0,0,0,7,0,7,0
1241,4203,,,,,,,0.428571432828903,0.428571432828903,,0,,0,3,0,0,0,0,7,0,7,0
1242,22319,,,,,,,0.142857149243355,0.142857149243355,,0,,0,1,0,0,0,0,7,0,7,0
1243,16988,,,,,,,0.28571429848671,0.28571429848671,,0,,0,2,0,0,0,0,7,0,7,0
1244,3108,,,,,,,0.28571429848671,0.28571429848671,,0,,0,2,0,0,0,0,7,0,7,0
1245,2022,,,,,,,0.428571432828903,0.428571432828903,,0,,0,3,0,0,0,0,7,0,7,0
1246,3933,,,,,,,0.142857149243355,0.142857149243355,,0,,0,1,0,0,0,0,7,0,7,0
1247,15437,,,,,,,0.28571429848671,0.28571429848671,,0,,0,2,0,0,0,0,7,0,7,0
1248,22660,,,,,,,0.28571429848671,0.28571429848671,,0,,0,2,0,0,0,0,7,0,7,0
1249,31381,,,,,,,0.142857149243355,0.142857149243355,,0,,0,1,0,0,0,0,7,0,7,0
1250,9639,,,,,,,0.142857149243355,0.142857149243355,,0,,0,1,0,0,0,0,7,0,7,0
1251,17775,,,,,,,0.571428596973419,0.571428596973419,,0,,0,4,0,0,0,0,7,0,7,0
1252,715,,,,,,,0.142857149243355,0.142857149243355,,0,,0,1,0,0,0,0,7,0,7,0
1253,21619,,,,,,,0.142857149243355,0.142857149243355,,0,,0,1,0,0,0,0,7,0,7,0
1254,19274,,,,,,,0.28571429848671,0.28571429848671,,0,,0,2,0,0,0,0,7,0,7,0
1255,22641,,,,,,,0.142857149243355,0.142857149243355,,0,,0,1,0,0,0,0,7,0,7,0
1256,15970,,,,,,,0.28571429848671,0.28571429848671,,0,,0,2,0,0,0,0,7,0,7,0
1257,23958,,,,,,,0.28571429848671,0.28571429848671,,0,,0,2,0,0,0,0,7,0,7,0
1258,4179,,,,,,,0.142857149243355,0.142857149243355,,0,,0,1,0,0,0,0,7,0,7,0
1259,701,,,,,,,0.28571429848671,0.28571429848671,,0,,0,2,0,0,0,0,7,0,7,0
1260,15838,,,,,,,0.142857149243355,0.142857149243355,,0,,0,1,0,0,0,0,7,0,7,0
1261,5152,,,,,,,0.28571429848671,0.28571429848671,,0,,0,2,0,0,0,0,7,0,7,0
1262,26097,,,,,,,0.714285731315613,0.714285731315613,,0,,0,5,0,0,0,0,7,0,7,0
1263,25304,,,,,,,0.142857149243355,0.142857149243355,,0,,0,1,0,0,0,0,7,0,7,0
1264,13486,,,,,,,0.142857149243355,0.142857149243355,,0,,0,1,0,0,0,0,7,0,7,0
1265,22688,,,,,,,0,0,,0,,0,0,0,0,0,0,7,0,7,0
1266,11095,,,,,,,0.142857149243355,0.142857149243355,,0,,0,1,0,0,0,0,7,0,7,0
1267,26479,,,,,,,0.142857149243355,0.142857149243355,,0,,0,1,0,0,0,0,7,0,7,0
1268,1694,,,,,,,0.142857149243355,0.142857149243355,,0,,0,1,0,0,0,0,7,0,7,0
1269,22503,,,,,,,0.428571432828903,0.428571432828903,,0,,0,3,0,0,0,0,7,0,7,0
1270,17584,,,,,,,0.428571432828903,0.428571432828903,,0,,0,3,0,0,0,0,7,0,7,0
1271,11488,,,,,,,0.428571432828903,0.428571432828903,,0,,0,3,0,0,0,0,7,0,7,0
1272,16654,,,,,,,0.28571429848671,0.28571429848671,,0,,0,2,0,0,0,0,7,0,7,0
1273,33973,,,,,,,0.28571429848671,0.28571429848671,,0,,0,2,0,0,0,0,7,0,7,0
1274,9640,,,,,,,0.142857149243355,0.142857149243355,,0,,0,1,0,0,0,0,7,0,7,0
1275,13388,,,,,,,0.142857149243355,0.142857149243355,,0,,0,1,0,0,0,0,7,0,7,0
