poll_id,legacy_field,caseid,source_row,pollgroup,historical_present,historical_value,previous_reference,previous_value,approved_value
uk-health-1998,genvar,2703,1,2208,TRUE,0.155961707829506,0.15099078421771878,0.15099078421771878,NA
uk-health-1998,genvar,2333,3,2208,TRUE,0.155961707829506,0.15099078421771878,0.15099078421771878,NA
uk-health-1998,genvar,3010,5,2212,TRUE,0.158795999252283,0.1326167729410893,0.1326167729410893,NA
uk-health-1998,genvar,731,7,2211,TRUE,0.159105850788233,0.1599346849416622,0.1599346849416622,NA
uk-health-1998,genvar,4909,8,2215,TRUE,0.178761809718743,0.1550852082918563,0.1550852082918563,NA
uk-health-1998,genvar,910,9,2212,TRUE,0.158795999252283,0.1326167729410893,0.1326167729410893,NA
uk-health-1998,genvar,5027,11,2208,TRUE,0.155961707829506,0.15099078421771878,0.15099078421771878,NA
uk-health-1998,genvar,4918,13,2209,TRUE,0.16683119017202,0.15124887473454318,0.15124887473454318,NA
uk-health-1998,genvar,5025,14,2213,TRUE,0.164400782889706,0.16968891868249728,0.16968891868249728,NA
uk-health-1998,genvar,4314,17,2205,TRUE,0.179959780359691,0.16014929923933754,0.16014929923933754,NA
uk-health-1998,genvar,216,19,2205,TRUE,0.179959780359691,0.16014929923933754,0.16014929923933754,NA
uk-health-1998,genvar,1127,28,2210,TRUE,0.152983741132099,0.1497270956176177,0.1497270956176177,NA
uk-health-1998,genvar,4524,30,2209,TRUE,0.16683119017202,0.15124887473454318,0.15124887473454318,NA
uk-health-1998,genvar,119,31,2212,TRUE,0.158795999252283,0.1326167729410893,0.1326167729410893,NA
uk-health-1998,genvar,4424,33,2202,TRUE,0.146552992447571,0.13648587540608093,0.13648587540608093,NA
uk-health-1998,genvar,128,34,2202,TRUE,0.146552992447571,0.13648587540608093,0.13648587540608093,NA
uk-health-1998,genvar,504,35,2209,TRUE,0.16683119017202,0.15124887473454318,0.15124887473454318,NA
uk-health-1998,genvar,3132,36,2208,TRUE,0.155961707829506,0.15099078421771878,0.15099078421771878,NA
uk-health-1998,genvar,1025,37,2212,TRUE,0.158795999252283,0.1326167729410893,0.1326167729410893,NA
uk-health-1998,genvar,204,38,2208,TRUE,0.155961707829506,0.15099078421771878,0.15099078421771878,NA
uk-health-1998,genvar,708,42,2211,TRUE,0.159105850788233,0.1599346849416622,0.1599346849416622,NA
uk-health-1998,genvar,220,44,2215,TRUE,0.178761809718743,0.1550852082918563,0.1550852082918563,NA
uk-health-1998,genvar,3025,45,2213,TRUE,0.164400782889706,0.16968891868249728,0.16968891868249728,NA
uk-health-1998,genvar,530,48,2211,TRUE,0.159105850788233,0.1599346849416622,0.1599346849416622,NA
uk-health-1998,genvar,1015,53,2213,TRUE,0.164400782889706,0.16968891868249728,0.16968891868249728,NA
uk-health-1998,genvar,317,54,2211,TRUE,0.159105850788233,0.1599346849416622,0.1599346849416622,NA
uk-health-1998,genvar,1901,55,2212,TRUE,0.158795999252283,0.1326167729410893,0.1326167729410893,NA
uk-health-1998,genvar,127,56,2215,TRUE,0.178761809718743,0.1550852082918563,0.1550852082918563,NA
uk-health-1998,genvar,1304,57,2205,TRUE,0.179959780359691,0.16014929923933754,0.16014929923933754,NA
uk-health-1998,genvar,117,58,2213,TRUE,0.164400782889706,0.16968891868249728,0.16968891868249728,NA
uk-health-1998,genvar,4630,62,2209,TRUE,0.16683119017202,0.15124887473454318,0.15124887473454318,NA
uk-health-1998,genvar,4705,64,2213,TRUE,0.164400782889706,0.16968891868249728,0.16968891868249728,NA
uk-health-1998,genvar,4712,65,2201,TRUE,0.143140028857293,0.1428356852414313,0.1428356852414313,NA
uk-health-1998,genvar,819,66,2202,TRUE,0.146552992447571,0.13648587540608093,0.13648587540608093,NA
uk-health-1998,genvar,4722,67,2215,TRUE,0.178761809718743,0.1550852082918563,0.1550852082918563,NA
uk-health-1998,genvar,4121,69,2201,TRUE,0.143140028857293,0.1428356852414313,0.1428356852414313,NA
uk-health-1998,genvar,4733,70,2201,TRUE,0.143140028857293,0.1428356852414313,0.1428356852414313,NA
uk-health-1998,genvar,4324,73,2210,TRUE,0.152983741132099,0.1497270956176177,0.1497270956176177,NA
uk-health-1998,genvar,631,75,2211,TRUE,0.159105850788233,0.1599346849416622,0.1599346849416622,NA
uk-health-1998,genvar,3932,76,2211,TRUE,0.159105850788233,0.1599346849416622,0.1599346849416622,NA
uk-health-1998,genvar,929,78,2208,TRUE,0.155961707829506,0.15099078421771878,0.15099078421771878,NA
uk-health-1998,genvar,4328,81,2202,TRUE,0.146552992447571,0.13648587540608093,0.13648587540608093,NA
uk-health-1998,genvar,2314,82,2212,TRUE,0.158795999252283,0.1326167729410893,0.1326167729410893,NA
uk-health-1998,genvar,1624,84,2212,TRUE,0.158795999252283,0.1326167729410893,0.1326167729410893,NA
uk-health-1998,genvar,3830,85,2208,TRUE,0.155961707829506,0.15099078421771878,0.15099078421771878,NA
uk-health-1998,genvar,5022,86,2208,TRUE,0.155961707829506,0.15099078421771878,0.15099078421771878,NA
uk-health-1998,genvar,4406,88,2208,TRUE,0.155961707829506,0.15099078421771878,0.15099078421771878,NA
uk-health-1998,genvar,3926,90,2205,TRUE,0.179959780359691,0.16014929923933754,0.16014929923933754,NA
uk-health-1998,genvar,3828,91,2201,TRUE,0.143140028857293,0.1428356852414313,0.1428356852414313,NA
uk-health-1998,genvar,3710,92,2210,TRUE,0.152983741132099,0.1497270956176177,0.1497270956176177,NA
uk-health-1998,genvar,3428,93,2208,TRUE,0.155961707829506,0.15099078421771878,0.15099078421771878,NA
uk-health-1998,genvar,3005,94,2210,TRUE,0.152983741132099,0.1497270956176177,0.1497270956176177,NA
uk-health-1998,genvar,3202,95,2211,TRUE,0.159105850788233,0.1599346849416622,0.1599346849416622,NA
uk-health-1998,genvar,329,96,2208,TRUE,0.155961707829506,0.15099078421771878,0.15099078421771878,NA
uk-health-1998,genvar,2324,97,2212,TRUE,0.158795999252283,0.1326167729410893,0.1326167729410893,NA
uk-health-1998,genvar,4429,99,2211,TRUE,0.159105850788233,0.1599346849416622,0.1599346849416622,NA
uk-health-1998,genvar,4417,101,2201,TRUE,0.143140028857293,0.1428356852414313,0.1428356852414313,NA
uk-health-1998,genvar,3809,102,2208,TRUE,0.155961707829506,0.15099078421771878,0.15099078421771878,NA
uk-health-1998,genvar,2116,104,2211,TRUE,0.159105850788233,0.1599346849416622,0.1599346849416622,NA
uk-health-1998,genvar,2918,105,2212,TRUE,0.158795999252283,0.1326167729410893,0.1326167729410893,NA
uk-health-1998,genvar,928,106,2205,TRUE,0.179959780359691,0.16014929923933754,0.16014929923933754,NA
uk-health-1998,genvar,4730,107,2205,TRUE,0.179959780359691,0.16014929923933754,0.16014929923933754,NA
uk-health-1998,genvar,4926,108,2208,TRUE,0.155961707829506,0.15099078421771878,0.15099078421771878,NA
uk-health-1998,genvar,211,109,2215,TRUE,0.178761809718743,0.1550852082918563,0.1550852082918563,NA
uk-health-1998,genvar,915,111,2215,TRUE,0.178761809718743,0.1550852082918563,0.1550852082918563,NA
uk-health-1998,genvar,4818,113,2213,TRUE,0.164400782889706,0.16968891868249728,0.16968891868249728,NA
uk-health-1998,genvar,3625,114,2202,TRUE,0.146552992447571,0.13648587540608093,0.13648587540608093,NA
uk-health-1998,genvar,1821,116,2211,TRUE,0.159105850788233,0.1599346849416622,0.1599346849416622,NA
uk-health-1998,genvar,726,117,2210,TRUE,0.152983741132099,0.1497270956176177,0.1497270956176177,NA
uk-health-1998,genvar,3128,119,2210,TRUE,0.152983741132099,0.1497270956176177,0.1497270956176177,NA
uk-health-1998,genvar,1117,121,2202,TRUE,0.146552992447571,0.13648587540608093,0.13648587540608093,NA
uk-health-1998,genvar,2318,122,2209,TRUE,0.16683119017202,0.15124887473454318,0.15124887473454318,NA
uk-health-1998,genvar,2810,124,2205,TRUE,0.179959780359691,0.16014929923933754,0.16014929923933754,NA
uk-health-1998,genvar,3819,126,2201,TRUE,0.143140028857293,0.1428356852414313,0.1428356852414313,NA
uk-health-1998,genvar,5029,127,2213,TRUE,0.164400782889706,0.16968891868249728,0.16968891868249728,NA
uk-health-1998,genvar,5020,128,2205,TRUE,0.179959780359691,0.16014929923933754,0.16014929923933754,NA
uk-health-1998,genvar,3611,130,2209,TRUE,0.16683119017202,0.15124887473454318,0.15124887473454318,NA
uk-health-1998,genvar,2522,131,2211,TRUE,0.159105850788233,0.1599346849416622,0.1599346849416622,NA
uk-health-1998,genvar,3605,132,2208,TRUE,0.155961707829506,0.15099078421771878,0.15099078421771878,NA
uk-health-1998,genvar,3129,133,2202,TRUE,0.146552992447571,0.13648587540608093,0.13648587540608093,NA
uk-health-1998,genvar,3623,134,2212,TRUE,0.158795999252283,0.1326167729410893,0.1326167729410893,NA
uk-health-1998,genvar,2927,135,2213,TRUE,0.164400782889706,0.16968891868249728,0.16968891868249728,NA
uk-health-1998,genvar,4307,136,2201,TRUE,0.143140028857293,0.1428356852414313,0.1428356852414313,NA
uk-health-1998,genvar,5005,137,2213,TRUE,0.164400782889706,0.16968891868249728,0.16968891868249728,NA
uk-health-1998,genvar,3731,138,2210,TRUE,0.152983741132099,0.1497270956176177,0.1497270956176177,NA
uk-health-1998,genvar,3327,139,2202,TRUE,0.146552992447571,0.13648587540608093,0.13648587540608093,NA
uk-health-1998,genvar,4803,140,2213,TRUE,0.164400782889706,0.16968891868249728,0.16968891868249728,NA
uk-health-1998,genvar,4208,142,2209,TRUE,0.16683119017202,0.15124887473454318,0.15124887473454318,NA
uk-health-1998,genvar,2323,143,2215,TRUE,0.178761809718743,0.1550852082918563,0.1550852082918563,NA
uk-health-1998,genvar,3001,144,2210,TRUE,0.152983741132099,0.1497270956176177,0.1497270956176177,NA
uk-health-1998,genvar,1409,145,2215,TRUE,0.178761809718743,0.1550852082918563,0.1550852082918563,NA
uk-health-1998,genvar,4305,146,2215,TRUE,0.178761809718743,0.1550852082918563,0.1550852082918563,NA
uk-health-1998,genvar,4430,147,2210,TRUE,0.152983741132099,0.1497270956176177,0.1497270956176177,NA
uk-health-1998,genvar,5031,149,2212,TRUE,0.158795999252283,0.1326167729410893,0.1326167729410893,NA
uk-health-1998,genvar,3224,150,2215,TRUE,0.178761809718743,0.1550852082918563,0.1550852082918563,NA
uk-health-1998,genvar,1328,152,2212,TRUE,0.158795999252283,0.1326167729410893,0.1326167729410893,NA
uk-health-1998,genvar,3212,154,2211,TRUE,0.159105850788233,0.1599346849416622,0.1599346849416622,NA
uk-health-1998,genvar,223,157,2210,TRUE,0.152983741132099,0.1497270956176177,0.1497270956176177,NA
uk-health-1998,genvar,1902,158,2213,TRUE,0.164400782889706,0.16968891868249728,0.16968891868249728,NA
uk-health-1998,genvar,1107,161,2201,TRUE,0.143140028857293,0.1428356852414313,0.1428356852414313,NA
uk-health-1998,genvar,4823,162,2205,TRUE,0.179959780359691,0.16014929923933754,0.16014929923933754,NA
uk-health-1998,genvar,4929,163,2202,TRUE,0.146552992447571,0.13648587540608093,0.13648587540608093,NA
uk-health-1998,genvar,1216,164,2205,TRUE,0.179959780359691,0.16014929923933754,0.16014929923933754,NA
uk-health-1998,genvar,122,167,2209,TRUE,0.16683119017202,0.15124887473454318,0.15124887473454318,NA
uk-health-1998,genvar,702,170,2212,TRUE,0.158795999252283,0.1326167729410893,0.1326167729410893,NA
uk-health-1998,genvar,3126,171,2213,TRUE,0.164400782889706,0.16968891868249728,0.16968891868249728,NA
uk-health-1998,genvar,1919,173,2215,TRUE,0.178761809718743,0.1550852082918563,0.1550852082918563,NA
uk-health-1998,genvar,2124,174,2208,TRUE,0.155961707829506,0.15099078421771878,0.15099078421771878,NA
uk-health-1998,genvar,4114,176,2208,TRUE,0.155961707829506,0.15099078421771878,0.15099078421771878,NA
uk-health-1998,genvar,409,177,2205,TRUE,0.179959780359691,0.16014929923933754,0.16014929923933754,NA
uk-health-1998,genvar,709,178,2209,TRUE,0.16683119017202,0.15124887473454318,0.15124887473454318,NA
uk-health-1998,genvar,1815,179,2215,TRUE,0.178761809718743,0.1550852082918563,0.1550852082918563,NA
uk-health-1998,genvar,2809,180,2213,TRUE,0.164400782889706,0.16968891868249728,0.16968891868249728,NA
uk-health-1998,genvar,3119,181,2209,TRUE,0.16683119017202,0.15124887473454318,0.15124887473454318,NA
uk-health-1998,genvar,4903,182,2210,TRUE,0.152983741132099,0.1497270956176177,0.1497270956176177,NA
uk-health-1998,genvar,817,184,2202,TRUE,0.146552992447571,0.13648587540608093,0.13648587540608093,NA
uk-health-1998,genvar,2008,187,2201,TRUE,0.143140028857293,0.1428356852414313,0.1428356852414313,NA
uk-health-1998,genvar,3808,188,2202,TRUE,0.146552992447571,0.13648587540608093,0.13648587540608093,NA
uk-health-1998,genvar,3821,189,2212,TRUE,0.158795999252283,0.1326167729410893,0.1326167729410893,NA
uk-health-1998,genvar,4110,190,2215,TRUE,0.178761809718743,0.1550852082918563,0.1550852082918563,NA
uk-health-1998,genvar,3608,191,2211,TRUE,0.159105850788233,0.1599346849416622,0.1599346849416622,NA
uk-health-1998,genvar,2633,193,2202,TRUE,0.146552992447571,0.13648587540608093,0.13648587540608093,NA
uk-health-1998,genvar,3316,195,2209,TRUE,0.16683119017202,0.15124887473454318,0.15124887473454318,NA
uk-health-1998,genvar,2031,196,2211,TRUE,0.159105850788233,0.1599346849416622,0.1599346849416622,NA
uk-health-1998,genvar,3931,197,2208,TRUE,0.155961707829506,0.15099078421771878,0.15099078421771878,NA
uk-health-1998,genvar,1433,198,2201,TRUE,0.143140028857293,0.1428356852414313,0.1428356852414313,NA
uk-health-1998,genvar,2622,199,2209,TRUE,0.16683119017202,0.15124887473454318,0.15124887473454318,NA
uk-health-1998,genvar,3330,200,2209,TRUE,0.16683119017202,0.15124887473454318,0.15124887473454318,NA
uk-health-1998,genvar,1804,203,2212,TRUE,0.158795999252283,0.1326167729410893,0.1326167729410893,NA
uk-health-1998,genvar,213,204,2205,TRUE,0.179959780359691,0.16014929923933754,0.16014929923933754,NA
uk-health-1998,genvar,3622,205,2201,TRUE,0.143140028857293,0.1428356852414313,0.1428356852414313,NA
uk-health-1998,genvar,3230,206,2201,TRUE,0.143140028857293,0.1428356852414313,0.1428356852414313,NA
uk-health-1998,genvar,5032,207,2211,TRUE,0.159105850788233,0.1599346849416622,0.1599346849416622,NA
uk-health-1998,genvar,321,208,2209,TRUE,0.16683119017202,0.15124887473454318,0.15124887473454318,NA
uk-health-1998,genvar,2302,210,2215,TRUE,0.178761809718743,0.1550852082918563,0.1550852082918563,NA
uk-health-1998,genvar,4133,211,2201,TRUE,0.143140028857293,0.1428356852414313,0.1428356852414313,NA
uk-health-1998,genvar,2632,212,2202,TRUE,0.146552992447571,0.13648587540608093,0.13648587540608093,NA
uk-health-1998,genvar,3626,213,2210,TRUE,0.152983741132099,0.1497270956176177,0.1497270956176177,NA
uk-health-1998,genvar,3606,214,2205,TRUE,0.179959780359691,0.16014929923933754,0.16014929923933754,NA
uk-health-1998,genvar,4010,215,2209,TRUE,0.16683119017202,0.15124887473454318,0.15124887473454318,NA
uk-health-1998,genvar,3709,217,2212,TRUE,0.158795999252283,0.1326167729410893,0.1326167729410893,NA
uk-health-1998,genvar,716,218,2215,TRUE,0.178761809718743,0.1550852082918563,0.1550852082918563,NA
uk-health-1998,genvar,503,220,2210,TRUE,0.152983741132099,0.1497270956176177,0.1497270956176177,NA
uk-health-1998,genvar,3121,221,2201,TRUE,0.143140028857293,0.1428356852414313,0.1428356852414313,NA
uk-health-1998,genvar,2330,222,2213,TRUE,0.164400782889706,0.16968891868249728,0.16968891868249728,NA
uk-health-1998,genvar,4002,223,2212,TRUE,0.158795999252283,0.1326167729410893,0.1326167729410893,NA
uk-health-1998,genvar,2431,225,2201,TRUE,0.143140028857293,0.1428356852414313,0.1428356852414313,NA
uk-health-1998,genvar,4018,226,2205,TRUE,0.179959780359691,0.16014929923933754,0.16014929923933754,NA
uk-health-1998,genvar,2224,227,2211,TRUE,0.159105850788233,0.1599346849416622,0.1599346849416622,NA
uk-health-1998,genvar,2306,228,2202,TRUE,0.146552992447571,0.13648587540608093,0.13648587540608093,NA
uk-health-1998,genvar,3208,229,2209,TRUE,0.16683119017202,0.15124887473454318,0.15124887473454318,NA
uk-health-1998,genvar,326,230,2205,TRUE,0.179959780359691,0.16014929923933754,0.16014929923933754,NA
cpl-1996,genvar,2910001,1,29101,TRUE,0.152619133313188,0.152619133313188,0.15261913331318822,NA
cpl-1996,genvar,2910006,6,29101,TRUE,0.152619133313188,0.152619133313188,0.15261913331318822,NA
cpl-1996,genvar,2910012,12,29107,TRUE,0.178370419119353,0.178370419119353,0.17837041911935284,NA
cpl-1996,genvar,2910027,27,29107,TRUE,0.178370419119353,0.178370419119353,0.17837041911935284,NA
cpl-1996,genvar,2910030,30,29101,TRUE,0.152619133313188,0.152619133313188,0.15261913331318822,NA
cpl-1996,genvar,2910031,31,29105,TRUE,0.183741786142331,0.183741786142331,0.1837417861423311,NA
cpl-1996,genvar,2910033,33,29101,TRUE,0.152619133313188,0.152619133313188,0.15261913331318822,NA
cpl-1996,genvar,2910034,34,29101,TRUE,0.152619133313188,0.152619133313188,0.15261913331318822,NA
cpl-1996,genvar,2910037,37,29107,TRUE,0.178370419119353,0.178370419119353,0.17837041911935284,NA
cpl-1996,genvar,2910041,41,29113,TRUE,0.186624646269559,0.186624646269559,0.18662464626955888,NA
cpl-1996,genvar,2910042,42,29105,TRUE,0.183741786142331,0.183741786142331,0.1837417861423311,NA
cpl-1996,genvar,2910045,45,29113,TRUE,0.186624646269559,0.186624646269559,0.18662464626955888,NA
cpl-1996,genvar,2910051,51,29113,TRUE,0.186624646269559,0.186624646269559,0.18662464626955888,NA
cpl-1996,genvar,2910053,53,29113,TRUE,0.186624646269559,0.186624646269559,0.18662464626955888,NA
cpl-1996,genvar,2910058,58,29107,TRUE,0.178370419119353,0.178370419119353,0.17837041911935284,NA
cpl-1996,genvar,2910064,64,29101,TRUE,0.152619133313188,0.152619133313188,0.15261913331318822,NA
cpl-1996,genvar,2910071,71,29113,TRUE,0.186624646269559,0.186624646269559,0.18662464626955888,NA
cpl-1996,genvar,2910078,78,29113,TRUE,0.186624646269559,0.186624646269559,0.18662464626955888,NA
cpl-1996,genvar,2910079,79,29113,TRUE,0.186624646269559,0.186624646269559,0.18662464626955888,NA
cpl-1996,genvar,2910080,80,29105,TRUE,0.183741786142331,0.183741786142331,0.1837417861423311,NA
cpl-1996,genvar,2910083,83,29107,TRUE,0.178370419119353,0.178370419119353,0.17837041911935284,NA
cpl-1996,genvar,2910084,84,29101,TRUE,0.152619133313188,0.152619133313188,0.15261913331318822,NA
cpl-1996,genvar,2910085,85,29107,TRUE,0.178370419119353,0.178370419119353,0.17837041911935284,NA
cpl-1996,genvar,2910093,93,29113,TRUE,0.186624646269559,0.186624646269559,0.18662464626955888,NA
cpl-1996,genvar,2910094,94,29105,TRUE,0.183741786142331,0.183741786142331,0.1837417861423311,NA
cpl-1996,genvar,2910097,97,29113,TRUE,0.186624646269559,0.186624646269559,0.18662464626955888,NA
cpl-1996,genvar,2910099,99,29113,TRUE,0.186624646269559,0.186624646269559,0.18662464626955888,NA
cpl-1996,genvar,2910106,106,29113,TRUE,0.186624646269559,0.186624646269559,0.18662464626955888,NA
cpl-1996,genvar,2910109,109,29107,TRUE,0.178370419119353,0.178370419119353,0.17837041911935284,NA
cpl-1996,genvar,2910111,111,29105,TRUE,0.183741786142331,0.183741786142331,0.1837417861423311,NA
cpl-1996,genvar,2910120,120,29113,TRUE,0.186624646269559,0.186624646269559,0.18662464626955888,NA
cpl-1996,genvar,2910124,124,29101,TRUE,0.152619133313188,0.152619133313188,0.15261913331318822,NA
cpl-1996,genvar,2910128,128,29105,TRUE,0.183741786142331,0.183741786142331,0.1837417861423311,NA
cpl-1996,genvar,2910138,138,29105,TRUE,0.183741786142331,0.183741786142331,0.1837417861423311,NA
cpl-1996,genvar,2910144,144,29113,TRUE,0.186624646269559,0.186624646269559,0.18662464626955888,NA
cpl-1996,genvar,2910154,154,29105,TRUE,0.183741786142331,0.183741786142331,0.1837417861423311,NA
cpl-1996,genvar,2910156,156,29101,TRUE,0.152619133313188,0.152619133313188,0.15261913331318822,NA
cpl-1996,genvar,2910163,163,29105,TRUE,0.183741786142331,0.183741786142331,0.1837417861423311,NA
cpl-1996,genvar,2910166,166,29107,TRUE,0.178370419119353,0.178370419119353,0.17837041911935284,NA
cpl-1996,genvar,2910167,167,29107,TRUE,0.178370419119353,0.178370419119353,0.17837041911935284,NA
cpl-1996,genvar,2910172,172,29113,TRUE,0.186624646269559,0.186624646269559,0.18662464626955888,NA
cpl-1996,genvar,2910179,179,29105,TRUE,0.183741786142331,0.183741786142331,0.1837417861423311,NA
cpl-1996,genvar,2910183,183,29105,TRUE,0.183741786142331,0.183741786142331,0.1837417861423311,NA
cpl-1996,genvar,2910184,184,29107,TRUE,0.178370419119353,0.178370419119353,0.17837041911935284,NA
cpl-1996,genvar,2910189,189,29113,TRUE,0.186624646269559,0.186624646269559,0.18662464626955888,NA
cpl-1996,genvar,2910190,190,29101,TRUE,0.152619133313188,0.152619133313188,0.15261913331318822,NA
cpl-1996,genvar,2910194,194,29113,TRUE,0.186624646269559,0.186624646269559,0.18662464626955888,NA
cpl-1996,genvar,2910202,202,29107,TRUE,0.178370419119353,0.178370419119353,0.17837041911935284,NA
cpl-1996,genvar,2910203,203,29101,TRUE,0.152619133313188,0.152619133313188,0.15261913331318822,NA
cpl-1996,genvar,2910205,205,29101,TRUE,0.152619133313188,0.152619133313188,0.15261913331318822,NA
cpl-1996,genvar,2910210,210,29107,TRUE,0.178370419119353,0.178370419119353,0.17837041911935284,NA
cpl-1996,genvar,2910211,211,29101,TRUE,0.152619133313188,0.152619133313188,0.15261913331318822,NA
bulgaria-crime-2002,genvar,5310002,2,5311,TRUE,0.231279636764042,0.2368912163925583,0.2368912163925583,NA
bulgaria-crime-2002,genvar,5310003,3,5310,TRUE,0.23226025920541,0.23789563185346013,0.23789563185346013,NA
bulgaria-crime-2002,genvar,5310004,4,5302,TRUE,0.198000201534088,0.2028043162106613,0.20280431621066133,NA
bulgaria-crime-2002,genvar,5310006,6,5309,TRUE,0.193596195763516,0.19829345525209385,0.19829345525209385,NA
bulgaria-crime-2002,genvar,5310007,7,5309,TRUE,0.193596195763516,0.19829345525209385,0.19829345525209385,NA
bulgaria-crime-2002,genvar,5310008,8,5308,TRUE,0.212683433906706,0.2178438105041991,0.2178438105041991,NA
bulgaria-crime-2002,genvar,5310009,9,5310,TRUE,0.23226025920541,0.23789563185346013,0.23789563185346013,NA
bulgaria-crime-2002,genvar,5310010,10,5304,TRUE,0.218499803633535,0.22380130386096608,0.22380130386096608,NA
bulgaria-crime-2002,genvar,5310012,12,5311,TRUE,0.231279636764042,0.2368912163925583,0.2368912163925583,NA
bulgaria-crime-2002,genvar,5310013,13,5305,TRUE,0.228605661713943,0.23415236220252217,0.23415236220252214,NA
bulgaria-crime-2002,genvar,5310014,14,5304,TRUE,0.218499803633535,0.22380130386096608,0.22380130386096608,NA
bulgaria-crime-2002,genvar,5310015,15,5302,TRUE,0.198000201534088,0.2028043162106613,0.20280431621066133,NA
bulgaria-crime-2002,genvar,5310016,16,5308,TRUE,0.212683433906706,0.2178438105041991,0.2178438105041991,NA
bulgaria-crime-2002,genvar,5310017,17,5307,TRUE,0,0,0,NA
bulgaria-crime-2002,genvar,5310018,18,5316,TRUE,0.200287248038834,0.205146853738116,0.205146853738116,NA
bulgaria-crime-2002,genvar,5310019,19,5309,TRUE,0.193596195763516,0.19829345525209385,0.19829345525209385,NA
bulgaria-crime-2002,genvar,5310020,20,5311,TRUE,0.231279636764042,0.2368912163925583,0.2368912163925583,NA
bulgaria-crime-2002,genvar,5310021,21,5317,TRUE,0.17241070182586,0.17659393384594158,0.17659393384594158,NA
bulgaria-crime-2002,genvar,5310022,22,5315,TRUE,0.211003803061319,0.21612342647203145,0.21612342647203142,NA
bulgaria-crime-2002,genvar,5310023,23,5315,TRUE,0.211003803061319,0.21612342647203145,0.21612342647203142,NA
bulgaria-crime-2002,genvar,5310024,24,5307,TRUE,0,0,0,NA
bulgaria-crime-2002,genvar,5310025,25,5316,TRUE,0.200287248038834,0.205146853738116,0.205146853738116,NA
bulgaria-crime-2002,genvar,5310026,26,5302,TRUE,0.198000201534088,0.2028043162106613,0.20280431621066133,NA
bulgaria-crime-2002,genvar,5310027,27,5312,TRUE,0.184858302559261,0.18934355296572883,0.18934355296572883,NA
bulgaria-crime-2002,genvar,5310028,28,5312,TRUE,0.184858302559261,0.18934355296572883,0.18934355296572883,NA
bulgaria-crime-2002,genvar,5310029,29,5306,TRUE,0.197771740001634,0.20257031147475377,0.20257031147475374,NA
bulgaria-crime-2002,genvar,5310030,30,5317,TRUE,0.17241070182586,0.17659393384594158,0.17659393384594158,NA
bulgaria-crime-2002,genvar,5310031,31,5304,TRUE,0.218499803633535,0.22380130386096608,0.22380130386096608,NA
bulgaria-crime-2002,genvar,5310032,32,5311,TRUE,0.231279636764042,0.2368912163925583,0.2368912163925583,NA
bulgaria-crime-2002,genvar,5310033,33,5305,TRUE,0.228605661713943,0.23415236220252217,0.23415236220252214,NA
bulgaria-crime-2002,genvar,5310034,34,5303,TRUE,0.241412609581978,0.24727004736141903,0.24727004736141903,NA
bulgaria-crime-2002,genvar,5310036,36,5314,TRUE,0.185777007398005,0.1902845485060224,0.19028454850602242,NA
bulgaria-crime-2002,genvar,5310038,38,5308,TRUE,0.212683433906706,0.2178438105041991,0.2178438105041991,NA
bulgaria-crime-2002,genvar,5310039,39,5304,TRUE,0.218499803633535,0.22380130386096608,0.22380130386096608,NA
bulgaria-crime-2002,genvar,5310040,40,5312,TRUE,0.184858302559261,0.18934355296572883,0.18934355296572883,NA
bulgaria-crime-2002,genvar,5310041,41,5310,TRUE,0.23226025920541,0.23789563185346013,0.23789563185346013,NA
bulgaria-crime-2002,genvar,5310042,42,5302,TRUE,0.198000201534088,0.2028043162106613,0.20280431621066133,NA
bulgaria-crime-2002,genvar,5310044,44,5317,TRUE,0.17241070182586,0.17659393384594158,0.17659393384594158,NA
bulgaria-crime-2002,genvar,5310045,45,5307,TRUE,0,0,0,NA
bulgaria-crime-2002,genvar,5310046,46,5306,TRUE,0.197771740001634,0.20257031147475377,0.20257031147475374,NA
bulgaria-crime-2002,genvar,5310047,47,5304,TRUE,0.218499803633535,0.22380130386096608,0.22380130386096608,NA
bulgaria-crime-2002,genvar,5310048,48,5311,TRUE,0.231279636764042,0.2368912163925583,0.2368912163925583,NA
bulgaria-crime-2002,genvar,5310049,49,5314,TRUE,0.185777007398005,0.1902845485060224,0.19028454850602242,NA
bulgaria-crime-2002,genvar,5310051,51,5316,TRUE,0.200287248038834,0.205146853738116,0.205146853738116,NA
bulgaria-crime-2002,genvar,5310053,53,5316,TRUE,0.200287248038834,0.205146853738116,0.205146853738116,NA
bulgaria-crime-2002,genvar,5310054,54,5317,TRUE,0.17241070182586,0.17659393384594158,0.17659393384594158,NA
bulgaria-crime-2002,genvar,5310055,55,5305,TRUE,0.228605661713943,0.23415236220252217,0.23415236220252214,NA
bulgaria-crime-2002,genvar,5310056,56,5305,TRUE,0.228605661713943,0.23415236220252217,0.23415236220252214,NA
bulgaria-crime-2002,genvar,5310057,57,5317,TRUE,0.17241070182586,0.17659393384594158,0.17659393384594158,NA
bulgaria-crime-2002,genvar,5310058,58,5307,TRUE,0,0,0,NA
bulgaria-crime-2002,genvar,5310059,59,5302,TRUE,0.198000201534088,0.2028043162106613,0.20280431621066133,NA
bulgaria-crime-2002,genvar,5310060,60,5308,TRUE,0.212683433906706,0.2178438105041991,0.2178438105041991,NA
bulgaria-crime-2002,genvar,5310061,61,5305,TRUE,0.228605661713943,0.23415236220252217,0.23415236220252214,NA
bulgaria-crime-2002,genvar,5310062,62,5304,TRUE,0.218499803633535,0.22380130386096608,0.22380130386096608,NA
bulgaria-crime-2002,genvar,5310063,63,5304,TRUE,0.218499803633535,0.22380130386096608,0.22380130386096608,NA
bulgaria-crime-2002,genvar,5310064,64,5311,TRUE,0.231279636764042,0.2368912163925583,0.2368912163925583,NA
bulgaria-crime-2002,genvar,5310066,66,5308,TRUE,0.212683433906706,0.2178438105041991,0.2178438105041991,NA
bulgaria-crime-2002,genvar,5310067,67,5303,TRUE,0.241412609581978,0.24727004736141903,0.24727004736141903,NA
bulgaria-crime-2002,genvar,5310068,68,5303,TRUE,0.241412609581978,0.24727004736141903,0.24727004736141903,NA
bulgaria-crime-2002,genvar,5310070,70,5317,TRUE,0.17241070182586,0.17659393384594158,0.17659393384594158,NA
bulgaria-crime-2002,genvar,5310072,72,5316,TRUE,0.200287248038834,0.205146853738116,0.205146853738116,NA
bulgaria-crime-2002,genvar,5310073,73,5303,TRUE,0.241412609581978,0.24727004736141903,0.24727004736141903,NA
bulgaria-crime-2002,genvar,5310074,74,5304,TRUE,0.218499803633535,0.22380130386096608,0.22380130386096608,NA
bulgaria-crime-2002,genvar,5310075,75,5306,TRUE,0.197771740001634,0.20257031147475377,0.20257031147475374,NA
bulgaria-crime-2002,genvar,5310076,76,5303,TRUE,0.241412609581978,0.24727004736141903,0.24727004736141903,NA
bulgaria-crime-2002,genvar,5310077,77,5303,TRUE,0.241412609581978,0.24727004736141903,0.24727004736141903,NA
bulgaria-crime-2002,genvar,5310078,78,5314,TRUE,0.185777007398005,0.1902845485060224,0.19028454850602242,NA
bulgaria-crime-2002,genvar,5310079,79,5306,TRUE,0.197771740001634,0.20257031147475377,0.20257031147475374,NA
bulgaria-crime-2002,genvar,5310080,80,5317,TRUE,0.17241070182586,0.17659393384594158,0.17659393384594158,NA
bulgaria-crime-2002,genvar,5310081,81,5311,TRUE,0.231279636764042,0.2368912163925583,0.2368912163925583,NA
bulgaria-crime-2002,genvar,5310082,82,5311,TRUE,0.231279636764042,0.2368912163925583,0.2368912163925583,NA
bulgaria-crime-2002,genvar,5310083,83,5306,TRUE,0.197771740001634,0.20257031147475377,0.20257031147475374,NA
bulgaria-crime-2002,genvar,5310085,85,5307,TRUE,0,0,0,NA
bulgaria-crime-2002,genvar,5310086,86,5312,TRUE,0.184858302559261,0.18934355296572883,0.18934355296572883,NA
bulgaria-crime-2002,genvar,5310087,87,5304,TRUE,0.218499803633535,0.22380130386096608,0.22380130386096608,NA
bulgaria-crime-2002,genvar,5310088,88,5302,TRUE,0.198000201534088,0.2028043162106613,0.20280431621066133,NA
bulgaria-crime-2002,genvar,5310089,89,5306,TRUE,0.197771740001634,0.20257031147475377,0.20257031147475374,NA
bulgaria-crime-2002,genvar,5310090,90,5302,TRUE,0.198000201534088,0.2028043162106613,0.20280431621066133,NA
bulgaria-crime-2002,genvar,5310091,91,5309,TRUE,0.193596195763516,0.19829345525209385,0.19829345525209385,NA
bulgaria-crime-2002,genvar,5310092,92,5303,TRUE,0.241412609581978,0.24727004736141903,0.24727004736141903,NA
bulgaria-crime-2002,genvar,5310094,94,5310,TRUE,0.23226025920541,0.23789563185346013,0.23789563185346013,NA
bulgaria-crime-2002,genvar,5310095,95,5310,TRUE,0.23226025920541,0.23789563185346013,0.23789563185346013,NA
bulgaria-crime-2002,genvar,5310097,97,5305,TRUE,0.228605661713943,0.23415236220252217,0.23415236220252214,NA
bulgaria-crime-2002,genvar,5310098,98,5316,TRUE,0.200287248038834,0.205146853738116,0.205146853738116,NA
bulgaria-crime-2002,genvar,5310099,99,5310,TRUE,0.23226025920541,0.23789563185346013,0.23789563185346013,NA
bulgaria-crime-2002,genvar,5310100,100,5307,TRUE,0,0,0,NA
bulgaria-crime-2002,genvar,5310101,101,5303,TRUE,0.241412609581978,0.24727004736141903,0.24727004736141903,NA
bulgaria-crime-2002,genvar,5310102,102,5315,TRUE,0.211003803061319,0.21612342647203145,0.21612342647203142,NA
bulgaria-crime-2002,genvar,5310103,103,5317,TRUE,0.17241070182586,0.17659393384594158,0.17659393384594158,NA
bulgaria-crime-2002,genvar,5310105,105,5315,TRUE,0.211003803061319,0.21612342647203145,0.21612342647203142,NA
bulgaria-crime-2002,genvar,5310106,106,5316,TRUE,0.200287248038834,0.205146853738116,0.205146853738116,NA
bulgaria-crime-2002,genvar,5310107,107,5302,TRUE,0.198000201534088,0.2028043162106613,0.20280431621066133,NA
bulgaria-crime-2002,genvar,5310109,109,5311,TRUE,0.231279636764042,0.2368912163925583,0.2368912163925583,NA
bulgaria-crime-2002,genvar,5310111,111,5309,TRUE,0.193596195763516,0.19829345525209385,0.19829345525209385,NA
bulgaria-crime-2002,genvar,5310112,112,5315,TRUE,0.211003803061319,0.21612342647203145,0.21612342647203142,NA
bulgaria-crime-2002,genvar,5310113,113,5307,TRUE,0,0,0,NA
bulgaria-crime-2002,genvar,5310114,114,5308,TRUE,0.212683433906706,0.2178438105041991,0.2178438105041991,NA
bulgaria-crime-2002,genvar,5310115,115,5309,TRUE,0.193596195763516,0.19829345525209385,0.19829345525209385,NA
bulgaria-crime-2002,genvar,5310116,116,5306,TRUE,0.197771740001634,0.20257031147475377,0.20257031147475374,NA
bulgaria-crime-2002,genvar,5310117,117,5308,TRUE,0.212683433906706,0.2178438105041991,0.2178438105041991,NA
bulgaria-crime-2002,genvar,5310118,118,5303,TRUE,0.241412609581978,0.24727004736141903,0.24727004736141903,NA
bulgaria-crime-2002,genvar,5310119,119,5305,TRUE,0.228605661713943,0.23415236220252217,0.23415236220252214,NA
bulgaria-crime-2002,genvar,5310120,120,5308,TRUE,0.212683433906706,0.2178438105041991,0.2178438105041991,NA
bulgaria-crime-2002,genvar,5310121,121,5304,TRUE,0.218499803633535,0.22380130386096608,0.22380130386096608,NA
bulgaria-crime-2002,genvar,5310122,122,5317,TRUE,0.17241070182586,0.17659393384594158,0.17659393384594158,NA
bulgaria-crime-2002,genvar,5310123,123,5314,TRUE,0.185777007398005,0.1902845485060224,0.19028454850602242,NA
bulgaria-crime-2002,genvar,5310124,124,5305,TRUE,0.228605661713943,0.23415236220252217,0.23415236220252214,NA
bulgaria-crime-2002,genvar,5310125,125,5309,TRUE,0.193596195763516,0.19829345525209385,0.19829345525209385,NA
bulgaria-crime-2002,genvar,5310126,126,5308,TRUE,0.212683433906706,0.2178438105041991,0.2178438105041991,NA
bulgaria-crime-2002,genvar,5310127,127,5310,TRUE,0.23226025920541,0.23789563185346013,0.23789563185346013,NA
bulgaria-crime-2002,genvar,5310128,128,5304,TRUE,0.218499803633535,0.22380130386096608,0.22380130386096608,NA
bulgaria-crime-2002,genvar,5310129,129,5307,TRUE,0,0,0,NA
bulgaria-crime-2002,genvar,5310130,130,5316,TRUE,0.200287248038834,0.205146853738116,0.205146853738116,NA
bulgaria-crime-2002,genvar,5310131,131,5305,TRUE,0.228605661713943,0.23415236220252217,0.23415236220252214,NA
bulgaria-crime-2002,genvar,5310133,133,5309,TRUE,0.193596195763516,0.19829345525209385,0.19829345525209385,NA
bulgaria-crime-2002,genvar,5310134,134,5304,TRUE,0.218499803633535,0.22380130386096608,0.22380130386096608,NA
bulgaria-crime-2002,genvar,5310135,135,5307,TRUE,0,0,0,NA
bulgaria-crime-2002,genvar,5310137,137,5314,TRUE,0.185777007398005,0.1902845485060224,0.19028454850602242,NA
bulgaria-crime-2002,genvar,5310138,138,5314,TRUE,0.185777007398005,0.1902845485060224,0.19028454850602242,NA
bulgaria-crime-2002,genvar,5310140,140,5314,TRUE,0.185777007398005,0.1902845485060224,0.19028454850602242,NA
bulgaria-crime-2002,genvar,5310141,141,5309,TRUE,0.193596195763516,0.19829345525209385,0.19829345525209385,NA
bulgaria-crime-2002,genvar,5310143,143,5310,TRUE,0.23226025920541,0.23789563185346013,0.23789563185346013,NA
bulgaria-crime-2002,genvar,5310145,145,5312,TRUE,0.184858302559261,0.18934355296572883,0.18934355296572883,NA
bulgaria-crime-2002,genvar,5310146,146,5312,TRUE,0.184858302559261,0.18934355296572883,0.18934355296572883,NA
bulgaria-crime-2002,genvar,5310147,147,5302,TRUE,0.198000201534088,0.2028043162106613,0.20280431621066133,NA
bulgaria-crime-2002,genvar,5310148,148,5306,TRUE,0.197771740001634,0.20257031147475377,0.20257031147475374,NA
bulgaria-crime-2002,genvar,5310149,149,5312,TRUE,0.184858302559261,0.18934355296572883,0.18934355296572883,NA
bulgaria-crime-2002,genvar,5310150,150,5314,TRUE,0.185777007398005,0.1902845485060224,0.19028454850602242,NA
bulgaria-crime-2002,genvar,5310151,151,5317,TRUE,0.17241070182586,0.17659393384594158,0.17659393384594158,NA
bulgaria-crime-2002,genvar,5310152,152,5314,TRUE,0.185777007398005,0.1902845485060224,0.19028454850602242,NA
bulgaria-crime-2002,genvar,5310153,153,5303,TRUE,0.241412609581978,0.24727004736141903,0.24727004736141903,NA
bulgaria-crime-2002,genvar,5310154,154,5306,TRUE,0.197771740001634,0.20257031147475377,0.20257031147475374,NA
bulgaria-crime-2002,genvar,5310155,155,5304,TRUE,0.218499803633535,0.22380130386096608,0.22380130386096608,NA
bulgaria-crime-2002,genvar,5310156,156,5316,TRUE,0.200287248038834,0.205146853738116,0.205146853738116,NA
bulgaria-crime-2002,genvar,5310157,157,5314,TRUE,0.185777007398005,0.1902845485060224,0.19028454850602242,NA
bulgaria-crime-2002,genvar,5310158,158,5302,TRUE,0.198000201534088,0.2028043162106613,0.20280431621066133,NA
bulgaria-crime-2002,genvar,5310159,159,5312,TRUE,0.184858302559261,0.18934355296572883,0.18934355296572883,NA
bulgaria-crime-2002,genvar,5310160,160,5308,TRUE,0.212683433906706,0.2178438105041991,0.2178438105041991,NA
bulgaria-crime-2002,genvar,5310161,161,5303,TRUE,0.241412609581978,0.24727004736141903,0.24727004736141903,NA
bulgaria-crime-2002,genvar,5310162,162,5309,TRUE,0.193596195763516,0.19829345525209385,0.19829345525209385,NA
bulgaria-crime-2002,genvar,5310163,163,5317,TRUE,0.17241070182586,0.17659393384594158,0.17659393384594158,NA
bulgaria-crime-2002,genvar,5310164,164,5315,TRUE,0.211003803061319,0.21612342647203145,0.21612342647203142,NA
bulgaria-crime-2002,genvar,5310165,165,5309,TRUE,0.193596195763516,0.19829345525209385,0.19829345525209385,NA
bulgaria-crime-2002,genvar,5310166,166,5310,TRUE,0.23226025920541,0.23789563185346013,0.23789563185346013,NA
bulgaria-crime-2002,genvar,5310168,168,5305,TRUE,0.228605661713943,0.23415236220252217,0.23415236220252214,NA
bulgaria-crime-2002,genvar,5310169,169,5311,TRUE,0.231279636764042,0.2368912163925583,0.2368912163925583,NA
bulgaria-crime-2002,genvar,5310170,170,5310,TRUE,0.23226025920541,0.23789563185346013,0.23789563185346013,NA
bulgaria-crime-2002,genvar,5310171,171,5312,TRUE,0.184858302559261,0.18934355296572883,0.18934355296572883,NA
bulgaria-crime-2002,genvar,5310172,172,5308,TRUE,0.212683433906706,0.2178438105041991,0.2178438105041991,NA
bulgaria-crime-2002,genvar,5310173,173,5314,TRUE,0.185777007398005,0.1902845485060224,0.19028454850602242,NA
bulgaria-crime-2002,genvar,5310174,174,5317,TRUE,0.17241070182586,0.17659393384594158,0.17659393384594158,NA
bulgaria-crime-2002,genvar,5310175,175,5314,TRUE,0.185777007398005,0.1902845485060224,0.19028454850602242,NA
bulgaria-crime-2002,genvar,5310176,176,5305,TRUE,0.228605661713943,0.23415236220252217,0.23415236220252214,NA
bulgaria-crime-2002,genvar,5310177,177,5314,TRUE,0.185777007398005,0.1902845485060224,0.19028454850602242,NA
bulgaria-crime-2002,genvar,5310179,179,5308,TRUE,0.212683433906706,0.2178438105041991,0.2178438105041991,NA
bulgaria-crime-2002,genvar,5310180,180,5302,TRUE,0.198000201534088,0.2028043162106613,0.20280431621066133,NA
bulgaria-crime-2002,genvar,5310181,181,5302,TRUE,0.198000201534088,0.2028043162106613,0.20280431621066133,NA
bulgaria-crime-2002,genvar,5310182,182,5309,TRUE,0.193596195763516,0.19829345525209385,0.19829345525209385,NA
bulgaria-crime-2002,genvar,5310183,183,5316,TRUE,0.200287248038834,0.205146853738116,0.205146853738116,NA
bulgaria-crime-2002,genvar,5310184,184,5315,TRUE,0.211003803061319,0.21612342647203145,0.21612342647203142,NA
bulgaria-crime-2002,genvar,5310185,185,5309,TRUE,0.193596195763516,0.19829345525209385,0.19829345525209385,NA
bulgaria-crime-2002,genvar,5310186,186,5303,TRUE,0.241412609581978,0.24727004736141903,0.24727004736141903,NA
bulgaria-crime-2002,genvar,5310187,187,5315,TRUE,0.211003803061319,0.21612342647203145,0.21612342647203142,NA
bulgaria-crime-2002,genvar,5310188,188,5309,TRUE,0.193596195763516,0.19829345525209385,0.19829345525209385,NA
bulgaria-crime-2002,genvar,5310189,189,5310,TRUE,0.23226025920541,0.23789563185346013,0.23789563185346013,NA
bulgaria-crime-2002,genvar,5310190,190,5309,TRUE,0.193596195763516,0.19829345525209385,0.19829345525209385,NA
bulgaria-crime-2002,genvar,5310191,191,5316,TRUE,0.200287248038834,0.205146853738116,0.205146853738116,NA
bulgaria-crime-2002,genvar,5310192,192,5314,TRUE,0.185777007398005,0.1902845485060224,0.19028454850602242,NA
bulgaria-crime-2002,genvar,5310194,194,5310,TRUE,0.23226025920541,0.23789563185346013,0.23789563185346013,NA
bulgaria-crime-2002,genvar,5310195,195,5305,TRUE,0.228605661713943,0.23415236220252217,0.23415236220252214,NA
bulgaria-crime-2002,genvar,5310196,196,5307,TRUE,0,0,0,NA
bulgaria-crime-2002,genvar,5310197,197,5310,TRUE,0.23226025920541,0.23789563185346013,0.23789563185346013,NA
bulgaria-crime-2002,genvar,5310198,198,5317,TRUE,0.17241070182586,0.17659393384594158,0.17659393384594158,NA
bulgaria-crime-2002,genvar,5310199,199,5315,TRUE,0.211003803061319,0.21612342647203145,0.21612342647203142,NA
bulgaria-crime-2002,genvar,5310200,200,5314,TRUE,0.185777007398005,0.1902845485060224,0.19028454850602242,NA
bulgaria-crime-2002,genvar,5310201,201,5305,TRUE,0.228605661713943,0.23415236220252217,0.23415236220252214,NA
bulgaria-crime-2002,genvar,5310202,202,5303,TRUE,0.241412609581978,0.24727004736141903,0.24727004736141903,NA
bulgaria-crime-2002,genvar,5310204,204,5306,TRUE,0.197771740001634,0.20257031147475377,0.20257031147475374,NA
bulgaria-crime-2002,genvar,5310205,205,5307,TRUE,0,0,0,NA
bulgaria-crime-2002,genvar,5310206,206,5311,TRUE,0.231279636764042,0.2368912163925583,0.2368912163925583,NA
bulgaria-crime-2002,genvar,5310207,207,5308,TRUE,0.212683433906706,0.2178438105041991,0.2178438105041991,NA
bulgaria-crime-2002,genvar,5310208,208,5311,TRUE,0.231279636764042,0.2368912163925583,0.2368912163925583,NA
bulgaria-crime-2002,genvar,5310210,210,5307,TRUE,0,0,0,NA
bulgaria-crime-2002,genvar,5310211,211,5305,TRUE,0.228605661713943,0.23415236220252217,0.23415236220252214,NA
bulgaria-crime-2002,genvar,5310212,212,5314,TRUE,0.185777007398005,0.1902845485060224,0.19028454850602242,NA
bulgaria-crime-2002,genvar,5310213,213,5315,TRUE,0.211003803061319,0.21612342647203145,0.21612342647203142,NA
bulgaria-crime-2002,genvar,5310214,214,5312,TRUE,0.184858302559261,0.18934355296572883,0.18934355296572883,NA
bulgaria-crime-2002,genvar,5310215,215,5315,TRUE,0.211003803061319,0.21612342647203145,0.21612342647203142,NA
bulgaria-crime-2002,genvar,5310216,216,5308,TRUE,0.212683433906706,0.2178438105041991,0.2178438105041991,NA
bulgaria-crime-2002,genvar,5310217,217,5305,TRUE,0.228605661713943,0.23415236220252217,0.23415236220252214,NA
bulgaria-crime-2002,genvar,5310218,218,5317,TRUE,0.17241070182586,0.17659393384594158,0.17659393384594158,NA
bulgaria-crime-2002,genvar,5310219,219,5308,TRUE,0.212683433906706,0.2178438105041991,0.2178438105041991,NA
bulgaria-crime-2002,genvar,5310220,220,5309,TRUE,0.193596195763516,0.19829345525209385,0.19829345525209385,NA
bulgaria-crime-2002,genvar,5310221,221,5306,TRUE,0.197771740001634,0.20257031147475377,0.20257031147475374,NA
bulgaria-crime-2002,genvar,5310222,222,5311,TRUE,0.231279636764042,0.2368912163925583,0.2368912163925583,NA
bulgaria-crime-2002,genvar,5310223,223,5317,TRUE,0.17241070182586,0.17659393384594158,0.17659393384594158,NA
bulgaria-crime-2002,genvar,5310224,224,5312,TRUE,0.184858302559261,0.18934355296572883,0.18934355296572883,NA
bulgaria-crime-2002,genvar,5310225,225,5316,TRUE,0.200287248038834,0.205146853738116,0.205146853738116,NA
bulgaria-crime-2002,genvar,5310226,226,5302,TRUE,0.198000201534088,0.2028043162106613,0.20280431621066133,NA
bulgaria-crime-2002,genvar,5310227,227,5306,TRUE,0.197771740001634,0.20257031147475377,0.20257031147475374,NA
bulgaria-crime-2002,genvar,5310228,228,5307,TRUE,0,0,0,NA
bulgaria-crime-2002,genvar,5310229,229,5303,TRUE,0.241412609581978,0.24727004736141903,0.24727004736141903,NA
bulgaria-crime-2002,genvar,5310230,230,5302,TRUE,0.198000201534088,0.2028043162106613,0.20280431621066133,NA
bulgaria-crime-2002,genvar,5310231,231,5311,TRUE,0.231279636764042,0.2368912163925583,0.2368912163925583,NA
bulgaria-crime-2002,genvar,5310234,234,5316,TRUE,0.200287248038834,0.205146853738116,0.205146853738116,NA
bulgaria-crime-2002,genvar,5310236,236,5308,TRUE,0.212683433906706,0.2178438105041991,0.2178438105041991,NA
bulgaria-crime-2002,genvar,5310238,238,5310,TRUE,0.23226025920541,0.23789563185346013,0.23789563185346013,NA
bulgaria-crime-2002,genvar,5310240,240,5302,TRUE,0.198000201534088,0.2028043162106613,0.20280431621066133,NA
bulgaria-crime-2002,genvar,5310241,241,5307,TRUE,0,0,0,NA
bulgaria-crime-2002,genvar,5310242,242,5305,TRUE,0.228605661713943,0.23415236220252217,0.23415236220252214,NA
bulgaria-crime-2002,genvar,5310243,243,5309,TRUE,0.193596195763516,0.19829345525209385,0.19829345525209385,NA
bulgaria-crime-2002,genvar,5310244,244,5311,TRUE,0.231279636764042,0.2368912163925583,0.2368912163925583,NA
bulgaria-crime-2002,genvar,5310245,245,5315,TRUE,0.211003803061319,0.21612342647203145,0.21612342647203142,NA
bulgaria-crime-2002,genvar,5310246,246,5310,TRUE,0.23226025920541,0.23789563185346013,0.23789563185346013,NA
bulgaria-crime-2002,genvar,5310247,247,5312,TRUE,0.184858302559261,0.18934355296572883,0.18934355296572883,NA
bulgaria-crime-2002,genvar,5310248,248,5317,TRUE,0.17241070182586,0.17659393384594158,0.17659393384594158,NA
bulgaria-crime-2002,genvar,5310251,251,5304,TRUE,0.218499803633535,0.22380130386096608,0.22380130386096608,NA
bulgaria-crime-2002,genvar,5310252,252,5307,TRUE,0,0,0,NA
bulgaria-crime-2002,genvar,5310253,253,5312,TRUE,0.184858302559261,0.18934355296572883,0.18934355296572883,NA
bulgaria-crime-2002,genvar,5310254,254,5306,TRUE,0.197771740001634,0.20257031147475377,0.20257031147475374,NA
bulgaria-crime-2002,genvar,5310255,255,5315,TRUE,0.211003803061319,0.21612342647203145,0.21612342647203142,NA
bulgaria-crime-2002,genvar,5310256,256,5304,TRUE,0.218499803633535,0.22380130386096608,0.22380130386096608,NA
bulgaria-crime-2002,genvar,5310257,257,5311,TRUE,0.231279636764042,0.2368912163925583,0.2368912163925583,NA
bulgaria-crime-2002,genvar,5310258,258,5308,TRUE,0.212683433906706,0.2178438105041991,0.2178438105041991,NA
bulgaria-crime-2002,genvar,5310259,259,5306,TRUE,0.197771740001634,0.20257031147475377,0.20257031147475374,NA
bulgaria-crime-2002,genvar,5310260,260,5302,TRUE,0.198000201534088,0.2028043162106613,0.20280431621066133,NA
bulgaria-crime-2002,genvar,5310261,261,5305,TRUE,0.228605661713943,0.23415236220252217,0.23415236220252214,NA
bulgaria-crime-2002,genvar,5310262,262,5316,TRUE,0.200287248038834,0.205146853738116,0.205146853738116,NA
bulgaria-crime-2002,genvar,5310263,263,5316,TRUE,0.200287248038834,0.205146853738116,0.205146853738116,NA
bulgaria-crime-2002,genvar,5310264,264,5304,TRUE,0.218499803633535,0.22380130386096608,0.22380130386096608,NA
bulgaria-crime-2002,genvar,5310265,265,5315,TRUE,0.211003803061319,0.21612342647203145,0.21612342647203142,NA
bulgaria-crime-2002,genvar,5310266,266,5312,TRUE,0.184858302559261,0.18934355296572883,0.18934355296572883,NA
bulgaria-crime-2002,genvar,5310267,267,5316,TRUE,0.200287248038834,0.205146853738116,0.205146853738116,NA
bulgaria-crime-2002,genvar,5310268,268,5306,TRUE,0.197771740001634,0.20257031147475377,0.20257031147475374,NA
bulgaria-crime-2002,genvar,5310269,269,5315,TRUE,0.211003803061319,0.21612342647203145,0.21612342647203142,NA
bulgaria-crime-2002,genvar,5310270,270,5310,TRUE,0.23226025920541,0.23789563185346013,0.23789563185346013,NA
bulgaria-crime-2002,genvar,5310271,271,5312,TRUE,0.184858302559261,0.18934355296572883,0.18934355296572883,NA
bulgaria-crime-2002,genvar,5310272,272,5311,TRUE,0.231279636764042,0.2368912163925583,0.2368912163925583,NA
bulgaria-crime-2002,genvar,5310274,274,5306,TRUE,0.197771740001634,0.20257031147475377,0.20257031147475374,NA
bulgaria-crime-2002,genvar,5310275,275,5306,TRUE,0.197771740001634,0.20257031147475377,0.20257031147475374,NA
bulgaria-crime-2002,genvar,5310276,276,5302,TRUE,0.198000201534088,0.2028043162106613,0.20280431621066133,NA
bulgaria-crime-2002,genvar,5310277,277,5316,TRUE,0.200287248038834,0.205146853738116,0.205146853738116,NA
bulgaria-crime-2002,genvar,5310278,278,5310,TRUE,0.23226025920541,0.23789563185346013,0.23789563185346013,NA
new-haven-2004,genvar,910102,2,9113,TRUE,0.126308601150158,0.16244824534086852,0.16244824534086852,NA
new-haven-2004,genvar,910127,8,9116,TRUE,0.221251906280509,0.11805434331968134,0.11805434331968134,NA
new-haven-2004,genvar,910105,24,9113,TRUE,0.126308601150158,0.16244824534086852,0.16244824534086852,NA
new-haven-2004,genvar,910044,30,9106,TRUE,0.131139382927706,0.11357003705200876,0.11357003705200876,NA
new-haven-2004,genvar,910131,39,9116,TRUE,0.221251906280509,0.11805434331968134,0.11805434331968134,NA
new-haven-2004,genvar,910104,40,9113,TRUE,0.126308601150158,0.16244824534086852,0.16244824534086852,NA
new-haven-2004,genvar,910130,53,9116,TRUE,0.221251906280509,0.11805434331968134,0.11805434331968134,NA
new-haven-2004,genvar,910132,56,9116,TRUE,0.221251906280509,0.11805434331968134,0.11805434331968134,NA
new-haven-2004,genvar,910045,61,9106,TRUE,0.131139382927706,0.11357003705200876,0.11357003705200876,NA
new-haven-2004,genvar,910046,63,9106,TRUE,0.131139382927706,0.11357003705200876,0.11357003705200876,NA
new-haven-2004,genvar,910128,73,9116,TRUE,0.221251906280509,0.11805434331968134,0.11805434331968134,NA
new-haven-2004,genvar,910106,80,9113,TRUE,0.126308601150158,0.16244824534086852,0.16244824534086852,NA
new-haven-2004,genvar,910043,103,9106,TRUE,0.131139382927706,0.11357003705200876,0.11357003705200876,NA
new-haven-2004,genvar,910129,107,9116,TRUE,0.221251906280509,0.11805434331968134,0.11805434331968134,NA
new-haven-2004,genvar,910103,113,9113,TRUE,0.126308601150158,0.16244824534086852,0.16244824534086852,NA
new-haven-2004,genvar,910101,131,9113,TRUE,0.126308601150158,0.16244824534086852,0.16244824534086852,NA
nic2-2003,genvar,920074,674,9205,TRUE,0.138097754420709,0.138097754420709,0.13809775442070898,NA
nic2-2003,genvar,920073,675,9205,TRUE,0.138097754420709,0.138097754420709,0.13809775442070898,NA
nic2-2003,genvar,920062,676,9205,TRUE,0.138097754420709,0.138097754420709,0.13809775442070898,NA
nic2-2003,genvar,920067,677,9205,TRUE,0.138097754420709,0.138097754420709,0.13809775442070898,NA
nic2-2003,genvar,920063,678,9205,TRUE,0.138097754420709,0.138097754420709,0.13809775442070898,NA
nic2-2003,genvar,920065,679,9205,TRUE,0.138097754420709,0.138097754420709,0.13809775442070898,NA
nic2-2003,genvar,920070,680,9205,TRUE,0.138097754420709,0.138097754420709,0.13809775442070898,NA
nic2-2003,genvar,920071,681,9205,TRUE,0.138097754420709,0.138097754420709,0.13809775442070898,NA
nic2-2003,genvar,920064,682,9205,TRUE,0.138097754420709,0.138097754420709,0.13809775442070898,NA
nic2-2003,genvar,920069,683,9205,TRUE,0.138097754420709,0.138097754420709,0.13809775442070898,NA
nic2-2003,genvar,920075,684,9205,TRUE,0.138097754420709,0.138097754420709,0.13809775442070898,NA
nic2-2003,genvar,920072,685,9205,TRUE,0.138097754420709,0.138097754420709,0.13809775442070898,NA
nic2-2003,genvar,920066,686,9205,TRUE,0.138097754420709,0.138097754420709,0.13809775442070898,NA
nic2-2003,genvar,920068,687,9205,TRUE,0.138097754420709,0.138097754420709,0.13809775442070898,NA
nic2-2003,genvar,920114,717,9208,TRUE,0.13194660657434,0.13194660657434,0.1319466065743401,NA
nic2-2003,genvar,920115,718,9208,TRUE,0.13194660657434,0.13194660657434,0.1319466065743401,NA
nic2-2003,genvar,920106,719,9208,TRUE,0.13194660657434,0.13194660657434,0.1319466065743401,NA
nic2-2003,genvar,920116,720,9208,TRUE,0.13194660657434,0.13194660657434,0.1319466065743401,NA
nic2-2003,genvar,920105,721,9208,TRUE,0.13194660657434,0.13194660657434,0.1319466065743401,NA
nic2-2003,genvar,920109,722,9208,TRUE,0.13194660657434,0.13194660657434,0.1319466065743401,NA
nic2-2003,genvar,920112,723,9208,TRUE,0.13194660657434,0.13194660657434,0.1319466065743401,NA
nic2-2003,genvar,920107,724,9208,TRUE,0.13194660657434,0.13194660657434,0.1319466065743401,NA
nic2-2003,genvar,920117,725,9208,TRUE,0.13194660657434,0.13194660657434,0.1319466065743401,NA
nic2-2003,genvar,920108,726,9208,TRUE,0.13194660657434,0.13194660657434,0.1319466065743401,NA
nic2-2003,genvar,920110,727,9208,TRUE,0.13194660657434,0.13194660657434,0.1319466065743401,NA
nic2-2003,genvar,920111,728,9208,TRUE,0.13194660657434,0.13194660657434,0.1319466065743401,NA
nic2-2003,genvar,920113,729,9208,TRUE,0.13194660657434,0.13194660657434,0.1319466065743401,NA
nic2-2003,genvar,920144,744,9210,TRUE,0.126228991110741,0.126228991110741,0.12622899111074062,NA
nic2-2003,genvar,920140,745,9210,TRUE,0.126228991110741,0.126228991110741,0.12622899111074062,NA
nic2-2003,genvar,920145,746,9210,TRUE,0.126228991110741,0.126228991110741,0.12622899111074062,NA
nic2-2003,genvar,920135,747,9210,TRUE,0.126228991110741,0.126228991110741,0.12622899111074062,NA
nic2-2003,genvar,920132,748,9210,TRUE,0.126228991110741,0.126228991110741,0.12622899111074062,NA
nic2-2003,genvar,920136,749,9210,TRUE,0.126228991110741,0.126228991110741,0.12622899111074062,NA
nic2-2003,genvar,920139,750,9210,TRUE,0.126228991110741,0.126228991110741,0.12622899111074062,NA
nic2-2003,genvar,920143,751,9210,TRUE,0.126228991110741,0.126228991110741,0.12622899111074062,NA
nic2-2003,genvar,920137,752,9210,TRUE,0.126228991110741,0.126228991110741,0.12622899111074062,NA
nic2-2003,genvar,920142,753,9210,TRUE,0.126228991110741,0.126228991110741,0.12622899111074062,NA
nic2-2003,genvar,920138,754,9210,TRUE,0.126228991110741,0.126228991110741,0.12622899111074062,NA
nic2-2003,genvar,920141,755,9210,TRUE,0.126228991110741,0.126228991110741,0.12622899111074062,NA
nic2-2003,genvar,920133,756,9210,TRUE,0.126228991110741,0.126228991110741,0.12622899111074062,NA
nic2-2003,genvar,920134,757,9210,TRUE,0.126228991110741,0.126228991110741,0.12622899111074062,NA
nic2-2003,genvar,920150,758,9211,TRUE,0.137459706329081,0.137459706329081,0.137459706329081,NA
nic2-2003,genvar,920147,759,9211,TRUE,0.137459706329081,0.137459706329081,0.137459706329081,NA
nic2-2003,genvar,920158,760,9211,TRUE,0.137459706329081,0.137459706329081,0.137459706329081,NA
nic2-2003,genvar,920153,761,9211,TRUE,0.137459706329081,0.137459706329081,0.137459706329081,NA
nic2-2003,genvar,920156,762,9211,TRUE,0.137459706329081,0.137459706329081,0.137459706329081,NA
nic2-2003,genvar,920159,763,9211,TRUE,0.137459706329081,0.137459706329081,0.137459706329081,NA
nic2-2003,genvar,920148,764,9211,TRUE,0.137459706329081,0.137459706329081,0.137459706329081,NA
nic2-2003,genvar,920157,765,9211,TRUE,0.137459706329081,0.137459706329081,0.137459706329081,NA
nic2-2003,genvar,920151,766,9211,TRUE,0.137459706329081,0.137459706329081,0.137459706329081,NA
nic2-2003,genvar,920154,767,9211,TRUE,0.137459706329081,0.137459706329081,0.137459706329081,NA
nic2-2003,genvar,920149,768,9211,TRUE,0.137459706329081,0.137459706329081,0.137459706329081,NA
nic2-2003,genvar,920155,769,9211,TRUE,0.137459706329081,0.137459706329081,0.137459706329081,NA
nic2-2003,genvar,920152,770,9211,TRUE,0.137459706329081,0.137459706329081,0.137459706329081,NA
nic2-2003,genvar,920146,771,9211,TRUE,0.137459706329081,0.137459706329081,0.137459706329081,NA
nic2-2003,genvar,920191,801,9214,TRUE,0.141922999821081,0.141922999821081,0.14192299982108117,NA
nic2-2003,genvar,920190,802,9214,TRUE,0.141922999821081,0.141922999821081,0.14192299982108117,NA
nic2-2003,genvar,920192,803,9214,TRUE,0.141922999821081,0.141922999821081,0.14192299982108117,NA
nic2-2003,genvar,920197,804,9214,TRUE,0.141922999821081,0.141922999821081,0.14192299982108117,NA
nic2-2003,genvar,920193,805,9214,TRUE,0.141922999821081,0.141922999821081,0.14192299982108117,NA
nic2-2003,genvar,920198,806,9214,TRUE,0.141922999821081,0.141922999821081,0.14192299982108117,NA
nic2-2003,genvar,920196,807,9214,TRUE,0.141922999821081,0.141922999821081,0.14192299982108117,NA
nic2-2003,genvar,920200,808,9214,TRUE,0.141922999821081,0.141922999821081,0.14192299982108117,NA
nic2-2003,genvar,920199,809,9214,TRUE,0.141922999821081,0.141922999821081,0.14192299982108117,NA
nic2-2003,genvar,920203,810,9214,TRUE,0.141922999821081,0.141922999821081,0.14192299982108117,NA
nic2-2003,genvar,920194,811,9214,TRUE,0.141922999821081,0.141922999821081,0.14192299982108117,NA
nic2-2003,genvar,920189,812,9214,TRUE,0.141922999821081,0.141922999821081,0.14192299982108117,NA
nic2-2003,genvar,920202,813,9214,TRUE,0.141922999821081,0.141922999821081,0.14192299982108117,NA
nic2-2003,genvar,920195,814,9214,TRUE,0.141922999821081,0.141922999821081,0.14192299982108117,NA
nic2-2003,genvar,920201,815,9214,TRUE,0.141922999821081,0.141922999821081,0.14192299982108117,NA
nic2-2003,genvar,920254,857,9218,TRUE,0.140246862127352,0.140246862127352,0.1402468621273518,NA
nic2-2003,genvar,920245,858,9218,TRUE,0.140246862127352,0.140246862127352,0.1402468621273518,NA
nic2-2003,genvar,920253,859,9218,TRUE,0.140246862127352,0.140246862127352,0.1402468621273518,NA
nic2-2003,genvar,920251,860,9218,TRUE,0.140246862127352,0.140246862127352,0.1402468621273518,NA
nic2-2003,genvar,920246,861,9218,TRUE,0.140246862127352,0.140246862127352,0.1402468621273518,NA
nic2-2003,genvar,920250,862,9218,TRUE,0.140246862127352,0.140246862127352,0.1402468621273518,NA
nic2-2003,genvar,920257,863,9218,TRUE,0.140246862127352,0.140246862127352,0.1402468621273518,NA
nic2-2003,genvar,920255,864,9218,TRUE,0.140246862127352,0.140246862127352,0.1402468621273518,NA
nic2-2003,genvar,920248,865,9218,TRUE,0.140246862127352,0.140246862127352,0.1402468621273518,NA
nic2-2003,genvar,920249,866,9218,TRUE,0.140246862127352,0.140246862127352,0.1402468621273518,NA
nic2-2003,genvar,920256,867,9218,TRUE,0.140246862127352,0.140246862127352,0.1402468621273518,NA
nic2-2003,genvar,920252,868,9218,TRUE,0.140246862127352,0.140246862127352,0.1402468621273518,NA
nic2-2003,genvar,920247,869,9218,TRUE,0.140246862127352,0.140246862127352,0.1402468621273518,NA
nic2-2003,genvar,920339,941,9224,TRUE,0.121297517506794,0.121297517506794,0.12129751750679357,NA
nic2-2003,genvar,920338,942,9224,TRUE,0.121297517506794,0.121297517506794,0.12129751750679357,NA
nic2-2003,genvar,920329,943,9224,TRUE,0.121297517506794,0.121297517506794,0.12129751750679357,NA
nic2-2003,genvar,920332,944,9224,TRUE,0.121297517506794,0.121297517506794,0.12129751750679357,NA
nic2-2003,genvar,920340,945,9224,TRUE,0.121297517506794,0.121297517506794,0.12129751750679357,NA
nic2-2003,genvar,920333,946,9224,TRUE,0.121297517506794,0.121297517506794,0.12129751750679357,NA
nic2-2003,genvar,920337,947,9224,TRUE,0.121297517506794,0.121297517506794,0.12129751750679357,NA
nic2-2003,genvar,920331,948,9224,TRUE,0.121297517506794,0.121297517506794,0.12129751750679357,NA
nic2-2003,genvar,920335,949,9224,TRUE,0.121297517506794,0.121297517506794,0.12129751750679357,NA
nic2-2003,genvar,920330,950,9224,TRUE,0.121297517506794,0.121297517506794,0.12129751750679357,NA
nic2-2003,genvar,920336,951,9224,TRUE,0.121297517506794,0.121297517506794,0.12129751750679357,NA
nic2-2003,genvar,920334,952,9224,TRUE,0.121297517506794,0.121297517506794,0.12129751750679357,NA
btp-national-2003,genvar,930015,15,9302,TRUE,0.148918915517611,0.16154702361126574,0.16154702361126574,NA
btp-national-2003,genvar,930016,16,9302,TRUE,0.148918915517611,0.16154702361126574,0.16154702361126574,NA
btp-national-2003,genvar,930017,17,9302,TRUE,0.148918915517611,0.16154702361126574,0.16154702361126574,NA
btp-national-2003,genvar,930018,18,9302,TRUE,0.148918915517611,0.16154702361126574,0.16154702361126574,NA
btp-national-2003,genvar,930019,19,9302,TRUE,0.148918915517611,0.16154702361126574,0.16154702361126574,NA
btp-national-2003,genvar,930020,20,9302,TRUE,0.148918915517611,0.16154702361126574,0.16154702361126574,NA
btp-national-2003,genvar,930021,21,9302,TRUE,0.148918915517611,0.16154702361126574,0.16154702361126574,NA
btp-national-2003,genvar,930022,22,9302,TRUE,0.148918915517611,0.16154702361126574,0.16154702361126574,NA
btp-national-2003,genvar,930023,23,9302,TRUE,0.148918915517611,0.16154702361126574,0.16154702361126574,NA
btp-national-2003,genvar,930024,24,9302,TRUE,0.148918915517611,0.16154702361126574,0.16154702361126574,NA
btp-national-2003,genvar,930042,42,9304,TRUE,0.143881346334522,0.15653591882641302,0.15653591882641302,NA
btp-national-2003,genvar,930043,43,9304,TRUE,0.143881346334522,0.15653591882641302,0.15653591882641302,NA
btp-national-2003,genvar,930044,44,9304,TRUE,0.143881346334522,0.15653591882641302,0.15653591882641302,NA
btp-national-2003,genvar,930045,45,9304,TRUE,0.143881346334522,0.15653591882641302,0.15653591882641302,NA
btp-national-2003,genvar,930046,46,9304,TRUE,0.143881346334522,0.15653591882641302,0.15653591882641302,NA
btp-national-2003,genvar,930047,47,9304,TRUE,0.143881346334522,0.15653591882641302,0.15653591882641302,NA
btp-national-2003,genvar,930048,48,9304,TRUE,0.143881346334522,0.15653591882641302,0.15653591882641302,NA
btp-national-2003,genvar,930049,49,9304,TRUE,0.143881346334522,0.15653591882641302,0.15653591882641302,NA
btp-national-2003,genvar,930050,50,9304,TRUE,0.143881346334522,0.15653591882641302,0.15653591882641302,NA
btp-national-2003,genvar,930051,51,9304,TRUE,0.143881346334522,0.15653591882641302,0.15653591882641302,NA
btp-national-2003,genvar,930052,52,9304,TRUE,0.143881346334522,0.15653591882641302,0.15653591882641302,NA
btp-national-2003,genvar,930053,53,9305,TRUE,0.118538412676285,0.12644167996359806,0.12644167996359806,NA
btp-national-2003,genvar,930054,54,9305,TRUE,0.118538412676285,0.12644167996359806,0.12644167996359806,NA
btp-national-2003,genvar,930055,55,9305,TRUE,0.118538412676285,0.12644167996359806,0.12644167996359806,NA
btp-national-2003,genvar,930056,56,9305,TRUE,0.118538412676285,0.12644167996359806,0.12644167996359806,NA
btp-national-2003,genvar,930057,57,9305,TRUE,0.118538412676285,0.12644167996359806,0.12644167996359806,NA
btp-national-2003,genvar,930058,58,9305,TRUE,0.118538412676285,0.12644167996359806,0.12644167996359806,NA
btp-national-2003,genvar,930059,59,9305,TRUE,0.118538412676285,0.12644167996359806,0.12644167996359806,NA
btp-national-2003,genvar,930060,60,9305,TRUE,0.118538412676285,0.12644167996359806,0.12644167996359806,NA
btp-national-2003,genvar,930061,61,9305,TRUE,0.118538412676285,0.12644167996359806,0.12644167996359806,NA
btp-national-2003,genvar,930062,62,9305,TRUE,0.118538412676285,0.12644167996359806,0.12644167996359806,NA
btp-national-2003,genvar,930063,63,9305,TRUE,0.118538412676285,0.12644167996359806,0.12644167996359806,NA
btp-national-2003,genvar,930064,64,9305,TRUE,0.118538412676285,0.12644167996359806,0.12644167996359806,NA
btp-national-2003,genvar,930065,65,9306,TRUE,0.151793143957667,0.16106884739703606,0.16106884739703606,NA
btp-national-2003,genvar,930066,66,9306,TRUE,0.151793143957667,0.16106884739703606,0.16106884739703606,NA
btp-national-2003,genvar,930067,67,9306,TRUE,0.151793143957667,0.16106884739703606,0.16106884739703606,NA
btp-national-2003,genvar,930068,68,9306,TRUE,0.151793143957667,0.16106884739703606,0.16106884739703606,NA
btp-national-2003,genvar,930069,69,9306,TRUE,0.151793143957667,0.16106884739703606,0.16106884739703606,NA
btp-national-2003,genvar,930070,70,9306,TRUE,0.151793143957667,0.16106884739703606,0.16106884739703606,NA
btp-national-2003,genvar,930071,71,9306,TRUE,0.151793143957667,0.16106884739703606,0.16106884739703606,NA
btp-national-2003,genvar,930072,72,9306,TRUE,0.151793143957667,0.16106884739703606,0.16106884739703606,NA
btp-national-2003,genvar,930073,73,9306,TRUE,0.151793143957667,0.16106884739703606,0.16106884739703606,NA
btp-national-2003,genvar,930074,74,9306,TRUE,0.151793143957667,0.16106884739703606,0.16106884739703606,NA
btp-national-2003,genvar,930075,75,9306,TRUE,0.151793143957667,0.16106884739703606,0.16106884739703606,NA
btp-national-2003,genvar,930076,76,9306,TRUE,0.151793143957667,0.16106884739703606,0.16106884739703606,NA
btp-national-2003,genvar,930077,77,9306,TRUE,0.151793143957667,0.16106884739703606,0.16106884739703606,NA
btp-national-2003,genvar,930078,78,9306,TRUE,0.151793143957667,0.16106884739703606,0.16106884739703606,NA
btp-national-2003,genvar,930079,79,9306,TRUE,0.151793143957667,0.16106884739703606,0.16106884739703606,NA
btp-national-2003,genvar,930080,80,9306,TRUE,0.151793143957667,0.16106884739703606,0.16106884739703606,NA
btp-national-2003,genvar,930081,81,9306,TRUE,0.151793143957667,0.16106884739703606,0.16106884739703606,NA
btp-national-2003,genvar,930114,114,9309,TRUE,0.122651763341621,0.1353209892893016,0.1353209892893016,NA
btp-national-2003,genvar,930115,115,9309,TRUE,0.122651763341621,0.1353209892893016,0.1353209892893016,NA
btp-national-2003,genvar,930116,116,9309,TRUE,0.122651763341621,0.1353209892893016,0.1353209892893016,NA
btp-national-2003,genvar,930117,117,9309,TRUE,0.122651763341621,0.1353209892893016,0.1353209892893016,NA
btp-national-2003,genvar,930118,118,9309,TRUE,0.122651763341621,0.1353209892893016,0.1353209892893016,NA
btp-national-2003,genvar,930119,119,9309,TRUE,0.122651763341621,0.1353209892893016,0.1353209892893016,NA
btp-national-2003,genvar,930120,120,9309,TRUE,0.122651763341621,0.1353209892893016,0.1353209892893016,NA
btp-national-2003,genvar,930121,121,9309,TRUE,0.122651763341621,0.1353209892893016,0.1353209892893016,NA
btp-national-2003,genvar,930122,122,9309,TRUE,0.122651763341621,0.1353209892893016,0.1353209892893016,NA
btp-national-2003,genvar,930123,123,9309,TRUE,0.122651763341621,0.1353209892893016,0.1353209892893016,NA
btp-national-2003,genvar,930124,124,9309,TRUE,0.122651763341621,0.1353209892893016,0.1353209892893016,NA
btp-national-2003,genvar,930125,125,9309,TRUE,0.122651763341621,0.1353209892893016,0.1353209892893016,NA
btp-national-2003,genvar,930144,144,9311,TRUE,0.157839570971294,0.1689276388507917,0.1689276388507917,NA
btp-national-2003,genvar,930145,145,9311,TRUE,0.157839570971294,0.1689276388507917,0.1689276388507917,NA
btp-national-2003,genvar,930146,146,9311,TRUE,0.157839570971294,0.1689276388507917,0.1689276388507917,NA
btp-national-2003,genvar,930147,147,9311,TRUE,0.157839570971294,0.1689276388507917,0.1689276388507917,NA
btp-national-2003,genvar,930148,148,9311,TRUE,0.157839570971294,0.1689276388507917,0.1689276388507917,NA
btp-national-2003,genvar,930149,149,9311,TRUE,0.157839570971294,0.1689276388507917,0.1689276388507917,NA
btp-national-2003,genvar,930150,150,9311,TRUE,0.157839570971294,0.1689276388507917,0.1689276388507917,NA
btp-national-2003,genvar,930151,151,9311,TRUE,0.157839570971294,0.1689276388507917,0.1689276388507917,NA
btp-national-2003,genvar,930152,152,9311,TRUE,0.157839570971294,0.1689276388507917,0.1689276388507917,NA
btp-national-2003,genvar,930153,153,9311,TRUE,0.157839570971294,0.1689276388507917,0.1689276388507917,NA
btp-national-2003,genvar,930154,154,9311,TRUE,0.157839570971294,0.1689276388507917,0.1689276388507917,NA
btp-national-2003,genvar,930155,155,9311,TRUE,0.157839570971294,0.1689276388507917,0.1689276388507917,NA
btp-national-2003,genvar,930156,156,9311,TRUE,0.157839570971294,0.1689276388507917,0.1689276388507917,NA
btp-national-2003,genvar,930157,157,9311,TRUE,0.157839570971294,0.1689276388507917,0.1689276388507917,NA
btp-national-2003,genvar,930158,158,9311,TRUE,0.157839570971294,0.1689276388507917,0.1689276388507917,NA
btp-national-2003,genvar,930159,159,9311,TRUE,0.157839570971294,0.1689276388507917,0.1689276388507917,NA
btp-national-2003,genvar,930160,160,9311,TRUE,0.157839570971294,0.1689276388507917,0.1689276388507917,NA
btp-national-2003,genvar,930161,161,9311,TRUE,0.157839570971294,0.1689276388507917,0.1689276388507917,NA
btp-national-2003,genvar,930162,162,9311,TRUE,0.157839570971294,0.1689276388507917,0.1689276388507917,NA
btp-national-2003,genvar,930163,163,9311,TRUE,0.157839570971294,0.1689276388507917,0.1689276388507917,NA
btp-national-2003,genvar,930164,164,9311,TRUE,0.157839570971294,0.1689276388507917,0.1689276388507917,NA
btp-national-2003,genvar,930188,188,9313,TRUE,0.146405557388488,0.15846004762344496,0.15846004762344496,NA
btp-national-2003,genvar,930189,189,9313,TRUE,0.146405557388488,0.15846004762344496,0.15846004762344496,NA
btp-national-2003,genvar,930190,190,9313,TRUE,0.146405557388488,0.15846004762344496,0.15846004762344496,NA
btp-national-2003,genvar,930191,191,9313,TRUE,0.146405557388488,0.15846004762344496,0.15846004762344496,NA
btp-national-2003,genvar,930192,192,9313,TRUE,0.146405557388488,0.15846004762344496,0.15846004762344496,NA
btp-national-2003,genvar,930193,193,9313,TRUE,0.146405557388488,0.15846004762344496,0.15846004762344496,NA
btp-national-2003,genvar,930194,194,9313,TRUE,0.146405557388488,0.15846004762344496,0.15846004762344496,NA
btp-national-2003,genvar,930195,195,9313,TRUE,0.146405557388488,0.15846004762344496,0.15846004762344496,NA
btp-national-2003,genvar,930196,196,9313,TRUE,0.146405557388488,0.15846004762344496,0.15846004762344496,NA
btp-national-2003,genvar,930197,197,9313,TRUE,0.146405557388488,0.15846004762344496,0.15846004762344496,NA
btp-national-2003,genvar,930198,198,9313,TRUE,0.146405557388488,0.15846004762344496,0.15846004762344496,NA
btp-national-2003,genvar,930199,199,9313,TRUE,0.146405557388488,0.15846004762344496,0.15846004762344496,NA
btp-national-2003,genvar,930200,200,9313,TRUE,0.146405557388488,0.15846004762344496,0.15846004762344496,NA
btp-national-2003,genvar,930201,201,9313,TRUE,0.146405557388488,0.15846004762344496,0.15846004762344496,NA
btp-national-2003,genvar,930202,202,9313,TRUE,0.146405557388488,0.15846004762344496,0.15846004762344496,NA
btp-national-2003,genvar,930203,203,9313,TRUE,0.146405557388488,0.15846004762344496,0.15846004762344496,NA
btp-national-2003,genvar,930204,204,9313,TRUE,0.146405557388488,0.15846004762344496,0.15846004762344496,NA
btp-national-2003,genvar,930205,205,9313,TRUE,0.146405557388488,0.15846004762344496,0.15846004762344496,NA
btp-national-2003,genvar,930206,206,9313,TRUE,0.146405557388488,0.15846004762344496,0.15846004762344496,NA
btp-national-2003,genvar,930207,207,9313,TRUE,0.146405557388488,0.15846004762344496,0.15846004762344496,NA
btp-national-2003,genvar,930208,208,9313,TRUE,0.146405557388488,0.15846004762344496,0.15846004762344496,NA
btp-national-2003,genvar,930209,209,9314,TRUE,0.137040599436523,0.15320690932330622,0.15320690932330622,NA
btp-national-2003,genvar,930210,210,9314,TRUE,0.137040599436523,0.15320690932330622,0.15320690932330622,NA
btp-national-2003,genvar,930211,211,9314,TRUE,0.137040599436523,0.15320690932330622,0.15320690932330622,NA
btp-national-2003,genvar,930212,212,9314,TRUE,0.137040599436523,0.15320690932330622,0.15320690932330622,NA
btp-national-2003,genvar,930213,213,9314,TRUE,0.137040599436523,0.15320690932330622,0.15320690932330622,NA
btp-national-2003,genvar,930214,214,9314,TRUE,0.137040599436523,0.15320690932330622,0.15320690932330622,NA
btp-national-2003,genvar,930215,215,9314,TRUE,0.137040599436523,0.15320690932330622,0.15320690932330622,NA
btp-national-2003,genvar,930216,216,9314,TRUE,0.137040599436523,0.15320690932330622,0.15320690932330622,NA
btp-national-2003,genvar,930217,217,9314,TRUE,0.137040599436523,0.15320690932330622,0.15320690932330622,NA
btp-national-2003,genvar,930218,218,9314,TRUE,0.137040599436523,0.15320690932330622,0.15320690932330622,NA
btp-national-2003,genvar,930219,219,9314,TRUE,0.137040599436523,0.15320690932330622,0.15320690932330622,NA
btp-national-2003,genvar,930220,220,9314,TRUE,0.137040599436523,0.15320690932330622,0.15320690932330622,NA
btp-national-2003,genvar,930221,221,9314,TRUE,0.137040599436523,0.15320690932330622,0.15320690932330622,NA
btp-national-2003,genvar,930222,222,9314,TRUE,0.137040599436523,0.15320690932330622,0.15320690932330622,NA
btp-national-2003,genvar,930223,223,9314,TRUE,0.137040599436523,0.15320690932330622,0.15320690932330622,NA
btp-national-2003,genvar,930224,224,9314,TRUE,0.137040599436523,0.15320690932330622,0.15320690932330622,NA
btp-national-2003,genvar,930225,225,9314,TRUE,0.137040599436523,0.15320690932330622,0.15320690932330622,NA
btp-national-2003,genvar,930226,226,9314,TRUE,0.137040599436523,0.15320690932330622,0.15320690932330622,NA
btp-national-2003,genvar,930227,227,9314,TRUE,0.137040599436523,0.15320690932330622,0.15320690932330622,NA
btp-national-2003,genvar,930228,228,9314,TRUE,0.137040599436523,0.15320690932330622,0.15320690932330622,NA
btp-national-2003,genvar,930229,229,9315,TRUE,0.15266153725905,0.1651535764988081,0.1651535764988081,NA
btp-national-2003,genvar,930230,230,9315,TRUE,0.15266153725905,0.1651535764988081,0.1651535764988081,NA
btp-national-2003,genvar,930231,231,9315,TRUE,0.15266153725905,0.1651535764988081,0.1651535764988081,NA
btp-national-2003,genvar,930232,232,9315,TRUE,0.15266153725905,0.1651535764988081,0.1651535764988081,NA
btp-national-2003,genvar,930233,233,9315,TRUE,0.15266153725905,0.1651535764988081,0.1651535764988081,NA
btp-national-2003,genvar,930234,234,9315,TRUE,0.15266153725905,0.1651535764988081,0.1651535764988081,NA
btp-national-2003,genvar,930235,235,9315,TRUE,0.15266153725905,0.1651535764988081,0.1651535764988081,NA
btp-national-2003,genvar,930236,236,9315,TRUE,0.15266153725905,0.1651535764988081,0.1651535764988081,NA
btp-national-2003,genvar,930237,237,9315,TRUE,0.15266153725905,0.1651535764988081,0.1651535764988081,NA
btp-national-2003,genvar,930238,238,9315,TRUE,0.15266153725905,0.1651535764988081,0.1651535764988081,NA
btp-national-2003,genvar,930239,239,9315,TRUE,0.15266153725905,0.1651535764988081,0.1651535764988081,NA
btp-national-2003,genvar,930240,240,9315,TRUE,0.15266153725905,0.1651535764988081,0.1651535764988081,NA
btp-national-2003,genvar,930241,241,9315,TRUE,0.15266153725905,0.1651535764988081,0.1651535764988081,NA
btp-national-2003,genvar,930242,242,9315,TRUE,0.15266153725905,0.1651535764988081,0.1651535764988081,NA
btp-national-2003,genvar,930243,243,9315,TRUE,0.15266153725905,0.1651535764988081,0.1651535764988081,NA
btp-national-2003,genvar,930244,244,9315,TRUE,0.15266153725905,0.1651535764988081,0.1651535764988081,NA
btp-national-2003,genvar,930245,245,9315,TRUE,0.15266153725905,0.1651535764988081,0.1651535764988081,NA
btp-general-election-2004,genvar,940173,173,9408,TRUE,0.185316833703923,0.185316833703923,0.18531683370392302,NA
btp-general-election-2004,genvar,940176,176,9408,TRUE,0.185316833703923,0.185316833703923,0.18531683370392302,NA
btp-general-election-2004,genvar,940177,177,9408,TRUE,0.185316833703923,0.185316833703923,0.18531683370392302,NA
btp-general-election-2004,genvar,940178,178,9408,TRUE,0.185316833703923,0.185316833703923,0.18531683370392302,NA
btp-general-election-2004,genvar,940180,180,9408,TRUE,0.185316833703923,0.185316833703923,0.18531683370392302,NA
btp-general-election-2004,genvar,940244,244,9412,TRUE,0.244909935778964,0.244909935778964,0.24490993577896403,NA
btp-general-election-2004,genvar,940245,245,9412,TRUE,0.244909935778964,0.244909935778964,0.24490993577896403,NA
btp-general-election-2004,genvar,940246,246,9412,FALSE,NA,NA,0.24490993577896403,NA
btp-general-election-2004,genvar,940249,249,9412,TRUE,0.244909935778964,0.244909935778964,0.24490993577896403,NA
btp-general-election-2004,genvar,940250,250,9412,TRUE,0.244909935778964,0.244909935778964,0.24490993577896403,NA
btp-general-election-2004,genvar,940251,251,9412,TRUE,0.244909935778964,0.244909935778964,0.24490993577896403,NA
btp-general-election-2004,genvar,940253,253,9412,TRUE,0.244909935778964,0.244909935778964,0.24490993577896403,NA
btp-general-election-2004,genvar,940254,254,9412,TRUE,0.244909935778964,0.244909935778964,0.24490993577896403,NA
btp-general-election-2004,genvar,940255,255,9412,TRUE,0.244909935778964,0.244909935778964,0.24490993577896403,NA
btp-general-election-2004,genvar,940257,257,9413,TRUE,0.189285829606,0.189285829606,0.1892858296059996,NA
btp-general-election-2004,genvar,940258,258,9413,TRUE,0.189285829606,0.189285829606,0.1892858296059996,NA
btp-general-election-2004,genvar,940259,259,9413,TRUE,0.189285829606,0.189285829606,0.1892858296059996,NA
btp-general-election-2004,genvar,940260,260,9413,TRUE,0.189285829606,0.189285829606,0.1892858296059996,NA
btp-general-election-2004,genvar,940261,261,9413,TRUE,0.189285829606,0.189285829606,0.1892858296059996,NA
btp-general-election-2004,genvar,940262,262,9413,TRUE,0.189285829606,0.189285829606,0.1892858296059996,NA
btp-general-election-2004,genvar,940263,263,9413,TRUE,0.189285829606,0.189285829606,0.1892858296059996,NA
san-mateo-2008,genvar,960164,1568,9621,TRUE,0.0162896164128089,0.0162896164128089,0.01417861633831973,NA
san-mateo-2008,genvar,960010,1570,9605,TRUE,0.201726891076851,0.201726891076851,0.20172689107685127,NA
san-mateo-2008,genvar,960098,1578,9601,TRUE,0.014864446815595,0.014864446815595,0.018328729183213908,NA
san-mateo-2008,genvar,960060,1580,9623,TRUE,0.11384438685999,0.11384438685999,0.11384438685999117,NA
san-mateo-2008,genvar,960230,1581,9625,TRUE,0.258678076603225,0.258678076603225,0.2586780766032246,NA
san-mateo-2008,genvar,960064,1582,9601,TRUE,0.014864446815595,0.014864446815595,0.018328729183213908,NA
san-mateo-2008,genvar,960082,1589,9609,TRUE,0.23312443404754,0.23312443404754,0.23312443404753974,NA
san-mateo-2008,genvar,960062,1590,9624,TRUE,0.177289066732467,0.177289066732467,0.17728906673246675,NA
san-mateo-2008,genvar,960002,1593,9623,TRUE,0.11384438685999,0.11384438685999,0.11384438685999117,NA
san-mateo-2008,genvar,960233,1597,9601,TRUE,0.014864446815595,0.014864446815595,0.018328729183213908,NA
san-mateo-2008,genvar,960103,1602,9609,TRUE,0.23312443404754,0.23312443404754,0.23312443404753974,NA
san-mateo-2008,genvar,960158,1604,9611,TRUE,0.17705322341082,0.17705322341082,0.17705322341082003,NA
san-mateo-2008,genvar,960166,1606,9624,TRUE,0.177289066732467,0.177289066732467,0.17728906673246675,NA
san-mateo-2008,genvar,960117,1607,9625,TRUE,0.258678076603225,0.258678076603225,0.2586780766032246,NA
san-mateo-2008,genvar,960111,1611,9611,TRUE,0.17705322341082,0.17705322341082,0.17705322341082003,NA
san-mateo-2008,genvar,960089,1612,9624,TRUE,0.177289066732467,0.177289066732467,0.17728906673246675,NA
san-mateo-2008,genvar,960014,1614,9619,TRUE,0.151327624469969,0.151327624469969,0.15132762446996892,NA
san-mateo-2008,genvar,960079,1615,9625,TRUE,0.258678076603225,0.258678076603225,0.2586780766032246,NA
san-mateo-2008,genvar,960009,1616,9624,TRUE,0.177289066732467,0.177289066732467,0.17728906673246675,NA
san-mateo-2008,genvar,960205,1619,9623,TRUE,0.11384438685999,0.11384438685999,0.11384438685999117,NA
san-mateo-2008,genvar,960055,1622,9601,TRUE,0.014864446815595,0.014864446815595,0.018328729183213908,NA
san-mateo-2008,genvar,960024,1628,9609,TRUE,0.23312443404754,0.23312443404754,0.23312443404753974,NA
san-mateo-2008,genvar,960200,1634,9611,TRUE,0.17705322341082,0.17705322341082,0.17705322341082003,NA
san-mateo-2008,genvar,960218,1638,9619,TRUE,0.151327624469969,0.151327624469969,0.15132762446996892,NA
san-mateo-2008,genvar,960050,1639,9625,TRUE,0.258678076603225,0.258678076603225,0.2586780766032246,NA
san-mateo-2008,genvar,960228,1644,9611,TRUE,0.17705322341082,0.17705322341082,0.17705322341082003,NA
san-mateo-2008,genvar,960047,1645,9605,TRUE,0.201726891076851,0.201726891076851,0.20172689107685127,NA
san-mateo-2008,genvar,960167,1646,9605,TRUE,0.201726891076851,0.201726891076851,0.20172689107685127,NA
san-mateo-2008,genvar,960189,1648,9611,TRUE,0.17705322341082,0.17705322341082,0.17705322341082003,NA
san-mateo-2008,genvar,960127,1656,9605,TRUE,0.201726891076851,0.201726891076851,0.20172689107685127,NA
san-mateo-2008,genvar,960007,1662,9611,TRUE,0.17705322341082,0.17705322341082,0.17705322341082003,NA
san-mateo-2008,genvar,960108,1667,9611,TRUE,0.17705322341082,0.17705322341082,0.17705322341082003,NA
san-mateo-2008,genvar,960120,1668,9624,TRUE,0.177289066732467,0.177289066732467,0.17728906673246675,NA
san-mateo-2008,genvar,960180,1670,9605,TRUE,0.201726891076851,0.201726891076851,0.20172689107685127,NA
san-mateo-2008,genvar,960027,1673,9621,TRUE,0.0162896164128089,0.0162896164128089,0.01417861633831973,NA
san-mateo-2008,genvar,960197,1674,9625,TRUE,0.258678076603225,0.258678076603225,0.2586780766032246,NA
san-mateo-2008,genvar,960235,1676,9611,TRUE,0.17705322341082,0.17705322341082,0.17705322341082003,NA
san-mateo-2008,genvar,960041,1680,9609,TRUE,0.23312443404754,0.23312443404754,0.23312443404753974,NA
san-mateo-2008,genvar,960138,1683,9619,TRUE,0.151327624469969,0.151327624469969,0.15132762446996892,NA
san-mateo-2008,genvar,960139,1684,9601,TRUE,0.014864446815595,0.014864446815595,0.018328729183213908,NA
san-mateo-2008,genvar,960028,1687,9623,TRUE,0.11384438685999,0.11384438685999,0.11384438685999117,NA
san-mateo-2008,genvar,960087,1694,9624,TRUE,0.177289066732467,0.177289066732467,0.17728906673246675,NA
san-mateo-2008,genvar,960081,1696,9625,TRUE,0.258678076603225,0.258678076603225,0.2586780766032246,NA
san-mateo-2008,genvar,960011,1703,9605,TRUE,0.201726891076851,0.201726891076851,0.20172689107685127,NA
san-mateo-2008,genvar,960107,1706,9609,TRUE,0.23312443404754,0.23312443404754,0.23312443404753974,NA
san-mateo-2008,genvar,960080,1707,9605,TRUE,0.201726891076851,0.201726891076851,0.20172689107685127,NA
san-mateo-2008,genvar,960188,1714,9623,TRUE,0.11384438685999,0.11384438685999,0.11384438685999117,NA
san-mateo-2008,genvar,960023,1715,9611,TRUE,0.17705322341082,0.17705322341082,0.17705322341082003,NA
san-mateo-2008,genvar,960037,1720,9625,TRUE,0.258678076603225,0.258678076603225,0.2586780766032246,NA
san-mateo-2008,genvar,960168,1723,9621,TRUE,0.0162896164128089,0.0162896164128089,0.01417861633831973,NA
san-mateo-2008,genvar,960191,1726,9623,TRUE,0.11384438685999,0.11384438685999,0.11384438685999117,NA
san-mateo-2008,genvar,960071,1730,9619,TRUE,0.151327624469969,0.151327624469969,0.15132762446996892,NA
san-mateo-2008,genvar,960130,1733,9619,TRUE,0.151327624469969,0.151327624469969,0.15132762446996892,NA
san-mateo-2008,genvar,960144,1734,9609,TRUE,0.23312443404754,0.23312443404754,0.23312443404753974,NA
san-mateo-2008,genvar,960097,1744,9611,TRUE,0.17705322341082,0.17705322341082,0.17705322341082003,NA
san-mateo-2008,genvar,960146,1749,9619,TRUE,0.151327624469969,0.151327624469969,0.15132762446996892,NA
san-mateo-2008,genvar,960161,1758,9619,TRUE,0.151327624469969,0.151327624469969,0.15132762446996892,NA
san-mateo-2008,genvar,960211,1759,9624,TRUE,0.177289066732467,0.177289066732467,0.17728906673246675,NA
san-mateo-2008,genvar,960093,1761,9625,TRUE,0.258678076603225,0.258678076603225,0.2586780766032246,NA
san-mateo-2008,genvar,960106,1765,9611,TRUE,0.17705322341082,0.17705322341082,0.17705322341082003,NA
san-mateo-2008,genvar,960143,1767,9605,TRUE,0.201726891076851,0.201726891076851,0.20172689107685127,NA
san-mateo-2008,genvar,960126,1775,9605,TRUE,0.201726891076851,0.201726891076851,0.20172689107685127,NA
san-mateo-2008,genvar,960008,1776,9609,TRUE,0.23312443404754,0.23312443404754,0.23312443404753974,NA
san-mateo-2008,genvar,960134,1780,9623,TRUE,0.11384438685999,0.11384438685999,0.11384438685999117,NA
san-mateo-2008,genvar,960225,1781,9625,TRUE,0.258678076603225,0.258678076603225,0.2586780766032246,NA
san-mateo-2008,genvar,960013,1782,9619,TRUE,0.151327624469969,0.151327624469969,0.15132762446996892,NA
san-mateo-2008,genvar,960029,1783,9605,TRUE,0.201726891076851,0.201726891076851,0.20172689107685127,NA
san-mateo-2008,genvar,960015,1784,9621,TRUE,0.0162896164128089,0.0162896164128089,0.01417861633831973,NA
san-mateo-2008,genvar,960042,1793,9621,TRUE,0.0162896164128089,0.0162896164128089,0.01417861633831973,NA
san-mateo-2008,genvar,960169,1794,9609,TRUE,0.23312443404754,0.23312443404754,0.23312443404753974,NA
san-mateo-2008,genvar,960184,1795,9601,TRUE,0.014864446815595,0.014864446815595,0.018328729183213908,NA
san-mateo-2008,genvar,960220,1799,9619,TRUE,0.151327624469969,0.151327624469969,0.15132762446996892,NA
san-mateo-2008,genvar,960045,1802,9605,TRUE,0.201726891076851,0.201726891076851,0.20172689107685127,NA
san-mateo-2008,genvar,960175,1805,9625,TRUE,0.258678076603225,0.258678076603225,0.2586780766032246,NA
san-mateo-2008,genvar,960044,1806,9624,TRUE,0.177289066732467,0.177289066732467,0.17728906673246675,NA
btp-health-education-2005,genvar,970001,1,9701,TRUE,0.209169148117421,0.209169148117421,0.20916914811742068,NA
btp-health-education-2005,genvar,970002,2,9701,TRUE,0.209169148117421,0.209169148117421,0.20916914811742068,NA
btp-health-education-2005,genvar,970003,3,9701,TRUE,0.209169148117421,0.209169148117421,0.20916914811742068,NA
btp-health-education-2005,genvar,970004,4,9701,TRUE,0.209169148117421,0.209169148117421,0.20916914811742068,NA
btp-health-education-2005,genvar,970005,5,9701,TRUE,0.209169148117421,0.209169148117421,0.20916914811742068,NA
btp-health-education-2005,genvar,970006,6,9701,TRUE,0.209169148117421,0.209169148117421,0.20916914811742068,NA
btp-health-education-2005,genvar,970007,7,9701,TRUE,0.209169148117421,0.209169148117421,0.20916914811742068,NA
btp-health-education-2005,genvar,970008,8,9701,TRUE,0.209169148117421,0.209169148117421,0.20916914811742068,NA
btp-health-education-2005,genvar,970009,9,9701,TRUE,0.209169148117421,0.209169148117421,0.20916914811742068,NA
btp-health-education-2005,genvar,970010,10,9701,TRUE,0.209169148117421,0.209169148117421,0.20916914811742068,NA
btp-health-education-2005,genvar,970011,11,9701,TRUE,0.209169148117421,0.209169148117421,0.20916914811742068,NA
btp-health-education-2005,genvar,970012,12,9701,TRUE,0.209169148117421,0.209169148117421,0.20916914811742068,NA
btp-health-education-2005,genvar,970013,13,9701,TRUE,0.209169148117421,0.209169148117421,0.20916914811742068,NA
btp-health-education-2005,genvar,970014,14,9701,TRUE,0.209169148117421,0.209169148117421,0.20916914811742068,NA
btp-health-education-2005,genvar,970015,15,9702,TRUE,0.208029448690427,0.208029448690427,0.20802944869042655,NA
btp-health-education-2005,genvar,970016,16,9702,TRUE,0.208029448690427,0.208029448690427,0.20802944869042655,NA
btp-health-education-2005,genvar,970017,17,9702,TRUE,0.208029448690427,0.208029448690427,0.20802944869042655,NA
btp-health-education-2005,genvar,970018,18,9702,TRUE,0.208029448690427,0.208029448690427,0.20802944869042655,NA
btp-health-education-2005,genvar,970019,19,9702,TRUE,0.208029448690427,0.208029448690427,0.20802944869042655,NA
btp-health-education-2005,genvar,970020,20,9702,TRUE,0.208029448690427,0.208029448690427,0.20802944869042655,NA
btp-health-education-2005,genvar,970021,21,9702,TRUE,0.208029448690427,0.208029448690427,0.20802944869042655,NA
btp-health-education-2005,genvar,970022,22,9702,TRUE,0.208029448690427,0.208029448690427,0.20802944869042655,NA
btp-health-education-2005,genvar,970023,23,9702,TRUE,0.208029448690427,0.208029448690427,0.20802944869042655,NA
btp-health-education-2005,genvar,970024,24,9702,TRUE,0.208029448690427,0.208029448690427,0.20802944869042655,NA
btp-health-education-2005,genvar,970025,25,9702,TRUE,0.208029448690427,0.208029448690427,0.20802944869042655,NA
btp-health-education-2005,genvar,970026,26,9702,TRUE,0.208029448690427,0.208029448690427,0.20802944869042655,NA
btp-health-education-2005,genvar,970027,27,9702,TRUE,0.208029448690427,0.208029448690427,0.20802944869042655,NA
btp-health-education-2005,genvar,970028,28,9702,TRUE,0.208029448690427,0.208029448690427,0.20802944869042655,NA
btp-health-education-2005,genvar,970050,50,9704,TRUE,0.220460760936215,0.220460760936215,0.22046076093621528,NA
btp-health-education-2005,genvar,970051,51,9704,TRUE,0.220460760936215,0.220460760936215,0.22046076093621528,NA
btp-health-education-2005,genvar,970052,52,9704,TRUE,0.220460760936215,0.220460760936215,0.22046076093621528,NA
btp-health-education-2005,genvar,970053,53,9704,TRUE,0.220460760936215,0.220460760936215,0.22046076093621528,NA
btp-health-education-2005,genvar,970054,54,9704,TRUE,0.220460760936215,0.220460760936215,0.22046076093621528,NA
btp-health-education-2005,genvar,970055,55,9704,TRUE,0.220460760936215,0.220460760936215,0.22046076093621528,NA
btp-health-education-2005,genvar,970056,56,9704,TRUE,0.220460760936215,0.220460760936215,0.22046076093621528,NA
btp-health-education-2005,genvar,970057,57,9704,TRUE,0.220460760936215,0.220460760936215,0.22046076093621528,NA
btp-health-education-2005,genvar,970058,58,9704,TRUE,0.220460760936215,0.220460760936215,0.22046076093621528,NA
btp-health-education-2005,genvar,970059,59,9704,TRUE,0.220460760936215,0.220460760936215,0.22046076093621528,NA
btp-health-education-2005,genvar,970060,60,9704,TRUE,0.220460760936215,0.220460760936215,0.22046076093621528,NA
btp-health-education-2005,genvar,970061,61,9704,TRUE,0.220460760936215,0.220460760936215,0.22046076093621528,NA
btp-health-education-2005,genvar,970062,62,9704,TRUE,0.220460760936215,0.220460760936215,0.22046076093621528,NA
btp-health-education-2005,genvar,970129,129,9709,TRUE,0.194631935709468,0.194631935709468,0.19463193570946846,NA
btp-health-education-2005,genvar,970130,130,9709,TRUE,0.194631935709468,0.194631935709468,0.19463193570946846,NA
btp-health-education-2005,genvar,970131,131,9709,TRUE,0.194631935709468,0.194631935709468,0.19463193570946846,NA
btp-health-education-2005,genvar,970132,132,9709,TRUE,0.194631935709468,0.194631935709468,0.19463193570946846,NA
btp-health-education-2005,genvar,970133,133,9709,TRUE,0.194631935709468,0.194631935709468,0.19463193570946846,NA
btp-health-education-2005,genvar,970134,134,9709,TRUE,0.194631935709468,0.194631935709468,0.19463193570946846,NA
btp-health-education-2005,genvar,970135,135,9709,TRUE,0.194631935709468,0.194631935709468,0.19463193570946846,NA
btp-health-education-2005,genvar,970136,136,9709,TRUE,0.194631935709468,0.194631935709468,0.19463193570946846,NA
btp-health-education-2005,genvar,970137,137,9709,TRUE,0.194631935709468,0.194631935709468,0.19463193570946846,NA
btp-health-education-2005,genvar,970138,138,9709,TRUE,0.194631935709468,0.194631935709468,0.19463193570946846,NA
btp-health-education-2005,genvar,970139,139,9709,TRUE,0.194631935709468,0.194631935709468,0.19463193570946846,NA
btp-health-education-2005,genvar,970140,140,9709,TRUE,0.194631935709468,0.194631935709468,0.19463193570946846,NA
btp-health-education-2005,genvar,970141,141,9709,TRUE,0.194631935709468,0.194631935709468,0.19463193570946846,NA
btp-health-education-2005,genvar,970142,142,9709,TRUE,0.194631935709468,0.194631935709468,0.19463193570946846,NA
btp-health-education-2005,genvar,970143,143,9709,TRUE,0.194631935709468,0.194631935709468,0.19463193570946846,NA
btp-health-education-2005,genvar,970144,144,9709,TRUE,0.194631935709468,0.194631935709468,0.19463193570946846,NA
btp-health-education-2005,genvar,970145,145,9709,TRUE,0.194631935709468,0.194631935709468,0.19463193570946846,NA
btp-health-education-2005,genvar,970146,146,9710,TRUE,0.175942303068183,0.175942303068183,0.17594230306818287,NA
btp-health-education-2005,genvar,970147,147,9710,TRUE,0.175942303068183,0.175942303068183,0.17594230306818287,NA
btp-health-education-2005,genvar,970148,148,9710,TRUE,0.175942303068183,0.175942303068183,0.17594230306818287,NA
btp-health-education-2005,genvar,970149,149,9710,TRUE,0.175942303068183,0.175942303068183,0.17594230306818287,NA
btp-health-education-2005,genvar,970150,150,9710,TRUE,0.175942303068183,0.175942303068183,0.17594230306818287,NA
btp-health-education-2005,genvar,970151,151,9710,TRUE,0.175942303068183,0.175942303068183,0.17594230306818287,NA
btp-health-education-2005,genvar,970152,152,9710,TRUE,0.175942303068183,0.175942303068183,0.17594230306818287,NA
btp-health-education-2005,genvar,970153,153,9710,TRUE,0.175942303068183,0.175942303068183,0.17594230306818287,NA
btp-health-education-2005,genvar,970154,154,9710,TRUE,0.175942303068183,0.175942303068183,0.17594230306818287,NA
btp-health-education-2005,genvar,970155,155,9710,TRUE,0.175942303068183,0.175942303068183,0.17594230306818287,NA
btp-health-education-2005,genvar,970156,156,9710,TRUE,0.175942303068183,0.175942303068183,0.17594230306818287,NA
btp-health-education-2005,genvar,970157,157,9710,TRUE,0.175942303068183,0.175942303068183,0.17594230306818287,NA
btp-health-education-2005,genvar,970158,158,9710,TRUE,0.175942303068183,0.175942303068183,0.17594230306818287,NA
btp-health-education-2005,genvar,970159,159,9710,TRUE,0.175942303068183,0.175942303068183,0.17594230306818287,NA
btp-health-education-2005,genvar,970160,160,9710,TRUE,0.175942303068183,0.175942303068183,0.17594230306818287,NA
btp-health-education-2005,genvar,970161,161,9711,TRUE,0.153490099733382,0.153490099733382,0.1534900997333816,NA
btp-health-education-2005,genvar,970162,162,9711,TRUE,0.153490099733382,0.153490099733382,0.1534900997333816,NA
btp-health-education-2005,genvar,970163,163,9711,TRUE,0.153490099733382,0.153490099733382,0.1534900997333816,NA
btp-health-education-2005,genvar,970164,164,9711,TRUE,0.153490099733382,0.153490099733382,0.1534900997333816,NA
btp-health-education-2005,genvar,970165,165,9711,TRUE,0.153490099733382,0.153490099733382,0.1534900997333816,NA
btp-health-education-2005,genvar,970166,166,9711,TRUE,0.153490099733382,0.153490099733382,0.1534900997333816,NA
btp-health-education-2005,genvar,970167,167,9711,TRUE,0.153490099733382,0.153490099733382,0.1534900997333816,NA
btp-health-education-2005,genvar,970168,168,9711,TRUE,0.153490099733382,0.153490099733382,0.1534900997333816,NA
btp-health-education-2005,genvar,970169,169,9711,TRUE,0.153490099733382,0.153490099733382,0.1534900997333816,NA
btp-health-education-2005,genvar,970170,170,9711,TRUE,0.153490099733382,0.153490099733382,0.1534900997333816,NA
btp-health-education-2005,genvar,970171,171,9711,TRUE,0.153490099733382,0.153490099733382,0.1534900997333816,NA
btp-health-education-2005,genvar,970172,172,9711,TRUE,0.153490099733382,0.153490099733382,0.1534900997333816,NA
btp-health-education-2005,genvar,970173,173,9711,TRUE,0.153490099733382,0.153490099733382,0.1534900997333816,NA
btp-health-education-2005,genvar,970228,228,9716,TRUE,0.198688770847154,0.198688770847154,0.19868877084715356,NA
btp-health-education-2005,genvar,970229,229,9716,TRUE,0.198688770847154,0.198688770847154,0.19868877084715356,NA
btp-health-education-2005,genvar,970230,230,9716,TRUE,0.198688770847154,0.198688770847154,0.19868877084715356,NA
btp-health-education-2005,genvar,970231,231,9716,TRUE,0.198688770847154,0.198688770847154,0.19868877084715356,NA
btp-health-education-2005,genvar,970232,232,9716,TRUE,0.198688770847154,0.198688770847154,0.19868877084715356,NA
btp-health-education-2005,genvar,970233,233,9716,TRUE,0.198688770847154,0.198688770847154,0.19868877084715356,NA
btp-health-education-2005,genvar,970234,234,9716,TRUE,0.198688770847154,0.198688770847154,0.19868877084715356,NA
btp-health-education-2005,genvar,970235,235,9716,TRUE,0.198688770847154,0.198688770847154,0.19868877084715356,NA
btp-health-education-2005,genvar,970236,236,9716,TRUE,0.198688770847154,0.198688770847154,0.19868877084715356,NA
btp-health-education-2005,genvar,970237,237,9716,TRUE,0.198688770847154,0.198688770847154,0.19868877084715356,NA
btp-health-education-2005,genvar,970238,238,9716,TRUE,0.198688770847154,0.198688770847154,0.19868877084715356,NA
btp-health-education-2005,genvar,970239,239,9716,TRUE,0.198688770847154,0.198688770847154,0.19868877084715356,NA
btp-health-education-2005,genvar,970240,240,9717,TRUE,0.131037827431695,0.131037827431695,0.13103782743169715,NA
btp-health-education-2005,genvar,970241,241,9717,TRUE,0.131037827431695,0.131037827431695,0.13103782743169715,NA
btp-health-education-2005,genvar,970242,242,9717,TRUE,0.131037827431695,0.131037827431695,0.13103782743169715,NA
btp-health-education-2005,genvar,970243,243,9717,TRUE,0.131037827431695,0.131037827431695,0.13103782743169715,NA
btp-health-education-2005,genvar,970244,244,9717,TRUE,0.131037827431695,0.131037827431695,0.13103782743169715,NA
btp-health-education-2005,genvar,970245,245,9717,TRUE,0.131037827431695,0.131037827431695,0.13103782743169715,NA
btp-health-education-2005,genvar,970246,246,9717,TRUE,0.131037827431695,0.131037827431695,0.13103782743169715,NA
btp-health-education-2005,genvar,970247,247,9717,TRUE,0.131037827431695,0.131037827431695,0.13103782743169715,NA
btp-health-education-2005,genvar,970248,248,9717,TRUE,0.131037827431695,0.131037827431695,0.13103782743169715,NA
btp-health-education-2005,genvar,970249,249,9717,TRUE,0.131037827431695,0.131037827431695,0.13103782743169715,NA
btp-health-education-2005,genvar,970250,250,9717,TRUE,0.131037827431695,0.131037827431695,0.13103782743169715,NA
btp-health-education-2005,genvar,970251,251,9717,TRUE,0.131037827431695,0.131037827431695,0.13103782743169715,NA
btp-health-education-2005,genvar,970252,252,9717,TRUE,0.131037827431695,0.131037827431695,0.13103782743169715,NA
btp-health-education-2005,genvar,970253,253,9717,TRUE,0.131037827431695,0.131037827431695,0.13103782743169715,NA
btp-health-education-2005,genvar,970254,254,9717,TRUE,0.131037827431695,0.131037827431695,0.13103782743169715,NA
btp-health-education-2005,genvar,970255,255,9718,TRUE,0.133597467655779,0.133597467655779,0.13359746765577882,NA
btp-health-education-2005,genvar,970256,256,9718,TRUE,0.133597467655779,0.133597467655779,0.13359746765577882,NA
btp-health-education-2005,genvar,970257,257,9718,TRUE,0.133597467655779,0.133597467655779,0.13359746765577882,NA
btp-health-education-2005,genvar,970258,258,9718,TRUE,0.133597467655779,0.133597467655779,0.13359746765577882,NA
btp-health-education-2005,genvar,970259,259,9718,TRUE,0.133597467655779,0.133597467655779,0.13359746765577882,NA
btp-health-education-2005,genvar,970260,260,9718,TRUE,0.133597467655779,0.133597467655779,0.13359746765577882,NA
btp-health-education-2005,genvar,970261,261,9718,TRUE,0.133597467655779,0.133597467655779,0.13359746765577882,NA
btp-health-education-2005,genvar,970262,262,9718,TRUE,0.133597467655779,0.133597467655779,0.13359746765577882,NA
btp-health-education-2005,genvar,970263,263,9718,TRUE,0.133597467655779,0.133597467655779,0.13359746765577882,NA
btp-health-education-2005,genvar,970264,264,9718,TRUE,0.133597467655779,0.133597467655779,0.13359746765577882,NA
btp-health-education-2005,genvar,970265,265,9718,TRUE,0.133597467655779,0.133597467655779,0.13359746765577882,NA
btp-health-education-2005,genvar,970266,266,9719,TRUE,0.182335853200678,0.182335853200678,0.1823358532006785,NA
btp-health-education-2005,genvar,970267,267,9719,TRUE,0.182335853200678,0.182335853200678,0.1823358532006785,NA
btp-health-education-2005,genvar,970268,268,9719,TRUE,0.182335853200678,0.182335853200678,0.1823358532006785,NA
btp-health-education-2005,genvar,970269,269,9719,TRUE,0.182335853200678,0.182335853200678,0.1823358532006785,NA
btp-health-education-2005,genvar,970270,270,9719,TRUE,0.182335853200678,0.182335853200678,0.1823358532006785,NA
btp-health-education-2005,genvar,970271,271,9719,TRUE,0.182335853200678,0.182335853200678,0.1823358532006785,NA
btp-health-education-2005,genvar,970272,272,9719,TRUE,0.182335853200678,0.182335853200678,0.1823358532006785,NA
btp-health-education-2005,genvar,970273,273,9719,TRUE,0.182335853200678,0.182335853200678,0.1823358532006785,NA
btp-health-education-2005,genvar,970274,274,9719,TRUE,0.182335853200678,0.182335853200678,0.1823358532006785,NA
btp-health-education-2005,genvar,970275,275,9719,TRUE,0.182335853200678,0.182335853200678,0.1823358532006785,NA
btp-health-education-2005,genvar,970276,276,9719,TRUE,0.182335853200678,0.182335853200678,0.1823358532006785,NA
btp-health-education-2005,genvar,970277,277,9719,TRUE,0.182335853200678,0.182335853200678,0.1823358532006785,NA
btp-health-education-2005,genvar,970278,278,9719,TRUE,0.182335853200678,0.182335853200678,0.1823358532006785,NA
btp-health-education-2005,genvar,970279,279,9719,TRUE,0.182335853200678,0.182335853200678,0.1823358532006785,NA
btp-health-education-2005,genvar,970280,280,9720,TRUE,0,0,0,NA
btp-health-education-2005,genvar,970281,281,9720,TRUE,0,0,0,NA
btp-health-education-2005,genvar,970282,282,9720,TRUE,0,0,0,NA
btp-health-education-2005,genvar,970283,283,9720,TRUE,0,0,0,NA
btp-health-education-2005,genvar,970284,284,9720,TRUE,0,0,0,NA
btp-health-education-2005,genvar,970285,285,9720,TRUE,0,0,0,NA
btp-health-education-2005,genvar,970286,286,9720,TRUE,0,0,0,NA
btp-health-education-2005,genvar,970287,287,9720,TRUE,0,0,0,NA
btp-health-education-2005,genvar,970304,304,9722,TRUE,0.196612756572335,0.196612756572335,0.19661275657233515,NA
btp-health-education-2005,genvar,970305,305,9722,TRUE,0.196612756572335,0.196612756572335,0.19661275657233515,NA
btp-health-education-2005,genvar,970306,306,9722,TRUE,0.196612756572335,0.196612756572335,0.19661275657233515,NA
btp-health-education-2005,genvar,970307,307,9722,TRUE,0.196612756572335,0.196612756572335,0.19661275657233515,NA
btp-health-education-2005,genvar,970308,308,9722,TRUE,0.196612756572335,0.196612756572335,0.19661275657233515,NA
btp-health-education-2005,genvar,970309,309,9722,TRUE,0.196612756572335,0.196612756572335,0.19661275657233515,NA
btp-health-education-2005,genvar,970310,310,9722,TRUE,0.196612756572335,0.196612756572335,0.19661275657233515,NA
btp-health-education-2005,genvar,970311,311,9722,TRUE,0.196612756572335,0.196612756572335,0.19661275657233515,NA
btp-health-education-2005,genvar,970312,312,9722,TRUE,0.196612756572335,0.196612756572335,0.19661275657233515,NA
btp-health-education-2005,genvar,970313,313,9722,TRUE,0.196612756572335,0.196612756572335,0.19661275657233515,NA
btp-health-education-2005,genvar,970314,314,9722,TRUE,0.196612756572335,0.196612756572335,0.19661275657233515,NA
btp-health-education-2005,genvar,970315,315,9722,TRUE,0.196612756572335,0.196612756572335,0.19661275657233515,NA
btp-health-education-2005,genvar,970316,316,9722,TRUE,0.196612756572335,0.196612756572335,0.19661275657233515,NA
btp-health-education-2005,genvar,970317,317,9722,TRUE,0.196612756572335,0.196612756572335,0.19661275657233515,NA
btp-health-education-2005,genvar,970373,373,9726,TRUE,0.197590222333643,0.197590222333643,0.19759022233364307,NA
btp-health-education-2005,genvar,970374,374,9726,TRUE,0.197590222333643,0.197590222333643,0.19759022233364307,NA
btp-health-education-2005,genvar,970375,375,9726,TRUE,0.197590222333643,0.197590222333643,0.19759022233364307,NA
btp-health-education-2005,genvar,970376,376,9726,TRUE,0.197590222333643,0.197590222333643,0.19759022233364307,NA
btp-health-education-2005,genvar,970377,377,9726,TRUE,0.197590222333643,0.197590222333643,0.19759022233364307,NA
btp-health-education-2005,genvar,970378,378,9726,TRUE,0.197590222333643,0.197590222333643,0.19759022233364307,NA
btp-health-education-2005,genvar,970379,379,9726,TRUE,0.197590222333643,0.197590222333643,0.19759022233364307,NA
btp-health-education-2005,genvar,970380,380,9726,TRUE,0.197590222333643,0.197590222333643,0.19759022233364307,NA
btp-health-education-2005,genvar,970381,381,9726,TRUE,0.197590222333643,0.197590222333643,0.19759022233364307,NA
btp-health-education-2005,genvar,970382,382,9726,TRUE,0.197590222333643,0.197590222333643,0.19759022233364307,NA
btp-health-education-2005,genvar,970383,383,9726,TRUE,0.197590222333643,0.197590222333643,0.19759022233364307,NA
btp-health-education-2005,genvar,970384,384,9726,TRUE,0.197590222333643,0.197590222333643,0.19759022233364307,NA
btp-health-education-2005,genvar,970385,385,9726,TRUE,0.197590222333643,0.197590222333643,0.19759022233364307,NA
btp-health-education-2005,genvar,970386,386,9726,TRUE,0.197590222333643,0.197590222333643,0.19759022233364307,NA
btp-health-education-2005,genvar,970387,387,9726,TRUE,0.197590222333643,0.197590222333643,0.19759022233364307,NA
btp-health-education-2005,genvar,970388,388,9726,TRUE,0.197590222333643,0.197590222333643,0.19759022233364307,NA
btp-health-education-2005,genvar,970438,438,9730,TRUE,0.216691616546609,0.216691616546609,0.21669161654660937,NA
btp-health-education-2005,genvar,970439,439,9730,TRUE,0.216691616546609,0.216691616546609,0.21669161654660937,NA
btp-health-education-2005,genvar,970440,440,9730,TRUE,0.216691616546609,0.216691616546609,0.21669161654660937,NA
btp-health-education-2005,genvar,970441,441,9730,TRUE,0.216691616546609,0.216691616546609,0.21669161654660937,NA
btp-health-education-2005,genvar,970442,442,9730,TRUE,0.216691616546609,0.216691616546609,0.21669161654660937,NA
btp-health-education-2005,genvar,970443,443,9730,TRUE,0.216691616546609,0.216691616546609,0.21669161654660937,NA
btp-health-education-2005,genvar,970444,444,9730,TRUE,0.216691616546609,0.216691616546609,0.21669161654660937,NA
btp-health-education-2005,genvar,970445,445,9730,TRUE,0.216691616546609,0.216691616546609,0.21669161654660937,NA
btp-health-education-2005,genvar,970446,446,9730,TRUE,0.216691616546609,0.216691616546609,0.21669161654660937,NA
btp-health-education-2005,genvar,970447,447,9730,TRUE,0.216691616546609,0.216691616546609,0.21669161654660937,NA
btp-health-education-2005,genvar,970448,448,9730,TRUE,0.216691616546609,0.216691616546609,0.21669161654660937,NA
btp-health-education-2005,genvar,970449,449,9730,TRUE,0.216691616546609,0.216691616546609,0.21669161654660937,NA
btp-health-education-2005,genvar,970450,450,9730,TRUE,0.216691616546609,0.216691616546609,0.21669161654660937,NA
btp-health-education-2005,genvar,970451,451,9730,TRUE,0.216691616546609,0.216691616546609,0.21669161654660937,NA
btp-health-education-2005,genvar,970452,452,9730,TRUE,0.216691616546609,0.216691616546609,0.21669161654660937,NA
btp-health-education-2005,genvar,970453,453,9730,TRUE,0.216691616546609,0.216691616546609,0.21669161654660937,NA
btp-health-education-2005,genvar,970454,454,9730,TRUE,0.216691616546609,0.216691616546609,0.21669161654660937,NA
nic-1996,genvar,10000100,6,9544524,TRUE,0.245439999409504,0.2267481343253182,0.2267481343253182,NA
nic-1996,genvar,10000250,10,9544515,TRUE,0.226846774766287,0.1982426654512051,0.1982426654512051,NA
nic-1996,genvar,10000400,17,9544519,TRUE,0.250972642022101,0.18363128300199155,0.18363128300199158,NA
nic-1996,genvar,10000460,23,9544505,TRUE,0.202740909815372,0.17262978922169944,0.17262978922169944,NA
nic-1996,genvar,10000500,24,9544519,TRUE,0.250972642022101,0.18363128300199155,0.18363128300199158,NA
nic-1996,genvar,10000520,26,9544501,TRUE,0.267272444998194,0.23629898679552683,0.23629898679552683,NA
nic-1996,genvar,10000590,32,9544519,TRUE,0.250972642022101,0.18363128300199155,0.18363128300199158,NA
nic-1996,genvar,10000610,33,9544523,TRUE,0.232689268504273,0.24817263115598223,0.24817263115598226,NA
nic-1996,genvar,10000630,35,9544524,TRUE,0.245439999409504,0.2267481343253182,0.2267481343253182,NA
nic-1996,genvar,10000650,36,9544502,TRUE,0.245572425383054,0.21709875500303297,0.21709875500303297,NA
nic-1996,genvar,10000830,47,9544502,TRUE,0.245572425383054,0.21709875500303297,0.21709875500303297,NA
nic-1996,genvar,10000900,52,9544529,TRUE,0.234471648072409,0.2323730262092793,0.2323730262092793,NA
nic-1996,genvar,10000940,55,9544519,TRUE,0.250972642022101,0.18363128300199155,0.18363128300199158,NA
nic-1996,genvar,10000970,57,9544503,TRUE,0.239492828768957,0.18411034457688455,0.18411034457688455,NA
nic-1996,genvar,10001000,59,9544530,TRUE,0.234127958639002,0.1936221047522807,0.1936221047522807,NA
nic-1996,genvar,10001140,66,9544504,TRUE,0.237196041194312,0.22814025272997096,0.22814025272997096,NA
nic-1996,genvar,10001170,68,9544505,TRUE,0.202740909815372,0.17262978922169944,0.17262978922169944,NA
nic-1996,genvar,10001220,73,9544515,TRUE,0.226846774766287,0.1982426654512051,0.1982426654512051,NA
nic-1996,genvar,10001300,77,9544510,TRUE,0.181583398712513,0.17321995436284507,0.17321995436284507,NA
nic-1996,genvar,10001420,81,9544503,TRUE,0.239492828768957,0.18411034457688455,0.18411034457688455,NA
nic-1996,genvar,10001470,82,9544504,TRUE,0.237196041194312,0.22814025272997096,0.22814025272997096,NA
nic-1996,genvar,10001540,87,9544519,TRUE,0.250972642022101,0.18363128300199155,0.18363128300199158,NA
nic-1996,genvar,10001590,90,9544515,TRUE,0.226846774766287,0.1982426654512051,0.1982426654512051,NA
nic-1996,genvar,10001860,99,9544504,TRUE,0.237196041194312,0.22814025272997096,0.22814025272997096,NA
nic-1996,genvar,10001960,106,9544501,TRUE,0.267272444998194,0.23629898679552683,0.23629898679552683,NA
nic-1996,genvar,10002170,120,9544523,TRUE,0.232689268504273,0.24817263115598223,0.24817263115598226,NA
nic-1996,genvar,10002180,121,9544505,TRUE,0.202740909815372,0.17262978922169944,0.17262978922169944,NA
nic-1996,genvar,10002410,130,9544528,TRUE,0.223720074686492,0.20233783517262272,0.20233783517262274,NA
nic-1996,genvar,10002420,131,9544524,TRUE,0.245439999409504,0.2267481343253182,0.2267481343253182,NA
nic-1996,genvar,10002490,134,9544523,TRUE,0.232689268504273,0.24817263115598223,0.24817263115598226,NA
nic-1996,genvar,10002500,135,9544529,TRUE,0.234471648072409,0.2323730262092793,0.2323730262092793,NA
nic-1996,genvar,10002620,141,9544505,TRUE,0.202740909815372,0.17262978922169944,0.17262978922169944,NA
nic-1996,genvar,10002640,142,9544510,TRUE,0.181583398712513,0.17321995436284507,0.17321995436284507,NA
nic-1996,genvar,10002720,147,9544524,TRUE,0.245439999409504,0.2267481343253182,0.2267481343253182,NA
nic-1996,genvar,10002730,148,9544519,TRUE,0.250972642022101,0.18363128300199155,0.18363128300199158,NA
nic-1996,genvar,10002770,151,9544502,TRUE,0.245572425383054,0.21709875500303297,0.21709875500303297,NA
nic-1996,genvar,10002800,154,9544503,TRUE,0.239492828768957,0.18411034457688455,0.18411034457688455,NA
nic-1996,genvar,10002830,157,9544504,TRUE,0.237196041194312,0.22814025272997096,0.22814025272997096,NA
nic-1996,genvar,10003260,176,9544528,TRUE,0.223720074686492,0.20233783517262272,0.20233783517262274,NA
nic-1996,genvar,10003290,178,9544529,TRUE,0.234471648072409,0.2323730262092793,0.2323730262092793,NA
nic-1996,genvar,10003330,181,9544528,TRUE,0.223720074686492,0.20233783517262272,0.20233783517262274,NA
nic-1996,genvar,10003340,182,9544501,TRUE,0.267272444998194,0.23629898679552683,0.23629898679552683,NA
nic-1996,genvar,10003350,183,9544502,TRUE,0.245572425383054,0.21709875500303297,0.21709875500303297,NA
nic-1996,genvar,10003400,186,9544503,TRUE,0.239492828768957,0.18411034457688455,0.18411034457688455,NA
nic-1996,genvar,10003410,187,9544504,TRUE,0.237196041194312,0.22814025272997096,0.22814025272997096,NA
nic-1996,genvar,10003440,190,9544529,TRUE,0.234471648072409,0.2323730262092793,0.2323730262092793,NA
nic-1996,genvar,10003580,196,9544515,TRUE,0.226846774766287,0.1982426654512051,0.1982426654512051,NA
nic-1996,genvar,10003610,197,9544524,TRUE,0.245439999409504,0.2267481343253182,0.2267481343253182,NA
nic-1996,genvar,10003620,198,9544501,TRUE,0.267272444998194,0.23629898679552683,0.23629898679552683,NA
nic-1996,genvar,10003690,200,9544502,TRUE,0.245572425383054,0.21709875500303297,0.21709875500303297,NA
nic-1996,genvar,10003710,201,9544510,TRUE,0.181583398712513,0.17321995436284507,0.17321995436284507,NA
nic-1996,genvar,10003880,205,9544503,TRUE,0.239492828768957,0.18411034457688455,0.18411034457688455,NA
nic-1996,genvar,10004110,214,9544505,TRUE,0.202740909815372,0.17262978922169944,0.17262978922169944,NA
nic-1996,genvar,10004280,222,9544510,TRUE,0.181583398712513,0.17321995436284507,0.17321995436284507,NA
nic-1996,genvar,10004460,233,9544505,TRUE,0.202740909815372,0.17262978922169944,0.17262978922169944,NA
nic-1996,genvar,10004630,238,9544528,TRUE,0.223720074686492,0.20233783517262272,0.20233783517262274,NA
nic-1996,genvar,10004720,245,9544515,TRUE,0.226846774766287,0.1982426654512051,0.1982426654512051,NA
nic-1996,genvar,10004850,249,9544515,TRUE,0.226846774766287,0.1982426654512051,0.1982426654512051,NA
nic-1996,genvar,10004930,256,9544519,TRUE,0.250972642022101,0.18363128300199155,0.18363128300199158,NA
nic-1996,genvar,10005150,268,9544529,TRUE,0.234471648072409,0.2323730262092793,0.2323730262092793,NA
nic-1996,genvar,10005420,284,9544519,TRUE,0.250972642022101,0.18363128300199155,0.18363128300199158,NA
nic-1996,genvar,10005450,287,9544510,TRUE,0.181583398712513,0.17321995436284507,0.17321995436284507,NA
nic-1996,genvar,10005650,299,9544528,TRUE,0.223720074686492,0.20233783517262272,0.20233783517262274,NA
nic-1996,genvar,10005820,317,9544529,TRUE,0.234471648072409,0.2323730262092793,0.2323730262092793,NA
nic-1996,genvar,10005830,318,9544529,TRUE,0.234471648072409,0.2323730262092793,0.2323730262092793,NA
nic-1996,genvar,10005930,326,9544515,TRUE,0.226846774766287,0.1982426654512051,0.1982426654512051,NA
nic-1996,genvar,10005960,328,9544501,TRUE,0.267272444998194,0.23629898679552683,0.23629898679552683,NA
nic-1996,genvar,10006040,334,9544502,TRUE,0.245572425383054,0.21709875500303297,0.21709875500303297,NA
nic-1996,genvar,10006200,342,9544523,TRUE,0.232689268504273,0.24817263115598223,0.24817263115598226,NA
nic-1996,genvar,10006320,350,9544503,TRUE,0.239492828768957,0.18411034457688455,0.18411034457688455,NA
nic-1996,genvar,10006340,352,9544504,TRUE,0.237196041194312,0.22814025272997096,0.22814025272997096,NA
nic-1996,genvar,10006360,354,9544530,TRUE,0.234127958639002,0.1936221047522807,0.1936221047522807,NA
nic-1996,genvar,10006390,357,9544501,TRUE,0.267272444998194,0.23629898679552683,0.23629898679552683,NA
nic-1996,genvar,10006510,368,9544502,TRUE,0.245572425383054,0.21709875500303297,0.21709875500303297,NA
nic-1996,genvar,10006620,372,9544523,TRUE,0.232689268504273,0.24817263115598223,0.24817263115598226,NA
nic-1996,genvar,10006700,376,9544519,TRUE,0.250972642022101,0.18363128300199155,0.18363128300199158,NA
nic-1996,genvar,10006760,380,9544503,TRUE,0.239492828768957,0.18411034457688455,0.18411034457688455,NA
nic-1996,genvar,10006790,383,9544515,TRUE,0.226846774766287,0.1982426654512051,0.1982426654512051,NA
nic-1996,genvar,10006880,390,9544524,TRUE,0.245439999409504,0.2267481343253182,0.2267481343253182,NA
nic-1996,genvar,10006920,394,9544504,TRUE,0.237196041194312,0.22814025272997096,0.22814025272997096,NA
nic-1996,genvar,10006960,398,9544528,TRUE,0.223720074686492,0.20233783517262272,0.20233783517262274,NA
nic-1996,genvar,10007180,413,9544501,TRUE,0.267272444998194,0.23629898679552683,0.23629898679552683,NA
nic-1996,genvar,10007220,417,9544505,TRUE,0.202740909815372,0.17262978922169944,0.17262978922169944,NA
nic-1996,genvar,10007390,426,9544524,TRUE,0.245439999409504,0.2267481343253182,0.2267481343253182,NA
nic-1996,genvar,10007410,428,9544503,TRUE,0.239492828768957,0.18411034457688455,0.18411034457688455,NA
nic-1996,genvar,10007471,435,9544519,TRUE,0.250972642022101,0.18363128300199155,0.18363128300199158,NA
nic-1996,genvar,10007570,443,9544523,TRUE,0.232689268504273,0.24817263115598223,0.24817263115598226,NA
nic-1996,genvar,10007590,445,9544505,TRUE,0.202740909815372,0.17262978922169944,0.17262978922169944,NA
nic-1996,genvar,10007640,448,9544524,TRUE,0.245439999409504,0.2267481343253182,0.2267481343253182,NA
nic-1996,genvar,10007730,453,9544524,TRUE,0.245439999409504,0.2267481343253182,0.2267481343253182,NA
nic-1996,genvar,10007960,469,9544505,TRUE,0.202740909815372,0.17262978922169944,0.17262978922169944,NA
nic-1996,genvar,10008030,472,9544528,TRUE,0.223720074686492,0.20233783517262272,0.20233783517262274,NA
nic-1996,genvar,10008060,475,9544529,TRUE,0.234471648072409,0.2323730262092793,0.2323730262092793,NA
nic-1996,genvar,10008070,476,9544530,TRUE,0.234127958639002,0.1936221047522807,0.1936221047522807,NA
nic-1996,genvar,10008090,478,9544501,TRUE,0.267272444998194,0.23629898679552683,0.23629898679552683,NA
nic-1996,genvar,10008110,480,9544528,TRUE,0.223720074686492,0.20233783517262272,0.20233783517262274,NA
nic-1996,genvar,10008130,482,9544503,TRUE,0.239492828768957,0.18411034457688455,0.18411034457688455,NA
nic-1996,genvar,10008150,484,9544529,TRUE,0.234471648072409,0.2323730262092793,0.2323730262092793,NA
nic-1996,genvar,10008210,488,9544504,TRUE,0.237196041194312,0.22814025272997096,0.22814025272997096,NA
nic-1996,genvar,10008220,489,9544505,TRUE,0.202740909815372,0.17262978922169944,0.17262978922169944,NA
nic-1996,genvar,10008240,491,9544530,TRUE,0.234127958639002,0.1936221047522807,0.1936221047522807,NA
nic-1996,genvar,10008260,492,9544528,TRUE,0.223720074686492,0.20233783517262272,0.20233783517262274,NA
nic-1996,genvar,10008310,494,9544501,TRUE,0.267272444998194,0.23629898679552683,0.23629898679552683,NA
nic-1996,genvar,10008320,495,9544529,TRUE,0.234471648072409,0.2323730262092793,0.2323730262092793,NA
nic-1996,genvar,10008380,499,9544502,TRUE,0.245572425383054,0.21709875500303297,0.21709875500303297,NA
nic-1996,genvar,10008400,500,9544503,TRUE,0.239492828768957,0.18411034457688455,0.18411034457688455,NA
nic-1996,genvar,10008420,501,9544504,TRUE,0.237196041194312,0.22814025272997096,0.22814025272997096,NA
nic-1996,genvar,10008440,503,9544519,TRUE,0.250972642022101,0.18363128300199155,0.18363128300199158,NA
nic-1996,genvar,10008451,505,9544530,TRUE,0.234127958639002,0.1936221047522807,0.1936221047522807,NA
nic-1996,genvar,10008590,511,9544510,TRUE,0.181583398712513,0.17321995436284507,0.17321995436284507,NA
nic-1996,genvar,10008690,519,9544501,TRUE,0.267272444998194,0.23629898679552683,0.23629898679552683,NA
nic-1996,genvar,10008710,520,9544515,TRUE,0.226846774766287,0.1982426654512051,0.1982426654512051,NA
nic-1996,genvar,10008930,535,9544510,TRUE,0.181583398712513,0.17321995436284507,0.17321995436284507,NA
nic-1996,genvar,10009000,540,9544523,TRUE,0.232689268504273,0.24817263115598223,0.24817263115598226,NA
nic-1996,genvar,10009030,543,9544503,TRUE,0.239492828768957,0.18411034457688455,0.18411034457688455,NA
nic-1996,genvar,10009090,546,9544519,TRUE,0.250972642022101,0.18363128300199155,0.18363128300199158,NA
nic-1996,genvar,10009150,547,9544524,TRUE,0.245439999409504,0.2267481343253182,0.2267481343253182,NA
nic-1996,genvar,10009180,549,9544510,TRUE,0.181583398712513,0.17321995436284507,0.17321995436284507,NA
nic-1996,genvar,10009251,553,9544504,TRUE,0.237196041194312,0.22814025272997096,0.22814025272997096,NA
nic-1996,genvar,10009460,565,9544524,TRUE,0.245439999409504,0.2267481343253182,0.2267481343253182,NA
nic-1996,genvar,10009520,567,9544519,TRUE,0.250972642022101,0.18363128300199155,0.18363128300199158,NA
nic-1996,genvar,10009750,583,9544530,TRUE,0.234127958639002,0.1936221047522807,0.1936221047522807,NA
nic-1996,genvar,10009810,587,9544502,TRUE,0.245572425383054,0.21709875500303297,0.21709875500303297,NA
nic-1996,genvar,10009870,592,9544504,TRUE,0.237196041194312,0.22814025272997096,0.22814025272997096,NA
nic-1996,genvar,10010030,603,9544519,TRUE,0.250972642022101,0.18363128300199155,0.18363128300199158,NA
nic-1996,genvar,10010120,607,9544510,TRUE,0.181583398712513,0.17321995436284507,0.17321995436284507,NA
nic-1996,genvar,10010210,614,9544519,TRUE,0.250972642022101,0.18363128300199155,0.18363128300199158,NA
nic-1996,genvar,10010250,618,9544515,TRUE,0.226846774766287,0.1982426654512051,0.1982426654512051,NA
nic-1996,genvar,10010550,635,9544528,TRUE,0.223720074686492,0.20233783517262272,0.20233783517262274,NA
nic-1996,genvar,10010580,638,9544501,TRUE,0.267272444998194,0.23629898679552683,0.23629898679552683,NA
nic-1996,genvar,10010650,644,9544523,TRUE,0.232689268504273,0.24817263115598223,0.24817263115598226,NA
nic-1996,genvar,10010660,645,9544524,TRUE,0.245439999409504,0.2267481343253182,0.2267481343253182,NA
nic-1996,genvar,10010720,649,9544515,TRUE,0.226846774766287,0.1982426654512051,0.1982426654512051,NA
nic-1996,genvar,10010730,650,9544510,TRUE,0.181583398712513,0.17321995436284507,0.17321995436284507,NA
nic-1996,genvar,10010960,660,9544528,TRUE,0.223720074686492,0.20233783517262272,0.20233783517262274,NA
nic-1996,genvar,10011040,666,9544524,TRUE,0.245439999409504,0.2267481343253182,0.2267481343253182,NA
nic-1996,genvar,10011130,673,9544515,TRUE,0.226846774766287,0.1982426654512051,0.1982426654512051,NA
nic-1996,genvar,10011180,676,9544529,TRUE,0.234471648072409,0.2323730262092793,0.2323730262092793,NA
nic-1996,genvar,10011200,677,9544529,TRUE,0.234471648072409,0.2323730262092793,0.2323730262092793,NA
nic-1996,genvar,10011230,680,9544523,TRUE,0.232689268504273,0.24817263115598223,0.24817263115598226,NA
nic-1996,genvar,10011310,682,9544524,TRUE,0.245439999409504,0.2267481343253182,0.2267481343253182,NA
nic-1996,genvar,10011320,683,9544530,TRUE,0.234127958639002,0.1936221047522807,0.1936221047522807,NA
nic-1996,genvar,10011370,686,9544515,TRUE,0.226846774766287,0.1982426654512051,0.1982426654512051,NA
nic-1996,genvar,10011440,688,9544501,TRUE,0.267272444998194,0.23629898679552683,0.23629898679552683,NA
nic-1996,genvar,10011450,689,9544502,TRUE,0.245572425383054,0.21709875500303297,0.21709875500303297,NA
nic-1996,genvar,10011470,691,9544530,TRUE,0.234127958639002,0.1936221047522807,0.1936221047522807,NA
nic-1996,genvar,10011500,693,9544530,TRUE,0.234127958639002,0.1936221047522807,0.1936221047522807,NA
nic-1996,genvar,10011510,694,9544502,TRUE,0.245572425383054,0.21709875500303297,0.21709875500303297,NA
nic-1996,genvar,10011520,695,9544501,TRUE,0.267272444998194,0.23629898679552683,0.23629898679552683,NA
nic-1996,genvar,10011550,697,9544502,TRUE,0.245572425383054,0.21709875500303297,0.21709875500303297,NA
nic-1996,genvar,10011580,700,9544503,TRUE,0.239492828768957,0.18411034457688455,0.18411034457688455,NA
nic-1996,genvar,10011630,705,9544501,TRUE,0.267272444998194,0.23629898679552683,0.23629898679552683,NA
nic-1996,genvar,10011650,707,9544502,TRUE,0.245572425383054,0.21709875500303297,0.21709875500303297,NA
nic-1996,genvar,10011660,708,9544503,TRUE,0.239492828768957,0.18411034457688455,0.18411034457688455,NA
nic-1996,genvar,10011680,710,9544504,TRUE,0.237196041194312,0.22814025272997096,0.22814025272997096,NA
nic-1996,genvar,10011900,721,9544503,TRUE,0.239492828768957,0.18411034457688455,0.18411034457688455,NA
nic-1996,genvar,10012090,733,9544504,TRUE,0.237196041194312,0.22814025272997096,0.22814025272997096,NA
nic-1996,genvar,10012092,735,9544524,TRUE,0.245439999409504,0.2267481343253182,0.2267481343253182,NA
nic-1996,genvar,10012120,737,9544528,TRUE,0.223720074686492,0.20233783517262272,0.20233783517262274,NA
nic-1996,genvar,10012170,740,9544529,TRUE,0.234471648072409,0.2323730262092793,0.2323730262092793,NA
nic-1996,genvar,10012200,743,9544505,TRUE,0.202740909815372,0.17262978922169944,0.17262978922169944,NA
nic-1996,genvar,10012370,753,9544505,TRUE,0.202740909815372,0.17262978922169944,0.17262978922169944,NA
nic-1996,genvar,10012490,757,9544504,TRUE,0.237196041194312,0.22814025272997096,0.22814025272997096,NA
nic-1996,genvar,10012540,761,9544529,TRUE,0.234471648072409,0.2323730262092793,0.2323730262092793,NA
nic-1996,genvar,10012660,766,9544528,TRUE,0.223720074686492,0.20233783517262272,0.20233783517262274,NA
nic-1996,genvar,10012740,771,9544530,TRUE,0.234127958639002,0.1936221047522807,0.1936221047522807,NA
nic-1996,genvar,10012800,776,9544530,TRUE,0.234127958639002,0.1936221047522807,0.1936221047522807,NA
nic-1996,genvar,10012820,778,9544530,TRUE,0.234127958639002,0.1936221047522807,0.1936221047522807,NA
nic-1996,genvar,10012830,779,9544523,TRUE,0.232689268504273,0.24817263115598223,0.24817263115598226,NA
nic-1996,genvar,10012850,781,9544505,TRUE,0.202740909815372,0.17262978922169944,0.17262978922169944,NA
nic-1996,genvar,10013130,798,9544530,TRUE,0.234127958639002,0.1936221047522807,0.1936221047522807,NA
nic-1996,genvar,10013270,804,9544501,TRUE,0.267272444998194,0.23629898679552683,0.23629898679552683,NA
nic-1996,genvar,10013280,805,9544524,TRUE,0.245439999409504,0.2267481343253182,0.2267481343253182,NA
nic-1996,genvar,10013390,814,9544519,TRUE,0.250972642022101,0.18363128300199155,0.18363128300199158,NA
nic-1996,genvar,10013430,816,9544501,TRUE,0.267272444998194,0.23629898679552683,0.23629898679552683,NA
nic-1996,genvar,10013540,820,9544502,TRUE,0.245572425383054,0.21709875500303297,0.21709875500303297,NA
nic-1996,genvar,10013620,824,9544503,TRUE,0.239492828768957,0.18411034457688455,0.18411034457688455,NA
nic-1996,genvar,10013670,828,9544523,TRUE,0.232689268504273,0.24817263115598223,0.24817263115598226,NA
nic-1996,genvar,10013730,831,9544502,TRUE,0.245572425383054,0.21709875500303297,0.21709875500303297,NA
nic-1996,genvar,10013760,833,9544524,TRUE,0.245439999409504,0.2267481343253182,0.2267481343253182,NA
nic-1996,genvar,10013830,839,9544528,TRUE,0.223720074686492,0.20233783517262272,0.20233783517262274,NA
nic-1996,genvar,10013890,842,9544530,TRUE,0.234127958639002,0.1936221047522807,0.1936221047522807,NA
nic-1996,genvar,10014281,861,9544504,TRUE,0.237196041194312,0.22814025272997096,0.22814025272997096,NA
nic-1996,genvar,10014282,862,9544505,TRUE,0.202740909815372,0.17262978922169944,0.17262978922169944,NA
nic-1996,genvar,10014320,865,9544503,TRUE,0.239492828768957,0.18411034457688455,0.18411034457688455,NA
nic-1996,genvar,10014360,868,9544503,TRUE,0.239492828768957,0.18411034457688455,0.18411034457688455,NA
nic-1996,genvar,10014450,872,9544504,TRUE,0.237196041194312,0.22814025272997096,0.22814025272997096,NA
nic-1996,genvar,10014510,874,9544519,TRUE,0.250972642022101,0.18363128300199155,0.18363128300199158,NA
nic-1996,genvar,10014550,877,9544528,TRUE,0.223720074686492,0.20233783517262272,0.20233783517262274,NA
nic-1996,genvar,10014560,878,9544510,TRUE,0.181583398712513,0.17321995436284507,0.17321995436284507,NA
nic-1996,genvar,10014610,882,9544504,TRUE,0.237196041194312,0.22814025272997096,0.22814025272997096,NA
nic-1996,genvar,10014650,885,9544505,TRUE,0.202740909815372,0.17262978922169944,0.17262978922169944,NA
nic-1996,genvar,10014690,888,9544523,TRUE,0.232689268504273,0.24817263115598223,0.24817263115598226,NA
nic-1996,genvar,10014800,898,9544510,TRUE,0.181583398712513,0.17321995436284507,0.17321995436284507,NA
nic-1996,genvar,10014810,899,9544510,TRUE,0.181583398712513,0.17321995436284507,0.17321995436284507,NA
nic-1996,genvar,10014930,906,9544530,TRUE,0.234127958639002,0.1936221047522807,0.1936221047522807,NA
nic-1996,genvar,10014980,910,9544504,TRUE,0.237196041194312,0.22814025272997096,0.22814025272997096,NA
