poll_id,pollgroup,n,p,complete_n,pairwise_n_min,pairwise_n_max,covariance_sha256,attitudes_sha256,covariance_class,covariance_rank,negative_eigenvalues,near_zero_eigenvalues,minimum_eigenvalue,maximum_eigenvalue,eigenvalue_tolerance,eigenvalues,determinant,source_genvar,perturbation_upper,benchmark_genvar,absolute_delta,relative_delta,reviewed_covariance,numerical_exception,reference_kind
uk-eu-1995,2001,15,4,15,15,15,69b11957a8a50fd1f89a9def06b8f9a5e05a4c719e28d525cd45422f256e5dcf,3a889b2400eee1f04eb3cb61d8fb97fd79949e1f943eb2f0991ef4c33abbb54b,positive_definite,4,0,0,0.01084941707843193,0.11869336933446256,6.746936909079441e-15,0.11869336933446256;0.031347446681391965;0.02940407907502576;0.010849417078431929,1.1869778576406526e-6,0.18167924950227832,0.18167924950230385,NA,NA,NA,FALSE,FALSE,historical
uk-eu-1995,2002,20,4,20,20,20,bbb84725fb1909c7aeec8c2017a177e44a9dded3e7c07d3f7b53a10b6efa9c2c,af6747fadfd308566a106fc76eadfc76c515426fd5e14882f7d930df08ea6232,positive_definite,4,0,0,0.018672543740089056,0.10145486989041819,5.76704166464982e-15,0.10145486989041819;0.075126049399017167;0.039304285508487316;0.018672543740089056,5.593798795174348e-6,0.220527805175694,0.22052780517571022,NA,NA,NA,FALSE,FALSE,historical
uk-eu-1995,2003,14,4,14,14,14,71092f0fd53073d69410012ddaf5f55376ebce1ed65fce2f7863ec78b79dae7f,f902022040cd31f55eeaffbe78090b0ba968209b142c07030d74d00efe4f78c4,positive_definite,4,0,0,0.022907039027306435,0.17588507812085358,9.99790916698962e-15,0.17588507812085358;0.050491984293553206;0.042697354602242804;0.022907039027306435,8.686030669681295e-6,0.23299825572211247,0.23299825572213942,NA,NA,NA,FALSE,FALSE,historical
uk-eu-1995,2004,16,4,16,16,16,6ba1a7e9b2f6a90c788d910f4e41f05cd65bb60dc395eb8dd7d1ed4eaae9d3a7,855c75d9f2c42291cb7cb2486b44249d3603f10b076fd09785a8a94296bc69e6,positive_definite,4,0,0,0.016258048931563907,0.1785781907847399,1.0150994898182257e-14,0.17857819078473991;0.082748074859917489;0.034496125238593488;0.016258048931563907,8.28752897076809e-6,0.2316344403087813,0.23163444030881314,NA,NA,NA,FALSE,FALSE,historical
uk-eu-1995,2005,15,4,15,15,15,b215a0b424c3d821aad3703572b7ac680f1591f7ceed3f25ef856f21a4268deb,8845ca6d07bbdfacdc9595e30d7eedbaf30c5ad79057b0e8198ef328414a2024,positive_definite,4,0,0,0.013481745300548742,0.12248347080625446,6.962379234565473e-15,0.12248347080625446;0.05000513336282561;0.024314042064762821;0.013481745300548742,2.0076839916539907e-6,0.19401571987865834,0.19401571987868257,NA,NA,NA,FALSE,FALSE,historical
uk-eu-1995,2006,16,4,16,16,16,1d9e2ee413dfbcde4070a4fcb3917670f05241ed2ddef6af47f20eaf94f8c916,1b8d72cdecd8b454b9377a7863cb0f23c0121d4a52dd4350d6c3047356df3be7,positive_definite,4,0,0,0.013459948192596617,0.11902699640720998,6.765901412518928e-15,0.11902699640720998;0.044287834457670677;0.01612886677585609;0.013459948192596617,1.1443981908476407e-6,0.1808515125458969,0.18085151254592252,NA,NA,NA,FALSE,FALSE,historical
uk-eu-1995,2007,18,4,18,18,18,abc0432e467eba9b1e7bb7e3a82fce34a39159aa9cce636ce41c667c9da83b41,687af4cc2b96cf52071b3847a5e107a7b832bef681e81d83e95d215456235c57,positive_definite,4,0,0,0.011694403700015692,0.12406615316684208,7.052344310911967e-15,0.12406615316684208;0.10226923301909198;0.02836114148659924;0.011694403700015692,4.208236160934738e-6,0.21282003632677857,0.21282003632680466,NA,NA,NA,FALSE,FALSE,historical
uk-eu-1995,2008,11,4,11,11,11,c2ef3420f8fbc26d5631e24172f622aa2bfb054ac7f4cf39f88a37f13f0d7131,5ff92e44eff7a25472151a530d1b9c6e4a5d8119456e3a18383d1603b79be74a,positive_definite,4,0,0,0.005516915647350731,0.15382469305536034,8.743921458481074e-15,0.15382469305536034;0.054035394594131328;0.022102794682955618;0.005516915647350731,1.0135563937100493e-6,0.17812750698467825,0.1781275069847272,NA,NA,NA,FALSE,FALSE,historical
uk-eu-1995,2009,14,4,14,14,14,9b8d27d34735d710d04d81b90ca3c31605c291e316480082966d73e31504d544,af5b045a180cb6a2cddced1c0329a006911e1ea5e59092dfdc37e1d4e4fdb830,positive_definite,4,0,0,0.011572380460095425,0.05670666122437501,3.223400496175089e-15,0.05670666122437501;0.040598236818157732;0.024001995001645345;0.011572380460095425,6.394569243875372e-7,0.16816143773975042,0.16816143773976186,NA,NA,NA,FALSE,FALSE,historical
uk-eu-1995,2010,16,4,16,16,16,2118a232d1850cd38f7203adbf1b31d0fecabc7b6478168c21b9ed40bd6c1a2a,6b4f85cfe3e5076007b498019c4ab38bafcfbb8f70e9e56b772ca9f378225821,positive_definite,4,0,0,0.01863339320391784,0.23776385182615,1.3515310219312938e-14,0.23776385182615001;0.069459497388873997;0.031167273784761838;0.018633393203917839,9.59109579748251e-6,0.23590303515457645,0.23590303515461802,NA,NA,NA,FALSE,FALSE,historical
uk-eu-1995,2011,15,4,15,15,15,b3044344da86bdcba0cc3f0ee515f8a2d9e102f0ab5543a5cdaa76f91be4a2b9,c2a418343675c027bcaf385ebe30081b9084ef310affb5d1b9fc2652646f4c0a,positive_definite,4,0,0,0.008634938362909319,0.1592677312686421,9.053322359514033e-15,0.1592677312686421;0.0362679042341272;0.03007215100204623;0.0086349383629093189,1.4999403535684396e-6,0.1870721978524189,0.18707219785245763,NA,NA,NA,FALSE,FALSE,historical
uk-eu-1995,2012,11,4,11,11,11,ee2bbba03ef58fd1fc2db48817b88f8a37efab3fd685f3ee807c29e92e8fb860,2da4a2e0c8895daaa86540dccd8f5dadf279db43dec13db663b6316809534af9,positive_definite,4,0,0,0.00437840627335024,0.10418588857603048,5.922282103712773e-15,0.10418588857603048;0.04773307971795971;0.017597827452861599;0.0043784062733502396,3.831805604876894e-7,0.15773404240177022,0.15773404240180713,NA,NA,NA,FALSE,FALSE,historical
uk-eu-1995,2013,17,4,17,17,17,f1ccbf648fe5324467f5ec2e875bb20c415ce033276d4b816859842d5471e4e0,0c3adff4a8edbfa6855a2cf86a9416fe2e73a67d44f1c6e4bb34c5c83576b359,positive_definite,4,0,0,0.010680635101706663,0.1063993314247234,6.048101762685485e-15,0.1063993314247234;0.048479932147145695;0.028016490215313203;0.010680635101706663,1.5435180340717025e-6,0.18774309086875332,0.187743090868776,NA,NA,NA,FALSE,FALSE,historical
uk-eu-1995,2014,15,4,15,15,15,85712cf0205f5247a204b752e579d46526e3b125f85562e6a1a988e38d4d51ab,909a664e946fd7a9ac11ae3b3af344a4eb0d611a56b0002eabee927bc04a2c17,positive_definite,4,0,0,0.010880680078623929,0.16896273138696682,9.604419312095548e-15,0.16896273138696682;0.076515597684060563;0.024312287146644924;0.010880680078623929,3.419973603582438e-6,0.20737330260633122,0.20737330260636896,NA,NA,NA,FALSE,FALSE,historical
uk-eu-1995,2015,21,4,20,20,21,25b9063fd1dfb8f7bd78624c444c52282630552b4d1875375f03bbc074156afb,3f0d2026135fffb5372c480298a11d2e7f4a4fd45eb7e84830dc1966c93db860,positive_definite,4,0,0,0.014102079038042357,0.10930889791670705,6.213491469492683e-15,0.10930889791670705;0.076630731688660178;0.026633703846147626;0.014102079038042357,3.146104896906703e-6,0.20522092927535981,0.20522092927538058,NA,NA,NA,FALSE,FALSE,historical
uk-eu-1995,2099,4,4,4,4,4,246ab62c4215611058ac0f5b99820d73ab3fe6ac3d90a0aa777bc8cd1662044b,5a742c769959c162d69f47fb805c22f664ac007cf2ac509a84e1e9956440fd08,numerically_singular,3,0,1,-9.707270357420704e-18,0.15964621061732717,9.074836419661504e-15,0.15964621061732717;0.036948422409111947;0.0042155521587460892;-9.7072703574207042e-18,2.5881562277214802e-23,0.0015018404974352817,0.004669162753574872,NA,NA,NA,FALSE,FALSE,historical
uk-health-1998,2201,15,11,11,13,15,e7885403f1ad7197a94cf5123eeb889346327dafbfe688b53e84d86486527052,bab25cbb23ceb80e580fa80fb6b5355c678919b16c84b9d0b995790de74f5b96,indefinite,11,1,0,-0.001874376856053914,0.13740674252677856,2.1479339804309408e-14,0.13740674252677856;0.11489150205643628;0.075193551695298552;0.043948464712099095;0.031283198936261601;0.029367108147091908;0.019084829724808513;0.01138351275950289;0.0051309615379616837;0.0025456285896887951;-0.001874376856053914,-2.5492234073619284e-19,NA,0.14283568524162385,NA,NA,NA,FALSE,FALSE,historical
uk-health-1998,2202,14,11,8,9,14,ef1ebcf5eb23eaff0728b7fe3ac6ce49bc99fe1a424221ae13c3791953fd340d,9fd0d80e66ba0d6cae00ea581132b8464e231ed37ac2cd5bd5ab4871d6bdb825,indefinite,11,2,0,-0.0034007297713658656,0.20218281429052734,3.1605096597726866e-14,0.20218281429052734;0.11435278240427457;0.074212603040195391;0.06577471282259667;0.037775574603920399;0.028631616606810493;0.017119269672300132;0.0043580558646378782;0.0019269749600620404;-0.0015707925842020349;-0.0034007297713658656,9.374100634234647e-20,NA,0.13648587540644191,NA,NA,NA,FALSE,FALSE,historical
uk-health-1998,2203,16,11,8,9,16,427cc6e08068abb5643315f1c0cc4e30245df523b08e73dbf275d99a7054fa0c,f9c775b868cd87566054d0428f60125d0e6de87c123459b32d097dae421facf8,positive_definite,11,0,0,8.640906373362482e-4,0.1571703876920608,2.456878099526234e-14,0.15717038769206079;0.1138246599571672;0.088414243339919887;0.082461680256646283;0.045195974881347988;0.041888794990686096;0.031683423995739445;0.014529272960410776;0.0095316552077414681;0.0080618924785046502;0.00086409063733624821,7.547788872354574e-18,0.166616911253307,0.1666169112535992,NA,NA,NA,FALSE,FALSE,historical
uk-health-1998,2204,15,11,10,11,15,5e5ad5cf8426e0cbf8670d20df046a3325926946e847ba32bef895301286900d,7b3c53a74abb76c9d85346f2b848ee9cd67b125b31bbcc2bda654639d5ab1f3c,positive_definite,11,0,0,2.252103905477795e-4,0.2545980002538544,3.979860711627336e-14,0.25459800025385437;0.12725347193854639;0.098385691582311127;0.080802088333535291;0.068853291779026701;0.02761282072923495;0.01797670396625747;0.011232567319075744;0.0094300398437505047;0.0053561008398469445;0.00022521039054777949,1.1247459319544115e-18,0.15280544774694607,0.15280544774831872,NA,NA,NA,FALSE,FALSE,historical
uk-health-1998,2205,15,11,10,11,15,88e870e6fdcb93993d439107c5b05cd0b27e9b1fbf012fc84662f7be5c9bb300,f5fd10b48b399151d56e0bc2969fb2f3f27fde0042b430943dee1e36dc53d0ab,indefinite,11,1,0,-0.0013531994326620078,0.17632073880101798,2.7562352426161818e-14,0.17632073880101798;0.1303231604671182;0.096789116279481571;0.079884734377317718;0.053892369147057612;0.040791568209427587;0.033368709337168886;0.011469453358968627;0.0063075400269035058;0.0024759050732958729;-0.0013531994326620078,-3.1590095500683987e-18,NA,0.1601492992396381,NA,NA,NA,FALSE,FALSE,historical
uk-health-1998,2206,16,11,10,12,16,f024c173fea0ccfa09e5395efd0fe8bd5b88f3553ddf168e4246027c81353ebf,42baa0f708ebd26557a95828ddc5d8d3ef1e18e74f129092f20ccd9d55324e27,positive_definite,11,0,0,2.9327973637084756e-5,0.20513287143809722,3.2066247766509115e-14,0.20513287143809722;0.14623148197625513;0.11019478725489346;0.083397285381484679;0.067589445151918615;0.035695992360235719;0.020378642765196717;0.014682306481906172;0.010557593128486108;0.0053638980895679119;2.9327973637084756e-05,3.305099092956497e-19,0.1445316401631943,0.14453164017047695,NA,NA,NA,FALSE,FALSE,historical
uk-health-1998,2207,14,11,12,12,14,eb9224a29dc9cb2c739e30674ba9cc685f407006d87e8029a11db410d95076d6,86da9ecf9d40853703ac96f047321c755933c57e1c6c190be1bf77acaf55fe00,positive_definite,11,0,0,2.405942984769155e-4,0.19459216906149293,3.041853147573793e-14,0.19459216906149293;0.11810070212982454;0.10489410865226828;0.06238945773326366;0.046529452578603733;0.026116014773981802;0.021396916611876506;0.010076022423146884;0.0044889687051175957;0.0024798703518492679;0.0002405942984769155,1.0553006363610736e-19,0.13722277287402684,0.13722277287498091,NA,NA,NA,FALSE,FALSE,historical
uk-health-1998,2208,17,11,11,13,17,72422b40e808d1e5b291a59084015b18417a4f656c7695130f6b35bac6f93378,0bf00b552f96fe6501371ce239eddbbe2edadcea2f5f6d487f488658cdfcd013,indefinite,11,1,0,-0.0034202707792798485,0.18654493976212277,2.9160593404972e-14,0.18654493976212277;0.11972658909973441;0.085110534952140493;0.052508461344092879;0.038056507071643535;0.026469405957241295;0.0195997243308512;0.013238912006250788;0.0068604049495507935;0.0014126591322696264;-0.0034202707792798485,-8.647880841238783e-19,NA,0.15099078421799514,NA,NA,NA,FALSE,FALSE,historical
uk-health-1998,2209,16,11,12,14,16,c724cc06f1f4d18d7740381faf01ee7cb877376eca7169b3daddc92db2925ca5,a0e7dba8a9c2594dfc8f2b4a65c156b354e9588fad969baf6d25be0c0f865620,indefinite,11,1,0,-0.0010870091587371607,0.2218086935887064,3.467300231073651e-14,0.22180869358870639;0.13170870243099539;0.086612249585867856;0.056442793510343904;0.039560438958463486;0.029749318014273701;0.022975396127561942;0.015195829349121746;0.0081820549743117574;0.0017203838922392467;-0.0010870091587371607,-8.978987143856425e-19,NA,0.15124887473498022,NA,NA,NA,FALSE,FALSE,historical
uk-health-1998,2210,13,11,6,7,13,124e4e253f0c6201b55c0f5d653fe8ab1997e90a4ca1790f15c2706fb807f8f1,5ede5af0c471e9de9ea1b303bc4d9bc1652dbc7f92a1c66c21922d3c16ebd927,indefinite,11,1,0,-0.0045873658148216,0.18433583929735126,2.881526814165431e-14,0.18433583929735126;0.12772018249308623;0.10304779512896736;0.08428335511544989;0.056435934417137221;0.023906937069493761;0.021744139375819656;0.0068285678326931373;0.0025083877405015025;0.0015249282961476603;-0.0045873658148216003,-7.188012214500299e-19,NA,0.14972709561792352,NA,NA,NA,FALSE,FALSE,historical
uk-health-1998,2211,16,11,13,13,16,2a9235508d283f823586655d002fb3ffed679b274bca8bb056b900f0f950bc9f,1ff2223e0124ea91a684263c28d93ac34e3b884dbdf83cf6c31f7cfd56cb1ee4,indefinite,11,1,0,-0.00135775597545142,0.15568362641744377,2.4336371362094858e-14,0.15568362641744377;0.14788809008559234;0.10714507370535126;0.075460820611686727;0.055028088121984571;0.032366440201790588;0.018858263494045846;0.010698921386230353;0.0063154769798626342;0.0053471170911722626;-0.0013577559754514199,-3.0671746160467604e-18,NA,0.1599346849418945,NA,NA,NA,FALSE,FALSE,historical
uk-health-1998,2212,17,11,11,11,17,6e0572156deb3014f4878d24575d5980b7c1a29dc7173af9117eb19dac033a93,8018723ece6331cfcdb0a297a4e764de4010f67055d57e45dcec5fbfca80d859,indefinite,11,1,0,-6.459201395986604e-5,0.16202573147608418,2.532776543144061e-14,0.16202573147608418;0.11312506070483148;0.082777396421175931;0.074664696965849986;0.056835170137830265;0.031087398600422336;0.018426345000442945;0.014387162562403948;0.005493712313009937;0.0026444508882793416;-6.459201395986604e-05,-4.97927400224545e-20,NA,0.1326167729435684,NA,NA,NA,FALSE,FALSE,historical
uk-health-1998,2213,14,11,8,11,14,86ede3921089a438de6664728cf5418d326f9219e426777fd77a04aa9ef5c873,77bcd12708461316a9e883f8afec0496f5df7ad0b538fb7f9e654e4991579e48,indefinite,11,1,0,-0.0041371267951135155,0.3213294477222296,5.0230027070263726e-14,0.3213294477222296;0.12448305380487308;0.094044574897122049;0.071210595816585232;0.055049893660879493;0.037157681960094856;0.027793549275827893;0.020922646210132474;0.0062191065900848077;0.0013760839474161923;-0.0041371267951135155,-1.1281753551205497e-17,NA,0.16968891868299865,NA,NA,NA,FALSE,FALSE,historical
uk-health-1998,2214,17,11,11,14,17,632fb9b9b30f05fd970e6208c0b310949a780ba99d97c00c3f03e74791f79257,73babc93f88306ba7e30f581fe44cbf597e77ed83d3f1b9587a73a49362a4b77,positive_definite,11,0,0,0.002901637982321505,0.20510305291713996,3.2061586553148506e-14,0.20510305291713996;0.15603200492705332;0.089910706092390838;0.063415311484200029;0.059350416515764094;0.043124365638075798;0.031966505785316644;0.022382845226873831;0.011342999883679329;0.0075004333674460371;0.0029016379823215048,8.249085662767005e-17,0.18574945020617903,0.1857494502063741,NA,NA,NA,FALSE,FALSE,historical
uk-health-1998,2215,15,11,11,11,15,636845634ae990a1e6a19cb4e1e0026d41e552ae12fbcdf00014be56745eb5eb,be5f0b39662451f9efd6b9fb4adf685a1c8ca0bb812edbabaee27342884462b2,indefinite,11,1,0,-0.0017049486194425545,0.34478468403281876,5.389653558098937e-14,0.34478468403281876;0.16475741395544224;0.12747551184490011;0.081953075014835175;0.054987390070718706;0.041176336961245723;0.024452186897428639;0.020998469230344236;0.013917727500101859;9.516287961669454e-05;-0.0017049486194425545,-1.5579313220195432e-18,NA,0.1550852082961561,NA,NA,NA,FALSE,FALSE,historical
uk-monarchy-1996,2302,18,4,18,18,18,c6430f22317057f4ba259fe05e3ae7e990f7c200d511236fd7f6c5bc3b4fa273,19729eaaae9519db25094db125da894176feef2dc0e9f7a2adf73a300ea34ed5,positive_definite,4,0,0,0.008968078075497097,0.22781469269390903,1.294976599944613e-14,0.22781469269390903;0.095862165535442689;0.059998715346750213;0.0089680780754970973,1.1750877470182954e-5,0.24196847492137566,0.2419684749214316,NA,NA,NA,FALSE,FALSE,historical
uk-monarchy-1996,2303,18,4,17,17,18,d53c9c31a8567dfa9119eb05791a0491292c349807ccdb8515ceeff9f70b83c6,9e8677f0be5c88d4b001d1200e32d85e2a51e5443730bf6af4130a4acc17576d,positive_definite,4,0,0,0.010166087755929818,0.14895241859716593,8.466964720649112e-15,0.14895241859716593;0.0930875766862308;0.05003744345245062;0.010166087755929818,7.05323332291922e-6,0.2270118517833918,0.22701185178342442,NA,NA,NA,FALSE,FALSE,historical
uk-monarchy-1996,2304,17,4,16,16,17,bcedb3767e536ae18ca397a0cdee1511baae37d0c62beb2853560de25f7abd80,1934b04967b8cbfab5706a258e747e97257a206e73762e84f0452f8420efb3aa,positive_definite,4,0,0,0.01355115484322931,0.3791115712283838,2.1549997838314072e-14,0.37911157122838379;0.061293106597156595;0.027912317797991585;0.01355115484322931,8.78923108320617e-6,0.23334250743507978,0.23334250743516066,NA,NA,NA,FALSE,FALSE,historical
uk-monarchy-1996,2305,13,4,13,13,13,49848f46b8ce3dd1d58e03c3f38894d3954c7eff5623da17d67401fa0afffdac,1b36537cf4fc5611c147a0fa586d650137d1f67baff7f537ef13abb956b636ab,positive_definite,4,0,0,0.00542020515420801,0.1606088141894598,9.129554097709149e-15,0.1606088141894598;0.052642481873247861;0.039883094772108905;0.0054202051542080101,1.8277227062942214e-6,0.19175150814461261,0.19175150814466393,NA,NA,NA,FALSE,FALSE,historical
uk-monarchy-1996,2306,19,4,17,17,19,b6f225f2350ed13ad99c74a4b9bcdd62e0c6609de617228ed7ca725a426b3761,1392ebf536b2f7eb791ab9af00f1c5fa2a066d5e340bb45d0c0c827da9c1eda1,positive_definite,4,0,0,0.009597689849253289,0.15060838578253888,8.56109555698702e-15,0.15060838578253888;0.10670114321831503;0.067010358962623848;0.0095976898492532887,1.0335390312913812e-5,0.23811725110376197,0.23811725110379645,NA,NA,NA,FALSE,FALSE,historical
uk-monarchy-1996,2307,17,4,17,17,17,a1cacf50d54cce8d41dfa0f26936d5c340babb66687ecbfc1a27b9ecc80c39cb,10efa4c5ddcdaed0380c2dd7c720c6ff55650a5f37cfe70423d565db10704d65,positive_definite,4,0,0,0.017421872806730906,0.24783779504136005,1.4087947593075117e-14,0.24783779504136005;0.081757768561136271;0.051187746328750151;0.017421872806730906,1.8069969270538193e-5,0.2553404837031142,0.25534048370315604,NA,NA,NA,FALSE,FALSE,historical
uk-monarchy-1996,2308,18,4,16,16,18,6dc50823feb5df413373426506d07fd27601ececf35fa476eaac86c8f5fdafbf,cb7ab2e9ed6ce5755d61c56f5b8182965646a907ef57a6ad17c05792e6f1d6de,positive_definite,4,0,0,0.00495483252436316,0.246542872209619,1.4014339752158038e-14,0.24654287220961901;0.10689831665636326;0.034391311356435479;0.0049548325243631598,4.49097909258459e-6,0.2145569708718185,0.21455697087191045,NA,NA,NA,FALSE,FALSE,historical
uk-monarchy-1996,2309,19,4,18,18,19,9eab11ad6cd7d4e0b9caaf77b5988d9d69e8f5ffc67079c79e5b1831d8659207,79450f7285ffe329be97c8ba6db03ee030c6ecfc761e56e56bcac5d362acff25,positive_definite,4,0,0,0.01670902949187017,0.16534349184660024,9.398689362944893e-15,0.16534349184660024;0.088045560290487601;0.061982025118986997;0.01670902949187017,1.5076882627809086e-5,0.24962549796870265,0.24962549796873004,NA,NA,NA,FALSE,FALSE,historical
uk-monarchy-1996,2310,15,4,15,15,15,de4101ff3300480dc256ada7c40fca05bdaf7b7d7ca26d70a1833325b5fe2a17,a8445ae297152533b1d527a2ba5bb56057ba03b4b159548fa68e3664bfc32379,positive_definite,4,0,0,0.014716021315999599,0.20697261006339307,1.176503076654814e-14,0.20697261006339307;0.13360056536685311;0.049308527901671811;0.014716021315999599,2.0064743746437355e-5,0.2587046305393374,0.25870463053937565,NA,NA,NA,FALSE,FALSE,historical
uk-monarchy-1996,2311,19,4,19,19,19,2bdfa193ecba4180d0c5207cc8b5e763c2e078d325e0baf5b2c4a7986b2e808e,c9d5eb857f8bd0ec4265a5d2c2da4dfbcfaf5f0cbe47dcc1f6c1c9b55f8bbaad,positive_definite,4,0,0,0.017953729405824365,0.17980905426928023,1.0220961386794456e-14,0.17980905426928023;0.081709637085059961;0.035322672489718168;0.017953729405824365,9.317364127545354e-6,0.23505074581176252,0.2350507458117932,NA,NA,NA,FALSE,FALSE,historical
uk-monarchy-1996,2312,17,4,15,15,17,711acd9fc35e8ff1552c09572d47c5a8d16b48f07707ffaca014c6f7d2bc8189,e6ddfe39c63934eca6c5513b8f5e27eddb1f30ddc7fcab51a4de1a40d43e5f94,positive_definite,4,0,0,0.009811205432970082,0.18978859669055514,1.0788232696686188e-14,0.18978859669055514;0.10027054482276582;0.073427916923059805;0.0098112054329700816,1.3709672062333546e-5,0.24667684395304643,0.2466768439530902,NA,NA,NA,FALSE,FALSE,historical
uk-monarchy-1996,2313,16,4,16,16,16,c0e3f5fab8a1b8c7eb3a5806c403e95a97592170f647021b35060f5ed551ceec,10eaca41b0b326f99dbf76c7ea16b9f48c46b61ae28548802cb1e34a55fe9e24,positive_definite,4,0,0,0.0070547317974238195,0.2912711251843017,1.6556846570910108e-14,0.2912711251843017;0.063870977843640098;0.057868922129248317;0.0070547317974238195,7.594984633297298e-6,0.2291215098053799,0.22912150980546436,NA,NA,NA,FALSE,FALSE,historical
uk-monarchy-1996,2314,18,4,17,17,18,a3112ae160d1862ab2629393d6a86119405c54744115785842ea35cb9f62978c,d9a310b3b8a54e15cefed63485b856c1be1ff2c19096f64a2c8831b69f0d5308,positive_definite,4,0,0,0.008250562907665245,0.23696730750628558,1.3470031916897687e-14,0.23696730750628558;0.080339245466937922;0.03671245152086805;0.0082505629076652445,5.766511315998519e-6,0.2213676443323537,0.22136764433241535,NA,NA,NA,FALSE,FALSE,historical
uk-monarchy-1996,2315,15,4,14,14,15,b6a033d181f0456584af845daea2e0f94938647dd88cb48f90aa9a06a8828b0f,d7d5bca740c6af9151215c7c8a38827b507d7e31206647fe8cb6f411e25b1496,positive_definite,4,0,0,0.008378419401145816,0.30552657013007245,1.7367174799009743e-14,0.30552657013007245;0.066691149376577177;0.044753575250130295;0.008378419401145816,7.640240311405513e-6,0.22929172276444232,0.22929172276452195,NA,NA,NA,FALSE,FALSE,historical
uk-monarchy-1996,2316,19,4,19,19,19,29a75068ea0340ce20be7afdfc5675b4cfabd35baaa2d1f59b8646e26a90cb52,e61cca840696231227fc52ec25e64b0164e4c950bd52a96e3bfc4c0b82064a72,positive_definite,4,0,0,0.016819810219811573,0.20942981112431197,1.1904706475679175e-14,0.20942981112431197;0.059204989752986381;0.031612661393322979;0.016819810219811573,6.592937552885779e-6,0.22510485936909652,0.2251048593691343,NA,NA,NA,FALSE,FALSE,historical
uk-general-election-1997,2501,18,4,14,14,18,3949dfc02b90525b9a859439f9a19cff44c9e0d06961fbd13b0aa65a2418ca30,c353832dca974116ddf91f7a651a92310dbb434697cebb1e656107dcdc2ef9d1,positive_definite,4,0,0,0.007356693272084145,0.21602871873601123,1.227981094507477e-14,0.21602871873601123;0.068393845182551344;0.055132488937383185;0.0073566932720841452,5.992647866238826e-6,0.2224346008232567,0.22243460082331598,NA,NA,NA,FALSE,FALSE,historical
uk-general-election-1997,2502,21,4,20,20,21,97464a24b29add8b13dbe6d645617386e480a4596ff1e5bcae233286630d7130,18cfab3644faa4a7c1556c7ce3acf74dfa72695519dce0bdc74098cc75b57500,positive_definite,4,0,0,0.006124310100056403,0.12829884462532992,7.292944964395356e-15,0.12829884462532992;0.069333546450385072;0.043218569608718747;0.0061243101000564033,2.3544730429987907e-6,0.19791864787046942,0.19791864787050714,NA,NA,NA,FALSE,FALSE,historical
uk-general-election-1997,2503,18,4,14,14,18,6121708eddc88c3d395c7610484fafab14668c2fb798b2c710431c30bc88cfb2,1aba49c9428f7f0d576190e2b7ec35c53ff35f76d7eba25a60addfbe989e9567,positive_definite,4,0,0,0.027647744337449636,0.23314687665341696,1.3252865565699322e-14,0.23314687665341696;0.13579482362330303;0.031802431881686022;0.027647744337449636,2.7837668131305166e-5,0.2695126204215217,0.26951262042155705,NA,NA,NA,FALSE,FALSE,historical
uk-general-election-1997,2504,17,4,15,15,17,c1eeb0109d94c4449153ef31dcb70e98f51981f28e6d1b1bd201e5766116eafc,98c7ba32f50e85bb1a0d1d40699db551f9b53d08125729512bd018c825793833,positive_definite,4,0,0,0.021289373105099024,0.17534200553177018,9.967039064336528e-15,0.17534200553177018;0.11928267735017772;0.05330783785001849;0.021289373105099024,2.3736533215080255e-5,0.2641965616022628,0.26419656160228905,NA,NA,NA,FALSE,FALSE,historical
uk-general-election-1997,2505,19,4,19,19,19,43d750a6a9d9cf13c4c34c66469970e323cf719882af0ab35837471295edc99b,5c0d9f87c555e0f88dae80c751dfa361dbc0d995a56bf970c3ce5af485cb2dfb,positive_definite,4,0,0,0.01351189078317306,0.17533859004967442,9.966844916657147e-15,0.17533859004967442;0.067008191220705032;0.027034890579909279;0.01351189078317306,4.291865933326524e-6,0.2133441645490319,0.2133441645490668,NA,NA,NA,FALSE,FALSE,historical
uk-general-election-1997,2506,19,4,18,18,19,5360a67217e0137df764aa7e726904914f5b125570e93835211cda7582abc55f,24d0e3f7603998cef629acd5c3e2c343614423d6625459230d1c73fcc1214a25,positive_definite,4,0,0,0.02916844006481875,0.22440493148610757,1.2755943514895738e-14,0.22440493148610757;0.13548094100775673;0.049440298504985478;0.029168440064818751,4.3843466947408474e-5,0.2852581827025148,0.2852581827025449,NA,NA,NA,FALSE,FALSE,historical
uk-general-election-1997,2507,17,4,16,16,17,3674eb53f26c0b2c32940227bd2f9599dd0ec4d7c3715a614934f8c9d61524ac,9622935d6d15cb9fa0308d9f2fe1175ae9dfd2941493ec8483db6bdba9a336aa,positive_definite,4,0,0,0.01698186771162824,0.19649058217687626,1.1169196464884195e-14,0.19649058217687626;0.071023657662378128;0.054854772792356794;0.01698186771162824,1.3000038777204603e-5,0.24504344020244806,0.24504344020248098,NA,NA,NA,FALSE,FALSE,historical
uk-general-election-1997,2508,20,4,18,18,20,e91976e3a9883ec7a77e403c9279225eb0ac3265939f97293bc69946dd367b97,c3de1e2a9d8f21a73a192dbecdb3d72848a414a201a0c74cf07d8a6894bd16a8,positive_definite,4,0,0,0.026186710116639235,0.1788729636770917,1.0167750797171022e-14,0.17887296367709171;0.080460567050319814;0.048846539100992743;0.026186710116639235,1.8409522777990893e-5,0.2559353742729555,0.2559353742729804,NA,NA,NA,FALSE,FALSE,historical
uk-general-election-1997,2509,17,4,17,17,17,665ac8e4a83c53a5e7582bb1c7cf52d6502f73a412cd9b45d1fcf2f8226534f0,0911a0d8f671bebcc72a90b135c388279cd771c935c23a44a54fdc1544cdd397,positive_definite,4,0,0,0.02299018129715483,0.10958659435406858,6.229276684397779e-15,0.10958659435406858;0.098342119725274388;0.051453893697150553;0.02299018129715483,1.274845738558012e-5,0.24444558883608586,0.24444558883610154,NA,NA,NA,FALSE,FALSE,historical
uk-general-election-1997,2510,18,4,15,16,18,9c93263e7c2772d2a508592268cdcb7ccb5c0046316a9b5cc0af0fc72cd92ba5,480604583a64ca1affd2e30472e11737b5417c387b47e4f8701b45bc7798a596,positive_definite,4,0,0,0.017917266769485574,0.15146808073006965,8.609963556982032e-15,0.15146808073006965;0.079793544842803751;0.061799208431284933;0.017917266769485574,1.338269418760083e-5,0.2459336436915457,0.24593364369156984,NA,NA,NA,FALSE,FALSE,historical
uk-general-election-1997,2511,17,4,13,13,17,02dfabc88ca270dc2b1860d163117e171ea9ce63700112a5cc36a972603917f9,047be8929374919ee6f369674dc82ee3108aeab989dcbaf42c4d63bc9ba2cda9,positive_definite,4,0,0,0.009549580316705759,0.20318870244526036,1.154994052088002e-14,0.20318870244526036;0.0840161454284679;0.03526679381309443;0.0095495803167057591,5.749268271124678e-6,0.22128479408525895,0.2212847940853068,NA,NA,NA,FALSE,FALSE,historical
uk-general-election-1997,2512,19,4,16,17,19,9cdc7f17d802475ee905c86ad0d1a11299a9a017e0d9475a8614603445be1340,69b66f4c79af3588ec667c345b9deda1871b637678dce5fe3edda621417fd11f,positive_definite,4,0,0,0.022432418493531416,0.2392309209353462,1.359870344318473e-14,0.2392309209353462;0.1016124103681494;0.058201676967464484;0.022432418493531416,3.173771546023021e-5,0.2739661822197685,0.27396618221980373,NA,NA,NA,FALSE,FALSE,historical
uk-general-election-1997,2513,19,4,14,14,19,04b75d651d35afa1599d7741d91bb072e1f30063ac879ece76b680d7de64d9c4,5bd4fdd37f5a2e2007524d8d57a1eec390682a5b6b4b67040a2724dec5be1a2f,positive_definite,4,0,0,0.009445157633227598,0.19083482034942742,1.0847703626349552e-14,0.19083482034942742;0.050036470199871216;0.028842769436018774;0.009445157633227598,2.601300078760859e-6,0.20040050276800161,0.20040050276804666,NA,NA,NA,FALSE,FALSE,historical
uk-general-election-1997,2514,20,4,20,20,20,6544d56b489ba2a575b1707f2157f16e638bd75f1e168deb74f74a90a6636579,ceaa2c0db7dc17e41c88a281934f125a4bc497e55689e99f2bb99f87fde5aaef,positive_definite,4,0,0,0.018825462197493904,0.19731103919912818,1.1215834047057352e-14,0.19731103919912818;0.10689318116918899;0.038045052598141421;0.018825462197493904,1.5105851898458023e-5,0.2496854025681985,0.2496854025682313,NA,NA,NA,FALSE,FALSE,historical
uk-general-election-1997,2515,16,4,13,13,15,338cf564a8b6e82208f1ac3187c62456ec35884a3522b3a70a6ba8c3a29ed033,e58998ee4e7ec38e76c2f54f7df769cac23f3bd70c18dd28d4e9ac540297fbf1,positive_definite,4,0,0,0.028627007518622644,0.19953747514362727,1.1342392278017273e-14,0.19953747514362727;0.17516708850996093;0.06877040211417193;0.028627007518622644,6.881046614424599e-5,0.30179136716397387,0.3017913671639996,NA,NA,NA,FALSE,FALSE,historical
australia-republic-1999,2601,16,5,15,15,16,a86c89dcc3aae31af9bf10202a15f34c3e1e20678ace8cd0edb0180adb5c1c43,23bcfb6ab46fdc57a663ea49f3172040e9a61a934ffdea3cdac9913a0bcf457b,positive_definite,5,0,0,0.013922238168476583,0.17806863847427404,1.265253775345869e-14,0.17806863847427404;0.091864820707958428;0.040767638241858681;0.031146671021188867;0.013922238168476583,2.891831054281336e-7,0.22187955782210156,0.22187955782214228,NA,NA,NA,FALSE,FALSE,historical
australia-republic-1999,2602,17,5,17,17,17,85f3130c58784cf5d1bc18a2381253c72458c6fc7aa0349f5af9b4267845244e,f4cfbc64cb2d05d336b30ec11429c86d5652fbe88bb752d6479de13ac87c3582,positive_definite,5,0,0,0.02761494877240024,0.19795144062173076,1.406529581670176e-14,0.19795144062173076;0.1312642879243511;0.073634908005874369;0.036490603401133678;0.027614948772400241,1.9280322278252868e-6,0.26823251948091736,0.2682325194809513,NA,NA,NA,FALSE,FALSE,historical
australia-republic-1999,2603,14,5,14,14,14,56d077d03fc5955a83c7a9a13868c3c5f2ec5a3324f9f64623aed78b016bf1e1,6296a0f7e04adb75acc8cef6e89a629fdc2d39bd957503f3dc10c9b4aed2b957,positive_definite,5,0,0,0.031690158936155184,0.16935684967013576,1.2033527928433028e-14,0.16935684967013576;0.088766994654667114;0.077018854612789386;0.053630836418072078;0.031690158936155184,1.9678424556202606e-6,0.2687812891540859,0.268781289154112,NA,NA,NA,FALSE,FALSE,historical
australia-republic-1999,2604,16,5,15,15,16,efd15d677bc9d017d89672a2458c8d097d0e7394767e8abebebc37cb13356410,5f8b15d8f18a2e6112db132665a277ceeb3bbe7cea14c54ad8974bcca918e7a8,positive_definite,5,0,0,0.012317571729966906,0.24320891286861773,1.7281032631090747e-14,0.24320891286861773;0.090580297619100789;0.079731550941869997;0.022256088550100653;0.012317571729966906,4.815233840482912e-7,0.2334864802007722,0.23348648020083418,NA,NA,NA,FALSE,FALSE,historical
australia-republic-1999,2605,13,5,13,13,13,8e3b45c318bddc8907c77323592c83c51e92db9f1c7e74f30d2a793c53508f58,baf1d469e895ef4fcd4bb134fafe9452bc0c1cd04224c7161ed7275e154c8244,positive_definite,5,0,0,0.012733349005604994,0.17896075389527027,1.2715926366643534e-14,0.17896075389527027;0.03809746477443901;0.031200635599569978;0.02262424971656872;0.012733349005604994,6.128217158507791e-8,0.1899911688754293,0.1899911688754744,NA,NA,NA,FALSE,FALSE,historical
australia-republic-1999,2606,16,5,15,15,16,733e3db50f00924811d1226e56ade7bcf4fe95321bee35f6c98b42f0cfc4ab76,f29c3c59f4572db72066ea0401832bddba7bb437fc72ec92382c9f1baf98a6d0,positive_definite,5,0,0,0.012061887186077064,0.18492046581755325,1.3139389368003638e-14,0.18492046581755325;0.15767019628861978;0.07708671718343528;0.015900407796801495;0.012061887186077064,4.310599391361704e-7,0.23091586198077835,0.2309158619808302,NA,NA,NA,FALSE,FALSE,historical
australia-republic-1999,2607,15,5,14,14,15,548e200f6660c497745c16fac4a24052fc614260a124eb8d5a9838f1fe4b93ab,8f6807ce3ae94dac8eb08ddb1c1dd30b98e3871fad5bf72a61b5ae996233103c,positive_definite,5,0,0,0.017077597781060414,0.17075314524368226,1.2132740696108773e-14,0.17075314524368226;0.099338857622856019;0.081511215127042791;0.023254738254662542;0.017077597781060414,5.49089927591729e-7,0.23657254813905262,0.23657254813908993,NA,NA,NA,FALSE,FALSE,historical
australia-republic-1999,2608,12,5,12,12,12,e6ccc940a9e38bff36f4dbc6504bbd0eb991e9ee7c968309e6180730f272e524,127e9cb82464a60dc52d05e17e92095894d145d4cfdc492ed453a072cdb8625d,positive_definite,5,0,0,0.007510748868023706,0.2465668203071332,1.7519626304869946e-14,0.2465668203071332;0.123304552823281;0.071530217932069096;0.025287996769829672;0.0075107488680237061,4.13048418541861e-7,0.22993235972401133,0.22993235972409132,NA,NA,NA,FALSE,FALSE,historical
australia-republic-1999,2609,16,5,16,16,16,5ebd508dfe854010befae18197be3b1c50a2375b2abc59ef9e518691415db6c7,d159acdc5e2bf8336dad28b2fc89e42dfc3c8f63d227b6c6f1dde5c9065b4bd6,positive_definite,5,0,0,0.025165106884516345,0.21256612451111687,1.5103731564005107e-14,0.21256612451111687;0.063637115484783749;0.048545365550624005;0.035058799143033025;0.025165106884516345,5.793594988592257e-7,0.23784543106713235,0.2378454310671716,NA,NA,NA,FALSE,FALSE,historical
australia-republic-1999,2610,14,5,14,14,14,16eba6d01ac6a2d592289e1616368449aa50d61853b0b5900ba6d184132e423b,4b64ff89681b4140eb88dc79c2ef0f4289e131d40038e6dc6f84ab6349b55403,positive_definite,5,0,0,0.01664798289082405,0.2206179565849118,1.5675848642964623e-14,0.22061795658491179;0.06424010414327011;0.04770587824613829;0.027225807072584686;0.016647982890824049,3.064512330139645e-7,0.22317016643188894,0.2231701664319372,NA,NA,NA,FALSE,FALSE,historical
australia-republic-1999,2611,14,5,14,14,14,578df7001eefb21e873bb88c3dc932ade99d1fba174a7ee280e4dcc79a97a628,5a6d2fcda2079dd93893b29b3c0fb00621fe1b98eda79644b8222d7703dbf6b0,positive_definite,5,0,0,0.009327886388305704,0.14002328298879474,9.949252656496891e-15,0.14002328298879474;0.12196164779051413;0.060441403866660637;0.052057973715419564;0.0093278863883057041,5.012202283264997e-7,0.23442442476430517,0.23442442476434208,NA,NA,NA,FALSE,FALSE,historical
australia-republic-1999,2612,14,5,12,12,14,0645b4c1414156b41b81244d25611968552812042836cf776605334f21ee2785,6c36e47e13416efbc9069ff35620a1b997b0dceed420f6bd4484459efb1a0c05,positive_definite,5,0,0,0.012233019911025975,0.15690077893970508,1.1148470871070876e-14,0.15690077893970508;0.1065424325974223;0.061968279473979454;0.040757174198302326;0.012233019911025975,5.16481648198475e-7,0.23512861703831825,0.23512861703835441,NA,NA,NA,FALSE,FALSE,historical
australia-republic-1999,2613,16,5,16,16,16,56464924c7337d2de543f4d9381f3beae717dfc46ed12f8e6cfd694b9df949f2,2418168f2e14ce7779c62f4ec79c19aa56985c7ba344607a5a1a5aebdda7d57e,positive_definite,5,0,0,0.013115399099306478,0.17425318754849511,1.2381433659562555e-14,0.17425318754849511;0.086676130476200902;0.037852518300061026;0.02999852557130676;0.013115399099306478,2.2493469293588852e-7,0.21637428432714506,0.21637428432718606,NA,NA,NA,FALSE,FALSE,historical
australia-republic-1999,2614,14,5,14,14,14,e8e6601a044c14a57e8a9ace0233f15b9f9f8f50a09068b3d9944f94663fe2ea,4b967aa90bbdb4bb8b04cb7b864eab4afaacf08b6dd86a60deda44d6c77ae6d3,positive_definite,5,0,0,0.012886414566160543,0.146926617368355,1.0439764066088841e-14,0.14692661736835499;0.082401035129847949;0.076131656480106905;0.021579490130743281;0.012886414566160543,2.563136320915181e-7,0.21921848420816795,0.21921848420820367,NA,NA,NA,FALSE,FALSE,historical
australia-republic-1999,2615,14,5,14,14,14,869031aaed56224829f1f3379d807d6edc7290a076d3429076a1974199beabf7,dc20c4e0a843e131a7e3593b3ff3e193e9ac7287b71c8d8f41420b19b5793468,positive_definite,5,0,0,0.010195479994902184,0.08694595196243217,6.17788145706528e-15,0.086945951962432169;0.085608245117843554;0.052233332318460855;0.025800339202209803;0.010195479994902184,1.0226941867736315e-7,0.19997448118818728,0.19997448118820937,NA,NA,NA,FALSE,FALSE,historical
australia-republic-1999,2616,15,5,15,15,15,9f8c270009289d191e41c24ae9d67385d1105b648175111ce96c62415b046e10,b5f0df422d44a5b8d2304ad68f5b8bf3df33b7649c37638b3201deec1b55537b,positive_definite,5,0,0,0.02240819256139404,0.20445173332925565,1.4527169393066377e-14,0.20445173332925565;0.1503481498205011;0.064470563521178303;0.02689411209042224;0.022408192561394039,1.1943026327138971e-6,0.2556886434127632,0.25568864341280373,NA,NA,NA,FALSE,FALSE,historical
australia-republic-1999,2617,14,5,14,14,14,6d2d4fd6518c480670c8514a72e862cda830b13e634d5bccc807d8efb1855134,ad010b8a2c03d0f7561c7dcaf51ce6f7910062b108a411238a95825e9a806ed3,positive_definite,5,0,0,0.008291048010383066,0.1641600972442379,1.1664276459856488e-14,0.16416009724423791;0.11597239293979475;0.043324674666216638;0.01730102782923337;0.0082910480103830664,1.1831474279400468e-7,0.20291020348627892,0.2029102034863302,NA,NA,NA,FALSE,FALSE,historical
australia-republic-1999,2618,12,5,12,12,12,cbbba33a4be513aafbe48355809e413753aba044e7878fb83081834d7b454926,c8c009d037aed32b819f4c89230e7a9c0bf6ea215d933ccdb38d9d9967b8154e,positive_definite,5,0,0,0.005347403178637819,0.1099607316280822,7.81317990771997e-15,0.1099607316280822;0.096529791498121451;0.020729882053739768;0.0067193338973109279;0.0053474031786378187,7.906148593052994e-9,0.1548091040710145,0.15480910407106324,NA,NA,NA,FALSE,FALSE,historical
australia-republic-1999,2619,15,5,14,14,15,478fabc8e8996aacd291a8c2e946ea17d4f76007ef5097a5ad61822b2f223767,22425c5436b136eb9112b65e765080e7c3bb83f08327863ced4a63d8f51d2ec4,positive_definite,5,0,0,0.004385358630229744,0.26971087937039184,1.916411060921006e-14,0.26971087937039184;0.096958654084567442;0.079051208642697629;0.062978275543989465;0.0043853586302297441,5.709386420210643e-7,0.23749744605639317,0.2374974460565164,NA,NA,NA,FALSE,FALSE,historical
australia-republic-1999,2620,16,5,15,15,16,1501e1190e0792c900da01cf8eb7134e4a81628564550550052b60de0f59f63e,356b4122f74815596350422cff95c94a86fbb363b47d226f9211cc8fc591bb42,positive_definite,5,0,0,0.007627695659129982,0.23690186927839454,1.683289023037521e-14,0.23690186927839454;0.077027567381335399;0.049469578104624864;0.032185394817917198;0.0076276956591299818,2.2161802194165824e-7,0.21605310265396258,0.21605310265403516,NA,NA,NA,FALSE,FALSE,historical
australia-republic-1999,2621,13,5,12,12,13,cc1a90ef469a067ec596128aa3d38e415071912ee2046b2413e377f5fdcc476d,e4719cadc39e5b4a0f95bf120e1fa5e8957eb45ea00d4b4ab5f7316e3820fd40,positive_definite,5,0,0,0.016794739702255822,0.21794489013763677,1.548591584833309e-14,0.21794489013763677;0.11887682766392695;0.07798703871730675;0.039240966029585968;0.016794739702255822,1.3316168913775118e-6,0.25848653777484076,0.25848653777488523,NA,NA,NA,FALSE,FALSE,historical
australia-republic-1999,2622,15,5,14,14,15,6aa1325cb04c49018afbc08b5d66280f5e3b42ddc6988df0cdc0dfb62d937bf2,4529636f67c7c8d6f84cebdcca0f32bbe01aa326806641c45cdda680d11d385f,positive_definite,5,0,0,0.018602452216638646,0.19449961492447293,1.38200288492721e-14,0.19449961492447293;0.06495564730328926;0.042538303841005369;0.023509547445159554;0.018602452216638646,2.3503378611159008e-7,0.21732667205546338,0.21732667205550557,NA,NA,NA,FALSE,FALSE,historical
australia-republic-1999,2623,13,5,13,13,13,ae94027df68edead01006595386e2e3a2ace95551c0f246f70afd662127163b3,c5e4fa47314b9309665113a3ba47a372b5578cfa706b10015c47703e87b0e6bb,positive_definite,5,0,0,0.017665412139794646,0.257174903325165,1.8273375937750202e-14,0.25717490332516502;0.13449068115116833;0.055189688180605774;0.040652481157682045;0.017665412139794646,1.370848780511287e-6,0.2592381747515054,0.25923817475155775,NA,NA,NA,FALSE,FALSE,historical
australia-republic-1999,2624,13,5,13,13,13,5794e5927387d39e97f51e1af068e0605a586a7561570ac3f802b9c7696de55d,2fa703314fce961558e25b19d8391930bb3804c898d5d6e96bab64eba18131df,positive_definite,5,0,0,0.0132137562964709,0.12854689364054045,9.133806148081224e-15,0.12854689364054045;0.097942834822514091;0.053244616766689838;0.035805459727346008;0.0132137562964709,3.171651847907282e-7,0.22393838966177332,0.22393838966180202,NA,NA,NA,FALSE,FALSE,historical
uk-crime-1994,2701,17,5,17,17,17,d894927e460bc10c98fa31fb4186b239d4330823e1819a1cb75c4f5a164e0b22,6e95f94a3bdca4060cbb93f8107daf2ca2a06b73d944dcdd8d7750770a8d5305,positive_definite,5,0,0,0.00307486754764309,0.05901244254178921,4.193086236752863e-15,0.059012442541789209;0.031351494732361138;0.025212537341686294;0.0078527236555562697;0.00307486754764309,1.1263286307286128e-9,0.1273991447081293,0.12739914470815825,NA,NA,NA,FALSE,FALSE,historical
uk-crime-1994,2702,17,5,17,17,17,fcb7726ea1247cf813b67d2e51607d7566d4d003442ba98cb24e106485bf605e,7450ccc6f51732607565ac8e50f38d9944af54868dcd7d596acf97845917c70d,positive_definite,5,0,0,0.006454398174618718,0.07526388100828293,5.347820391554801e-15,0.075263881008282935;0.031833297374058794;0.023552366417769772;0.0082122639143615717;0.006454398174618718,2.9910345939194644e-9,0.1404695346241132,0.14046953462414058,NA,NA,NA,FALSE,FALSE,historical
uk-crime-1994,2703,17,5,17,17,17,47569acb2f93525edda0d79c68aac11524353463f43930714f2cc89fbae68a48,c0ad8c0d192b403d6dce2bc597955c118bf459f12dbeabb3de067506be2ebb4a,positive_definite,5,0,0,0.010276850395361125,0.10912048603927699,7.753476867781968e-15,0.10912048603927699;0.058746815927053837;0.021035319854460069;0.013006962253469085;0.010276850395361125,1.8025016002765982e-8,0.16810768435794662,0.16810768435797904,NA,NA,NA,FALSE,FALSE,historical
uk-crime-1994,2704,15,5,15,15,15,2c3f4915c1c19fe45b74b9efac3c4703f5cf4b1594a17a89e92333de164c058c,9840406971ac86bdd67c25c74009e6ba0cd6d8fce6c813ce5e4bd2c978ed330c,positive_definite,5,0,0,0.0028815794904667852,0.06174464498508389,4.387220896623766e-15,0.061744644985083891;0.036079482723005665;0.027673531259459996;0.0099193625299979406;0.0028815794904667852,1.7621324471807014e-9,0.133230560453208,0.13323056045323886,NA,NA,NA,FALSE,FALSE,historical
uk-crime-1994,2705,16,5,16,16,16,f32dc2d3129379abab97722bf5ebc8f992473d25f2cf14323c0908d95debd118,cf6581b7da55913ac7a27da7da3a57f92598c060650b0be29270ecdb055f3767,positive_definite,5,0,0,0.010981340915394232,0.0734753981195144,5.220741039090228e-15,0.073475398119514396;0.057312890016941453;0.025093201969897047;0.015890409423736603;0.010981340915394232,1.8439145874025062e-8,0.1684899804927624,0.16848998049278213,NA,NA,NA,FALSE,FALSE,historical
uk-crime-1994,2706,14,5,14,14,14,0bd56c1d2b4c18f841032665b0f542f0a6a2de90d0636c343e1e77853eef90a7,d2381527c47e7f19613d14579564fc31066a7c93e079e2316a62bb97ace8f16b,positive_definite,5,0,0,0.004823246870753377,0.0905041146986228,6.4307041255505336e-15,0.090504114698622795;0.029425289275620405;0.011781750084789244;0.0064907308262132993;0.0048232468707533772,9.822724468111558e-10,0.12566756388856634,0.12566756388860606,NA,NA,NA,FALSE,FALSE,historical
uk-crime-1994,2707,11,5,11,11,11,d24f3a5c4a7e514828cc8a78e70f4d51750621ae3d2f619640a2bcfe811e839c,b987a557e1f02d604a6983b60573297e559350b5e057b4c43e4787d41052c8d5,positive_definite,5,0,0,6.039116995374117e-4,0.08944859077341462,6.355704639802768e-15,0.089448590773414619;0.029089242274836682;0.011772812043789447;0.0069742692880960565;0.00060391169953741167,1.2902036835197666e-10,0.10258074001869408,0.10258074001881984,NA,NA,NA,FALSE,FALSE,historical
uk-crime-1994,2708,13,5,13,13,13,e0bd20f7f0c19a1fd5ba35527c69af6dbb03d6dead3193fdd1e094901626b81b,95eb61906c494ce42e968bf73cbdd53363b9e4d16d79f22db41b19939d9e61c7,positive_definite,5,0,0,0.002491791260401791,0.06787309686189595,4.822673592876182e-15,0.067873096861895951;0.037399076705462324;0.011135802985710838;0.0066270194906601614;0.002491791260401791,4.667775830320263e-10,0.1166570524736884,0.11665705247372686,NA,NA,NA,FALSE,FALSE,historical
uk-crime-1994,2709,16,5,16,16,16,ee75ceb869579d7452e271e432a6b812c59a6760ff7158b531c8286af2c2053b,f045bcca672402d16a6fbfcd53ed5e9be883c5988840c6b478b9a308aa1c56b8,positive_definite,5,0,0,0.0037254680476852048,0.05835412349195293,4.146309854885496e-15,0.058354123491952931;0.041411769733157369;0.026528086447914791;0.0075322857330878783;0.0037254680476852048,1.7989077550754767e-9,0.13350603236661224,0.13350603236663885,NA,NA,NA,FALSE,FALSE,historical
uk-crime-1994,2710,15,5,15,15,15,d4b0546f6042d3d59a602ccfd167f3a9c87eae263e4daa5c6c19fb8d6a23e1f5,fe8cb41fd2a3536d4f4da029a07834e7368e5f74d99464573a2f786b4c0955e9,positive_definite,5,0,0,0.009249046583401555,0.05785232731181154,4.110655091822333e-15,0.057852327311811537;0.044189605800938184;0.028721177819876136;0.014442857972310789;0.0092490465834015548,9.808290386461557e-9,0.15818282650919527,0.1581828265092117,NA,NA,NA,FALSE,FALSE,historical
uk-crime-1994,2711,18,5,18,18,18,81996968b1880bc7202daab2eb4da5ec32c7b5a07659b0209f36fd75b3ea7135,90bd40d3ff36ca7297e4617a262b44c857c1ebc917d10315442bf725c74fbb9f,positive_definite,5,0,0,0.006552718012436986,0.07968163774210518,5.661720887112067e-15,0.079681637742105182;0.029504424520691692;0.012938853965738989;0.0096818768542710782;0.0065527180124369862,1.929844181249634e-9,0.1344473431635648,0.13444734316359366,NA,NA,NA,FALSE,FALSE,historical
uk-crime-1994,2712,15,5,15,15,15,2ec02ca3a8212f220f5064a64177918d86daff42071cffae51dd9b54d9b35dfc,ba2f404912272a27a5699299bfcc1005657446e1955a42ae8e2c2d815db694a4,positive_definite,5,0,0,0.007741502831681208,0.06344965190902832,4.508368925046704e-15,0.063449651909028321;0.025808755771912821;0.011966842860892899;0.010874864871004803;0.0077415028316812082,1.6497762460107756e-9,0.13235565591786871,0.1323556559178902,NA,NA,NA,FALSE,FALSE,historical
uk-crime-1994,2713,12,5,12,12,12,156b7fa3e6d34096801c0a203b3ac6f513a2659c5c56954a7eb63583b85ea9ba,4ac3cbf9697f90d449b21a732ee1ba8929a34a662c7fe32633e0e89516eb4ca0,positive_definite,5,0,0,0.0023050970160814355,0.067517630158131,4.797416164459705e-15,0.067517630158131003;0.039533424830462766;0.011410143163712893;0.0056203493403393472;0.0023050970160814355,3.945710726225871e-10,0.11471297003818404,0.1147129700382247,NA,NA,NA,FALSE,FALSE,historical
uk-crime-1994,2714,18,5,18,18,18,352d3c0999840cc6ddf4ecbdfce3ef1f260b1f41f2d1e4e6a119bee138d289ac,e6359b6283087f1853e353c87634ac9461c6c4d0dc718acfb76f7174eac8f7c3,positive_definite,5,0,0,0.00834468943346886,0.07949077413598683,5.64815921222723e-15,0.079490774135986833;0.046585121615434967;0.022328822347350234;0.013387099616915085;0.0083446894334688604,9.236904460054986e-9,0.15723623826222458,0.15723623826224886,NA,NA,NA,FALSE,FALSE,historical
uk-crime-1994,2715,16,5,16,16,16,5d8da7add5d3123299bbff6bc7ca9b6aaa24a5fd9e7795ec0ec1fd8542e6f678,5756a7a3ad1a1abb64bdfa40a05c97c1aeb432c5c8bdf6aa47f07f3dfc803e66,positive_definite,5,0,0,0.004214112203059486,0.0758957365482998,5.392716427955676e-15,0.0758957365482998;0.024916083240566368;0.021007017432635493;0.0090025637173275774;0.0042141122030594858,1.5070714672404386e-9,0.13116361711671115,0.131163617116743,NA,NA,NA,FALSE,FALSE,historical
uk-crime-1994,2716,12,5,12,12,12,e97868a349e26d56cabe1839da3901d474b942e0ce2fd7e94dda9849b5c97593,296cbb13b68dfa4b8241bd131aba160956d46e9a6802fc8eeba66b9121230b2b,positive_definite,5,0,0,0.007315971583453706,0.05526581160161291,3.926872096941232e-15,0.05526581160161291;0.052024247582178905;0.025788567052131676;0.013112445267744036;0.0073159715834537056,7.112876521856498e-9,0.15318086829039884,0.1531808682904163,NA,NA,NA,FALSE,FALSE,historical
uk-crime-1994,2717,13,5,13,13,13,571aa627c5f7f40f4782482e40d1034a87132fa84def1316202a379fdbe90d7d,d2364b82064d6a07c723fd6b17a5e787e55d1d300f4996845031a0375dc806c1,positive_definite,5,0,0,0.0022148755577075982,0.089136486456946,6.333528294316153e-15,0.089136486456945996;0.035694635882651815;0.012808253367575842;0.008751072809192826;0.0022148755577075982,7.898761580820877e-10,0.12295774804315057,0.12295774804320385,NA,NA,NA,FALSE,FALSE,historical
uk-crime-1994,2718,17,5,17,17,17,36ad7acecbef0f5088deae37240b981c84cd4080a696a9389c944c87f066b5ac,bf705e0d27dfc1f7a22086f5cf9fc1914e61a97693f512fe119239bcc336eefb,positive_definite,5,0,0,0.0021853597649630846,0.13747169208709262,9.767951218513291e-15,0.13747169208709262;0.039248540526776579;0.023073785125657366;0.012619372802924864;0.0021853597649630846,3.433336318913018e-9,0.14242021424952564,0.14242021424961082,NA,NA,NA,FALSE,FALSE,historical
uk-crime-1994,2719,13,5,13,13,13,588b26669c4724ad969da8e39f6d6bd59ee26e43f897628d4ebc168c7f95fac4,ae07fe7d3d4023c4309aa7ef53947e0cb2c2b99248fc7d4b2770475d5c9984e0,positive_definite,5,0,0,0.00346569134365499,0.05829663657396164,4.142225163687502e-15,0.058296636573961641;0.029475411990138586;0.016737884178516318;0.01097974191429533;0.0034656913436549898,1.0944248731992685e-9,0.1270335970051344,0.12703359700516023,NA,NA,NA,FALSE,FALSE,historical
uk-crime-1994,2720,14,5,14,14,14,52eae49aa5f15dd2d456fcaa0c3411519bd2f3291fdd23b13256deb15d9b6506,f32591ed35ab16fa2748db4775b59904b8c191b9aa2b19e3acaeaee8ec9d3cdc,positive_definite,5,0,0,0.00673652383546302,0.04955332748969795,3.520975688054616e-15,0.04955332748969795;0.042628491213136881;0.027207766571445788;0.014709278044202153;0.0067365238354630203,5.694988941815554e-9,0.1498129267578519,0.1498129267578676,NA,NA,NA,FALSE,FALSE,historical
tomorrows-europe-2007,2801,21,7,21,21,21,43d949f05f7c162012ba165a1fa59b690d000aa9ed833b98a91fa243927635e8,e40a0ea0ac6f0669b519d00f9aa37a8b5c5269f3e5b35a52652c5fdff334ac0e,positive_definite,7,0,0,0.014763495120621754,0.25054934686659375,2.4923642571169412e-14,0.25054934686659375;0.16801779054395025;0.087697282556297426;0.064997938289570817;0.045279511444797138;0.023565914940073842;0.014763495120621754,3.780153928135213e-9,0.25026120688565817,0.2502612068857335,NA,NA,NA,FALSE,FALSE,historical
tomorrows-europe-2007,2802,20,7,20,20,20,a9d57b7f0e198c26b46bdd9a13036da65baaf6c1ace559dde8785bdae398cdaa,ac272d008535df37243c729549abfc19bb063a5864df822a0a2a5d0c00eb80bd,positive_definite,7,0,0,0.017178223805179135,0.19680773772907068,1.9577643173867823e-14,0.19680773772907068;0.13375122260722719;0.089503123228699313;0.06423325058671818;0.03365236944929105;0.01947051813475011;0.017178223805179135,1.7033717259192578e-9,0.23640951911336483,0.23640951911342387,NA,NA,NA,FALSE,FALSE,historical
tomorrows-europe-2007,2803,20,7,20,20,20,52d66652abdfce2b86f9e8aa031fe97b3b50edeb816037ccc72a4b7a8c3c8ea0,9b97712997c06c69ae141f4f31c419e65282c6efd099e5b620d1376ed973e961,positive_definite,7,0,0,0.01335687398353002,0.22641451982391947,2.2522806926409603e-14,0.22641451982391947;0.14619717751287137;0.096502203795480593;0.065220261081536252;0.050654778066108741;0.027752093265793573;0.01335687398353002,3.911866442496105e-9,0.25087420043211445,0.2508742004321821,NA,NA,NA,FALSE,FALSE,historical
tomorrows-europe-2007,2804,17,7,12,12,17,4f2bd5e956fd0462ed9f349daf19d3359d2392561dd74000fd0918c12790d13a,aeb21c3a063be375dd016badbc510c158acdb4513a65e4e8c05fa93f3b56e560,positive_definite,7,0,0,3.3191362182127744e-4,0.21746364747523017,2.1632410100758805e-14,0.21746364747523017;0.15059466800486448;0.12960241356531099;0.078591446643781593;0.04959677159988362;0.025836455029907123;0.00033191362182127744,1.4187178886363593e-10,0.19795387299341566,0.19795387299436246,NA,NA,NA,FALSE,FALSE,historical
tomorrows-europe-2007,2805,19,7,19,19,19,bd2fa77f685cfe428d750373a07fa703adf9b632140fd33f13036b32b5e16a23,1eb5f30d5cb0982e7a6bd8373c05b6844704085abeb597e06c126f67a48c1730,positive_definite,7,0,0,0.01963239058818799,0.260053105958448,2.586903834908776e-14,0.26005310595844799;0.13677847011430977;0.10933263619589652;0.059861114199708534;0.03796713535421449;0.026562769421593115;0.019632390588187991,4.609234157587047e-9,0.25383114700980264,0.25383114700987386,NA,NA,NA,FALSE,FALSE,historical
tomorrows-europe-2007,2806,19,7,19,19,19,42063d592547ca952fcaf7e9e88df9c38db8e538096039a039b0315828b8e082,6fd69f22d77558d14f60335879aa8220158be889e70ad9e45e934c2871b2e8f8,positive_definite,7,0,0,0.01114393842017744,0.20179717549654697,2.0073972400436853e-14,0.20179717549654697;0.17542656290255532;0.082041409295195544;0.064640380754133003;0.057612090336793501;0.02562791647880848;0.011143938420177441,3.0889657441093886e-9,0.24667748196181774,0.2466774819618828,NA,NA,NA,FALSE,FALSE,historical
tomorrows-europe-2007,2807,21,7,17,18,21,476e9749166ab0113d5780279b9e85706c54585b02d624d1b26b477cb295f91d,73254145e6d2674c5d44cb8a211d97ca27f92d0c026bbbeaefacae7968502282,positive_definite,7,0,0,0.011649421272311177,0.2226354147164607,2.2146876730960585e-14,0.2226354147164607;0.17849668058339338;0.10947351591261009;0.071504323675632669;0.044064358631182611;0.040319068381620179;0.011649421272311177,6.4382532431661795e-9,0.2599632776377408,0.2599632776378092,NA,NA,NA,FALSE,FALSE,historical
tomorrows-europe-2007,2808,23,7,19,20,23,4c464179fa6587cd113336d58f92cc18b24717fa922fff1c7b682c0fe1f7deef,541ed0de20b73859f2841d8771f2106a7ebdca6506530fec56cdc58acd8199fb,positive_definite,7,0,0,0.015317225473575351,0.16618736001865836,1.653165100109687e-14,0.16618736001865836;0.11820781748490145;0.10306196282170126;0.041185206782077724;0.035431398089922052;0.022306540151674745;0.015317225473575351,1.0094491744464102e-9,0.22773752896441968,0.22773752896446986,NA,NA,NA,FALSE,FALSE,historical
tomorrows-europe-2007,2809,13,7,12,12,13,3adcaf5cad261e91ddbb3f1a59c3a13b9d5117c3a4d18b3b2ce451cf37b4fdd9,019a13bfe7beeb812726eac3bd19461f0177ca3b53d530ae6297374e617b1d7e,positive_definite,7,0,0,0.0033720605740909532,0.2987441434534177,2.9717867337437894e-14,0.29874414345341771;0.18354644084125105;0.079827709987779799;0.055346302107274224;0.042947539493090832;0.020191619393911269;0.0033720605740909532,7.084226764653553e-10,0.2220493268993455,0.22204932689953819,NA,NA,NA,FALSE,FALSE,historical
tomorrows-europe-2007,2810,20,7,18,18,20,fdff832c068673cac957fe4b1a9ba55e6b63708696ddfd9655e079fb2a8dcf0d,1d8397ecbff1fff7de6be23469dfbe410a247fbbb8b14a3b82c522f93bbbdd5f,positive_definite,7,0,0,0.007327466945761164,0.2196770387629131,2.18525893748789e-14,0.21967703876291311;0.1063070277183063;0.10002037227550482;0.027091670621928396;0.020830598650940575;0.017240525317043343;0.0073274669457611642,1.6652406689822203e-10,0.20023227052764553,0.20023227052774029,NA,NA,NA,FALSE,FALSE,historical
tomorrows-europe-2007,2811,20,7,19,19,20,255b276e8a9609599c467be67ffcfa94c6fb89f2759e6bc5b8b0b02bc06b154e,279b662f9cc57b0888bac6eee2348fc934b437516055c276c2ddb32b5c6744d8,positive_definite,7,0,0,0.0061368999981504194,0.2604708863606753,2.5910597465280133e-14,0.26047088636067528;0.13960646303051311;0.08024927462151106;0.064644215438328073;0.042595583947466466;0.031373750799262273;0.0061368999981504194,1.5470899398843796e-9,0.2347900471329848,0.23479004713309656,NA,NA,NA,FALSE,FALSE,historical
tomorrows-europe-2007,2812,22,7,19,19,22,8cc7f3e4f352a8b8d84bd08dccb07f0a91d633d5ac0634985517f0d37abc11ee,1792de9bd1f8a4091f37856acbad03268586cff13e1be76cd8c320f8d25f9979,positive_definite,7,0,0,0.011084466230554558,0.2517788174925079,2.5045945370259735e-14,0.25177881749250791;0.15385676761994871;0.082590060441769142;0.050964892907824792;0.023536879924007621;0.022596476485004884;0.011084466230554558,9.612560669729585e-10,0.2269431497397354,0.2269431497398245,NA,NA,NA,FALSE,FALSE,historical
tomorrows-europe-2007,2813,21,7,17,18,21,fc6287bc8d241f94398be2e1ead0760d161a48e70d6accd91860f86198a341fb,4be028ab4012f6df034d64b9577e303a4b1d590b95c4b04a2a5c3bacf123774b,positive_definite,7,0,0,0.008830154440413603,0.20309794207234919,2.020336743422667e-14,0.20309794207234919;0.18034857426599749;0.1165122317150639;0.05656316186792567;0.046767998648370085;0.023420624646521684;0.0088301544404136029,2.3347425295284566e-9,0.24179406826259248,0.24179406826266722,NA,NA,NA,FALSE,FALSE,historical
tomorrows-europe-2007,2814,17,7,17,17,17,9b43055a4bb8f4bdddd8172878615a7c487703e0dbe67b75eaabbbe60aa165db,566147de96c27f0eab9f353fe03dc2a5c9a4f9d79332085097426052365d5e85,positive_definite,7,0,0,0.009359566379965559,0.3225872986930237,3.2089688642872234e-14,0.32258729869302372;0.13306562159733881;0.089352408677789485;0.045226257240358843;0.026109246095477854;0.021127368881404922;0.0093595663799655587,8.95582336373446e-10,0.2257989004802207,0.22579890048034298,NA,NA,NA,FALSE,FALSE,historical
tomorrows-europe-2007,2815,21,7,15,15,21,a3c656481c7f6f2c14078766bc9dfe7495cdfd47359ad4944352808aff5665d5,6e41f3f68487e1deef47fe555b64270ca4493a988e4fa4f6ed096f4f1b8353c1,positive_definite,7,0,0,0.013339010483471279,0.2080855744426973,2.0699517067141657e-14,0.20808557444269729;0.1373304739541476;0.073524504815398517;0.047507598065458442;0.030430842252183784;0.01719985051880674;0.013339010483471279,6.968933711422145e-10,0.2217892296134544,0.22178922961352404,NA,NA,NA,FALSE,FALSE,historical
tomorrows-europe-2007,2816,16,7,10,11,16,e4868c84bf69f1e336972a1112070ea9845079bacd7fa67552d0500e5ed3035e,19aa3b23bdd19022b24920e176133a8f3b758b3492143733fbd7c19dbd6d1bb6,positive_definite,7,0,0,1.7012148815682276e-4,0.24116930455327193,2.3990553641409968e-14,0.24116930455327193;0.1509786249284141;0.091610472080977848;0.041948262277986564;0.027357975798747016;0.022008835553542699;0.00017012148815682276,1.4332989809235369e-11,0.16805546040971975,0.16805546041145109,NA,NA,NA,FALSE,FALSE,historical
tomorrows-europe-2007,2817,20,7,16,17,20,43cdecdd213125c2638c97fffbdb744fd637b497d75e2edc637714f28e5caf3e,a5706e6df39d283c9b904f1d50ef239e502e543b8829a66cc1f6dfe77b8bb7f8,positive_definite,7,0,0,0.014557073021437309,0.2399104764614759,2.386533047954247e-14,0.2399104764614759;0.17301607852566903;0.12860302534181828;0.062838713458935408;0.05734928757672221;0.019353198820282795;0.014557073021437309,5.419621959253746e-9,0.2567847415291417,0.2567847415292167,NA,NA,NA,FALSE,FALSE,historical
tomorrows-europe-2007,2818,14,7,10,10,14,144848435d0d5fa672cd119fe3d08ce8829ce4bbf85476341ce910bf822f3c21,8d7a8a7942e03af349576389d72a4fa03b612e881646a8f6d2d8420a2bd4d86e,positive_definite,7,0,0,0.012952077224946266,0.251802069124855,2.5048258349243963e-14,0.25180206912485498;0.19625038725646943;0.088467235424346299;0.055972097200929861;0.046209405368428505;0.020367962374383569;0.012952077224946266,2.982917497331253e-9,0.24606271011078765,0.24606271011086958,NA,NA,NA,FALSE,FALSE,historical
cpl-1996,29101,13,7,10,10,13,f392b427f4cde1f8f5d96f95f7a40c8ad8deb4b8ce45e362684ad0722a0e7d34,1bcbb2b78295ecfa736ec4652b31463bf36426858777c72669537beb2562bfb1,indefinite,7,1,0,-0.0012497118232929882,0.17995631740198476,1.7901331571776685e-14,0.17995631740198476;0.13008707495775307;0.074056482012122088;0.056556122278499044;0.020333106695240639;0.0014930288351137743;-0.0012497118232929882,-3.7198528605301e-12,NA,0.1526191333134931,NA,NA,NA,FALSE,FALSE,historical
cpl-1996,29102,12,7,8,8,12,3bf483c1148f93a3b6229c8b2a91d748049208e1b56785170e758eecbd8b2b63,e32c891a400169eca48b330d61c130b44046e850ad3261cb516ce3b014481b4c,positive_definite,7,0,0,8.71766786634771e-4,0.2391928289563342,2.3793941788516396e-14,0.2391928289563342;0.11547266070565863;0.10666966448265636;0.046015858224596619;0.01850937256470012;0.0053776967642677033;0.00087176678663477105,1.1764246322841397e-11,0.16570133515604904,0.16570133515645205,NA,NA,NA,FALSE,FALSE,historical
cpl-1996,29103,12,7,9,9,12,3c1ff3b5c92612f35b84817b2133974ec96f73df7b4621e5a9766d53cae89c6e,d4f2f6418f8e543cf7426f832154250683230aa370df871a48f911abe718bda1,positive_definite,7,0,0,0.001658594049133248,0.24880222598477614,2.4749846004019572e-14,0.24880222598477614;0.12019118228111837;0.089716008994274399;0.038176176617304228;0.031650237392461096;0.010017695893053664;0.001658594049133248,5.38609692089475e-11,0.1847224087824894,0.18472240878274548,NA,NA,NA,FALSE,FALSE,historical
cpl-1996,29104,13,7,9,9,13,a75a45dc2b1e2168f6b03b69f69f36d0404205c6900fa5e34794db28f3d64de6,29ab0841ba6a319ee80a99bca94837d3092c6a0c237e9bbd27542f2851627fd9,positive_definite,7,0,0,0.00640645363761405,0.27599755746854476,2.7455128336552738e-14,0.27599755746854476;0.18491412259777307;0.10169947832446023;0.080558521640122574;0.04302591258730392;0.010230850014577781;0.0064064536376140504,1.1791390675033101e-9,0.23027916441200522,0.2302791644121445,NA,NA,NA,FALSE,FALSE,historical
cpl-1996,29105,11,7,9,9,11,ef2fe117d38386b3f8989ad6a77cb66bcea74ce22f71d1bec42f6506576eb79a,c4e0cba99b5e645c1ff7ea04b1ad50f56cd4c89c5fc3058a6081f59028d6189d,indefinite,7,1,0,-7.894894998516678e-4,0.27061737498986055,2.691992939573174e-14,0.27061737498986055;0.13311423636864272;0.10952189667501262;0.055504798701563759;0.023813665350148634;0.012143022465128444;-0.00078948949985166775,-4.999321577713513e-11,NA,0.18374178614283584,NA,NA,NA,FALSE,FALSE,historical
cpl-1996,29106,14,7,11,12,14,0533f337855857cd9c5a0e365eee70b4f98e3f69cbd24edfd82a9eddcf6fce34,2d65185add9c0b47c372e57a8c02f25135203bc8528b8d7793658f9edeb68738,positive_definite,7,0,0,0.008336171815921351,0.19293292563184578,1.9192192431531232e-14,0.19293292563184578;0.16352184292848629;0.082295451319911533;0.056231009140553713;0.052446376710235929;0.02508329205011528;0.0083361718159213512,1.6010338496341144e-9,0.2353655486682905,0.23536554866836154,NA,NA,NA,FALSE,FALSE,historical
cpl-1996,29107,12,7,9,9,12,2412003c23c00693b3a6bd4c6a6b94aee2bfeb3e39b59e711ad33e86d135aeaa,2e05a5ecfa9fa3d681f1ed68c4261ee4ea644947b6777a02f7aa13e517263de0,indefinite,7,1,0,-0.0013724568578891531,0.25976700357608307,2.584057803336153e-14,0.25976700357608307;0.11901183664621498;0.071604618409460613;0.031308079613474371;0.024572413211387104;0.014118922067935668;-0.0013724568578891531,-3.3000434570637526e-11,NA,0.17837041911964843,NA,NA,NA,FALSE,FALSE,historical
cpl-1996,29108,15,7,13,13,15,91859f228f0ef2a00d9f73a5cb4d186ea7c193d287a643da5a7dc87bac03a563,dfe25ab0669ed6c33f2b7354d87e320ea8897f87922564f4ad8f9fc7eeddf157,positive_definite,7,0,0,0.004327440845665059,0.25223464554506797,2.5091289313870048e-14,0.25223464554506797;0.10935420385694583;0.045099151831981356;0.035031827070154085;0.01610883283227308;0.0049634035124179743;0.0043274408456650589,1.5078084842108557e-11,0.16866490550436763,0.1686649055045364,NA,NA,NA,FALSE,FALSE,historical
cpl-1996,29109,13,7,11,11,13,77d0fee4e4316bace26781f65ebc79ee1284c785ec874412bbfe2d105838e5db,5d1b4427cc17c0a55f71bf8570deefabfecb1f9c3affb3f004e36e7404c73c96,positive_definite,7,0,0,0.0021415180948417788,0.2603885399800738,2.5902405978122777e-14,0.26038853998007377;0.17682065679217138;0.092551904608725519;0.056957915606547914;0.019490995214709053;0.0058821526866133945;0.0021415180948417788,5.959178177247696e-11,0.18606135069279642,0.18606135069304622,NA,NA,NA,FALSE,FALSE,historical
cpl-1996,29110,13,7,11,11,13,e5a2ec1cd58cf529039c8e6674a892648c67456e88cf41598bfcd8a5912fc7f5,aa41cec3fc26b0bff598cb7141a4025c5972fb602916402711257ae01cceeda8,positive_definite,7,0,0,0.003227520076705482,0.2004269864681347,1.993767149993094e-14,0.2004269864681347;0.14189095196924115;0.078385909997566269;0.034513274293802777;0.026759253848259838;0.008557029919716486;0.003227520076705482,5.685924243689411e-11,0.18543857289065138,0.18543857289078822,NA,NA,NA,FALSE,FALSE,historical
cpl-1996,29111,12,7,10,10,12,119edb49bce8445980271430f7d98579f64e255830d7160dcb75d30c084fb151,27a90b301957aed88776c5578c47c2c601f069b7b8dadfe0e4f6c9811fdfacb2,positive_definite,7,0,0,0.0012549077841528479,0.1858815625462313,1.849075115705459e-14,0.18588156254623131;0.1292300562592347;0.09050296732085894;0.049404603355929409;0.01699101905270102;0.0053854518627100235;0.0012549077841528479,1.2333418603908346e-11,0.16626149318969857,0.1662614931899372,NA,NA,NA,FALSE,FALSE,historical
cpl-1996,29112,15,7,13,13,15,0a2bcbdf9b078a70abb505f8f18599db2b76b1f60ac1c276edc23b1c61a79b86,9eb52ac943da6e0532a90b705b7ddd8ab928ecfbf8477e0b47ac6222734a9c1d,positive_definite,7,0,0,0.004560417979457976,0.19863535964957485,1.9759447660974045e-14,0.19863535964957485;0.10416930505262595;0.071610563080006351;0.041164408549722635;0.022846929734726226;0.010263473829343655;0.0045604179794579763,6.522621398123535e-11,0.1872659104967632,0.1872659104968724,NA,NA,NA,FALSE,FALSE,historical
cpl-1996,29113,16,7,7,8,16,668335b81073852c7e7a8a941d2e373ffa98cad23c7f3aeef4d7b09cc199f138,96a745757ec6fe7216d2763bd1854e632e1f74534cee481a1298649fb179c532,indefinite,7,1,0,-0.002033317424371795,0.2644855529645202,2.6309960372140627e-14,0.2644855529645202;0.16906286067571685;0.063013097847859689;0.038231162439034704;0.020302760489024237;0.013980000612833747;-0.0020333174243717948,-6.216786687180118e-11,NA,0.18662464626979183,NA,NA,NA,FALSE,FALSE,historical
cpl-1996,29114,16,7,12,12,16,ed4ff69e0a380a787fe10fb3e45dd1f5e71fe428a555b5e19884ee749bb508d1,9a37b868bfd065e882fc08efa0a3dd5dd7a42fa945787796b1ff1ba7e8ea2cbe,positive_definite,7,0,0,0.002544400970734394,0.2185782309450984,2.174328438706665e-14,0.2185782309450984;0.16409875447842506;0.072514468458281273;0.03577822854869124;0.015864263543984472;0.010239928008997616;0.002544400970734394,3.8464320543406e-11,0.18033315299748034,0.18033315299765001,NA,NA,NA,FALSE,FALSE,historical
cpl-1996,29115,16,7,13,13,16,7890470318c809b11ed01baef87d0181adca45975ca54b36f535f8ba7b07cdb7,bafb845052f290013d3b596ca397297a207db445414cf09a4c7944f42a3662c1,positive_definite,7,0,0,0.007940713124204217,0.193805133119203,1.9278956128721646e-14,0.193805133119203;0.085736813752546007;0.08333268099922167;0.050991471303072307;0.033913044161257698;0.012872062038663732;0.0079407131242042166,2.4474843245607434e-10,0.20581640789643818,0.205816407896518,NA,NA,NA,FALSE,FALSE,historical
cpl-1996,29116,13,7,10,10,13,e4d814ba7b80d2a23f265fc7cbd05b4e9eb5d98758461f17a3b57a498a3644d8,c678d39b1ac23166c17d9d6378ff9fbd9af3b72c280488ede77aac7c79bb5e9e,positive_definite,7,0,0,2.098749990681339e-4,0.20985394292115642,2.0875427259853936e-14,0.20985394292115642;0.088832812766819785;0.053814579705387569;0.038091121427567945;0.024499371465068864;0.0060519777561122571;0.00020987499906813389,1.1891242385757582e-12,0.14067940297103848,0.14067940297209197,NA,NA,NA,FALSE,FALSE,historical
zeguo-2005,5201,16,9,16,16,16,a2d7bebe16872a59e7e27eb8ac39c71ef12cceb039ff4dde28f056ff5dada005,d82c414385916142f8b6c4b3d84dc9c42bc0da13bc65f2fb0fd6b962f25a10ef,positive_definite,9,0,0,0.0021777130266593513,0.18105328647417718,2.315629754814942e-14,0.18105328647417718;0.13546599378341367;0.069739991030812784;0.045841870789329747;0.031170738895631694;0.02217676383162822;0.015885410109843724;0.01308886295617453;0.0021777130266593513,2.4542974124268564e-14,0.17534155101362295,0.1753415510137864,NA,NA,NA,FALSE,FALSE,historical
zeguo-2005,5202,15,9,15,15,15,5727cb1efc5b3251792abd060c840a1b7b93aeb387b71158beaf4b02e1adb1a3,347249da35387ae086331961fbc078583a4d19ab0eb3c8b1258b0c2c8de948ae,positive_definite,9,0,0,0.005877419368447244,0.3860095984047084,4.936973689442504e-14,0.38600959840470839;0.12186249575653971;0.095930155266906431;0.058750974425049937;0.026303546845198835;0.018667203340390768;0.013430031403350163;0.0096216167680572545;0.0058774193684472441,9.886526358896497e-14,0.18945341120136075,0.1894534112016094,NA,NA,NA,FALSE,FALSE,historical
zeguo-2005,5203,16,9,16,16,16,05a8b40c137b6401d5871be05f4cc4ceaa3331a0c04f503d769e1de2c0750f1c,341213bd153e90121d4b47c2818cbba7efd0bf3311501cf791fc4f3a6222bb94,positive_definite,9,0,0,0.00777401682471447,0.2579854555778289,3.2995744450665545e-14,0.25798545557782893;0.093127116195045462;0.081412517881394364;0.056473516973655886;0.026964534199042767;0.024894702918509443;0.01779801144447379;0.010378860867753597;0.0077740168247144702,1.0648144033896094e-13,0.19023612690784403,0.19023612690798453,NA,NA,NA,FALSE,FALSE,historical
zeguo-2005,5204,14,9,14,14,14,a57b24e9fc8a6fbb2ec2d9bd2b41e4cf61faa6ab96ad92a6e740ee84a6dd6cee,8e5d3f3abb64e4407da2ab32f61fba08e694edbc44337b81e70e272c856e8255,positive_definite,9,0,0,0.004898227414971979,0.2465419915412313,3.1532151806900996e-14,0.2465419915412313;0.095724771636922321;0.080438253325427325;0.045341461577697015;0.039013296106271009;0.027769980501610059;0.012727601410215523;0.0087323884095633231;0.0048982274149719793,5.076684332833115e-14,0.18256651271923333,0.1825665127193958,NA,NA,NA,FALSE,FALSE,historical
zeguo-2005,5205,15,9,15,15,15,2b427f47743623720081f1fcf0bb6304e748c29200bd885e5c10ac46fc2efb8c,e4847280582dabc23660c7ec00a9359fabd715b281384f4919f3e4f4cd67de33,positive_definite,9,0,0,0.0042500387032986045,0.3347695622810669,4.281625451383209e-14,0.33476956228106691;0.13700334212085313;0.088977017515584678;0.052444741606156198;0.035436495694303308;0.029253105164055236;0.020049269092339648;0.0095150516596006745;0.0042500387032986045,1.7987973585671795e-13,0.19585896619880647,0.19585896619903617,NA,NA,NA,FALSE,FALSE,historical
zeguo-2005,5206,16,9,16,16,16,f9e7648469cae5eb49a9673cd1f461ad3312e246c59959805f0612055ea3144b,919eda8f1c37310dfcdade2ae21c2582732ab57fb7d8b73cf22a2fa04f73777d,positive_definite,9,0,0,0.002087342259994389,0.3147280942375337,4.025299699801797e-14,0.31472809423753367;0.091347713899552679;0.082605319379135428;0.049924820646064225;0.030428369739375832;0.02861885293422211;0.020168318819102259;0.005292553380452425;0.0020873422599943891,2.3004735357328247e-14,0.17471217893703792,0.17471217893736282,NA,NA,NA,FALSE,FALSE,historical
zeguo-2005,5207,16,9,16,16,16,6bbd9bb0cec110296087a4d52be876e28b466c9c24fe61f6e9ac6aee811b28e4,08d21c439c77dd3b8e54d6b2fb4f95a98db7490e9ce8067dfc37c67195a66592,positive_definite,9,0,0,0.002740693017177144,0.4165504942630497,5.327584699966006e-14,0.41655049426304969;0.14407218172443398;0.055738919903740101;0.047275634012118754;0.031416171751148241;0.027630522936702196;0.024025870195655705;0.013399041470059173;0.002740693017177144,1.2111538543459578e-13,0.19160196643228705,0.19160196643262592,NA,NA,NA,FALSE,FALSE,historical
zeguo-2005,5208,15,9,15,15,15,6f2e1cab27f0137c199a1d317b2aded87b43a4b8076a085d7fbfe6d4a4899cd3,24439dda61547d37c614929f5204380f649a45e4fb3f74a558fd01358481b1f7,positive_definite,9,0,0,0.0022031639761787973,0.2107085705923864,2.6949139955426596e-14,0.2107085705923864;0.10617989609134548;0.070036854529000811;0.055998147568142871;0.037333929254172636;0.017355006394301518;0.015980081090527561;0.0031342370817237829;0.0022031639761787973,6.273514613125983e-15,0.16254470571736399,0.16254470571759894,NA,NA,NA,FALSE,FALSE,historical
zeguo-2005,5209,14,9,14,14,14,430ac0a7fa48ccf00114fa372fa038446b41326c4afffecc19de9539d7cc557f,658eab4822dd75adbe9348017f76bb2bcb040d57fe922623db7240cee73c0c3c,positive_definite,9,0,0,0.0072628218131946636,0.2981339608611181,3.813064563118563e-14,0.2981339608611181;0.11727671195441357;0.065800524877553321;0.049459463566265779;0.031873740028668239;0.024454508611815379;0.012826670664565158;0.008618248154906815;0.0072628218131946636,7.120857351535882e-14,0.18603091706752917,0.18603091706770694,NA,NA,NA,FALSE,FALSE,historical
zeguo-2005,5210,11,9,11,11,11,9d7770847b364701b5c1686c21b58076995c8f6373dd4c94a5be030f7611c042,9b4bc02e0cf192557d6604e16907af4bdcc44c074b98ad8754a05b1366cd59af,positive_definite,9,0,0,1.195872640032444e-4,0.40638598912343615,5.197583024754132e-14,0.40638598912343615;0.11074243963362092;0.086836155411468163;0.07728807536459982;0.04092085197050823;0.028656495666868405;0.010065541672320403;0.0039545592282599438;0.0001195872640032444,1.6859853871793632e-15,0.15110180626137118,0.15110180626521713,NA,NA,NA,FALSE,FALSE,historical
zeguo-2005,5211,17,9,17,17,17,5f18b984d6debb5df598da56a5bd2372bb7b287e0b56900a980c89b8ee437910,f11190aeb00f282b41d8632097de746b6ad62ed2c94d84d2fa84a3e9985d9433,positive_definite,9,0,0,0.0038358058808048547,0.16536741374695493,2.1150110622480077e-14,0.16536741374695493;0.091568124558300185;0.060793343976070481;0.055241957157777993;0.035965808535646779;0.02107115816140441;0.012336111804177183;0.0074341807011065915;0.0038358058808048547,1.3557062825761538e-14,0.16965425485559602,0.1696542548557163,NA,NA,NA,FALSE,FALSE,historical
zeguo-2005,5212,12,9,12,12,12,94be5dff6f76f968cd6b931a4f61d5ccb36c7616887f9cfb8f8f790a42758888,bb57d23194824bd3002abac51788bd2e768819dcd99f739753c75ef76e3775bb,positive_definite,9,0,0,0.0013847122859791193,0.2959262722088641,3.784828734694339e-14,0.29592627220886408;0.10394391149198244;0.09723909734518188;0.065620083647732044;0.03095742258395949;0.017392996409905135;0.0068442812505600465;0.0036456375482592954;0.0013847122859791193,3.651407993577988e-15,0.15773005855863556,0.15773005855905714,NA,NA,NA,FALSE,FALSE,historical
zeguo-2005,5213,15,9,15,15,15,a9ec0b91ac8e71dfbaf7d69c894305395ae8e5a864f2becead3cd9916470a798,073e94af52adb2dbf5cd2f11dc7c1a31b3250e8b9814f6b32634155cdd5120a5,positive_definite,9,0,0,0.005247223694989518,0.19082535132423087,2.4406122092814226e-14,0.19082535132423087;0.14563371670933764;0.12035792040742611;0.098044237591332295;0.061205844157301466;0.035452646505122372;0.025437066223938234;0.020262919073956422;0.0052472236949895178,1.924575332082097e-12,0.22342394582906483,0.22342394582917235,NA,NA,NA,FALSE,FALSE,historical
zeguo-2005,5214,16,9,16,16,16,3c589c319e97aebdaa55fdd62cbc026bfa1054d3de00e92da7176089149a026c,1dc5c1d3c2e2da6582a7a0dbbdc7e41caa8111706345f4af72e49ec368f879b9,positive_definite,9,0,0,0.0019238606794464417,0.2642247044416519,3.379372998288755e-14,0.26422470444165191;0.078527671604562546;0.054934772850603941;0.039872385581549021;0.031495922755319525;0.020530679752443912;0.014658880869851705;0.0035320890185581585;0.0019238606794464417,2.927382246098296e-15,0.15580528705211924,0.15580528705241506,NA,NA,NA,FALSE,FALSE,historical
zeguo-2005,5215,15,9,15,15,15,820c083675b751e72a15551ef140073a95c7acd18a78c8ced96ac680a5143096,26d23e86089889b488cab8a03e357981621d1c8d3e5c986259a25b299b95576d,positive_definite,9,0,0,0.002326170997496608,0.28837392413523466,3.688235945584654e-14,0.28837392413523466;0.12673377242385259;0.11228279867764998;0.067137722569002842;0.021117898190982354;0.01368732987311445;0.0085821914759679832;0.0073600422423469218;0.0023261709974966081,1.1700859196682207e-14,0.16827209331143986,0.16827209331172865,NA,NA,NA,FALSE,FALSE,historical
zeguo-2005,5216,10,9,10,10,10,0e00f2d6cab686a984be55cbf741166568c18da4a417a3389773b0de55fd425f,a75464b1c6ebd9b8e9a709c97b3e2b26c3af4a6f665bfa730fff36af53e34579,positive_definite,9,0,0,9.928514015593245e-4,0.5525617911924943,7.06713780222749e-14,0.55256179119249427;0.13758361985429607;0.099823666829324309;0.051053305622252916;0.047938304795348663;0.019747110865601714;0.0051186355106556721;0.0018447857888690181;0.00099285140155932453,3.438552093094135e-15,0.1572046223284285,0.1572046223295729,NA,NA,NA,FALSE,FALSE,historical
bulgaria-crime-2002,5301,17,12,6,9,17,c2b2d6302d592e827c65e2b3cdbf34e2cf441c8d5a7f580dd6f500815233be20,e12ded5c72a4a48e2d95e92fcac88d81eb3b186d9ef564f81bca02c5136bfe98,positive_definite,12,0,0,5.556000500989368e-4,0.5331896633583877,9.092497009960215e-14,0.53318966335838769;0.34883836205648711;0.20667479535600894;0.1855894448714912;0.10394917084929325;0.085762916173489481;0.07621172559695083;0.024909533504680424;0.020853164215055876;0.0098825827312875609;0.0040288593825486196;0.00055560005009893678,5.56982455685039e-17,0.21025357864112632,0.21025357864294789,NA,NA,NA,FALSE,FALSE,historical
bulgaria-crime-2002,5302,17,12,6,7,17,8cb046e5d84fc0ec3b441e67b1ff88353a840c5011186395a77e75f21bfa41cd,6428c90e360acf099df203afe3c00cb8223587d194434a14149bf4a49b2790c3,indefinite,12,2,0,-0.022916566878649805,0.5567830973037982,9.494836444397347e-14,0.55678309730379816;0.34940840296329406;0.30045898401242987;0.19665810270485701;0.12321337496128056;0.045756930482479551;0.026958362744934627;0.016453500709251213;0.012132173584151111;0.0045639389550017678;-0.00064245344015711201;-0.022916566878649805,2.3434335788421024e-17,NA,0.20280431621230016,NA,NA,NA,FALSE,FALSE,historical
bulgaria-crime-2002,5303,14,12,6,9,14,ed59007e1990ac62f9a48ddca1f9c53719a47dd491d37652602edc737ecc261c,493b855777f0a72e51905e59cdf9457d59b59c1e0d4c7ed30397ff80564c96c5,indefinite,12,2,0,-0.019038324058512555,0.5062508285757679,8.633108369209046e-14,0.50625082857576786;0.40854730791931548;0.32528950661918132;0.25149854773025093;0.12359088263401211;0.089884717203104786;0.040383262088664579;0.033917108797363225;0.012962672878315415;0.0067697605270387101;-0.0063461971278834101;-0.019038324058512555,2.7297086030524927e-15,NA,0.24727004736188138,NA,NA,NA,FALSE,FALSE,historical
bulgaria-crime-2002,5304,16,12,9,12,16,7a49af220d55972bb6cfec94e51b07cf22a5f48aaa3ea02b453aa2333b56d140,03053abc1ddc4ea67f2eaf4378cdd9988a8e33c0dab1dd196b5a90ba967659ca,indefinite,12,1,0,-0.002503721892302372,0.43928854472319995,7.491198824536694e-14,0.43928854472319995;0.37805389097065151;0.19617214154438267;0.18721184258029192;0.12944382566441542;0.12234649773282628;0.047013265862133613;0.034155376089626183;0.020678970091345082;0.0068514827729817106;0.0045308169769190118;-0.0025037218923023722,-2.492887599857126e-16,NA,0.22380130386159228,NA,NA,NA,FALSE,FALSE,historical
bulgaria-crime-2002,5305,17,12,3,5,17,7cf6fb989291c49f9d61c56e519436c122c4b9c7f459c6b0acbd9eed3c689642,4f47541b032a9f6fd4e5c6f8fc0abc10373c64d9c4ab8d6cdf85e3540fb61fbf,indefinite,12,3,0,-0.10728323568457246,0.5453492320856913,9.299854447460085e-14,0.5453492320856913;0.4034357219004584;0.21875197807249361;0.18379359775704213;0.09556035343854026;0.054008632487528838;0.044707777779374278;0.012674870530399923;0.005953508758800353;-0.0039246909989901864;-0.011377733191849447;-0.10728323568457246,-7.378448367469322e-16,NA,0.23415236220312496,NA,NA,NA,FALSE,FALSE,historical
bulgaria-crime-2002,5306,17,12,12,13,17,527f8d3e81e64fa80be314a6c067cd11bf6e48d42cfd05653e60b3c6b2d0a112,c380d3b376e20787dce7c2578d312632cf715142fa6f5e8a9d0ee02daeb9bcf5,indefinite,12,1,0,-2.5196743558012733e-4,0.43468194106701097,7.412642294190351e-14,0.43468194106701097;0.38993316859756844;0.30171851071683753;0.17259507282925463;0.13602671529480831;0.10246664821352718;0.075924869535417994;0.035790902044880585;0.013466391156530569;0.0096006373165873383;0.0020929932657502244;-0.00025196743558012733,-2.2793924265844326e-17,NA,0.20257031147769244,NA,NA,NA,FALSE,FALSE,historical
bulgaria-crime-2002,5307,15,12,9,12,15,bb2f75ea61f89fd1f24c284e8f38f8286563178540623c3bbf626baa1275e9ef,4033cfd6f8f959f0e8191b7904a8206eac382321657c1e5820804f4805d602b3,indefinite_and_singular,11,2,1,-0.004305591522081042,0.4013250669198718,6.843806663480424e-14,0.4013250669198718;0.25057743278093919;0.21603308884258515;0.18347914506320928;0.12876296761624453;0.1039175042197152;0.055688748181596817;0.020265484369459016;0.0011496888821014525;4.4039567803902619e-17;-0.0018429159919739712;-0.0043055915220810417,0,NA,0.06540865441804916,NA,NA,NA,FALSE,FALSE,historical
bulgaria-crime-2002,5308,17,12,6,8,17,08059ccb27981c15a709ea25a7529fac6afb2d3b8f62d23ebdda8041e67e6f28,cd97dbefe5da0513146742e7100f655ff3a6949b2081fdcd7bef6025060d2684,indefinite,12,1,0,-0.030163466738669042,0.5850913671854557,9.977578097029705e-14,0.58509136718545574;0.35564924686015131;0.19395106767563342;0.15408618804487173;0.10785536238613289;0.054587071101522708;0.048449280171488515;0.024241211411987401;0.011821059837257397;0.0042534282718479938;0.0020004788531027755;-0.030163466738669042,-1.3046241121312003e-16,NA,0.21784381050506693,NA,NA,NA,FALSE,FALSE,historical
bulgaria-crime-2002,5309,17,12,7,9,17,ec5f5ff0b25df33c3c81dc1751d8a6994ac7c897d25d98b11da5f62839dfb8bf,1467a53047a27c9385ecc17bc383b6ea721c741f4eb8018c0015f627abe4da34,indefinite,12,2,0,-0.005743230972418097,0.3646263310674547,6.217982179364094e-14,0.36462633106745468;0.32980528641861467;0.23786750615794303;0.16532555225917742;0.1085389733557908;0.089580579906812299;0.032938767376869536;0.022885405163569308;0.014849053146303068;0.0065908633048279317;-0.00070106375019787196;-0.0057432309724180968,1.3658440951659149e-17,NA,0.1982934552530852,NA,NA,NA,FALSE,FALSE,historical
bulgaria-crime-2002,5310,17,12,3,5,17,d22315131dd049f80824d0f0c7bfb31f12659e40af75ec1a76d07045f843795e,3eeccd30e1ffe67d057748d97f6ca26a3cb1f88796fa534355d128135b0ca788,indefinite,12,2,0,-0.047843778608370746,0.5698458649565865,9.717596156348006e-14,0.56984586495658651;0.26913319436374689;0.19117546141500458;0.15920034508788805;0.13136736429622881;0.093555808388743014;0.0655579634036981;0.050922065573967723;0.018626275652996412;0.0053715766118216162;-0.001177691193573818;-0.047843778608370746,1.0796307021281677e-15,NA,0.23789563185459672,NA,NA,NA,FALSE,FALSE,historical
bulgaria-crime-2002,5311,17,12,7,10,17,96fe24494748e22daf2aeade249279a591e239238b7e465b1844ad7062e12cb8,df7f76915948635681f2767d2345bbdacdc1cf59d8e1086ab8c0b4f5162ed6e7,indefinite,12,1,0,-0.011720031552663348,0.4388354071751282,7.483471458302714e-14,0.4388354071751282;0.38853601815447181;0.34033098767841058;0.19250031602792328;0.15386339190724085;0.10157149765309002;0.051212644341360289;0.018454283634241331;0.017362673155083823;0.0089527465259786141;0.003245083632976568;-0.011720031552663348,-9.753825715149013e-16,NA,0.23689121639304994,NA,NA,NA,FALSE,FALSE,historical
bulgaria-crime-2002,5312,15,12,6,8,15,a555aab2b92331d12700d0be7dcc9b61c2a1583388d7e1a3756dc9fbd26587f2,0460b960ff3483a6eb15146da799aac78db410b8d3cac2fd577a43e6e48680f6,indefinite,12,2,0,-0.008925239166252583,0.5903850119591589,1.0067850757181286e-13,0.59038501195915893;0.31432058829553061;0.25476116777723284;0.16481442229465554;0.09795365028560335;0.048551772182689801;0.02621155818505198;0.01055193172562143;0.0064281003122120487;0.0019988238235632951;-0.0038357331870374611;-0.0089252391662525826,4.5082971537844815e-18,NA,0.18934355296668767,NA,NA,NA,FALSE,FALSE,historical
bulgaria-crime-2002,5313,18,12,10,11,18,dceb81d1d8b143c96d036dd7d6621bcbc07fa875ac6bcedf6f725d6409d65f4f,3c941b29612d14832ee174d4ac408ad38ae1aabf29c8af213707255e2683db8f,positive_definite,12,0,0,7.646891930172629e-4,0.39172647298354285,6.680121594801157e-14,0.39172647298354285;0.31422851061786217;0.2702415075916017;0.23583237135984625;0.17210774420910907;0.12290717879093228;0.058162278185701147;0.049662068978323676;0.031985012449254016;0.029970830747790576;0.0092376862533471247;0.00076468919301726291,3.245796804486296e-15,0.24906061453576522,0.2490606145368367,NA,NA,NA,FALSE,FALSE,historical
bulgaria-crime-2002,5314,16,12,7,7,16,2ea09a25187aeaf54ed541782e8f3ca7162ce2b261f72d8f90fd9f2257c46bce,2c12b8538b16739b51b035c3967de05d2fd3f05754f624c004a340f4393d1e73,indefinite,12,2,0,-0.023913725917305707,0.6314269164109597,1.0767739406860977e-13,0.63142691641095972;0.36233458307875532;0.18447569175153455;0.11139091156013972;0.069121453476937419;0.033066280206572048;0.019970938007745343;0.017129903189231955;0.010234323066360863;0.00073676367645029886;-0.007660844435975425;-0.023913725917305707,5.077905084905158e-18,NA,0.19028454850755835,NA,NA,NA,FALSE,FALSE,historical
bulgaria-crime-2002,5315,15,12,6,7,15,5fc2232443eede0aa09a160e7f0e2298c5acea75b5be810d6f300aac55bc4f23,495724f676d52517a5e2ed8cd8b93fea3ee1f850584d1a5a049387fb0139f4d5,indefinite,12,3,0,-0.02052217760841423,0.5487363396935805,9.357614880404648e-14,0.54873633969358049;0.40484639555904528;0.28029959353395678;0.1436317999077362;0.078516887106093544;0.059919300467220223;0.051865911524999211;0.022168838873455939;0.01048609967404897;-0.002085213114666072;-0.0049679195415813747;-0.020522177608414231,-1.078559886035352e-16,NA,0.21612342647281846,NA,NA,NA,FALSE,FALSE,historical
bulgaria-crime-2002,5316,17,12,5,7,17,edcdd781ffa92774780997702254efeb7e9da21e51ff9a658720ea5bfccccf32,168f4fae87cbffba8c5e2ba18aad1b11ac07eb4ceff530cc323dd31c0b505423,indefinite,12,2,0,-0.04118566508195494,0.569976284118296,9.719820197658965e-14,0.56997628411829604;0.3329580346932885;0.21833702758114745;0.18775874290503491;0.18641004388941732;0.085828714033544501;0.044563094399865118;0.014103740682646367;0.0028559571813702197;0.00033781579558035788;-0.0099310121628310797;-0.041185665081954939,3.0871423657487317e-17,NA,0.20514685374107522,NA,NA,NA,FALSE,FALSE,historical
bulgaria-crime-2002,5317,16,12,5,9,16,2b9ace325b858a7dc3d9db7ad008903beb60edfdeaa121ef08c040c8d00e74cc,d5135596eff7ada787167897e7ab42ccb1e70bee5aa7d84d7cd430d634a479df,indefinite,12,3,0,-0.011659950325779166,0.6527260362827172,1.1130953844532039e-13,0.65272603628271719;0.22701980328923513;0.18194839904652724;0.16391682038482835;0.14868582630688343;0.048562818675264519;0.038540433292718286;0.018912259950675081;0.0026371906561957707;-0.00044465965682958446;-0.0026604363435023155;-0.011659950325779166,-8.460942557562261e-19,NA,0.17659393384857333,NA,NA,NA,FALSE,FALSE,historical
europolis-2009,711,14,2,14,14,14,12a7ab095c5d3078af8cf4f58f299c3a73c4e2517c7a1d1d87aadc03336cdbd4,2ef7f260f43668a1cf12f14911b569462478b21d5c03d29162125fec24bfa332,positive_definite,2,0,0,0.06778330565488348,0.11646119983962198,3.31002638175795e-15,0.11646119983962198;0.067783305654883483,0.007894125105663567,0.2980753078735737,0.2980753078735795,NA,NA,NA,FALSE,FALSE,historical
europolis-2009,712,15,2,15,15,15,e9e182d470c2936f3039e1e84b4942eac7ba193f329caf81faca4cdbea731c13,f8aada3915875adea37cb6d3f40f61ffe2d156d6881b4949afed863f1bd78cea,positive_definite,2,0,0,0.07030468987321697,0.16600483393630683,4.718141154180183e-15,0.16600483393630683;0.070304689873216974,0.011670918367346943,0.3286822549672966,0.3286822549673044,NA,NA,NA,FALSE,FALSE,historical
europolis-2009,713,15,2,15,15,15,69da9cb64b13fea3678861ccfbbff5685750465ac5214d7f8add31e5ef37a7a9,3790adbc890fb1e72de2b6b5573cf354c0af1bb23151cf4be7a755e8bc543544,positive_definite,2,0,0,0.03303313769473565,0.14441924325764532,4.1046417680276285e-15,0.14441924325764532;0.033033137694735648,0.004770620748299321,0.2628111116061272,0.2628111116061372,NA,NA,NA,FALSE,FALSE,historical
europolis-2009,714,14,2,14,14,14,3a2b1184206181bee278e2f62488d9dcc005a9fd012634e427535d69043524a7,05b227dccabed4c2be79f4738b53ed815db1c177c21c72f424acbaba829ff19b,positive_definite,2,0,0,0.07506945827656085,0.10542504721794467,2.9963600587150458e-15,0.10542504721794467;0.075069458276560849,0.007914201183431953,0.2982646412193293,0.29826464121933444,NA,NA,NA,FALSE,FALSE,historical
europolis-2009,715,14,2,14,14,14,25df8418d2d3283bf93ff2720d3a94145f15378220a99b9a181b30b904193737,bdc3540b6adf608c758b9f0c3a3d01f0879ad2a358f8263638eca68413288a91,positive_definite,2,0,0,0.07588566448477563,0.12835884100972983,3.648177682001967e-15,0.12835884100972983;0.075885664484775628,0.009740595942519019,0.31415674034880187,0.31415674034880786,NA,NA,NA,FALSE,FALSE,historical
europolis-2009,716,15,2,15,15,15,2afc832df90445aeb46cd039f1f99d87463b70378e946826de93121b7730020c,83ce07a86d9907ea71f1964e4445811118a0b64dc80701ae8ffcb715b1877dfa,positive_definite,2,0,0,0.03755849711871726,0.09346531240509226,2.6564439509994674e-15,0.09346531240509226;0.037558497118717261,0.0035104166666666673,0.24341070092783132,0.24341070092783731,NA,NA,NA,FALSE,FALSE,historical
europolis-2009,717,11,2,10,10,11,842aa1356b720c7051f9584c930de5c471377e325b609e8e84080ff0b2929afa,de2d973a9242ac77198e914212bf430718cbfe3954f48df14d92b94898778a9c,positive_definite,2,0,0,0.02710050493708377,0.11480858597200716,3.263056270611945e-15,0.11480858597200716;0.027100504937083769,0.003111370650953987,0.23617718269255403,0.23617718269256285,NA,NA,NA,FALSE,FALSE,historical
europolis-2009,718,10,2,8,8,9,6cd1d0672da1c5c2616f02e5bb362dcf6df29e511eab7b94583aede0cb9f2823,168447dd4bba0bf07e6c306fee8f95dd07c07fc6a2839e174903a4c6cfc4ee13,positive_definite,2,0,0,0.05131505677432235,0.13359565751139194,3.797016958952552e-15,0.13359565751139194;0.051315056774322347,0.006855468750000001,0.2877459958397746,0.287745995839782,NA,NA,NA,FALSE,FALSE,historical
europolis-2009,719,15,2,15,15,15,c17278ca7dee162b143712c061cd39cbe65370b3f07b0b7366825f3736e925a1,a8d9e1f96e2eba73b3339c79da0c473f3f3bffa243ac43fe07a94602f76914cb,positive_definite,2,0,0,0.07689238960717486,0.10508380086901559,2.986661254141597e-15,0.10508380086901559;0.076892389607174857,0.008080144557823129,0.2998159840730944,0.29981598407309945,NA,NA,NA,FALSE,FALSE,historical
europolis-2009,7110,14,2,14,14,14,581fbd48c94a274a70d6d0cad5e4b146ac38edfc51992645e297f9592912bf8d,9880752bc9cdd0bbf766e17f92689c145e81b242b75f0c31d6fe6de8a6480e94,positive_definite,2,0,0,0.05289833988113831,0.10100275901996061,2.870671068534438e-15,0.10100275901996061;0.052898339881138311,0.005342878275570586,0.27036086046910157,0.2703608604691071,NA,NA,NA,FALSE,FALSE,historical
europolis-2009,7111,13,2,13,13,13,753d5e6993bb7c7d76158e8665c0274ca6f40bf5cb4a01337c65fc66b276f002,2747d320b27781814a5dbe165f2b8cd20a97bf6b0e191e46dc22f773c7b41a0b,positive_definite,2,0,0,0.03343144929983989,0.11772239685400625,3.3458717568352724e-15,0.11772239685400625;0.033431449299839891,0.003935630341880341,0.2504687653753388,0.25046876537534685,NA,NA,NA,FALSE,FALSE,historical
europolis-2009,7112,15,2,13,13,14,a894c594ff77dc71dad89d13ea7d323fe5d5128bdaaaf26806330593e95e2b98,ffefc354f65f561fa50a82aa8242895be041219e5a63379876b8865475bc9e02,positive_definite,2,0,0,0.0799328894469067,0.12095996769595044,3.4378890545653587e-15,0.12095996769595044;0.079932889446906699,0.00966867972534181,0.3135752618658459,0.31357526186585144,NA,NA,NA,FALSE,FALSE,historical
europolis-2009,7113,13,2,13,13,13,9bb5906d233ac8809aaa8e31bed2f965eb0ea3177e13042a912379b3c01bd929,5c5360f1c0bc1e6c7b89b2603ca28952cbb001cc25fc7697f9c69d03d8b8b171,positive_definite,2,0,0,0.016585649913069864,0.16254896547154554,4.619919464845041e-15,0.16254896547154554;0.016585649913069864,0.0026959802350427367,0.22786581492890257,0.22786581492892002,NA,NA,NA,FALSE,FALSE,historical
europolis-2009,7114,14,2,14,14,14,c983ef617dfc360673f3c825375d0594c22871809ac8587478f5364104144d9f,f51059db6eec225b3a5d541e2f6f304eb61656ffdc04f6c16918edf270359e88,positive_definite,2,0,0,0.020884455629851306,0.12274191799652232,3.4885351282276336e-15,0.12274191799652232;0.020884455629851306,0.002563398140321218,0.2250111380551524,0.2250111380551634,NA,NA,NA,FALSE,FALSE,historical
europolis-2009,7115,11,2,10,10,11,4a3b0f51301b4c2475dbbcb4932084975b674571daae93eaee86ea2c342fbfd2,4a21e2e163a89741fdcfb34b5e50cad9cd060d677c928b3d774dd58e4e3d763b,positive_definite,2,0,0,0.028401938739746092,0.07156270772490037,2.0339344850100464e-15,0.071562707724900365;0.028401938739746092,0.0020325196408529757,0.2123286936416255,0.21232869364163076,NA,NA,NA,FALSE,FALSE,historical
europolis-2009,7116,15,2,13,13,14,630ab8da9cf55e3b4a753665b8c8be5a4c68d8ed8d00bfffd498aff025179299,6371ec2c1b6ffa739df7cf5cd78026bfca4c0d4e0388a8309351b1c42bad008f,positive_definite,2,0,0,0.09061235748231142,0.1453217084517545,4.130291371545652e-15,0.14532170845175449;0.090612357482311418,0.013167942596170613,0.33875013827379136,0.3387501382737977,NA,NA,NA,FALSE,FALSE,historical
europolis-2009,7117,15,2,15,15,15,138e923af65e7695572bc45063b9a2234a07926bd24cca9fa580d6ba2bfbc21f,a580076d6a2a687214e50fc57734b1134a4ad4504a471ba143a2252905434be2,positive_definite,2,0,0,0.04840874219863613,0.1124960197061258,3.1973291841645107e-15,0.1124960197061258;0.048408742198636133,0.005445790816326531,0.2716534586666623,0.2716534586666688,NA,NA,NA,FALSE,FALSE,historical
europolis-2009,7118,11,2,11,11,11,c831ab2036b1effbbc48861786fea9be30ec92f8f8afd7cf8375bcfda65d4d6d,6f3a58a43884b66edfa2c9934473897b9e64cb802e36e3b428f99719a956fac5,positive_definite,2,0,0,0.040216486418219406,0.23369260449087148,6.641943300873876e-15,0.23369260449087148;0.040216486418219406,0.009398295454545449,0.31135960917851685,0.31135960917853195,NA,NA,NA,FALSE,FALSE,historical
europolis-2009,7119,16,2,15,15,16,87bda8fdbaa529a83b0657f1a4a6dea76b39eddfc45aed2db4643606fa940501,4c941dda7941611226d0a6a1834bd2c9cb818de8d945ef07539e78dd1e94cde6,positive_definite,2,0,0,0.0679311605587074,0.1042608037270069,2.9632702685093732e-15,0.1042608037270069;0.067931160558707404,0.007082557397959184,0.2900998643290666,0.2900998643290718,NA,NA,NA,FALSE,FALSE,historical
europolis-2009,7120,16,2,14,14,16,c0fcabb1b61e476dd18248ede2ceff472415d3b2ecdfaa047e9b294e9576e5f8,4c0ba187c9e3f3bb5bb68dbb273cd634ee813ed05db55c694c0135e384376ec5,positive_definite,2,0,0,0.07187127243173407,0.08989212042540877,2.554887726813853e-15,0.08989212042540877;0.071871272431734065,0.006460661076560796,0.2835105599101803,0.2835105599101849,NA,NA,NA,FALSE,FALSE,historical
europolis-2009,7121,15,2,15,15,15,3bd26c8c46708add5b5db03a3f513e5e9317edaed1a1e2a0585172567990fe6a,db1812f420f6ef2216cbb162a9652534f6804376e957c4d75765444fda31d3cf,positive_definite,2,0,0,0.07548452153360956,0.18196785941877136,5.171837626072925e-15,0.18196785941877136;0.075484521533609558,0.013735756802721088,0.3423443369799854,0.3423443369799937,NA,NA,NA,FALSE,FALSE,historical
europolis-2009,7122,13,2,12,12,13,b8ecad862f2af0bb8ae9c75188344b3e71df9710c622269bd9b14672d29553b1,4e696304a38fc90b10e237ded877df4ce6f80095c59d4d82d2beec9c97645998,positive_definite,2,0,0,0.03780295018091686,0.06673084935288266,1.8966048103516943e-15,0.066730849352882662;0.03780295018091686,0.00252262297361729,0.22411095519832552,0.22411095519832994,NA,NA,NA,FALSE,FALSE,historical
europolis-2009,7123,14,2,14,14,14,53ed94ed4d6c2acc65f26640fcd0774ccad88af549743c7c73340d7a21cb6b2c,ed30a9d68dc1b6616960dddd2bf75a3f2569341ec5da998a15f4da457e85d048,positive_definite,2,0,0,0.08695620822353498,0.1156262093588826,3.2862945249372216e-15,0.1156262093588826;0.086956208223534975,0.01005441673710904,0.3166570929911166,0.3166570929911219,NA,NA,NA,FALSE,FALSE,historical
europolis-2009,7124,13,2,12,12,13,562d4daf761fcb46ee8ab116b55e60058444a6bf0e740be94bd6660ce458b139,1e919593f80a2aeefb165ec1c88fec1df26dac6029547aff5881d12b98c36a7b,positive_definite,2,0,0,0.02628782061428119,0.14012243579597522,3.982519154873649e-15,0.14012243579597522;0.026287820614281188,0.003683513456240731,0.24635737344180053,0.2463573734418116,NA,NA,NA,FALSE,FALSE,historical
europolis-2009,7125,17,2,17,17,17,c143c326e22adb7f638afc4a483b5e97460c1bb76a04b3ad05924b8e3f0b6af0,37aa1564e9b1d889f1e8e920bb48a09d8d4572c07d501d6434bb4b2cdc1f6599,positive_definite,2,0,0,0.04309745213896188,0.13195769491986165,3.750463262118207e-15,0.13195769491986165;0.043097452138961878,0.0056870404411764695,0.2746133076493387,0.2746133076493466,NA,NA,NA,FALSE,FALSE,historical
new-haven-2004,9101,6,3,6,6,6,4aff5ae77528637b0b06ad9df010a89bbe214842639b29a018c04048e56d9ea6,d56159cfaae74534ba53fbf1e815fe72a847522132c33a22a7c8d45c6302d031,positive_definite,3,0,0,0.004280828893459834,0.0804163137244433,3.428353653210506e-15,0.0804163137244433;0.026240357382096863;0.0042808288934598343,9.033203125000003e-6,0.14431350100661827,0.1443135010066417,NA,NA,NA,FALSE,FALSE,historical
new-haven-2004,9102,7,3,5,5,7,588f75093bb4860ed770641b34e863e951e3b6fc8b4606093c9d230626d3133d,175cf5691cfe342d036729ac62e86cffe382e95dc4cbb755b9bc9381b93c3407,positive_definite,3,0,0,0.007632014367304575,0.15899427712207942,6.778333718191309e-15,0.15899427712207942;0.054486059701092202;0.0076320143673045751,6.611592429024829e-5,0.20108716236028146,0.2010871623603168,NA,NA,NA,FALSE,FALSE,historical
new-haven-2004,9103,7,3,6,6,7,9df4fd4ca22efb134b8ede6232cef4e044ddee5409de446e6672640ea7e9108e,1fb5fbb10394c634bcaa68ace9386fdfcb06487b5b1caab93a4b2eb14d4ddd58,positive_definite,3,0,0,0.0016502618257642312,0.0343616275177003,1.4649242892957785e-15,0.034361627517700298;0.018601205894630702;0.0016502618257642312,1.0547940693204356e-6,0.10089305671609776,0.10089305671611473,NA,NA,NA,FALSE,FALSE,historical
new-haven-2004,9104,12,3,9,9,11,9da649dcd10a2f96d9b293558eeed413cc1fcd2e6dac21b3ff8fa190ba6663f9,1b62196cd293367760336e1178bd9e6a46299a4182990b8c1072cf9f2f550566,positive_definite,3,0,0,0.01650175842000555,0.1257837203151914,5.362482524810363e-15,0.12578372031519139;0.075462311668843429;0.016501758420005549,1.5663354083745172e-4,0.23217429079051094,0.23217429079052784,NA,NA,NA,FALSE,FALSE,historical
new-haven-2004,9105,10,3,9,9,10,d5ece92ec99161ae9fa7d3d956e871c85c363880fbd25a64605436ef249a97ac,3c058ab5d7eb08698317172fd52d5d9c284dec6c3f944cc66b5bfbfbdb3f15b1,positive_definite,3,0,0,0.010406091288955515,0.0908370875467226,3.87261796163568e-15,0.090837087546722595;0.027836682275433004;0.010406091288955515,2.6312875158992806e-5,0.17246251597832227,0.17246251597833817,NA,NA,NA,FALSE,FALSE,historical
new-haven-2004,9106,4,3,3,3,4,8dac5f43bf573d6889152e759137e0c66c9e4347d5c293207f4229877f302a0e,e131c8554456ba5c4e8f5a3752f605baa91a0ba6b08829d875a982e32a35931e,indefinite,3,1,0,-0.0017570680039912848,0.07949350985816164,3.38901215818744e-15,0.079493509858161643;0.015362516479162966;-0.0017570680039912848,-2.1457672119140633e-6,NA,0.11357003705205022,NA,NA,NA,FALSE,FALSE,historical
new-haven-2004,9107,10,3,7,7,10,2c72fd97cadd940fa4a3d5eb72840bc31154e7d2ca5783dd22adf40971e349d5,65a03f59b4a17431836dac9436eb50790a893c7e7eecab3669c444b7c0bbc980,positive_definite,3,0,0,0.018401441546181032,0.1371917511734304,5.848836132149291e-15,0.13719175117343041;0.090635415911340944;0.018401441546181032,2.288114630677842e-4,0.2473126302564805,0.24731263025649797,NA,NA,NA,FALSE,FALSE,historical
new-haven-2004,9108,8,3,8,8,8,cffb770f00a1436f66d47bb69e3d44cf4a9412d475b2aeb1913ce98ebdff2fd1,4f1f1d77b010965f3534b692293b2d286897229476fe13bf676e82e63b5bfd9a,positive_definite,3,0,0,0.008818963024811369,0.16624435510976437,7.087423133061934e-15,0.16624435510976437;0.051638690793995697;0.0088189630248113691,7.570763023532167e-5,0.2056789952302043,0.20567899523023803,NA,NA,NA,FALSE,FALSE,historical
new-haven-2004,9109,9,3,8,8,9,fec9b95c381759bd366d977fc951538b2d37f4a23e631f9354961082417a7948,f15b29f5c774ade0ad8c0ab4d5836867d9faa686a210c1cce27541bd826f9da0,positive_definite,3,0,0,0.003412705720779087,0.12214399777498355,5.207311820142745e-15,0.12214399777498355;0.040249658111380239;0.0034127057207790868,1.677772866523993e-5,0.160000814849079,0.16000081484912446,NA,NA,NA,FALSE,FALSE,historical
new-haven-2004,9110,8,3,5,5,6,78eccf1490da714e1684fa92038b732b0a6ebf56ecef068f0d837d3a8ea987b9,43ab6f072f05ad2430348c2a832ef2d898c9b723ad2365bda0ec63b64993d8c8,positive_definite,3,0,0,0.013066790586258988,0.1315861583890246,5.609855338193964e-15,0.1315861583890246;0.10651892602471644;0.013066790586258988,1.831495761871339e-4,0.23830563929729431,0.23830563929731519,NA,NA,NA,FALSE,FALSE,historical
new-haven-2004,9111,11,3,7,7,10,438d8001fea4a208c2bf7d605aaff1e140bec80f712a4c8a6128ac268d2cc047,3db8f74933173f2567078b7a6c8f58e9b07e54bfa74e59b2f14e47d49bb7fd28,positive_definite,3,0,0,0.017476096930667855,0.03966863995788182,1.6911758375733465e-15,0.039668639957881821;0.023479023032085274;0.017476096930667855,1.6276903083900004e-5,0.15919470906753513,0.15919470906754074,NA,NA,NA,FALSE,FALSE,historical
new-haven-2004,9112,8,3,7,7,8,e7c41933a6cc7c4d2bc7b9a355a602f8c4a8191e5405de9b00c94c226e0ba1f9,0e1cffc08ef949ed1ee024baa2bc64ceec43bb256753065411a578a96db21602,positive_definite,3,0,0,0.02233479509873943,0.10623865188542769,4.529226141248203e-15,0.10623865188542769;0.027769558968213842;0.022334795098739431,6.589212385164634e-5,0.20097355634626426,0.20097355634627795,NA,NA,NA,FALSE,FALSE,historical
new-haven-2004,9113,6,3,3,3,6,3d99083232af5a68b545c0d1e4ed44b3b553ed1ce321d6e17e8aa33b2c31c315,8240788cabc7b35a270642446bc6eba4fb917fea8ce07565b2de7b20d94bf044,indefinite,3,1,0,-0.008031578716124527,0.13301694773365352,5.670853556707706e-15,0.13301694773365352;0.017202130982471069;-0.008031578716124527,-1.8377657289858192e-5,NA,0.1624482453408978,NA,NA,NA,FALSE,FALSE,historical
new-haven-2004,9114,7,3,6,6,6,5013578646e68865d6ec6fb1b3002e85d3a38a6e2946116828705670b190765c,f22afd50c028a62493ebcc80244cf4cb20e12311a4c93b3a4d6a8177182a903e,positive_definite,3,0,0,0.0017203871685166107,0.07168786593279194,3.0562375428413565e-15,0.071687865932791944;0.0052375802320247817;0.0017203871685166107,6.459554036458329e-7,0.09297519315382986,0.09297519315386708,NA,NA,NA,FALSE,FALSE,historical
new-haven-2004,9115,13,3,7,7,12,ef29e2432f35ea41c0f741bbc62a8a02935b8879f7c25391ae395aa482d4ada5,6f40c80dd7ead4db5d0eadb368bf2e307ae32d6ea3d09f7ff1cb977095e07cd6,positive_definite,3,0,0,0.009679657912173793,0.07303713864597629,3.113760498336104e-15,0.073037138645976288;0.028245645947261148;0.0096796579121737926,1.996895190026996e-5,0.1647122419242281,0.16471224192424114,NA,NA,NA,FALSE,FALSE,historical
new-haven-2004,9116,6,3,4,4,6,2a2705ee7014dd5caaa2d77e91bb25c01673fcb344b6ce1d5417ce2b80972145,8f829be563248ac64aee5ecea0a08088ca8ca2f90fb55161cfc4d920f64a94d8,indefinite,3,1,0,-5.284836406057984e-4,0.1692164495958943,7.21413114188867e-15,0.1692164495958943;0.030270367378044973;-0.00052848364060579839,-2.707022207754619e-6,NA,0.11805434331995453,NA,NA,NA,FALSE,FALSE,historical
nic2-2003,9201,15,9,10,10,15,5b3c8e17ed0798c911cbaa1733b38a3700133dce162b1292493e8865e030d4c6,7c5a0df96ef9703768cbf0252d0ff6096c7060d43f9105260eeb91a5593c811a,positive_definite,9,0,0,0.0014037798858490644,0.23089121055150164,2.953045303348055e-14,0.23089121055150164;0.09950200762288075;0.070049054031488173;0.036259805408463963;0.020635145099390174;0.015844443414565035;0.0061138987647198885;0.0044582713922498322;0.0014037798858490644,7.300208493171003e-16,0.14423616985475507,0.14423616985505505,NA,NA,NA,FALSE,FALSE,historical
nic2-2003,9202,15,9,13,13,15,3e5ef8506b6ce1725b483873b352ef96e48b5e4d3018c8d58b2f3c284b59385a,bd2a8279cf9a925351ccfee100a35fa46df15d50b26366052594e9b2b5455cc7,positive_definite,9,0,0,9.415190448281163e-4,0.2500276867320933,3.1977964178350356e-14,0.2500276867320933;0.12921081775316462;0.07889306936382029;0.045580884252819608;0.033403161897771885;0.031085048283946731;0.013470703900809114;0.0016028599737511282;0.0009415190448281163,2.4522383766087e-15,0.15427978964116304,0.15427978964167524,NA,NA,NA,FALSE,FALSE,historical
nic2-2003,9203,16,9,14,14,16,44f4efc2df7a8c223c3fc7f92c08f069d760ebd33270fc0a8285f6a52124a42f,7ddcb9c8b823c09a049df2013fc0170318253dc5c8840f2295f90d1c8b4e5b4d,positive_definite,9,0,0,5.289371827047809e-4,0.497690846588699,6.365351082562101e-14,0.497690846588699;0.093932149534457679;0.090781695227546269;0.040277963315428045;0.025843765696729092;0.010031348595542557;0.0045920569701901216;0.0030869324938555742;0.00052893718270478093,3.3227167410966034e-16,0.1380647981181127,0.13806479811939115,NA,NA,NA,FALSE,FALSE,historical
nic2-2003,9204,15,9,13,13,15,02da0c33eca62a9f9914170b8e81bd079f561c91856ab28906c7ff9a9c97a75e,130595bff714725466a7f52ba1a950b7cdb06b77cf574c04446e39500e397dc7,positive_definite,9,0,0,0.001658855183034445,0.24322037813650027,3.1107325117268694e-14,0.24322037813650027;0.11934624802544476;0.063532029976850771;0.035012886078364697;0.024506176586525198;0.011269279106829106;0.0098541843500878565;0.005213553923345225;0.0016588551830344449,1.5197217984370402e-15,0.15023276894963764,0.15023276894991852,NA,NA,NA,FALSE,FALSE,historical
nic2-2003,9205,14,9,8,8,14,ab182141290822cc6b05199c4e70b77887e8dbdff2590bbcd6eb35b913f74c78,2bd88834b4a2b4d43eebfd1f28c01298b4c3fe749b7bed6138f5f88b561901a2,indefinite,9,1,0,-0.002495974579253285,0.21104942371368807,2.6992734283100968e-14,0.21104942371368807;0.125682870265625;0.065087503909486324;0.047019204788377067;0.020110577515968998;0.011488133319335649;0.0061704816214020611;0.0011552945167041979;-0.0024959745792532849,-3.33702223116477e-16,NA,0.13809775442104333,NA,NA,NA,FALSE,FALSE,historical
nic2-2003,9206,13,9,11,11,13,5ed0d2e25e02cddd4e1752d1f909867e0f34f69b6b3edb18cd42ae86f97af23a,ca17324aa5ac141f71b9fcf8c1d9060c4261aa60cd937690219b7e1ec9ce1eb2,positive_definite,9,0,0,6.377350099408078e-4,0.25504213895272265,3.261930104620353e-14,0.25504213895272265;0.12038965850224034;0.095306524068388229;0.070030729234018582;0.037235209703492533;0.019942415930034062;0.0055659121870747664;0.0020869261955285259;0.00063773500994080779,1.1272692952709463e-15,0.1477600717130377,0.14776007171366418,NA,NA,NA,FALSE,FALSE,historical
nic2-2003,9207,16,9,12,12,16,40c8876a50608c6542862c9a555db8b3bd8a2eadc47f109426880716dd3a822b,8c9075ea5426c140f5362eb5e92211229efa3a6b4dab4f66807757343fcb58be,positive_definite,9,0,0,1.1937826452840638e-4,0.2720641692951243,3.47963794475862e-14,0.27206416929512428;0.12013186979919056;0.080453744202837379;0.06162951531440411;0.044626624800661131;0.019270921301488428;0.010749216878619001;0.0057390531898649658;0.00011937826452840638,1.0263688293709654e-15,0.14699231724347128,0.1469923172459602,NA,NA,NA,FALSE,FALSE,historical
nic2-2003,9208,13,9,9,9,13,f768fb41c312be8de048b086d286caf2d5abe8219cdaaf9f1b6aff18f8df9afd,10dd3d422f0f12ee5b00bb2c314631c7880661cbfc7799c02941f29d95ca9ce5,indefinite,9,1,0,-3.8311647432676766e-4,0.3100098430242084,3.964954355549645e-14,0.31000984302420842;0.14412210381133253;0.098852446647202441;0.045787822403725566;0.01741940746967378;0.010700876485117364;0.0044343243967567298;0.0022946346706137276;-0.00038311647432676766,-1.4694948145483816e-16,NA,0.13194660657534665,NA,NA,NA,FALSE,FALSE,historical
nic2-2003,9209,14,9,11,11,14,4e476a57c3f5978f9b735a8215b4f26f93ad995d37e317668d25259a9bd30b97,44635f410a7c4f9f343d343464dd7e002d6817adf6271b10499734e9b55cfdbe,positive_definite,9,0,0,1.9243662453928822e-4,0.16963962178093797,2.1696516171636542e-14,0.16963962178093797;0.096431236365235068;0.04998425142988025;0.033393229563138421;0.017029317588525515;0.012958941536679772;0.0082490951220667991;0.0023696879029802631;0.00019243662453928822,2.266671662056755e-17,0.11893217672193998,0.11893217672279195,NA,NA,NA,FALSE,FALSE,historical
nic2-2003,9210,14,9,12,12,14,863f68696377998b186c86721bb99a82b32264a9e8e3998f6889588dd2e01a5d,dfaa53d3c0a3f3323f6aa2e90b8ffb47514b107e3f5773cd850c873e30aa8251,indefinite,9,1,0,-6.158951062177944e-4,0.1673461050755753,2.1403180677455363e-14,0.16734610507557529;0.10790684869182687;0.047124693873747674;0.036641330770929965;0.017478570147789318;0.010735618542206341;0.0075107830987450686;0.0024459898704047973;-0.00061589510621779442,-6.6200916216654e-17,NA,0.1262289911110979,NA,NA,NA,FALSE,FALSE,historical
nic2-2003,9211,14,9,11,11,14,a9c2e64eb95eec101fde50e6ae67ee61fead9b5cdccfa607414dc853ffce8166,5b636e75dad9c896dc2c05e34a97ada6b57bad2e0d4d04e29ef052da1d2388e0,indefinite,9,1,0,-3.7000275784614795e-4,0.21789110517170604,2.786776955396923e-14,0.21789110517170604;0.16819252091167655;0.10026267321759991;0.033717116217214078;0.032857284568557375;0.0098782746094609811;0.0060594253754547031;0.0034054331596977843;-0.00037000275784614795,-3.070134566232169e-16,NA,0.13745970632979232,NA,NA,NA,FALSE,FALSE,historical
nic2-2003,9212,14,9,10,10,14,b128839345d8386bdb8146d2f8118e4b654d2b58f890616941f8f855af2f10ab,0ed91caaba5112e709bf9d637beeeb4d9ed6cea2f6e5195f7380c000dfc0be3c,positive_definite,9,0,0,9.784126369296463e-4,0.21956120231383408,2.808137112459273e-14,0.21956120231383408;0.17996974353302941;0.10088850963875212;0.024422804278795111;0.01436079119738554;0.0048648450211886815;0.0040580682420358694;0.0021286221166669939;0.0009784126369296463,5.748832836486329e-17,0.12524327822619133,0.1252432782265967,NA,NA,NA,FALSE,FALSE,historical
nic2-2003,9213,15,9,12,12,15,58225007a15bf665ec08ad166958583801496dea5d1aa98de5887d41fe61bd11,b8dcda86a07119625388cc3370839b3b5110814017c35750dd6d77a0ec449bc1,positive_definite,9,0,0,0.0014358011901798755,0.30097193377248554,3.8493615817747724e-14,0.30097193377248554;0.15110138716443902;0.069823164654089359;0.051028451822367725;0.033588096796049835;0.031918666981391779;0.013415221054589732;0.0048449508618522855;0.0014358011901798755,1.6211307058806008e-14,0.17134789738050202,0.17134789738089867,NA,NA,NA,FALSE,FALSE,historical
nic2-2003,9214,15,9,10,10,15,8453f6a9b88c06f8c2cdc8409ab3718118b9d3f406a1995935d6225cc2b9e2e4,026e5a6157d0ff61e54559dae78396bf6c0a45daddadd0bdd867bb7d51d41ab2,indefinite,9,1,0,-0.007031149274098859,0.4084744641486564,5.224294138397891e-14,0.4084744641486564;0.10435089810079697;0.081942804042595616;0.026334019095088951;0.020370909808140901;0.0072623049107463124;0.006007996752954904;0.00094933632259339205;-0.0070311492740988586,-5.456951331773929e-16,NA,0.1419229998217447,NA,NA,NA,FALSE,FALSE,historical
nic2-2003,9215,14,9,9,9,14,befcfd94d36086a918246ce595a6357f7e8716831545a60fb0801536be1a1316,a6b40aa77d74d0e92509fec00d715c9a89540d03044c11d55014f97f75024d78,positive_definite,9,0,0,1.5372699995185005e-4,0.1747791798733133,2.235385379179632e-14,0.17477917987331329;0.1568234391097981;0.080987015056003683;0.025126047469960611;0.018984351225458111;0.014208243099347019;0.0052005785676037591;0.00096292347970531721;0.00015372699995185005,1.1581637527958617e-17,0.11457723342481695,0.11457723342594486,NA,NA,NA,FALSE,FALSE,historical
nic2-2003,9216,14,9,11,11,14,219bbdde0b72897e8dc84f4d5a6ffa26f38035cab4777e08e3e3f533711fc22e,34f2399e348de7e87718f9085237e74ee7a79d80c93a64184d7f04a1d22019b3,positive_definite,9,0,0,8.70319905657102e-5,0.22290924204647203,2.8509577680583905e-14,0.22290924204647203;0.10583759172353319;0.089649341582256445;0.030784427371199977;0.018613377889874168;0.0083000556786459474;0.0050781193930636154;0.00084791069896654892;8.7031990565710201e-05,3.769505209142558e-18,0.10765043698684233,0.10765043698907593,NA,NA,NA,FALSE,FALSE,historical
nic2-2003,9217,13,9,9,9,13,a8add17838da8e27bdcca54226f570683daca347f7d237ba8b43ba93077f7b0b,b61152a96b221c97c23b164e0266f8a67b0834e47ece2afe2905b4a1df69cb6d,positive_definite,9,0,0,0.0021392701613924823,0.33966752793464294,4.344269301855926e-14,0.33966752793464294;0.11134504344455076;0.045241233623769625;0.029782365847694961;0.018977882728927888;0.010624658261095826;0.0053160509566284771;0.0028528685356232191;0.0021392701613924823,3.33363317249839e-16,0.1380899589477908,0.1380899589481976,NA,NA,NA,FALSE,FALSE,historical
nic2-2003,9218,13,9,9,9,13,92dcb2dc10f7c6ff54cee15ab76d2ddeba9440fa0719837cb97372b41b042b56,64ce4f5e96cecabb6875e092cb5f41d946161e806b0728e6a389a3b458e4469e,indefinite,9,1,0,-0.0022721374707470143,0.2235352485791795,2.8589642471567565e-14,0.2235352485791795;0.12922485520306795;0.068577808441080523;0.043775998847115402;0.019608735143541327;0.0094461454299685377;0.0061899933234452606;0.0019504554198155695;-0.0022721374707470143,-4.4063273381645036e-16,NA,0.14024686212764603,NA,NA,NA,FALSE,FALSE,historical
nic2-2003,9219,16,9,12,12,16,1f6cee7d394ca8154e7504e0401f99d4d7c415c9278453d36d009d2a26be246f,5461af9cf7c1d921e28316251cc243210fa78aef087dea489c29ab3bf6f573fe,positive_definite,9,0,0,0.0012462645516382986,0.260666542863968,3.3338649327784426e-14,0.26066654286396801;0.11037869726922911;0.054755095689420039;0.033457477710991092;0.02088333193146584;0.017823185372107336;0.0084424242911439462;0.0032265171558938312;0.0012462645516382986,6.660162212963133e-16,0.14350276432082612,0.14350276432119716,NA,NA,NA,FALSE,FALSE,historical
nic2-2003,9220,14,9,11,11,14,2bf6511b341063855fe253c47e2c249466fc261b84604f5353af65d753ac9e44,efc3f0c0e7480a7ac2aa3fa8dbcac6a11986e4e8e7156e198f33712985d17f76,positive_definite,9,0,0,0.005692274687246663,0.23940132601277847,3.0618877163348746e-14,0.23940132601277847;0.14234258085585272;0.083742204693184705;0.075572075156401616;0.032381652769419393;0.018636441502107155;0.0099473528099959102;0.0063148292627801823;0.005692274687246663,4.653547073419706e-14,0.1816859480957216,0.18168594809589333,NA,NA,NA,FALSE,FALSE,historical
nic2-2003,9221,15,9,10,10,15,9130ab93690c1fcdc3499938269b800a47ea72fc09293b7d93564525667ef431,d7c5832174025d192348aaa82e42c4455e7a52103cb50a860d079f053f9d8afe,positive_definite,9,0,0,0.0015256388744464104,0.3310111375462325,4.2335560663049314e-14,0.33101113754623251;0.09751653857093448;0.051795928680871683;0.029944628444355845;0.016903256386188361;0.0147122820136673;0.0057913005359313281;0.0037886641556605784;0.0015256388744464104,4.167732295408841e-16,0.13981378395928606,0.1398137839597087,NA,NA,NA,FALSE,FALSE,historical
nic2-2003,9222,12,9,11,11,12,943ea5dac0215e0ebdb055fea5c3f71b3f5974f975f617fa25f4244ae033d8b1,5b81f328fedaf59374de49bbabb6fdce64987e362a5f8051edc765e003acb1cc,positive_definite,9,0,0,0.0017631681396860343,0.3469322899225652,4.437183931291723e-14,0.3469322899225652;0.1164183618369059;0.089394244328975886;0.067282844937481698;0.020671849568285116;0.0063889612918074197;0.0031614884751749017;0.0028416254452569649;0.0017631681396860343,5.082084350685241e-16,0.14136296947279603,0.14136296947331092,NA,NA,NA,FALSE,FALSE,historical
nic2-2003,9223,14,9,10,10,14,948e09d69310fe3c369a081f538fc246a408744b06461112fea9299f4c267a1a,1bdb9a5caa2f5eb1e54433410c6af07e2e9099299dd3a4f0f490f566791bddfe,positive_definite,9,0,0,0.0010545760412481171,0.30712346255548145,3.9280382154051564e-14,0.30712346255548145;0.19752840637967226;0.058745143000599652;0.049635582596146609;0.038848245559296106;0.011444565894784625;0.004790109617855946;0.0025104029660523671;0.0010545760412481171,9.973444392237356e-16,0.14675824494815773,0.14675824494870693,NA,NA,NA,FALSE,FALSE,historical
nic2-2003,9224,12,9,9,9,12,eff902102db67f4e054d3483a28816a92efaa62881ef98bca964ddbe421302a5,100b1c9b605f9b205b10bccb3e85d0825d3c7e83d75c0ffa38401b6f5b0452e0,indefinite,9,1,0,-2.336157159334949e-4,0.2534413694146535,3.2414566316161336e-14,0.25344136941465351;0.11379677858679521;0.071211167415492951;0.053254803667216195;0.019584076379162475;0.012666854008441836;0.0034159204707388349;0.0014922390246581089;-0.00023361571593349489,-3.230981171547751e-17,NA,0.12129751750797822,NA,NA,NA,FALSE,FALSE,historical
btp-national-2003,9301,14,9,10,10,14,dd73577d3ce40fb526ed565929a633795801f0dbbdcd4b0d250f66f3de9c4804,96387fdd3b33588597eee930ce23e0324a4e1a50944c7bb0aa614d8b78b036d3,positive_definite,9,0,0,0.001394328883743247,0.3881625889209517,4.9645099413290906e-14,0.38816258892095168;0.15382150973291919;0.057180588503744495;0.040346852810698615;0.01770949141863086;0.0083223625492480618;0.0058099401712352;0.0026104695797919764;0.001394328883743247,4.293359660195277e-16,0.14004464760202492,0.14004464760260427,NA,NA,NA,FALSE,FALSE,historical
btp-national-2003,9302,10,9,6,6,10,911f9b738a185844dba7d70ed149c02282e25d64541052d24d23e20e054699aa,4b6114a093ba45aef051f4a6c9f740676fa3bfc0df3b2f0aea0b311e5f330c8d,indefinite,9,1,0,-0.00834264657414705,0.3593405878466299,4.595883198447367e-14,0.35934058784662992;0.18748173290229334;0.1206283403033056;0.07429368769757265;0.030984636814934945;0.017423157713282567;0.0028429331052107942;0.00072639196224932488;-0.0083426465741470498,-5.615407730055248e-15,NA,0.1615470236120775,NA,NA,NA,FALSE,FALSE,historical
btp-national-2003,9303,17,9,11,11,17,215ddb2b19253606775a6f7cadfe87330ff8499cdf2d6d03931fe25a1b9611db,6e9bcb732b8970155d0b3f13d97ba33ec58e00f6ee4e6a4244858405d5162b98,positive_definite,9,0,0,4.792900791517852e-4,0.2579327580872134,3.2989004563218606e-14,0.25793275808721339;0.15994615038820084;0.048195529962461285;0.038757623221201576;0.023393355946692909;0.018314792099615763;0.0045154538780116469;0.0030902334658371505;0.00047929007915178522,2.2081565214209161e-16,0.1349658458419415,0.13496584584263066,NA,NA,NA,FALSE,FALSE,historical
btp-national-2003,9304,11,9,7,7,11,e758d7753a4b74e957e3e1e9194828b96b5468d47e09a58bb5a47957ac7557cf,685755edd8aa4ffcb6c8816a79416a217ce78e21b635f2b21a5eecf66e167eb7,indefinite,9,1,0,-0.0071124260815867,0.2755172846330982,3.5238024931031247e-14,0.27551728463309821;0.19353273607468593;0.083201941389592637;0.058720735567996056;0.0166469544824113;0.0096382222579797575;0.0035907916636511287;0.0029832124709742798;-0.0071124260815866999,-3.1845796990100705e-15,NA,0.15653591882670592,NA,NA,NA,FALSE,FALSE,historical
btp-national-2003,9305,12,9,6,6,12,8bc05eca0caec1b19ba7ec32a04705448e8e47511588aeb1bb7105db50aa115a,8eb044efac3f1104314ebf965ae7bc27642d76cc7e839ed911c0702e358309cf,indefinite,9,1,0,-0.018222278497637964,0.4370482411134201,5.58974615219765e-14,0.43704824111342011;0.11409167457651766;0.060187407044543013;0.029872188357426027;0.0057527566437683125;0.0041191682853975687;0.0021303040368067191;0.00082744440192013518;-0.018222278497637964,-6.82377398832293e-17,NA,0.12644167996446629,NA,NA,NA,FALSE,FALSE,historical
btp-national-2003,9306,17,9,6,6,17,dfae7e6b55a6a2c0bef3af5138c86734f6bb9c51ad945ffd8ad4bbedd2b2bd77,5f537a16a5ee67478e7d18a95abe941d271b9b9661cd2bbc02e4caa777b33d4f,indefinite,9,1,0,-0.005145985328799929,0.2790032512665054,3.5683872019355765e-14,0.27900325126650538;0.092325682221763447;0.064041892682099477;0.039189969509350553;0.033521177121726239;0.021889720928098808;0.0088329936654603924;0.0024688863248592523;-0.0051459853287999287,-5.323630642449191e-15,NA,0.16106884739730543,NA,NA,NA,FALSE,FALSE,historical
btp-national-2003,9307,18,9,11,11,18,b5563500679fdb9fbcf87ce565121bf838e4550a9edc83388efaba7378c9e87a,dedc157c4284e933f17ed63d9f7a348c5b5f5e0ed845532a37aaf7e2512d07ca,positive_definite,9,0,0,0.0027994614455447504,0.28732916891478216,3.674873767398935e-14,0.28732916891478216;0.1006427008924094;0.061950187400576714;0.050736692203680107;0.036400286922131625;0.026178601062241874;0.012883830928715699;0.0046843632190751456;0.0027994614455447504,1.4633495760941147e-14,0.17037592511656727,0.17037592511683275,NA,NA,NA,FALSE,FALSE,historical
btp-national-2003,9308,14,9,12,12,14,1bed4cbc3ce2c9da484d072ed86772d9709affe597fdada9b034ff378e32f9df,e02670b9dc33414018f5a6f4261eed4d3404ca5bdf8c0ee8a3e838faf1abf927,positive_definite,9,0,0,9.419620486387991e-4,0.2167280489467714,2.771901734662581e-14,0.21672804894677139;0.16883290687820576;0.089401399789854077;0.071160390233085652;0.040150944698102799;0.011057223982432441;0.0072970833482028496;0.0039955642470516344;0.00094196204863879912,2.8382952147970593e-15,0.15553800757491895,0.1555380075753023,NA,NA,NA,FALSE,FALSE,historical
btp-national-2003,9309,12,9,7,7,12,6b12a1ba20156a681ea78a94c38105e6ba5a460a50b62d19b5180299b6f4d75a,39cef82b372269ce621314191f0ffe1e3cf7c6cd863fb748c6228c245d7ebbbc,indefinite,9,1,0,-0.011627891494985929,0.29119749310224213,3.7243487411163004e-14,0.29119749310224213;0.071201092153633266;0.037800107809496344;0.02222314439237252;0.018049382277808584;0.014098341089523224;0.0041179273478447534;0.0010909129897927168;-0.011627891494985929,-2.3151170538676803e-16,NA,0.13532098928971067,NA,NA,NA,FALSE,FALSE,historical
btp-national-2003,9310,18,9,12,12,18,a04118210e26f59cf14fe7c48ba140034bfa6e96f9a9c798df08b2555ffea2a8,9f2b215674488174610e8e76daefac3bf8628d036f7a4c471082996f23a669b8,positive_definite,9,0,0,0.0022404878683265537,0.22808722274037513,2.9171829462816504e-14,0.22808722274037513;0.16186522234258971;0.093284987903283684;0.040451880584653599;0.023210118643459853;0.015713762307348559;0.0083759507796333423;0.0038595172056366156;0.0022404878683265537,3.680206736506127e-15,0.15779891472859636,0.1577989147288463,NA,NA,NA,FALSE,FALSE,historical
btp-national-2003,9311,21,9,10,10,21,8cf851e8e7e035ff0eda51e3963bf76a5e1cd4fdc0d008b21ad6f31c50e49351,416a9446593fae6db51bf66a941e704f0fbf73f3d08d4432ec94414d5dfb4a04,indefinite,9,1,0,-0.0018713702570574708,0.225121550194926,2.879252678773034e-14,0.225121550194926;0.18391595883360087;0.075532733424374207;0.042191643662107862;0.032653800735318241;0.020698085884692262;0.012139511737089702;0.0061942654962318803;-0.0018713702570574708,-1.2549106737401113e-14,NA,0.168927638851036,NA,NA,NA,FALSE,FALSE,historical
btp-national-2003,9312,23,9,8,8,23,0717562ecdac00fe403f4671ddc9b35015bd833b39ad96f7655c38158a853168,950632f3cbeb474c44951a99d169eedbfb7d76e7f1cb24a99cc4ea8122abc717,positive_definite,9,0,0,0.0027881767173196697,0.31075758042526747,3.9745177443640604e-14,0.31075758042526747;0.14439396567415697;0.056282443425602027;0.042112513739196243;0.025681914510900811;0.020727474274694929;0.019785477148898414;0.0089824862988661467;0.0027881767173196697,2.8053823052998475e-14,0.17664879108201065,0.17664879108226772,NA,NA,NA,FALSE,FALSE,historical
btp-national-2003,9313,21,9,13,13,21,f70a5ef5773aa240edd24bb5e495ea6719582c1aaee61e507a63ed32d4b89f63,07398038496443a76e3a7edecb1490f2a46562f0b18d7fc527cadbd91562fd49,indefinite,9,1,0,-4.594516171487687e-4,0.25784624873632594,3.29779402168659e-14,0.25784624873632594;0.14341452473120564;0.069827402961544549;0.052106300738283248;0.035586809365616486;0.019666856464664255;0.01074068492634046;0.0085386700007105357;-0.00045945161714876871,-3.967857603663178e-15,NA,0.15846004762417365,NA,NA,NA,FALSE,FALSE,historical
btp-national-2003,9314,20,9,7,7,20,2531b5d7fc083b1322d487f14cd776539798a5b481a7e64bd1e32d481f62af69,6816e0de3a87d222a6108f5761ced8cb4186935393f2499d82ce76d3c943acc7,indefinite,9,1,0,-3.450575208736197e-4,0.3137381039014319,4.01263795184958e-14,0.31373810390143192;0.13050271506497962;0.069346221849684919;0.054865189784090301;0.032396740945935816;0.021087697707368045;0.010738656333294079;0.005484434959768982;-0.00034505752087361969,-2.1627699552534265e-15,NA,0.1532069093244315,NA,NA,NA,FALSE,FALSE,historical
btp-national-2003,9315,17,9,8,8,17,f581996e92fe67013dafd8b60c3f4623bda47601b8bca8e488224fda57f3da58,92be55abe6d3b95806da873cfe2c1e9330a4640fe51fa1a032050f7360e81261,indefinite,9,1,0,-0.014670581035087752,0.3694553574477879,4.725248767599185e-14,0.3694553574477879;0.22667920467903335;0.061296945314368662;0.027801516870732079;0.021109319961952307;0.010960073600043972;0.0060350824932464946;0.0028581464808819204;-0.014670581035087752,-8.355716464956416e-15,NA,0.165153576499147,NA,NA,NA,FALSE,FALSE,historical
btp-general-election-2004,9401,23,6,17,19,22,2aec612f975fc283bce0058b67b7e5e16b1a8a8b883f24d135dee6c12baf5ead,9713adc57d6a6610780cd5ea8c07bcb041a31ed815f1248dcb5b5e5533b020ba,positive_definite,6,0,0,0.01884415183809058,0.23682737350236674,2.0193116384550087e-14,0.23682737350236674;0.17166795951661651;0.094764038918375218;0.061562863642528616;0.034810045357554248;0.01884415183809058,1.5558391776425516e-7,0.27080939395572307,0.27080939395577713,NA,NA,NA,FALSE,FALSE,historical
btp-general-election-2004,9402,26,6,21,22,25,e7c97ec219952b85bc187a76e5015a8abc51461888096a82133bc4c5517a3b8b,61c60a78a74f5eb13457402aca838f853854b3fa5e71fe52f42368f72dca3d4f,positive_definite,6,0,0,0.013030578888051496,0.3234885115321184,2.7582289436519292e-14,0.32348851153211838;0.11607228146757514;0.089758853230176988;0.042279228184674521;0.021960086584547737;0.013030578888051496,4.077457906648543e-8,0.2422139342181144,0.24221393421820833,NA,NA,NA,FALSE,FALSE,historical
btp-general-election-2004,9403,24,6,19,20,24,4cf29a7d7ea2c036104435a27ee54b9a9fe136856bc78dbc097bf4e0322575db,66bfedc928e2aa0fa240e0cf4d5982726f8de5906215acf40152a73e7087092b,positive_definite,6,0,0,0.029226727649837983,0.3065360064799978,2.613683191839281e-14,0.30653600647999779;0.11165931379038768;0.08742022641583079;0.062561606167077871;0.038035037133767421;0.029226727649837983,2.080943572228272e-7,0.2774523187265802,0.2774523187266408,NA,NA,NA,FALSE,FALSE,historical
btp-general-election-2004,9404,20,6,16,17,19,6609f2016affe92244000474a6aeeb73f69776499e825197864a44ef1f67231c,2b78444d666d2d9384f96eb20b708e40ee9b4ffd87ebc71dc3a796ca1a221454,positive_definite,6,0,0,0.014977398439498427,0.3777903916517973,3.221234621137773e-14,0.37779039165179729;0.12089163963626398;0.070701894346966443;0.059820333743256709;0.039505481375603002;0.014977398439498427,1.1429330715043535e-7,0.263937885623556,0.26393788562365084,NA,NA,NA,FALSE,FALSE,historical
btp-general-election-2004,9405,26,6,21,22,25,0850adb928348122abf18d84fca8a209dc9ca223acc475f48e9efee494c040d8,1357b00a8e171e8f4aa1c676e0dbc2c6f5778ac550b3ff8e5c41937fc62311de,positive_definite,6,0,0,0.019882485003318368,0.27328987940635163,2.3302096628272434e-14,0.27328987940635163;0.14400494535877439;0.11302006232059018;0.076164580280120589;0.03453376036850643;0.019882485003318368,2.3260769941154986e-7,0.2800391003864659,0.28003910038652674,NA,NA,NA,FALSE,FALSE,historical
btp-general-election-2004,9406,26,6,19,20,24,ac670fca2532a45bfd93e35da9e499a78da5c03f850351e5fa73287b4eb0dc95,48815b3c25c42334d0604f4d5b34ee8451064e64852315862c55cda36afc59d5,positive_definite,6,0,0,0.023878548404002543,0.22492251742466346,1.9178047303796303e-14,0.22492251742466346;0.14605608586675106;0.071356778755958472;0.051978135280695975;0.04112120796949937;0.023878548404002543,1.196416272547968e-7,0.2649456901486824,0.26494569014872926,NA,NA,NA,FALSE,FALSE,historical
btp-general-election-2004,9407,27,6,20,21,25,429cc1d00bba1d49428e0b8ada1f7ba712a94cddd7f985605f08230758920cc6,bced5fc7e6da4cefd74361d2381e589c0155905eedc8fd9c691fe0598b773cd1,positive_definite,6,0,0,0.004561574138747812,0.38278830706268024,3.263849411007529e-14,0.38278830706268024;0.14412829705972371;0.10688733050103109;0.054128405459802693;0.01714659646575618;0.0045615741387478124,2.4966177140727192e-8,0.23251233842411193,0.23251233842431085,NA,NA,NA,FALSE,FALSE,historical
btp-general-election-2004,9408,10,6,7,7,9,eb390bf28d1e6c38c6a9d389d9c3d5578459ae1ade599e824f979324cab868b0,3875e9799bd77fd8f211456943437bcbf3e7e76f800e72aebc62109878e239a6,indefinite,6,1,0,-8.935815092431601e-4,0.43578410593592043,3.7157187699897386e-14,0.43578410593592043;0.18188523735020626;0.085303555363022032;0.028950651079751016;0.0093788583561304102;-0.00089358150924316007,-1.6405083892846147e-9,NA,0.1853168337046573,NA,NA,NA,FALSE,FALSE,historical
btp-general-election-2004,9409,19,6,14,14,15,d49d913a0f674fa6cef13b7f20aa74a9a112cbc300d3d9ce47f77514d638fe05,748a009070062f9cd25190edf1f73890f370fdf19c556a34e8ad12aa5593b662,positive_definite,6,0,0,0.004668807430656635,0.3026826938425873,2.5808278722017856e-14,0.30268269384258728;0.11123263546266812;0.10352577402212944;0.074263747804862279;0.030345094072707034;0.004668807430656635,3.6672423907983246e-8,0.24008312461601394,0.24008312461615994,NA,NA,NA,FALSE,FALSE,historical
btp-general-election-2004,9410,19,6,14,14,16,da2615fa6958fec278ab5024537e9d7b26ae35a9b3da3c6d7aa0202f1db668bc,26dce13893a240205d80c3f9b8b73a102ddadc0ce426cdb8fe7648e694d7f710,positive_definite,6,0,0,0.01842278505213098,0.2380300855754648,2.029566578376018e-14,0.23803008557546479;0.17592877016221165;0.11074558115498931;0.03030127926435142;0.025180241127552058;0.018422785052130981,6.518854077986473e-8,0.2518726075557634,0.25187260755582563,NA,NA,NA,FALSE,FALSE,historical
btp-general-election-2004,9411,23,6,18,19,22,4f94dd6050e1410fea202d22081abbc03bb4490078ca8efd8bceb2fc5c9d64d3,719789993d3c34ff7293c50cc0cc4b331e2f680c5a62aa69a5a9a7252407fe45,positive_definite,6,0,0,0.0236770090443189,0.32570681953308533,2.7771433752811163e-14,0.32570681953308533;0.13657385211066084;0.11162067279619151;0.051601448611889138;0.031965916459797447;0.023677009044318902,1.9391657887956204e-7,0.2758256043307472,0.2758256043308188,NA,NA,NA,FALSE,FALSE,historical
btp-general-election-2004,9412,12,6,7,9,11,05875bcee7d02f5817e7fd9a7eff8a66c24a9012bfda483a6e2b620f9137a4b2,8f5c2e484085dcb3e07a1f4f59582f7f2408101e31f0b4fc1c598630313a3586,indefinite,6,1,0,-0.004997875263013978,0.4550454774625404,3.879951101417934e-14,0.45504547746254043;0.19840381531095716;0.088233472593514703;0.045545367890416598;0.025680828585016451;-0.0049978752630139784,-4.6566849129191044e-8,NA,0.2449099357791854,NA,NA,NA,FALSE,FALSE,historical
btp-general-election-2004,9413,10,6,7,7,9,471a39d41a1a95b8c43dab4fdcc139a4a733f064910e2cd9abad8ec8a5396920,9204be3896877c24bd87d28f15569d19143910b8b7bfcf913b4dd77aff8159cf,indefinite,6,1,0,-0.010772964406067082,0.4803446525521554,4.095664842385719e-14,0.48034465255215542;0.13361952077558559;0.06487755509717423;0.011624442931483252;0.0040568832928043553;-0.010772964406067082,-2.1155204807445517e-9,NA,0.1892858296062906,NA,NA,NA,FALSE,FALSE,historical
btp-general-election-2004,9414,20,6,15,15,18,6f5d49577aea65393a5b8497feea68305383de82b79dd29495c9d69f49421f30,6868008918883fb5b250459267d2e95858699f2a5165c836dd9f5bda66382aa6,positive_definite,6,0,0,0.007908296919109695,0.22305882654793283,1.9019139462096702e-14,0.22305882654793283;0.16894513333818201;0.12009979189503471;0.080585120063084201;0.045969608334448436;0.007908296919109695,1.3259159087860858e-7,0.26722453608566316,0.26722453608573915,NA,NA,NA,FALSE,FALSE,historical
btp-general-election-2004,9415,14,6,12,12,13,84c29757de0b97cfee10e36a9a03d32c778926fd400218e323feca5f878ad6ee,0b9162499208d59e2d525d4e277c5a28a788c031b2a425e19bfe7952f0309f38,positive_definite,6,0,0,0.008471883922230798,0.25231789457418907,2.151391765103674e-14,0.25231789457418907;0.11604493686178881;0.081030729234542451;0.052218704734257021;0.015345057475586356;0.0084718839222307982,1.610640469813097e-8,0.2241729553279296,0.224172955328021,NA,NA,NA,FALSE,FALSE,historical
btp-presidential-primaries-2004,9501,14,3,12,12,14,259a732af0d9f1e132a7cf7de0c22f99a98858b739af4f978cbbe2bfaf61434e,a95471a4eaf45804513a6076248aa66e1ed44d6855fd1f9d815433bd6ec1dbce,positive_definite,3,0,0,0.02553281698323692,0.12923074670794268,5.50943809861093e-15,0.12923074670794268;0.080819829450845468;0.025532816983236919,2.666751300993476e-4,0.2537058137148334,0.25370581371484724,NA,NA,NA,FALSE,FALSE,historical
btp-presidential-primaries-2004,9502,16,3,14,14,16,ab1cf67f76fde5606564977092a4d60dab233998517c0c6d9368131d9be2a757,8b122d23e15e6326c7009121cc2b7eaada58e75df67f5539332726645b24b037,positive_definite,3,0,0,0.029283217747272064,0.13471690215448887,5.7433269725985756e-15,0.13471690215448887;0.076750026930360427;0.029283217747272064,3.027745874059104e-4,0.2591313177211731,0.25913131772118675,NA,NA,NA,FALSE,FALSE,historical
btp-presidential-primaries-2004,9503,16,3,15,15,16,758d255d3ee50e3bd8a6e995560af586ef4ea585d8e162c4b7873d8d65f36a67,65edc05b060bd934553fb4ea8df3b435f3eab79805f7b2934873c287c4a5e9f9,positive_definite,3,0,0,0.023647467661046636,0.13582253732067906,5.7904630347428164e-15,0.13582253732067906;0.063009050137987188;0.023647467661046636,2.023761884803984e-4,0.24230361973213194,0.24230361973214729,NA,NA,NA,FALSE,FALSE,historical
btp-presidential-primaries-2004,9504,15,3,13,13,15,4adb8413a977f9b35844c43c036f87d729170604a2088e295011fcd1eb796494,459a2629ef92e6bd9da827522b8b6f1c1664dfcd4103a602735344f3f47c8764,positive_definite,3,0,0,0.027816635900742796,0.1490768041785098,6.3555264167622656e-15,0.1490768041785098;0.084633812285250146;0.027816635900742796,3.50960777786413e-4,0.26558880445842037,0.2655888044584356,NA,NA,NA,FALSE,FALSE,historical
btp-presidential-primaries-2004,9505,13,3,10,10,13,4a2728f6988266bc0f2031381fa13c49ace1ca68e3124142fac32046ed8a7e9e,e6fd0edd8382a15acc7fcd7b9291a8bd0ec0ec1563c8eb5b0fdbd33eb1ea4810,positive_definite,3,0,0,0.0160006797311847,0.14150736868427788,6.032821972508396e-15,0.14150736868427788;0.030827503476237264;0.0160006797311847,6.980006760463827e-5,0.20291273620457428,0.20291273620459505,NA,NA,NA,FALSE,FALSE,historical
btp-presidential-primaries-2004,9506,15,3,15,15,15,1709d73a914c862a42d5768392a13b9c7567e1d8ed53ec3b43047e207c08b397,cd387042655008885c2103df4525f5ebe906859430e31e21a36ebc1b289f0bcd,positive_definite,3,0,0,0.032591978877808785,0.0995759386954001,4.2451775937905766e-15,0.099575938695400101;0.059136286248826893;0.032591978877808785,1.9191953679367204e-4,0.24017061184844254,0.24017061184845231,NA,NA,NA,FALSE,FALSE,historical
btp-presidential-primaries-2004,9507,11,3,8,8,11,5d8a3c6235f31ed511ad81003a382ebde6260590f879d97a07cb3310befc47a9,6d0b1ab3ec6c6ed334e876be010f1f1dfa4e29e7ec25baeaacfd03cf6b6d0880,positive_definite,3,0,0,0.010948505767061788,0.1610490047607547,6.865932026048883e-15,0.1610490047607547;0.060549822976621405;0.010948505767061788,1.0676423058497582e-4,0.21780656327490616,0.2178065632749346,NA,NA,NA,FALSE,FALSE,historical
btp-presidential-primaries-2004,9508,10,3,7,7,10,66cb79cd6272543d08cba97a119f173b61743528b62d935a4722a13f30c26c15,1e28cfe47705ad8d09c7a1a9d22dbfd761b0f5291b46e162cc70a28a16c59704,positive_definite,3,0,0,0.016635551370624384,0.1244377863902803,5.305101910420844e-15,0.1244377863902803;0.088756657829276803;0.016635551370624384,1.8373437524359503e-4,0.23843228975427425,0.23843228975429098,NA,NA,NA,FALSE,FALSE,historical
btp-presidential-primaries-2004,9509,19,3,17,17,19,e529f118766be826c339a15f165b0b036f8b5a16bd77f81b54c3535dc88e782e,93516f8b4a6784afe6b41fc3f5a4d388112cb4f94d207427074552a74aee19be,positive_definite,3,0,0,0.018747160892012053,0.14194472036318628,6.051467396013647e-15,0.14194472036318628;0.097689683521512721;0.018747160892012053,2.5995815909455526e-4,0.2526294105801417,0.25262941058015975,NA,NA,NA,FALSE,FALSE,historical
btp-presidential-primaries-2004,9510,10,3,9,9,10,82ad5329a15f7d2620d89e5746b35db7c8c6e630d7b982e7c25f8104213e55cb,36bf01b7fc067d5daa8fceb7507406b18e1252a2184ec70dddd9612ade3227ed,positive_definite,3,0,0,0.008184311003093409,0.12008880712005172,5.119693772714913e-15,0.12008880712005172;0.057131368943899655;0.0081843110030934089,5.615123148868423e-5,0.1956860563036831,0.1956860563037078,NA,NA,NA,FALSE,FALSE,historical
btp-presidential-primaries-2004,9511,14,3,11,11,14,8527567cb6740dce8d17b2089e65867779ec4736b1b611861da274b9e5e99d9b,abab1beb767b895f50493ffed6218e917a10ae552a90580711ca0b5f905677ab,positive_definite,3,0,0,0.004463771931903663,0.0745181836641948,3.1769012450778347e-15,0.074518183664194798;0.024430656021400321;0.0044637719319036628,8.126422289548888e-6,0.14179140234192117,0.14179140234194207,NA,NA,NA,FALSE,FALSE,historical
btp-presidential-primaries-2004,9512,9,3,7,7,9,6c96aff0387c1546aea458d083544d81e04d97633189533aacd5888511fa83ca,6ad9b73f3c5923e9c879a6e9beede855a23b0008eb581551721f75d7960575d7,positive_definite,3,0,0,0.021045752562684965,0.1560196178980668,6.651516368012272e-15,0.15601961789806679;0.10694938621985645;0.021045752562684965,3.511736863415696e-4,0.26561565068759396,0.26561565068761267,NA,NA,NA,FALSE,FALSE,historical
btp-presidential-primaries-2004,9513,21,3,17,17,21,94324b97241a825583b718275e010be6cd74744cea3e1b93608ebc9d98262ad7,e1159e910956f2e5ca3248fae86685872dc0852756e66ab40637619b367bdf5d,positive_definite,3,0,0,0.02350799047228255,0.1363317307739852,5.812171257303413e-15,0.13633173077398519;0.061503761561445221;0.023507990472282549,1.9711248460039323e-4,0.24124168619458966,0.2412416861946051,NA,NA,NA,FALSE,FALSE,historical
btp-presidential-primaries-2004,9514,10,3,6,6,10,b02f8cb8be006a9dda2b698deb0ea69b3825c7d395a06abede666db4d0a4628e,dd5d369fe5dc673ee5fdaa3757e397db3d3342dbd455ea4932e580256934815b,positive_definite,3,0,0,0.034816647763434384,0.11646644275840898,4.965263091708421e-15,0.11646644275840898;0.088377764347284268;0.034816647763434384,3.583692815286688e-4,0.26651508529078577,0.2665150852907964,NA,NA,NA,FALSE,FALSE,historical
btp-presidential-primaries-2004,9515,13,3,13,13,13,8411198f8d2570a5f13f901be464ef320a5d09e3cef638bf2fe94173c19ae4a2,3a09a3f31eeadf813b2f98c04444eb8592edea87cf19f1fa6f5efd6308875fbc,positive_definite,3,0,0,0.031602103089991174,0.1795089470811152,7.652926701145839e-15,0.1795089470811152;0.055607365651318755;0.031602103089991174,3.1545281427915563e-4,0.2609090044807238,0.2609090044807421,NA,NA,NA,FALSE,FALSE,historical
btp-presidential-primaries-2004,9516,11,3,9,9,11,f7c80ee446be2c780f4e0a705621c30bf7921b5e82c0fdc085be759251d18858,bb3b2d8c3d047a5196a2a5afecf8fd11e699defb836fc525bba6699f90501eec,positive_definite,3,0,0,0.010865114862268445,0.14328483940520328,6.1086001070351845e-15,0.14328483940520328;0.028871246369464174;0.010865114862268445,4.4946936451413646e-5,0.18856019384516942,0.188560193845195,NA,NA,NA,FALSE,FALSE,historical
san-mateo-2008,9601,6,7,5,5,6,20300fc0c0bcd7e9910623e3f579f1cde7ba853eadaaab61cf8cd652bbff1ed7,88206bd156b40dd6024217cafbb1dc867debf71d3eb8ef1d9ea4739117d3b150,indefinite_and_singular,6,1,1,-0.014312405145344124,0.5791469412181748,5.761121128283581e-14,0.57914694121817478;0.31855206979578921;0.040951389366030856;0.02287287146370005;0.0061224663700732785;-3.9336576526950318e-17;-0.014312405145344124,4.828952802062592e-25,NA,0.03131740621206488,NA,NA,NA,FALSE,FALSE,historical
san-mateo-2008,9602,13,7,11,11,13,d57d74dae6d03ff9d75bbd31c633c33bf5408511d633e715bde4b44866361940,90d06eabe0df689606ad51cb037d7fa78a536b6049544241d7728009df16af1c,positive_definite,7,0,0,0.008230886945156373,0.34662211709758517,3.448057583004664e-14,0.34662211709758517;0.19072729070942629;0.15680737187296714;0.095092210202778249;0.028751788953961913;0.017939512370390456;0.0082308869451563731,4.1850694583122335e-9,0.25208684956200766,0.2520868495621549,NA,NA,NA,FALSE,FALSE,historical
san-mateo-2008,9603,8,7,7,7,8,7849dce3f430d9f602f6c567cf0010474e6b5ec1efe141eb850b56717b9babd7,a49c01b11619a63cd2795f45ef7e8004616f024ab4ff26f7fe668ca233a04849,positive_definite,7,0,0,0.0021577363615538224,0.4962210608176333,4.936207781331963e-14,0.49622106081763329;0.21431318893945212;0.13006653776534138;0.0797529019940387;0.054223614266193987;0.0098720953037415224;0.0021577363615538224,1.274184588055475e-9,0.23155782061865224,0.23155782061915017,NA,NA,NA,FALSE,FALSE,historical
san-mateo-2008,9604,6,7,6,6,6,e67ab983aabc7f542499374a28b7b90bf318211e60687f939d79221136ba9c08,c38f926d0d93b64c4834220ac27abc2807fe071c7535b8ecfd9bcf49c5af29b3,numerically_singular,5,0,2,-2.6651275718101617e-17,0.2771695359000004,2.75717120430841e-14,0.27716953590000037;0.2074621722106621;0.049879226097516036;0.025282449156318908;0.0063917854536955886;6.9948208727078874e-19;-2.6651275718101617e-17,1.2370174532660706e-41,0.0011968145070411554,0.0040787663132884665,NA,NA,NA,FALSE,FALSE,historical
san-mateo-2008,9605,11,7,8,9,11,dac2704c71f0040a8601f42a64de1e542c82924654df72703a882cbb567e4efc,642babb90d2818010193e7db8a49fdcc72170326bd9ccad9cf35febe4fb460fa,indefinite,7,1,0,-0.0031113524194902476,0.3866568889947548,3.846307411895515e-14,0.38665688899475481;0.1986031574441032;0.14401373356080741;0.03845387778126725;0.03081282560432096;0.0045326945293199172;-0.0031113524194902476,-1.8479624232333478e-10,NA,0.20172689107719194,NA,NA,NA,FALSE,FALSE,historical
san-mateo-2008,9606,12,7,8,9,12,a4c767e55385d17f0182b692f4242deacc0ca9beb929119c6a4b2ccbaedba147,8b8a69e4c4e0dbf4d07ae4d728af942f057f3a249ed837da89467c9c4489e848,positive_definite,7,0,0,0.010519594748851143,0.2892060743386993,2.8769058536268166e-14,0.28920607433869933;0.21277035411281917;0.12253293219611683;0.080920779230345033;0.053553826439888694;0.034610338284383563;0.010519594748851143,1.1896707113010661e-8,0.2716183176680223,0.2716183176681178,NA,NA,NA,FALSE,FALSE,historical
san-mateo-2008,9607,13,7,10,10,13,492a491c7460546e1c3ea4a82a762c9c8a31cc45e00bd2644eef663bc0de4a51,8db90a0dead1025788871e423549eb9303f0fc367bb4d0450138cc53ade7dd1d,positive_definite,7,0,0,0.015816697590786376,0.2711139050919431,2.6969322215728678e-14,0.27111390509194311;0.1907316573962351;0.11123033892924776;0.069917659925505721;0.044055695026805008;0.041267675039818111;0.015816697590786376,1.1564120024456326e-8,0.27106876102964494,0.27106876102971933,NA,NA,NA,FALSE,FALSE,historical
san-mateo-2008,9608,11,7,10,10,11,3b26bbc686635e989f70f5d5ec9b74292bfa435f4d46d7134a4cf32a7fee38dc,4226b83ef6b382a930d5e1cdabb4cf63cbe67c06b92907af5292848da57a8d02,positive_definite,7,0,0,0.0026267549907540203,0.42020023836090264,4.179983177048028e-14,0.42020023836090264;0.28023740256188456;0.12737293648822726;0.038998460130284525;0.037278968249732154;0.020647733426678343;0.0026267549907540203,1.1826680067112813e-9,0.23032832341174123,0.23032832341208168,NA,NA,NA,FALSE,FALSE,historical
san-mateo-2008,9609,8,7,7,7,8,e20aa8319738dc1f1521b47397b1a5a2ec3d6723d23f68b850f718d101b55599,7887fa5f83ab98129b095c4da82715c3a8331c408fc07e9662c4e035c202bbcf,indefinite,7,1,0,-0.005824985805769471,0.3993704521166804,3.9727768308022784e-14,0.39937045211668037;0.30463825996462918;0.22415997742948587;0.10490443916119076;0.049705532962449048;0.0016905079003955972;-0.0058249858057694706,-1.4003259195900763e-9,NA,0.2331244340480714,NA,NA,NA,FALSE,FALSE,historical
san-mateo-2008,9610,10,7,8,8,10,a021d012c1165550c1111ef37880116b99c4bdf2161d1448d70dcaeba69a0a2e,66038b5b9153cb4310ca40f180e9ff512276822649b0472dd54ae7f10935f26c,positive_definite,7,0,0,0.003106837285802026,0.21016438981449778,2.0906309269740354e-14,0.21016438981449778;0.15131925507447952;0.05990966656323328;0.042910215049459792;0.02813285100823144;0.014265845440931044;0.003106837285802026,1.0193907503491386e-10,0.19333480699268293,0.19333480699282116,NA,NA,NA,FALSE,FALSE,historical
san-mateo-2008,9611,11,7,8,9,11,f25d06e80f287e10c15f61f7609eeb8067f95b2f847e743522092c2308f7e1a6,45fcdf03d2885ab90d262d3934cd2d19f9b0f0eb75f7f50b1a49a0eae7dd32fe,indefinite,7,1,0,-0.002258393115274941,0.25196856942294266,2.5064821130067095e-14,0.25196856942294266;0.1164863201619083;0.083467787879410865;0.033140387197621364;0.015761888285692069;0.010293146782791135;-0.0022583931152749411,-2.974772310315759e-11,NA,0.17705322341102858,NA,NA,NA,FALSE,FALSE,historical
san-mateo-2008,9612,12,7,9,9,12,2f0a87b20271ce2df923a6f5017fc45cc1597c0210b099ec33c94f048793bc42,da433451c213836dea341ef42e3b6f1c6c40c1e4d8bab1ec238fafdc9b97e0ca,positive_definite,7,0,0,0.005051710364493888,0.1825331894839728,1.815766845521423e-14,0.18253318948397279;0.17603009783005272;0.11891114780797193;0.082983805704838806;0.04644378311960045;0.031079377969902552;0.0050517103644938883,2.3119745083755747e-9,0.2416248769156491,0.24162487691573786,NA,NA,NA,FALSE,FALSE,historical
san-mateo-2008,9613,12,7,11,11,12,712d9b09d4ac3371d0994d857d8b075d6eda45abe9869ead6811f63108eb287f,7dedc930da144203b251618e95d0276878620d78d0c821332f857f65e821eb87,positive_definite,7,0,0,0.0022164536407984752,0.32971787684080567,3.2799009913526896e-14,0.32971787684080567;0.20295612173666785;0.10660753394070059;0.087298749289068833;0.052764509750045013;0.020467367744421604;0.0022164536407984752,1.4907441755502902e-9,0.23416867273425726,0.23416867273455766,NA,NA,NA,FALSE,FALSE,historical
san-mateo-2008,9614,8,7,8,8,8,98446b405f4a1778d6b02a2ac6efc777e2618da60a3b74e379076a13a738d32f,e2c8a76efad1d55c7c121c25340dddda5c96624a30bb0882d32c984c3377f390,positive_definite,7,0,0,2.3570982597395982e-4,0.3893641116187081,3.87323777506901e-14,0.3893641116187081;0.15051016543784912;0.09471242536651267;0.03555901797450528;0.023694896314151313;0.020149857931904117;0.00023570982597395982,2.221175924327604e-11,0.1733970241502584,0.17339702415235939,NA,NA,NA,FALSE,FALSE,historical
san-mateo-2008,9615,8,7,8,8,8,8380ce82a2a5f6f6958452d9b325ed0fe82847a3f42d8c315806eaed4fcd14fc,699a4afb624e34d82f14eed67fe4992e52d2feeb720cd83dc0f24dd65baabaeb,positive_definite,7,0,0,2.8006499968581244e-4,0.22623454804227752,2.2504904056517355e-14,0.22623454804227752;0.13119424543881866;0.10752648959449129;0.027040037294255411;0.017505133428012781;0.0035131270586226024;0.00028006499968581244,1.4863277503482738e-12,0.14293909953691544,0.14293909953782857,NA,NA,NA,FALSE,FALSE,historical
san-mateo-2008,9616,7,7,7,7,7,7841d3d8eab79bcf94640b0790fab6e5cc4181cb6f2d91716b2d3d1d5d908880,f664da56de4d10c46ec4c2b2fa3ab016db8307b2f6cfd9cc844a5b6b55c36f8d,numerically_singular,6,0,1,1.7546005925604015e-18,0.3154811669610217,3.138279920345826e-14,0.31548116696102169;0.099228946113839561;0.066209105854981548;0.025675232976690408;0.016896097836276953;0.0067739952818945204;1.7546005925604015e-18,-4.616939886127482e-27,0.013148688726250772,0.028097701850523345,NA,NA,NA,FALSE,FALSE,historical
san-mateo-2008,9617,7,7,7,7,7,792daa55e96bb0f66711f182a068ab3c433db88e527e0a1dcc4617268890c559,f6078f01e617d6df86b5b868ba3cd8aea93d9830c3d2760ed8ea9b40b38571ed,numerically_singular,6,0,1,-4.517621594427161e-18,0.4027755425870112,4.006649302978472e-14,0.4027755425870112;0.16830263487621866;0.097940154069643889;0.069473197387910163;0.020692268921614167;0.00065744069224321264;-4.5176215944271612e-18,-5.201439612598996e-27,0.01326112150638522,0.028653215227449513,NA,NA,NA,FALSE,FALSE,historical
san-mateo-2008,9618,10,7,8,8,10,98ae6e4bdff9bc6702e33bbd2695be83758f77fabfb20edb3ec93ef703a25252,5b786413ad590bb90eebc0db143f0ef011bd822ad918cffae17b1b14cac68b93,positive_definite,7,0,0,0.005033234264908344,0.3974998052989003,3.954168387696629e-14,0.39749980529890028;0.19322940734464639;0.17685644127161004;0.068530245643607907;0.046208534589683006;0.011587201629593287;0.0050332342649083437,2.50877213416899e-9,0.2430389057811152,0.24303890578134474,NA,NA,NA,FALSE,FALSE,historical
san-mateo-2008,9619,9,7,8,8,9,5768079901c0ec0b86e1f189037626837867c79f8e0475c5584da813930a3224,15830ebfc3d8c615f26257f637e5e2914483d83634cfab08eec253233b9859bb,indefinite,7,1,0,-0.0012369571842333446,0.26550798604401465,2.6411667907781615e-14,0.26550798604401465;0.13012564179370484;0.068965595686763331;0.037631710539768271;0.01699611789279212;0.0017519579494215372;-0.0012369571842333446,-3.3025926076706545e-12,NA,0.1513276244703945,NA,NA,NA,FALSE,FALSE,historical
san-mateo-2008,9620,11,7,10,10,11,1ddda7f96ed95001a8c5de1562ea960e342b5418b88977b40dc6d76938dbb22a,bd7d454e2dcba4c6c6160d3f6fb757394bdfc4eaf78f73d88b1c92e58dd5e6f2,positive_definite,7,0,0,0.012996652859999309,0.34695397103143244,3.451358732633064e-14,0.34695397103143244;0.13586611268485127;0.10315081594533777;0.051687409626935188;0.036996666120347965;0.021025131934406235;0.012996652859999309,2.540816415885939e-9,0.24325933797057517,0.24325933797068966,NA,NA,NA,FALSE,FALSE,historical
san-mateo-2008,9621,5,7,4,4,5,c6f447625706279952edc9f3a6daa22c55b7d0606932deb3cc06c0009a58f939,089fcbb43e57136d81cb9dde7818db0afc3b308c53e70727abcfcfc5d23f92bf,indefinite_and_singular,6,2,1,-0.015609686138581663,0.41761547669434496,4.154271006286215e-14,0.41761547669434496;0.30819488682591661;0.065120738491035626;0.039895123976158797;4.8662401128105438e-18;-0.0086424902347793601;-0.015609686138581663,-1.3270091403771186e-26,NA,0.03307403157092699,NA,NA,NA,FALSE,FALSE,historical
san-mateo-2008,9622,12,7,11,11,12,98e30f20bc6ae19de8c4d71109c93b050b35af1f772b9d8de11146b2c396de61,672db038d1b81d4bd89181988ae303e0ab6493da5f80d50e36fb41c285279188,positive_definite,7,0,0,0.0057437039041060905,0.34705596843314196,3.4523733618129795e-14,0.34705596843314196;0.31307999243660178;0.13794036008368002;0.11704190843032271;0.049063078130796522;0.030638949469019409;0.0057437039041060905,1.514636043320226e-8,0.27634435147469777,0.27634435147486747,NA,NA,NA,FALSE,FALSE,historical
san-mateo-2008,9623,7,7,6,6,7,612fc39b9c3ead8737ddceaeb3391edaf36c88187bf5c0dd1d8d7ed38ab7d763,4be54af8aaa440c6f4a99856dec1ed57662a75e0d954868d1ebf7ce521d92e46,indefinite,7,2,0,-0.0014962630637674708,0.4508143002480875,4.484519567052718e-14,0.4508143002480875;0.33615424554124496;0.049339639114141708;0.030546897289096105;0.011825682792786483;-1.5199495585404957e-05;-0.0014962630637674708,6.142748209178964e-14,NA,0.1138443868842794,NA,NA,NA,FALSE,FALSE,historical
san-mateo-2008,9624,8,7,5,5,8,f754d6ef92173be75c609b9a27582b575961cd9c23fc06ac4d9031e480998ba4,a340f7d59d45053f16b17df9f0e468ac1579b2421a51fb7923877612363e8a81,indefinite,7,2,0,-0.007657639384973737,0.3391058860627659,3.3732891359354676e-14,0.33910588606276593;0.1340131421890981;0.12047498610139216;0.082015671343050919;0.0059446549656103215;-0.0014826865338242641;-0.0076576393849737369,3.030730739843902e-11,NA,0.17728906673289566,NA,NA,NA,FALSE,FALSE,historical
san-mateo-2008,9625,10,7,6,7,10,91e4dff8f46a8588cf1d60bda1cbc12f40fe3fe67c66fc130bc3426fc79b7419,7a3696ded77f28ceac1045ed2761f7d999746afed92d454d16b22fc7400355f9,indefinite,7,1,0,-0.009641320582790242,0.38868936065923415,3.8665256235711907e-14,0.38868936065923415;0.2598322657311391;0.15967153480446938;0.077773465451599952;0.024935830292030999;0.01992139202381478;-0.0096413205827902415,-6.006683145311364e-9,NA,0.2586780766033815,NA,NA,NA,FALSE,FALSE,historical
san-mateo-2008,9626,4,7,4,4,4,0657debf9ffc461d1211b68ae089d92c9e829272536b4d2e38c937da9d3ff9b6,664d5c8af5eb01d132b4f42218dc1d3b00620825be1dccdd52004948c07d2002,numerically_singular,3,0,4,-6.648068757096908e-18,0.5426843965381158,5.3984063807871665e-14,0.54268439653811584;0.22207025728862334;0.11218978790238281;4.729298059673088e-17;2.4789548195572982e-18;-1.530212923109917e-18;-6.6480687570969081e-18,0,0,1.1905602672590179e-4,NA,NA,NA,FALSE,FALSE,historical
btp-health-education-2005,9701,14,11,12,12,14,110f331d969a33d1ceb7c473764a010433db1229df6d5204e65c54545f51938f,a154fa9d5859860ed66794ea2d96270bbd61f723c99ef519940535f3ee12c2fe,indefinite,11,1,0,-0.001349163481002094,0.5299852509792793,8.28469774315305e-14,0.52998525097927929;0.32361880757521211;0.15765896078836314;0.09834691607872674;0.096514362914901716;0.077289495350620907;0.048960144923275037;0.036282131819979947;0.011947191565606202;0.00197966885097059;-0.0013491634810020941,-1.124469832297647e-15,NA,0.20916914811854145,NA,NA,NA,FALSE,FALSE,historical
btp-health-education-2005,9702,14,11,9,10,14,e20b40051e719b5f8d24d540cdd13a8490c4689444a4d2e391d2000eb973941d,1d27b48453afab9db7d8d40c2c534d9ea6bd705cd366e010f391f5abfa2a3243,indefinite,11,1,0,-0.0038485171908235593,0.4049680041621584,6.330435618599128e-14,0.40496800416215839;0.21563624574032522;0.15012775550008611;0.12109440083610341;0.09908109362138319;0.049266219330483627;0.033378425218858102;0.021360917046812554;0.0087467236615611389;0.0053610995284288929;-0.0038485171908235593,-9.971167202506713e-16,NA,0.20802944869083959,NA,NA,NA,FALSE,FALSE,historical
btp-health-education-2005,9703,21,11,16,18,21,f4ce0acd085261fc071de32ca3e964c1337d4d5a3e4438693677f5c8240aa274,01e32e1a198385fb4704138faa37b4c9818275844bae5b47cd69fdf1f1acd7ab,positive_definite,11,0,0,0.0036456488868892075,0.6509094729089868,1.0174977947484159e-13,0.65090947290898682;0.26880571702179135;0.16576675901803789;0.14871464309733554;0.074420585973990094;0.052935568888753844;0.035673727993847729;0.014425852500786381;0.011811757779561305;0.0050154111333017802;0.0036456488868892075,1.888586314082802e-15,0.21415760071331888,0.21415760071401826,NA,NA,NA,FALSE,FALSE,historical
btp-health-education-2005,9704,13,11,9,9,13,adf31c7e217611ff0a21536c2ea51a16f8dc48fde3a97f562858301b974b30a6,1acc1ca80fb83644fced0c4bbba41f05f8d38eb6d2a5e7f8ffe8195fb3837cbf,indefinite,11,1,0,-0.0031924958632381195,0.5232099308837856,8.178786344674396e-14,0.52320993088378565;0.36372713279992785;0.23885755127121847;0.15709964190699033;0.08917031382512082;0.05248734288356717;0.029632033386709149;0.023149981008667945;0.012396050168809179;0.0039402352563953046;-0.0031924958632381195,-3.575103718149834e-15,NA,0.22046076093684638,NA,NA,NA,FALSE,FALSE,historical
btp-health-education-2005,9705,16,11,11,12,16,fe0f4127ac799f4132e560c94a02cf5f14955603a1a17398bb99ceb94c2c9e2b,d1f5cb860103b159eff4eb092fc26ffb925161bda6d44b6caaa397ba22ca37e9,positive_definite,11,0,0,8.569974031361465e-4,0.5428540376315953,8.485861846377742e-14,0.54285403763159534;0.32469325775038499;0.17583815695546023;0.15972666978887287;0.094714904288443827;0.07100413024401464;0.041733817078038846;0.018805381762210194;0.011765829499032335;0.0031502387334000751;0.0008569974031361465,8.299742637611609e-16,0.20630176213593812,0.20630176213728096,NA,NA,NA,FALSE,FALSE,historical
btp-health-education-2005,9706,13,11,12,12,13,8bcf3e64f056a7e393d7f6144cea77684935e9c99a1deffdf7b4713d016e69de,56923ac52185b4d3e8d13974ee87fd52948cc82100ef64707e773cfdbd4102c7,numerically_singular,10,0,1,0,0.4998075541883356,7.812961791943979e-14,0.49980755418833561;0.30985680376405639;0.10610007346636083;0.06438184674120126;0.04774910267170563;0.030528071217251887;0.022515318169054322;0.0038524187820275749;0.0027604638263749688;0.0023214262789713921;0,0,0,0.05240320005321894,NA,NA,NA,FALSE,FALSE,historical
btp-health-education-2005,9707,19,11,13,15,19,59419962cc6c880cb1a723440e1d804cd3e0fb5d06a7f29c450569a6979951a6,8331bd969ffea343661ea95e832e2783de5f1e04846fbc0b1628e2ebd97f6253,positive_definite,11,0,0,0.0038113087002557807,0.4262588286587832,6.663252513656367e-14,0.42625882865878317;0.34751989921915488;0.13292881969349285;0.10675170315387657;0.075248474797256465;0.049920861691770159;0.044944229959727633;0.020952829425403004;0.019571145910654744;0.0059847196489566917;0.0038113087002557807,3.3195377684972144e-15,0.2197187725989536,0.2197187725993569,NA,NA,NA,FALSE,FALSE,historical
btp-health-education-2005,9708,18,11,16,16,18,78341e21a402c0b3abada19f5a2f9f73ee9dee572f659fae7501260e086b527a,903cd6b208aa3676f4d572adc152af3d1c81319eb68fb74aa0e02ec014f7361d,positive_definite,11,0,0,0.003206176311785052,0.4838727514974565,7.563869909392937e-14,0.48387275149745651;0.30591319949531021;0.19445951432471181;0.168316024965775;0.075473482259070565;0.044402853460561838;0.028924621956906184;0.019940732763945722;0.011900547730739945;0.0066490769710572037;0.003206176311785052,2.375821622510575e-15,0.21640349226468647,0.21640349226519473,NA,NA,NA,FALSE,FALSE,historical
btp-health-education-2005,9709,17,11,15,15,17,7209a50baee3b0ee7ea7fcd2ada5d5f3d66cdab2a5db66642e68b87e2c4556d2,4fdc9ccc974869dafdf9cb9f09705273a07297937a95935f543646f9b105afa6,indefinite,11,1,0,-5.937558402467329e-4,0.6030456842857492,9.426774066615793e-14,0.60304568428574923;0.25895340071763745;0.18217011420786777;0.094798755502216017;0.065328891079416321;0.054160493789887208;0.029736781655006345;0.025464803240589577;0.012341305962110881;0.0043537896157115098;-0.00059375584024673293,-2.3052086609461446e-16,NA,0.19463193571123935,NA,NA,NA,FALSE,FALSE,historical
btp-health-education-2005,9710,15,11,13,13,15,74e5eb2ba87d75d7796307273b6986b8152eedb16cc8778df40f3a9e3e2735f3,c21dea21f062f0f4929710705e8bc2123c95c2866ecdfa26d1f0fc5395c32dd3,indefinite,11,1,0,-6.784948895765885e-4,0.6384323894317229,9.979936924862829e-14,0.63843238943172287;0.27824287729848229;0.13366879718272251;0.097614943010149613;0.067959814647261446;0.031544725470586212;0.017097396892029038;0.01582405609079033;0.0085949225405315376;0.003190401864538978;-0.00067849488957658847,-2.5011860396761647e-17,NA,0.17594230306985512,NA,NA,NA,FALSE,FALSE,historical
btp-health-education-2005,9711,13,11,11,11,13,1f475c35eb05fd086d34c43befa7fb5881fd79220bef102f74d619e0448b2bd1,986464d324f1f3aa0773938b04eaf182f37a9ef35dda1418466ac59cd0fe13f2,indefinite,11,1,0,-0.002522016712540867,0.47145234242274636,7.369714817642446e-14,0.47145234242274636;0.21463841482599014;0.17680426165416679;0.13412637356107182;0.086480217773192536;0.023854355845798803;0.014430955117979915;0.010083329807302505;0.0028038471587170806;0.00024362964251879138;-0.0025220167125408672,-1.240989486518493e-18,NA,0.1534900997360039,NA,NA,NA,FALSE,FALSE,historical
btp-health-education-2005,9712,17,11,13,14,17,2fbcd48963e6a02cd61393c6a7f0d72bf8cc87885542c4bfe3c79c1b501f6f19,eb327930be3b53601688deda8ebb117e6f25013a3b8339083aabc75d2d469305,positive_definite,11,0,0,0.005017726537628431,0.4006632840283071,6.263144490946186e-14,0.40066328402830709;0.29464202558984282;0.25745776114741742;0.14774633624664335;0.11071561265343056;0.07509792498709536;0.044878145193833839;0.033495763819092909;0.018427900817240127;0.010912061482960141;0.0050177265376284306,5.6630213064340095e-14,0.2499573012858549,0.24995730128616514,NA,NA,NA,FALSE,FALSE,historical
btp-health-education-2005,9713,11,11,11,11,11,1b195219270e0ee9ce6797976e963b5f52f0cd21bdfb7fd6fc979672c92989fc,d7cb277b57143cc98069a961b9dff471071f9c6452bdad6cbf58bbcb9081f7f0,numerically_singular,10,0,1,4.357917282467546e-18,0.4305462691132014,6.730273526393965e-14,0.43054626911320137;0.35331899799021649;0.21805535339128979;0.082700302143415547;0.074770618023686466;0.044568299344427548;0.036224056143338276;0.015020480967658357;0.010950037363146826;0.00074446961895675758;4.357917282467546e-18,1.8519668289050068e-31,0.0400935246007638,0.062022098469470426,NA,NA,NA,FALSE,FALSE,historical
btp-health-education-2005,9714,17,11,14,14,17,7f356e4794e5339c3257a972e2e09e7748c5067636ca6c9dd940e8bf9f756765,c68ad2b330b5a904aa2d37a9cf520df70cac2934276628f0691acd826ec6ce77,positive_definite,11,0,0,9.838889779050556e-4,0.47513920993912223,7.427347710134803e-14,0.47513920993912223;0.30974669277304501;0.23843984796563164;0.13966986759499167;0.10556714579105661;0.065135997756549366;0.044633436652382605;0.028604907946901671;0.024579539544331015;0.015224411077715641;0.00098388897790505558,1.5842370982942828e-14,0.2358951973398576,0.23589519734083034,NA,NA,NA,FALSE,FALSE,historical
btp-health-education-2005,9715,9,11,9,9,9,39ba2b02dc08f176f41ba33edf8eece223b3f1f83bcaa99b5cbc1033af3a0cf8,a630a82d92eae090057731571d2fd9f59915848b590446a73c0f0ea6ed3b0b21,numerically_singular,8,0,3,-3.494619543133837e-17,0.7018931758629655,1.0971952142558366e-13,0.70189317586296551;0.39122703933548075;0.23648272047162;0.12088483145018589;0.061090766496092325;0.038161815418218767;0.018095897049135168;0.006491845115262752;7.1323334971761661e-18;-9.5501171476733231e-18;-3.4946195431338371e-17,4.312925972056963e-62,0.0016243194875257686,0.006899133462002183,NA,NA,NA,FALSE,FALSE,historical
btp-health-education-2005,9716,12,11,10,10,12,caf9d5ea270295ae03646552925c751d6d996e853f6cadd3ac32aab08cbc6eb8,0d923378cd5e783d3ed60a64f68a2c4f787dbe6d56c6002e4ffd59931aec5dd0,indefinite,11,1,0,-0.008262711539780502,0.7635784632036191,1.1936212864668235e-13,0.76357846320361911;0.23447726569685404;0.19535307433005997;0.11391394552769821;0.053325501086598295;0.037004028609650755;0.019394422976533973;0.017525006065793863;0.0078049561858808099;0.0021059569926334815;-0.0082627115397805023,-3.62921843252376e-16,NA,0.19868877084812145,NA,NA,NA,FALSE,FALSE,historical
btp-health-education-2005,9717,15,11,12,12,15,66c728d0103a87040dca064c0dc2360682e95488bff358f89a63309b5e68ea2a,a770bb8378fe022a80f3e1e6ec13f9dcfe4f67eecc8c88007304a257b1081df3,indefinite,11,1,0,-2.026149618294876e-6,0.37806055609101696,5.909819999773712e-14,0.37806055609101696;0.12750670257554009;0.11588027856639226;0.08476279111214656;0.072859023392152708;0.030620480881519294;0.029285674804743759;0.024421656946173029;0.0089889515076335327;0.0027804277929850537;-2.0261496182948761e-06,-3.825842154399443e-20,NA,0.1310378276056924,NA,NA,NA,FALSE,FALSE,historical
btp-health-education-2005,9718,11,11,9,9,11,86c39770e596beb3abf290ff097b654c919ebac2e2c71135357a2b61e66eb2f6,1b75164e21765f4686ff92cade18733d26305be046778dee91e7c6bc7846219f,indefinite,11,1,0,-0.00223026531950769,0.5947510668653402,9.297113103228216e-14,0.59475106686534018;0.18081053075735881;0.099423707227280764;0.063673145109107654;0.060286423028899784;0.021588744511069725;0.0068852323914482521;0.0042137408362658358;0.0017471537815995672;0.00058456765055979671;-0.0022302653195076902,-5.855459417349502e-20,NA,0.13359746765759098,NA,NA,NA,FALSE,FALSE,historical
btp-health-education-2005,9719,14,11,10,10,14,4ae5383f7c665618ae82a12cb48f9bdc8f238e54b7de8f032e4cac9d1c99c44c,301de9792dac454dd7b18992b33739de6eb77a752d6eb79a023c368ae9ce93b8,indefinite,11,1,0,-0.010736546500784589,0.5995320039407452,9.37184842562743e-14,0.59953200394074524;0.34015972466020922;0.13673101640027316;0.094099285147297623;0.053440452029181205;0.044116182483622861;0.036449882455652699;0.010192748890693768;0.0037614289827701225;0.00059096805954404394;-0.010736546500784589,-5.485113499777259e-17,NA,0.18233585320241902,NA,NA,NA,FALSE,FALSE,historical
btp-health-education-2005,9720,8,11,4,5,8,ccb488beb9a5c65d7ebe012ef259473a74118acbf928450c0411949fa78625e5,5ada625eecb7effe1e5b1a2adcff0791f372578146cb56ae075d607bbbb50285,indefinite_and_singular,10,3,1,-0.015942869060088075,0.6009639803941595,9.394232995895997e-14,0.60096398039415955;0.24459365974962702;0.17548224582524213;0.059305591485497654;0.023323904138533674;0.006177074735962392;0.0032114006822350264;0;-0.00016915705953271751;-0.005878423652388917;-0.015942869060088075,0,NA,0.04339139682431273,NA,NA,NA,FALSE,FALSE,historical
btp-health-education-2005,9721,16,11,14,14,16,de545b86fc70ef2fc93b09db4c9ecae75278734efa7026d4f261413dfc270783,977a99a0d49aac242c45abf17b185d347e5cb15d3bec7ba67d1c3bf3956fb092,positive_definite,11,0,0,0.004322086626548878,0.6439123376711211,1.0065599147967435e-13,0.6439123376711211;0.21487549904486331;0.16417858649838821;0.072039234004639519;0.055578840672366188;0.045653652905618264;0.021976375115874199;0.01165032372352383;0.0078640918570577357;0.0059112857352881451;0.004322086626548878,2.1360052183424652e-16,0.19395866930340558,0.19395866930404898,NA,NA,NA,FALSE,FALSE,historical
btp-health-education-2005,9722,14,11,12,12,14,9f766067c9db2512c2dd995c015099874ac1ccd304dc90aaf57c6f227b4f82e7,6238a5fdb4e09ee06f9cc94d0de7b077fa69684af69b13c753b99bca637acf4c,indefinite,11,1,0,-1.175263870979165e-4,0.5647531369208126,8.828187256609879e-14,0.56475313692081264;0.22508707641795003;0.15298501208544679;0.1080471411348677;0.092742366376390384;0.067690464569474584;0.040128367066611569;0.02942459060160036;0.0162067077039517;0.0097093035979503219;-0.00011752638709791651,-2.880429353080111e-16,NA,0.1966127565792612,NA,NA,NA,FALSE,FALSE,historical
btp-health-education-2005,9723,19,11,16,16,19,2daf9517151f61dc10164a43d4ad67c0a395d0024b996f9ecce3c9c557437659,141d3df5ef074e79fdedbf9c8bdd641b61bade9cf35394829af3cbd847dfc07d,positive_definite,11,0,0,0.002489383220320058,0.642773054223545,1.0047789937259204e-13,0.64277305422354503;0.25369315844914186;0.19338148958370627;0.10338583247501083;0.06953735160074305;0.050938925799831176;0.032950982846853688;0.025377464324474783;0.014241448464274531;0.0066469692937928624;0.0024893832203200582,2.2756028472133362e-15,0.21597996966542227,0.2159799696661585,NA,NA,NA,FALSE,FALSE,historical
btp-health-education-2005,9724,17,11,16,16,17,5eceb937575d2a9330dcf4ffa29ff858dd4086e4a262aa85ac540214c5721f38,82a1460cf6fbae51d8fe29173d6cf1b36824f4aee7014c36b02cbe25a9568529,positive_definite,11,0,0,0.004065577079471849,0.25552060700958257,3.994282845248745e-14,0.25552060700958257;0.2249314377568857;0.178591007037327;0.12654771605423296;0.10198550629671527;0.049582937698734696;0.02437176839307869;0.02045630253495536;0.012642294623555017;0.0044790633284589937;0.0040655770794718491,7.538938275321305e-16,0.20540216104939285,0.20540216104965028,NA,NA,NA,FALSE,FALSE,historical
btp-health-education-2005,9725,19,11,16,17,19,a9e57cfb5e160bc7256c62f6d8fc25dc0878215adc960ffe63576079c1cd9ca9,39798bf5fa51b5bcf2deee1b5875347d7fc87eb958c5015d5a5921616a3eb8f5,positive_definite,11,0,0,0.00568499448461207,0.48045788831032354,7.510488972305834e-14,0.48045788831032354;0.32958190979744634;0.15060049524482672;0.11393469015277261;0.04849616566541011;0.038682699756209069;0.028806744588759592;0.019383914473176639;0.012822174460601217;0.0098261735890616334;0.0056849944846120697,2.0386237416562984e-15,0.21490305752296512,0.2149030575233386,NA,NA,NA,FALSE,FALSE,historical
btp-health-education-2005,9726,16,11,12,12,16,14bd28238d931dcd7aee9e7c461dcbbd9fb2b2d68a628e709ab3756c85279ef4,c68d904d07a785709f0753fbad4a36d47d41202db7ec39c197f2a500db1426f5,indefinite,11,1,0,-0.0016177567640107235,0.5615156897495436,8.777579676070928e-14,0.56151568974954358;0.2560664687937223;0.11989866912766842;0.11251721035639613;0.087353917513714116;0.047484345715651168;0.03093385731919918;0.025742269230860978;0.012110665362536887;0.0025591573657743256;-0.0016177567640107235,-3.2124760459767076e-16,NA,0.19759022233460333,NA,NA,NA,FALSE,FALSE,historical
btp-health-education-2005,9727,16,11,15,15,16,da543e9793c237b92e27bbf10316fdd7c7c167b757615523e2493abcb5dd0a06,c653f7afd2e6988fb6d19f96a3ffa5d98de32f87ca2287d7858300c6cb0bff50,positive_definite,11,0,0,0.0012035799175611594,0.44802459488507534,7.003493669423945e-14,0.44802459488507534;0.26601903726088505;0.20362833694970203;0.16934742270944544;0.097002845461673745;0.081257867899487135;0.059226956336955461;0.032998871603296939;0.015173409065272319;0.004949553758330099;0.0012035799175611594,5.723002356276664e-15,0.2252263865919344,0.22522638659278407,NA,NA,NA,FALSE,FALSE,historical
btp-health-education-2005,9728,14,11,13,13,14,48c1500a45ad987cdbe3f09d05fce9e3179d493f37ca2308732e795b4f8a430b,f9b8ead7a324218c22ce7cdca2894b85000ed5248b0c704d190b2da3f068b987,positive_definite,11,0,0,0.001993718864261087,0.7978297111845172,1.2471626324426223e-13,0.79782971118451718;0.27581946728755546;0.1438733700106451;0.12840185750054015;0.073276324764145986;0.055911561228492022;0.033632819961546087;0.022076006829053644;0.011497630471443093;0.0041958306159736482;0.001993718864261087,1.1893951304595705e-15,0.2097035267346123,0.20970352673574535,NA,NA,NA,FALSE,FALSE,historical
btp-health-education-2005,9729,19,11,17,17,19,ab62ce410a3e8c5b431bff43a1168f32f9dd7defb3ed3330079deda3617e55ac,c023300789860e9e14e2072ac7e543e4fbf0f14bf86548fe6b51e1d765b89f9b,positive_definite,11,0,0,0.004224446118220782,0.6501803109137314,1.0163579730787896e-13,0.65018031091373141;0.25189765053977337;0.17116080000323658;0.12320134332741697;0.066138898365571339;0.058717141651597166;0.037674676917983485;0.023930611058029603;0.010270839972279398;0.0081547450407585785;0.0042244461182207819,4.278474958674433e-15,0.2222679134057161,0.22226791340630825,NA,NA,NA,FALSE,FALSE,historical
btp-health-education-2005,9730,17,11,14,14,17,b3b853d7f44da3c2128dcbb98adc54c2256dea63d16d1688c9679737f67fc43e,d7c5387f8e9ddf9858d9f9836ad6ec016b06ea84f3cc095a94f294e64652ef99,indefinite,11,1,0,-0.004551077126720584,0.5441102399032584,8.505498725150803e-14,0.54411023990325835;0.36655901827394927;0.22018748016963594;0.12523335692981305;0.074062422876308501;0.062399159036301992;0.031384580954590617;0.019172144477822676;0.013502128755032273;0.0026031718363366185;-0.0045510771267205843,-2.4463940321580327e-15,NA,0.21669161654728689,NA,NA,NA,FALSE,FALSE,historical
wtu-1996,986201,21,7,21,21,21,c95bce04675219fe9fddfa70f879c42b21c9f5bf515b04917144f73a4070968a,e13ef9d92832fa61e4ff983137e0986940efc659f59d73a56f41bb057a0463bc,positive_definite,7,0,0,0.01033893512203405,0.20057369169277273,1.9952265146363986e-14,0.20057369169277273;0.17004998476765948;0.0887934629215614;0.055426516576409908;0.049739946688204334;0.02151082863347456;0.01033893512203405,1.8568952710314565e-9,0.2378712516988526,0.2378712516989215,NA,NA,NA,FALSE,FALSE,historical
wtu-1996,986202,20,7,20,20,20,2235fdaa67105ce69785a2b88ad2a491cce78926fec48d4756dbab08b45cb9ce,d2b0e8b8be3d53ee591ac438a61845c7b9f377c645b55330e0aff3da91724b77,positive_definite,7,0,0,0.009270808926798388,0.2047139960963647,2.0364125996857083e-14,0.2047139960963647;0.11763297927329051;0.0725915165353824;0.064184270798777532;0.046410957576424876;0.023838562898224724;0.0092708089267983882,1.1508251474314625e-9,0.2298797241841755,0.22987972418424704,NA,NA,NA,FALSE,FALSE,historical
wtu-1996,986203,19,7,19,19,19,7b42697f40de9f975d35fdca47468a1b62f8183fbda5906552c2cce6857eba97,4e8d86a7d945a2f76da2b0e7d477a5e070d80c1b2ed6e55c6bb6804fa4bbef1c,positive_definite,7,0,0,0.008614598120906767,0.22550759044094537,2.2432589234520856e-14,0.22550759044094537;0.15827575953457923;0.10506040609945462;0.059893229171667776;0.03497078690750334;0.018461925533909976;0.0086145981209067666,1.2491362065781674e-9,0.23122966868370978,0.23122966868379713,NA,NA,NA,FALSE,FALSE,historical
wtu-1996,986204,19,7,19,19,19,be00163dcb7b7e384e6a064ef92fca5596647dca17f27f3aae49f87872a6356f,71f0eb9363348d462fc9881415c38f4ed0336cf52130cf12c7e3be56e28f1225,positive_definite,7,0,0,0.003679828940134443,0.22323738690937317,2.220675850659308e-14,0.22323738690937317;0.13436653607066676;0.099210195992076852;0.059084165468920584;0.023375193722954941;0.012882361349414562;0.003679828940134443,1.9483357131506595e-10,0.20249045512529815,0.2024904551254365,NA,NA,NA,FALSE,FALSE,historical
wtu-1996,986205,19,7,19,19,19,9062be27b7140a9a41ddac4b3ccf3beb7cc3bd4c151010026acc9160b24afd16,a5a915b799e41fb850809c72ffda54854eda1a8707d5919ab50c00075a3d54e1,positive_definite,7,0,0,0.01249824805998358,0.17225541377582418,1.7135276613526704e-14,0.17225541377582418;0.10833078862090209;0.091194133807302652;0.048629434050598871;0.046300343117389481;0.023398038827908078;0.012498248059983581,1.120478969620928e-9,0.22944135223129627,0.22944135223134995,NA,NA,NA,FALSE,FALSE,historical
wtu-1996,986206,20,7,20,20,20,890b6b1604f594cdbfc39143c4b17d8d7d0c747d75ccb9e518f9f5265217a7a3,57a7a9063b452a0a6d33bfe9b273e3955c6db0dcbc9e9ed70cdccc2a6f3be906,positive_definite,7,0,0,0.004204455122406861,0.1836929545360496,1.8273037223826057e-14,0.18369295453604961;0.13801783515143337;0.073426773671646489;0.052817318022533137;0.03681682375840177;0.024297368611797619;0.0042044551224068609,3.6980585539396925e-10,0.21197460842100493,0.21197460842110208,NA,NA,NA,FALSE,FALSE,historical
wtu-1996,986207,19,7,19,19,19,c9d6ab2d462174bd9dc16bccf97988c761d6eeb4f2dd1cc3ba5d71a9300aecc0,e17f0dc90b53cc6a8014c56c3653f5e38abdeacf78c8a2ea7ee106627e4a00c4,positive_definite,7,0,0,0.006234016853770502,0.2577918018913352,2.5644092904135313e-14,0.25779180189133521;0.13032110064933158;0.093272713473647823;0.064152070682206033;0.030229642692576445;0.025367785498522845;0.0062340168537705024,9.61020549925331e-10,0.2269391776257288,0.22693917762584132,NA,NA,NA,FALSE,FALSE,historical
wtu-1996,986208,21,7,21,21,21,4dcbdb1db9a5db651e52efb594c5022e7bd801cd09b074e7a547f2241d06119d,cb7d7303d7618c602546b179fb05b33e129d362d9e23f48e8771558408bd58b7,positive_definite,7,0,0,0.01553001084740991,0.21144898030708956,2.1034095171751614e-14,0.21144898030708956;0.16079075284630984;0.088904733451312848;0.060326822534830293;0.044551922654303973;0.024299538602129821;0.01553001084740991,3.0657605862463436e-9,0.24654465313067675,0.24654465313073848,NA,NA,NA,FALSE,FALSE,historical
wtu-1996,986209,17,7,17,17,17,c56f79a2f4777065f0ae7e216a3c8c9f3b1f6ee793d0840ed0945f74067ce8f5,a26a3f26f1ae1a4affd1b98e74ebfe9becd19467e7994e72a9b75b41a007aa0f,positive_definite,7,0,0,0.009506346526225718,0.21334209411804217,2.1222414529039145e-14,0.21334209411804217;0.12777169853090453;0.090400201500176663;0.056277327596879007;0.046328741718414272;0.034359190499553834;0.0095063465262257181,2.0985588664000008e-9,0.2399591005779408,0.2399591005780125,NA,NA,NA,FALSE,FALSE,historical
wtu-1996,986210,17,7,17,17,17,d505f8420c80d2ff8f9f88d3a803cdde4611c0e6206f1c807d3e5cf44077e88c,9b9b0c1a9cc7b0f93a5de931fba1090bd3775fb864c6260446b6c36c61be48b6,positive_definite,7,0,0,0.008297875468216864,0.23714968241720794,2.359069777811066e-14,0.23714968241720794;0.14545005887967286;0.079960720103877503;0.051919559659115683;0.023398791083474688;0.020384152870460647;0.0082978754682168643,5.667573305975711e-10,0.2185387061779635,0.2185387061780574,NA,NA,NA,FALSE,FALSE,historical
wtu-1996,986211,9,7,9,9,9,0ea93c30064c01e14153898c68de0214b814b01dc740177700e921e19e852a13,b97e186299df02f71108b7c79e51865fda17ec67e37273a9fbb15ea32914541a,positive_definite,7,0,0,1.3171802827755021e-5,0.2527827813836346,2.5145815665232506e-14,0.25278278138363458;0.075466209625984215;0.049614378296323917;0.027131839765288074;0.011843765063689414;0.0045878617783013421;1.3171802827755021e-05,1.8379434851215772e-14,0.10444336798791494,0.10444336800222306,NA,NA,NA,FALSE,FALSE,historical
wtu-1996,986212,9,7,9,9,9,ddc4d1a7769f038f2e54ae19f56d82a3a6b589f3a66b232110da27eabc0450c4,5824b0c7a31c1932491a50daffb039549e9e6f581c1591a66d2b92e77ff89a90,positive_definite,7,0,0,2.4460614154110145e-4,0.3473719440182246,3.4555165600061916e-14,0.34737194401822458;0.11563036379183818;0.10210231663237228;0.051284152335715004;0.028638695946595339;0.0079267058559358561;0.00024460614154110145,1.167881414294245e-11,0.16561509212195505,0.16561509212370887,NA,NA,NA,FALSE,FALSE,historical
wtu-1996,986213,9,7,9,9,9,7c17c351a38ae936b56d82bb2fb4c845346c0693077a07d433d97533e7fd5721,741b8a497d14e12f78a9b128ba72b3a5f3eced0f1b5c256338ca64c5170d3570,positive_definite,7,0,0,4.960556515730231e-4,0.23615736897872053,2.3491986423366652e-14,0.23615736897872053;0.10079723970193638;0.070348115890625895;0.026233793779205813;0.013183200212051101;0.0019074896747761241;0.0004960556515730231,5.47995708054964e-13,0.1331062255189936,0.1331062255195928,NA,NA,NA,FALSE,FALSE,historical
wtu-1996,986214,11,7,11,11,11,fd72b8e6485ea20946c370b3f2aff1896206a34903c3bcfe9564fbbb109058ab,78bdb9b7cedcdc70e3a6bfccc6eeb39e2f7c9c07598a61b4e0e9bdb387b7038e,positive_definite,7,0,0,0.0018007995761081669,0.2780163021326264,2.765594494645121e-14,0.2780163021326264;0.13016270538716834;0.10581448234613119;0.029071848788060954;0.022600970526435542;0.019088131142459285;0.0018007995761081669,8.648294510890179e-11,0.19107739830851386,0.1910773983087806,NA,NA,NA,FALSE,FALSE,historical
nic-1996,9544501,16,9,12,12,16,be485fc82b595a2bd4593fe189193ddd069209ae02494fdf48708c16433b7fb4,a78b0714ae5758928b653ca653b329c2a1a9b2789fa8bc16844d063dbdb358d0,indefinite,9,1,0,-0.0012178667885589314,0.45113805964994924,5.769951679965208e-14,0.45113805964994924;0.24813314477634812;0.14911956257505371;0.10495056222495919;0.10407049304926186;0.049513336776221467;0.034980834191451496;0.013718924827365279;-0.0012178667885589314,-5.2761054920588254e-12,NA,0.2362989867962652,NA,NA,NA,FALSE,FALSE,historical
nic-1996,9544502,15,9,6,7,14,3ea5176416ed4f29d07d509bb534957815ff61cf5a843d8d2d42daf6b1d70487,808db97a4cc40c2ac7637533cb360e5d576d4e94dbdc59a90a4af6d2cfdcfd15,indefinite,9,2,0,-0.0196410156625224,0.4613935555225405,5.901117105655181e-14,0.46139355552254052;0.31875288521101175;0.1491734344297683;0.08709833940155659;0.062664329498635596;0.022741389210397398;0.0028594118516416835;-0.0075045894252890087;-0.019641015662522399,1.1477095421287057e-12,NA,0.21709875500347237,NA,NA,NA,FALSE,FALSE,historical
nic-1996,9544503,17,9,10,12,17,eb49ab52fe06f80727034061e2faa7ea2c8679cad945674e5c4a33642325ddd9,2835589dfd8f5e90a28337caed2b10fb4109d673b6c5368fcb0441a96e39fbfe,indefinite,9,1,0,-1.7795977536447848e-4,0.2582488037173154,3.3029426070013395e-14,0.2582488037173154;0.18902569198942074;0.14136961626996458;0.088776050283407362;0.071079189066643192;0.045074105225356639;0.019581183102999659;0.008637061770763281;-0.00017795977536447848,-5.907550390246029e-14,NA,0.18411034457886216,NA,NA,NA,FALSE,FALSE,historical
nic-1996,9544504,18,9,10,10,15,c5eff0aea76e3cd5d2749b37badf3ed0ceb056d56e216ecafbbebcb9817fbf17,a465414096ef0d51b5e99209ff1d6e2a1ee7fa3b425e59a60f209b6279616f01,indefinite,9,1,0,-0.004803750558695029,0.5842541945037645,7.472476327356333e-14,0.58425419450376448;0.23963708056706362;0.12842528026235253;0.095724776649588728;0.06748455594810604;0.03082841059317467;0.021665715536221115;0.007521332236019326;-0.0048037505586950293,-2.803073784267539e-12,NA,0.2281402527304053,NA,NA,NA,FALSE,FALSE,historical
nic-1996,9544505,15,9,9,10,14,669049252dc8084affb56ef7eb979291f43ff0a83ba517cfb56fde6a27f95769,293f415312b5451073b69a0c7f63f7217fe07ccd569511cb136decf135b5258d,indefinite,9,1,0,-6.41924749614561e-4,0.2902498103408379,3.712228097281725e-14,0.29024981034083791;0.21609228158610966;0.1114076670125211;0.072808769420488154;0.03964554221632028;0.017679495866998272;0.01185888251460418;0.0068293792216385643;-0.00064192474961456095,-1.8538872807806126e-14,NA,0.17262978922237615,NA,NA,NA,FALSE,FALSE,historical
nic-1996,9544506,18,9,14,14,18,2049a507aadb1d64de536420dc31b03885622d29116e199e09f47ddec71acc4e,8a30d1579446338988bb708eebfe6990b88242fae658acfc05275dbeb9bb7899,positive_definite,9,0,0,0.0073533978115104485,0.4150637536182871,5.308569630194291e-14,0.41506375361828712;0.18595705128190626;0.15018741576664577;0.135185057860255;0.089561246691501104;0.086182564102436701;0.03223603897594033;0.011698427206176526;0.0073533978115104485,3.3541806420044645e-11,0.2618714397927954,0.26187143979302496,NA,NA,NA,FALSE,FALSE,historical
nic-1996,9544507,15,9,13,13,15,f10d83a5ef75616d1e0256adef998cc2d07ce0894b27495dc966f49e5eb09f6e,1081b8d35fee3d3c11ebed129661b1165f57c81ed93e1f46a8ab7e4127b14c32,positive_definite,9,0,0,9.035403052534063e-4,0.35394215797665646,4.526838526132207e-14,0.35394215797665646;0.27549475949618119;0.22263305698455294;0.12943139451898933;0.10428216224241069;0.076224454326746391;0.061010438068300941;0.01270807271094521;0.0009035403052534063,1.564626324273516e-11,0.251009107552719,0.25100910755350403,NA,NA,NA,FALSE,FALSE,historical
nic-1996,9544508,18,9,12,13,17,3913f42635f31538957f82775c940fa6bcc4f1bae1c5392df63394d2f4db0f56,da16c1600405adb7590410d7fcedd7a77df4bd909216390c4613f147e02dda50,positive_definite,9,0,0,0.016633628042798963,0.3173649737529406,4.059024780327242e-14,0.31736497375294059;0.21443651925889906;0.17199790200351894;0.10725514962532222;0.08951821404238125;0.062287967100408473;0.041824760125444574;0.033390943148048829;0.016633628042798963,1.6261617527242943e-10,0.28587472738120373,0.2858747273813095,NA,NA,NA,FALSE,FALSE,historical
nic-1996,9544509,18,9,14,14,18,44cbe88920d6294f681c23032286f04890d70014fd321241d90ef65407ad27cf,ea89c5c134b4fda315313335441b2f242388484f4f4cec61c1fbd7122ed4acef,positive_definite,9,0,0,0.007339603645018508,0.31648044607463666,4.0477118754320854e-14,0.31648044607463666;0.16773986680688463;0.15690601359419273;0.1143648478183629;0.081789015121729161;0.046153253209491145;0.031225593731680733;0.017155771762709642;0.0073396036450185083,1.4138592926950428e-11,0.2496001191734249,0.24960011917358477,NA,NA,NA,FALSE,FALSE,historical
nic-1996,9544510,13,9,12,12,13,729c7899aa590a548ef369e2a36ecad1378531655cf7be894e0e1c5bc0995dac,ad8428f252d185baeeae5261d832140fe57aeed2eee689cff391596755dbdb08,indefinite,9,1,0,-0.0014722687832086551,0.29379806592006946,3.7576094673577036e-14,0.29379806592006946;0.24593796226140974;0.13153473881072802;0.063807041358711861;0.039026468664828715;0.021480781938565934;0.0088578647187785003;0.0029734010541721057;-0.0014722687832086551,-1.9713446436616576e-14,NA,0.17321995436329035,NA,NA,NA,FALSE,FALSE,historical
nic-1996,9544511,16,9,11,11,16,9ca5115bcad24dd688543647a91131a235f92c83a8bea52cc84dea5d79992368,890ea808be1076b62fd5b73cfef88c3159103a6910f7581969e30f358b11c657,positive_definite,9,0,0,8.377743215085847e-4,0.356695888539652,4.5620581045921936e-14,0.35669588853965201;0.20009821057590066;0.16368784232331918;0.11855671908995656;0.089617827428577421;0.066303527050682848;0.034761279365102614;0.0046630009023696595;0.00083777432150858473,1.1176433634403151e-12,0.216778819461273,0.21677881946208918,NA,NA,NA,FALSE,FALSE,historical
nic-1996,9544512,18,9,15,15,18,2583f0c94877b802bac307f293f8656fca2680b23a3fbb665c61ba1a8884a56a,aab056483f88ebbe3b135c5db0cb96c4c996b74edf0effd47ad8c0a157ac6cfc,positive_definite,9,0,0,0.008708660692217707,0.4834007042964004,6.182583460184225e-14,0.48340070429640042;0.20716665116495461;0.14917580382315174;0.086348346875601265;0.076639466245415025;0.047269844385071202;0.037785488977095855;0.02662594857277182;0.0087086606922177068,4.094469951132395e-11,0.2647889586068193,0.2647889586070358,NA,NA,NA,FALSE,FALSE,historical
nic-1996,9544513,16,9,14,14,16,d0ee37be98d88331ddeaa870ba1222c8c17dc626ed1554c2d90ef0c46dbfaa7b,3d5650b954cb7285a50462a5fc11510f47879f1511c1fe2126eb6b05cb6ea41f,positive_definite,9,0,0,0.001997418946375797,0.40388481544908805,5.1655935906208475e-14,0.40388481544908805;0.22724094093903516;0.15872545708323221;0.11904960221177262;0.058844575149473291;0.046941776289393541;0.038281837750678969;0.017251982774357133;0.0019974189463757971,6.3195412021355185e-12,0.23867990915449627,0.23867990915493761,NA,NA,NA,FALSE,FALSE,historical
nic-1996,9544514,16,9,10,10,15,f4dd89a50697ac22cbebc532d2cd99b3a2a0edd40b9bc47a3a1108c89fafabf6,299c22be2b1c2e7dc09d698affd357504e22fb15d1196cccfb48afc199b6421b,positive_definite,9,0,0,0.002286677456228436,0.36301836168980484,4.642921077232022e-14,0.36301836168980484;0.19719407911151088;0.16033357374392787;0.13563668172300164;0.070035413473346297;0.047275899047748718;0.035321618045752248;0.016690736001719803;0.0022866774562284361,6.948684194498019e-12,0.23994168178944608,0.23994168178980704,NA,NA,NA,FALSE,FALSE,historical
nic-1996,9544515,13,9,12,12,13,9dfaccb8ce083c50e2e5dc48cb38c0338925cd75a5638b21ed8c001f8d111862,de307410b5eca9a99dff38a9b4980646e70d3177f34cbb04c082ec25c3939af0,indefinite,9,1,0,-1.0091081308080315e-4,0.42712081745368563,5.4627766944053784e-14,0.42712081745368563;0.29583538240318735;0.15386005839151151;0.099109214444124627;0.080336974479938872;0.039784444648857539;0.02500752626578686;0.014390315569810906;-0.00010091081308080315,-2.2363939565611645e-13,NA,0.19824266545726882,NA,NA,NA,FALSE,FALSE,historical
nic-1996,9544516,15,9,11,12,15,aa30cbb5ca76adf307c2e63fae6349a30fc255593a0cd086d08193f998ac7d8b,0e979b9dc15147f045d64dde031283fe55d40c00037abfe2da8e39b5419159a7,positive_definite,9,0,0,0.0054371587562352655,0.3282363542222745,4.198067227890292e-14,0.32823635422227448;0.24996751276908968;0.11977175620904355;0.094231484368712079;0.091568179726586055;0.072287502051306407;0.029934815144299364;0.0093894125766291539;0.0054371587562352655,9.367323414082797e-12,0.2439562635458933,0.24395626354610658,NA,NA,NA,FALSE,FALSE,historical
nic-1996,9544517,14,9,12,12,14,771fff608f10b68ac7b4fea2842a68b4ebc5581ca46c72e7cc9688e5416b21eb,32fee828610633ce41440079cc7da792d5a77eef36a358a4af5d073cd9415e2f,positive_definite,9,0,0,1.7452409478958093e-4,0.5228854624425567,6.687584405516149e-14,0.52288546244255674;0.19853790399153068;0.15824550950976343;0.097754839776555316;0.083344566059292732;0.037643273278608703;0.014743653506307635;0.0089230145933423145;0.00017452409478958093,1.1567951174963522e-13,0.1911137898704994,0.19111378987473793,NA,NA,NA,FALSE,FALSE,historical
nic-1996,9544518,17,9,15,15,17,95536c25bbababa7f44188eadaa0da4673577df4b861a475673bd6452791c5e4,55e2b764c79effc558a0b84fb24a8afb67da9a42c4a303609bf69e3ca8a5564f,positive_definite,9,0,0,0.013387789953576316,0.3301839469783875,4.222976489821644e-14,0.33018394697838749;0.2258046317403489;0.20964059148760358;0.11284520354062305;0.093712654238037263;0.059322614495525533;0.03814925235017224;0.026144491686314213;0.013387789953576316,1.3093053022877783e-10,0.28245334229472463,0.2824533422948491,NA,NA,NA,FALSE,FALSE,historical
nic-1996,9544519,17,9,10,13,17,309a6a69d5b14d0cd3e87bd5c03244ac15b598f5bd5bfbee8fc2d427b63d2437,82f1afef1d9c0213b9b4e6b6d1a725a9c2a9daad708f12a820262f3810a0c072,indefinite,9,2,0,-0.0016748996943562935,0.3590889670156645,4.592665026082416e-14,0.35908896701566451;0.24160965271078785;0.12272844901226562;0.10355073675878369;0.091108373512837876;0.06313351286781918;0.031399769997332273;-0.0001690019570454229;-0.0016748996943562935,5.636896157372946e-14,NA,0.18363128300507914,NA,NA,NA,FALSE,FALSE,historical
nic-1996,9544520,14,9,10,10,13,5e1bde5d5a3a3e9765cf060dfb559e60f679f6f8f9eeb7b2543f1c9a05e7abd5,485c2259edd2c429453ae566c1dfe70b5b92ad3a3de4d615e68ee5c577053a21,positive_definite,9,0,0,0.006211640115910776,0.5012823751093433,6.411285903573243e-14,0.50128237510934326;0.30383178344288264;0.23620595584594897;0.13631488337758593;0.098339121632723042;0.053134281226174092;0.026687542366912686;0.016284957675059875;0.0062116401159107758,6.917551409321057e-11,0.27261698527269673,0.2726169852729936,NA,NA,NA,FALSE,FALSE,historical
nic-1996,9544521,16,9,13,14,16,21015e24ae854ac8da9dada78b31ef539cf60dca71d6791fc185a3a5b55036e7,43bef0aa5ad953fc4c5a468ff5fdb8ebbc17f81eaead768c01888e3818c5e55c,positive_definite,9,0,0,0.0018518322650115239,0.4982705670356601,6.372765573304577e-14,0.49827056703566008;0.16832736278110982;0.087377126984968662;0.069901477298294781;0.052652252587865517;0.036549112169014887;0.030841726991427492;0.019407113315218456;0.0018518322650115239,1.0926954456998151e-12,0.2165071155269914,0.21650711552753074,NA,NA,NA,FALSE,FALSE,historical
nic-1996,9544522,13,9,12,12,13,c36056222a7d612542b49d2b6119d8ccd5e49ae22e37041c778db839186892e5,b46c91b1fd1b825280f721837705c276a42d21b2f9a2ac8bb1060ee56d9911a9,positive_definite,9,0,0,0.0030276576220496353,0.30536482196307474,3.905545608045703e-14,0.30536482196307474;0.16857360723078094;0.13337814346280158;0.10714224182762748;0.047030459827840092;0.042828613411922546;0.017043233506930888;0.0061764892122403202;0.0030276576220496353,4.722453225595352e-13,0.20664815727888813,0.20664815727916683,NA,NA,NA,FALSE,FALSE,historical
nic-1996,9544523,12,9,7,8,11,1f15ebf44d11e5bac7843e539878c7240a1efffc52486891adc074c3a7084c80,f1d79aafa7c7cff5dfcfb6eb52ad2dbd7896d658b3d02787f8c8b61dbfe211c6,indefinite,9,2,0,-0.015165130392392744,0.43856704551230463,5.609171309985671e-14,0.43856704551230463;0.26341900199207291;0.19393617175963115;0.18597451372303531;0.081592487057882468;0.02691042736690244;0.016554691951691781;-0.005551835233753937;-0.015165130392392744,1.2751754207019011e-11,NA,0.2481726311562704,NA,NA,NA,FALSE,FALSE,historical
nic-1996,9544524,17,9,12,13,17,3e0a0a2942a89402fc6756c1630c5c29b5b159ef30098e7ed755689ee1879385,cef96f702ea7302159dae5e7477184f748293237e70861f387701a3aadb2979f,indefinite,9,1,0,-0.002174938604414152,0.3249351785094399,4.1558459522902915e-14,0.32493517850943993;0.22285786203248276;0.12448337525820988;0.086864180239495825;0.067656398879653135;0.035675379513138226;0.02965270550893595;0.020597827850733774;-0.0021749386044141519,-2.5106547946530613e-12,NA,0.2267481343256386,NA,NA,NA,FALSE,FALSE,historical
nic-1996,9544525,15,9,10,12,14,41a6da8ba220bf8b5691dd023398e7eb0fa6f648a7d9c4c2059e8262044eaefb,b473aae6617a2397e12351a87c3e7e530e90f5585c0c2490f837631df362df66,positive_definite,9,0,0,0.01191189442472269,0.34124747378572096,4.3644764447087263e-14,0.34124747378572096;0.19291643079271359;0.17885549335528317;0.14229559761963168;0.057413393764427792;0.037931695903393341;0.028955377679781583;0.022208906410588966;0.01191189442472269,2.7950213774190157e-11,0.25923167319660245,0.25923167319674584,NA,NA,NA,FALSE,FALSE,historical
nic-1996,9544526,18,9,15,15,18,d2ae190ff45d1d554a8f7a076d38e4e1e692d6be78d7a9c859bea88a69af54d4,64df2dcfb2a0e8f89d54523b3e23761a027d1cf599a51658ddceac563027d9cb,positive_definite,9,0,0,0.003485008016792323,0.48499241878326665,6.202941121173068e-14,0.48499241878326665;0.33770198487977504;0.19397238845965448;0.11168462669870378;0.065898960593864742;0.049436992343576881;0.029277918300237911;0.012009669244388874;0.0034850080167923231,1.4164703958463139e-11,0.24962570571941234,0.2496257057198067,NA,NA,NA,FALSE,FALSE,historical
nic-1996,9544527,12,9,7,7,11,3825c3b62566f2a3200d4501b2cfbd95c02de15c2e3ee592280d9f409815fdd0,212a10fafb9e1195f01bbca7b916e2566061a203370c61d1f965cc734e3140f7,positive_definite,9,0,0,9.928113722141932e-4,0.4350262441166226,5.563885277197192e-14,0.43502624411662261;0.19785594064838208;0.12727927081407725;0.099725792006403496;0.068140198186655856;0.043985233577078973;0.018465604791665643;0.0081952104032057289;0.00099281137221419319,4.919606962880406e-13,0.20711824427992875,0.20711824428072653,NA,NA,NA,FALSE,FALSE,historical
nic-1996,9544528,15,9,8,9,13,0bc0a219f48c062cb258ff3eeb9eafec431ae7c7d5859cf7ede4f2a80796f7e2,66c339f2be4b8f3de8f67dcd0b5fbbaad84698302a8fc9f641f772524e74ea46,indefinite,9,1,0,-0.0016423338800918006,0.2857093634221073,3.6541568289279746e-14,0.28570936342210729;0.13864369200590518;0.13663802976250486;0.11092832324183804;0.048860150256803715;0.034616285375403837;0.022473494425435652;0.0086214802385776654;-0.0016423338800918006,-3.2313781528677913e-13,NA,0.20233783517297024,NA,NA,NA,FALSE,FALSE,historical
nic-1996,9544529,14,9,8,8,14,159ee1f2b73c0bab45dcc78538fbdf98d58105ec536fbf6640ab63d7790ee0c0,27f1d156fd2288cf848a47761915ca311c277afe0269ec6b40a7563be11710c1,indefinite,9,1,0,-0.006455826565118803,0.4097428326057712,5.240516278280354e-14,0.40974283260577121;0.22642846973088684;0.17079660242575409;0.10356738865847392;0.059757682666024853;0.041745101581015229;0.02613305040729046;0.0056501108553147173;-0.0064558265651188029,-3.90249944248172e-12,NA,0.2323730262095723,NA,NA,NA,FALSE,FALSE,historical
nic-1996,9544530,15,9,8,11,15,fbbc33ca97b41449e5f33f9139ed11e2a9a1debbda31066d06b909faf6c8c320,a8e1b8786da51b7a691bf501e9fe8df9dbbce9e1efe84a8918aaefe6b2aa3f6b,indefinite,9,1,0,-2.190738896750839e-4,0.4659546545359303,5.959452509534022e-14,0.46595465453593032;0.26634542311946763;0.12990904489253746;0.10169176642335132;0.05369392442743242;0.049738809547585291;0.026513542426246085;0.0057516953969111162;-0.0002190738896750839,-1.4628131706812352e-13,NA,0.193622104755385,NA,NA,NA,FALSE,FALSE,historical
swepco-1996,3000301,14,7,14,14,14,9b234c50f8f93f450a719e6519f19266497014551e8a7ad12c231e67a7fb6edb,af5ad4a9e67fde3609c30b21308c7d8857fe911f3ff62c49bef6a5051dae78dd,positive_definite,7,0,0,0.011344523278113092,0.2680383278863255,2.6663376149887745e-14,0.26803832788632548;0.18561201729086829;0.11512880021359508;0.074574538252895742;0.039327107204849367;0.013170124284778033;0.011344523278113092,2.5098378740589433e-9,0.243046278915141,0.24304627891524325,NA,NA,NA,FALSE,FALSE,historical
swepco-1996,3000302,15,7,15,15,15,570813d2fb728c68528047ef816adce2167c7865caab0d640b2a81a1095bb7fd,3164ad96b7e70fef258b82b41bfbbc6134005c55c66b207c92558b62488017ab,positive_definite,7,0,0,0.006511513979435143,0.24121491388862232,2.3995090674878216e-14,0.24121491388862232;0.087041262637077843;0.061982166923931901;0.038297649393448777;0.035263051490036827;0.025327643705467761;0.0065115139794351433,2.898443702186308e-10,0.20831764730746924,0.2083176473075689,NA,NA,NA,FALSE,FALSE,historical
swepco-1996,3000303,17,7,17,17,17,a57c0ac7f9125deb65d812b1d3b7927d709ba30104afb7095cdc597a738ca5bc,bfd793b01663a1d71b4f6922414e832a823e4c0ae66e16ec33b06bb38ffc44e0,positive_definite,7,0,0,0.002615167324095073,0.21391885868412372,2.1279788751213376e-14,0.21391885868412372;0.16551523592646819;0.084031748165780018;0.076888558629401638;0.042093535961080591;0.032043612996125813;0.0026151673240950731,8.069535502182041e-10,0.22412442129224353,0.2241244212924047,NA,NA,NA,FALSE,FALSE,historical
swepco-1996,3000304,18,7,18,18,18,b595f7dcbf5af61035eb02529282fd1b1718929e0744e42eba5369220d79ead2,5d277fb1059b51bdfeb33aaac9c9610029255ea98ad3daf7d8bd40c3632084d4,positive_definite,7,0,0,0.005057484677577805,0.18180246307461748,1.808497872733486e-14,0.18180246307461748;0.17955947463792954;0.063811552684244557;0.040979765825523221;0.026540302515412059;0.011905504389002446;0.0050574846775778047,1.364159391593941e-10,0.19740016365058352,0.1974001636506781,NA,NA,NA,FALSE,FALSE,historical
swepco-1996,3000305,16,7,16,16,16,72cf44c69e49709fad49634b13a37314926dd83b59f58683f72052135c7e8756,f26afb4cc2439b9939ba4f219e38bf9b3672a20789b8ee7b31f514c6c38576e1,positive_definite,7,0,0,0.003833373266038823,0.23099216105787942,2.2978172288008467e-14,0.23099216105787942;0.1264809911360007;0.091983134672496636;0.041823304667367729;0.013071719781320127;0.010974861799177062;0.0038333732660388231,6.181045671647909e-11,0.18654780334888763,0.1865478033490331,NA,NA,NA,FALSE,FALSE,historical
swepco-1996,3000307,16,7,16,16,16,c6cc6bef77a1bee5b7d7b304ca5874ba50058457ef25389f0c72bc1be59f7da9,44f9c7ceeb06f6cd95e876678b1da3a9f14ef752f67d662d0610207d7f2d9d5b,positive_definite,7,0,0,0.018191110846177156,0.26602234355791354,2.646283412709344e-14,0.26602234355791354;0.13363464528129965;0.066826576917275671;0.059675159257243336;0.025331399399789678;0.023131151886517431;0.018191110846177156,1.5111084902824035e-9,0.23439572629066266,0.23439572629074262,NA,NA,NA,FALSE,FALSE,historical
swepco-1996,3000308,18,7,18,18,18,e069d80966fa431f992a03c132306a102084b74e13f3f38ef00a5156a9a30ed5,0b8e0d971e25efa0879609c0daa7f2c72f7908ff7db2765089882afec405729b,positive_definite,7,0,0,0.006642761278079126,0.28516622221859317,2.836719027542006e-14,0.28516622221859317;0.16502922489395544;0.081238502788487391;0.033198029798276789;0.022433537513155397;0.014488352013506081;0.0066427612780791262,2.740302836828311e-10,0.20748447749230894,0.20748447749244184,NA,NA,NA,FALSE,FALSE,historical
swepco-1996,3000309,16,7,16,16,16,508817c26f17b7b9de5bad77ac3eddff306ea14e4ce0be0e07f58fe7019b4c71,7f93de4bb5c4d7f7682a6bcc0a6733884bc6e079bddad5b5759f5e8f8a9ec34e,positive_definite,7,0,0,0.004823597335797155,0.24404527668162804,2.427664379597724e-14,0.24404527668162804;0.15649040370627967;0.086526852004635182;0.055914766410381213;0.021269796414867662;0.014679189343614573;0.0048235973357971546,2.7827358824783504e-10,0.20771233355675306,0.20771233355688354,NA,NA,NA,FALSE,FALSE,historical
swepco-1996,3000310,18,7,18,18,18,1a3c7382c4a0d85508fad968374c527aa1299b4a7515d525c2ac5cc051a3df51,952f813c1b8332abfdbc7954b9f604aa17492266a06fcc4405acfc00406ae197,positive_definite,7,0,0,0.004883895455419356,0.22823483894716287,2.2703884960579615e-14,0.22823483894716287;0.19255573804941437;0.068916459864012736;0.048768865710865486;0.024196207170435531;0.018002681240227518;0.0048838954554193559,3.1423522224743535e-10,0.20952337940418736,0.209523379404305,NA,NA,NA,FALSE,FALSE,historical
swepco-1996,3000311,16,7,16,16,16,7e010ca0483a173cd20fd250a2b4084a2b7026e0b02e36c749a06726c85fd2ff,c154ffc900ba67c48f71bed20f3b391867d257b3947d459f74e5906b8b85faf7,positive_definite,7,0,0,0.012129245642415288,0.20322283884897147,2.0215791663855502e-14,0.20322283884897147;0.14186526310525732;0.065941131312896167;0.054116787555484894;0.039225140871464136;0.025891050944354094;0.012129245642415288,1.2673161419394332e-9,0.2314684392717003,0.23146843927176464,NA,NA,NA,FALSE,FALSE,historical
swepco-1996,3000312,17,7,17,17,17,7b5fbc7e9a4874970e11bc64d49e07bbd190a7723c72126e8690620c36b3a9e8,2c62c3ccc0f7a2eee5583184ef29521fbda491569a940cf49b1fa8380895b757,positive_definite,7,0,0,0.010552867728357661,0.28221249677739846,2.8073365533626162e-14,0.28221249677739846;0.1572686273717275;0.11135300642100002;0.047041564916097671;0.039561205572948815;0.018186896322958196;0.010552867728357661,1.7652273536450304e-9,0.2370126220633675,0.23701262206346965,NA,NA,NA,FALSE,FALSE,historical
swepco-1996,3000313,16,7,16,16,16,a8dd2bc2c4df6a64f98b9965eca9f0927220b4f89fcefe65d1d83ece2cc5652c,8247f77225f50308a9dad0f49b44708fbfc7fcbc88ecdabd1b02a48c535d0f98,positive_definite,7,0,0,0.005963688498488516,0.28616868695623254,2.8466911440626007e-14,0.28616868695623254;0.15498354300166761;0.10241607115780577;0.068784693951944129;0.021167856652790248;0.016488193782078751;0.0059636884984885161,6.503281245547064e-10,0.22069636552133534,0.22069636552147423,NA,NA,NA,FALSE,FALSE,historical
swepco-1996,3000314,17,7,17,17,17,440370aa6a10f1bd075f97f855ce450ca06db162b018b91241f9496dab224956,592f60c72f1d43e4c4ba41bf3307a99b26dc2a619821d35b98b9bc02718a11f0,positive_definite,7,0,0,0.006609999195998994,0.24062501842435535,2.3936410243699233e-14,0.24062501842435535;0.13876268366532341;0.076064110738226498;0.042396856578387487;0.038190404657314179;0.019953741014251677;0.006609999195998994,5.423840613147967e-10,0.21785361952450497,0.21785361952460763,NA,NA,NA,FALSE,FALSE,historical
swepco-1996,3000315,18,7,18,18,18,02431d48e166996420373bf03f1905175c01fdb68b028706689d7adc88dc0d32,a00fe97b343c814da324d450ec288febac48c5fe1747dcb52db173747a840a46,positive_definite,7,0,0,0.018056135437495766,0.21352159604810714,2.1240270659983905e-14,0.21352159604810714;0.1832548273727698;0.088311141033779614;0.071413796376435024;0.044488156444794758;0.037489424280378179;0.018056135437495766,7.431437540798484e-9,0.26264089226486487,0.2626408922649206,NA,NA,NA,FALSE,FALSE,historical
