legacy_field,caseid,historical_value,approved_value
meant1know,940001,0.763285034376642,0.7979798086664893
meant1know,940002,0.763285034376642,0.7979798086664893
meant1know,940003,0.763285034376642,0.7979798086664893
meant1know,940004,0.763285034376642,0.7979798086664893
meant1know,940005,0.763285034376642,0.7979798086664893
meant1know,940006,0.763285034376642,0.7979798086664893
meant1know,940007,0.763285034376642,0.7979798086664893
meant1know,940009,0.763285034376642,0.7979798086664893
meant1know,940010,0.763285034376642,0.7979798086664893
meant1know,940011,0.763285034376642,0.7979798086664893
meant1know,940012,0.763285034376642,0.7979798086664893
meant1know,940014,0.763285034376642,0.7979798086664893
meant1know,940015,0.763285034376642,0.7979798086664893
meant1know,940016,0.763285034376642,0.7979798086664893
meant1know,940017,0.763285034376642,0.7979798086664893
meant1know,940018,0.763285034376642,0.7979798086664893
meant1know,940019,0.763285034376642,0.7979798086664893
meant1know,940020,0.763285034376642,0.7979798086664893
meant1know,940021,0.763285034376642,0.7979798086664893
meant1know,940022,0.763285034376642,0.7979798086664893
meant1know,940023,0.763285034376642,0.7979798086664893
meant1know,940024,0.790598299067754,0.790598299067754
meant1know,940025,0.790598299067754,0.790598299067754
meant1know,940026,0.790598299067754,0.790598299067754
meant1know,940027,0.790598299067754,0.790598299067754
meant1know,940028,0.790598299067754,0.790598299067754
meant1know,940029,0.790598299067754,0.790598299067754
meant1know,940030,0.790598299067754,0.790598299067754
meant1know,940031,0.790598299067754,0.790598299067754
meant1know,940032,0.790598299067754,0.790598299067754
meant1know,940033,0.790598299067754,0.790598299067754
meant1know,940034,0.790598299067754,0.790598299067754
meant1know,940035,0.790598299067754,0.790598299067754
meant1know,940036,0.790598299067754,0.790598299067754
meant1know,940037,0.790598299067754,0.790598299067754
meant1know,940038,0.790598299067754,0.790598299067754
meant1know,940039,0.790598299067754,0.790598299067754
meant1know,940040,0.790598299067754,0.790598299067754
meant1know,940041,0.790598299067754,0.790598299067754
meant1know,940042,0.790598299067754,0.790598299067754
meant1know,940043,0.790598299067754,0.790598299067754
meant1know,940044,0.790598299067754,0.790598299067754
meant1know,940045,0.790598299067754,0.790598299067754
meant1know,940046,0.790598299067754,0.790598299067754
meant1know,940047,0.790598299067754,0.790598299067754
meant1know,940048,0.790598299067754,0.790598299067754
meant1know,940049,0.790598299067754,0.790598299067754
meant1know,940050,0.7361111224939426,0.7361111224939426
meant1know,940051,0.7361111224939426,0.7361111224939426
meant1know,940052,0.7361111224939426,0.7361111224939426
meant1know,940053,0.7361111224939426,0.7361111224939426
meant1know,940054,0.7361111224939426,0.7361111224939426
meant1know,940055,0.7361111224939426,0.7361111224939426
meant1know,940056,0.7361111224939426,0.7361111224939426
meant1know,940057,0.7361111224939426,0.7361111224939426
meant1know,940059,0.7361111224939426,0.7361111224939426
meant1know,940060,0.7361111224939426,0.7361111224939426
meant1know,940061,0.7361111224939426,0.7361111224939426
meant1know,940062,0.7361111224939426,0.7361111224939426
meant1know,940063,0.7361111224939426,0.7361111224939426
meant1know,940064,0.7361111224939426,0.7361111224939426
meant1know,940065,0.7361111224939426,0.7361111224939426
meant1know,940066,0.7361111224939426,0.7361111224939426
meant1know,940067,0.7361111224939426,0.7361111224939426
meant1know,940069,0.7361111224939426,0.7361111224939426
meant1know,940070,0.7361111224939426,0.7361111224939426
meant1know,940071,0.7361111224939426,0.7361111224939426
meant1know,940072,0.7361111224939426,0.7361111224939426
meant1know,940073,0.7361111224939426,0.7361111224939426
meant1know,940074,0.727777785807848,0.7660818797977347
meant1know,940075,0.727777785807848,0.7660818797977347
meant1know,940076,0.727777785807848,0.7660818797977347
meant1know,940077,0.727777785807848,0.7660818797977347
meant1know,940078,0.727777785807848,0.7660818797977347
meant1know,940079,0.727777785807848,0.7660818797977347
meant1know,940080,0.727777785807848,0.7660818797977347
meant1know,940081,0.727777785807848,0.7660818797977347
meant1know,940083,0.727777785807848,0.7660818797977347
meant1know,940085,0.727777785807848,0.7660818797977347
meant1know,940086,0.727777785807848,0.7660818797977347
meant1know,940087,0.727777785807848,0.7660818797977347
meant1know,940088,0.727777785807848,0.7660818797977347
meant1know,940089,0.727777785807848,0.7660818797977347
meant1know,940090,0.727777785807848,0.7660818797977347
meant1know,940091,0.727777785807848,0.7660818797977347
meant1know,940093,0.727777785807848,0.7660818797977347
meant1know,940094,0.7264957359203925,0.7555555653572082
meant1know,940095,0.7264957359203925,0.7555555653572082
meant1know,940096,0.7264957359203925,0.7555555653572082
meant1know,940097,0.7264957359203925,0.7555555653572082
meant1know,940098,0.7264957359203925,0.7555555653572082
meant1know,940099,0.7264957359203925,0.7555555653572082
meant1know,940101,0.7264957359203925,0.7555555653572082
meant1know,940102,0.7264957359203925,0.7555555653572082
meant1know,940103,0.7264957359203925,0.7555555653572082
meant1know,940104,0.7264957359203925,0.7555555653572082
meant1know,940105,0.7264957359203925,0.7555555653572082
meant1know,940106,0.7264957359203925,0.7555555653572082
meant1know,940107,0.7264957359203925,0.7555555653572082
meant1know,940108,0.7264957359203925,0.7555555653572082
meant1know,940109,0.7264957359203925,0.7555555653572082
meant1know,940110,0.7264957359203925,0.7555555653572082
meant1know,940112,0.7264957359203925,0.7555555653572082
meant1know,940113,0.7264957359203925,0.7555555653572082
meant1know,940114,0.7264957359203925,0.7555555653572082
meant1know,940115,0.7264957359203925,0.7555555653572082
meant1know,940116,0.7264957359203925,0.7555555653572082
meant1know,940117,0.7264957359203925,0.7555555653572082
meant1know,940118,0.7264957359203925,0.7555555653572082
meant1know,940119,0.7264957359203925,0.7555555653572082
meant1know,940120,0.7649572726625663,0.7955555635690689
meant1know,940121,0.7649572726625663,0.7955555635690689
meant1know,940122,0.7649572726625663,0.7955555635690689
meant1know,940123,0.7649572726625663,0.7955555635690689
meant1know,940124,0.7649572726625663,0.7955555635690689
meant1know,940125,0.7649572726625663,0.7955555635690689
meant1know,940126,0.7649572726625663,0.7955555635690689
meant1know,940127,0.7649572726625663,0.7955555635690689
meant1know,940129,0.7649572726625663,0.7955555635690689
meant1know,940131,0.7649572726625663,0.7955555635690689
meant1know,940133,0.7649572726625663,0.7955555635690689
meant1know,940134,0.7649572726625663,0.7955555635690689
meant1know,940135,0.7649572726625663,0.7955555635690689
meant1know,940136,0.7649572726625663,0.7955555635690689
meant1know,940137,0.7649572726625663,0.7955555635690689
meant1know,940138,0.7649572726625663,0.7955555635690689
meant1know,940139,0.7649572726625663,0.7955555635690689
meant1know,940140,0.7649572726625663,0.7955555635690689
meant1know,940141,0.7649572726625663,0.7955555635690689
meant1know,940142,0.7649572726625663,0.7955555635690689
meant1know,940143,0.7649572726625663,0.7955555635690689
meant1know,940145,0.7649572726625663,0.7955555635690689
meant1know,940146,0.7489712000996979,0.7489712000996979
meant1know,940147,0.7489712000996979,0.7489712000996979
meant1know,940148,0.7489712000996979,0.7489712000996979
meant1know,940149,0.7489712000996979,0.7489712000996979
meant1know,940150,0.7489712000996979,0.7489712000996979
meant1know,940151,0.7489712000996979,0.7489712000996979
meant1know,940152,0.7489712000996979,0.7489712000996979
meant1know,940153,0.7489712000996979,0.7489712000996979
meant1know,940156,0.7489712000996979,0.7489712000996979
meant1know,940158,0.7489712000996979,0.7489712000996979
meant1know,940159,0.7489712000996979,0.7489712000996979
meant1know,940160,0.7489712000996979,0.7489712000996979
meant1know,940161,0.7489712000996979,0.7489712000996979
meant1know,940162,0.7489712000996979,0.7489712000996979
meant1know,940163,0.7489712000996979,0.7489712000996979
meant1know,940164,0.7489712000996979,0.7489712000996979
meant1know,940165,0.7489712000996979,0.7489712000996979
meant1know,940166,0.7489712000996979,0.7489712000996979
meant1know,940167,0.7489712000996979,0.7489712000996979
meant1know,940168,0.7489712000996979,0.7489712000996979
meant1know,940170,0.7489712000996979,0.7489712000996979
meant1know,940171,0.7489712000996979,0.7489712000996979
meant1know,940172,0.7489712000996979,0.7489712000996979
meant1know,940173,0.6111111208796501,0.6790123565329446
meant1know,940176,0.6111111208796501,0.6790123565329446
meant1know,940177,0.6111111208796501,0.6790123565329446
meant1know,940178,0.6111111208796501,0.6790123565329446
meant1know,940180,0.6111111208796501,0.6790123565329446
meant1know,940183,0.614035096999846,0.7291666776873171
meant1know,940184,0.614035096999846,0.7291666776873171
meant1know,940185,0.614035096999846,0.7291666776873171
meant1know,940186,0.614035096999846,0.7291666776873171
meant1know,940187,0.614035096999846,0.7291666776873171
meant1know,940188,0.614035096999846,0.7291666776873171
meant1know,940189,0.614035096999846,0.7291666776873171
meant1know,940190,0.614035096999846,0.7291666776873171
meant1know,940191,0.614035096999846,0.7291666776873171
meant1know,940192,0.614035096999846,0.7291666776873171
meant1know,940194,0.614035096999846,0.7291666776873171
meant1know,940195,0.614035096999846,0.7291666776873171
meant1know,940196,0.614035096999846,0.7291666776873171
meant1know,940197,0.614035096999846,0.7291666776873171
meant1know,940199,0.614035096999846,0.7291666776873171
meant1know,940200,0.614035096999846,0.7291666776873171
meant1know,940202,0.6198830498676551,0.6543209970825248
meant1know,940203,0.6198830498676551,0.6543209970825248
meant1know,940204,0.6198830498676551,0.6543209970825248
meant1know,940206,0.6198830498676551,0.6543209970825248
meant1know,940207,0.6198830498676551,0.6543209970825248
meant1know,940208,0.6198830498676551,0.6543209970825248
meant1know,940210,0.6198830498676551,0.6543209970825248
meant1know,940211,0.6198830498676551,0.6543209970825248
meant1know,940213,0.6198830498676551,0.6543209970825248
meant1know,940214,0.6198830498676551,0.6543209970825248
meant1know,940215,0.6198830498676551,0.6543209970825248
meant1know,940217,0.6198830498676551,0.6543209970825248
meant1know,940219,0.6198830498676551,0.6543209970825248
meant1know,940220,0.6198830498676551,0.6543209970825248
meant1know,940221,0.661835759230282,0.661835759230282
meant1know,940223,0.661835759230282,0.661835759230282
meant1know,940224,0.661835759230282,0.661835759230282
meant1know,940225,0.661835759230282,0.661835759230282
meant1know,940226,0.661835759230282,0.661835759230282
meant1know,940228,0.661835759230282,0.661835759230282
meant1know,940229,0.661835759230282,0.661835759230282
meant1know,940230,0.661835759230282,0.661835759230282
meant1know,940231,0.661835759230282,0.661835759230282
meant1know,940232,0.661835759230282,0.661835759230282
meant1know,940234,0.661835759230282,0.661835759230282
meant1know,940235,0.661835759230282,0.661835759230282
meant1know,940236,0.661835759230282,0.661835759230282
meant1know,940238,0.661835759230282,0.661835759230282
meant1know,940240,0.661835759230282,0.661835759230282
meant1know,940242,0.661835759230282,0.661835759230282
meant1know,940243,0.661835759230282,0.661835759230282
meant1know,940244,0.5277777829517921,0.575757581401955
meant1know,940245,0.5277777829517921,0.575757581401955
meant1know,940246,0.5277777829517921,0.575757581401955
meant1know,940249,0.5277777829517921,0.575757581401955
meant1know,940250,0.5277777829517921,0.575757581401955
meant1know,940251,0.5277777829517921,0.575757581401955
meant1know,940253,0.5277777829517921,0.575757581401955
meant1know,940254,0.5277777829517921,0.575757581401955
meant1know,940255,0.5277777829517921,0.575757581401955
meant1know,940257,0.6666666775941849,0.6666666775941849
meant1know,940258,0.6666666775941849,0.6666666775941849
meant1know,940259,0.6666666775941849,0.6666666775941849
meant1know,940260,0.6666666775941849,0.6666666775941849
meant1know,940261,0.6666666775941849,0.6666666775941849
meant1know,940262,0.6666666775941849,0.6666666775941849
meant1know,940263,0.6666666775941849,0.6666666775941849
meant1know,940267,0.6222222298383713,0.6913580331537459
meant1know,940268,0.6222222298383713,0.6913580331537459
meant1know,940270,0.6222222298383713,0.6913580331537459
meant1know,940272,0.6222222298383713,0.6913580331537459
meant1know,940273,0.6222222298383713,0.6913580331537459
meant1know,940275,0.6222222298383713,0.6913580331537459
meant1know,940276,0.6222222298383713,0.6913580331537459
meant1know,940277,0.6222222298383713,0.6913580331537459
meant1know,940278,0.6222222298383713,0.6913580331537459
meant1know,940279,0.6222222298383713,0.6913580331537459
meant1know,940280,0.6222222298383713,0.6913580331537459
meant1know,940281,0.6222222298383713,0.6913580331537459
meant1know,940282,0.6222222298383713,0.6913580331537459
meant1know,940285,0.6222222298383713,0.6913580331537459
meant1know,940286,0.7380952441266605,0.7948718013671728
meant1know,940287,0.7380952441266605,0.7948718013671728
meant1know,940288,0.7380952441266605,0.7948718013671728
meant1know,940291,0.7380952441266605,0.7948718013671728
meant1know,940292,0.7380952441266605,0.7948718013671728
meant1know,940293,0.7380952441266605,0.7948718013671728
meant1know,940294,0.7380952441266605,0.7948718013671728
meant1know,940295,0.7380952441266605,0.7948718013671728
meant1know,940296,0.7380952441266605,0.7948718013671728
meant1know,940297,0.7380952441266605,0.7948718013671728
meant1know,940299,0.7380952441266605,0.7948718013671728
meant1knowr,940001,0.763285034376642,0.7979798086664893
meant1knowr,940002,0.763285034376642,0.7979798086664893
meant1knowr,940003,0.763285034376642,0.7979798086664893
meant1knowr,940004,0.763285034376642,0.7979798086664893
meant1knowr,940005,0.763285034376642,0.7979798086664893
meant1knowr,940006,0.763285034376642,0.7979798086664893
meant1knowr,940007,0.763285034376642,0.7979798086664893
meant1knowr,940009,0.763285034376642,0.7979798086664893
meant1knowr,940010,0.763285034376642,0.7979798086664893
meant1knowr,940011,0.763285034376642,0.7979798086664893
meant1knowr,940012,0.763285034376642,0.7979798086664893
meant1knowr,940014,0.763285034376642,0.7979798086664893
meant1knowr,940015,0.763285034376642,0.7979798086664893
meant1knowr,940016,0.763285034376642,0.7979798086664893
meant1knowr,940017,0.763285034376642,0.7979798086664893
meant1knowr,940018,0.763285034376642,0.7979798086664893
meant1knowr,940019,0.763285034376642,0.7979798086664893
meant1knowr,940020,0.763285034376642,0.7979798086664893
meant1knowr,940021,0.763285034376642,0.7979798086664893
meant1knowr,940022,0.763285034376642,0.7979798086664893
meant1knowr,940023,0.763285034376642,0.7979798086664893
meant1knowr,940024,0.790598299067754,0.790598299067754
meant1knowr,940025,0.790598299067754,0.790598299067754
meant1knowr,940026,0.790598299067754,0.790598299067754
meant1knowr,940027,0.790598299067754,0.790598299067754
meant1knowr,940028,0.790598299067754,0.790598299067754
meant1knowr,940029,0.790598299067754,0.790598299067754
meant1knowr,940030,0.790598299067754,0.790598299067754
meant1knowr,940031,0.790598299067754,0.790598299067754
meant1knowr,940032,0.790598299067754,0.790598299067754
meant1knowr,940033,0.790598299067754,0.790598299067754
meant1knowr,940034,0.790598299067754,0.790598299067754
meant1knowr,940035,0.790598299067754,0.790598299067754
meant1knowr,940036,0.790598299067754,0.790598299067754
meant1knowr,940037,0.790598299067754,0.790598299067754
meant1knowr,940038,0.790598299067754,0.790598299067754
meant1knowr,940039,0.790598299067754,0.790598299067754
meant1knowr,940040,0.790598299067754,0.790598299067754
meant1knowr,940041,0.790598299067754,0.790598299067754
meant1knowr,940042,0.790598299067754,0.790598299067754
meant1knowr,940043,0.790598299067754,0.790598299067754
meant1knowr,940044,0.790598299067754,0.790598299067754
meant1knowr,940045,0.790598299067754,0.790598299067754
meant1knowr,940046,0.790598299067754,0.790598299067754
meant1knowr,940047,0.790598299067754,0.790598299067754
meant1knowr,940048,0.790598299067754,0.790598299067754
meant1knowr,940049,0.790598299067754,0.790598299067754
meant1knowr,940050,0.7361111224939426,0.7361111224939426
meant1knowr,940051,0.7361111224939426,0.7361111224939426
meant1knowr,940052,0.7361111224939426,0.7361111224939426
meant1knowr,940053,0.7361111224939426,0.7361111224939426
meant1knowr,940054,0.7361111224939426,0.7361111224939426
meant1knowr,940055,0.7361111224939426,0.7361111224939426
meant1knowr,940056,0.7361111224939426,0.7361111224939426
meant1knowr,940057,0.7361111224939426,0.7361111224939426
meant1knowr,940059,0.7361111224939426,0.7361111224939426
meant1knowr,940060,0.7361111224939426,0.7361111224939426
meant1knowr,940061,0.7361111224939426,0.7361111224939426
meant1knowr,940062,0.7361111224939426,0.7361111224939426
meant1knowr,940063,0.7361111224939426,0.7361111224939426
meant1knowr,940064,0.7361111224939426,0.7361111224939426
meant1knowr,940065,0.7361111224939426,0.7361111224939426
meant1knowr,940066,0.7361111224939426,0.7361111224939426
meant1knowr,940067,0.7361111224939426,0.7361111224939426
meant1knowr,940069,0.7361111224939426,0.7361111224939426
meant1knowr,940070,0.7361111224939426,0.7361111224939426
meant1knowr,940071,0.7361111224939426,0.7361111224939426
meant1knowr,940072,0.7361111224939426,0.7361111224939426
meant1knowr,940073,0.7361111224939426,0.7361111224939426
meant1knowr,940074,0.727777785807848,0.7660818797977347
meant1knowr,940075,0.727777785807848,0.7660818797977347
meant1knowr,940076,0.727777785807848,0.7660818797977347
meant1knowr,940077,0.727777785807848,0.7660818797977347
meant1knowr,940078,0.727777785807848,0.7660818797977347
meant1knowr,940079,0.727777785807848,0.7660818797977347
meant1knowr,940080,0.727777785807848,0.7660818797977347
meant1knowr,940081,0.727777785807848,0.7660818797977347
meant1knowr,940083,0.727777785807848,0.7660818797977347
meant1knowr,940085,0.727777785807848,0.7660818797977347
meant1knowr,940086,0.727777785807848,0.7660818797977347
meant1knowr,940087,0.727777785807848,0.7660818797977347
meant1knowr,940088,0.727777785807848,0.7660818797977347
meant1knowr,940089,0.727777785807848,0.7660818797977347
meant1knowr,940090,0.727777785807848,0.7660818797977347
meant1knowr,940091,0.727777785807848,0.7660818797977347
meant1knowr,940093,0.727777785807848,0.7660818797977347
meant1knowr,940094,0.7264957359203925,0.7555555653572082
meant1knowr,940095,0.7264957359203925,0.7555555653572082
meant1knowr,940096,0.7264957359203925,0.7555555653572082
meant1knowr,940097,0.7264957359203925,0.7555555653572082
meant1knowr,940098,0.7264957359203925,0.7555555653572082
meant1knowr,940099,0.7264957359203925,0.7555555653572082
meant1knowr,940101,0.7264957359203925,0.7555555653572082
meant1knowr,940102,0.7264957359203925,0.7555555653572082
meant1knowr,940103,0.7264957359203925,0.7555555653572082
meant1knowr,940104,0.7264957359203925,0.7555555653572082
meant1knowr,940105,0.7264957359203925,0.7555555653572082
meant1knowr,940106,0.7264957359203925,0.7555555653572082
meant1knowr,940107,0.7264957359203925,0.7555555653572082
meant1knowr,940108,0.7264957359203925,0.7555555653572082
meant1knowr,940109,0.7264957359203925,0.7555555653572082
meant1knowr,940110,0.7264957359203925,0.7555555653572082
meant1knowr,940112,0.7264957359203925,0.7555555653572082
meant1knowr,940113,0.7264957359203925,0.7555555653572082
meant1knowr,940114,0.7264957359203925,0.7555555653572082
meant1knowr,940115,0.7264957359203925,0.7555555653572082
meant1knowr,940116,0.7264957359203925,0.7555555653572082
meant1knowr,940117,0.7264957359203925,0.7555555653572082
meant1knowr,940118,0.7264957359203925,0.7555555653572082
meant1knowr,940119,0.7264957359203925,0.7555555653572082
meant1knowr,940120,0.7649572726625663,0.7955555635690689
meant1knowr,940121,0.7649572726625663,0.7955555635690689
meant1knowr,940122,0.7649572726625663,0.7955555635690689
meant1knowr,940123,0.7649572726625663,0.7955555635690689
meant1knowr,940124,0.7649572726625663,0.7955555635690689
meant1knowr,940125,0.7649572726625663,0.7955555635690689
meant1knowr,940126,0.7649572726625663,0.7955555635690689
meant1knowr,940127,0.7649572726625663,0.7955555635690689
meant1knowr,940129,0.7649572726625663,0.7955555635690689
meant1knowr,940131,0.7649572726625663,0.7955555635690689
meant1knowr,940133,0.7649572726625663,0.7955555635690689
meant1knowr,940134,0.7649572726625663,0.7955555635690689
meant1knowr,940135,0.7649572726625663,0.7955555635690689
meant1knowr,940136,0.7649572726625663,0.7955555635690689
meant1knowr,940137,0.7649572726625663,0.7955555635690689
meant1knowr,940138,0.7649572726625663,0.7955555635690689
meant1knowr,940139,0.7649572726625663,0.7955555635690689
meant1knowr,940140,0.7649572726625663,0.7955555635690689
meant1knowr,940141,0.7649572726625663,0.7955555635690689
meant1knowr,940142,0.7649572726625663,0.7955555635690689
meant1knowr,940143,0.7649572726625663,0.7955555635690689
meant1knowr,940145,0.7649572726625663,0.7955555635690689
meant1knowr,940146,0.7489712000996979,0.7489712000996979
meant1knowr,940147,0.7489712000996979,0.7489712000996979
meant1knowr,940148,0.7489712000996979,0.7489712000996979
meant1knowr,940149,0.7489712000996979,0.7489712000996979
meant1knowr,940150,0.7489712000996979,0.7489712000996979
meant1knowr,940151,0.7489712000996979,0.7489712000996979
meant1knowr,940152,0.7489712000996979,0.7489712000996979
meant1knowr,940153,0.7489712000996979,0.7489712000996979
meant1knowr,940156,0.7489712000996979,0.7489712000996979
meant1knowr,940158,0.7489712000996979,0.7489712000996979
meant1knowr,940159,0.7489712000996979,0.7489712000996979
meant1knowr,940160,0.7489712000996979,0.7489712000996979
meant1knowr,940161,0.7489712000996979,0.7489712000996979
meant1knowr,940162,0.7489712000996979,0.7489712000996979
meant1knowr,940163,0.7489712000996979,0.7489712000996979
meant1knowr,940164,0.7489712000996979,0.7489712000996979
meant1knowr,940165,0.7489712000996979,0.7489712000996979
meant1knowr,940166,0.7489712000996979,0.7489712000996979
meant1knowr,940167,0.7489712000996979,0.7489712000996979
meant1knowr,940168,0.7489712000996979,0.7489712000996979
meant1knowr,940170,0.7489712000996979,0.7489712000996979
meant1knowr,940171,0.7489712000996979,0.7489712000996979
meant1knowr,940172,0.7489712000996979,0.7489712000996979
meant1knowr,940173,0.6111111208796501,0.6790123565329446
meant1knowr,940176,0.6111111208796501,0.6790123565329446
meant1knowr,940177,0.6111111208796501,0.6790123565329446
meant1knowr,940178,0.6111111208796501,0.6790123565329446
meant1knowr,940180,0.6111111208796501,0.6790123565329446
meant1knowr,940183,0.614035096999846,0.7291666776873171
meant1knowr,940184,0.614035096999846,0.7291666776873171
meant1knowr,940185,0.614035096999846,0.7291666776873171
meant1knowr,940186,0.614035096999846,0.7291666776873171
meant1knowr,940187,0.614035096999846,0.7291666776873171
meant1knowr,940188,0.614035096999846,0.7291666776873171
meant1knowr,940189,0.614035096999846,0.7291666776873171
meant1knowr,940190,0.614035096999846,0.7291666776873171
meant1knowr,940191,0.614035096999846,0.7291666776873171
meant1knowr,940192,0.614035096999846,0.7291666776873171
meant1knowr,940194,0.614035096999846,0.7291666776873171
meant1knowr,940195,0.614035096999846,0.7291666776873171
meant1knowr,940196,0.614035096999846,0.7291666776873171
meant1knowr,940197,0.614035096999846,0.7291666776873171
meant1knowr,940199,0.614035096999846,0.7291666776873171
meant1knowr,940200,0.614035096999846,0.7291666776873171
meant1knowr,940202,0.6198830498676551,0.6543209970825248
meant1knowr,940203,0.6198830498676551,0.6543209970825248
meant1knowr,940204,0.6198830498676551,0.6543209970825248
meant1knowr,940206,0.6198830498676551,0.6543209970825248
meant1knowr,940207,0.6198830498676551,0.6543209970825248
meant1knowr,940208,0.6198830498676551,0.6543209970825248
meant1knowr,940210,0.6198830498676551,0.6543209970825248
meant1knowr,940211,0.6198830498676551,0.6543209970825248
meant1knowr,940213,0.6198830498676551,0.6543209970825248
meant1knowr,940214,0.6198830498676551,0.6543209970825248
meant1knowr,940215,0.6198830498676551,0.6543209970825248
meant1knowr,940217,0.6198830498676551,0.6543209970825248
meant1knowr,940219,0.6198830498676551,0.6543209970825248
meant1knowr,940220,0.6198830498676551,0.6543209970825248
meant1knowr,940221,0.661835759230282,0.661835759230282
meant1knowr,940223,0.661835759230282,0.661835759230282
meant1knowr,940224,0.661835759230282,0.661835759230282
meant1knowr,940225,0.661835759230282,0.661835759230282
meant1knowr,940226,0.661835759230282,0.661835759230282
meant1knowr,940228,0.661835759230282,0.661835759230282
meant1knowr,940229,0.661835759230282,0.661835759230282
meant1knowr,940230,0.661835759230282,0.661835759230282
meant1knowr,940231,0.661835759230282,0.661835759230282
meant1knowr,940232,0.661835759230282,0.661835759230282
meant1knowr,940234,0.661835759230282,0.661835759230282
meant1knowr,940235,0.661835759230282,0.661835759230282
meant1knowr,940236,0.661835759230282,0.661835759230282
meant1knowr,940238,0.661835759230282,0.661835759230282
meant1knowr,940240,0.661835759230282,0.661835759230282
meant1knowr,940242,0.661835759230282,0.661835759230282
meant1knowr,940243,0.661835759230282,0.661835759230282
meant1knowr,940244,0.5277777829517921,0.575757581401955
meant1knowr,940245,0.5277777829517921,0.575757581401955
meant1knowr,940246,0.5277777829517921,0.575757581401955
meant1knowr,940249,0.5277777829517921,0.575757581401955
meant1knowr,940250,0.5277777829517921,0.575757581401955
meant1knowr,940251,0.5277777829517921,0.575757581401955
meant1knowr,940253,0.5277777829517921,0.575757581401955
meant1knowr,940254,0.5277777829517921,0.575757581401955
meant1knowr,940255,0.5277777829517921,0.575757581401955
meant1knowr,940257,0.6666666775941849,0.6666666775941849
meant1knowr,940258,0.6666666775941849,0.6666666775941849
meant1knowr,940259,0.6666666775941849,0.6666666775941849
meant1knowr,940260,0.6666666775941849,0.6666666775941849
meant1knowr,940261,0.6666666775941849,0.6666666775941849
meant1knowr,940262,0.6666666775941849,0.6666666775941849
meant1knowr,940263,0.6666666775941849,0.6666666775941849
meant1knowr,940267,0.6222222298383713,0.6913580331537459
meant1knowr,940268,0.6222222298383713,0.6913580331537459
meant1knowr,940270,0.6222222298383713,0.6913580331537459
meant1knowr,940272,0.6222222298383713,0.6913580331537459
meant1knowr,940273,0.6222222298383713,0.6913580331537459
meant1knowr,940275,0.6222222298383713,0.6913580331537459
meant1knowr,940276,0.6222222298383713,0.6913580331537459
meant1knowr,940277,0.6222222298383713,0.6913580331537459
meant1knowr,940278,0.6222222298383713,0.6913580331537459
meant1knowr,940279,0.6222222298383713,0.6913580331537459
meant1knowr,940280,0.6222222298383713,0.6913580331537459
meant1knowr,940281,0.6222222298383713,0.6913580331537459
meant1knowr,940282,0.6222222298383713,0.6913580331537459
meant1knowr,940285,0.6222222298383713,0.6913580331537459
meant1knowr,940286,0.7380952441266605,0.7948718013671728
meant1knowr,940287,0.7380952441266605,0.7948718013671728
meant1knowr,940288,0.7380952441266605,0.7948718013671728
meant1knowr,940291,0.7380952441266605,0.7948718013671728
meant1knowr,940292,0.7380952441266605,0.7948718013671728
meant1knowr,940293,0.7380952441266605,0.7948718013671728
meant1knowr,940294,0.7380952441266605,0.7948718013671728
meant1knowr,940295,0.7380952441266605,0.7948718013671728
meant1knowr,940296,0.7380952441266605,0.7948718013671728
meant1knowr,940297,0.7380952441266605,0.7948718013671728
meant1knowr,940299,0.7380952441266605,0.7948718013671728
meant1know_ind,940001,0.7525252632119439,0.7887970726967843
meant1know_ind,940002,0.7525252632119439,0.7887970726967843
meant1know_ind,940003,0.7575757679614153,0.7938475774462558
meant1know_ind,940004,0.7575757679614153,0.7938475774462558
meant1know_ind,940005,0.7525252632119439,0.7887970726967843
meant1know_ind,940006,0.7777777883139524,0.8140495977987928
meant1know_ind,940007,0.7575757679614153,0.7938475774462558
meant1know_ind,940009,0.7575757679614153,0.7938475774462558
meant1know_ind,940010,0.7626262727108869,0.7988980821957273
meant1know_ind,940011,0.7575757679614153,0.7938475774462558
meant1know_ind,940012,0.7727272822098299,0.8089990916946703
meant1know_ind,940014,0.7727272822098299,0.8089990916946703
meant1know_ind,940015,0.7676767774603583,0.8039485869451988
meant1know_ind,940016,0.7626262727108869,0.7988980821957273
meant1know_ind,940017,0.7525252632119439,0.7887970726967843
meant1know_ind,940018,0.7575757679614153,0.7938475774462558
meant1know_ind,940019,0.7575757679614153,0.7938475774462558
meant1know_ind,940020,0.7676767774603583,0.8039485869451988
meant1know_ind,940021,0.7727272822098299,0.8089990916946703
meant1know_ind,940022,0.7575757679614153,0.7938475774462558
meant1know_ind,940023,0.7727272822098299,0.8089990916946703
meant1know_ind,940024,0.791111119389534,0.791111119389534
meant1know_ind,940025,0.7866666752099991,0.7866666752099991
meant1know_ind,940026,0.7866666752099991,0.7866666752099991
meant1know_ind,940027,0.7822222310304642,0.7822222310304642
meant1know_ind,940028,0.7822222310304642,0.7822222310304642
meant1know_ind,940029,0.7866666752099991,0.7866666752099991
meant1know_ind,940030,0.7955555635690689,0.7955555635690689
meant1know_ind,940031,0.8133333420753479,0.8133333420753479
meant1know_ind,940032,0.7866666752099991,0.7866666752099991
meant1know_ind,940033,0.7955555635690689,0.7955555635690689
meant1know_ind,940034,0.7822222310304642,0.7822222310304642
meant1know_ind,940035,0.791111119389534,0.791111119389534
meant1know_ind,940036,0.7822222310304642,0.7822222310304642
meant1know_ind,940037,0.7866666752099991,0.7866666752099991
meant1know_ind,940038,0.7822222310304642,0.7822222310304642
meant1know_ind,940039,0.7822222310304642,0.7822222310304642
meant1know_ind,940040,0.8044444531202316,0.8044444531202316
meant1know_ind,940041,0.7866666752099991,0.7866666752099991
meant1know_ind,940042,0.7866666752099991,0.7866666752099991
meant1know_ind,940043,0.791111119389534,0.791111119389534
meant1know_ind,940044,0.791111119389534,0.791111119389534
meant1know_ind,940045,0.8000000077486038,0.8000000077486038
meant1know_ind,940046,0.791111119389534,0.791111119389534
meant1know_ind,940047,0.7866666752099991,0.7866666752099991
meant1know_ind,940048,0.8044444531202316,0.8044444531202316
meant1know_ind,940049,0.8000000077486038,0.8000000077486038
meant1know_ind,940050,0.7439613633829615,0.7439613633829615
meant1know_ind,940051,0.7294686106236085,0.7294686106236085
meant1know_ind,940052,0.7342995282100595,0.7342995282100595
meant1know_ind,940053,0.7294686106236085,0.7294686106236085
meant1know_ind,940054,0.7439613633829615,0.7439613633829615
meant1know_ind,940055,0.7246376930371575,0.7246376930371575
meant1know_ind,940056,0.7391304457965104,0.7391304457965104
meant1know_ind,940057,0.7246376930371575,0.7246376930371575
meant1know_ind,940059,0.7246376930371575,0.7246376930371575
meant1know_ind,940060,0.7536231998516165,0.7536231998516165
meant1know_ind,940061,0.7294686106236085,0.7294686106236085
meant1know_ind,940062,0.7584541180859441,0.7584541180859441
meant1know_ind,940063,0.7342995282100595,0.7342995282100595
meant1know_ind,940064,0.7246376930371575,0.7246376930371575
meant1know_ind,940065,0.7294686106236085,0.7294686106236085
meant1know_ind,940066,0.7294686106236085,0.7294686106236085
meant1know_ind,940067,0.7391304457965104,0.7391304457965104
meant1know_ind,940069,0.7391304457965104,0.7391304457965104
meant1know_ind,940070,0.7342995282100595,0.7342995282100595
meant1know_ind,940071,0.7391304457965104,0.7391304457965104
meant1know_ind,940072,0.7391304457965104,0.7391304457965104
meant1know_ind,940073,0.7294686106236085,0.7294686106236085
meant1know_ind,940074,0.7134503008503663,0.7537703997870892
meant1know_ind,940075,0.7251462065859845,0.7654663055227073
meant1know_ind,940076,0.7368421123216027,0.7771622112583255
meant1know_ind,940077,0.7309941594537935,0.7713142583905165
meant1know_ind,940078,0.7192982537181754,0.7596183526548983
meant1know_ind,940079,0.7368421123216027,0.7771622112583255
meant1know_ind,940080,0.7192982537181754,0.7596183526548983
meant1know_ind,940081,0.7134503008503663,0.7537703997870892
meant1know_ind,940083,0.7134503008503663,0.7537703997870892
meant1know_ind,940085,0.7134503008503663,0.7537703997870892
meant1know_ind,940086,0.7368421123216027,0.7771622112583255
meant1know_ind,940087,0.7134503008503663,0.7537703997870892
meant1know_ind,940088,0.7192982537181754,0.7596183526548983
meant1know_ind,940089,0.7192982537181754,0.7596183526548983
meant1know_ind,940090,0.7134503008503663,0.7537703997870892
meant1know_ind,940091,0.7192982537181754,0.7596183526548983
meant1know_ind,940093,0.7602339265377898,0.8005540254745127
meant1know_ind,940094,0.728888897895813,0.7591111205101013
meant1know_ind,940095,0.7200000095367431,0.7502222321510316
meant1know_ind,940096,0.728888897895813,0.7591111205101013
meant1know_ind,940097,0.7200000095367431,0.7502222321510316
meant1know_ind,940098,0.74666667640209194,0.7768888990163804
meant1know_ind,940099,0.7155555653572082,0.7457777879714966
meant1know_ind,940101,0.7244444537162781,0.7546666763305665
meant1know_ind,940102,0.7200000095367431,0.7502222321510316
meant1know_ind,940103,0.7155555653572082,0.7457777879714966
meant1know_ind,940104,0.728888897895813,0.7591111205101013
meant1know_ind,940105,0.728888897895813,0.7591111205101013
meant1know_ind,940106,0.7200000095367431,0.7502222321510316
meant1know_ind,940107,0.7155555653572082,0.7457777879714966
meant1know_ind,940108,0.7377777874469758,0.7680000100612641
meant1know_ind,940109,0.728888897895813,0.7591111205101013
meant1know_ind,940110,0.7200000095367431,0.7502222321510316
meant1know_ind,940112,0.7244444537162781,0.7546666763305665
meant1know_ind,940113,0.7155555653572082,0.7457777879714966
meant1know_ind,940114,0.7155555653572082,0.7457777879714966
meant1know_ind,940115,0.728888897895813,0.7591111205101013
meant1know_ind,940116,0.733333342075348,0.7635555646896363
meant1know_ind,940117,0.7244444537162781,0.7546666763305665
meant1know_ind,940118,0.74666667640209194,0.7768888990163804
meant1know_ind,940119,0.728888897895813,0.7591111205101013
meant1know_ind,940120,0.7600000077486038,0.7918222302913666
meant1know_ind,940121,0.7600000077486038,0.7918222302913666
meant1know_ind,940122,0.7555555635690689,0.7873777861118316
meant1know_ind,940123,0.7688888961076736,0.8007111186504363
meant1know_ind,940124,0.7555555635690689,0.7873777861118316
meant1know_ind,940125,0.7555555635690689,0.7873777861118316
meant1know_ind,940126,0.7600000077486038,0.7918222302913666
meant1know_ind,940127,0.7600000077486038,0.7918222302913666
meant1know_ind,940129,0.7644444519281387,0.7962666744709014
meant1know_ind,940131,0.7644444519281387,0.7962666744709014
meant1know_ind,940133,0.7600000077486038,0.7918222302913666
meant1know_ind,940134,0.7644444519281387,0.7962666744709014
meant1know_ind,940135,0.7600000077486038,0.7918222302913666
meant1know_ind,940136,0.7733333402872086,0.8051555628299712
meant1know_ind,940137,0.7555555635690689,0.7873777861118316
meant1know_ind,940138,0.7644444519281387,0.7962666744709014
meant1know_ind,940139,0.7644444519281387,0.7962666744709014
meant1know_ind,940140,0.7600000077486038,0.7918222302913666
meant1know_ind,940141,0.7733333402872086,0.8051555628299712
meant1know_ind,940142,0.7555555635690689,0.7873777861118316
meant1know_ind,940143,0.7555555635690689,0.7873777861118316
meant1know_ind,940145,0.7866666746139527,0.8184888971567154
meant1know_ind,940146,0.7393162462573785,0.7393162462573785
meant1know_ind,940147,0.7393162462573785,0.7393162462573785
meant1know_ind,940148,0.7393162462573785,0.7393162462573785
meant1know_ind,940149,0.743589750276162,0.743589750276162
meant1know_ind,940150,0.7692307761082282,0.7692307761082282
meant1know_ind,940151,0.743589750276162,0.743589750276162
meant1know_ind,940152,0.7521367583137292,0.7521367583137292
meant1know_ind,940153,0.743589750276162,0.743589750276162
meant1know_ind,940156,0.7649572715163231,0.7649572715163231
meant1know_ind,940158,0.7393162462573785,0.7393162462573785
meant1know_ind,940159,0.7393162462573785,0.7393162462573785
meant1know_ind,940160,0.7521367583137292,0.7521367583137292
meant1know_ind,940161,0.7393162462573785,0.7393162462573785
meant1know_ind,940162,0.7393162462573785,0.7393162462573785
meant1know_ind,940163,0.7478632542949456,0.7478632542949456
meant1know_ind,940164,0.7649572715163231,0.7649572715163231
meant1know_ind,940165,0.743589750276162,0.743589750276162
meant1know_ind,940166,0.743589750276162,0.743589750276162
meant1know_ind,940167,0.7564102623325127,0.7564102623325127
meant1know_ind,940168,0.7478632542949456,0.7478632542949456
meant1know_ind,940170,0.7478632542949456,0.7478632542949456
meant1know_ind,940171,0.743589750276162,0.743589750276162
meant1know_ind,940172,0.7393162462573785,0.7393162462573785
meant1know_ind,940173,0.604938280251291,0.6803840976438404
meant1know_ind,940176,0.65432099832428825,0.7297668157168377
meant1know_ind,940177,0.6296296401156319,0.7050754575081813
meant1know_ind,940178,0.5679012454218335,0.6433470628143829
meant1know_ind,940180,0.5802469236983193,0.6556927410908687
meant1know_ind,940183,0.5925926023887264,0.7141203820032792
meant1know_ind,940184,0.5925926023887264,0.7141203820032792
meant1know_ind,940185,0.5987654415269693,0.7202932211415222
meant1know_ind,940186,0.5925926023887264,0.7141203820032792
meant1know_ind,940187,0.6111111198034551,0.732638899418008
meant1know_ind,940188,0.6172839589416981,0.7388117385562509
meant1know_ind,940189,0.6111111198034551,0.732638899418008
meant1know_ind,940190,0.6172839589416981,0.7388117385562509
meant1know_ind,940191,0.6296296388738685,0.7511574184884213
meant1know_ind,940192,0.5925926023887264,0.7141203820032792
meant1know_ind,940194,0.6049382806652122,0.726466060279765
meant1know_ind,940195,0.6172839589416981,0.7388117385562509
meant1know_ind,940196,0.5987654415269693,0.7202932211415222
meant1know_ind,940197,0.5987654415269693,0.7202932211415222
meant1know_ind,940199,0.6419753183921179,0.7635030980066707
meant1know_ind,940200,0.6049382806652122,0.726466060279765
meant1know_ind,940202,0.6049382806652122,0.6412894471697969
meant1know_ind,940203,0.6481481575303607,0.6844993240349454
meant1know_ind,940204,0.5987654415269693,0.6351166080315539
meant1know_ind,940206,0.623456798079941,0.6598079645845256
meant1know_ind,940207,0.5987654415269693,0.6351166080315539
meant1know_ind,940208,0.6358024780121114,0.6721536445166961
meant1know_ind,940210,0.6172839589416981,0.6536351254462827
meant1know_ind,940211,0.6111111198034551,0.6474622863080398
meant1know_ind,940213,0.6111111198034551,0.6474622863080398
meant1know_ind,940214,0.6296296388738685,0.6659808053784532
meant1know_ind,940215,0.6358024780121114,0.6721536445166961
meant1know_ind,940217,0.6111111198034551,0.6474622863080398
meant1know_ind,940219,0.5987654415269693,0.6351166080315539
meant1know_ind,940220,0.6111111198034551,0.6474622863080398
meant1know_ind,940221,0.676767687228593,0.676767687228593
meant1know_ind,940223,0.6565656668760561,0.6565656668760561
meant1know_ind,940224,0.6565656668760561,0.6565656668760561
meant1know_ind,940225,0.666666676374999,0.666666676374999
meant1know_ind,940226,0.6464646573771131,0.6464646573771131
meant1know_ind,940228,0.6717171824791216,0.6717171824791216
meant1know_ind,940229,0.676767687228593,0.676767687228593
meant1know_ind,940230,0.6565656668760561,0.6565656668760561
meant1know_ind,940231,0.666666676374999,0.666666676374999
meant1know_ind,940232,0.666666676374999,0.666666676374999
meant1know_ind,940234,0.676767687228593,0.676767687228593
meant1know_ind,940235,0.6717171824791216,0.6717171824791216
meant1know_ind,940236,0.6565656668760561,0.6565656668760561
meant1know_ind,940238,0.6464646573771131,0.6464646573771131
meant1know_ind,940240,0.6565656668760561,0.6565656668760561
meant1know_ind,940242,0.6464646573771131,0.6464646573771131
meant1know_ind,940243,0.666666676374999,0.666666676374999
meant1know_ind,940244,0.515151518989693,0.5674931172989617
meant1know_ind,940245,0.5555555610494181,0.6078971593586867
meant1know_ind,940246,0.5555555610494181,0.6078971593586867
meant1know_ind,940249,0.5555555610494181,0.6078971593586867
meant1know_ind,940250,0.50505050949075,0.5573921078000187
meant1know_ind,940251,0.4848484904928641,0.5371900888021327
meant1know_ind,940253,0.4949494999918071,0.5472910983010757
meant1know_ind,940254,0.4949494999918071,0.5472910983010757
meant1know_ind,940255,0.5656565712256865,0.6179981695349551
meant1know_ind,940257,0.6913580364651151,0.6913580364651151
meant1know_ind,940258,0.65432099832428825,0.65432099832428825
meant1know_ind,940259,0.6666666766007742,0.6666666766007742
meant1know_ind,940260,0.6666666766007742,0.6666666766007742
meant1know_ind,940261,0.6296296417713165,0.6296296417713165
meant1know_ind,940262,0.6419753200478024,0.6419753200478024
meant1know_ind,940263,0.6666666766007742,0.6666666766007742
meant1know_ind,940267,0.6140350950391669,0.6868096248448243
meant1know_ind,940268,0.619883047906976,0.6926575777126335
meant1know_ind,940270,0.6023391893035487,0.6751137191092061
meant1know_ind,940272,0.6081871421713578,0.6809616719770153
meant1know_ind,940273,0.625731000774785,0.6985055305804425
meant1know_ind,940275,0.6374269080789465,0.710201437884604
meant1know_ind,940276,0.6023391893035487,0.6751137191092061
meant1know_ind,940277,0.6023391893035487,0.6751137191092061
meant1know_ind,940278,0.6432748617310273,0.7160493915366848
meant1know_ind,940279,0.6140350950391669,0.6868096248448243
meant1know_ind,940280,0.6081871421713578,0.6809616719770153
meant1know_ind,940281,0.6023391893035487,0.6751137191092061
meant1know_ind,940282,0.625731000774785,0.6985055305804425
meant1know_ind,940285,0.6140350950391669,0.6868096248448243
meant1know_ind,940286,0.7179487244440959,0.7790927091646476
meant1know_ind,940287,0.7350427405192301,0.7961867252397818
meant1know_ind,940288,0.7692307749619851,0.8303747596825368
meant1know_ind,940291,0.726495732481663,0.7876397172022147
meant1know_ind,940292,0.7179487244440959,0.7790927091646476
meant1know_ind,940293,0.7179487244440959,0.7790927091646476
meant1know_ind,940294,0.7435897485567973,0.804733733277349
meant1know_ind,940295,0.726495732481663,0.7876397172022147
meant1know_ind,940296,0.7179487244440959,0.7790927091646476
meant1know_ind,940297,0.7777777841457953,0.8389217688663471
meant1know_ind,940299,0.726495732481663,0.7876397172022147
meant1knowcor,940001,0.7004831005697665,0.7671957768145061
meant1knowcor,940002,0.7004831005697665,0.7671957768145061
meant1knowcor,940003,0.7004831005697665,0.7671957768145061
meant1knowcor,940004,0.7004831005697665,0.7671957768145061
meant1knowcor,940005,0.7004831005697665,0.7671957768145061
meant1knowcor,940006,0.7004831005697665,0.7671957768145061
meant1knowcor,940007,0.7004831005697665,0.7671957768145061
meant1knowcor,940009,0.7004831005697665,0.7671957768145061
meant1knowcor,940010,0.7004831005697665,0.7671957768145061
meant1knowcor,940011,0.7004831005697665,0.7671957768145061
meant1knowcor,940012,0.7004831005697665,0.7671957768145061
meant1knowcor,940014,0.7004831005697665,0.7671957768145061
meant1knowcor,940015,0.7004831005697665,0.7671957768145061
meant1knowcor,940016,0.7004831005697665,0.7671957768145061
meant1knowcor,940017,0.7004831005697665,0.7671957768145061
meant1knowcor,940018,0.7004831005697665,0.7671957768145061
meant1knowcor,940019,0.7004831005697665,0.7671957768145061
meant1knowcor,940020,0.7004831005697665,0.7671957768145061
meant1knowcor,940021,0.7004831005697665,0.7671957768145061
meant1knowcor,940022,0.7004831005697665,0.7671957768145061
meant1knowcor,940023,0.7004831005697665,0.7671957768145061
meant1knowcor,940024,0.7521367626121411,0.7521367626121411
meant1knowcor,940025,0.7521367626121411,0.7521367626121411
meant1knowcor,940026,0.7521367626121411,0.7521367626121411
meant1knowcor,940027,0.7521367626121411,0.7521367626121411
meant1knowcor,940028,0.7521367626121411,0.7521367626121411
meant1knowcor,940029,0.7521367626121411,0.7521367626121411
meant1knowcor,940030,0.7521367626121411,0.7521367626121411
meant1knowcor,940031,0.7521367626121411,0.7521367626121411
meant1knowcor,940032,0.7521367626121411,0.7521367626121411
meant1knowcor,940033,0.7521367626121411,0.7521367626121411
meant1knowcor,940034,0.7521367626121411,0.7521367626121411
meant1knowcor,940035,0.7521367626121411,0.7521367626121411
meant1knowcor,940036,0.7521367626121411,0.7521367626121411
meant1knowcor,940037,0.7521367626121411,0.7521367626121411
meant1knowcor,940038,0.7521367626121411,0.7521367626121411
meant1knowcor,940039,0.7521367626121411,0.7521367626121411
meant1knowcor,940040,0.7521367626121411,0.7521367626121411
meant1knowcor,940041,0.7521367626121411,0.7521367626121411
meant1knowcor,940042,0.7521367626121411,0.7521367626121411
meant1knowcor,940043,0.7521367626121411,0.7521367626121411
meant1knowcor,940044,0.7521367626121411,0.7521367626121411
meant1knowcor,940045,0.7521367626121411,0.7521367626121411
meant1knowcor,940046,0.7521367626121411,0.7521367626121411
meant1knowcor,940047,0.7521367626121411,0.7521367626121411
meant1knowcor,940048,0.7521367626121411,0.7521367626121411
meant1knowcor,940049,0.7521367626121411,0.7521367626121411
meant1knowcor,940050,0.6203703818221887,0.6767676892605695
meant1knowcor,940051,0.6203703818221887,0.6767676892605695
meant1knowcor,940052,0.6203703818221887,0.6767676892605695
meant1knowcor,940053,0.6203703818221887,0.6767676892605695
meant1knowcor,940054,0.6203703818221887,0.6767676892605695
meant1knowcor,940055,0.6203703818221887,0.6767676892605695
meant1knowcor,940056,0.6203703818221887,0.6767676892605695
meant1knowcor,940057,0.6203703818221887,0.6767676892605695
meant1knowcor,940059,0.6203703818221887,0.6767676892605695
meant1knowcor,940060,0.6203703818221887,0.6767676892605695
meant1knowcor,940061,0.6203703818221887,0.6767676892605695
meant1knowcor,940062,0.6203703818221887,0.6767676892605695
meant1knowcor,940063,0.6203703818221887,0.6767676892605695
meant1knowcor,940064,0.6203703818221887,0.6767676892605695
meant1knowcor,940065,0.6203703818221887,0.6767676892605695
meant1knowcor,940066,0.6203703818221887,0.6767676892605695
meant1knowcor,940067,0.6203703818221887,0.6767676892605695
meant1knowcor,940069,0.6203703818221887,0.6767676892605695
meant1knowcor,940070,0.6203703818221887,0.6767676892605695
meant1knowcor,940071,0.6203703818221887,0.6767676892605695
meant1knowcor,940072,0.6203703818221887,0.6767676892605695
meant1knowcor,940073,0.6203703818221887,0.6767676892605695
meant1knowcor,940074,0.6611111182719469,0.7777777862022904
meant1knowcor,940075,0.6611111182719469,0.7777777862022904
meant1knowcor,940076,0.6611111182719469,0.7777777862022904
meant1knowcor,940077,0.6611111182719469,0.7777777862022904
meant1knowcor,940078,0.6611111182719469,0.7777777862022904
meant1knowcor,940079,0.6611111182719469,0.7777777862022904
meant1knowcor,940080,0.6611111182719469,0.7777777862022904
meant1knowcor,940081,0.6611111182719469,0.7777777862022904
meant1knowcor,940083,0.6611111182719469,0.7777777862022904
meant1knowcor,940085,0.6611111182719469,0.7777777862022904
meant1knowcor,940086,0.6611111182719469,0.7777777862022904
meant1knowcor,940087,0.6611111182719469,0.7777777862022904
meant1knowcor,940088,0.6611111182719469,0.7777777862022904
meant1knowcor,940089,0.6611111182719469,0.7777777862022904
meant1knowcor,940090,0.6611111182719469,0.7777777862022904
meant1knowcor,940091,0.6611111182719469,0.7777777862022904
meant1knowcor,940093,0.6611111182719469,0.7777777862022904
meant1knowcor,940094,0.6752136854025034,0.7314814925193787
meant1knowcor,940095,0.6752136854025034,0.7314814925193787
meant1knowcor,940096,0.6752136854025034,0.7314814925193787
meant1knowcor,940097,0.6752136854025034,0.7314814925193787
meant1knowcor,940098,0.6752136854025034,0.7314814925193787
meant1knowcor,940099,0.6752136854025034,0.7314814925193787
meant1knowcor,940101,0.6752136854025034,0.7314814925193787
meant1knowcor,940102,0.6752136854025034,0.7314814925193787
meant1knowcor,940103,0.6752136854025034,0.7314814925193787
meant1knowcor,940104,0.6752136854025034,0.7314814925193787
meant1knowcor,940105,0.6752136854025034,0.7314814925193787
meant1knowcor,940106,0.6752136854025034,0.7314814925193787
meant1knowcor,940107,0.6752136854025034,0.7314814925193787
meant1knowcor,940108,0.6752136854025034,0.7314814925193787
meant1knowcor,940109,0.6752136854025034,0.7314814925193787
meant1knowcor,940110,0.6752136854025034,0.7314814925193787
meant1knowcor,940112,0.6752136854025034,0.7314814925193787
meant1knowcor,940113,0.6752136854025034,0.7314814925193787
meant1knowcor,940114,0.6752136854025034,0.7314814925193787
meant1knowcor,940115,0.6752136854025034,0.7314814925193787
meant1knowcor,940116,0.6752136854025034,0.7314814925193787
meant1knowcor,940117,0.6752136854025034,0.7314814925193787
meant1knowcor,940118,0.6752136854025034,0.7314814925193787
meant1knowcor,940119,0.6752136854025034,0.7314814925193787
meant1knowcor,940120,0.6538461624429777,0.7391304445007573
meant1knowcor,940121,0.6538461624429777,0.7391304445007573
meant1knowcor,940122,0.6538461624429777,0.7391304445007573
meant1knowcor,940123,0.6538461624429777,0.7391304445007573
meant1knowcor,940124,0.6538461624429777,0.7391304445007573
meant1knowcor,940125,0.6538461624429777,0.7391304445007573
meant1knowcor,940126,0.6538461624429777,0.7391304445007573
meant1knowcor,940127,0.6538461624429777,0.7391304445007573
meant1knowcor,940129,0.6538461624429777,0.7391304445007573
meant1knowcor,940131,0.6538461624429777,0.7391304445007573
meant1knowcor,940133,0.6538461624429777,0.7391304445007573
meant1knowcor,940134,0.6538461624429777,0.7391304445007573
meant1knowcor,940135,0.6538461624429777,0.7391304445007573
meant1knowcor,940136,0.6538461624429777,0.7391304445007573
meant1knowcor,940137,0.6538461624429777,0.7391304445007573
meant1knowcor,940138,0.6538461624429777,0.7391304445007573
meant1knowcor,940139,0.6538461624429777,0.7391304445007573
meant1knowcor,940140,0.6538461624429777,0.7391304445007573
meant1knowcor,940141,0.6538461624429777,0.7391304445007573
meant1knowcor,940142,0.6538461624429777,0.7391304445007573
meant1knowcor,940143,0.6538461624429777,0.7391304445007573
meant1knowcor,940145,0.6538461624429777,0.7391304445007573
meant1knowcor,940146,0.6419753164604858,0.6933333417773246
meant1knowcor,940147,0.6419753164604858,0.6933333417773246
meant1knowcor,940148,0.6419753164604858,0.6933333417773246
meant1knowcor,940149,0.6419753164604858,0.6933333417773246
meant1knowcor,940150,0.6419753164604858,0.6933333417773246
meant1knowcor,940151,0.6419753164604858,0.6933333417773246
meant1knowcor,940152,0.6419753164604858,0.6933333417773246
meant1knowcor,940153,0.6419753164604858,0.6933333417773246
meant1knowcor,940156,0.6419753164604858,0.6933333417773246
meant1knowcor,940158,0.6419753164604858,0.6933333417773246
meant1knowcor,940159,0.6419753164604858,0.6933333417773246
meant1knowcor,940160,0.6419753164604858,0.6933333417773246
meant1knowcor,940161,0.6419753164604858,0.6933333417773246
meant1knowcor,940162,0.6419753164604858,0.6933333417773246
meant1knowcor,940163,0.6419753164604858,0.6933333417773246
meant1knowcor,940164,0.6419753164604858,0.6933333417773246
meant1knowcor,940165,0.6419753164604858,0.6933333417773246
meant1knowcor,940166,0.6419753164604858,0.6933333417773246
meant1knowcor,940167,0.6419753164604858,0.6933333417773246
meant1knowcor,940168,0.6419753164604858,0.6933333417773246
meant1knowcor,940170,0.6419753164604858,0.6933333417773246
meant1knowcor,940171,0.6419753164604858,0.6933333417773246
meant1knowcor,940172,0.6419753164604858,0.6933333417773246
meant1knowcor,940173,0.3000000037252903,0.6000000074505806
meant1knowcor,940176,0.3000000037252903,0.6000000074505806
meant1knowcor,940177,0.3000000037252903,0.6000000074505806
meant1knowcor,940178,0.3000000037252903,0.6000000074505806
meant1knowcor,940180,0.3000000037252903,0.6000000074505806
meant1knowcor,940183,0.5730994230038242,0.6805555648170412
meant1knowcor,940184,0.5730994230038242,0.6805555648170412
meant1knowcor,940185,0.5730994230038242,0.6805555648170412
meant1knowcor,940186,0.5730994230038242,0.6805555648170412
meant1knowcor,940187,0.5730994230038242,0.6805555648170412
meant1knowcor,940188,0.5730994230038242,0.6805555648170412
meant1knowcor,940189,0.5730994230038242,0.6805555648170412
meant1knowcor,940190,0.5730994230038242,0.6805555648170412
meant1knowcor,940191,0.5730994230038242,0.6805555648170412
meant1knowcor,940192,0.5730994230038242,0.6805555648170412
meant1knowcor,940194,0.5730994230038242,0.6805555648170412
meant1knowcor,940195,0.5730994230038242,0.6805555648170412
meant1knowcor,940196,0.5730994230038242,0.6805555648170412
meant1knowcor,940197,0.5730994230038242,0.6805555648170412
meant1knowcor,940199,0.5730994230038242,0.6805555648170412
meant1knowcor,940200,0.5730994230038242,0.6805555648170412
meant1knowcor,940202,0.4853801221439713,0.6148148213823637
meant1knowcor,940203,0.4853801221439713,0.6148148213823637
meant1knowcor,940204,0.4853801221439713,0.6148148213823637
meant1knowcor,940206,0.4853801221439713,0.6148148213823637
meant1knowcor,940207,0.4853801221439713,0.6148148213823637
meant1knowcor,940208,0.4853801221439713,0.6148148213823637
meant1knowcor,940210,0.4853801221439713,0.6148148213823637
meant1knowcor,940211,0.4853801221439713,0.6148148213823637
meant1knowcor,940213,0.4853801221439713,0.6148148213823637
meant1knowcor,940214,0.4853801221439713,0.6148148213823637
meant1knowcor,940215,0.4853801221439713,0.6148148213823637
meant1knowcor,940217,0.4853801221439713,0.6148148213823637
meant1knowcor,940219,0.4853801221439713,0.6148148213823637
meant1knowcor,940220,0.4853801221439713,0.6148148213823637
meant1knowcor,940221,0.4347826180898625,0.5882353068274611
meant1knowcor,940223,0.4347826180898625,0.5882353068274611
meant1knowcor,940224,0.4347826180898625,0.5882353068274611
meant1knowcor,940225,0.4347826180898625,0.5882353068274611
meant1knowcor,940226,0.4347826180898625,0.5882353068274611
meant1knowcor,940228,0.4347826180898625,0.5882353068274611
meant1knowcor,940229,0.4347826180898625,0.5882353068274611
meant1knowcor,940230,0.4347826180898625,0.5882353068274611
meant1knowcor,940231,0.4347826180898625,0.5882353068274611
meant1knowcor,940232,0.4347826180898625,0.5882353068274611
meant1knowcor,940234,0.4347826180898625,0.5882353068274611
meant1knowcor,940235,0.4347826180898625,0.5882353068274611
meant1knowcor,940236,0.4347826180898625,0.5882353068274611
meant1knowcor,940238,0.4347826180898625,0.5882353068274611
meant1knowcor,940240,0.4347826180898625,0.5882353068274611
meant1knowcor,940242,0.4347826180898625,0.5882353068274611
meant1knowcor,940243,0.4347826180898625,0.5882353068274611
meant1knowcor,940244,0.3703703749924898,0.49382716665665305
meant1knowcor,940245,0.3703703749924898,0.49382716665665305
meant1knowcor,940246,0.3703703749924898,0.49382716665665305
meant1knowcor,940249,0.3703703749924898,0.49382716665665305
meant1knowcor,940250,0.3703703749924898,0.49382716665665305
meant1knowcor,940251,0.3703703749924898,0.49382716665665305
meant1knowcor,940253,0.3703703749924898,0.49382716665665305
meant1knowcor,940254,0.3703703749924898,0.49382716665665305
meant1knowcor,940255,0.3703703749924898,0.49382716665665305
meant1knowcor,940257,0.4444444544613361,0.5555555680766702
meant1knowcor,940258,0.4444444544613361,0.5555555680766702
meant1knowcor,940259,0.4444444544613361,0.5555555680766702
meant1knowcor,940260,0.4444444544613361,0.5555555680766702
meant1knowcor,940261,0.4444444544613361,0.5555555680766702
meant1knowcor,940262,0.4444444544613361,0.5555555680766702
meant1knowcor,940263,0.4444444544613361,0.5555555680766702
meant1knowcor,940267,0.4944444514811039,0.706349216401577
meant1knowcor,940268,0.4944444514811039,0.706349216401577
meant1knowcor,940270,0.4944444514811039,0.706349216401577
meant1knowcor,940272,0.4944444514811039,0.706349216401577
meant1knowcor,940273,0.4944444514811039,0.706349216401577
meant1knowcor,940275,0.4944444514811039,0.706349216401577
meant1knowcor,940276,0.4944444514811039,0.706349216401577
meant1knowcor,940277,0.4944444514811039,0.706349216401577
meant1knowcor,940278,0.4944444514811039,0.706349216401577
meant1knowcor,940279,0.4944444514811039,0.706349216401577
meant1knowcor,940280,0.4944444514811039,0.706349216401577
meant1knowcor,940281,0.4944444514811039,0.706349216401577
meant1knowcor,940282,0.4944444514811039,0.706349216401577
meant1knowcor,940285,0.4944444514811039,0.706349216401577
meant1knowcor,940286,0.5952380991407803,0.7575757625428113
meant1knowcor,940287,0.5952380991407803,0.7575757625428113
meant1knowcor,940288,0.5952380991407803,0.7575757625428113
meant1knowcor,940291,0.5952380991407803,0.7575757625428113
meant1knowcor,940292,0.5952380991407803,0.7575757625428113
meant1knowcor,940293,0.5952380991407803,0.7575757625428113
meant1knowcor,940294,0.5952380991407803,0.7575757625428113
meant1knowcor,940295,0.5952380991407803,0.7575757625428113
meant1knowcor,940296,0.5952380991407803,0.7575757625428113
meant1knowcor,940297,0.5952380991407803,0.7575757625428113
meant1knowcor,940299,0.5952380991407803,0.7575757625428113
meant1knowrcor,940001,0.7004831005697665,0.7671957768145061
meant1knowrcor,940002,0.7004831005697665,0.7671957768145061
meant1knowrcor,940003,0.7004831005697665,0.7671957768145061
meant1knowrcor,940004,0.7004831005697665,0.7671957768145061
meant1knowrcor,940005,0.7004831005697665,0.7671957768145061
meant1knowrcor,940006,0.7004831005697665,0.7671957768145061
meant1knowrcor,940007,0.7004831005697665,0.7671957768145061
meant1knowrcor,940009,0.7004831005697665,0.7671957768145061
meant1knowrcor,940010,0.7004831005697665,0.7671957768145061
meant1knowrcor,940011,0.7004831005697665,0.7671957768145061
meant1knowrcor,940012,0.7004831005697665,0.7671957768145061
meant1knowrcor,940014,0.7004831005697665,0.7671957768145061
meant1knowrcor,940015,0.7004831005697665,0.7671957768145061
meant1knowrcor,940016,0.7004831005697665,0.7671957768145061
meant1knowrcor,940017,0.7004831005697665,0.7671957768145061
meant1knowrcor,940018,0.7004831005697665,0.7671957768145061
meant1knowrcor,940019,0.7004831005697665,0.7671957768145061
meant1knowrcor,940020,0.7004831005697665,0.7671957768145061
meant1knowrcor,940021,0.7004831005697665,0.7671957768145061
meant1knowrcor,940022,0.7004831005697665,0.7671957768145061
meant1knowrcor,940023,0.7004831005697665,0.7671957768145061
meant1knowrcor,940024,0.7521367626121411,0.7521367626121411
meant1knowrcor,940025,0.7521367626121411,0.7521367626121411
meant1knowrcor,940026,0.7521367626121411,0.7521367626121411
meant1knowrcor,940027,0.7521367626121411,0.7521367626121411
meant1knowrcor,940028,0.7521367626121411,0.7521367626121411
meant1knowrcor,940029,0.7521367626121411,0.7521367626121411
meant1knowrcor,940030,0.7521367626121411,0.7521367626121411
meant1knowrcor,940031,0.7521367626121411,0.7521367626121411
meant1knowrcor,940032,0.7521367626121411,0.7521367626121411
meant1knowrcor,940033,0.7521367626121411,0.7521367626121411
meant1knowrcor,940034,0.7521367626121411,0.7521367626121411
meant1knowrcor,940035,0.7521367626121411,0.7521367626121411
meant1knowrcor,940036,0.7521367626121411,0.7521367626121411
meant1knowrcor,940037,0.7521367626121411,0.7521367626121411
meant1knowrcor,940038,0.7521367626121411,0.7521367626121411
meant1knowrcor,940039,0.7521367626121411,0.7521367626121411
meant1knowrcor,940040,0.7521367626121411,0.7521367626121411
meant1knowrcor,940041,0.7521367626121411,0.7521367626121411
meant1knowrcor,940042,0.7521367626121411,0.7521367626121411
meant1knowrcor,940043,0.7521367626121411,0.7521367626121411
meant1knowrcor,940044,0.7521367626121411,0.7521367626121411
meant1knowrcor,940045,0.7521367626121411,0.7521367626121411
meant1knowrcor,940046,0.7521367626121411,0.7521367626121411
meant1knowrcor,940047,0.7521367626121411,0.7521367626121411
meant1knowrcor,940048,0.7521367626121411,0.7521367626121411
meant1knowrcor,940049,0.7521367626121411,0.7521367626121411
meant1knowrcor,940050,0.6203703818221887,0.6767676892605695
meant1knowrcor,940051,0.6203703818221887,0.6767676892605695
meant1knowrcor,940052,0.6203703818221887,0.6767676892605695
meant1knowrcor,940053,0.6203703818221887,0.6767676892605695
meant1knowrcor,940054,0.6203703818221887,0.6767676892605695
meant1knowrcor,940055,0.6203703818221887,0.6767676892605695
meant1knowrcor,940056,0.6203703818221887,0.6767676892605695
meant1knowrcor,940057,0.6203703818221887,0.6767676892605695
meant1knowrcor,940059,0.6203703818221887,0.6767676892605695
meant1knowrcor,940060,0.6203703818221887,0.6767676892605695
meant1knowrcor,940061,0.6203703818221887,0.6767676892605695
meant1knowrcor,940062,0.6203703818221887,0.6767676892605695
meant1knowrcor,940063,0.6203703818221887,0.6767676892605695
meant1knowrcor,940064,0.6203703818221887,0.6767676892605695
meant1knowrcor,940065,0.6203703818221887,0.6767676892605695
meant1knowrcor,940066,0.6203703818221887,0.6767676892605695
meant1knowrcor,940067,0.6203703818221887,0.6767676892605695
meant1knowrcor,940069,0.6203703818221887,0.6767676892605695
meant1knowrcor,940070,0.6203703818221887,0.6767676892605695
meant1knowrcor,940071,0.6203703818221887,0.6767676892605695
meant1knowrcor,940072,0.6203703818221887,0.6767676892605695
meant1knowrcor,940073,0.6203703818221887,0.6767676892605695
meant1knowrcor,940074,0.6611111182719469,0.7777777862022904
meant1knowrcor,940075,0.6611111182719469,0.7777777862022904
meant1knowrcor,940076,0.6611111182719469,0.7777777862022904
meant1knowrcor,940077,0.6611111182719469,0.7777777862022904
meant1knowrcor,940078,0.6611111182719469,0.7777777862022904
meant1knowrcor,940079,0.6611111182719469,0.7777777862022904
meant1knowrcor,940080,0.6611111182719469,0.7777777862022904
meant1knowrcor,940081,0.6611111182719469,0.7777777862022904
meant1knowrcor,940083,0.6611111182719469,0.7777777862022904
meant1knowrcor,940085,0.6611111182719469,0.7777777862022904
meant1knowrcor,940086,0.6611111182719469,0.7777777862022904
meant1knowrcor,940087,0.6611111182719469,0.7777777862022904
meant1knowrcor,940088,0.6611111182719469,0.7777777862022904
meant1knowrcor,940089,0.6611111182719469,0.7777777862022904
meant1knowrcor,940090,0.6611111182719469,0.7777777862022904
meant1knowrcor,940091,0.6611111182719469,0.7777777862022904
meant1knowrcor,940093,0.6611111182719469,0.7777777862022904
meant1knowrcor,940094,0.6752136854025034,0.7314814925193787
meant1knowrcor,940095,0.6752136854025034,0.7314814925193787
meant1knowrcor,940096,0.6752136854025034,0.7314814925193787
meant1knowrcor,940097,0.6752136854025034,0.7314814925193787
meant1knowrcor,940098,0.6752136854025034,0.7314814925193787
meant1knowrcor,940099,0.6752136854025034,0.7314814925193787
meant1knowrcor,940101,0.6752136854025034,0.7314814925193787
meant1knowrcor,940102,0.6752136854025034,0.7314814925193787
meant1knowrcor,940103,0.6752136854025034,0.7314814925193787
meant1knowrcor,940104,0.6752136854025034,0.7314814925193787
meant1knowrcor,940105,0.6752136854025034,0.7314814925193787
meant1knowrcor,940106,0.6752136854025034,0.7314814925193787
meant1knowrcor,940107,0.6752136854025034,0.7314814925193787
meant1knowrcor,940108,0.6752136854025034,0.7314814925193787
meant1knowrcor,940109,0.6752136854025034,0.7314814925193787
meant1knowrcor,940110,0.6752136854025034,0.7314814925193787
meant1knowrcor,940112,0.6752136854025034,0.7314814925193787
meant1knowrcor,940113,0.6752136854025034,0.7314814925193787
meant1knowrcor,940114,0.6752136854025034,0.7314814925193787
meant1knowrcor,940115,0.6752136854025034,0.7314814925193787
meant1knowrcor,940116,0.6752136854025034,0.7314814925193787
meant1knowrcor,940117,0.6752136854025034,0.7314814925193787
meant1knowrcor,940118,0.6752136854025034,0.7314814925193787
meant1knowrcor,940119,0.6752136854025034,0.7314814925193787
meant1knowrcor,940120,0.6538461624429777,0.7391304445007573
meant1knowrcor,940121,0.6538461624429777,0.7391304445007573
meant1knowrcor,940122,0.6538461624429777,0.7391304445007573
meant1knowrcor,940123,0.6538461624429777,0.7391304445007573
meant1knowrcor,940124,0.6538461624429777,0.7391304445007573
meant1knowrcor,940125,0.6538461624429777,0.7391304445007573
meant1knowrcor,940126,0.6538461624429777,0.7391304445007573
meant1knowrcor,940127,0.6538461624429777,0.7391304445007573
meant1knowrcor,940129,0.6538461624429777,0.7391304445007573
meant1knowrcor,940131,0.6538461624429777,0.7391304445007573
meant1knowrcor,940133,0.6538461624429777,0.7391304445007573
meant1knowrcor,940134,0.6538461624429777,0.7391304445007573
meant1knowrcor,940135,0.6538461624429777,0.7391304445007573
meant1knowrcor,940136,0.6538461624429777,0.7391304445007573
meant1knowrcor,940137,0.6538461624429777,0.7391304445007573
meant1knowrcor,940138,0.6538461624429777,0.7391304445007573
meant1knowrcor,940139,0.6538461624429777,0.7391304445007573
meant1knowrcor,940140,0.6538461624429777,0.7391304445007573
meant1knowrcor,940141,0.6538461624429777,0.7391304445007573
meant1knowrcor,940142,0.6538461624429777,0.7391304445007573
meant1knowrcor,940143,0.6538461624429777,0.7391304445007573
meant1knowrcor,940145,0.6538461624429777,0.7391304445007573
meant1knowrcor,940146,0.6419753164604858,0.6933333417773246
meant1knowrcor,940147,0.6419753164604858,0.6933333417773246
meant1knowrcor,940148,0.6419753164604858,0.6933333417773246
meant1knowrcor,940149,0.6419753164604858,0.6933333417773246
meant1knowrcor,940150,0.6419753164604858,0.6933333417773246
meant1knowrcor,940151,0.6419753164604858,0.6933333417773246
meant1knowrcor,940152,0.6419753164604858,0.6933333417773246
meant1knowrcor,940153,0.6419753164604858,0.6933333417773246
meant1knowrcor,940156,0.6419753164604858,0.6933333417773246
meant1knowrcor,940158,0.6419753164604858,0.6933333417773246
meant1knowrcor,940159,0.6419753164604858,0.6933333417773246
meant1knowrcor,940160,0.6419753164604858,0.6933333417773246
meant1knowrcor,940161,0.6419753164604858,0.6933333417773246
meant1knowrcor,940162,0.6419753164604858,0.6933333417773246
meant1knowrcor,940163,0.6419753164604858,0.6933333417773246
meant1knowrcor,940164,0.6419753164604858,0.6933333417773246
meant1knowrcor,940165,0.6419753164604858,0.6933333417773246
meant1knowrcor,940166,0.6419753164604858,0.6933333417773246
meant1knowrcor,940167,0.6419753164604858,0.6933333417773246
meant1knowrcor,940168,0.6419753164604858,0.6933333417773246
meant1knowrcor,940170,0.6419753164604858,0.6933333417773246
meant1knowrcor,940171,0.6419753164604858,0.6933333417773246
meant1knowrcor,940172,0.6419753164604858,0.6933333417773246
meant1knowrcor,940173,0.3000000037252903,0.6000000074505806
meant1knowrcor,940176,0.3000000037252903,0.6000000074505806
meant1knowrcor,940177,0.3000000037252903,0.6000000074505806
meant1knowrcor,940178,0.3000000037252903,0.6000000074505806
meant1knowrcor,940180,0.3000000037252903,0.6000000074505806
meant1knowrcor,940183,0.5730994230038242,0.6805555648170412
meant1knowrcor,940184,0.5730994230038242,0.6805555648170412
meant1knowrcor,940185,0.5730994230038242,0.6805555648170412
meant1knowrcor,940186,0.5730994230038242,0.6805555648170412
meant1knowrcor,940187,0.5730994230038242,0.6805555648170412
meant1knowrcor,940188,0.5730994230038242,0.6805555648170412
meant1knowrcor,940189,0.5730994230038242,0.6805555648170412
meant1knowrcor,940190,0.5730994230038242,0.6805555648170412
meant1knowrcor,940191,0.5730994230038242,0.6805555648170412
meant1knowrcor,940192,0.5730994230038242,0.6805555648170412
meant1knowrcor,940194,0.5730994230038242,0.6805555648170412
meant1knowrcor,940195,0.5730994230038242,0.6805555648170412
meant1knowrcor,940196,0.5730994230038242,0.6805555648170412
meant1knowrcor,940197,0.5730994230038242,0.6805555648170412
meant1knowrcor,940199,0.5730994230038242,0.6805555648170412
meant1knowrcor,940200,0.5730994230038242,0.6805555648170412
meant1knowrcor,940202,0.4853801221439713,0.6148148213823637
meant1knowrcor,940203,0.4853801221439713,0.6148148213823637
meant1knowrcor,940204,0.4853801221439713,0.6148148213823637
meant1knowrcor,940206,0.4853801221439713,0.6148148213823637
meant1knowrcor,940207,0.4853801221439713,0.6148148213823637
meant1knowrcor,940208,0.4853801221439713,0.6148148213823637
meant1knowrcor,940210,0.4853801221439713,0.6148148213823637
meant1knowrcor,940211,0.4853801221439713,0.6148148213823637
meant1knowrcor,940213,0.4853801221439713,0.6148148213823637
meant1knowrcor,940214,0.4853801221439713,0.6148148213823637
meant1knowrcor,940215,0.4853801221439713,0.6148148213823637
meant1knowrcor,940217,0.4853801221439713,0.6148148213823637
meant1knowrcor,940219,0.4853801221439713,0.6148148213823637
meant1knowrcor,940220,0.4853801221439713,0.6148148213823637
meant1knowrcor,940221,0.4347826180898625,0.5882353068274611
meant1knowrcor,940223,0.4347826180898625,0.5882353068274611
meant1knowrcor,940224,0.4347826180898625,0.5882353068274611
meant1knowrcor,940225,0.4347826180898625,0.5882353068274611
meant1knowrcor,940226,0.4347826180898625,0.5882353068274611
meant1knowrcor,940228,0.4347826180898625,0.5882353068274611
meant1knowrcor,940229,0.4347826180898625,0.5882353068274611
meant1knowrcor,940230,0.4347826180898625,0.5882353068274611
meant1knowrcor,940231,0.4347826180898625,0.5882353068274611
meant1knowrcor,940232,0.4347826180898625,0.5882353068274611
meant1knowrcor,940234,0.4347826180898625,0.5882353068274611
meant1knowrcor,940235,0.4347826180898625,0.5882353068274611
meant1knowrcor,940236,0.4347826180898625,0.5882353068274611
meant1knowrcor,940238,0.4347826180898625,0.5882353068274611
meant1knowrcor,940240,0.4347826180898625,0.5882353068274611
meant1knowrcor,940242,0.4347826180898625,0.5882353068274611
meant1knowrcor,940243,0.4347826180898625,0.5882353068274611
meant1knowrcor,940244,0.3703703749924898,0.49382716665665305
meant1knowrcor,940245,0.3703703749924898,0.49382716665665305
meant1knowrcor,940246,0.3703703749924898,0.49382716665665305
meant1knowrcor,940249,0.3703703749924898,0.49382716665665305
meant1knowrcor,940250,0.3703703749924898,0.49382716665665305
meant1knowrcor,940251,0.3703703749924898,0.49382716665665305
meant1knowrcor,940253,0.3703703749924898,0.49382716665665305
meant1knowrcor,940254,0.3703703749924898,0.49382716665665305
meant1knowrcor,940255,0.3703703749924898,0.49382716665665305
meant1knowrcor,940257,0.4444444544613361,0.5555555680766702
meant1knowrcor,940258,0.4444444544613361,0.5555555680766702
meant1knowrcor,940259,0.4444444544613361,0.5555555680766702
meant1knowrcor,940260,0.4444444544613361,0.5555555680766702
meant1knowrcor,940261,0.4444444544613361,0.5555555680766702
meant1knowrcor,940262,0.4444444544613361,0.5555555680766702
meant1knowrcor,940263,0.4444444544613361,0.5555555680766702
meant1knowrcor,940267,0.4944444514811039,0.706349216401577
meant1knowrcor,940268,0.4944444514811039,0.706349216401577
meant1knowrcor,940270,0.4944444514811039,0.706349216401577
meant1knowrcor,940272,0.4944444514811039,0.706349216401577
meant1knowrcor,940273,0.4944444514811039,0.706349216401577
meant1knowrcor,940275,0.4944444514811039,0.706349216401577
meant1knowrcor,940276,0.4944444514811039,0.706349216401577
meant1knowrcor,940277,0.4944444514811039,0.706349216401577
meant1knowrcor,940278,0.4944444514811039,0.706349216401577
meant1knowrcor,940279,0.4944444514811039,0.706349216401577
meant1knowrcor,940280,0.4944444514811039,0.706349216401577
meant1knowrcor,940281,0.4944444514811039,0.706349216401577
meant1knowrcor,940282,0.4944444514811039,0.706349216401577
meant1knowrcor,940285,0.4944444514811039,0.706349216401577
meant1knowrcor,940286,0.5952380991407803,0.7575757625428113
meant1knowrcor,940287,0.5952380991407803,0.7575757625428113
meant1knowrcor,940288,0.5952380991407803,0.7575757625428113
meant1knowrcor,940291,0.5952380991407803,0.7575757625428113
meant1knowrcor,940292,0.5952380991407803,0.7575757625428113
meant1knowrcor,940293,0.5952380991407803,0.7575757625428113
meant1knowrcor,940294,0.5952380991407803,0.7575757625428113
meant1knowrcor,940295,0.5952380991407803,0.7575757625428113
meant1knowrcor,940296,0.5952380991407803,0.7575757625428113
meant1knowrcor,940297,0.5952380991407803,0.7575757625428113
meant1knowrcor,940299,0.5952380991407803,0.7575757625428113
meant1knowcor_ind,940001,0.6868686960502104,0.7566137666697109
meant1knowcor_ind,940002,0.6868686960502104,0.7566137666697109
meant1knowcor_ind,940003,0.6919192007996819,0.7616642714191824
meant1knowcor_ind,940004,0.6919192007996819,0.7616642714191824
meant1knowcor_ind,940005,0.6868686960502104,0.7566137666697109
meant1knowcor_ind,940006,0.7121212211522189,0.7818662917717194
meant1knowcor_ind,940007,0.6919192007996819,0.7616642714191824
meant1knowcor_ind,940009,0.6919192007996819,0.7616642714191824
meant1knowcor_ind,940010,0.6969697055491534,0.7667147761686539
meant1knowcor_ind,940011,0.6969697055491534,0.7667147761686539
meant1knowcor_ind,940012,0.7070707150480964,0.7768157856675969
meant1knowcor_ind,940014,0.7070707150480964,0.7768157856675969
meant1knowcor_ind,940015,0.7020202102986249,0.7717652809181254
meant1knowcor_ind,940016,0.6969697055491534,0.7667147761686539
meant1knowcor_ind,940017,0.6868686960502104,0.7566137666697109
meant1knowcor_ind,940018,0.6919192007996819,0.7616642714191824
meant1knowcor_ind,940019,0.6969697055491534,0.7667147761686539
meant1knowcor_ind,940020,0.7020202102986249,0.7717652809181254
meant1knowcor_ind,940021,0.7171717259016904,0.7869167965211908
meant1knowcor_ind,940022,0.6919192007996819,0.7616642714191824
meant1knowcor_ind,940023,0.7121212211522189,0.7818662917717194
meant1knowcor_ind,940024,0.7555555656552315,0.7555555656552315
meant1knowcor_ind,940025,0.7466666772961617,0.7466666772961617
meant1knowcor_ind,940026,0.7511111214756966,0.7511111214756966
meant1knowcor_ind,940027,0.7422222331166267,0.7422222331166267
meant1knowcor_ind,940028,0.7422222331166267,0.7422222331166267
meant1knowcor_ind,940029,0.7466666772961617,0.7466666772961617
meant1knowcor_ind,940030,0.7555555656552315,0.7555555656552315
meant1knowcor_ind,940031,0.7777777886390687,0.7777777886390687
meant1knowcor_ind,940032,0.7466666772961617,0.7466666772961617
meant1knowcor_ind,940033,0.7555555656552315,0.7555555656552315
meant1knowcor_ind,940034,0.7422222331166267,0.7422222331166267
meant1knowcor_ind,940035,0.7555555656552315,0.7555555656552315
meant1knowcor_ind,940036,0.7422222331166267,0.7422222331166267
meant1knowcor_ind,940037,0.7466666772961617,0.7466666772961617
meant1knowcor_ind,940038,0.7422222331166267,0.7422222331166267
meant1knowcor_ind,940039,0.7422222331166267,0.7422222331166267
meant1knowcor_ind,940040,0.7644444552063941,0.7644444552063941
meant1knowcor_ind,940041,0.7555555656552315,0.7555555656552315
meant1knowcor_ind,940042,0.7466666772961617,0.7466666772961617
meant1knowcor_ind,940043,0.7555555656552315,0.7555555656552315
meant1knowcor_ind,940044,0.7555555656552315,0.7555555656552315
meant1knowcor_ind,940045,0.7600000098347663,0.7600000098347663
meant1knowcor_ind,940046,0.7511111214756966,0.7511111214756966
meant1knowcor_ind,940047,0.7511111214756966,0.7511111214756966
meant1knowcor_ind,940048,0.7644444552063941,0.7644444552063941
meant1knowcor_ind,940049,0.7600000098347663,0.7600000098347663
meant1knowcor_ind,940050,0.6231884165950443,0.6820377808785721
meant1knowcor_ind,940051,0.6086956638356914,0.6675450281192192
meant1knowcor_ind,940052,0.6473430071188055,0.7061923714023335
meant1knowcor_ind,940053,0.6135265814221423,0.6723759457056702
meant1knowcor_ind,940054,0.6231884165950443,0.6820377808785721
meant1knowcor_ind,940055,0.6086956638356914,0.6675450281192192
meant1knowcor_ind,940056,0.6183574990085934,0.6772068632921212
meant1knowcor_ind,940057,0.6038647462492404,0.6627141105327682
meant1knowcor_ind,940059,0.6038647462492404,0.6627141105327682
meant1knowcor_ind,940060,0.637681171298027,0.6965305355815549
meant1knowcor_ind,940061,0.6086956638356914,0.6675450281192192
meant1knowcor_ind,940062,0.637681171298027,0.6965305355815549
meant1knowcor_ind,940063,0.6135265814221423,0.6723759457056702
meant1knowcor_ind,940064,0.6086956638356914,0.6675450281192192
meant1knowcor_ind,940065,0.6183574990085934,0.6772068632921212
meant1knowcor_ind,940066,0.6086956638356914,0.6675450281192192
meant1knowcor_ind,940067,0.6183574990085934,0.6772068632921212
meant1knowcor_ind,940069,0.6183574990085934,0.6772068632921212
meant1knowcor_ind,940070,0.6183574990085934,0.6772068632921212
meant1knowcor_ind,940071,0.6231884165950443,0.6820377808785721
meant1knowcor_ind,940072,0.6231884165950443,0.6820377808785721
meant1knowcor_ind,940073,0.6086956638356914,0.6675450281192192
meant1knowcor_ind,940074,0.6491228142067006,0.7719298330807464
meant1knowcor_ind,940075,0.6549707670745096,0.7777777859485555
meant1knowcor_ind,940076,0.6666666728101278,0.7894736916841737
meant1knowcor_ind,940077,0.6608187199423188,0.7836257388163645
meant1knowcor_ind,940078,0.6491228142067006,0.7719298330807464
meant1knowcor_ind,940079,0.6666666728101278,0.7894736916841737
meant1knowcor_ind,940080,0.6491228142067006,0.7719298330807464
meant1knowcor_ind,940081,0.6432748613388914,0.7660818802129373
meant1knowcor_ind,940083,0.6432748613388914,0.7660818802129373
meant1knowcor_ind,940085,0.6432748613388914,0.7660818802129373
meant1knowcor_ind,940086,0.6725146272464803,0.795321646120526
meant1knowcor_ind,940087,0.6432748613388914,0.7660818802129373
meant1knowcor_ind,940088,0.6491228142067006,0.7719298330807464
meant1knowcor_ind,940089,0.6608187199423188,0.7836257388163645
meant1knowcor_ind,940090,0.6432748613388914,0.7660818802129373
meant1knowcor_ind,940091,0.6491228142067006,0.7719298330807464
meant1knowcor_ind,940093,0.690058487026315,0.8128655059003608
meant1knowcor_ind,940094,0.6755555653572083,0.7340740847587586
meant1knowcor_ind,940095,0.6666666769981384,0.7251851963996887
meant1knowcor_ind,940096,0.6755555653572083,0.7340740847587586
meant1knowcor_ind,940097,0.6755555653572083,0.7340740847587586
meant1knowcor_ind,940098,0.6933333438634872,0.7518518632650375
meant1knowcor_ind,940099,0.6622222328186035,0.7207407522201538
meant1knowcor_ind,940101,0.6711111211776734,0.7296296405792236
meant1knowcor_ind,940102,0.6711111211776734,0.7296296405792236
meant1knowcor_ind,940103,0.6622222328186035,0.7207407522201538
meant1knowcor_ind,940104,0.6755555653572083,0.7340740847587586
meant1knowcor_ind,940105,0.6755555653572083,0.7340740847587586
meant1knowcor_ind,940106,0.6666666769981384,0.7251851963996887
meant1knowcor_ind,940107,0.6622222328186035,0.7207407522201538
meant1knowcor_ind,940108,0.684444454908371,0.7429629743099213
meant1knowcor_ind,940109,0.6755555653572083,0.7340740847587586
meant1knowcor_ind,940110,0.6666666769981384,0.7251851963996887
meant1knowcor_ind,940112,0.6711111211776734,0.7296296405792236
meant1knowcor_ind,940113,0.6622222328186035,0.7207407522201538
meant1knowcor_ind,940114,0.6622222328186035,0.7207407522201538
meant1knowcor_ind,940115,0.6755555653572083,0.7340740847587586
meant1knowcor_ind,940116,0.6800000095367431,0.7385185289382935
meant1knowcor_ind,940117,0.6711111211776734,0.7296296405792236
meant1knowcor_ind,940118,0.6933333438634872,0.7518518632650375
meant1knowcor_ind,940119,0.6755555653572083,0.7340740847587586
meant1knowcor_ind,940120,0.6444444531202316,0.7331401064603225
meant1knowcor_ind,940121,0.6444444531202316,0.7331401064603225
meant1knowcor_ind,940122,0.6400000089406968,0.7286956622807875
meant1knowcor_ind,940123,0.6533333414793014,0.7420289948193922
meant1knowcor_ind,940124,0.6444444531202316,0.7331401064603225
meant1knowcor_ind,940125,0.6444444531202316,0.7331401064603225
meant1knowcor_ind,940126,0.6444444531202316,0.7331401064603225
meant1knowcor_ind,940127,0.6488888972997665,0.7375845506398574
meant1knowcor_ind,940129,0.6577777856588364,0.7464734389989272
meant1knowcor_ind,940131,0.6533333414793014,0.7420289948193922
meant1knowcor_ind,940133,0.6444444531202316,0.7331401064603225
meant1knowcor_ind,940134,0.6488888972997665,0.7375845506398574
meant1knowcor_ind,940135,0.6488888972997665,0.7375845506398574
meant1knowcor_ind,940136,0.6622222310304642,0.750917884370555
meant1knowcor_ind,940137,0.6400000089406968,0.7286956622807875
meant1knowcor_ind,940138,0.6488888972997665,0.7375845506398574
meant1knowcor_ind,940139,0.6488888972997665,0.7375845506398574
meant1knowcor_ind,940140,0.6444444531202316,0.7331401064603225
meant1knowcor_ind,940141,0.6577777856588364,0.7464734389989272
meant1knowcor_ind,940142,0.6400000089406968,0.7286956622807875
meant1knowcor_ind,940143,0.6488888972997665,0.7375845506398574
meant1knowcor_ind,940145,0.6711111199855805,0.7598067733256713
meant1knowcor_ind,940146,0.6324786403431342,0.6858119743260053
meant1knowcor_ind,940147,0.6282051363243506,0.6815384703072217
meant1knowcor_ind,940148,0.6324786403431342,0.6858119743260053
meant1knowcor_ind,940149,0.6324786403431342,0.6858119743260053
meant1knowcor_ind,940150,0.6623931704805448,0.7157265044634158
meant1knowcor_ind,940151,0.6324786403431342,0.6858119743260053
meant1knowcor_ind,940152,0.6410256483807013,0.6943589823635724
meant1knowcor_ind,940153,0.6324786403431342,0.6858119743260053
meant1knowcor_ind,940156,0.6581196661752003,0.7114530001580714
meant1knowcor_ind,940158,0.6410256483807013,0.6943589823635724
meant1knowcor_ind,940159,0.6282051363243506,0.6815384703072217
meant1knowcor_ind,940160,0.6410256483807013,0.6943589823635724
meant1knowcor_ind,940161,0.6282051363243506,0.6815384703072217
meant1knowcor_ind,940162,0.6282051363243506,0.6815384703072217
meant1knowcor_ind,940163,0.6367521443619177,0.6900854783447888
meant1knowcor_ind,940164,0.6538461615832952,0.7071794955661663
meant1knowcor_ind,940165,0.6324786403431342,0.6858119743260053
meant1knowcor_ind,940166,0.6324786403431342,0.6858119743260053
meant1knowcor_ind,940167,0.6452991523994849,0.698632486382356
meant1knowcor_ind,940168,0.6410256483807013,0.6943589823635724
meant1knowcor_ind,940170,0.6367521443619177,0.6900854783447888
meant1knowcor_ind,940171,0.6410256483807013,0.6943589823635724
meant1knowcor_ind,940172,0.6282051363243506,0.6815384703072217
meant1knowcor_ind,940173,0.2716049394673771,0.6049382769399219
meant1knowcor_ind,940176,0.32098765836821663,0.6543209958407614
meant1knowcor_ind,940177,0.28395062105523217,0.617283958527777
meant1knowcor_ind,940178,0.22222222636143366,0.5555555638339784
meant1knowcor_ind,940180,0.23456790463791954,0.5679012421104643
meant1knowcor_ind,940183,0.5493827242818144,0.6628086517513212
meant1knowcor_ind,940184,0.5493827242818144,0.6628086517513212
meant1knowcor_ind,940185,0.5617284025583004,0.6751543300278071
meant1knowcor_ind,940186,0.5493827242818144,0.6628086517513212
meant1knowcor_ind,940187,0.5679012416965432,0.6813271691660501
meant1knowcor_ind,940188,0.5802469216287137,0.6936728490982205
meant1knowcor_ind,940189,0.5679012416965432,0.6813271691660501
meant1knowcor_ind,940190,0.5740740808347862,0.6875000083042929
meant1knowcor_ind,940191,0.5925926007330419,0.7060185282025486
meant1knowcor_ind,940192,0.5493827242818144,0.6628086517513212
meant1knowcor_ind,940194,0.5679012416965432,0.6813271691660501
meant1knowcor_ind,940195,0.5864197607669567,0.6998456882364634
meant1knowcor_ind,940196,0.5617284025583004,0.6751543300278071
meant1knowcor_ind,940197,0.5555555634200574,0.6689814908895642
meant1knowcor_ind,940199,0.598765440285206,0.7121913677547127
meant1knowcor_ind,940200,0.5617284025583004,0.6751543300278071
meant1knowcor_ind,940202,0.4629629680679904,0.5995884839307379
meant1knowcor_ind,940203,0.506172844933139,0.6427983607958865
meant1knowcor_ind,940204,0.45679012892974746,0.593415644792495
meant1knowcor_ind,940206,0.48765432627664673,0.6242798421393942
meant1knowcor_ind,940207,0.45679012892974746,0.593415644792495
meant1knowcor_ind,940208,0.5000000053809749,0.6366255212437224
meant1knowcor_ind,940210,0.4753086463444763,0.6119341622072239
meant1knowcor_ind,940211,0.4691358072062333,0.6057613230689809
meant1knowcor_ind,940213,0.4691358072062333,0.6057613230689809
meant1knowcor_ind,940214,0.48765432627664673,0.6242798421393942
meant1knowcor_ind,940215,0.49382716541488964,0.6304526812776372
meant1knowcor_ind,940217,0.4691358072062333,0.6057613230689809
meant1knowcor_ind,940219,0.45679012892974746,0.593415644792495
meant1knowcor_ind,940220,0.4691358072062333,0.6057613230689809
meant1knowcor_ind,940221,0.43939394876360893,0.5998217597165529
meant1knowcor_ind,940223,0.41919192841107195,0.5796197393640159
meant1knowcor_ind,940224,0.41919192841107195,0.5796197393640159
meant1knowcor_ind,940225,0.42929293791001494,0.5897207488629589
meant1knowcor_ind,940226,0.41919192841107195,0.5796197393640159
meant1knowcor_ind,940228,0.43434344401413744,0.5947712549670814
meant1knowcor_ind,940229,0.43939394876360893,0.5998217597165529
meant1knowcor_ind,940230,0.41919192841107195,0.5796197393640159
meant1knowcor_ind,940231,0.42929293791001494,0.5897207488629589
meant1knowcor_ind,940232,0.42929293791001494,0.5897207488629589
meant1knowcor_ind,940234,0.43939394876360893,0.5998217597165529
meant1knowcor_ind,940235,0.43434344401413744,0.5947712549670814
meant1knowcor_ind,940236,0.42424243316054344,0.5846702441134874
meant1knowcor_ind,940238,0.40909091891212895,0.5695187298650729
meant1knowcor_ind,940240,0.44949495927854016,0.6099227702314841
meant1knowcor_ind,940242,0.40909091891212895,0.5695187298650729
meant1knowcor_ind,940243,0.42929293791001494,0.5897207488629589
meant1knowcor_ind,940244,0.3535353561693972,0.48821549253030255
meant1knowcor_ind,940245,0.40404040908271616,0.5387205454436216
meant1knowcor_ind,940246,0.40404040908271616,0.5387205454436216
meant1knowcor_ind,940249,0.38383838873017917,0.5185185250910845
meant1knowcor_ind,940250,0.3333333371715112,0.4680134735324166
meant1knowcor_ind,940251,0.3131313181736253,0.44781145453453064
meant1knowcor_ind,940253,0.3232323276725682,0.45791246403347363
meant1knowcor_ind,940254,0.3232323276725682,0.45791246403347363
meant1knowcor_ind,940255,0.3939393989064477,0.5286195352673531
meant1knowcor_ind,940257,0.48148149251937866,0.6049382854253054
meant1knowcor_ind,940258,0.4197530953420533,0.54320988824798
meant1knowcor_ind,940259,0.43209877361853916,0.5555555665244659
meant1knowcor_ind,940260,0.43209877361853916,0.5555555665244659
meant1knowcor_ind,940261,0.3827160605125957,0.5061728534185224
meant1knowcor_ind,940262,0.3950617387890816,0.5185185316950083
meant1knowcor_ind,940263,0.4197530953420533,0.54320988824798
meant1knowcor_ind,940267,0.4795321704525697,0.7025898177372781
meant1knowcor_ind,940268,0.4853801233203788,0.7084377706050873
meant1knowcor_ind,940270,0.4736842175847606,0.6967418648694691
meant1knowcor_ind,940272,0.4736842175847606,0.6967418648694691
meant1knowcor_ind,940273,0.49122807618818787,0.7142857234728964
meant1knowcor_ind,940275,0.5029239834923493,0.7259816307770578
meant1knowcor_ind,940276,0.4736842175847606,0.6967418648694691
meant1knowcor_ind,940277,0.46783626471695144,0.69089391200166
meant1knowcor_ind,940278,0.50877193714443,0.7318295844291386
meant1knowcor_ind,940279,0.4795321704525697,0.7025898177372781
meant1knowcor_ind,940280,0.4736842175847606,0.6967418648694691
meant1knowcor_ind,940281,0.46783626471695144,0.69089391200166
meant1knowcor_ind,940282,0.5029239834923493,0.7259816307770578
meant1knowcor_ind,940285,0.4853801233203788,0.7084377706050873
meant1knowcor_ind,940286,0.5726495763430228,0.7474747523144409
meant1knowcor_ind,940287,0.58119658438059,0.7560217603520081
meant1knowcor_ind,940288,0.6153846188233449,0.7902097947947629
meant1knowcor_ind,940291,0.5726495763430228,0.7474747523144409
meant1knowcor_ind,940292,0.5641025683054557,0.7389277442768738
meant1knowcor_ind,940293,0.5641025683054557,0.7389277442768738
meant1knowcor_ind,940294,0.6068376107857778,0.7816627867571958
meant1knowcor_ind,940295,0.5726495763430228,0.7474747523144409
meant1knowcor_ind,940296,0.5641025683054557,0.7389277442768738
meant1knowcor_ind,940297,0.6239316280071552,0.7987568039785733
meant1knowcor_ind,940299,0.5726495763430228,0.7474747523144409
meant2know,940001,0.8115942089453988,0.8484848548065532
meant2know,940002,0.8115942089453988,0.8484848548065532
meant2know,940003,0.8115942089453988,0.8484848548065532
meant2know,940004,0.8115942089453988,0.8484848548065532
meant2know,940005,0.8115942089453988,0.8484848548065532
meant2know,940006,0.8115942089453988,0.8484848548065532
meant2know,940007,0.8115942089453988,0.8484848548065532
meant2know,940009,0.8115942089453988,0.8484848548065532
meant2know,940010,0.8115942089453988,0.8484848548065532
meant2know,940011,0.8115942089453988,0.8484848548065532
meant2know,940012,0.8115942089453988,0.8484848548065532
meant2know,940014,0.8115942089453988,0.8484848548065532
meant2know,940015,0.8115942089453988,0.8484848548065532
meant2know,940016,0.8115942089453988,0.8484848548065532
meant2know,940017,0.8115942089453988,0.8484848548065532
meant2know,940018,0.8115942089453988,0.8484848548065532
meant2know,940019,0.8115942089453988,0.8484848548065532
meant2know,940020,0.8115942089453988,0.8484848548065532
meant2know,940021,0.8115942089453988,0.8484848548065532
meant2know,940022,0.8115942089453988,0.8484848548065532
meant2know,940023,0.8115942089453988,0.8484848548065532
meant2know,940024,0.8376068461399812,0.8376068461399812
meant2know,940025,0.8376068461399812,0.8376068461399812
meant2know,940026,0.8376068461399812,0.8376068461399812
meant2know,940027,0.8376068461399812,0.8376068461399812
meant2know,940028,0.8376068461399812,0.8376068461399812
meant2know,940029,0.8376068461399812,0.8376068461399812
meant2know,940030,0.8376068461399812,0.8376068461399812
meant2know,940031,0.8376068461399812,0.8376068461399812
meant2know,940032,0.8376068461399812,0.8376068461399812
meant2know,940033,0.8376068461399812,0.8376068461399812
meant2know,940034,0.8376068461399812,0.8376068461399812
meant2know,940035,0.8376068461399812,0.8376068461399812
meant2know,940036,0.8376068461399812,0.8376068461399812
meant2know,940037,0.8376068461399812,0.8376068461399812
meant2know,940038,0.8376068461399812,0.8376068461399812
meant2know,940039,0.8376068461399812,0.8376068461399812
meant2know,940040,0.8376068461399812,0.8376068461399812
meant2know,940041,0.8376068461399812,0.8376068461399812
meant2know,940042,0.8376068461399812,0.8376068461399812
meant2know,940043,0.8376068461399812,0.8376068461399812
meant2know,940044,0.8376068461399812,0.8376068461399812
meant2know,940045,0.8376068461399812,0.8376068461399812
meant2know,940046,0.8376068461399812,0.8376068461399812
meant2know,940047,0.8376068461399812,0.8376068461399812
meant2know,940048,0.8376068461399812,0.8376068461399812
meant2know,940049,0.8376068461399812,0.8376068461399812
meant2know,940050,0.7638888955116272,0.8333333405581388
meant2know,940051,0.7638888955116272,0.8333333405581388
meant2know,940052,0.7638888955116272,0.8333333405581388
meant2know,940053,0.7638888955116272,0.8333333405581388
meant2know,940054,0.7638888955116272,0.8333333405581388
meant2know,940055,0.7638888955116272,0.8333333405581388
meant2know,940056,0.7638888955116272,0.8333333405581388
meant2know,940057,0.7638888955116272,0.8333333405581388
meant2know,940059,0.7638888955116272,0.8333333405581388
meant2know,940060,0.7638888955116272,0.8333333405581388
meant2know,940061,0.7638888955116272,0.8333333405581388
meant2know,940062,0.7638888955116272,0.8333333405581388
meant2know,940063,0.7638888955116272,0.8333333405581388
meant2know,940064,0.7638888955116272,0.8333333405581388
meant2know,940065,0.7638888955116272,0.8333333405581388
meant2know,940066,0.7638888955116272,0.8333333405581388
meant2know,940067,0.7638888955116272,0.8333333405581388
meant2know,940069,0.7638888955116272,0.8333333405581388
meant2know,940070,0.7638888955116272,0.8333333405581388
meant2know,940071,0.7638888955116272,0.8333333405581388
meant2know,940072,0.7638888955116272,0.8333333405581388
meant2know,940073,0.7638888955116272,0.8333333405581388
meant2know,940074,0.772222227230668,0.8580246969229646
meant2know,940075,0.772222227230668,0.8580246969229646
meant2know,940076,0.772222227230668,0.8580246969229646
meant2know,940077,0.772222227230668,0.8580246969229646
meant2know,940078,0.772222227230668,0.8580246969229646
meant2know,940079,0.772222227230668,0.8580246969229646
meant2know,940080,0.772222227230668,0.8580246969229646
meant2know,940081,0.772222227230668,0.8580246969229646
meant2know,940083,0.772222227230668,0.8580246969229646
meant2know,940085,0.772222227230668,0.8580246969229646
meant2know,940086,0.772222227230668,0.8580246969229646
meant2know,940087,0.772222227230668,0.8580246969229646
meant2know,940088,0.772222227230668,0.8580246969229646
meant2know,940089,0.772222227230668,0.8580246969229646
meant2know,940090,0.772222227230668,0.8580246969229646
meant2know,940091,0.772222227230668,0.8580246969229646
meant2know,940093,0.772222227230668,0.8580246969229646
meant2know,940094,0.8418803478662784,0.8755555617809295
meant2know,940095,0.8418803478662784,0.8755555617809295
meant2know,940096,0.8418803478662784,0.8755555617809295
meant2know,940097,0.8418803478662784,0.8755555617809295
meant2know,940098,0.8418803478662784,0.8755555617809295
meant2know,940099,0.8418803478662784,0.8755555617809295
meant2know,940101,0.8418803478662784,0.8755555617809295
meant2know,940102,0.8418803478662784,0.8755555617809295
meant2know,940103,0.8418803478662784,0.8755555617809295
meant2know,940104,0.8418803478662784,0.8755555617809295
meant2know,940105,0.8418803478662784,0.8755555617809295
meant2know,940106,0.8418803478662784,0.8755555617809295
meant2know,940107,0.8418803478662784,0.8755555617809295
meant2know,940108,0.8418803478662784,0.8755555617809295
meant2know,940109,0.8418803478662784,0.8755555617809295
meant2know,940110,0.8418803478662784,0.8755555617809295
meant2know,940112,0.8418803478662784,0.8755555617809295
meant2know,940113,0.8418803478662784,0.8755555617809295
meant2know,940114,0.8418803478662784,0.8755555617809295
meant2know,940115,0.8418803478662784,0.8755555617809295
meant2know,940116,0.8418803478662784,0.8755555617809295
meant2know,940117,0.8418803478662784,0.8755555617809295
meant2know,940118,0.8418803478662784,0.8755555617809295
meant2know,940119,0.8418803478662784,0.8755555617809295
meant2know,940120,0.7393162462573785,0.8009259334454933
meant2know,940121,0.7393162462573785,0.8009259334454933
meant2know,940122,0.7393162462573785,0.8009259334454933
meant2know,940123,0.7393162462573785,0.8009259334454933
meant2know,940124,0.7393162462573785,0.8009259334454933
meant2know,940125,0.7393162462573785,0.8009259334454933
meant2know,940126,0.7393162462573785,0.8009259334454933
meant2know,940127,0.7393162462573785,0.8009259334454933
meant2know,940129,0.7393162462573785,0.8009259334454933
meant2know,940131,0.7393162462573785,0.8009259334454933
meant2know,940133,0.7393162462573785,0.8009259334454933
meant2know,940134,0.7393162462573785,0.8009259334454933
meant2know,940135,0.7393162462573785,0.8009259334454933
meant2know,940136,0.7393162462573785,0.8009259334454933
meant2know,940137,0.7393162462573785,0.8009259334454933
meant2know,940138,0.7393162462573785,0.8009259334454933
meant2know,940139,0.7393162462573785,0.8009259334454933
meant2know,940140,0.7393162462573785,0.8009259334454933
meant2know,940141,0.7393162462573785,0.8009259334454933
meant2know,940142,0.7393162462573785,0.8009259334454933
meant2know,940143,0.7393162462573785,0.8009259334454933
meant2know,940145,0.7393162462573785,0.8009259334454933
meant2know,940146,0.7160493888788753,0.7733333399891853
meant2know,940147,0.7160493888788753,0.7733333399891853
meant2know,940148,0.7160493888788753,0.7733333399891853
meant2know,940149,0.7160493888788753,0.7733333399891853
meant2know,940150,0.7160493888788753,0.7733333399891853
meant2know,940151,0.7160493888788753,0.7733333399891853
meant2know,940152,0.7160493888788753,0.7733333399891853
meant2know,940153,0.7160493888788753,0.7733333399891853
meant2know,940156,0.7160493888788753,0.7733333399891853
meant2know,940158,0.7160493888788753,0.7733333399891853
meant2know,940159,0.7160493888788753,0.7733333399891853
meant2know,940160,0.7160493888788753,0.7733333399891853
meant2know,940161,0.7160493888788753,0.7733333399891853
meant2know,940162,0.7160493888788753,0.7733333399891853
meant2know,940163,0.7160493888788753,0.7733333399891853
meant2know,940164,0.7160493888788753,0.7733333399891853
meant2know,940165,0.7160493888788753,0.7733333399891853
meant2know,940166,0.7160493888788753,0.7733333399891853
meant2know,940167,0.7160493888788753,0.7733333399891853
meant2know,940168,0.7160493888788753,0.7733333399891853
meant2know,940170,0.7160493888788753,0.7733333399891853
meant2know,940171,0.7160493888788753,0.7733333399891853
meant2know,940172,0.7160493888788753,0.7733333399891853
meant2know,940173,0.4555555611848831,0.7592592686414719
meant2know,940176,0.4555555611848831,0.7592592686414719
meant2know,940177,0.4555555611848831,0.7592592686414719
meant2know,940178,0.4555555611848831,0.7592592686414719
meant2know,940180,0.4555555611848831,0.7592592686414719
meant2know,940183,0.8304093668335363,0.8304093668335363
meant2know,940184,0.8304093668335363,0.8304093668335363
meant2know,940185,0.8304093668335363,0.8304093668335363
meant2know,940186,0.8304093668335363,0.8304093668335363
meant2know,940187,0.8304093668335363,0.8304093668335363
meant2know,940188,0.8304093668335363,0.8304093668335363
meant2know,940189,0.8304093668335363,0.8304093668335363
meant2know,940190,0.8304093668335363,0.8304093668335363
meant2know,940191,0.8304093668335363,0.8304093668335363
meant2know,940192,0.8304093668335363,0.8304093668335363
meant2know,940194,0.8304093668335363,0.8304093668335363
meant2know,940195,0.8304093668335363,0.8304093668335363
meant2know,940196,0.8304093668335363,0.8304093668335363
meant2know,940197,0.8304093668335363,0.8304093668335363
meant2know,940199,0.8304093668335363,0.8304093668335363
meant2know,940200,0.8304093668335363,0.8304093668335363
meant2know,940202,0.6491228138145647,0.7708333414047956
meant2know,940203,0.6491228138145647,0.7708333414047956
meant2know,940204,0.6491228138145647,0.7708333414047956
meant2know,940206,0.6491228138145647,0.7708333414047956
meant2know,940207,0.6491228138145647,0.7708333414047956
meant2know,940208,0.6491228138145647,0.7708333414047956
meant2know,940210,0.6491228138145647,0.7708333414047956
meant2know,940211,0.6491228138145647,0.7708333414047956
meant2know,940213,0.6491228138145647,0.7708333414047956
meant2know,940214,0.6491228138145647,0.7708333414047956
meant2know,940215,0.6491228138145647,0.7708333414047956
meant2know,940217,0.6491228138145647,0.7708333414047956
meant2know,940219,0.6491228138145647,0.7708333414047956
meant2know,940220,0.6491228138145647,0.7708333414047956
meant2know,940221,0.5314009737061418,0.7189542585436035
meant2know,940223,0.5314009737061418,0.7189542585436035
meant2know,940224,0.5314009737061418,0.7189542585436035
meant2know,940225,0.5314009737061418,0.7189542585436035
meant2know,940226,0.5314009737061418,0.7189542585436035
meant2know,940228,0.5314009737061418,0.7189542585436035
meant2know,940229,0.5314009737061418,0.7189542585436035
meant2know,940230,0.5314009737061418,0.7189542585436035
meant2know,940231,0.5314009737061418,0.7189542585436035
meant2know,940232,0.5314009737061418,0.7189542585436035
meant2know,940234,0.5314009737061418,0.7189542585436035
meant2know,940235,0.5314009737061418,0.7189542585436035
meant2know,940236,0.5314009737061418,0.7189542585436035
meant2know,940238,0.5314009737061418,0.7189542585436035
meant2know,940240,0.5314009737061418,0.7189542585436035
meant2know,940242,0.5314009737061418,0.7189542585436035
meant2know,940243,0.5314009737061418,0.7189542585436035
meant2know,940244,0.546296302229166,0.6555555626749993
meant2know,940245,0.546296302229166,0.6555555626749993
meant2know,940246,0.546296302229166,0.6555555626749993
meant2know,940249,0.546296302229166,0.6555555626749993
meant2know,940250,0.546296302229166,0.6555555626749993
meant2know,940251,0.546296302229166,0.6555555626749993
meant2know,940253,0.546296302229166,0.6555555626749993
meant2know,940254,0.546296302229166,0.6555555626749993
meant2know,940255,0.546296302229166,0.6555555626749993
meant2know,940257,0.5222222283482552,0.652777785435319
meant2know,940258,0.5222222283482552,0.652777785435319
meant2know,940259,0.5222222283482552,0.652777785435319
meant2know,940260,0.5222222283482552,0.652777785435319
meant2know,940261,0.5222222283482552,0.652777785435319
meant2know,940262,0.5222222283482552,0.652777785435319
meant2know,940263,0.5222222283482552,0.652777785435319
meant2know,940267,0.688888893276453,0.8611111165955663
meant2know,940268,0.688888893276453,0.8611111165955663
meant2know,940270,0.688888893276453,0.8611111165955663
meant2know,940272,0.688888893276453,0.8611111165955663
meant2know,940273,0.688888893276453,0.8611111165955663
meant2know,940275,0.688888893276453,0.8611111165955663
meant2know,940276,0.688888893276453,0.8611111165955663
meant2know,940277,0.688888893276453,0.8611111165955663
meant2know,940278,0.688888893276453,0.8611111165955663
meant2know,940279,0.688888893276453,0.8611111165955663
meant2know,940280,0.688888893276453,0.8611111165955663
meant2know,940281,0.688888893276453,0.8611111165955663
meant2know,940282,0.688888893276453,0.8611111165955663
meant2know,940285,0.688888893276453,0.8611111165955663
meant2know,940286,0.6984127004231725,0.814814817160368
meant2know,940287,0.6984127004231725,0.814814817160368
meant2know,940288,0.6984127004231725,0.814814817160368
meant2know,940291,0.6984127004231725,0.814814817160368
meant2know,940292,0.6984127004231725,0.814814817160368
meant2know,940293,0.6984127004231725,0.814814817160368
meant2know,940294,0.6984127004231725,0.814814817160368
meant2know,940295,0.6984127004231725,0.814814817160368
meant2know,940296,0.6984127004231725,0.814814817160368
meant2know,940297,0.6984127004231725,0.814814817160368
meant2know,940299,0.6984127004231725,0.814814817160368
t1knowlevelcor,940001,0.5882571616449884,0.6952130092168044
t1knowlevelcor,940002,0.5882571616449884,0.6952130092168044
t1knowlevelcor,940003,0.5882571616449884,0.6952130092168044
t1knowlevelcor,940004,0.5882571616449884,0.6952130092168044
t1knowlevelcor,940005,0.5882571616449884,0.6952130092168044
t1knowlevelcor,940006,0.5882571616449884,0.6952130092168044
t1knowlevelcor,940007,0.5882571616449884,0.6952130092168044
t1knowlevelcor,940009,0.5882571616449884,0.6952130092168044
t1knowlevelcor,940010,0.5882571616449884,0.6952130092168044
t1knowlevelcor,940011,0.5882571616449884,0.6952130092168044
t1knowlevelcor,940012,0.5882571616449884,0.6952130092168044
t1knowlevelcor,940014,0.5882571616449884,0.6952130092168044
t1knowlevelcor,940015,0.5882571616449884,0.6952130092168044
t1knowlevelcor,940016,0.5882571616449884,0.6952130092168044
t1knowlevelcor,940017,0.5882571616449884,0.6952130092168044
t1knowlevelcor,940018,0.5882571616449884,0.6952130092168044
t1knowlevelcor,940019,0.5882571616449884,0.6952130092168044
t1knowlevelcor,940020,0.5882571616449884,0.6952130092168044
t1knowlevelcor,940021,0.5882571616449884,0.6952130092168044
t1knowlevelcor,940022,0.5882571616449884,0.6952130092168044
t1knowlevelcor,940023,0.5882571616449884,0.6952130092168044
t1knowlevelcor,940024,0.5882571616449884,0.6952130092168044
t1knowlevelcor,940025,0.5882571616449884,0.6952130092168044
t1knowlevelcor,940026,0.5882571616449884,0.6952130092168044
t1knowlevelcor,940027,0.5882571616449884,0.6952130092168044
t1knowlevelcor,940028,0.5882571616449884,0.6952130092168044
t1knowlevelcor,940029,0.5882571616449884,0.6952130092168044
t1knowlevelcor,940030,0.5882571616449884,0.6952130092168044
t1knowlevelcor,940031,0.5882571616449884,0.6952130092168044
t1knowlevelcor,940032,0.5882571616449884,0.6952130092168044
t1knowlevelcor,940033,0.5882571616449884,0.6952130092168044
t1knowlevelcor,940034,0.5882571616449884,0.6952130092168044
t1knowlevelcor,940035,0.5882571616449884,0.6952130092168044
t1knowlevelcor,940036,0.5882571616449884,0.6952130092168044
t1knowlevelcor,940037,0.5882571616449884,0.6952130092168044
t1knowlevelcor,940038,0.5882571616449884,0.6952130092168044
t1knowlevelcor,940039,0.5882571616449884,0.6952130092168044
t1knowlevelcor,940040,0.5882571616449884,0.6952130092168044
t1knowlevelcor,940041,0.5882571616449884,0.6952130092168044
t1knowlevelcor,940042,0.5882571616449884,0.6952130092168044
t1knowlevelcor,940043,0.5882571616449884,0.6952130092168044
t1knowlevelcor,940044,0.5882571616449884,0.6952130092168044
t1knowlevelcor,940045,0.5882571616449884,0.6952130092168044
t1knowlevelcor,940046,0.5882571616449884,0.6952130092168044
t1knowlevelcor,940047,0.5882571616449884,0.6952130092168044
t1knowlevelcor,940048,0.5882571616449884,0.6952130092168044
t1knowlevelcor,940049,0.5882571616449884,0.6952130092168044
t1knowlevelcor,940050,0.5882571616449884,0.6952130092168044
t1knowlevelcor,940051,0.5882571616449884,0.6952130092168044
t1knowlevelcor,940052,0.5882571616449884,0.6952130092168044
t1knowlevelcor,940053,0.5882571616449884,0.6952130092168044
t1knowlevelcor,940054,0.5882571616449884,0.6952130092168044
t1knowlevelcor,940055,0.5882571616449884,0.6952130092168044
t1knowlevelcor,940056,0.5882571616449884,0.6952130092168044
t1knowlevelcor,940057,0.5882571616449884,0.6952130092168044
t1knowlevelcor,940059,0.5882571616449884,0.6952130092168044
t1knowlevelcor,940060,0.5882571616449884,0.6952130092168044
t1knowlevelcor,940061,0.5882571616449884,0.6952130092168044
t1knowlevelcor,940062,0.5882571616449884,0.6952130092168044
t1knowlevelcor,940063,0.5882571616449884,0.6952130092168044
t1knowlevelcor,940064,0.5882571616449884,0.6952130092168044
t1knowlevelcor,940065,0.5882571616449884,0.6952130092168044
t1knowlevelcor,940066,0.5882571616449884,0.6952130092168044
t1knowlevelcor,940067,0.5882571616449884,0.6952130092168044
t1knowlevelcor,940069,0.5882571616449884,0.6952130092168044
t1knowlevelcor,940070,0.5882571616449884,0.6952130092168044
t1knowlevelcor,940071,0.5882571616449884,0.6952130092168044
t1knowlevelcor,940072,0.5882571616449884,0.6952130092168044
t1knowlevelcor,940073,0.5882571616449884,0.6952130092168044
t1knowlevelcor,940074,0.5882571616449884,0.6952130092168044
t1knowlevelcor,940075,0.5882571616449884,0.6952130092168044
t1knowlevelcor,940076,0.5882571616449884,0.6952130092168044
t1knowlevelcor,940077,0.5882571616449884,0.6952130092168044
t1knowlevelcor,940078,0.5882571616449884,0.6952130092168044
t1knowlevelcor,940079,0.5882571616449884,0.6952130092168044
t1knowlevelcor,940080,0.5882571616449884,0.6952130092168044
t1knowlevelcor,940081,0.5882571616449884,0.6952130092168044
t1knowlevelcor,940083,0.5882571616449884,0.6952130092168044
t1knowlevelcor,940085,0.5882571616449884,0.6952130092168044
t1knowlevelcor,940086,0.5882571616449884,0.6952130092168044
t1knowlevelcor,940087,0.5882571616449884,0.6952130092168044
t1knowlevelcor,940088,0.5882571616449884,0.6952130092168044
t1knowlevelcor,940089,0.5882571616449884,0.6952130092168044
t1knowlevelcor,940090,0.5882571616449884,0.6952130092168044
t1knowlevelcor,940091,0.5882571616449884,0.6952130092168044
t1knowlevelcor,940093,0.5882571616449884,0.6952130092168044
t1knowlevelcor,940094,0.5882571616449884,0.6952130092168044
t1knowlevelcor,940095,0.5882571616449884,0.6952130092168044
t1knowlevelcor,940096,0.5882571616449884,0.6952130092168044
t1knowlevelcor,940097,0.5882571616449884,0.6952130092168044
t1knowlevelcor,940098,0.5882571616449884,0.6952130092168044
t1knowlevelcor,940099,0.5882571616449884,0.6952130092168044
t1knowlevelcor,940101,0.5882571616449884,0.6952130092168044
t1knowlevelcor,940102,0.5882571616449884,0.6952130092168044
t1knowlevelcor,940103,0.5882571616449884,0.6952130092168044
t1knowlevelcor,940104,0.5882571616449884,0.6952130092168044
t1knowlevelcor,940105,0.5882571616449884,0.6952130092168044
t1knowlevelcor,940106,0.5882571616449884,0.6952130092168044
t1knowlevelcor,940107,0.5882571616449884,0.6952130092168044
t1knowlevelcor,940108,0.5882571616449884,0.6952130092168044
t1knowlevelcor,940109,0.5882571616449884,0.6952130092168044
t1knowlevelcor,940110,0.5882571616449884,0.6952130092168044
t1knowlevelcor,940112,0.5882571616449884,0.6952130092168044
t1knowlevelcor,940113,0.5882571616449884,0.6952130092168044
t1knowlevelcor,940114,0.5882571616449884,0.6952130092168044
t1knowlevelcor,940115,0.5882571616449884,0.6952130092168044
t1knowlevelcor,940116,0.5882571616449884,0.6952130092168044
t1knowlevelcor,940117,0.5882571616449884,0.6952130092168044
t1knowlevelcor,940118,0.5882571616449884,0.6952130092168044
t1knowlevelcor,940119,0.5882571616449884,0.6952130092168044
t1knowlevelcor,940120,0.5882571616449884,0.6952130092168044
t1knowlevelcor,940121,0.5882571616449884,0.6952130092168044
t1knowlevelcor,940122,0.5882571616449884,0.6952130092168044
t1knowlevelcor,940123,0.5882571616449884,0.6952130092168044
t1knowlevelcor,940124,0.5882571616449884,0.6952130092168044
t1knowlevelcor,940125,0.5882571616449884,0.6952130092168044
t1knowlevelcor,940126,0.5882571616449884,0.6952130092168044
t1knowlevelcor,940127,0.5882571616449884,0.6952130092168044
t1knowlevelcor,940129,0.5882571616449884,0.6952130092168044
t1knowlevelcor,940131,0.5882571616449884,0.6952130092168044
t1knowlevelcor,940133,0.5882571616449884,0.6952130092168044
t1knowlevelcor,940134,0.5882571616449884,0.6952130092168044
t1knowlevelcor,940135,0.5882571616449884,0.6952130092168044
t1knowlevelcor,940136,0.5882571616449884,0.6952130092168044
t1knowlevelcor,940137,0.5882571616449884,0.6952130092168044
t1knowlevelcor,940138,0.5882571616449884,0.6952130092168044
t1knowlevelcor,940139,0.5882571616449884,0.6952130092168044
t1knowlevelcor,940140,0.5882571616449884,0.6952130092168044
t1knowlevelcor,940141,0.5882571616449884,0.6952130092168044
t1knowlevelcor,940142,0.5882571616449884,0.6952130092168044
t1knowlevelcor,940143,0.5882571616449884,0.6952130092168044
t1knowlevelcor,940145,0.5882571616449884,0.6952130092168044
t1knowlevelcor,940146,0.5882571616449884,0.6952130092168044
t1knowlevelcor,940147,0.5882571616449884,0.6952130092168044
t1knowlevelcor,940148,0.5882571616449884,0.6952130092168044
t1knowlevelcor,940149,0.5882571616449884,0.6952130092168044
t1knowlevelcor,940150,0.5882571616449884,0.6952130092168044
t1knowlevelcor,940151,0.5882571616449884,0.6952130092168044
t1knowlevelcor,940152,0.5882571616449884,0.6952130092168044
t1knowlevelcor,940153,0.5882571616449884,0.6952130092168044
t1knowlevelcor,940156,0.5882571616449884,0.6952130092168044
t1knowlevelcor,940158,0.5882571616449884,0.6952130092168044
t1knowlevelcor,940159,0.5882571616449884,0.6952130092168044
t1knowlevelcor,940160,0.5882571616449884,0.6952130092168044
t1knowlevelcor,940161,0.5882571616449884,0.6952130092168044
t1knowlevelcor,940162,0.5882571616449884,0.6952130092168044
t1knowlevelcor,940163,0.5882571616449884,0.6952130092168044
t1knowlevelcor,940164,0.5882571616449884,0.6952130092168044
t1knowlevelcor,940165,0.5882571616449884,0.6952130092168044
t1knowlevelcor,940166,0.5882571616449884,0.6952130092168044
t1knowlevelcor,940167,0.5882571616449884,0.6952130092168044
t1knowlevelcor,940168,0.5882571616449884,0.6952130092168044
t1knowlevelcor,940170,0.5882571616449884,0.6952130092168044
t1knowlevelcor,940171,0.5882571616449884,0.6952130092168044
t1knowlevelcor,940172,0.5882571616449884,0.6952130092168044
t1knowlevelcor,940173,0.5882571616449884,0.6952130092168044
t1knowlevelcor,940176,0.5882571616449884,0.6952130092168044
t1knowlevelcor,940177,0.5882571616449884,0.6952130092168044
t1knowlevelcor,940178,0.5882571616449884,0.6952130092168044
t1knowlevelcor,940180,0.5882571616449884,0.6952130092168044
t1knowlevelcor,940183,0.5882571616449884,0.6952130092168044
t1knowlevelcor,940184,0.5882571616449884,0.6952130092168044
t1knowlevelcor,940185,0.5882571616449884,0.6952130092168044
t1knowlevelcor,940186,0.5882571616449884,0.6952130092168044
t1knowlevelcor,940187,0.5882571616449884,0.6952130092168044
t1knowlevelcor,940188,0.5882571616449884,0.6952130092168044
t1knowlevelcor,940189,0.5882571616449884,0.6952130092168044
t1knowlevelcor,940190,0.5882571616449884,0.6952130092168044
t1knowlevelcor,940191,0.5882571616449884,0.6952130092168044
t1knowlevelcor,940192,0.5882571616449884,0.6952130092168044
t1knowlevelcor,940194,0.5882571616449884,0.6952130092168044
t1knowlevelcor,940195,0.5882571616449884,0.6952130092168044
t1knowlevelcor,940196,0.5882571616449884,0.6952130092168044
t1knowlevelcor,940197,0.5882571616449884,0.6952130092168044
t1knowlevelcor,940199,0.5882571616449884,0.6952130092168044
t1knowlevelcor,940200,0.5882571616449884,0.6952130092168044
t1knowlevelcor,940202,0.5882571616449884,0.6952130092168044
t1knowlevelcor,940203,0.5882571616449884,0.6952130092168044
t1knowlevelcor,940204,0.5882571616449884,0.6952130092168044
t1knowlevelcor,940206,0.5882571616449884,0.6952130092168044
t1knowlevelcor,940207,0.5882571616449884,0.6952130092168044
t1knowlevelcor,940208,0.5882571616449884,0.6952130092168044
t1knowlevelcor,940210,0.5882571616449884,0.6952130092168044
t1knowlevelcor,940211,0.5882571616449884,0.6952130092168044
t1knowlevelcor,940213,0.5882571616449884,0.6952130092168044
t1knowlevelcor,940214,0.5882571616449884,0.6952130092168044
t1knowlevelcor,940215,0.5882571616449884,0.6952130092168044
t1knowlevelcor,940217,0.5882571616449884,0.6952130092168044
t1knowlevelcor,940219,0.5882571616449884,0.6952130092168044
t1knowlevelcor,940220,0.5882571616449884,0.6952130092168044
t1knowlevelcor,940221,0.5882571616449884,0.6952130092168044
t1knowlevelcor,940223,0.5882571616449884,0.6952130092168044
t1knowlevelcor,940224,0.5882571616449884,0.6952130092168044
t1knowlevelcor,940225,0.5882571616449884,0.6952130092168044
t1knowlevelcor,940226,0.5882571616449884,0.6952130092168044
t1knowlevelcor,940228,0.5882571616449884,0.6952130092168044
t1knowlevelcor,940229,0.5882571616449884,0.6952130092168044
t1knowlevelcor,940230,0.5882571616449884,0.6952130092168044
t1knowlevelcor,940231,0.5882571616449884,0.6952130092168044
t1knowlevelcor,940232,0.5882571616449884,0.6952130092168044
t1knowlevelcor,940234,0.5882571616449884,0.6952130092168044
t1knowlevelcor,940235,0.5882571616449884,0.6952130092168044
t1knowlevelcor,940236,0.5882571616449884,0.6952130092168044
t1knowlevelcor,940238,0.5882571616449884,0.6952130092168044
t1knowlevelcor,940240,0.5882571616449884,0.6952130092168044
t1knowlevelcor,940242,0.5882571616449884,0.6952130092168044
t1knowlevelcor,940243,0.5882571616449884,0.6952130092168044
t1knowlevelcor,940244,0.5882571616449884,0.6952130092168044
t1knowlevelcor,940245,0.5882571616449884,0.6952130092168044
t1knowlevelcor,940246,0.5882571616449884,0.6952130092168044
t1knowlevelcor,940249,0.5882571616449884,0.6952130092168044
t1knowlevelcor,940250,0.5882571616449884,0.6952130092168044
t1knowlevelcor,940251,0.5882571616449884,0.6952130092168044
t1knowlevelcor,940253,0.5882571616449884,0.6952130092168044
t1knowlevelcor,940254,0.5882571616449884,0.6952130092168044
t1knowlevelcor,940255,0.5882571616449884,0.6952130092168044
t1knowlevelcor,940257,0.5882571616449884,0.6952130092168044
t1knowlevelcor,940258,0.5882571616449884,0.6952130092168044
t1knowlevelcor,940259,0.5882571616449884,0.6952130092168044
t1knowlevelcor,940260,0.5882571616449884,0.6952130092168044
t1knowlevelcor,940261,0.5882571616449884,0.6952130092168044
t1knowlevelcor,940262,0.5882571616449884,0.6952130092168044
t1knowlevelcor,940263,0.5882571616449884,0.6952130092168044
t1knowlevelcor,940267,0.5882571616449884,0.6952130092168044
t1knowlevelcor,940268,0.5882571616449884,0.6952130092168044
t1knowlevelcor,940270,0.5882571616449884,0.6952130092168044
t1knowlevelcor,940272,0.5882571616449884,0.6952130092168044
t1knowlevelcor,940273,0.5882571616449884,0.6952130092168044
t1knowlevelcor,940275,0.5882571616449884,0.6952130092168044
t1knowlevelcor,940276,0.5882571616449884,0.6952130092168044
t1knowlevelcor,940277,0.5882571616449884,0.6952130092168044
t1knowlevelcor,940278,0.5882571616449884,0.6952130092168044
t1knowlevelcor,940279,0.5882571616449884,0.6952130092168044
t1knowlevelcor,940280,0.5882571616449884,0.6952130092168044
t1knowlevelcor,940281,0.5882571616449884,0.6952130092168044
t1knowlevelcor,940282,0.5882571616449884,0.6952130092168044
t1knowlevelcor,940285,0.5882571616449884,0.6952130092168044
t1knowlevelcor,940286,0.5882571616449884,0.6952130092168044
t1knowlevelcor,940287,0.5882571616449884,0.6952130092168044
t1knowlevelcor,940288,0.5882571616449884,0.6952130092168044
t1knowlevelcor,940291,0.5882571616449884,0.6952130092168044
t1knowlevelcor,940292,0.5882571616449884,0.6952130092168044
t1knowlevelcor,940293,0.5882571616449884,0.6952130092168044
t1knowlevelcor,940294,0.5882571616449884,0.6952130092168044
t1knowlevelcor,940295,0.5882571616449884,0.6952130092168044
t1knowlevelcor,940296,0.5882571616449884,0.6952130092168044
t1knowlevelcor,940297,0.5882571616449884,0.6952130092168044
t1knowlevelcor,940299,0.5882571616449884,0.6952130092168044
t1knowlevelrcor,940001,0.5882571616449884,0.6952130092168044
t1knowlevelrcor,940002,0.5882571616449884,0.6952130092168044
t1knowlevelrcor,940003,0.5882571616449884,0.6952130092168044
t1knowlevelrcor,940004,0.5882571616449884,0.6952130092168044
t1knowlevelrcor,940005,0.5882571616449884,0.6952130092168044
t1knowlevelrcor,940006,0.5882571616449884,0.6952130092168044
t1knowlevelrcor,940007,0.5882571616449884,0.6952130092168044
t1knowlevelrcor,940009,0.5882571616449884,0.6952130092168044
t1knowlevelrcor,940010,0.5882571616449884,0.6952130092168044
t1knowlevelrcor,940011,0.5882571616449884,0.6952130092168044
t1knowlevelrcor,940012,0.5882571616449884,0.6952130092168044
t1knowlevelrcor,940014,0.5882571616449884,0.6952130092168044
t1knowlevelrcor,940015,0.5882571616449884,0.6952130092168044
t1knowlevelrcor,940016,0.5882571616449884,0.6952130092168044
t1knowlevelrcor,940017,0.5882571616449884,0.6952130092168044
t1knowlevelrcor,940018,0.5882571616449884,0.6952130092168044
t1knowlevelrcor,940019,0.5882571616449884,0.6952130092168044
t1knowlevelrcor,940020,0.5882571616449884,0.6952130092168044
t1knowlevelrcor,940021,0.5882571616449884,0.6952130092168044
t1knowlevelrcor,940022,0.5882571616449884,0.6952130092168044
t1knowlevelrcor,940023,0.5882571616449884,0.6952130092168044
t1knowlevelrcor,940024,0.5882571616449884,0.6952130092168044
t1knowlevelrcor,940025,0.5882571616449884,0.6952130092168044
t1knowlevelrcor,940026,0.5882571616449884,0.6952130092168044
t1knowlevelrcor,940027,0.5882571616449884,0.6952130092168044
t1knowlevelrcor,940028,0.5882571616449884,0.6952130092168044
t1knowlevelrcor,940029,0.5882571616449884,0.6952130092168044
t1knowlevelrcor,940030,0.5882571616449884,0.6952130092168044
t1knowlevelrcor,940031,0.5882571616449884,0.6952130092168044
t1knowlevelrcor,940032,0.5882571616449884,0.6952130092168044
t1knowlevelrcor,940033,0.5882571616449884,0.6952130092168044
t1knowlevelrcor,940034,0.5882571616449884,0.6952130092168044
t1knowlevelrcor,940035,0.5882571616449884,0.6952130092168044
t1knowlevelrcor,940036,0.5882571616449884,0.6952130092168044
t1knowlevelrcor,940037,0.5882571616449884,0.6952130092168044
t1knowlevelrcor,940038,0.5882571616449884,0.6952130092168044
t1knowlevelrcor,940039,0.5882571616449884,0.6952130092168044
t1knowlevelrcor,940040,0.5882571616449884,0.6952130092168044
t1knowlevelrcor,940041,0.5882571616449884,0.6952130092168044
t1knowlevelrcor,940042,0.5882571616449884,0.6952130092168044
t1knowlevelrcor,940043,0.5882571616449884,0.6952130092168044
t1knowlevelrcor,940044,0.5882571616449884,0.6952130092168044
t1knowlevelrcor,940045,0.5882571616449884,0.6952130092168044
t1knowlevelrcor,940046,0.5882571616449884,0.6952130092168044
t1knowlevelrcor,940047,0.5882571616449884,0.6952130092168044
t1knowlevelrcor,940048,0.5882571616449884,0.6952130092168044
t1knowlevelrcor,940049,0.5882571616449884,0.6952130092168044
t1knowlevelrcor,940050,0.5882571616449884,0.6952130092168044
t1knowlevelrcor,940051,0.5882571616449884,0.6952130092168044
t1knowlevelrcor,940052,0.5882571616449884,0.6952130092168044
t1knowlevelrcor,940053,0.5882571616449884,0.6952130092168044
t1knowlevelrcor,940054,0.5882571616449884,0.6952130092168044
t1knowlevelrcor,940055,0.5882571616449884,0.6952130092168044
t1knowlevelrcor,940056,0.5882571616449884,0.6952130092168044
t1knowlevelrcor,940057,0.5882571616449884,0.6952130092168044
t1knowlevelrcor,940059,0.5882571616449884,0.6952130092168044
t1knowlevelrcor,940060,0.5882571616449884,0.6952130092168044
t1knowlevelrcor,940061,0.5882571616449884,0.6952130092168044
t1knowlevelrcor,940062,0.5882571616449884,0.6952130092168044
t1knowlevelrcor,940063,0.5882571616449884,0.6952130092168044
t1knowlevelrcor,940064,0.5882571616449884,0.6952130092168044
t1knowlevelrcor,940065,0.5882571616449884,0.6952130092168044
t1knowlevelrcor,940066,0.5882571616449884,0.6952130092168044
t1knowlevelrcor,940067,0.5882571616449884,0.6952130092168044
t1knowlevelrcor,940069,0.5882571616449884,0.6952130092168044
t1knowlevelrcor,940070,0.5882571616449884,0.6952130092168044
t1knowlevelrcor,940071,0.5882571616449884,0.6952130092168044
t1knowlevelrcor,940072,0.5882571616449884,0.6952130092168044
t1knowlevelrcor,940073,0.5882571616449884,0.6952130092168044
t1knowlevelrcor,940074,0.5882571616449884,0.6952130092168044
t1knowlevelrcor,940075,0.5882571616449884,0.6952130092168044
t1knowlevelrcor,940076,0.5882571616449884,0.6952130092168044
t1knowlevelrcor,940077,0.5882571616449884,0.6952130092168044
t1knowlevelrcor,940078,0.5882571616449884,0.6952130092168044
t1knowlevelrcor,940079,0.5882571616449884,0.6952130092168044
t1knowlevelrcor,940080,0.5882571616449884,0.6952130092168044
t1knowlevelrcor,940081,0.5882571616449884,0.6952130092168044
t1knowlevelrcor,940083,0.5882571616449884,0.6952130092168044
t1knowlevelrcor,940085,0.5882571616449884,0.6952130092168044
t1knowlevelrcor,940086,0.5882571616449884,0.6952130092168044
t1knowlevelrcor,940087,0.5882571616449884,0.6952130092168044
t1knowlevelrcor,940088,0.5882571616449884,0.6952130092168044
t1knowlevelrcor,940089,0.5882571616449884,0.6952130092168044
t1knowlevelrcor,940090,0.5882571616449884,0.6952130092168044
t1knowlevelrcor,940091,0.5882571616449884,0.6952130092168044
t1knowlevelrcor,940093,0.5882571616449884,0.6952130092168044
t1knowlevelrcor,940094,0.5882571616449884,0.6952130092168044
t1knowlevelrcor,940095,0.5882571616449884,0.6952130092168044
t1knowlevelrcor,940096,0.5882571616449884,0.6952130092168044
t1knowlevelrcor,940097,0.5882571616449884,0.6952130092168044
t1knowlevelrcor,940098,0.5882571616449884,0.6952130092168044
t1knowlevelrcor,940099,0.5882571616449884,0.6952130092168044
t1knowlevelrcor,940101,0.5882571616449884,0.6952130092168044
t1knowlevelrcor,940102,0.5882571616449884,0.6952130092168044
t1knowlevelrcor,940103,0.5882571616449884,0.6952130092168044
t1knowlevelrcor,940104,0.5882571616449884,0.6952130092168044
t1knowlevelrcor,940105,0.5882571616449884,0.6952130092168044
t1knowlevelrcor,940106,0.5882571616449884,0.6952130092168044
t1knowlevelrcor,940107,0.5882571616449884,0.6952130092168044
t1knowlevelrcor,940108,0.5882571616449884,0.6952130092168044
t1knowlevelrcor,940109,0.5882571616449884,0.6952130092168044
t1knowlevelrcor,940110,0.5882571616449884,0.6952130092168044
t1knowlevelrcor,940112,0.5882571616449884,0.6952130092168044
t1knowlevelrcor,940113,0.5882571616449884,0.6952130092168044
t1knowlevelrcor,940114,0.5882571616449884,0.6952130092168044
t1knowlevelrcor,940115,0.5882571616449884,0.6952130092168044
t1knowlevelrcor,940116,0.5882571616449884,0.6952130092168044
t1knowlevelrcor,940117,0.5882571616449884,0.6952130092168044
t1knowlevelrcor,940118,0.5882571616449884,0.6952130092168044
t1knowlevelrcor,940119,0.5882571616449884,0.6952130092168044
t1knowlevelrcor,940120,0.5882571616449884,0.6952130092168044
t1knowlevelrcor,940121,0.5882571616449884,0.6952130092168044
t1knowlevelrcor,940122,0.5882571616449884,0.6952130092168044
t1knowlevelrcor,940123,0.5882571616449884,0.6952130092168044
t1knowlevelrcor,940124,0.5882571616449884,0.6952130092168044
t1knowlevelrcor,940125,0.5882571616449884,0.6952130092168044
t1knowlevelrcor,940126,0.5882571616449884,0.6952130092168044
t1knowlevelrcor,940127,0.5882571616449884,0.6952130092168044
t1knowlevelrcor,940129,0.5882571616449884,0.6952130092168044
t1knowlevelrcor,940131,0.5882571616449884,0.6952130092168044
t1knowlevelrcor,940133,0.5882571616449884,0.6952130092168044
t1knowlevelrcor,940134,0.5882571616449884,0.6952130092168044
t1knowlevelrcor,940135,0.5882571616449884,0.6952130092168044
t1knowlevelrcor,940136,0.5882571616449884,0.6952130092168044
t1knowlevelrcor,940137,0.5882571616449884,0.6952130092168044
t1knowlevelrcor,940138,0.5882571616449884,0.6952130092168044
t1knowlevelrcor,940139,0.5882571616449884,0.6952130092168044
t1knowlevelrcor,940140,0.5882571616449884,0.6952130092168044
t1knowlevelrcor,940141,0.5882571616449884,0.6952130092168044
t1knowlevelrcor,940142,0.5882571616449884,0.6952130092168044
t1knowlevelrcor,940143,0.5882571616449884,0.6952130092168044
t1knowlevelrcor,940145,0.5882571616449884,0.6952130092168044
t1knowlevelrcor,940146,0.5882571616449884,0.6952130092168044
t1knowlevelrcor,940147,0.5882571616449884,0.6952130092168044
t1knowlevelrcor,940148,0.5882571616449884,0.6952130092168044
t1knowlevelrcor,940149,0.5882571616449884,0.6952130092168044
t1knowlevelrcor,940150,0.5882571616449884,0.6952130092168044
t1knowlevelrcor,940151,0.5882571616449884,0.6952130092168044
t1knowlevelrcor,940152,0.5882571616449884,0.6952130092168044
t1knowlevelrcor,940153,0.5882571616449884,0.6952130092168044
t1knowlevelrcor,940156,0.5882571616449884,0.6952130092168044
t1knowlevelrcor,940158,0.5882571616449884,0.6952130092168044
t1knowlevelrcor,940159,0.5882571616449884,0.6952130092168044
t1knowlevelrcor,940160,0.5882571616449884,0.6952130092168044
t1knowlevelrcor,940161,0.5882571616449884,0.6952130092168044
t1knowlevelrcor,940162,0.5882571616449884,0.6952130092168044
t1knowlevelrcor,940163,0.5882571616449884,0.6952130092168044
t1knowlevelrcor,940164,0.5882571616449884,0.6952130092168044
t1knowlevelrcor,940165,0.5882571616449884,0.6952130092168044
t1knowlevelrcor,940166,0.5882571616449884,0.6952130092168044
t1knowlevelrcor,940167,0.5882571616449884,0.6952130092168044
t1knowlevelrcor,940168,0.5882571616449884,0.6952130092168044
t1knowlevelrcor,940170,0.5882571616449884,0.6952130092168044
t1knowlevelrcor,940171,0.5882571616449884,0.6952130092168044
t1knowlevelrcor,940172,0.5882571616449884,0.6952130092168044
t1knowlevelrcor,940173,0.5882571616449884,0.6952130092168044
t1knowlevelrcor,940176,0.5882571616449884,0.6952130092168044
t1knowlevelrcor,940177,0.5882571616449884,0.6952130092168044
t1knowlevelrcor,940178,0.5882571616449884,0.6952130092168044
t1knowlevelrcor,940180,0.5882571616449884,0.6952130092168044
t1knowlevelrcor,940183,0.5882571616449884,0.6952130092168044
t1knowlevelrcor,940184,0.5882571616449884,0.6952130092168044
t1knowlevelrcor,940185,0.5882571616449884,0.6952130092168044
t1knowlevelrcor,940186,0.5882571616449884,0.6952130092168044
t1knowlevelrcor,940187,0.5882571616449884,0.6952130092168044
t1knowlevelrcor,940188,0.5882571616449884,0.6952130092168044
t1knowlevelrcor,940189,0.5882571616449884,0.6952130092168044
t1knowlevelrcor,940190,0.5882571616449884,0.6952130092168044
t1knowlevelrcor,940191,0.5882571616449884,0.6952130092168044
t1knowlevelrcor,940192,0.5882571616449884,0.6952130092168044
t1knowlevelrcor,940194,0.5882571616449884,0.6952130092168044
t1knowlevelrcor,940195,0.5882571616449884,0.6952130092168044
t1knowlevelrcor,940196,0.5882571616449884,0.6952130092168044
t1knowlevelrcor,940197,0.5882571616449884,0.6952130092168044
t1knowlevelrcor,940199,0.5882571616449884,0.6952130092168044
t1knowlevelrcor,940200,0.5882571616449884,0.6952130092168044
t1knowlevelrcor,940202,0.5882571616449884,0.6952130092168044
t1knowlevelrcor,940203,0.5882571616449884,0.6952130092168044
t1knowlevelrcor,940204,0.5882571616449884,0.6952130092168044
t1knowlevelrcor,940206,0.5882571616449884,0.6952130092168044
t1knowlevelrcor,940207,0.5882571616449884,0.6952130092168044
t1knowlevelrcor,940208,0.5882571616449884,0.6952130092168044
t1knowlevelrcor,940210,0.5882571616449884,0.6952130092168044
t1knowlevelrcor,940211,0.5882571616449884,0.6952130092168044
t1knowlevelrcor,940213,0.5882571616449884,0.6952130092168044
t1knowlevelrcor,940214,0.5882571616449884,0.6952130092168044
t1knowlevelrcor,940215,0.5882571616449884,0.6952130092168044
t1knowlevelrcor,940217,0.5882571616449884,0.6952130092168044
t1knowlevelrcor,940219,0.5882571616449884,0.6952130092168044
t1knowlevelrcor,940220,0.5882571616449884,0.6952130092168044
t1knowlevelrcor,940221,0.5882571616449884,0.6952130092168044
t1knowlevelrcor,940223,0.5882571616449884,0.6952130092168044
t1knowlevelrcor,940224,0.5882571616449884,0.6952130092168044
t1knowlevelrcor,940225,0.5882571616449884,0.6952130092168044
t1knowlevelrcor,940226,0.5882571616449884,0.6952130092168044
t1knowlevelrcor,940228,0.5882571616449884,0.6952130092168044
t1knowlevelrcor,940229,0.5882571616449884,0.6952130092168044
t1knowlevelrcor,940230,0.5882571616449884,0.6952130092168044
t1knowlevelrcor,940231,0.5882571616449884,0.6952130092168044
t1knowlevelrcor,940232,0.5882571616449884,0.6952130092168044
t1knowlevelrcor,940234,0.5882571616449884,0.6952130092168044
t1knowlevelrcor,940235,0.5882571616449884,0.6952130092168044
t1knowlevelrcor,940236,0.5882571616449884,0.6952130092168044
t1knowlevelrcor,940238,0.5882571616449884,0.6952130092168044
t1knowlevelrcor,940240,0.5882571616449884,0.6952130092168044
t1knowlevelrcor,940242,0.5882571616449884,0.6952130092168044
t1knowlevelrcor,940243,0.5882571616449884,0.6952130092168044
t1knowlevelrcor,940244,0.5882571616449884,0.6952130092168044
t1knowlevelrcor,940245,0.5882571616449884,0.6952130092168044
t1knowlevelrcor,940246,0.5882571616449884,0.6952130092168044
t1knowlevelrcor,940249,0.5882571616449884,0.6952130092168044
t1knowlevelrcor,940250,0.5882571616449884,0.6952130092168044
t1knowlevelrcor,940251,0.5882571616449884,0.6952130092168044
t1knowlevelrcor,940253,0.5882571616449884,0.6952130092168044
t1knowlevelrcor,940254,0.5882571616449884,0.6952130092168044
t1knowlevelrcor,940255,0.5882571616449884,0.6952130092168044
t1knowlevelrcor,940257,0.5882571616449884,0.6952130092168044
t1knowlevelrcor,940258,0.5882571616449884,0.6952130092168044
t1knowlevelrcor,940259,0.5882571616449884,0.6952130092168044
t1knowlevelrcor,940260,0.5882571616449884,0.6952130092168044
t1knowlevelrcor,940261,0.5882571616449884,0.6952130092168044
t1knowlevelrcor,940262,0.5882571616449884,0.6952130092168044
t1knowlevelrcor,940263,0.5882571616449884,0.6952130092168044
t1knowlevelrcor,940267,0.5882571616449884,0.6952130092168044
t1knowlevelrcor,940268,0.5882571616449884,0.6952130092168044
t1knowlevelrcor,940270,0.5882571616449884,0.6952130092168044
t1knowlevelrcor,940272,0.5882571616449884,0.6952130092168044
t1knowlevelrcor,940273,0.5882571616449884,0.6952130092168044
t1knowlevelrcor,940275,0.5882571616449884,0.6952130092168044
t1knowlevelrcor,940276,0.5882571616449884,0.6952130092168044
t1knowlevelrcor,940277,0.5882571616449884,0.6952130092168044
t1knowlevelrcor,940278,0.5882571616449884,0.6952130092168044
t1knowlevelrcor,940279,0.5882571616449884,0.6952130092168044
t1knowlevelrcor,940280,0.5882571616449884,0.6952130092168044
t1knowlevelrcor,940281,0.5882571616449884,0.6952130092168044
t1knowlevelrcor,940282,0.5882571616449884,0.6952130092168044
t1knowlevelrcor,940285,0.5882571616449884,0.6952130092168044
t1knowlevelrcor,940286,0.5882571616449884,0.6952130092168044
t1knowlevelrcor,940287,0.5882571616449884,0.6952130092168044
t1knowlevelrcor,940288,0.5882571616449884,0.6952130092168044
t1knowlevelrcor,940291,0.5882571616449884,0.6952130092168044
t1knowlevelrcor,940292,0.5882571616449884,0.6952130092168044
t1knowlevelrcor,940293,0.5882571616449884,0.6952130092168044
t1knowlevelrcor,940294,0.5882571616449884,0.6952130092168044
t1knowlevelrcor,940295,0.5882571616449884,0.6952130092168044
t1knowlevelrcor,940296,0.5882571616449884,0.6952130092168044
t1knowlevelrcor,940297,0.5882571616449884,0.6952130092168044
t1knowlevelrcor,940299,0.5882571616449884,0.6952130092168044
t2knowlevel,940001,0.7186919425094012,0.8078529729710933
t2knowlevel,940002,0.7186919425094012,0.8078529729710933
t2knowlevel,940003,0.7186919425094012,0.8078529729710933
t2knowlevel,940004,0.7186919425094012,0.8078529729710933
t2knowlevel,940005,0.7186919425094012,0.8078529729710933
t2knowlevel,940006,0.7186919425094012,0.8078529729710933
t2knowlevel,940007,0.7186919425094012,0.8078529729710933
t2knowlevel,940009,0.7186919425094012,0.8078529729710933
t2knowlevel,940010,0.7186919425094012,0.8078529729710933
t2knowlevel,940011,0.7186919425094012,0.8078529729710933
t2knowlevel,940012,0.7186919425094012,0.8078529729710933
t2knowlevel,940014,0.7186919425094012,0.8078529729710933
t2knowlevel,940015,0.7186919425094012,0.8078529729710933
t2knowlevel,940016,0.7186919425094012,0.8078529729710933
t2knowlevel,940017,0.7186919425094012,0.8078529729710933
t2knowlevel,940018,0.7186919425094012,0.8078529729710933
t2knowlevel,940019,0.7186919425094012,0.8078529729710933
t2knowlevel,940020,0.7186919425094012,0.8078529729710933
t2knowlevel,940021,0.7186919425094012,0.8078529729710933
t2knowlevel,940022,0.7186919425094012,0.8078529729710933
t2knowlevel,940023,0.7186919425094012,0.8078529729710933
t2knowlevel,940024,0.7186919425094012,0.8078529729710933
t2knowlevel,940025,0.7186919425094012,0.8078529729710933
t2knowlevel,940026,0.7186919425094012,0.8078529729710933
t2knowlevel,940027,0.7186919425094012,0.8078529729710933
t2knowlevel,940028,0.7186919425094012,0.8078529729710933
t2knowlevel,940029,0.7186919425094012,0.8078529729710933
t2knowlevel,940030,0.7186919425094012,0.8078529729710933
t2knowlevel,940031,0.7186919425094012,0.8078529729710933
t2knowlevel,940032,0.7186919425094012,0.8078529729710933
t2knowlevel,940033,0.7186919425094012,0.8078529729710933
t2knowlevel,940034,0.7186919425094012,0.8078529729710933
t2knowlevel,940035,0.7186919425094012,0.8078529729710933
t2knowlevel,940036,0.7186919425094012,0.8078529729710933
t2knowlevel,940037,0.7186919425094012,0.8078529729710933
t2knowlevel,940038,0.7186919425094012,0.8078529729710933
t2knowlevel,940039,0.7186919425094012,0.8078529729710933
t2knowlevel,940040,0.7186919425094012,0.8078529729710933
t2knowlevel,940041,0.7186919425094012,0.8078529729710933
t2knowlevel,940042,0.7186919425094012,0.8078529729710933
t2knowlevel,940043,0.7186919425094012,0.8078529729710933
t2knowlevel,940044,0.7186919425094012,0.8078529729710933
t2knowlevel,940045,0.7186919425094012,0.8078529729710933
t2knowlevel,940046,0.7186919425094012,0.8078529729710933
t2knowlevel,940047,0.7186919425094012,0.8078529729710933
t2knowlevel,940048,0.7186919425094012,0.8078529729710933
t2knowlevel,940049,0.7186919425094012,0.8078529729710933
t2knowlevel,940050,0.7186919425094012,0.8078529729710933
t2knowlevel,940051,0.7186919425094012,0.8078529729710933
t2knowlevel,940052,0.7186919425094012,0.8078529729710933
t2knowlevel,940053,0.7186919425094012,0.8078529729710933
t2knowlevel,940054,0.7186919425094012,0.8078529729710933
t2knowlevel,940055,0.7186919425094012,0.8078529729710933
t2knowlevel,940056,0.7186919425094012,0.8078529729710933
t2knowlevel,940057,0.7186919425094012,0.8078529729710933
t2knowlevel,940059,0.7186919425094012,0.8078529729710933
t2knowlevel,940060,0.7186919425094012,0.8078529729710933
t2knowlevel,940061,0.7186919425094012,0.8078529729710933
t2knowlevel,940062,0.7186919425094012,0.8078529729710933
t2knowlevel,940063,0.7186919425094012,0.8078529729710933
t2knowlevel,940064,0.7186919425094012,0.8078529729710933
t2knowlevel,940065,0.7186919425094012,0.8078529729710933
t2knowlevel,940066,0.7186919425094012,0.8078529729710933
t2knowlevel,940067,0.7186919425094012,0.8078529729710933
t2knowlevel,940069,0.7186919425094012,0.8078529729710933
t2knowlevel,940070,0.7186919425094012,0.8078529729710933
t2knowlevel,940071,0.7186919425094012,0.8078529729710933
t2knowlevel,940072,0.7186919425094012,0.8078529729710933
t2knowlevel,940073,0.7186919425094012,0.8078529729710933
t2knowlevel,940074,0.7186919425094012,0.8078529729710933
t2knowlevel,940075,0.7186919425094012,0.8078529729710933
t2knowlevel,940076,0.7186919425094012,0.8078529729710933
t2knowlevel,940077,0.7186919425094012,0.8078529729710933
t2knowlevel,940078,0.7186919425094012,0.8078529729710933
t2knowlevel,940079,0.7186919425094012,0.8078529729710933
t2knowlevel,940080,0.7186919425094012,0.8078529729710933
t2knowlevel,940081,0.7186919425094012,0.8078529729710933
t2knowlevel,940083,0.7186919425094012,0.8078529729710933
t2knowlevel,940085,0.7186919425094012,0.8078529729710933
t2knowlevel,940086,0.7186919425094012,0.8078529729710933
t2knowlevel,940087,0.7186919425094012,0.8078529729710933
t2knowlevel,940088,0.7186919425094012,0.8078529729710933
t2knowlevel,940089,0.7186919425094012,0.8078529729710933
t2knowlevel,940090,0.7186919425094012,0.8078529729710933
t2knowlevel,940091,0.7186919425094012,0.8078529729710933
t2knowlevel,940093,0.7186919425094012,0.8078529729710933
t2knowlevel,940094,0.7186919425094012,0.8078529729710933
t2knowlevel,940095,0.7186919425094012,0.8078529729710933
t2knowlevel,940096,0.7186919425094012,0.8078529729710933
t2knowlevel,940097,0.7186919425094012,0.8078529729710933
t2knowlevel,940098,0.7186919425094012,0.8078529729710933
t2knowlevel,940099,0.7186919425094012,0.8078529729710933
t2knowlevel,940101,0.7186919425094012,0.8078529729710933
t2knowlevel,940102,0.7186919425094012,0.8078529729710933
t2knowlevel,940103,0.7186919425094012,0.8078529729710933
t2knowlevel,940104,0.7186919425094012,0.8078529729710933
t2knowlevel,940105,0.7186919425094012,0.8078529729710933
t2knowlevel,940106,0.7186919425094012,0.8078529729710933
t2knowlevel,940107,0.7186919425094012,0.8078529729710933
t2knowlevel,940108,0.7186919425094012,0.8078529729710933
t2knowlevel,940109,0.7186919425094012,0.8078529729710933
t2knowlevel,940110,0.7186919425094012,0.8078529729710933
t2knowlevel,940112,0.7186919425094012,0.8078529729710933
t2knowlevel,940113,0.7186919425094012,0.8078529729710933
t2knowlevel,940114,0.7186919425094012,0.8078529729710933
t2knowlevel,940115,0.7186919425094012,0.8078529729710933
t2knowlevel,940116,0.7186919425094012,0.8078529729710933
t2knowlevel,940117,0.7186919425094012,0.8078529729710933
t2knowlevel,940118,0.7186919425094012,0.8078529729710933
t2knowlevel,940119,0.7186919425094012,0.8078529729710933
t2knowlevel,940120,0.7186919425094012,0.8078529729710933
t2knowlevel,940121,0.7186919425094012,0.8078529729710933
t2knowlevel,940122,0.7186919425094012,0.8078529729710933
t2knowlevel,940123,0.7186919425094012,0.8078529729710933
t2knowlevel,940124,0.7186919425094012,0.8078529729710933
t2knowlevel,940125,0.7186919425094012,0.8078529729710933
t2knowlevel,940126,0.7186919425094012,0.8078529729710933
t2knowlevel,940127,0.7186919425094012,0.8078529729710933
t2knowlevel,940129,0.7186919425094012,0.8078529729710933
t2knowlevel,940131,0.7186919425094012,0.8078529729710933
t2knowlevel,940133,0.7186919425094012,0.8078529729710933
t2knowlevel,940134,0.7186919425094012,0.8078529729710933
t2knowlevel,940135,0.7186919425094012,0.8078529729710933
t2knowlevel,940136,0.7186919425094012,0.8078529729710933
t2knowlevel,940137,0.7186919425094012,0.8078529729710933
t2knowlevel,940138,0.7186919425094012,0.8078529729710933
t2knowlevel,940139,0.7186919425094012,0.8078529729710933
t2knowlevel,940140,0.7186919425094012,0.8078529729710933
t2knowlevel,940141,0.7186919425094012,0.8078529729710933
t2knowlevel,940142,0.7186919425094012,0.8078529729710933
t2knowlevel,940143,0.7186919425094012,0.8078529729710933
t2knowlevel,940145,0.7186919425094012,0.8078529729710933
t2knowlevel,940146,0.7186919425094012,0.8078529729710933
t2knowlevel,940147,0.7186919425094012,0.8078529729710933
t2knowlevel,940148,0.7186919425094012,0.8078529729710933
t2knowlevel,940149,0.7186919425094012,0.8078529729710933
t2knowlevel,940150,0.7186919425094012,0.8078529729710933
t2knowlevel,940151,0.7186919425094012,0.8078529729710933
t2knowlevel,940152,0.7186919425094012,0.8078529729710933
t2knowlevel,940153,0.7186919425094012,0.8078529729710933
t2knowlevel,940156,0.7186919425094012,0.8078529729710933
t2knowlevel,940158,0.7186919425094012,0.8078529729710933
t2knowlevel,940159,0.7186919425094012,0.8078529729710933
t2knowlevel,940160,0.7186919425094012,0.8078529729710933
t2knowlevel,940161,0.7186919425094012,0.8078529729710933
t2knowlevel,940162,0.7186919425094012,0.8078529729710933
t2knowlevel,940163,0.7186919425094012,0.8078529729710933
t2knowlevel,940164,0.7186919425094012,0.8078529729710933
t2knowlevel,940165,0.7186919425094012,0.8078529729710933
t2knowlevel,940166,0.7186919425094012,0.8078529729710933
t2knowlevel,940167,0.7186919425094012,0.8078529729710933
t2knowlevel,940168,0.7186919425094012,0.8078529729710933
t2knowlevel,940170,0.7186919425094012,0.8078529729710933
t2knowlevel,940171,0.7186919425094012,0.8078529729710933
t2knowlevel,940172,0.7186919425094012,0.8078529729710933
t2knowlevel,940173,0.7186919425094012,0.8078529729710933
t2knowlevel,940176,0.7186919425094012,0.8078529729710933
t2knowlevel,940177,0.7186919425094012,0.8078529729710933
t2knowlevel,940178,0.7186919425094012,0.8078529729710933
t2knowlevel,940180,0.7186919425094012,0.8078529729710933
t2knowlevel,940183,0.7186919425094012,0.8078529729710933
t2knowlevel,940184,0.7186919425094012,0.8078529729710933
t2knowlevel,940185,0.7186919425094012,0.8078529729710933
t2knowlevel,940186,0.7186919425094012,0.8078529729710933
t2knowlevel,940187,0.7186919425094012,0.8078529729710933
t2knowlevel,940188,0.7186919425094012,0.8078529729710933
t2knowlevel,940189,0.7186919425094012,0.8078529729710933
t2knowlevel,940190,0.7186919425094012,0.8078529729710933
t2knowlevel,940191,0.7186919425094012,0.8078529729710933
t2knowlevel,940192,0.7186919425094012,0.8078529729710933
t2knowlevel,940194,0.7186919425094012,0.8078529729710933
t2knowlevel,940195,0.7186919425094012,0.8078529729710933
t2knowlevel,940196,0.7186919425094012,0.8078529729710933
t2knowlevel,940197,0.7186919425094012,0.8078529729710933
t2knowlevel,940199,0.7186919425094012,0.8078529729710933
t2knowlevel,940200,0.7186919425094012,0.8078529729710933
t2knowlevel,940202,0.7186919425094012,0.8078529729710933
t2knowlevel,940203,0.7186919425094012,0.8078529729710933
t2knowlevel,940204,0.7186919425094012,0.8078529729710933
t2knowlevel,940206,0.7186919425094012,0.8078529729710933
t2knowlevel,940207,0.7186919425094012,0.8078529729710933
t2knowlevel,940208,0.7186919425094012,0.8078529729710933
t2knowlevel,940210,0.7186919425094012,0.8078529729710933
t2knowlevel,940211,0.7186919425094012,0.8078529729710933
t2knowlevel,940213,0.7186919425094012,0.8078529729710933
t2knowlevel,940214,0.7186919425094012,0.8078529729710933
t2knowlevel,940215,0.7186919425094012,0.8078529729710933
t2knowlevel,940217,0.7186919425094012,0.8078529729710933
t2knowlevel,940219,0.7186919425094012,0.8078529729710933
t2knowlevel,940220,0.7186919425094012,0.8078529729710933
t2knowlevel,940221,0.7186919425094012,0.8078529729710933
t2knowlevel,940223,0.7186919425094012,0.8078529729710933
t2knowlevel,940224,0.7186919425094012,0.8078529729710933
t2knowlevel,940225,0.7186919425094012,0.8078529729710933
t2knowlevel,940226,0.7186919425094012,0.8078529729710933
t2knowlevel,940228,0.7186919425094012,0.8078529729710933
t2knowlevel,940229,0.7186919425094012,0.8078529729710933
t2knowlevel,940230,0.7186919425094012,0.8078529729710933
t2knowlevel,940231,0.7186919425094012,0.8078529729710933
t2knowlevel,940232,0.7186919425094012,0.8078529729710933
t2knowlevel,940234,0.7186919425094012,0.8078529729710933
t2knowlevel,940235,0.7186919425094012,0.8078529729710933
t2knowlevel,940236,0.7186919425094012,0.8078529729710933
t2knowlevel,940238,0.7186919425094012,0.8078529729710933
t2knowlevel,940240,0.7186919425094012,0.8078529729710933
t2knowlevel,940242,0.7186919425094012,0.8078529729710933
t2knowlevel,940243,0.7186919425094012,0.8078529729710933
t2knowlevel,940244,0.7186919425094012,0.8078529729710933
t2knowlevel,940245,0.7186919425094012,0.8078529729710933
t2knowlevel,940246,0.7186919425094012,0.8078529729710933
t2knowlevel,940249,0.7186919425094012,0.8078529729710933
t2knowlevel,940250,0.7186919425094012,0.8078529729710933
t2knowlevel,940251,0.7186919425094012,0.8078529729710933
t2knowlevel,940253,0.7186919425094012,0.8078529729710933
t2knowlevel,940254,0.7186919425094012,0.8078529729710933
t2knowlevel,940255,0.7186919425094012,0.8078529729710933
t2knowlevel,940257,0.7186919425094012,0.8078529729710933
t2knowlevel,940258,0.7186919425094012,0.8078529729710933
t2knowlevel,940259,0.7186919425094012,0.8078529729710933
t2knowlevel,940260,0.7186919425094012,0.8078529729710933
t2knowlevel,940261,0.7186919425094012,0.8078529729710933
t2knowlevel,940262,0.7186919425094012,0.8078529729710933
t2knowlevel,940263,0.7186919425094012,0.8078529729710933
t2knowlevel,940267,0.7186919425094012,0.8078529729710933
t2knowlevel,940268,0.7186919425094012,0.8078529729710933
t2knowlevel,940270,0.7186919425094012,0.8078529729710933
t2knowlevel,940272,0.7186919425094012,0.8078529729710933
t2knowlevel,940273,0.7186919425094012,0.8078529729710933
t2knowlevel,940275,0.7186919425094012,0.8078529729710933
t2knowlevel,940276,0.7186919425094012,0.8078529729710933
t2knowlevel,940277,0.7186919425094012,0.8078529729710933
t2knowlevel,940278,0.7186919425094012,0.8078529729710933
t2knowlevel,940279,0.7186919425094012,0.8078529729710933
t2knowlevel,940280,0.7186919425094012,0.8078529729710933
t2knowlevel,940281,0.7186919425094012,0.8078529729710933
t2knowlevel,940282,0.7186919425094012,0.8078529729710933
t2knowlevel,940285,0.7186919425094012,0.8078529729710933
t2knowlevel,940286,0.7186919425094012,0.8078529729710933
t2knowlevel,940287,0.7186919425094012,0.8078529729710933
t2knowlevel,940288,0.7186919425094012,0.8078529729710933
t2knowlevel,940291,0.7186919425094012,0.8078529729710933
t2knowlevel,940292,0.7186919425094012,0.8078529729710933
t2knowlevel,940293,0.7186919425094012,0.8078529729710933
t2knowlevel,940294,0.7186919425094012,0.8078529729710933
t2knowlevel,940295,0.7186919425094012,0.8078529729710933
t2knowlevel,940296,0.7186919425094012,0.8078529729710933
t2knowlevel,940297,0.7186919425094012,0.8078529729710933
t2knowlevel,940299,0.7186919425094012,0.8078529729710933
