source_column,storage_type,source_class,parquet_type,variable_label,source_format,missing_values,missing_range,public,publication_note
sn1,double,numeric,,SN1. Survey Number,F4.0,,,TRUE,Retained
id1,double,numeric,,ID1. Interview number,F8.0,,,TRUE,Retained
UniqueID,double,numeric,,Uniqueid (id1+c1),F10.0,,,TRUE,Retained
V4_ID1,double,numeric,,V4_ID1. Interview number,F8.0,,,TRUE,Retained
WAVE,double,haven_labelled|vctrs_vctr|double,,V4_t1 Questionnaire waves,F1.0,,,TRUE,Retained
GROUP_T1,double,haven_labelled|vctrs_vctr|double,, Respondents' Group,F1.0,,,TRUE,Retained
GROUP_T1BIS,double,haven_labelled|vctrs_vctr|double,,"Participants-non participants, test-control",F1.0,,,TRUE,Retained
COUNTRY1,double,haven_labelled|vctrs_vctr|double,,EuroPolis Country code,F2.0,,,TRUE,Retained
COUNTRY2,double,haven_labelled|vctrs_vctr|double,,C1. Country,F2.0,,,TRUE,Retained
TYPE,double,haven_labelled|vctrs_vctr|double,,"Type of respondent (Test-Control group, Participant-Not Participant, Interviewed-Not Interviewed)",F8.0,,,TRUE,Retained
Q1_A1,double,haven_labelled|vctrs_vctr|double,,QA1. Type of refusal,F1.0,,,TRUE,Retained
Q1_B1,double,haven_labelled|vctrs_vctr|double,,QB1. Reasons for refusal,F1.0,,,TRUE,Retained
sex1,double,haven_labelled|vctrs_vctr|double,,SEX1. Gender,F1.0,,,TRUE,Retained
age1,double,numeric,,AGE1. Year of birth,F4.0,,,TRUE,Retained
educ1,double,haven_labelled_spss|haven_labelled|vctrs_vctr|double,,EDUC1. At what age did you complete your full-time education?,F3.0,999|997,,TRUE,Retained
class1,double,haven_labelled_spss|haven_labelled|vctrs_vctr|double,,CLASS1. To which of the following categories do you feel you belong,F1.0,997|999,,TRUE,Retained
reli1,double,haven_labelled_spss|haven_labelled|vctrs_vctr|double,,RELI1. What is your religion if you have one?,F2.0,996|997|999,,TRUE,Retained
religiosity1,double,haven_labelled_spss|haven_labelled|vctrs_vctr|double,,"RELIGIOSITY1. Apart from weddings or funerals, about how often do you attend religious services?",F2.0,997|999,,TRUE,Retained
birth1,double,haven_labelled_spss|haven_labelled|vctrs_vctr|double,,BIRTH1. In which country were you born…?,F1.0,997|999,,TRUE,Retained
parentsbirth1,double,haven_labelled_spss|haven_labelled|vctrs_vctr|double,,PARENTSBIRTH1. Which of these proposals corresponds to your situation?,F1.0,999,,TRUE,Retained
leftright14,double,haven_labelled_spss|haven_labelled|vctrs_vctr|double,,LEFTRIGHT14. In political matters people talk of 'the left' and 'the right'. What is your position? Please indicate your views using any number on a scale where '0' means 'left' and '10' means 'right.' Which number best describes your position?,F2.0,999,,TRUE,Retained
nat1_1,double,haven_labelled|vctrs_vctr|double,,NAT1_1 . What is your nationality? Please tell me the country(ies) that applies(y)-Belgium.,F1.0,,,TRUE,Retained
nat1_2,double,haven_labelled|vctrs_vctr|double,,NAT1_2 . What is your nationality? Please tell me the country(ies) that applies(y)-Denmark.,F1.0,,,TRUE,Retained
nat1_3,double,haven_labelled|vctrs_vctr|double,,NAT1_3 . What is your nationality? Please tell me the country(ies) that applies(y)-Germany.,F1.0,,,TRUE,Retained
nat1_4,double,haven_labelled|vctrs_vctr|double,,NAT1_4 . What is your nationality? Please tell me the country(ies) that applies(y)-Greece .,F1.0,,,TRUE,Retained
nat1_5,double,haven_labelled|vctrs_vctr|double,,NAT1_5 . What is your nationality? Please tell me the country(ies) that applies(y)-Spain.,F1.0,,,TRUE,Retained
nat1_6,double,haven_labelled|vctrs_vctr|double,,NAT1_6 . What is your nationality? Please tell me the country(ies) that applies(y)-France.,F1.0,,,TRUE,Retained
nat1_7,double,haven_labelled|vctrs_vctr|double,,NAT1_7 . What is your nationality? Please tell me the country(ies) that applies(y)-Ireland.,F1.0,,,TRUE,Retained
nat1_8,double,haven_labelled|vctrs_vctr|double,,NAT1_8 . What is your nationality? Please tell me the country(ies) that applies(y)-Italy.,F1.0,,,TRUE,Retained
nat1_9,double,haven_labelled|vctrs_vctr|double,,NAT1_9 . What is your nationality? Please tell me the country(ies) that applies(y)-Luxembourg.,F1.0,,,TRUE,Retained
nat1_10,double,haven_labelled|vctrs_vctr|double,,NAT1_10. What is your nationality? Please tell me the country(ies) that applies(y)-Netherlands.,F1.0,,,TRUE,Retained
nat1_11,double,haven_labelled|vctrs_vctr|double,,NAT1_11. What is your nationality? Please tell me the country(ies) that applies(y)-Portugal.,F1.0,,,TRUE,Retained
nat1_12,double,haven_labelled|vctrs_vctr|double,,"NAT1_12. What is your nationality? Please tell me the country(ies) that applies(y)-United Kingdom (Great Britain, Northern Ireland).",F1.0,,,TRUE,Retained
nat1_13,double,haven_labelled|vctrs_vctr|double,,NAT1_13. What is your nationality? Please tell me the country(ies) that applies(y)-Austria.,F1.0,,,TRUE,Retained
nat1_14,double,haven_labelled|vctrs_vctr|double,,NAT1_14. What is your nationality? Please tell me the country(ies) that applies(y)-Sweden.,F1.0,,,TRUE,Retained
nat1_15,double,haven_labelled|vctrs_vctr|double,,NAT1_15. What is your nationality? Please tell me the country(ies) that applies(y)-Finland.,F1.0,,,TRUE,Retained
nat1_16,double,haven_labelled|vctrs_vctr|double,,NAT1_16. What is your nationality? Please tell me the country(ies) that applies(y)-Republic of Cyprus.,F1.0,,,TRUE,Retained
nat1_17,double,haven_labelled|vctrs_vctr|double,,NAT1_17. What is your nationality? Please tell me the country(ies) that applies(y)-Czech Republic.,F1.0,,,TRUE,Retained
nat1_18,double,haven_labelled|vctrs_vctr|double,,NAT1_18. What is your nationality? Please tell me the country(ies) that applies(y)-Estonia.,F1.0,,,TRUE,Retained
nat1_19,double,haven_labelled|vctrs_vctr|double,,NAT1_19. What is your nationality? Please tell me the country(ies) that applies(y)-Hungary.,F1.0,,,TRUE,Retained
nat1_20,double,haven_labelled|vctrs_vctr|double,,NAT1_20. What is your nationality? Please tell me the country(ies) that applies(y)-Latvia .,F1.0,,,TRUE,Retained
nat1_21,double,haven_labelled|vctrs_vctr|double,,NAT1_21. What is your nationality? Please tell me the country(ies) that applies(y)-Lithuania.,F1.0,,,TRUE,Retained
nat1_22,double,haven_labelled|vctrs_vctr|double,,NAT1_22. What is your nationality? Please tell me the country(ies) that applies(y)-Malta.,F1.0,,,TRUE,Retained
nat1_23,double,haven_labelled|vctrs_vctr|double,,NAT1_23. What is your nationality? Please tell me the country(ies) that applies(y)-Poland.,F1.0,,,TRUE,Retained
nat1_24,double,haven_labelled|vctrs_vctr|double,,NAT1_24. What is your nationality? Please tell me the country(ies) that applies(y)-Slovakia.,F1.0,,,TRUE,Retained
nat1_25,double,haven_labelled|vctrs_vctr|double,,NAT1_25. What is your nationality? Please tell me the country(ies) that applies(y)-Slovenia.,F1.0,,,TRUE,Retained
nat1_26,double,haven_labelled|vctrs_vctr|double,,NAT1_26. What is your nationality? Please tell me the country(ies) that applies(y)-Bulgaria.,F1.0,,,TRUE,Retained
nat1_27,double,haven_labelled|vctrs_vctr|double,,NAT1_27. What is your nationality? Please tell me the country(ies) that applies(y)-Romania.,F1.0,,,TRUE,Retained
nat1_28,double,haven_labelled|vctrs_vctr|double,,NAT1_28. What is your nationality? Please tell me the country(ies) that applies(y)-Other countries.,F1.0,,,TRUE,Retained
nat1_29,double,haven_labelled|vctrs_vctr|double,,NAT1_29. What is your nationality? Please tell me the country(ies) that applies(y)-Dk.,F1.0,,,TRUE,Retained
V1Q1,double,haven_labelled_spss|haven_labelled|vctrs_vctr|double,,"V1Q1There will be elections for the European Parliament on [DATE]. On a scale from 0 to 10, where '0' means you definitely won’t vote, '10' means you definitely will vote, and '5' is 'exactly in-between', how likely or not is it that you will vote in this",F2.0,999|998|997,,TRUE,Retained
V1Q2,double,haven_labelled_spss|haven_labelled|vctrs_vctr|double,,"V1Q2. If you vote, which party do you expect to vote for?",F2.0,999|998|997,,TRUE,Retained
V1Q7,double,haven_labelled_spss|haven_labelled|vctrs_vctr|double,,"V1Q7. On a scale from 0 to 10, where '0' is 'no problem at all', '10' is 'the most serious problem we face', and '5' is 'exactly in the middle', how serious a problem or not would you say immigration is?",F2.0,999|998|997,,TRUE,Retained
V1Q8a,double,haven_labelled_spss|haven_labelled|vctrs_vctr|double,,"V1Q8aSome people think that [COUNTRY] should send all illegal immigrants back to the countries they came from. Suppose these people are at one end of a 0-to-10 scale, at point 0. Other people think that [COUNTRY] should legalize all the illegal immigrants",F2.0,999|998|997,,TRUE,Retained
V1Q9_1,double,haven_labelled_spss|haven_labelled|vctrs_vctr|double,,V1Q9_1. Illegal immigrants should be eligible for national health care - How strongly would you agree or disagree with each of the following statements?,F1.0,999|998|997,,TRUE,Retained
V1Q9_2,double,haven_labelled_spss|haven_labelled|vctrs_vctr|double,,V1Q9_2. The children of illegal immigrants should be eligible to attend public school - How strongly would you agree or disagree with each of the following statements?,F1.0,999|998|997,,TRUE,Retained
V1Q9_3,double,haven_labelled_spss|haven_labelled|vctrs_vctr|double,,V1Q9_3. Decisions about what immigrants to admit should take no account of what country they are from - How strongly would you agree or disagree with each of the following statements?,F1.0,999|998|997,,TRUE,Retained
V1Q10_1,double,haven_labelled_spss|haven_labelled|vctrs_vctr|double,,"V1Q10_1Having job skills that employers need -On a 0-10 scale, where '0' is 'extremely unimportant', '10' is 'extremely important', and '5' is 'exactly in the middle', how important or not would you say each of the following criteria should be in deciding",F2.0,999|998|997,,TRUE,Retained
V1Q10_2,double,haven_labelled_spss|haven_labelled|vctrs_vctr|double,,"V1Q10_2. Having close family in [COUNTRY]On a 0-10 scale, where '0' is 'extremely unimportant', '10' is 'extremely important', and '5' is 'exactly in the middle', how important or not would you say each of the following criteria should be in deciding what",F2.0,999|998|997,,TRUE,Retained
V1Q10_3,double,haven_labelled_spss|haven_labelled|vctrs_vctr|double,,"V1Q10_3. Being able to speak [NATIONAL LANGUAGE. WHEN MORE THAN ONE OFFICIAL LANGUAGE, THEN LANG. 1 OR LANG.2]On a 0-10 scale, where '0' is 'extremely unimportant', '10' is 'extremely important', and '5' is 'exactly in the middle', how important or not wo",F2.0,999|998|997,,TRUE,Retained
V1Q10_4,double,haven_labelled_spss|haven_labelled|vctrs_vctr|double,,"V1Q10_4. Being ChristianOn a 0-10 scale, where '0' is 'extremely unimportant', '10' is 'extremely important', and '5' is 'exactly in the middle', how important or not would you say each of the following criteria should be in deciding what immigrants from",F2.0,999|998|997,,TRUE,Retained
V1Q10_5,double,haven_labelled_spss|haven_labelled|vctrs_vctr|double,,"V1Q10_5. Being White - On a 0-10 scale, where '0' is 'extremely unimportant'10' is 'extremely important', and '5' is 'exactly in the middle', how important or not would you say each of the following criteria should be in deciding what immigrants from non-",F2.0,999|998|997,,TRUE,Retained
V1Q10_6,double,haven_labelled_spss|haven_labelled|vctrs_vctr|double,,"V1Q10_6.Being able to support oneself financially - On a 0-10 scale, where '0' is 'extremely unimportant '10' is 'extremely important', and '5' is 'exactly in the middle', how important or not would you say each of the following criteria should be in deci",F2.0,999|998|997,,TRUE,Retained
V1Q10_7,double,haven_labelled_spss|haven_labelled|vctrs_vctr|double,,"V1Q10_7.Commitment to the [NATIONALITY] way of life - On a 0-10 scale, where '0' is 'extremely unimportant', '10' is 'extremely important and '5' is 'exactly in the middle', how important or not would you say each of the following criteria should be in de",F2.0,999|998|997,,TRUE,Retained
V1Q10_8,double,haven_labelled_spss|haven_labelled|vctrs_vctr|double,,"V1Q10_8.Coming from a similar culture - On a 0-10 scale, where '0' is 'extremely unimportant '10' is 'extremely important', and '5' is 'exactly in the middle', how important or not would you say each of the following criteria should be in deciding what im",F2.0,999|998|997,,TRUE,Retained
V1Q11_1,double,haven_labelled_spss|haven_labelled|vctrs_vctr|double,,V1Q11_1. Reinforcing border controls - And how strongly would you favour or oppose each of the following?,F1.0,999|998|997,,TRUE,Retained
V1Q11_2,double,haven_labelled_spss|haven_labelled|vctrs_vctr|double,,V1Q11_2. Imposing penalties on employers who hire illegal immigrants - And how strongly would you favour or oppose each of the following?,F1.0,999|998|997,,TRUE,Retained
V1Q12,double,haven_labelled_spss|haven_labelled|vctrs_vctr|double,,"V1Q12. Generally speaking, what is your opinion on the number of people living in [COUNTRY] who are not citizens of the European Union countries? Are there...?",F1.0,999|998|997,,TRUE,Retained
V1Q13_1,double,haven_labelled_spss|haven_labelled|vctrs_vctr|double,,V1Q13_1. The contributions from working immigrants will help maintain the pension system - How strongly would you agree or disagree with each of the following statements?,F1.0,999|998|997,,TRUE,Retained
V1Q13_2,double,haven_labelled_spss|haven_labelled|vctrs_vctr|double,,V1Q13_2. Immigration increases crime in our society - How strongly would you agree or disagree with each of the following statements?,F1.0,999|998|997,,TRUE,Retained
V1Q13_3,double,haven_labelled_spss|haven_labelled|vctrs_vctr|double,,V1Q13_3. Amnesty given to illegal immigrants will increase illegal immigration - How strongly would you agree or disagree with each of the following statements?,F1.0,999|998|997,,TRUE,Retained
V1Q15,double,haven_labelled_spss|haven_labelled|vctrs_vctr|double,,"V1Q15. On a scale from 0-10 where 0 means that  Muslim immigrants have a lot to offer to [COUNTRY]’s cultural life, 10 means that Muslim immigrants threaten [NATIONALITY] culture, and 5 is exactly in the middle, where would you position yourself on this s",F2.0,999|998|997,,TRUE,Retained
V1Q16,double,haven_labelled_spss|haven_labelled|vctrs_vctr|double,,"V1Q16.On a scale from  0 -10 where 0 means that immigrants take jobs from native-born [NATIONALITY], 10 means that immigrants take the sorts of jobs that [NATIONALITY] don't want and 5 is exactly in the middle, where would you position yourself on this sc",F2.0,999|998|997,,TRUE,Retained
V1Q20,double,haven_labelled_spss|haven_labelled|vctrs_vctr|double,,"V1Q20 On a scale from 0 to 10, where '0' is 'no problem at all', '10' is 'the most serious problem we face', and '5' is 'exactly in the middle', how serious a problem or not  would you say global climate change is?",F2.0,999|998|997,,TRUE,Retained
V1Q21,double,haven_labelled_spss|haven_labelled|vctrs_vctr|double,,"V1Q21On a scale from 0 to 10 where '0' means that we should do everything possible to combat climate change, even if that hurts the economy, '10' means that we should do everything possible to maximize economic growth, even if that hurts efforts to combat",F2.0,999|998|997,,TRUE,Retained
V1Q22a,double,haven_labelled_spss|haven_labelled|vctrs_vctr|double,,V1Q22a. How strongly would you agree or disagree with the following statement: How much a country is asked to pay to combat climate change should depend on how rich or poor it is.,F1.0,999|998|997,,TRUE,Retained
V1Q30_1,double,haven_labelled_spss|haven_labelled|vctrs_vctr|double,,"V1Q30_1Fighting unemployment - In most European countries today, political decisions are made at three different levels of government: at the regional level, at the national level, and at the European Union level. In your opinion who should be responsible",F1.0,999|998|997,,TRUE,Retained
V1Q30_2,double,haven_labelled_spss|haven_labelled|vctrs_vctr|double,,"V1Q30_2 Climate change - In most European countries today, political decisions are made at three different levels of government:at the regional level,at the national level, and at the European Union level. In your opinion who should be responsible for eac",F1.0,999|998|997,,TRUE,Retained
V1Q30_3,double,haven_labelled_spss|haven_labelled|vctrs_vctr|double,,"V1Q30_3.Immigration policy-In most European countries today, political decisions are made at three different levels of government: at the regional level, at the national level, and at the European Union level. In your opinion who should be responsible for",F1.0,999|998|997,,TRUE,Retained
V1Q30_4,double,haven_labelled_spss|haven_labelled|vctrs_vctr|double,,"V1Q30_4 Fight against crime-In most European countries today, political decisions are made at three different levels of government: at the regional level, at the national level, and at the European Union level. In your opinion who should be responsible fo",F1.0,999|998|997,,TRUE,Retained
V1Q33a,double,haven_labelled_spss|haven_labelled|vctrs_vctr|double,,"V1Q33a. On a scale from 0 to 10, where '0' is 'not at all', '10' is 'completely', and '5' is 'exactly in the middle', how much would you say you think of yourself as being European?",F2.0,999|998|997,,TRUE,Retained
V1Q33b,double,haven_labelled_spss|haven_labelled|vctrs_vctr|double,,"V1Q33b. And on the same 0 to 10 scale, how much would you say you think of yourself as just being from your [COUNTRY]?",F2.0,999|998|997,,TRUE,Retained
V1Q34,double,haven_labelled_spss|haven_labelled|vctrs_vctr|double,,"V1Q34. And if you had to choose just one of the following alternatives, what would you say you see yourself as…?",F1.0,999|998|997,,TRUE,Retained
V1Q35,double,haven_labelled_spss|haven_labelled|vctrs_vctr|double,,"V1Q35. Generally speaking, do you think that [COUNTRY]'s membership of the European Union is...?",F1.0,999|998|997,,TRUE,Retained
V1Q36,double,haven_labelled_spss|haven_labelled|vctrs_vctr|double,,"V1Q36.On a 0 -10 scale, where '0' means that [COUNTRY] has 'not benefitted at all' from being a member of the EU, '10' means it has 'benefited enormously', and '5' is 'exactly in the middle', using this scale, would you say that on balance [COUNTRY] has b",F2.0,999|998|997,,TRUE,Retained
V1Q37,double,haven_labelled_spss|haven_labelled|vctrs_vctr|double,,"V1Q37. On a scale from 0-10, where '0' is 'not at all', '10' is 'passionately', and '5' is 'exactly in the middle', how interested or not would you say you generally are in politics?",F2.0,999|998|997,,TRUE,Retained
V1Q38,double,haven_labelled_spss|haven_labelled|vctrs_vctr|double,,"V1Q38. On the whole, how satisfied or not are you with the way democracy works in [COUNTRY]? Are you…?",F1.0,999|998|997,,TRUE,Retained
V1Q39,double,haven_labelled_spss|haven_labelled|vctrs_vctr|double,,"V1Q39. On the whole, how satisfied or not are you with the way democracy works in the European Union? Are you…?",F1.0,999|998|997,,TRUE,Retained
V1Q43,double,haven_labelled_spss|haven_labelled|vctrs_vctr|double,,V1Q43. Is the main decision-making body of the European Union the…?,F1.0,999|998|997,,TRUE,Retained
V1Q44,double,haven_labelled_spss|haven_labelled|vctrs_vctr|double,,V1Q44. Only one of the following statements about the European Parliament is false. Which one is it?,F1.0,999|998|997,,TRUE,Retained
V1Q46,double,haven_labelled_spss|haven_labelled|vctrs_vctr|double,,V1Q46. Which of the following is true of Blue card workers?,F1.0,999|998|997,,TRUE,Retained
V1Q47,double,haven_labelled_spss|haven_labelled|vctrs_vctr|double,,V1Q47. Which of the following is true about the ways in which immigration policy is currently made?,F1.0,999|998|997,,TRUE,Retained
V1Q49,double,haven_labelled_spss|haven_labelled|vctrs_vctr|double,,"V1Q49. The percentage of the EU’s total energy consumption that comes from fossil fuels (coal, gas or oil) is about...?",F1.0,999|998|997,,TRUE,Retained
V1Q50,double,haven_labelled_spss|haven_labelled|vctrs_vctr|double,,V1Q50. Which of the following produces the most greenhouse gases?,F1.0,999|998|997,,TRUE,Retained
V1Q62,double,haven_labelled_spss|haven_labelled|vctrs_vctr|double,,Q62. Which party did you vote for at the [LAST GENERAL ELECTIONS] in [YEAR]?,F8.0,999|998|997,,TRUE,Retained
qc1,double,haven_labelled_spss|haven_labelled|vctrs_vctr|double,,QC1. Might you be interested in taking part?,F1.0,999|998|997,,TRUE,Retained
qd1_1,double,haven_labelled_spss|haven_labelled|vctrs_vctr|double,,QD1_1. Could I please ask you the reasons for which you would not be interested in partaking? - Not free on weekend of May 29th to 31st,F1.0,999|998|997,,TRUE,Retained
qd1_2,double,haven_labelled_spss|haven_labelled|vctrs_vctr|double,,QD1_2. Could I please ask you the reasons for which you would not be interested in partaking? - Do not like to travel/afraid of flying,F1.0,999|998|997,,TRUE,Retained
qd1_3,double,haven_labelled_spss|haven_labelled|vctrs_vctr|double,,QD1_3. Could I please ask you the reasons for which you would not be interested in partaking? - Do not have time/other commitments,F1.0,999|998|997,,TRUE,Retained
qd1_4,double,haven_labelled_spss|haven_labelled|vctrs_vctr|double,,QD1_4. Could I please ask you the reasons for which you would not be interested in partaking? - Not interested in the topics being discussed,F1.0,999|998|997,,TRUE,Retained
qd1_5,double,haven_labelled_spss|haven_labelled|vctrs_vctr|double,,QD1_5. Could I please ask you the reasons for which you would not be interested in partaking? - Afraid of traveling alone,F1.0,999|998|997,,TRUE,Retained
qd1_6,double,haven_labelled_spss|haven_labelled|vctrs_vctr|double,,QD1_6. Could I please ask you the reasons for which you would not be interested in partaking? - Would need to have more information,F1.0,999|998|997,,TRUE,Retained
qd1_7,double,haven_labelled_spss|haven_labelled|vctrs_vctr|double,,QD1_7. Could I please ask you the reasons for which you would not be interested in partaking? - Do not believe in the authenticity of this request/lack of trust,F1.0,999|998|997,,TRUE,Retained
qd1_8,double,haven_labelled_spss|haven_labelled|vctrs_vctr|double,,QD1_8. Could I please ask you the reasons for which you would not be interested in partaking? - Believe there would be other expenses which you would need to fund,F1.0,999|998|997,,TRUE,Retained
qd1_9,double,haven_labelled_spss|haven_labelled|vctrs_vctr|double,,QD1_9. Could I please ask you the reasons for which you would not be interested in partaking? - Other (SPECIFY),F1.0,999|998|997,,TRUE,Retained
p1_1,double,haven_labelled_spss|haven_labelled|vctrs_vctr|double,,P1_1. DAY - DATE OF INTERVIEW,F2.0,999|998|997,,TRUE,Retained
p1_2,double,haven_labelled_spss|haven_labelled|vctrs_vctr|double,,P1_2. MONTH - DATE OF INTERVIEW,F2.0,999|998|997,,TRUE,Retained
p2_1,double,haven_labelled_spss|haven_labelled|vctrs_vctr|double,,P2_1. HOUR - TIME OF THE BEGINNING OF THE INTERVIEW,F2.0,999|998|997,,TRUE,Retained
p2_2,double,haven_labelled_spss|haven_labelled|vctrs_vctr|double,,P2_2. MINUTES - TIME OF THE BEGINNING OF THE INTERVIEW,F2.0,999|998|997,,TRUE,Retained
p3,double,haven_labelled_spss|haven_labelled|vctrs_vctr|double,,P3. NUMBER OF MINUTES THE INTERVIEW LASTED,F3.0,999|998|997,,TRUE,Retained
p4,double,haven_labelled_spss|haven_labelled|vctrs_vctr|double,,P4. Respondent cooperation,F1.0,999|998|997,,TRUE,Retained
p5,double,haven_labelled_spss|haven_labelled|vctrs_vctr|double,,P5. Size of locality,F2.0,999|998|997,,TRUE,Retained
p6,double,haven_labelled_spss|haven_labelled|vctrs_vctr|double,,P6. Region,F2.0,999|998|997,,TRUE,Retained
p7,double,haven_labelled_spss|haven_labelled|vctrs_vctr|double,,P7. Postal code,F8.0,999|998|997,,TRUE,Retained
p8,double,haven_labelled_spss|haven_labelled|vctrs_vctr|double,,P8. Sample point number (face-to-face only),F8.0,999|998|997,,TRUE,Retained
p9,double,haven_labelled_spss|haven_labelled|vctrs_vctr|double,,P9. Interviewer number,F8.0,999|998|997,,TRUE,Retained
p10,double,haven_labelled_spss|haven_labelled|vctrs_vctr|double,,P10. Language of interview,F1.0,999|998|997,,TRUE,Retained
WEIGHT,double,numeric,,Weight,F10.5,,,TRUE,Retained
IMPUTERw2,double,haven_labelled_spss|haven_labelled|vctrs_vctr|double,,WAVE 2 IMPUTER ID,F8.0,999|998|997,,TRUE,Retained
SMALL_GROUPw2,double,haven_labelled_spss|haven_labelled|vctrs_vctr|double,,WAVE 2 SMALL  GROUP ID,F8.0,999|998|997,,TRUE,Retained
WAVE2,double,haven_labelled_spss|haven_labelled|vctrs_vctr|double,,WAWE-Questionnaire waves,F3.0,999|998|997,,TRUE,Retained
V2Q1,double,haven_labelled_spss|haven_labelled|vctrs_vctr|double,,"V2Q1 There will be elections for the European Parliament on [.]. On a scale from 0 to 10, where '0' means you ""definitely won’t vote"", '10' means you ""definitely will vote"", and '5' is "" in-between"", how likely or not is it that you will vote in this",F3.0,999|998|997,,TRUE,Retained
V2Q2,double,haven_labelled_spss|haven_labelled|vctrs_vctr|double,,"V2Q2 If you vote, which party do you expect to vote for?",F4.0,997|998|999,,TRUE,Retained
V2Q6_1,double,haven_labelled_spss|haven_labelled|vctrs_vctr|double,,"V2Q6_1 On a scale from 0 to 10, where '0' means you ""would never vote for the party"", '10' means that you ""would always vote for it"", and '5' is ""exactly in the middle"", how likely it is that you would ever vote for each of the following parties?Party 1",F4.0,997|998|999,,TRUE,Retained
V2Q6_2,double,haven_labelled_spss|haven_labelled|vctrs_vctr|double,,"V2Q6_2 On a scale from 0 to 10, where '0' means you ""would never vote for the party"", '10' means that you ""would always vote for it"", and '5' is ""exactly in the middle"", how likely it is that you would ever vote for each of the following parties? Party 2",F4.0,997|998|999,,TRUE,Retained
V2Q6_3,double,haven_labelled_spss|haven_labelled|vctrs_vctr|double,,"V2Q6_3 On a scale from 0 to 10, where '0' means you ""would never vote for the party"", '10' means that you ""would always vote for it"", and '5' is ""exactly in the middle"", how likely it is that you would ever vote for each of the following parties? Party 3",F4.0,997|998|999,,TRUE,Retained
V2Q6_4,double,haven_labelled_spss|haven_labelled|vctrs_vctr|double,,"V2Q6_4 On a scale from 0 to 10, where '0' means you ""would never vote for the party"", '10' means that you ""would always vote for it"", and '5' is ""exactly in the middle"", how likely it is that you would ever vote for each of the following parties? Party 4",F4.0,997|998|999,,TRUE,Retained
V2Q6_5,double,haven_labelled_spss|haven_labelled|vctrs_vctr|double,,"V2Q6_5 On a scale from 0 to 10, where '0' means you ""would never vote for the party"", '10' means that you ""would always vote for it"", and '5' is ""exactly in the middle"", how likely it is that you would ever vote for each of the following parties? Party 5",F4.0,997|998|999,,TRUE,Retained
V2Q6_6,double,haven_labelled_spss|haven_labelled|vctrs_vctr|double,,"V2Q6_6 On a scale from 0 to 10, where '0' means you ""would never vote for the party"", '10' means that you ""would always vote for it"", and '5' is ""exactly in the middle"", how likely it is that you would ever vote for each of the following parties? Party 6",F4.0,997|998|999,,TRUE,Retained
V2Q6_7,double,haven_labelled_spss|haven_labelled|vctrs_vctr|double,,"V2Q6_7 On a scale from 0 to 10, where '0' means you ""would never vote for the party"", '10' means that you ""would always vote for it"", and '5' is ""exactly in the middle"", how likely it is that you would ever vote for each of the following parties? Party 7",F4.0,997|998|999,,TRUE,Retained
V2Q6_8,double,haven_labelled_spss|haven_labelled|vctrs_vctr|double,,"V2Q6_8 On a scale from 0 to 10, where '0' means you ""would never vote for the party"", '10' means that you ""would always vote for it"", and '5' is ""exactly in the middle"", how likely it is that you would ever vote for each of the following parties? Party 8",F4.0,997|998|999,,TRUE,Retained
V2Q6_9,double,haven_labelled_spss|haven_labelled|vctrs_vctr|double,,"V2Q6_9 On a scale from 0 to 10, where '0' means you ""would never vote for the party"", '10' means that you ""would always vote for it"", and '5' is ""exactly in the middle"", how likely it is that you would ever vote for each of the following parties? Party 9",F4.0,997|998|999,,TRUE,Retained
V2Q6_10,double,haven_labelled_spss|haven_labelled|vctrs_vctr|double,,"V2Q6_10 On scale from 0 to 10, where '0' means you ""would never vote for the party"", '10' means that you ""would always vote for it"", and '5' is ""exactly in the middle"", how likely it is that you would ever vote for each of the following parties? Party 10",F4.0,997|998|999,,TRUE,Retained
V2Q6_11,double,haven_labelled_spss|haven_labelled|vctrs_vctr|double,,"V2Q6_11On a scale from 0 to 10, where '0' means you ""would never vote for the party"",10' means that you ""would always vote for it"", and '5' is ""exactly in the middle"", how likely it is that you would ever vote for each of the following parties? Party 11",F4.0,997|998|999,,TRUE,Retained
V2Q6_12,double,haven_labelled_spss|haven_labelled|vctrs_vctr|double,,"V2Q6_12 On a scale from 0 to 10, where '0' means you ""would never vote for the party"",10' means that you ""would always vote for it"", and '5' is ""exactly in the middle"", how likely it is that you would ever vote for each of the following parties? Party 12",F4.0,997|998|999,,TRUE,Retained
V2Q6_13,double,haven_labelled_spss|haven_labelled|vctrs_vctr|double,,"V2Q6_13 On a scale from 0 to 10, where '0' means you ""would never vote for the party"",10' means that you ""would always vote for it"", and '5' is ""exactly in the middle"", how likely it is that you would ever vote for each of the following parties? Party 13",F4.0,997|998|999,,TRUE,Retained
V2Q6_14,double,haven_labelled_spss|haven_labelled|vctrs_vctr|double,,"V2Q6_14 On a scale from 0 to 10, where '0' means you ""would never vote for the party"",10' means that you ""would always vote for it"", and '5' is ""exactly in the middle"", how likely it is that you would ever vote for each of the following parties? Party 14",F4.0,997|998|999,,TRUE,Retained
V2Q6_15,double,haven_labelled_spss|haven_labelled|vctrs_vctr|double,,"V2Q6_15 On a scale from 0 to 10, where '0' means you ""would never vote for the party"",10' means that you ""would always vote for it"", and '5' is ""exactly in the middle"", how likely it is that you would ever vote for each of the following parties? Party 15",F4.0,997|998|999,,TRUE,Retained
V2Q6_16,double,haven_labelled_spss|haven_labelled|vctrs_vctr|double,,"V2Q6_16 On a scale from 0 to 10, where '0' means you ""would never vote for the party"",10' means that you ""would always vote for it"", and '5' is ""exactly in the middle"", how likely it is that you would ever vote for each of the following parties? Party 16",F4.0,997|998|999,,TRUE,Retained
V2Q6_17,double,haven_labelled_spss|haven_labelled|vctrs_vctr|double,,"V2Q6_17 On a scale from 0 to 10, where '0' means you ""would never vote for the party"",10' means that you ""would always vote for it"", and '5' is ""exactly in the middle"", how likely it is that you would ever vote for each of the following parties? Party 17",F4.0,997|998|999,,TRUE,Retained
V2Q6_18,double,haven_labelled_spss|haven_labelled|vctrs_vctr|double,,"V2Q6_18 On a scale from 0 to 10, where '0' means you ""would never vote for the party"",10' means that you ""would always vote for it"", and '5' is ""exactly in the middle"", how likely it is that you would ever vote for each of the following parties? Party 18",F4.0,997|998|999,,TRUE,Retained
V2Q6_19,double,haven_labelled_spss|haven_labelled|vctrs_vctr|double,,"V2Q6_19 On a scale from 0 to 10, where '0' means you ""would never vote for the party"",10' means that you ""would always vote for it"", and '5' is ""exactly in the middle"", how likely it is that you would ever vote for each of the following parties? Party 19",F4.0,997|998|999,,TRUE,Retained
V2Q6_20,double,haven_labelled_spss|haven_labelled|vctrs_vctr|double,,"V2Q6_20 On a scale from 0 to 10, where '0' means you ""would never vote for the party"",10' means that you ""would always vote for it"", and '5' is ""exactly in the middle"", how likely it is that you would ever vote for each of the following parties? Party 20",F4.0,997|998|999,,TRUE,Retained
V2Q6_21,double,haven_labelled_spss|haven_labelled|vctrs_vctr|double,,"V2Q6_21On a scale from 0 to 10, where '0' means you ""would never vote for the party"",10' means that you ""would always vote for it"", and '5' is ""exactly in the middle"", how likely it is that you would ever vote for each of the following parties? Party 21",F4.0,997|998|999,,TRUE,Retained
V2Q6_22,double,haven_labelled_spss|haven_labelled|vctrs_vctr|double,,"V2Q6_22 On a scale from 0 to 10, where '0' means you ""would never vote for the party"",10' means that you ""would always vote for it"", and '5' is ""exactly in the middle"", how likely it is that you would ever vote for each of the following parties? Party 22",F4.0,997|998|999,,TRUE,Retained
V2Q6_23,double,haven_labelled_spss|haven_labelled|vctrs_vctr|double,,"V2Q6_23 On a scale from 0 to 10, where '0' means you ""would never vote for the party"",10' means that you ""would always vote for it"", and '5' is ""exactly in the middle"", how likely it is that you would ever vote for each of the following parties? Party 23",F4.0,997|998|999,,TRUE,Retained
V2Q7,double,haven_labelled_spss|haven_labelled|vctrs_vctr|double,,"V2Q7 On a scale from 0 to 10, where '0' is ""no problem at all"", '10' is ""the most serious problem we face"", and '5' is ""exactly in the middle"", how serious a problem or not would you say immigration is?",F3.0,997|998|999,,TRUE,Retained
V2Q8b,double,haven_labelled_spss|haven_labelled|vctrs_vctr|double,,"V2Q8b some people think that [C] should send all illegal immigrants back to the countries they came from. Suppose these people are at one end of a 0-to-10 scale, at point 0. Other people think that [COUNTRY] should legalize all the illegal immigrants curr",F3.0,997|998|999,,TRUE,Retained
V2Q9_1,double,haven_labelled_spss|haven_labelled|vctrs_vctr|double,,"V2Q9_1 ""How strongly would you agree or disagree with each of the following statements?",F3.0,997|998|999,,TRUE,Retained
V2Q9_2,double,haven_labelled_spss|haven_labelled|vctrs_vctr|double,,V2Q9_2 The children of illegal immigrants should be eligible to attend public school,F3.0,997|998|999,,TRUE,Retained
V2Q9_3,double,haven_labelled_spss|haven_labelled|vctrs_vctr|double,,V2Q9_3 Decisions about what immigrants to admit should take no account of what country they are from,F3.0,997|998|999,,TRUE,Retained
V2Q10_1,double,haven_labelled_spss|haven_labelled|vctrs_vctr|double,,"V2Q10_1""On a 0-10 scale, where '0' is """"extremely unimportant"""", '10' is """"extremely important"""", how important or not would you say each of the following criteria should be in deciding what immigrants from non-EU countries",F3.0,997|998|999,,TRUE,Retained
V2Q10_2,double,haven_labelled_spss|haven_labelled|vctrs_vctr|double,,V2Q10_2 Having close family in [COUNTRY],F3.0,997|998|999,,TRUE,Retained
V2Q10_3,double,haven_labelled_spss|haven_labelled|vctrs_vctr|double,,V2Q10_3 Being able to speak [NATIONAL LANGUAGE],F3.0,997|998|999,,TRUE,Retained
V2Q10_4,double,haven_labelled_spss|haven_labelled|vctrs_vctr|double,,V2Q10_4 Being Christian,F3.0,997|998|999,,TRUE,Retained
V2Q10_5,double,haven_labelled_spss|haven_labelled|vctrs_vctr|double,,V2Q10_5 Being White,F3.0,997|998|999,,TRUE,Retained
V2Q10_6,double,haven_labelled_spss|haven_labelled|vctrs_vctr|double,,V2Q10_6 Being able to support oneself financially,F3.0,997|998|999,,TRUE,Retained
V2Q10_7,double,haven_labelled_spss|haven_labelled|vctrs_vctr|double,,V2Q10_7 Commitment to the [NATIONALITY] way of life,F3.0,997|998|999,,TRUE,Retained
V2Q10_8,double,haven_labelled_spss|haven_labelled|vctrs_vctr|double,,V2Q10_8 Coming from a similar culture,F3.0,997|998|999,,TRUE,Retained
V2Q11_1,double,haven_labelled_spss|haven_labelled|vctrs_vctr|double,,"V2Q11_1 ""And how strongly would you favour or oppose each of the following?",F3.0,997|998|999,,TRUE,Retained
V2Q11_2,double,haven_labelled_spss|haven_labelled|vctrs_vctr|double,,V2Q11_2 Imposing penalties on employers who hire illegal immigrants,F3.0,997|998|999,,TRUE,Retained
V2Q12,double,haven_labelled_spss|haven_labelled|vctrs_vctr|double,,"V2Q12 Generally speaking, what is your opinion on the number of people living in [C.] who are not citizens of European Union countries? Are there...?",F3.0,997|998|999,,TRUE,Retained
V2Q13_1,double,haven_labelled_spss|haven_labelled|vctrs_vctr|double,,V2Q13_1 How strongly would you agree or disagree with each of the following statements?     The contributions from working immigrants will help maintain the pension syste,F3.0,997|998|999,,TRUE,Retained
V2Q13_2,double,haven_labelled_spss|haven_labelled|vctrs_vctr|double,,V2Q13_2 Immigration increases crime in our society,F3.0,997|998|999,,TRUE,Retained
V2Q13_3,double,haven_labelled_spss|haven_labelled|vctrs_vctr|double,,V2Q13_3 Amnesty given to illegal immigrants will increase illegal immigration,F3.0,997|998|999,,TRUE,Retained
V2Q14,double,haven_labelled_spss|haven_labelled|vctrs_vctr|double,,"V2Q14 On a scale from 0 to 10, where 0 means that immigrants have a lot to offer to [C]’s cultural life, 10 means that immigrants threaten the [NATIONALITY] culture and 5 is exactly in the middle, where would you position yourself on this scale, or haven’",F3.0,997|998|999,,TRUE,Retained
V2Q15,double,haven_labelled_spss|haven_labelled|vctrs_vctr|double,,"V2Q15 On a scale from 0 to 10 where 0 means that Muslim immigrants have a lot to offer to [C]’s cultural life, 10 means that Muslim immigrants threaten [NATIONALITY] culture. and 5 is exactly in the middle, where would you position yourself on this scale,",F3.0,997|998|999,,TRUE,Retained
V2Q16,double,haven_labelled_spss|haven_labelled|vctrs_vctr|double,,"V2Q16 On a scale from 0 to 10, where 0 means that immigrants take jobs from native-born [NAT], 10 means that immigrants take the sorts of jobs that [NATIONALITY] don’t want and 5 is exactly in the middle, where would you position yourself on this scale,",F3.0,997|998|999,,TRUE,Retained
V2Q17,double,haven_labelled_spss|haven_labelled|vctrs_vctr|double,,"V2Q17 Of all the immigrants in [COUNTRY], what percentage do you think are there illegally? Please answer with a number between 0 and 100.",F3.0,997|998|999,,TRUE,Retained
V2Q18,double,haven_labelled_spss|haven_labelled|vctrs_vctr|double,,"V2Q18 On a scale from 0 to 10, where 0 means that imm. contribute more in taxes than they benefit from health and welfare services, 10 means that immi. benefit more from health and welfare services than they contribute in taxes and 5 is exactly in th",F3.0,997|998|999,,TRUE,Retained
V2Q19_1,double,haven_labelled_spss|haven_labelled|vctrs_vctr|double,,"V2Q19_1 On a scale from 0 to 10, where '0' is ""not at all"", '10' is ""completely"", and '5' is ""exactly in the middle"", how much would you say each of the following describes immigrants living here?                           Honest",F3.0,997|998|999,,TRUE,Retained
V2Q19_2,double,haven_labelled_spss|haven_labelled|vctrs_vctr|double,,V2Q19_2 Hardworking,F3.0,997|998|999,,TRUE,Retained
V2Q19_3,double,haven_labelled_spss|haven_labelled|vctrs_vctr|double,,V2Q19_3 Law-abiding,F3.0,997|998|999,,TRUE,Retained
V2Q19_4,double,haven_labelled_spss|haven_labelled|vctrs_vctr|double,,V2Q19_4 Respectful of women,F3.0,997|998|999,,TRUE,Retained
V2Q19_5,double,haven_labelled_spss|haven_labelled|vctrs_vctr|double,,V2Q19_5 Tolerant,F3.0,997|998|999,,TRUE,Retained
V2Q20,double,haven_labelled_spss|haven_labelled|vctrs_vctr|double,,"V2Q20 On a scale from 0 to 10, where '0' is ""no problem at all"", '10' is ""the most serious problem we face"", and '5' is ""exactly in the middle"", how serious a problem or not  would you say global climate change is?",F3.0,997|998|999,,TRUE,Retained
V2Q21,double,haven_labelled_spss|haven_labelled|vctrs_vctr|double,,"V2Q21 On a scale from 0 to 10, where '0' means that we should do everything possible to combat climate change, even if that hurts the economy, '10' means that we should do everything possible to maximize economic growth (...)",F3.0,997|998|999,,TRUE,Retained
V2Q22b_1,double,haven_labelled_spss|haven_labelled|vctrs_vctr|double,,"V2Q22b_1 How strongly would you agree or disagree with each of following statements? Manufacturers should be required to produce automobiles that need less fuel per mile driven, even if that means that they cost more to buy.",F3.0,997|998|999,,TRUE,Retained
V2Q22b_2,double,haven_labelled_spss|haven_labelled|vctrs_vctr|double,,"V2Q22b_2 Energy from renewable sources will be less expensive than energy from fossil fuels - such as coal, oil and gas - in the long run",F3.0,997|998|999,,TRUE,Retained
V2Q23,double,haven_labelled_spss|haven_labelled|vctrs_vctr|double,,V2Q23 What should the EU do about its existing climate change targets?  Should it...?,F3.0,997|998|999,,TRUE,Retained
V2Q24,double,haven_labelled_spss|haven_labelled|vctrs_vctr|double,,"V2Q24 On a scale from 0 to 10, where '0' means that energy should be produced in ways that minimize greenhouse gas emissions even if that means that energy costs more, '10' means that energy should be produced as cheaply as possible (...)",F3.0,997|998|999,,TRUE,Retained
V2Q25,double,haven_labelled_spss|haven_labelled|vctrs_vctr|double,,"V2Q25 On a scale from 0 to 10, where '0means that [C.] should do as much as it can to halt climate change, even if others do less,  '10' means that [COUNTRY] should only do as much as other countries do,  and 5 is exactly in the middle, where would you p",F3.0,997|998|999,,TRUE,Retained
V2Q26,double,haven_labelled_spss|haven_labelled|vctrs_vctr|double,,"V2Q26 On a scale from 0 to 10,where '0' means that the EU should reduce greenhouse gas emissions as rapidly and as much as possible even if that means that we have to make radical changes in the way we live,10' means that the EU should make no effort (..)",F3.0,997|998|999,,TRUE,Retained
V2Q27_1,double,haven_labelled_spss|haven_labelled|vctrs_vctr|double,,"V2Q27_1 On a scale from 0 to 10, where '0' is ""no priority at all"", '10' is ""the highest priority"", and '5' is ""exactly in the middle"", how much priority should be given to each of the following (..) climate change? Spending more on new technologi",F3.0,997|998|999,,TRUE,Retained
V2Q27_2,double,haven_labelled_spss|haven_labelled|vctrs_vctr|double,,V2Q27_2 Spending more on improving energy efficiency,F3.0,997|998|999,,TRUE,Retained
V2Q27_3,double,haven_labelled_spss|haven_labelled|vctrs_vctr|double,,V2Q27_3 Investing more in biofuels,F3.0,997|998|999,,TRUE,Retained
V2Q27_4,double,haven_labelled_spss|haven_labelled|vctrs_vctr|double,,V2Q27_4 Investing more in nuclear energy,F3.0,997|998|999,,TRUE,Retained
V2Q27_5,double,haven_labelled_spss|haven_labelled|vctrs_vctr|double,,"V2Q27_5 Investing more in renewable energy sources like wind, hydro, wave and solar power",F3.0,997|998|999,,TRUE,Retained
V2Q27_6,double,haven_labelled_spss|haven_labelled|vctrs_vctr|double,,V2Q27_ 6 Reducing the quantity of goods and services we consume,F3.0,997|998|999,,TRUE,Retained
V2Q27_7,double,haven_labelled_spss|haven_labelled|vctrs_vctr|double,,V2Q27_7 Making more use of emissions trading systems and other financial and tax incentives,F3.0,997|998|999,,TRUE,Retained
V2Q27_8,double,haven_labelled_spss|haven_labelled|vctrs_vctr|double,,V2Q27_8 Educating people about renewable energy and energy conservation,F3.0,997|998|999,,TRUE,Retained
V2Q27_9,double,haven_labelled_spss|haven_labelled|vctrs_vctr|double,,V2Q27_9 Getting people and businesses to use less energy,F3.0,997|998|999,,TRUE,Retained
V2Q28_1,double,haven_labelled_spss|haven_labelled|vctrs_vctr|double,,"V2Q28_1 What percentage of the EU’s total energy consumption would you like to see come from the following energy sources? I’ll ask them one at a time. Please answer with numbers between '0' and '100'. Fossil fuels such as coal, oil and gas",F3.0,997|998|999,,TRUE,Retained
V2Q28_2,double,haven_labelled_spss|haven_labelled|vctrs_vctr|double,,V2Q28_2 Biofuels,F3.0,997|998|999,,TRUE,Retained
V2Q28_3,double,haven_labelled_spss|haven_labelled|vctrs_vctr|double,,V2Q28_3 Nuclear power,F3.0,997|998|999,,TRUE,Retained
V2Q28_4,double,haven_labelled_spss|haven_labelled|vctrs_vctr|double,,"V2Q28_4 Renewables such as hydro, wind and solar power",F3.0,997|998|999,,TRUE,Retained
V2Q29_1,double,haven_labelled_spss|haven_labelled|vctrs_vctr|double,,V2Q29_1 And what percentage of the EU’s total energy consumption would you say currently comes from each of those same sources? FOSSIL FUEL,F3.0,997|998|999,,TRUE,Retained
V2Q29_2,double,haven_labelled_spss|haven_labelled|vctrs_vctr|double,,V2Q29_ 2 Biofuels,F3.2,997|998|999,,TRUE,Retained
V2Q29_3,double,haven_labelled_spss|haven_labelled|vctrs_vctr|double,,V2Q29_3 Nuclear power,F3.2,997|998|999,,TRUE,Retained
V2Q29_4,double,haven_labelled_spss|haven_labelled|vctrs_vctr|double,,V2Q29_4 Renewables,F3.2,997|998|999,,TRUE,Retained
V2Q31_1,double,haven_labelled_spss|haven_labelled|vctrs_vctr|double,,"V2Q31_1 And on a scale from 0 to 10, where '0' means ""entirely at the EU level"", '10' means ""entirely by the individual M. S."", and '5' is ""exactly in the middle"", at what level do you think decisions should be made in each of the following areas?  Immigr",F3.0,997|998|999,,TRUE,Retained
V2Q31_2,double,haven_labelled_spss|haven_labelled|vctrs_vctr|double,,V2Q31_2 Climate Change,F3.0,997|998|999,,TRUE,Retained
V2Q31_3,double,haven_labelled_spss|haven_labelled|vctrs_vctr|double,,V2Q31_3 Fighting unemployment,F3.0,997|998|999,,TRUE,Retained
V2Q31_4,double,haven_labelled_spss|haven_labelled|vctrs_vctr|double,,V2Q31_4 Fighting crime,F3.0,997|998|999,,TRUE,Retained
V2Q32_1,double,haven_labelled_spss|haven_labelled|vctrs_vctr|double,,"V2Q32_1On a scale from 0 to 10, where '0' means that decisions made at the EU level should require the unanimous agreement of all the M.S., '10' means  that decisions made at the EU level should require only the agreement of M. S representing (..)",F3.0,997|998|999,,TRUE,Retained
V2Q32_2,double,haven_labelled_spss|haven_labelled|vctrs_vctr|double,,"V2Q32_2 Legal immigration, including asylum",F3.0,997|998|999,,TRUE,Retained
V2Q32_3,double,haven_labelled_spss|haven_labelled|vctrs_vctr|double,,V2Q32_3 Climate change,F3.0,997|998|999,,TRUE,Retained
V2Q33a,double,haven_labelled_spss|haven_labelled|vctrs_vctr|double,,"V2Q33a On a scale from 0 to 10, where '0' is ""not at all"", '10' is ""completely"", and '5' is ""exactly in the middle"", how much would you say you think of yourself as being European?",F3.0,997|998|999,,TRUE,Retained
V2Q33b,double,haven_labelled_spss|haven_labelled|vctrs_vctr|double,,"V2Q33b And on the same 0 to 10 scale, how much would you say you think of yourself as just being from your [COUNTRY]?",F3.0,997|998|999,,TRUE,Retained
V2Q34,double,haven_labelled_spss|haven_labelled|vctrs_vctr|double,,"V2Q34 And if you had to choose just one of the following alternatives, what would you say you see yourself as…?",F3.0,997|998|999,,TRUE,Retained
V2Q35,double,haven_labelled_spss|haven_labelled|vctrs_vctr|double,,"V2Q35 Generally speaking, do you think that [COUNTRY]'s membership of the European Union is...?",F3.0,997|998|999,,TRUE,Retained
V2Q36,double,haven_labelled_spss|haven_labelled|vctrs_vctr|double,,"V2Q36 On a 0 to 10 scale, where '0 means that [C.] has ""not benefitted at all"" from being a member of the EU, '10' means it has ""benefited enormously"", and '5' is ""exactly in the middle"", using this scale, would you say that on balance [COUNTRY] has benef",F3.0,997|998|999,,TRUE,Retained
V2Q37,double,haven_labelled_spss|haven_labelled|vctrs_vctr|double,,"V2Q37 On a scale from 0 to 10, where '0' is ""not at all"", '10' is ""passionately"", and '5' is ""exactly in the middle"", how interested or not would you say you generally are in politics?",F3.0,997|998|999,,TRUE,Retained
V2Q40,double,haven_labelled_spss|haven_labelled|vctrs_vctr|double,,V2Q40 How much of a difference would you say it makes who is in power in [COUNTRY]?,F3.0,997|998|999,,TRUE,Retained
V2Q41,double,haven_labelled_spss|haven_labelled|vctrs_vctr|double,,V2Q41 How much would you say that what happens to the EU as a whole affects people like you?,F3.0,997|998|999,,TRUE,Retained
V2Q42_1,double,haven_labelled_spss|haven_labelled|vctrs_vctr|double,,V2Q42_1 How strongly would you agree or disagree with each of the following statements?  You would be seriously neglecting your duty as a citizen if you didn’t vote in elections for the European Parliament,F3.0,997|998|999,,TRUE,Retained
V2Q42_2,double,haven_labelled_spss|haven_labelled|vctrs_vctr|double,,V2Q42_2 Sometimes politics and the government seem so complicated that a person like you can't really understand what's going on,F3.0,997|998|999,,TRUE,Retained
V2Q42_3,double,haven_labelled_spss|haven_labelled|vctrs_vctr|double,,V2Q42_3 You  have opinions about politics that are worth listening to,F3.0,997|998|999,,TRUE,Retained
V2Q43,double,haven_labelled_spss|haven_labelled|vctrs_vctr|double,,V2Q43 Is the main decision-making body of the European Union the…?,F3.0,997|998|999,,TRUE,Retained
V2Q44,double,haven_labelled_spss|haven_labelled|vctrs_vctr|double,,V2Q44 Only one of the following statements about the European Parliament is false. Which one is it?,F3.0,997|998|999,,TRUE,Retained
V2Q45,double,haven_labelled_spss|haven_labelled|vctrs_vctr|double,,V2Q45 Is the European Union represented on the international stage by the…?,F3.0,997|998|999,,TRUE,Retained
V2Q46,double,haven_labelled_spss|haven_labelled|vctrs_vctr|double,,V2Q46 Which of the following is true of Blue card workers?,F3.0,997|998|999,,TRUE,Retained
V2Q47,double,haven_labelled_spss|haven_labelled|vctrs_vctr|double,,V2Q47 Which of the following is true about the ways in which immigration policy is currently made?,F3.0,997|998|999,,TRUE,Retained
V2Q48,double,haven_labelled_spss|haven_labelled|vctrs_vctr|double,,V2Q48 Which of the following is true of the EU’s immigrants...?,F3.0,997|998|999,,TRUE,Retained
V2Q49,double,haven_labelled_spss|haven_labelled|vctrs_vctr|double,,"V2Q49 The percentage of the EU’s total energy consumption that comes from fossil fuels (coal, gas or oil) is about...?",F3.0,997|998|999,,TRUE,Retained
V2Q50,double,haven_labelled_spss|haven_labelled|vctrs_vctr|double,,V2Q50 Which of the following produces the most greenhouse gases?,F3.0,997|998|999,,TRUE,Retained
V2Q51,double,haven_labelled_spss|haven_labelled|vctrs_vctr|double,,V2Q51 Which of the following is true about wind power in the European Union?,F3.0,997|998|999,,TRUE,Retained
V2Q52_1,double,haven_labelled_spss|haven_labelled|vctrs_vctr|double,,"V2Q52_1 Here are some things that people find more or less important for themselves or society to have. On a scale of 0 to 10, where '0' is ""not at all important"", '10' is ""extremely important"", and '5' is ""exactly in the middle"", how importanT (..)",F3.0,997|998|999,,TRUE,Retained
V2Q52_2,double,haven_labelled_spss|haven_labelled|vctrs_vctr|double,,V2Q52_2 Preserving our traditions and customs,F3.0,997|998|999,,TRUE,Retained
V2Q52_3,double,haven_labelled_spss|haven_labelled|vctrs_vctr|double,,V2Q52_3 Promoting economic growth,F3.0,997|998|999,,TRUE,Retained
V2Q52_4,double,haven_labelled_spss|haven_labelled|vctrs_vctr|double,,V2Q52_4 Keeping our air and water clean,F3.0,997|998|999,,TRUE,Retained
V2Q52_5,double,haven_labelled_spss|haven_labelled|vctrs_vctr|double,,V2Q52_5 Protecting the planet,F3.0,997|998|999,,TRUE,Retained
V2Q52_6,double,haven_labelled_spss|haven_labelled|vctrs_vctr|double,,V2Q52_6Getting to know people from different backgrounds,F3.0,997|998|999,,TRUE,Retained
V2Q63,double,haven_labelled_spss|haven_labelled|vctrs_vctr|double,,V2Q63 How much of the briefing material you were sent would you say you have read?,F3.0,997|998|999,,TRUE,Retained
V2Q64,double,haven_labelled_spss|haven_labelled|vctrs_vctr|double,,"V2Q64 On a 0 to 10 scale, where '0' means ""the briefing material clearly favoured some positions over others"", '10' means ""completely balanced"", and '5' is exactly ""in the middle"", how balanced or not would you say the briefing material was?",F3.0,997|998|999,,TRUE,Retained
IMPUTERw3,double,numeric,,WAVW 3 IMPUTER ID,F8.0,,,TRUE,Retained
SMALL_GROUPw3,double,numeric,,WAVE 3 GROUP ID,F8.0,,,TRUE,Retained
WAVE3,double,numeric,,WAWE-Questionnaire waves,F3.0,,,TRUE,Retained
V3Q1,double,haven_labelled_spss|haven_labelled|vctrs_vctr|double,,"V3Q1 There will be elections for the European Parliament on [.]. On a scale from 0 to 10, where '0' means you ""definitely won’t vote"", '10' means you ""definitely will vote"", and '5' is "" in-between"", how likely or not is it that you will vote in this",F3.0,999|998|997,,TRUE,Retained
V3Q2,double,haven_labelled_spss|haven_labelled|vctrs_vctr|double,,"V3Q2 If you vote, which party do you expect to vote for?",F3.0,999|998|997,,TRUE,Retained
V3Q7,double,haven_labelled_spss|haven_labelled|vctrs_vctr|double,,"V3Q7 On a scale from 0 to 10, where '0' is ""no problem at all"", '10' is ""the most serious problem we face"", and '5' is ""exactly in the middle"", how serious a problem or not would you say immigration is?",F3.0,999|998|997,,TRUE,Retained
V3Q8b,double,haven_labelled_spss|haven_labelled|vctrs_vctr|double,,"V3Q8b some people think that [C] should send all illegal immigrants back to the countries they came from. Suppose these people are at one end of a 0-to-10 scale, at point 0. Other people think that [COUNTRY] should legalize all the illegal immigrants curr",F3.0,999|998|997,,TRUE,Retained
V3Q9_1,double,haven_labelled_spss|haven_labelled|vctrs_vctr|double,,"V3Q9_1 ""How strongly would you agree or disagree with each of the following statements?",F3.0,997|998|999,,TRUE,Retained
V3Q9_2,double,haven_labelled_spss|haven_labelled|vctrs_vctr|double,,V3Q9_2 The children of illegal immigrants should be eligible to attend public school,F3.0,997|998|999,,TRUE,Retained
V3Q9_3,double,haven_labelled_spss|haven_labelled|vctrs_vctr|double,,V3Q9_3 Decisions about what immigrants to admit should take no account of what country they are from,F3.0,997|998|999,,TRUE,Retained
V3Q10_1,double,haven_labelled_spss|haven_labelled|vctrs_vctr|double,,"V3Q10_1""On a 0-10 scale, where '0' is """"extremely unimportant"""", '10' is """"extremely important"""", how important or not would you say each of the following criteria should be in deciding what immigrants from non-EU countries",F3.0,997|998|999,,TRUE,Retained
V3Q10_2,double,haven_labelled_spss|haven_labelled|vctrs_vctr|double,,V3Q10_2 Having close family in [COUNTRY],F3.0,997|998|999,,TRUE,Retained
V3Q10_3,double,haven_labelled_spss|haven_labelled|vctrs_vctr|double,,V3Q10_3 Being able to speak [NATIONAL LANGUAGE],F3.0,997|998|999,,TRUE,Retained
V3Q10_4,double,haven_labelled_spss|haven_labelled|vctrs_vctr|double,,V3Q10_4 Being Christian,F3.0,997|998|999,,TRUE,Retained
V3Q10_5,double,haven_labelled_spss|haven_labelled|vctrs_vctr|double,,V3Q10_5 Being White,F3.0,997|998|999,,TRUE,Retained
V3Q10_6,double,haven_labelled_spss|haven_labelled|vctrs_vctr|double,,V3Q10_6 Being able to support oneself financially,F3.0,997|998|999,,TRUE,Retained
V3Q10_7,double,haven_labelled_spss|haven_labelled|vctrs_vctr|double,,V3Q10_7 Commitment to the [NATIONALITY] way of life,F3.0,997|998|999,,TRUE,Retained
V3Q10_8,double,haven_labelled_spss|haven_labelled|vctrs_vctr|double,,V3Q10_8 Coming from a similar culture,F3.0,997|998|999,,TRUE,Retained
V3Q11_1,double,haven_labelled_spss|haven_labelled|vctrs_vctr|double,,"V3Q11_1 ""And how strongly would you favour or oppose each of the following?",F3.0,997|998|999,,TRUE,Retained
V3Q11_2,double,haven_labelled_spss|haven_labelled|vctrs_vctr|double,,V3Q11_2 Imposing penalties on employers who hire illegal immigrants,F3.0,997|998|999,,TRUE,Retained
V3Q12,double,haven_labelled_spss|haven_labelled|vctrs_vctr|double,,"V3Q12 Generally speaking, what is your opinion on the number of people living in [C.] who are not citizens of European Union countries? Are there...?",F3.0,997|998|999,,TRUE,Retained
V3Q13_1,double,haven_labelled_spss|haven_labelled|vctrs_vctr|double,,V3Q13_1 How strongly would you agree or disagree with each of the following statements?     The contributions from working immigrants will help maintain the pension syste,F3.0,997|998|999,,TRUE,Retained
V3Q13_2,double,haven_labelled_spss|haven_labelled|vctrs_vctr|double,,V3Q13_2 Immigration increases crime in our society,F3.0,997|998|999,,TRUE,Retained
V3Q13_3,double,haven_labelled_spss|haven_labelled|vctrs_vctr|double,,V3Q13_3 Amnesty given to illegal immigrants will increase illegal immigration,F3.0,997|998|999,,TRUE,Retained
V3Q14,double,haven_labelled_spss|haven_labelled|vctrs_vctr|double,,"V3Q14 On a scale from 0 to 10, where 0 means that immigrants have a lot to offer to [C]’s cultural life, 10 means that immigrants threaten the [NATIONALITY] culture and 5 is exactly in the middle, where would you position yourself on this scale, or haven’",F3.0,997|998|999,,TRUE,Retained
V3Q15,double,haven_labelled_spss|haven_labelled|vctrs_vctr|double,,"V3Q15 On a scale from 0 to 10 where 0 means that Muslim immigrants have a lot to offer to [C]’s cultural life, 10 means that Muslim immigrants threaten [NATIONALITY] culture. and 5 is exactly in the middle, where would you position yourself on this scale,",F3.0,997|998|999,,TRUE,Retained
V3Q16,double,haven_labelled_spss|haven_labelled|vctrs_vctr|double,,"V3Q16 On a scale from 0 to 10, where 0 means that immigrants take jobs from native-born [NAT], 10 means that immigrants take the sorts of jobs that [NATIONALITY] don’t want and 5 is exactly in the middle, where would you position yourself on this scale,",F3.0,997|998|999,,TRUE,Retained
V3Q17,double,haven_labelled_spss|haven_labelled|vctrs_vctr|double,,"V3Q17 Of all the immigrants in [COUNTRY], what percentage do you think are there illegally? Please answer with a number between 0 and 100.",F3.0,997|998|999,,TRUE,Retained
V3Q18,double,haven_labelled_spss|haven_labelled|vctrs_vctr|double,,"V3Q18 On a scale from 0 to 10, where 0 means that imm. contribute more in taxes than they benefit from health and welfare services, 10 means that immi. benefit more from health and welfare services than they contribute in taxes and 5 is exactly in th",F3.0,997|998|999,,TRUE,Retained
V3Q19_1,double,haven_labelled_spss|haven_labelled|vctrs_vctr|double,,"V3Q19_1 On a scale from 0 to 10, where '0' is ""not at all"", '10' is ""completely"", and '5' is ""exactly in the middle"", how much would you say each of the following describes immigrants living here?                           Honest",F3.0,997|998|999,,TRUE,Retained
V3Q19_2,double,haven_labelled_spss|haven_labelled|vctrs_vctr|double,,V3Q19_2 Hardworking,F3.0,997|998|999,,TRUE,Retained
V3Q19_3,double,haven_labelled_spss|haven_labelled|vctrs_vctr|double,,V3Q19_3 Law-abiding,F3.0,997|998|999,,TRUE,Retained
V3Q19_4,double,haven_labelled_spss|haven_labelled|vctrs_vctr|double,,V3Q19_4 Respectful of women,F3.0,997|998|999,,TRUE,Retained
V3Q19_5,double,haven_labelled_spss|haven_labelled|vctrs_vctr|double,,V3Q19_5 Tolerant,F3.0,997|998|999,,TRUE,Retained
V3Q20,double,haven_labelled_spss|haven_labelled|vctrs_vctr|double,,"V3Q20 On a scale from 0 to 10, where '0' is ""no problem at all"", '10' is ""the most serious problem we face"", and '5' is ""exactly in the middle"", how serious a problem or not  would you say global climate change is?",F3.0,997|998|999,,TRUE,Retained
V3Q21,double,haven_labelled_spss|haven_labelled|vctrs_vctr|double,,"V3Q21 On a scale from 0 to 10, where '0' means that we should do everything possible to combat climate change, even if that hurts the economy, '10' means that we should do everything possible to maximize economic growth (...)",F3.0,997|998|999,,TRUE,Retained
V3Q22b_1,double,haven_labelled_spss|haven_labelled|vctrs_vctr|double,,"V3Q22b_1 How strongly would you agree or disagree with each of following statements? Manufacturers should be required to produce automobiles that need less fuel per mile driven, even if that means that they cost more to buy.",F3.0,997|998|999,,TRUE,Retained
V3Q22b_2,double,haven_labelled_spss|haven_labelled|vctrs_vctr|double,,"V3Q22b_2 Energy from renewable sources will be less expensive than energy from fossil fuels - such as coal, oil and gas - in the long run",F3.0,997|998|999,,TRUE,Retained
V3Q23,double,haven_labelled_spss|haven_labelled|vctrs_vctr|double,,V3Q23 What should the EU do about its existing climate change targets?  Should it...?,F3.0,997|998|999,,TRUE,Retained
V3Q24,double,haven_labelled_spss|haven_labelled|vctrs_vctr|double,,"V3Q24 On a scale from 0 to 10, where '0' means that energy should be produced in ways that minimize greenhouse gas emissions even if that means that energy costs more, '10' means that energy should be produced as cheaply as possible (...)",F3.0,997|998|999,,TRUE,Retained
V3Q25,double,haven_labelled_spss|haven_labelled|vctrs_vctr|double,,"V3Q25 On a scale from 0 to 10, where '0means that [C.] should do as much as it can to halt climate change, even if others do less,  '10' means that [COUNTRY] should only do as much as other countries do,  and 5 is exactly in the middle, where would you p",F3.0,997|998|999,,TRUE,Retained
V3Q26,double,haven_labelled_spss|haven_labelled|vctrs_vctr|double,,"V3Q26 On a scale from 0 to 10,where '0' means that the EU should reduce greenhouse gas emissions as rapidly and as much as possible even if that means that we have to make radical changes in the way we live,10' means that the EU should make no effort (..)",F3.0,997|998|999,,TRUE,Retained
V3Q27_1,double,haven_labelled_spss|haven_labelled|vctrs_vctr|double,,"V3Q27_1 On a scale from 0 to 10, where '0' is ""no priority at all"", '10' is ""the highest priority"", and '5' is ""exactly in the middle"", how much priority should be given to each of the following (..) climate change? Spending more on new technologi",F3.0,997|998|999,,TRUE,Retained
V3Q27_2,double,haven_labelled_spss|haven_labelled|vctrs_vctr|double,,V3Q27_2 Spending more on improving energy efficiency,F3.0,997|998|999,,TRUE,Retained
V3Q27_3,double,haven_labelled_spss|haven_labelled|vctrs_vctr|double,,V3Q27_3 Investing more in biofuels,F3.0,997|998|999,,TRUE,Retained
V3Q27_4,double,haven_labelled_spss|haven_labelled|vctrs_vctr|double,,V3Q27_4 Investing more in nuclear energy,F3.0,997|998|999,,TRUE,Retained
V3Q27_5,double,haven_labelled_spss|haven_labelled|vctrs_vctr|double,,"V3Q27_5 Investing more in renewable energy sources like wind, hydro, wave and solar power",F3.0,997|998|999,,TRUE,Retained
V3Q27_6,double,haven_labelled_spss|haven_labelled|vctrs_vctr|double,,V3Q27_ 6 Reducing the quantity of goods and services we consume,F3.0,997|998|999,,TRUE,Retained
V3Q27_7,double,haven_labelled_spss|haven_labelled|vctrs_vctr|double,,V3Q27_7 Making more use of emissions trading systems and other financial and tax incentives,F3.0,997|998|999,,TRUE,Retained
V3Q27_8,double,haven_labelled_spss|haven_labelled|vctrs_vctr|double,,V3Q27_8 Educating people about renewable energy and energy conservation,F3.0,997|998|999,,TRUE,Retained
V3Q27_9,double,haven_labelled_spss|haven_labelled|vctrs_vctr|double,,V3Q27_9 Getting people and businesses to use less energy,F3.0,997|998|999,,TRUE,Retained
V3Q28_1,double,haven_labelled_spss|haven_labelled|vctrs_vctr|double,,"V3Q28_1 What percentage of the EU’s total energy consumption would you like to see come from the following energy sources? I’ll ask them one at a time. Please answer with numbers between '0' and '100'. Fossil fuels such as coal, oil and gas",F3.0,997|998|999,,TRUE,Retained
V3Q28_2,double,haven_labelled_spss|haven_labelled|vctrs_vctr|double,,V3Q28_2 Biofuels,F3.0,997|998|999,,TRUE,Retained
V3Q28_3,double,haven_labelled_spss|haven_labelled|vctrs_vctr|double,,V3Q28_3 Nuclear power,F3.0,997|998|999,,TRUE,Retained
V3Q28_4,double,haven_labelled_spss|haven_labelled|vctrs_vctr|double,,"V3Q28_4 Renewables such as hydro, wind and solar power",F3.0,997|998|999,,TRUE,Retained
V3Q29_1,double,haven_labelled_spss|haven_labelled|vctrs_vctr|double,,V3Q29_1 And what percentage of the EU’s total energy consumption would you say currently comes from each of those same sources? FOSSIL FUEL,F3.0,997|998|999,,TRUE,Retained
V3Q29_2,double,haven_labelled_spss|haven_labelled|vctrs_vctr|double,,V3Q29_ 2 Biofuels,F3.0,997|998|999,,TRUE,Retained
V3Q29_3,double,haven_labelled_spss|haven_labelled|vctrs_vctr|double,,V3Q29_3 Nuclear power,F3.0,997|998|999,,TRUE,Retained
V3Q29_4,double,haven_labelled_spss|haven_labelled|vctrs_vctr|double,,V3Q29_4 Renewables,F3.0,997|998|999,,TRUE,Retained
V3Q31_1,double,haven_labelled_spss|haven_labelled|vctrs_vctr|double,,"V3Q31_1 And on a scale from 0 to 10, where '0' means ""entirely at the EU level"", '10' means ""entirely by the individual M. S."", and '5' is ""exactly in the middle"", at what level do you think decisions should be made in each of the following areas?  Immigr",F3.0,997|998|999,,TRUE,Retained
V3Q31_2,double,haven_labelled_spss|haven_labelled|vctrs_vctr|double,,V3Q31_2 Climate Change,F3.0,997|998|999,,TRUE,Retained
V3Q31_3,double,haven_labelled_spss|haven_labelled|vctrs_vctr|double,,V3Q31_3 Fighting unemployment,F3.0,997|998|999,,TRUE,Retained
V3Q31_4,double,haven_labelled_spss|haven_labelled|vctrs_vctr|double,,V3Q31_4 Fighting crime,F3.0,997|998|999,,TRUE,Retained
V3Q32_1,double,haven_labelled_spss|haven_labelled|vctrs_vctr|double,,"V3Q32_1On a scale from 0 to 10, where '0' means that decisions made at the EU level should require the unanimous agreement of all the M.S., '10' means  that decisions made at the EU level should require only the agreement of M. S representing (..)",F3.0,997|998|999,,TRUE,Retained
V3Q32_2,double,haven_labelled_spss|haven_labelled|vctrs_vctr|double,,"V3Q32_2 Legal immigration, including asylum",F3.0,997|998|999,,TRUE,Retained
V3Q32_3,double,haven_labelled_spss|haven_labelled|vctrs_vctr|double,,V3Q32_3 Climate change,F3.0,997|998|999,,TRUE,Retained
V3Q33a,double,haven_labelled_spss|haven_labelled|vctrs_vctr|double,,"V3Q33a On a scale from 0 to 10, where '0' is ""not at all"", '10' is ""completely"", and '5' is ""exactly in the middle"", how much would you say you think of yourself as being European?",F3.0,997|998|999,,TRUE,Retained
V3Q33b,double,haven_labelled_spss|haven_labelled|vctrs_vctr|double,,"V3Q33b And on the same 0 to 10 scale, how much would you say you think of yourself as just being from your [COUNTRY]?",F3.0,997|998|999,,TRUE,Retained
V3Q34,double,haven_labelled_spss|haven_labelled|vctrs_vctr|double,,"V3Q34 And if you had to choose just one of the following alternatives, what would you say you see yourself as…?",F3.0,997|998|999,,TRUE,Retained
V3Q35,double,haven_labelled_spss|haven_labelled|vctrs_vctr|double,,"V3Q35 Generally speaking, do you think that [COUNTRY]'s membership of the European Union is...?",F3.0,997|998|999,,TRUE,Retained
V3Q36,double,haven_labelled_spss|haven_labelled|vctrs_vctr|double,,"V3Q36 On a 0 to 10 scale, where '0 means that [C.] has ""not benefitted at all"" from being a member of the EU, '10' means it has ""benefited enormously"", and '5' is ""exactly in the middle"", using this scale, would you say that on balance [COUNTRY] has benef",F3.0,997|998|999,,TRUE,Retained
V3Q37,double,haven_labelled_spss|haven_labelled|vctrs_vctr|double,,"V3Q37 On a scale from 0 to 10, where '0' is ""not at all"", '10' is ""passionately"", and '5' is ""exactly in the middle"", how interested or not would you say you generally are in politics?",F3.0,997|998|999,,TRUE,Retained
V3Q40,double,haven_labelled_spss|haven_labelled|vctrs_vctr|double,,V3Q40 How much of a difference would you say it makes who is in power in [COUNTRY]?,F3.0,997|998|999,,TRUE,Retained
V3Q41,double,haven_labelled_spss|haven_labelled|vctrs_vctr|double,,V3Q41 How much would you say that what happens to the EU as a whole affects people like you?,F3.0,997|998|999,,TRUE,Retained
V3Q42_1,double,haven_labelled_spss|haven_labelled|vctrs_vctr|double,,V3Q42_1 How strongly would you agree or disagree with each of the following statements?  You would be seriously neglecting your duty as a citizen if you didn’t vote in elections for the European Parliament,F3.0,997|998|999,,TRUE,Retained
V3Q42_2,double,haven_labelled_spss|haven_labelled|vctrs_vctr|double,,V3Q42_2 Sometimes politics and the government seem so complicated that a person like you can't really understand what's going on,F3.0,997|998|999,,TRUE,Retained
V3Q42_3,double,haven_labelled_spss|haven_labelled|vctrs_vctr|double,,V3Q42_3 You  have opinions about politics that are worth listening to,F3.0,997|998|999,,TRUE,Retained
V3Q43,double,haven_labelled_spss|haven_labelled|vctrs_vctr|double,,V3Q43 Is the main decision-making body of the European Union the…?,F3.0,997|998|999,,TRUE,Retained
V3Q44,double,haven_labelled_spss|haven_labelled|vctrs_vctr|double,,V3Q44 Only one of the following statements about the European Parliament is false. Which one is it?,F3.0,997|998|999,,TRUE,Retained
V3Q45,double,haven_labelled_spss|haven_labelled|vctrs_vctr|double,,V3Q45 Is the European Union represented on the international stage by the…?,F3.0,997|998|999,,TRUE,Retained
V3Q46,double,haven_labelled_spss|haven_labelled|vctrs_vctr|double,,V3Q46 Which of the following is true of Blue card workers?,F3.0,997|998|999,,TRUE,Retained
V3Q47,double,haven_labelled_spss|haven_labelled|vctrs_vctr|double,,V3Q47 Which of the following is true about the ways in which immigration policy is currently made?,F3.0,997|998|999,,TRUE,Retained
V3Q48,double,haven_labelled_spss|haven_labelled|vctrs_vctr|double,,V3Q48 Which of the following is true of the EU’s immigrants...?,F3.0,997|998|999,,TRUE,Retained
V3Q49,double,haven_labelled_spss|haven_labelled|vctrs_vctr|double,,"V3Q49 The percentage of the EU’s total energy consumption that comes from fossil fuels (coal, gas or oil) is about...?",F3.0,997|998|999,,TRUE,Retained
V3Q50,double,haven_labelled_spss|haven_labelled|vctrs_vctr|double,,V3Q50 Which of the following produces the most greenhouse gases?,F3.0,997|998|999,,TRUE,Retained
V3Q51,double,haven_labelled_spss|haven_labelled|vctrs_vctr|double,,V3Q51 Which of the following is true about wind power in the European Union?,F3.0,997|998|999,,TRUE,Retained
V3Q52_1,double,haven_labelled_spss|haven_labelled|vctrs_vctr|double,,"V3Q52_1 Here are some things that people find more or less important for themselves or society to have. On a scale of 0 to 10, where '0' is ""not at all important"", '10' is ""extremely important"", and '5' is ""exactly in the middle"", how importanT (..)",F3.0,997|998|999,,TRUE,Retained
V3Q52_2,double,haven_labelled_spss|haven_labelled|vctrs_vctr|double,,V3Q52_2 Preserving our traditions and customs,F3.0,997|998|999,,TRUE,Retained
V3Q52_3,double,haven_labelled_spss|haven_labelled|vctrs_vctr|double,,V3Q52_3 Promoting economic growth,F3.0,997|998|999,,TRUE,Retained
V3Q52_4,double,haven_labelled_spss|haven_labelled|vctrs_vctr|double,,V3Q52_4 Keeping our air and water clean,F3.0,997|998|999,,TRUE,Retained
V3Q52_5,double,haven_labelled_spss|haven_labelled|vctrs_vctr|double,,V3Q52_5 Protecting the planet,F3.0,997|998|999,,TRUE,Retained
V3Q52_6,double,haven_labelled_spss|haven_labelled|vctrs_vctr|double,,V3Q52_6 Getting to know people from different backgrounds,F3.0,997|998|999,,TRUE,Retained
V3Q63,double,haven_labelled_spss|haven_labelled|vctrs_vctr|double,,V3Q63 How much of the briefing material you were sent would you say you have read?,F3.0,997|998|999,,TRUE,Retained
V3Q64,double,haven_labelled_spss|haven_labelled|vctrs_vctr|double,,"V3Q64 On a 0 to 10 scale, where '0' means ""the briefing material clearly favoured some positions over others"", '10' means ""completely balanced"", and '5' is exactly ""in the middle"", how balanced or not would you say the briefing material was?",F3.0,997|998|999,,TRUE,Retained
V3Q65_1,double,haven_labelled_spss|haven_labelled|vctrs_vctr|double,,"V3Q65_1 On a 0 to 10 scale, where '0' means ""a complete waste of time"", '10' means ""extr. useful"" and '5' is ""exactly in the middle"", how useful or not were each of the following elements in clarifying your thinking about issues? Participating in the sm",F3.0,999|998|997,,TRUE,Retained
V3Q65_2,double,haven_labelled_spss|haven_labelled|vctrs_vctr|double,,V3Q65_2 Meeting and talking to other participants outside of the formal discussions,F3.0,999|998|997,,TRUE,Retained
V3Q65_3,double,haven_labelled_spss|haven_labelled|vctrs_vctr|double,,V3Q65_3 Participating in the plenary session with experts,F3.0,999|998|997,,TRUE,Retained
V3Q65_4,double,haven_labelled_spss|haven_labelled|vctrs_vctr|double,,V3Q65_4 Participating in the plenary session with politicians,F3.0,999|998|997,,TRUE,Retained
V3Q65_5,double,haven_labelled_spss|haven_labelled|vctrs_vctr|double,,V3Q65_5 The briefing document,F3.0,999|998|997,,TRUE,Retained
V3Q65_6,double,haven_labelled_spss|haven_labelled|vctrs_vctr|double,,V3Q65_6 The event as a whole,F3.0,999|998|997,,TRUE,Retained
V3Q66_1,double,haven_labelled_spss|haven_labelled|vctrs_vctr|double,,"V3Q66_1 On a 0 to 10 scale, where '0' means ""completely disagree"", '10' means ""completely agree"", and '5' is ""exactly in the middle"", how strongly would you agree or disagree with each of the following ? The members of my small group participated equ",F3.0,999|998|997,,TRUE,Retained
V3Q66_2,double,haven_labelled_spss|haven_labelled|vctrs_vctr|double,,V3Q66_2 My small group moderator sometimes tried to influence the group with her/ his ideas,F3.0,999|998|997,,TRUE,Retained
V3Q66_3,double,haven_labelled_spss|haven_labelled|vctrs_vctr|double,,V3Q66_3 My small group moderator tried to make sure that opposing arguments were considered,F3.0,999|998|997,,TRUE,Retained
V3Q66_4,double,haven_labelled_spss|haven_labelled|vctrs_vctr|double,,V3Q66_4 I learned a lot about people different from me – about who they are and how they live,F3.0,999|998|997,,TRUE,Retained
V3Q66_5,double,haven_labelled_spss|haven_labelled|vctrs_vctr|double,,V3Q66_5 I had ample opportunity in the small group discussions to express my views,F3.0,999|998|997,,TRUE,Retained
V3Q66_6,double,haven_labelled_spss|haven_labelled|vctrs_vctr|double,,V3Q66_6 I kept some of my thoughts to myself for fear of the reactions of others,F3.0,999|998|997,,TRUE,Retained
V3Q66_7,double,haven_labelled_spss|haven_labelled|vctrs_vctr|double,,V3Q66_7 Most participants seemed to mainly care  about their own country and not about the European Union,F3.0,999|998|997,,TRUE,Retained
V3Q66_8,double,haven_labelled_spss|haven_labelled|vctrs_vctr|double,,"V3Q66_8 My fellow participants respected what I had to say, even when they didn’t agree",F3.0,999|998|997,,TRUE,Retained
V3Q66_9,double,haven_labelled_spss|haven_labelled|vctrs_vctr|double,,V3Q66_9 Despite simultaneous translations I had problems to follow the debate as if it were in my own language,F3.0,999|998|997,,TRUE,Retained
V3Q66_10,double,haven_labelled_spss|haven_labelled|vctrs_vctr|double,,"V3Q66_10 Overall, I feel that people expressed what was truly on their mind.",F3.0,999|998|997,,TRUE,Retained
V3Q66_11,double,haven_labelled_spss|haven_labelled|vctrs_vctr|double,,V3Q66_11 Many people expressed strong views without offering justifications,F3.0,999|998|997,,TRUE,Retained
V3Q66_12,double,haven_labelled_spss|haven_labelled|vctrs_vctr|double,,V3Q66_12 Most people had made up their minds and the discussion had little effect on them,F3.0,999|998|997,,TRUE,Retained
V4_A1,double,haven_labelled|vctrs_vctr|double,,V4_A1. Type of Refusal,F1.0,,,TRUE,Retained
V4_B1,double,haven_labelled|vctrs_vctr|double,,V4_B1. Reasons for Refusal,F1.0,,,TRUE,Retained
V4Q3,double,haven_labelled_spss|haven_labelled|vctrs_vctr|double,,"V4Q3. Some people voted in the European Parliament Elections of [DATE], and some didn’t. Did you vote?",F1.0,999,,TRUE,Retained
V4Q4,double,haven_labelled|vctrs_vctr|double,,V4Q4. Which party did you vote for?,F4.0,,,TRUE,Retained
V4Q5,double,haven_labelled|vctrs_vctr|double,,"V4Q5. If you had voted, which party would you have voted for?",F4.0,,,TRUE,Retained
V4Q6_1,double,haven_labelled_spss|haven_labelled|vctrs_vctr|double,,"V4Q6_1. On a scale from 0 to 10, where '0' means you 'would never vote for the party', '10' means that you 'would always vote for it', and '5' is 'exactly in the middle', how likely or not it is that would ever vote for each of the following parties?",F4.0,999,,TRUE,Retained
V4Q6_2,double,haven_labelled_spss|haven_labelled|vctrs_vctr|double,,"V4Q6_2. On a scale from 0 to 10, where '0' means you 'would never vote for the party', '10' means that you 'would always vote for it', and '5' is 'exactly in the middle', how likely or not it is that would ever vote for each of the following parties?",F4.0,999,,TRUE,Retained
V4Q6_3,double,haven_labelled_spss|haven_labelled|vctrs_vctr|double,,"V4Q6_3. On a scale from 0 to 10, where '0' means you 'would never vote for the party', '10' means that you 'would always vote for it', and '5' is 'exactly in the middle', how likely or not it is that would ever vote for each of the following parties?",F4.0,999,,TRUE,Retained
V4Q6_4,double,haven_labelled_spss|haven_labelled|vctrs_vctr|double,,"V4Q6_4. On a scale from 0 to 10, where '0' means you 'would never vote for the party', '10' means that you 'would always vote for it', and '5' is 'exactly in the middle', how likely or not it is that would ever vote for each of the following parties?",F4.0,999,,TRUE,Retained
V4Q6_5,double,haven_labelled_spss|haven_labelled|vctrs_vctr|double,,"V4Q6_5. On a scale from 0 to 10, where '0' means you 'would never vote for the party', '10' means that you 'would always vote for it', and '5' is 'exactly in the middle', how likely or not it is that would ever vote for each of the following parties?",F4.0,999,,TRUE,Retained
V4Q6_6,double,haven_labelled_spss|haven_labelled|vctrs_vctr|double,,"V4Q6_6. On a scale from 0 to 10, where '0' means you 'would never vote for the party', '10' means that you 'would always vote for it', and '5' is 'exactly in the middle', how likely or not it is that would ever vote for each of the following parties?",F4.0,999,,TRUE,Retained
V4Q6_7,double,haven_labelled_spss|haven_labelled|vctrs_vctr|double,,"V4Q6_7. On a scale from 0 to 10, where '0' means you 'would never vote for the party', '10' means that you 'would always vote for it', and '5' is 'exactly in the middle', how likely or not it is that would ever vote for each of the following parties?",F4.0,999,,TRUE,Retained
V4Q6_8,double,haven_labelled_spss|haven_labelled|vctrs_vctr|double,,"V4Q6_8. On a scale from 0 to 10, where '0' means you 'would never vote for the party', '10' means that you 'would always vote for it', and '5' is 'exactly in the middle', how likely or not it is that would ever vote for each of the following parties?",F4.0,999,,TRUE,Retained
V4Q6_9,double,haven_labelled_spss|haven_labelled|vctrs_vctr|double,,"V4Q6_9. On a scale from 0 to 10, where '0' means you 'would never vote for the party', '10' means that you 'would always vote for it', and '5' is 'exactly in the middle', how likely or not it is that would ever vote for each of the following parties?",F4.0,999,,TRUE,Retained
V4Q6_10,double,haven_labelled_spss|haven_labelled|vctrs_vctr|double,,"V4Q6_10.On a scale from 0 to 10, where '0' means you 'would never vote for the party', '10' means that you 'would always vote for it', and '5' is 'exactly in the middle', how likely or not it is that would ever vote for each of the following parties?",F4.0,999,,TRUE,Retained
V4Q7,double,haven_labelled_spss|haven_labelled|vctrs_vctr|double,,"V4Q7. On a scale from 0 to 10, where '0' is 'no problem at all', '10' is 'the most serious problem we face', and '5' is 'exactly in the middle', how serious a problem or not would you say immigration is?",F4.0,999,,TRUE,Retained
V4Q8a,double,haven_labelled_spss|haven_labelled|vctrs_vctr|double,,"V4Q8a. Some people think that [COUNTRY] should send all illegal immigrants back to the countries they came from.Suppose these people are at one end of a 0-to-10 scale, at point 0.Other people think that [COUNTRY] should legalize all the illegal immigrants",F4.0,999,,TRUE,Retained
V4Q9_1,double,haven_labelled_spss|haven_labelled|vctrs_vctr|double,,V4Q9_1. Illegal immigrants should be eligible for national health care - How strongly would you agree or disagree with each of the following statements?,F1.0,997|999,,TRUE,Retained
V4Q9_2,double,haven_labelled_spss|haven_labelled|vctrs_vctr|double,,V4Q9_2. The children of illegal immigrants should be eligible to attend public school - How strongly would you agree or disagree with each of the following statements?,F1.0,997|999,,TRUE,Retained
V4Q9_3,double,haven_labelled_spss|haven_labelled|vctrs_vctr|double,,V4Q9_3. Decisions about what immigrants to admit should take no account of what country they are from - How strongly would you agree or disagree with each of the following statements?,F1.0,997|999,,TRUE,Retained
V4Q10_1,double,haven_labelled_spss|haven_labelled|vctrs_vctr|double,,"V4Q10_1. Having job skills that employers need - On a 0-10 scale, where '0' is 'extremely unimportant', '10' is 'extremely important', and '5' is 'ex. in the middle', how important or not would you say each of the following criteria should be in deciding",F2.0,999,,TRUE,Retained
V4Q10_2,double,haven_labelled_spss|haven_labelled|vctrs_vctr|double,,"V4Q10_2. Having close family in [COUNTRY]On a 0-10 scale, where '0' is 'extremely unimportant', '10' is 'extremely important', and '5' is 'exactly in the middle', how important or not would you say each of the following criteria should be in deciding what",F2.0,999,,TRUE,Retained
V4Q10_3,double,haven_labelled_spss|haven_labelled|vctrs_vctr|double,,"V4Q10_3.Being able to speak [NATIONAL LANGUAGE. WHEN MORE THAN ONE OFFICIAL LANGUAGE, THEN LANG. 1 OR LANG.2] On a 0-10 scale, where '0' is 'extremely unimportant', '10' is 'extremely important', and '5' is 'exactly in the middle', how important or not wo",F2.0,999,,TRUE,Retained
V4Q10_4,double,haven_labelled_spss|haven_labelled|vctrs_vctr|double,,"V4Q10_4. Being Christian - On a 0-10 scale, where '0' is 'extremely unimportant', '10' is 'extr important', and '5' is 'exactly in the middle', how important or not would you say each of the following criteria should be in deciding what immigrants from",F2.0,999,,TRUE,Retained
V4Q10_5,double,haven_labelled_spss|haven_labelled|vctrs_vctr|double,,"V4Q10_5. Being White - On a 0-10 scale, where '0' is 'extremely unimportant', '10' is 'extr. important', and '5' is 'exactly in the middle', how important or not would you say each of the following criteria should be in deciding what immigrants from non-",F2.0,999,,TRUE,Retained
V4Q10_6,double,haven_labelled_spss|haven_labelled|vctrs_vctr|double,,"V4Q10_6. Being able to support oneself financially - On a 0-10 scale, where '0' is 'extremely unimportant'10' is 'extremely important', and '5' is 'exactly in the middle', how important or not would you say each of the following criteria should be in deci",F2.0,999,,TRUE,Retained
V4Q10_7,double,haven_labelled_spss|haven_labelled|vctrs_vctr|double,,"V4Q10_7.Commitment to the [NATIONALITY] way of life - On a 0-10 scale, where '0' is 'extremely unimportant '10' is 'extremely important', and '5' is 'exactly in the middle', how important or not would you say each of the following criteria should be in de",F2.0,999,,TRUE,Retained
V4Q10_8,double,haven_labelled_spss|haven_labelled|vctrs_vctr|double,,"V4Q10_8. Coming from a similar culture - On a 0-10 scale, where '0' is 'extremely unimportant', '10' is 'extr important', and '5' is 'exactly in the middle', how important or not would you say each of the following criteria should be in deciding what im",F2.0,999,,TRUE,Retained
V4Q11_1,double,haven_labelled_spss|haven_labelled|vctrs_vctr|double,,V4Q11_1. Reinforcing border controls - And how strongly would you favour or oppose each of the following?,F1.0,997|999,,TRUE,Retained
V4Q11_2,double,haven_labelled_spss|haven_labelled|vctrs_vctr|double,,V4Q11_2. Imposing penalties on employers who hire illegal immigrants - And how strongly would you favour or oppose each of the following?,F1.0,997|999,,TRUE,Retained
V4Q12,double,haven_labelled_spss|haven_labelled|vctrs_vctr|double,,"V4Q12. Generally speaking, what is your opinion on the number of people living in [COUNTRY] who are not citizens of the European Union countries? Are there...?",F1.0,997|999,,TRUE,Retained
V4Q13_1,double,haven_labelled_spss|haven_labelled|vctrs_vctr|double,,V4Q13_1. The contributions from working immigrants will help maintain the pension system - How strongly would you agree or disagree with each of the following statements?,F1.0,997|999,,TRUE,Retained
V4Q13_2,double,haven_labelled_spss|haven_labelled|vctrs_vctr|double,,V4Q13_2. Immigration increases crime in our society - How strongly would you agree or disagree with each of the following statements?,F1.0,997|999,,TRUE,Retained
V4Q13_3,double,haven_labelled_spss|haven_labelled|vctrs_vctr|double,,V4Q13_3. Amnesty given to illegal immigrants will increase illegal immigration - How strongly would you agree or disagree with each of the following statements?,F1.0,997|999,,TRUE,Retained
V4Q15,double,haven_labelled_spss|haven_labelled|vctrs_vctr|double,,"V4Q15.On a scale from 0 to 10 where 0 means that  Muslim immigrants have a lot to offer to [COUNTRY]’s cultural life, 10 means that Muslim immigrants threaten[NATIONALITY]culture, and 5 is exactly in the middle, where would you position yourself on this s",F2.0,999,,TRUE,Retained
V4Q16,double,haven_labelled_spss|haven_labelled|vctrs_vctr|double,,"V4Q16. On a scale from  0 to 10 where 0 means that immigrants take jobs from native-born [NATIONALITY]10 means that immigrants take the sorts of jobs that[NATIONALITY]don't want and 5 is exactly in the middle, where would you position yourself on this sc",F2.0,999,,TRUE,Retained
V4Q20,double,haven_labelled_spss|haven_labelled|vctrs_vctr|double,,"V4Q20. On a scale from 0 to 10, where '0' is 'no problem at all', '10' is 'the most serious problem we face', and '5' is 'exactly in the middle', how serious a problem or not  would you say global climate change is?",F2.0,999,,TRUE,Retained
V4Q21,double,haven_labelled_spss|haven_labelled|vctrs_vctr|double,,"V4Q21. On a scale from 0 to 10, where '0' means that we should do everything possible to combat climate change, even if that hurts the economy10' means that we should do everything possible to maximize economic growth, even if that hurts efforts to combat",F2.0,999,,TRUE,Retained
V4Q22a,double,haven_labelled_spss|haven_labelled|vctrs_vctr|double,,V4Q22a. How strongly would you agree or disagree with the following statement: How much a country is asked to pay to combat climate change should depend on how rich or poor it is.,F1.0,997|999,,TRUE,Retained
V4Q23,double,haven_labelled_spss|haven_labelled|vctrs_vctr|double,,V4Q23. What should the EU do about its existing climate change targets?  Should it...?,F1.0,997|999,,TRUE,Retained
V4Q30_1,double,haven_labelled_spss|haven_labelled|vctrs_vctr|double,,"V4Q30_1.Fighting unemployment - In most European countries today, political decisions are made at three different levels of government:at the regional level, at the national level, and at the European Union level. In your opinion who should be responsible",F1.0,997|999,,TRUE,Retained
V4Q30_2,double,haven_labelled_spss|haven_labelled|vctrs_vctr|double,,"V4Q30_2.Climate change-In most European countries today, political decisions are made at three different levels of government: at the regional level, at the national level, and at the European Union level. In your opinion who should be responsible for eac",F1.0,997|999,,TRUE,Retained
V4Q30_3,double,haven_labelled_spss|haven_labelled|vctrs_vctr|double,,"V4Q30_3.Immigration policy-In most European countries today, political decisions are made at three different levels of government: at the regional level, at the national level, and at the European Union level. In your opinion who should be responsible for",F1.0,997|999,,TRUE,Retained
V4Q30_4,double,haven_labelled_spss|haven_labelled|vctrs_vctr|double,,"V4Q30_4.Fight against crime-In most European countries today, political decisions are made at three different levels of government: at the regional level, at the national level, and at the European Union level. In your opinion who should be responsible fo",F1.0,997|999,,TRUE,Retained
V4Q33a,double,haven_labelled_spss|haven_labelled|vctrs_vctr|double,,"V4Q33a. On a scale from 0 to 10, where '0' is 'not at all', '10' is 'completely', and '5' is 'exactly in the middle', how much would you say you think of yourself as being European?",F2.0,999,,TRUE,Retained
V4Q33b,double,haven_labelled_spss|haven_labelled|vctrs_vctr|double,,"V4Q33b. And on the same 0 to 10 scale, how much would you say you think of yourself as just being from your [COUNTRY]?",F2.0,999,,TRUE,Retained
V4Q34,double,haven_labelled_spss|haven_labelled|vctrs_vctr|double,,"V4Q34. And if you had to choose just one of the following alternatives, what would you say you see yourself as…?",F1.0,997|999,,TRUE,Retained
V4Q35,double,haven_labelled_spss|haven_labelled|vctrs_vctr|double,,"V4Q35. Generally speaking, do you think that [COUNTRY]'s membership of the European Union is...?",F1.0,997|999,,TRUE,Retained
V4Q36,double,haven_labelled_spss|haven_labelled|vctrs_vctr|double,,"V4Q36. On a 0 to 10 scale, where 0 means that[COUNTRY]has 'not benefitted at all' from being a member of the EU, '10' means it has 'benefited enormously', and '5' is 'exactly in the middle', using this scale, would you say that on balance [COUNTRY] has b",F2.0,999,,TRUE,Retained
V4Q37,double,haven_labelled_spss|haven_labelled|vctrs_vctr|double,,"V4Q37. On a scale from 0 to 10, where '0' is 'not at all', '10' is 'passionately', and '5' is 'exactly in the middle', how interested or not would you say you generally are in politics?",F2.0,999,,TRUE,Retained
V4Q38,double,haven_labelled_spss|haven_labelled|vctrs_vctr|double,,"V4Q38. On the whole, how satisfied or not are you with the way democracy works in [COUNTRY]? Are you…?",F1.0,997|999,,TRUE,Retained
V4Q39,double,haven_labelled_spss|haven_labelled|vctrs_vctr|double,,"V4Q39. On the whole, how satisfied or not are you with the way democracy works in the European Union? Are you…?",F1.0,997|999,,TRUE,Retained
V4Q40,double,haven_labelled_spss|haven_labelled|vctrs_vctr|double,,V4Q40. How much of a difference would you say it makes who is in power in [COUNTRY]?,F1.0,997|999,,TRUE,Retained
V4Q41,double,haven_labelled_spss|haven_labelled|vctrs_vctr|double,,V4Q41. How much would you say that what happens to the EU as a whole affects people like you?,F1.0,997|999,,TRUE,Retained
V4Q42_1,double,haven_labelled_spss|haven_labelled|vctrs_vctr|double,,V4Q42_1. You would be seriously neglecting your duty as a citizen if you didn’t vote in elections for the European Parliament - How strongly would you agree or disagree with each of the following statements?,F1.0,997|999,,TRUE,Retained
V4Q42_2,double,haven_labelled_spss|haven_labelled|vctrs_vctr|double,,V4Q42_2. Sometimes politics and the government seem so complicated that a person like you can't really understand what's going on - How strongly would you agree or disagree with each of the following statements?,F1.0,997|999,,TRUE,Retained
V4Q42_3,double,haven_labelled_spss|haven_labelled|vctrs_vctr|double,,V4Q42_3. You  have opinions about politics that are worth listening to - How strongly would you agree or disagree with each of the following statements?,F1.0,997|999,,TRUE,Retained
V4Q43,double,haven_labelled_spss|haven_labelled|vctrs_vctr|double,,V4Q43. Is the main decision-making body of the European Union the…?,F1.0,999,,TRUE,Retained
V4Q44,double,haven_labelled_spss|haven_labelled|vctrs_vctr|double,,V4Q44. Only one of the following statements about the European Parliament is false. Which one is it?,F1.0,999,,TRUE,Retained
V4Q46,double,haven_labelled_spss|haven_labelled|vctrs_vctr|double,,V4Q46. Which of the following is true of Blue card workers?,F1.0,999,,TRUE,Retained
V4Q47,double,haven_labelled_spss|haven_labelled|vctrs_vctr|double,,V4Q47. Which of the following is true about the ways in which immigration policy is currently made?,F1.0,999,,TRUE,Retained
V4Q49,double,haven_labelled_spss|haven_labelled|vctrs_vctr|double,,"V4Q49. The percentage of the EU’s total energy consumption that comes from fossil fuels (coal, gas or oil) is about...?",F1.0,999,,TRUE,Retained
V4Q50,double,haven_labelled_spss|haven_labelled|vctrs_vctr|double,,V4Q50. Which of the following produces the most greenhouse gases?,F1.0,999,,TRUE,Retained
V4_leftright14,double,haven_labelled_spss|haven_labelled|vctrs_vctr|double,,LEFTRIGHT14. In political matters people talk of 'the left' and 'the right'. What is your position? Please indicate your views using any number on a scale where '0' means 'left' and '10' means 'right.' Which number best describes your position?,F2.0,999,,TRUE,Retained
V4_p1_1,double,numeric,,V4P1_1. DAY - DATE OF INTERVIEW,F2.0,,,TRUE,Retained
V4_p1_2,double,numeric,,V4P1_2. MONTH - DATE OF INTERVIEW,F2.0,,,TRUE,Retained
V4_p2_1,double,numeric,,V4P2_1. HOUR - TIME OF THE BEGINNING OF THE INTERVIEW,F2.0,,,TRUE,Retained
V4_p2_2,double,numeric,,V4P2_2. MINUTES - TIME OF THE BEGINNING OF THE INTERVIEW,F2.0,,,TRUE,Retained
V4_p3,double,numeric,,V4P3. NUMBER OF MINUTES THE INTERVIEW LASTED,F3.0,,,TRUE,Retained
V4_p4,double,haven_labelled|vctrs_vctr|double,,V4P4. Respondent cooperation,F1.0,,,TRUE,Retained
V4_p5,double,numeric,,V4P5. Size of locality,F2.0,,,TRUE,Retained
V4_p6,double,haven_labelled|vctrs_vctr|double,,V4P6. Region,F2.0,,,TRUE,Retained
V4_p7,double,numeric,,V4P7. Postal code,F8.0,,,TRUE,Retained
V4_p8,double,numeric,,V4P8. Sample point number (face-to-face only),F8.0,,,TRUE,Retained
V4_p9,double,numeric,,V4P9. Interviewer number,F8.0,,,TRUE,Retained
V4_p10,double,haven_labelled|vctrs_vctr|double,,V4P10. Language of interview,F1.0,,,TRUE,Retained
filter_$,double,haven_labelled|vctrs_vctr|double,,COUNTRY1 = 3 (FILTER),F1.0,,,TRUE,Retained
V4Q6_1bis,double,haven_labelled_spss|haven_labelled|vctrs_vctr|double,,"V4Q6_1bis. On a scale from 0 to 10, where '0' means you 'would never vote for the party', '10' means that you 'would always vote for it', and '5' is 'exactly in the middle', how likely or not it is that would ever vote for each of the following parties?",F8.0,999|998|997,,TRUE,Retained
V4Q6_2bis,double,haven_labelled_spss|haven_labelled|vctrs_vctr|double,,"V4Q6_2bis. On a scale from 0 to 10, where '0' means you 'would never vote for the party', '10' means that you 'would always vote for it', and '5' is 'exactly in the middle', how likely or not it is that would ever vote for each of the following parties?",F8.0,999|998|997,,TRUE,Retained
V4Q6_3bis,double,haven_labelled_spss|haven_labelled|vctrs_vctr|double,,"V4Q6_3bis. On a scale from 0 to 10, where '0' means you 'would never vote for the party', '10' means that you 'would always vote for it', and '5' is 'exactly in the middle', how likely or not it is that would ever vote for each of the following parties?",F8.0,999|998|997,,TRUE,Retained
V4Q6_4bis,double,haven_labelled_spss|haven_labelled|vctrs_vctr|double,,"V4Q6_4bis. On a scale from 0 to 10, where '0' means you 'would never vote for the party', '10' means that you 'would always vote for it', and '5' is 'exactly in the middle', how likely or not it is that would ever vote for each of the following parties?",F8.0,999|998|997,,TRUE,Retained
V4Q6_5bis,double,haven_labelled_spss|haven_labelled|vctrs_vctr|double,,"V4Q6_5bis. On a scale from 0 to 10, where '0' means you 'would never vote for the party', '10' means that you 'would always vote for it', and '5' is 'exactly in the middle', how likely or not it is that would ever vote for each of the following parties?",F8.0,999|998|997,,TRUE,Retained
V4Q6_6bis,double,haven_labelled_spss|haven_labelled|vctrs_vctr|double,,"V4Q6_6bis. On a scale from 0 to 10, where '0' means you 'would never vote for the party', '10' means that you 'would always vote for it', and '5' is 'exactly in the middle', how likely or not it is that would ever vote for each of the following parties?",F8.0,999|998|997,,TRUE,Retained
V4Q6_7bis,double,haven_labelled_spss|haven_labelled|vctrs_vctr|double,,"V4Q6_7bis. On a scale from 0 to 10, where '0' means you 'would never vote for the party', '10' means that you 'would always vote for it', and '5' is 'exactly in the middle', how likely or not it is that would ever vote for each of the following parties?",F8.0,999|998|997,,TRUE,Retained
V4Q6_8bis,double,haven_labelled_spss|haven_labelled|vctrs_vctr|double,,"V4Q6_8bis. On a scale from 0 to 10, where '0' means you 'would never vote for the party', '10' means that you 'would always vote for it', and '5' is 'exactly in the middle', how likely or not it is that would ever vote for each of the following parties?",F8.0,999|998|997,,TRUE,Retained
V4Q6_9bis,double,haven_labelled_spss|haven_labelled|vctrs_vctr|double,,"V4Q6_9bis On a scale from 0 to 10, where '0' means you 'would never vote for the party', '10' means that you 'would always vote for it', and '5' is 'exactly in the middle', how likely or not it is that would ever vote for each of the following parties?",F8.0,999|998|997,,TRUE,Retained
V4Q6_10bis,double,haven_labelled_spss|haven_labelled|vctrs_vctr|double,,"V4Q6_10bis On a scale from 0 to 10, where '0' means you 'would never vote for the party', '10' means that you 'would always vote for it', and '5' is 'exactly in the middle', how likely or not it is that would ever vote for each of the following parties?",F8.0,999|998|997,,TRUE,Retained
V4Q6_11bis,double,haven_labelled_spss|haven_labelled|vctrs_vctr|double,,"V4Q6_11bis On a scale from 0 to 10, where '0' means you 'would never vote for the party', '10' means that you 'would always vote for it', and '5' is 'exactly in the middle', how likely or not it is that would ever vote for each of the following parties?",F8.0,999|998|997,,TRUE,Retained
V4Q6_12bis,double,haven_labelled_spss|haven_labelled|vctrs_vctr|double,,"V4Q6_12bis On a scale from 0 to 10, where '0' means you 'would never vote for the party', '10' means that you 'would always vote for it', and '5' is 'exactly in the middle', how likely or not it is that would ever vote for each of the following parties?",F8.0,999|998|997,,TRUE,Retained
V4Q6_13bis,double,haven_labelled_spss|haven_labelled|vctrs_vctr|double,,"V4Q6_13bis On a scale from 0 to 10, where '0' means you 'would never vote for the party', '10' means that you 'would always vote for it', and '5' is 'exactly in the middle', how likely or not it is that would ever vote for each of the following parties?",F8.0,999|998|997,,TRUE,Retained
V4Q6_14bis,double,haven_labelled_spss|haven_labelled|vctrs_vctr|double,,"V4Q6_14bis On a scale from 0 to 10, where '0' means you 'would never vote for the party', '10' means that you 'would always vote for it', and '5' is 'exactly in the middle', how likely or not it is that would ever vote for each of the following parties?",F8.0,999|998|997,,TRUE,Retained
V4Q6_15bis,double,haven_labelled_spss|haven_labelled|vctrs_vctr|double,,"V4Q6_15bis On a scale from 0 to 10, where '0' means you 'would never vote for the party', '10' means that you 'would always vote for it', and '5' is 'exactly in the middle', how likely or not it is that would ever vote for each of the following parties?",F8.0,999|998|997,,TRUE,Retained
V4Q6_16bis,double,haven_labelled_spss|haven_labelled|vctrs_vctr|double,,"V4Q6_16bis On a scale from 0 to 10, where '0' means you 'would never vote for the party', '10' means that you 'would always vote for it', and '5' is 'exactly in the middle', how likely or not it is that would ever vote for each of the following parties?",F8.0,999|998|997,,TRUE,Retained
V4Q6_17bis,double,haven_labelled_spss|haven_labelled|vctrs_vctr|double,,"V4Q6_17bis On a scale from 0 to 10, where '0' means you 'would never vote for the party', '10' means that you 'would always vote for it', and '5' is 'exactly in the middle', how likely or not it is that would ever vote for each of the following parties?",F8.0,999|998|997,,TRUE,Retained
V4Q6_18bis,double,haven_labelled_spss|haven_labelled|vctrs_vctr|double,,"V4Q6_18bis On a scale from 0 to 10, where '0' means you 'would never vote for the party', '10' means that you 'would always vote for it', and '5' is 'exactly in the middle', how likely or not it is that would ever vote for each of the following parties?",F8.0,999|998|997,,TRUE,Retained
V4Q6_19bis,double,haven_labelled_spss|haven_labelled|vctrs_vctr|double,,"V4Q6_19bis On a scale from 0 to 10, where '0' means you 'would never vote for the party', '10' means that you 'would always vote for it', and '5' is 'exactly in the middle', how likely or not it is that would ever vote for each of the following parties?",F8.0,999|998|997,,TRUE,Retained
V4Q6_20bis,double,haven_labelled_spss|haven_labelled|vctrs_vctr|double,,"V4Q6_20bis On a scale from 0 to 10, where '0' means you 'would never vote for the party', '10' means that you 'would always vote for it', and '5' is 'exactly in the middle', how likely or not it is that would ever vote for each of the following parties?",F8.0,999|998|997,,TRUE,Retained
