poll_id,legacy_field,caseid,historical_present,historical_value,previous_value,approved_value
uk-eu-1995,pfemale_ind,119,TRUE,0.5,0.5,0.5
uk-eu-1995,pfemale_ind,129,TRUE,0.529411764705882,0.5294117647058824,0.5294117647058824
uk-eu-1995,pfemale_ind,204,TRUE,0.571428571428571,0.5714285714285714,0.5714285714285714
uk-eu-1995,pfemale_ind,207,TRUE,0.55,0.55,0.55
uk-eu-1995,pfemale_ind,222,TRUE,0.6,0.6,0.6
uk-eu-1995,pfemale_ind,232,TRUE,0.8,0.8,0.8
uk-eu-1995,pfemale_ind,235,TRUE,0.526315789473684,0.5263157894736842,0.5263157894736842
uk-eu-1995,pfemale_ind,304,TRUE,0.357142857142857,0.3571428571428572,0.3571428571428571
uk-eu-1995,pfemale_ind,306,TRUE,0.642857142857143,0.6428571428571429,0.6428571428571429
uk-eu-1995,pfemale_ind,312,TRUE,0.625,0.625,0.625
uk-eu-1995,pfemale_ind,321,TRUE,0.5,0.5,0.5
uk-eu-1995,pfemale_ind,328,TRUE,0.461538461538462,0.4615384615384616,0.4615384615384616
uk-eu-1995,pfemale_ind,337,TRUE,0.533333333333333,0.5333333333333333,0.5333333333333333
uk-eu-1995,pfemale_ind,401,TRUE,0.571428571428571,0.5714285714285714,0.5714285714285714
uk-eu-1995,pfemale_ind,431,TRUE,0.5625,0.5625,0.5625
uk-eu-1995,pfemale_ind,432,TRUE,0.55,0.55,0.55
uk-eu-1995,pfemale_ind,502,TRUE,0.55,0.55,0.55
uk-eu-1995,pfemale_ind,504,TRUE,0.5,0.5,0.5
uk-eu-1995,pfemale_ind,509,TRUE,0.526315789473684,0.5263157894736842,0.5263157894736842
uk-eu-1995,pfemale_ind,510,TRUE,0.357142857142857,0.3571428571428572,0.3571428571428571
uk-eu-1995,pfemale_ind,519,TRUE,0.428571428571429,0.42857142857142855,0.42857142857142855
uk-eu-1995,pfemale_ind,527,TRUE,0.666666666666667,0.6666666666666666,0.6666666666666666
uk-eu-1995,pfemale_ind,532,TRUE,0.5,0.5,0.5
uk-eu-1995,pfemale_ind,602,TRUE,0.6,0.6,0.6
uk-eu-1995,pfemale_ind,606,TRUE,0.55,0.55,0.55
uk-eu-1995,pfemale_ind,607,TRUE,0.642857142857143,0.6428571428571429,0.6428571428571429
uk-eu-1995,pfemale_ind,613,TRUE,0.533333333333333,0.5333333333333333,0.5333333333333333
uk-eu-1995,pfemale_ind,614,TRUE,0.5,0.5,0.5
uk-eu-1995,pfemale_ind,617,TRUE,0.642857142857143,0.6428571428571429,0.6428571428571429
uk-eu-1995,pfemale_ind,627,TRUE,0.6,0.6,0.6
uk-eu-1995,pfemale_ind,629,TRUE,0.384615384615385,0.38461538461538464,0.38461538461538464
uk-eu-1995,pfemale_ind,632,TRUE,0.6,0.6,0.6
uk-eu-1995,pfemale_ind,701,TRUE,0.357142857142857,0.3571428571428572,0.3571428571428571
uk-eu-1995,pfemale_ind,707,TRUE,0.6,0.6,0.6
uk-eu-1995,pfemale_ind,709,TRUE,0.6,0.6,0.6
uk-eu-1995,pfemale_ind,713,TRUE,0.384615384615385,0.38461538461538464,0.38461538461538464
uk-eu-1995,pfemale_ind,714,TRUE,0.615384615384615,0.6153846153846154,0.6153846153846154
uk-eu-1995,pfemale_ind,716,TRUE,0.9,0.9,0.9
uk-eu-1995,pfemale_ind,735,TRUE,0.588235294117647,0.5882352941176471,0.5882352941176471
uk-eu-1995,pfemale_ind,802,TRUE,0.357142857142857,0.3571428571428572,0.3571428571428571
uk-eu-1995,pfemale_ind,806,TRUE,0.5,0.5,0.5
uk-eu-1995,pfemale_ind,812,TRUE,0.666666666666667,0.6666666666666666,0.6666666666666666
uk-eu-1995,pfemale_ind,814,TRUE,0.461538461538462,0.4615384615384616,0.4615384615384616
uk-eu-1995,pfemale_ind,827,TRUE,0.5625,0.5625,0.5625
uk-eu-1995,pfemale_ind,829,TRUE,0.55,0.55,0.55
uk-eu-1995,pfemale_ind,833,TRUE,0.6,0.6,0.6
uk-eu-1995,pfemale_ind,908,TRUE,0.529411764705882,0.5294117647058824,0.5294117647058824
uk-eu-1995,pfemale_ind,913,TRUE,0.5,0.5,0.5
uk-eu-1995,pfemale_ind,926,TRUE,0.692307692307692,0.6923076923076923,0.6923076923076923
uk-eu-1995,pfemale_ind,933,TRUE,0.533333333333333,0.5333333333333333,0.5333333333333333
uk-eu-1995,pfemale_ind,937,TRUE,0.588235294117647,0.5882352941176471,0.5882352941176471
uk-eu-1995,pfemale_ind,1006,TRUE,0.5,0.5,0.5
uk-eu-1995,pfemale_ind,1008,TRUE,0.333333333333333,0.3333333333333333,0.33333333333333337
uk-eu-1995,pfemale_ind,1032,TRUE,0.625,0.625,0.625
uk-eu-1995,pfemale_ind,1102,TRUE,0.642857142857143,0.6428571428571429,0.6428571428571429
uk-eu-1995,pfemale_ind,1104,TRUE,0.5,0.5,0.5
uk-eu-1995,pfemale_ind,1106,TRUE,0.5625,0.5625,0.5625
uk-eu-1995,pfemale_ind,1110,TRUE,0.461538461538462,0.4615384615384616,0.4615384615384616
uk-eu-1995,pfemale_ind,1113,TRUE,0.529411764705882,0.5294117647058824,0.5294117647058824
uk-eu-1995,pfemale_ind,1117,TRUE,0.8,0.8,0.8
uk-eu-1995,pfemale_ind,1120,TRUE,0.666666666666667,0.6666666666666666,0.6666666666666666
uk-eu-1995,pfemale_ind,1122,TRUE,0.6,0.6,0.6
uk-eu-1995,pfemale_ind,1123,TRUE,0.666666666666667,0.6666666666666666,0.6666666666666666
uk-eu-1995,pfemale_ind,1126,TRUE,0.285714285714286,0.28571428571428575,0.2857142857142857
uk-eu-1995,pfemale_ind,1127,TRUE,0.473684210526316,0.47368421052631576,0.4736842105263158
uk-eu-1995,pfemale_ind,1131,TRUE,0.588235294117647,0.5882352941176471,0.5882352941176471
uk-eu-1995,pfemale_ind,1132,TRUE,0.5,0.5,0.5
uk-eu-1995,pfemale_ind,1207,TRUE,0.5625,0.5625,0.5625
uk-eu-1995,pfemale_ind,1209,TRUE,0.529411764705882,0.5294117647058824,0.5294117647058824
uk-eu-1995,pfemale_ind,1223,TRUE,0.615384615384615,0.6153846153846154,0.6153846153846154
uk-eu-1995,pfemale_ind,1326,TRUE,0.55,0.55,0.55
uk-eu-1995,pfemale_ind,1329,TRUE,0.428571428571429,0.42857142857142855,0.42857142857142855
uk-eu-1995,pfemale_ind,1410,TRUE,0.5,0.5,0.5
uk-eu-1995,pfemale_ind,1413,TRUE,0.6,0.6,0.6
uk-eu-1995,pfemale_ind,1433,TRUE,0.5,0.5,0.5
uk-eu-1995,pfemale_ind,1507,TRUE,0.428571428571429,0.42857142857142855,0.42857142857142855
uk-eu-1995,pfemale_ind,1521,TRUE,0.461538461538462,0.4615384615384616,0.4615384615384616
uk-eu-1995,pfemale_ind,1525,TRUE,0.428571428571429,0.42857142857142855,0.42857142857142855
uk-eu-1995,pfemale_ind,1528,TRUE,0.6,0.6,0.6
uk-eu-1995,pfemale_ind,1601,TRUE,0.642857142857143,0.6428571428571429,0.6428571428571429
uk-eu-1995,pfemale_ind,1614,TRUE,0.571428571428571,0.5714285714285714,0.5714285714285714
uk-eu-1995,pfemale_ind,1620,TRUE,0.5625,0.5625,0.5625
uk-eu-1995,pfemale_ind,1629,TRUE,0.285714285714286,0.28571428571428575,0.2857142857142857
uk-eu-1995,pfemale_ind,1631,TRUE,0.666666666666667,0.6666666666666666,0.6666666666666666
uk-eu-1995,pfemale_ind,1723,TRUE,0.285714285714286,0.28571428571428575,0.2857142857142857
uk-eu-1995,pfemale_ind,1801,TRUE,0.6,0.6,0.6
uk-eu-1995,pfemale_ind,1804,TRUE,0.526315789473684,0.5263157894736842,0.5263157894736842
uk-eu-1995,pfemale_ind,1814,TRUE,0.625,0.625,0.625
uk-eu-1995,pfemale_ind,1832,TRUE,0.473684210526316,0.47368421052631576,0.4736842105263158
uk-eu-1995,pfemale_ind,1913,TRUE,0.615384615384615,0.6153846153846154,0.6153846153846154
uk-eu-1995,pfemale_ind,1916,TRUE,0.625,0.625,0.625
uk-eu-1995,pfemale_ind,1935,TRUE,0.692307692307692,0.6923076923076923,0.6923076923076923
uk-eu-1995,pfemale_ind,2006,TRUE,0.384615384615385,0.38461538461538464,0.38461538461538464
uk-eu-1995,pfemale_ind,2010,TRUE,0.55,0.55,0.55
uk-eu-1995,pfemale_ind,2019,TRUE,0.6,0.6,0.6
uk-eu-1995,pfemale_ind,2020,TRUE,0.473684210526316,0.47368421052631576,0.4736842105263158
uk-eu-1995,pfemale_ind,2025,TRUE,0.5,0.5,0.5
uk-eu-1995,pfemale_ind,2026,TRUE,0.533333333333333,0.5333333333333333,0.5333333333333333
uk-eu-1995,pfemale_ind,2101,TRUE,0.473684210526316,0.47368421052631576,0.4736842105263158
uk-eu-1995,pfemale_ind,2104,TRUE,0.6,0.6,0.6
uk-eu-1995,pfemale_ind,2111,TRUE,0.5,0.5,0.5
uk-eu-1995,pfemale_ind,2112,TRUE,0.461538461538462,0.4615384615384616,0.4615384615384616
uk-eu-1995,pfemale_ind,2117,TRUE,0.5,0.5,0.5
uk-eu-1995,pfemale_ind,2128,TRUE,0.6,0.6,0.6
uk-eu-1995,pfemale_ind,2129,TRUE,0.6,0.6,0.6
uk-eu-1995,pfemale_ind,2132,TRUE,0.615384615384615,0.6153846153846154,0.6153846153846154
uk-eu-1995,pfemale_ind,2134,TRUE,0.5,0.5,0.5
uk-eu-1995,pfemale_ind,2135,TRUE,0.428571428571429,0.42857142857142855,0.42857142857142855
uk-eu-1995,pfemale_ind,2220,TRUE,0.692307692307692,0.6923076923076923,0.6923076923076923
uk-eu-1995,pfemale_ind,2301,TRUE,0.5,0.5,0.5
uk-eu-1995,pfemale_ind,2302,TRUE,0.8,0.8,0.8
uk-eu-1995,pfemale_ind,2307,TRUE,0.8,0.8,0.8
uk-eu-1995,pfemale_ind,2308,TRUE,0.666666666666667,0.6666666666666666,0.6666666666666666
uk-eu-1995,pfemale_ind,2309,TRUE,0.461538461538462,0.4615384615384616,0.4615384615384616
uk-eu-1995,pfemale_ind,2321,TRUE,0.6,0.6,0.6
uk-eu-1995,pfemale_ind,2328,TRUE,0.615384615384615,0.6153846153846154,0.6153846153846154
uk-eu-1995,pfemale_ind,2404,TRUE,0.529411764705882,0.5294117647058824,0.5294117647058824
uk-eu-1995,pfemale_ind,2416,TRUE,0.473684210526316,0.47368421052631576,0.4736842105263158
uk-eu-1995,pfemale_ind,2417,TRUE,0.588235294117647,0.5882352941176471,0.5882352941176471
uk-eu-1995,pfemale_ind,2431,TRUE,0.428571428571429,0.42857142857142855,0.42857142857142855
uk-eu-1995,pfemale_ind,2508,TRUE,0.526315789473684,0.5263157894736842,0.5263157894736842
uk-eu-1995,pfemale_ind,2521,TRUE,0.666666666666667,0.6666666666666666,0.6666666666666666
uk-eu-1995,pfemale_ind,2522,TRUE,0.533333333333333,0.5333333333333333,0.5333333333333333
uk-eu-1995,pfemale_ind,2532,TRUE,0.692307692307692,0.6923076923076923,0.6923076923076923
uk-eu-1995,pfemale_ind,2537,TRUE,0.533333333333333,0.5333333333333333,0.5333333333333333
uk-eu-1995,pfemale_ind,2609,TRUE,0.9,0.9,0.9
uk-eu-1995,pfemale_ind,2616,TRUE,0.428571428571429,0.42857142857142855,0.42857142857142855
uk-eu-1995,pfemale_ind,2635,TRUE,0.625,0.625,0.625
uk-eu-1995,pfemale_ind,2637,TRUE,0.6,0.6,0.6
uk-eu-1995,pfemale_ind,2708,TRUE,0.6,0.6,0.6
uk-eu-1995,pfemale_ind,2719,TRUE,0.588235294117647,0.5882352941176471,0.5882352941176471
uk-eu-1995,pfemale_ind,2720,TRUE,0.8,0.8,0.8
uk-eu-1995,pfemale_ind,2725,TRUE,0.571428571428571,0.5714285714285714,0.5714285714285714
uk-eu-1995,pfemale_ind,2735,TRUE,0.6,0.6,0.6
uk-eu-1995,pfemale_ind,2804,TRUE,0.428571428571429,0.42857142857142855,0.42857142857142855
uk-eu-1995,pfemale_ind,2822,TRUE,0.571428571428571,0.5714285714285714,0.5714285714285714
uk-eu-1995,pfemale_ind,2907,TRUE,0.529411764705882,0.5294117647058824,0.5294117647058824
uk-eu-1995,pfemale_ind,2908,TRUE,0.526315789473684,0.5263157894736842,0.5263157894736842
uk-eu-1995,pfemale_ind,2912,TRUE,0.5,0.5,0.5
uk-eu-1995,pfemale_ind,2919,TRUE,0.5,0.5,0.5
uk-eu-1995,pfemale_ind,2921,TRUE,0.533333333333333,0.5333333333333333,0.5333333333333333
uk-eu-1995,pfemale_ind,3019,TRUE,0.6,0.6,0.6
uk-eu-1995,pfemale_ind,3032,TRUE,0.357142857142857,0.3571428571428572,0.3571428571428571
uk-eu-1995,pfemale_ind,3114,TRUE,0.5,0.5,0.5
uk-eu-1995,pfemale_ind,3120,TRUE,0.571428571428571,0.5714285714285714,0.5714285714285714
uk-eu-1995,pfemale_ind,3121,TRUE,0.529411764705882,0.5294117647058824,0.5294117647058824
uk-eu-1995,pfemale_ind,3125,TRUE,0.533333333333333,0.5333333333333333,0.5333333333333333
uk-eu-1995,pfemale_ind,3132,TRUE,0,0,0
uk-eu-1995,pfemale_ind,3202,TRUE,0.55,0.55,0.55
uk-eu-1995,pfemale_ind,3220,TRUE,0.666666666666667,0.6666666666666666,0.6666666666666666
uk-eu-1995,pfemale_ind,3301,TRUE,0.384615384615385,0.38461538461538464,0.38461538461538464
uk-eu-1995,pfemale_ind,3308,TRUE,0.6,0.6,0.6
uk-eu-1995,pfemale_ind,3309,TRUE,0.625,0.625,0.625
uk-eu-1995,pfemale_ind,3322,TRUE,0.571428571428571,0.5714285714285714,0.5714285714285714
uk-eu-1995,pfemale_ind,3331,TRUE,0.428571428571429,0.42857142857142855,0.42857142857142855
uk-eu-1995,pfemale_ind,3332,TRUE,0.473684210526316,0.47368421052631576,0.4736842105263158
uk-eu-1995,pfemale_ind,3402,TRUE,0.6,0.6,0.6
uk-eu-1995,pfemale_ind,3420,TRUE,0.666666666666667,0.6666666666666666,0.6666666666666666
uk-eu-1995,pfemale_ind,3426,TRUE,0.8,0.8,0.8
uk-eu-1995,pfemale_ind,3433,TRUE,0.625,0.625,0.625
uk-eu-1995,pfemale_ind,3434,TRUE,0.5,0.5,0.5
uk-eu-1995,pfemale_ind,3437,TRUE,0.461538461538462,0.4615384615384616,0.4615384615384615
uk-eu-1995,pfemale_ind,3506,TRUE,0.615384615384615,0.6153846153846154,0.6153846153846154
uk-eu-1995,pfemale_ind,3509,TRUE,0.588235294117647,0.5882352941176471,0.5882352941176471
uk-eu-1995,pfemale_ind,3520,TRUE,0.461538461538462,0.4615384615384616,0.4615384615384615
uk-eu-1995,pfemale_ind,3523,TRUE,0.5625,0.5625,0.5625
uk-eu-1995,pfemale_ind,3528,TRUE,0.55,0.55,0.55
uk-eu-1995,pfemale_ind,3537,TRUE,0.6,0.6,0.6
uk-eu-1995,pfemale_ind,3601,TRUE,0.6,0.6,0.6
uk-eu-1995,pfemale_ind,3604,TRUE,0.642857142857143,0.6428571428571429,0.6428571428571429
uk-eu-1995,pfemale_ind,3611,TRUE,0.357142857142857,0.3571428571428572,0.3571428571428571
uk-eu-1995,pfemale_ind,3617,TRUE,0.5,0.5,0.5
uk-eu-1995,pfemale_ind,3622,TRUE,0.526315789473684,0.5263157894736842,0.5263157894736842
uk-eu-1995,pfemale_ind,3627,TRUE,0.473684210526316,0.47368421052631576,0.4736842105263158
uk-eu-1995,pfemale_ind,3704,TRUE,0.615384615384615,0.6153846153846154,0.6153846153846154
uk-eu-1995,pfemale_ind,3707,TRUE,0.571428571428571,0.5714285714285714,0.5714285714285714
uk-eu-1995,pfemale_ind,3719,TRUE,0.6,0.6,0.6
uk-eu-1995,pfemale_ind,3726,TRUE,0.5625,0.5625,0.5625
uk-eu-1995,pfemale_ind,3727,TRUE,0.5,0.5,0.5
uk-eu-1995,pfemale_ind,3732,TRUE,0.55,0.55,0.55
uk-eu-1995,pfemale_ind,3733,TRUE,0.8,0.8,0.8
uk-eu-1995,pfemale_ind,3737,TRUE,0.5625,0.5625,0.5625
uk-eu-1995,pfemale_ind,3801,TRUE,0.428571428571429,0.42857142857142855,0.42857142857142855
uk-eu-1995,pfemale_ind,3819,TRUE,0.666666666666667,0.6666666666666666,0.6666666666666666
uk-eu-1995,pfemale_ind,3829,TRUE,0.428571428571429,0.42857142857142855,0.42857142857142855
uk-eu-1995,pfemale_ind,3832,TRUE,0.5,0.5,0.5
uk-eu-1995,pfemale_ind,3837,TRUE,0.5,0.5,0.5
uk-eu-1995,pfemale_ind,3901,TRUE,0.5,0.5,0.5
uk-eu-1995,pfemale_ind,3913,TRUE,0.529411764705882,0.5294117647058824,0.5294117647058824
uk-eu-1995,pfemale_ind,3919,TRUE,0.5,0.5,0.5
uk-eu-1995,pfemale_ind,3928,TRUE,0.666666666666667,0.6666666666666666,0.6666666666666666
uk-eu-1995,pfemale_ind,4004,TRUE,0.526315789473684,0.5263157894736842,0.5263157894736842
uk-eu-1995,pfemale_ind,4011,TRUE,0.615384615384615,0.6153846153846154,0.6153846153846154
uk-eu-1995,pfemale_ind,4016,TRUE,0.6,0.6,0.6
uk-eu-1995,pfemale_ind,4017,TRUE,0.357142857142857,0.3571428571428572,0.3571428571428571
uk-eu-1995,pfemale_ind,4023,TRUE,0.5,0.5,0.5
uk-eu-1995,pfemale_ind,4108,TRUE,0.526315789473684,0.5263157894736842,0.5263157894736842
uk-eu-1995,pfemale_ind,4121,TRUE,0.5,0.5,0.5
uk-eu-1995,pfemale_ind,4123,TRUE,0.526315789473684,0.5263157894736842,0.5263157894736842
uk-eu-1995,pfemale_ind,4131,TRUE,0.5,0.5,0.5
uk-eu-1995,pfemale_ind,4135,TRUE,0.588235294117647,0.5882352941176471,0.5882352941176471
uk-eu-1995,pfemale_ind,4202,TRUE,0.473684210526316,0.47368421052631576,0.4736842105263158
uk-eu-1995,pfemale_ind,4309,TRUE,0.357142857142857,0.3571428571428572,0.3571428571428571
uk-eu-1995,pfemale_ind,4316,TRUE,0.333333333333333,0.3333333333333333,0.33333333333333337
uk-eu-1995,pfemale_ind,4326,TRUE,0.6,0.6,0.6
uk-eu-1995,pfemale_ind,4333,TRUE,0.588235294117647,0.5882352941176471,0.5882352941176471
uk-eu-1995,pfemale_ind,4427,TRUE,0.5,0.5,0.5
uk-eu-1995,pfemale_ind,4433,TRUE,0.8,0.8,0.8
uk-eu-1995,pfemale_ind,4434,TRUE,0.529411764705882,0.5294117647058824,0.5294117647058824
uk-eu-1995,pfemale_ind,4507,TRUE,0.533333333333333,0.5333333333333333,0.5333333333333333
uk-eu-1995,pfemale_ind,4510,TRUE,0.6,0.6,0.6
uk-eu-1995,pfemale_ind,4512,TRUE,0.692307692307692,0.6923076923076923,0.6923076923076923
uk-eu-1995,pfemale_ind,4517,TRUE,0.357142857142857,0.3571428571428572,0.3571428571428571
uk-eu-1995,pfemale_ind,4537,TRUE,0.357142857142857,0.3571428571428572,0.3571428571428571
uk-eu-1995,pfemale_ind,4602,TRUE,0.428571428571429,0.42857142857142855,0.42857142857142855
uk-eu-1995,pfemale_ind,4604,TRUE,0.285714285714286,0.28571428571428575,0.2857142857142857
uk-eu-1995,pfemale_ind,4610,TRUE,0.384615384615385,0.38461538461538464,0.38461538461538464
uk-eu-1995,pfemale_ind,4622,TRUE,0.428571428571429,0.42857142857142855,0.42857142857142855
uk-eu-1995,pfemale_ind,4623,TRUE,0.8,0.8,0.8
uk-eu-1995,pfemale_ind,4706,TRUE,0.666666666666667,0.6666666666666666,0.6666666666666666
uk-eu-1995,pfemale_ind,4732,TRUE,0.384615384615385,0.38461538461538464,0.38461538461538464
uk-eu-1995,pfemale_ind,4801,TRUE,0.6,0.6,0.6
uk-eu-1995,pfemale_ind,4811,TRUE,0.526315789473684,0.5263157894736842,0.5263157894736842
uk-eu-1995,pfemale_ind,4820,TRUE,0.615384615384615,0.6153846153846154,0.6153846153846154
uk-eu-1995,pfemale_ind,4822,TRUE,0.473684210526316,0.47368421052631576,0.4736842105263158
uk-eu-1995,pfemale_ind,4908,TRUE,0.6,0.6,0.6
uk-eu-1995,pfemale_ind,4916,TRUE,0.473684210526316,0.47368421052631576,0.4736842105263158
uk-eu-1995,pfemale_ind,4917,TRUE,0.5,0.5,0.5
uk-eu-1995,pfemale_ind,4919,TRUE,0.5625,0.5625,0.5625
uk-eu-1995,pfemale_ind,4922,TRUE,0.6,0.6,0.6
uk-eu-1995,pfemale_ind,4923,TRUE,0.5,0.5,0.5
uk-eu-1995,pfemale_ind,5004,TRUE,0.571428571428571,0.5714285714285714,0.5714285714285714
uk-eu-1995,pfemale_ind,5008,TRUE,0.6,0.6,0.6
uk-eu-1995,pfemale_ind,5010,TRUE,0.529411764705882,0.5294117647058824,0.5294117647058824
uk-eu-1995,pfemale_ind,5022,TRUE,0.333333333333333,0.3333333333333333,0.33333333333333337
uk-eu-1995,pfemale_ind,5025,TRUE,0.285714285714286,0.28571428571428575,0.2857142857142857
uk-eu-1995,pfemale_ind,5026,TRUE,0.5625,0.5625,0.5625
uk-eu-1995,pfemale_ind,5028,TRUE,0.428571428571429,0.42857142857142855,0.42857142857142855
uk-health-1998,pfemale_ind,2703,TRUE,0.5,0.5,0.5
uk-health-1998,pfemale_ind,318,TRUE,0.6,0.6,0.6
uk-health-1998,pfemale_ind,2333,TRUE,0.5,0.5,0.5
uk-health-1998,pfemale_ind,2214,TRUE,0.6,0.6,0.6
uk-health-1998,pfemale_ind,3010,TRUE,0.6875,0.6875,0.6875
uk-health-1998,pfemale_ind,1531,TRUE,0.6,0.6,0.6
uk-health-1998,pfemale_ind,731,TRUE,0.466666666666667,0.4666666666666667,0.4666666666666667
uk-health-1998,pfemale_ind,4909,TRUE,0.642857142857143,0.6428571428571429,0.6428571428571429
uk-health-1998,pfemale_ind,910,TRUE,0.625,0.625,0.625
uk-health-1998,pfemale_ind,612,TRUE,0.692307692307692,0.6923076923076923,0.6923076923076923
uk-health-1998,pfemale_ind,5027,TRUE,0.5625,0.5625,0.5625
uk-health-1998,pfemale_ind,803,TRUE,0.6875,0.6875,0.6875
uk-health-1998,pfemale_ind,4918,TRUE,0.466666666666667,0.4666666666666667,0.4666666666666667
uk-health-1998,pfemale_ind,5025,TRUE,0.692307692307692,0.6923076923076923,0.6923076923076923
uk-health-1998,pfemale_ind,1322,TRUE,0.692307692307692,0.6923076923076923,0.6923076923076923
uk-health-1998,pfemale_ind,3621,TRUE,0.625,0.625,0.625
uk-health-1998,pfemale_ind,4314,TRUE,0.571428571428571,0.5714285714285714,0.5714285714285714
uk-health-1998,pfemale_ind,4710,TRUE,0.615384615384615,0.6153846153846154,0.6153846153846154
uk-health-1998,pfemale_ind,216,TRUE,0.571428571428571,0.5714285714285714,0.5714285714285714
uk-health-1998,pfemale_ind,4831,TRUE,0.6875,0.6875,0.6875
uk-health-1998,pfemale_ind,4632,TRUE,0.642857142857143,0.642857142857143,0.6428571428571428
uk-health-1998,pfemale_ind,4407,TRUE,0.6,0.6,0.6
uk-health-1998,pfemale_ind,3920,TRUE,0.666666666666667,0.6666666666666666,0.6666666666666666
uk-health-1998,pfemale_ind,2607,TRUE,0.625,0.625,0.625
uk-health-1998,pfemale_ind,1414,TRUE,0.6,0.6,0.6
uk-health-1998,pfemale_ind,3003,TRUE,0.6,0.6,0.6
uk-health-1998,pfemale_ind,2922,TRUE,0.625,0.625,0.625
uk-health-1998,pfemale_ind,1127,TRUE,0.583333333333333,0.5833333333333334,0.5833333333333334
uk-health-1998,pfemale_ind,1201,TRUE,0.615384615384615,0.6153846153846154,0.6153846153846154
uk-health-1998,pfemale_ind,4524,TRUE,0.533333333333333,0.5333333333333333,0.5333333333333333
uk-health-1998,pfemale_ind,119,TRUE,0.625,0.625,0.625
uk-health-1998,pfemale_ind,225,TRUE,0.625,0.625,0.625
uk-health-1998,pfemale_ind,4424,TRUE,0.692307692307692,0.6923076923076923,0.6923076923076923
uk-health-1998,pfemale_ind,128,TRUE,0.692307692307692,0.6923076923076923,0.6923076923076923
uk-health-1998,pfemale_ind,504,TRUE,0.533333333333333,0.5333333333333333,0.5333333333333333
uk-health-1998,pfemale_ind,3132,TRUE,0.5,0.5,0.5
uk-health-1998,pfemale_ind,1025,TRUE,0.625,0.625,0.625
uk-health-1998,pfemale_ind,204,TRUE,0.5625,0.5625,0.5625
uk-health-1998,pfemale_ind,2929,TRUE,0.615384615384615,0.6153846153846154,0.6153846153846154
uk-health-1998,pfemale_ind,1022,TRUE,0.666666666666667,0.6666666666666666,0.6666666666666666
uk-health-1998,pfemale_ind,3813,TRUE,0.666666666666667,0.6666666666666666,0.6666666666666666
uk-health-1998,pfemale_ind,708,TRUE,0.466666666666667,0.4666666666666667,0.4666666666666667
uk-health-1998,pfemale_ind,1933,TRUE,0.615384615384615,0.6153846153846154,0.6153846153846154
uk-health-1998,pfemale_ind,220,TRUE,0.571428571428571,0.5714285714285714,0.5714285714285714
uk-health-1998,pfemale_ind,3025,TRUE,0.615384615384615,0.6153846153846154,0.6153846153846154
uk-health-1998,pfemale_ind,501,TRUE,0.666666666666667,0.6666666666666666,0.6666666666666666
uk-health-1998,pfemale_ind,3233,TRUE,0.625,0.625,0.625
uk-health-1998,pfemale_ind,530,TRUE,0.466666666666667,0.4666666666666667,0.4666666666666667
uk-health-1998,pfemale_ind,4920,TRUE,0.6,0.6,0.6
uk-health-1998,pfemale_ind,3807,TRUE,0.642857142857143,0.642857142857143,0.6428571428571428
uk-health-1998,pfemale_ind,4015,TRUE,0.6,0.6,0.6
uk-health-1998,pfemale_ind,3309,TRUE,0.615384615384615,0.6153846153846154,0.6153846153846154
uk-health-1998,pfemale_ind,1015,TRUE,0.692307692307692,0.6923076923076923,0.6923076923076923
uk-health-1998,pfemale_ind,317,TRUE,0.533333333333333,0.5333333333333333,0.5333333333333333
uk-health-1998,pfemale_ind,1901,TRUE,0.6875,0.6875,0.6875
uk-health-1998,pfemale_ind,127,TRUE,0.642857142857143,0.6428571428571429,0.6428571428571429
uk-health-1998,pfemale_ind,1304,TRUE,0.571428571428571,0.5714285714285714,0.5714285714285714
uk-health-1998,pfemale_ind,117,TRUE,0.615384615384615,0.6153846153846154,0.6153846153846154
uk-health-1998,pfemale_ind,4416,TRUE,0.625,0.625,0.625
uk-health-1998,pfemale_ind,4813,TRUE,0.642857142857143,0.642857142857143,0.6428571428571428
uk-health-1998,pfemale_ind,1133,TRUE,0.692307692307692,0.6923076923076923,0.6923076923076923
uk-health-1998,pfemale_ind,4630,TRUE,0.466666666666667,0.4666666666666667,0.4666666666666667
uk-health-1998,pfemale_ind,1630,TRUE,0.642857142857143,0.642857142857143,0.6428571428571428
uk-health-1998,pfemale_ind,4705,TRUE,0.615384615384615,0.6153846153846154,0.6153846153846154
uk-health-1998,pfemale_ind,4712,TRUE,0.5,0.5,0.5
uk-health-1998,pfemale_ind,819,TRUE,0.692307692307692,0.6923076923076923,0.6923076923076923
uk-health-1998,pfemale_ind,4722,TRUE,0.642857142857143,0.6428571428571429,0.6428571428571429
uk-health-1998,pfemale_ind,4531,TRUE,0.642857142857143,0.642857142857143,0.6428571428571428
uk-health-1998,pfemale_ind,4121,TRUE,0.571428571428571,0.5714285714285714,0.5714285714285714
uk-health-1998,pfemale_ind,4733,TRUE,0.5,0.5,0.5
uk-health-1998,pfemale_ind,3707,TRUE,0.625,0.625,0.625
uk-health-1998,pfemale_ind,3433,TRUE,0.6875,0.6875,0.6875
uk-health-1998,pfemale_ind,4324,TRUE,0.666666666666667,0.6666666666666666,0.6666666666666666
uk-health-1998,pfemale_ind,515,TRUE,0.666666666666667,0.6666666666666666,0.6666666666666666
uk-health-1998,pfemale_ind,631,TRUE,0.533333333333333,0.5333333333333333,0.5333333333333333
uk-health-1998,pfemale_ind,3932,TRUE,0.466666666666667,0.4666666666666667,0.4666666666666667
uk-health-1998,pfemale_ind,1623,TRUE,0.714285714285714,0.7142857142857144,0.7142857142857143
uk-health-1998,pfemale_ind,929,TRUE,0.5625,0.5625,0.5625
uk-health-1998,pfemale_ind,4125,TRUE,0.642857142857143,0.642857142857143,0.6428571428571429
uk-health-1998,pfemale_ind,325,TRUE,0.6,0.6,0.6
uk-health-1998,pfemale_ind,4328,TRUE,0.692307692307692,0.6923076923076923,0.6923076923076923
uk-health-1998,pfemale_ind,2314,TRUE,0.625,0.625,0.625
uk-health-1998,pfemale_ind,821,TRUE,0.625,0.625,0.625
uk-health-1998,pfemale_ind,1624,TRUE,0.625,0.625,0.625
uk-health-1998,pfemale_ind,3830,TRUE,0.5625,0.5625,0.5625
uk-health-1998,pfemale_ind,5022,TRUE,0.5,0.5,0.5
uk-health-1998,pfemale_ind,4016,TRUE,0.6,0.6,0.6
uk-health-1998,pfemale_ind,4406,TRUE,0.5,0.5,0.5
uk-health-1998,pfemale_ind,2131,TRUE,0.615384615384615,0.6153846153846154,0.6153846153846154
uk-health-1998,pfemale_ind,3926,TRUE,0.642857142857143,0.6428571428571429,0.6428571428571429
uk-health-1998,pfemale_ind,3828,TRUE,0.571428571428571,0.5714285714285714,0.5714285714285714
uk-health-1998,pfemale_ind,3710,TRUE,0.666666666666667,0.6666666666666666,0.6666666666666666
uk-health-1998,pfemale_ind,3428,TRUE,0.5,0.5,0.5
uk-health-1998,pfemale_ind,3005,TRUE,0.666666666666667,0.6666666666666666,0.6666666666666666
uk-health-1998,pfemale_ind,3202,TRUE,0.533333333333333,0.5333333333333333,0.5333333333333333
uk-health-1998,pfemale_ind,329,TRUE,0.5,0.5,0.5
uk-health-1998,pfemale_ind,2324,TRUE,0.6875,0.6875,0.6875
uk-health-1998,pfemale_ind,4423,TRUE,0.714285714285714,0.7142857142857144,0.7142857142857143
uk-health-1998,pfemale_ind,4429,TRUE,0.533333333333333,0.5333333333333333,0.5333333333333333
uk-health-1998,pfemale_ind,3814,TRUE,0.666666666666667,0.6666666666666666,0.6666666666666666
uk-health-1998,pfemale_ind,4417,TRUE,0.5,0.5,0.5
uk-health-1998,pfemale_ind,3809,TRUE,0.5,0.5,0.5
uk-health-1998,pfemale_ind,3529,TRUE,0.6,0.6,0.6
uk-health-1998,pfemale_ind,2116,TRUE,0.533333333333333,0.5333333333333333,0.5333333333333333
uk-health-1998,pfemale_ind,2918,TRUE,0.625,0.625,0.625
uk-health-1998,pfemale_ind,928,TRUE,0.571428571428571,0.5714285714285714,0.5714285714285714
uk-health-1998,pfemale_ind,4730,TRUE,0.571428571428571,0.5714285714285714,0.5714285714285714
uk-health-1998,pfemale_ind,4926,TRUE,0.5,0.5,0.5
uk-health-1998,pfemale_ind,211,TRUE,0.571428571428571,0.5714285714285714,0.5714285714285714
uk-health-1998,pfemale_ind,4821,TRUE,0.666666666666667,0.6666666666666666,0.6666666666666666
uk-health-1998,pfemale_ind,915,TRUE,0.571428571428571,0.5714285714285714,0.5714285714285714
uk-health-1998,pfemale_ind,826,TRUE,0.625,0.625,0.625
uk-health-1998,pfemale_ind,4818,TRUE,0.615384615384615,0.6153846153846154,0.6153846153846154
uk-health-1998,pfemale_ind,3625,TRUE,0.769230769230769,0.7692307692307693,0.7692307692307693
uk-health-1998,pfemale_ind,4811,TRUE,0.642857142857143,0.642857142857143,0.6428571428571429
uk-health-1998,pfemale_ind,1821,TRUE,0.466666666666667,0.4666666666666667,0.4666666666666667
uk-health-1998,pfemale_ind,726,TRUE,0.583333333333333,0.5833333333333334,0.5833333333333334
uk-health-1998,pfemale_ind,4512,TRUE,0.692307692307692,0.6923076923076923,0.6923076923076923
uk-health-1998,pfemale_ind,3128,TRUE,0.583333333333333,0.5833333333333334,0.5833333333333334
uk-health-1998,pfemale_ind,4330,TRUE,0.625,0.625,0.625
uk-health-1998,pfemale_ind,1117,TRUE,0.692307692307692,0.6923076923076923,0.6923076923076923
uk-health-1998,pfemale_ind,2318,TRUE,0.466666666666667,0.4666666666666667,0.4666666666666667
uk-health-1998,pfemale_ind,3412,TRUE,0.6,0.6,0.6
uk-health-1998,pfemale_ind,2810,TRUE,0.571428571428571,0.5714285714285714,0.5714285714285714
uk-health-1998,pfemale_ind,630,TRUE,0.714285714285714,0.7142857142857144,0.7142857142857143
uk-health-1998,pfemale_ind,3819,TRUE,0.571428571428571,0.5714285714285714,0.5714285714285714
uk-health-1998,pfemale_ind,5029,TRUE,0.692307692307692,0.6923076923076923,0.6923076923076923
uk-health-1998,pfemale_ind,5020,TRUE,0.571428571428571,0.5714285714285714,0.5714285714285714
uk-health-1998,pfemale_ind,2933,TRUE,0.714285714285714,0.7142857142857144,0.7142857142857143
uk-health-1998,pfemale_ind,3611,TRUE,0.533333333333333,0.5333333333333333,0.5333333333333333
uk-health-1998,pfemale_ind,2522,TRUE,0.466666666666667,0.4666666666666667,0.4666666666666667
uk-health-1998,pfemale_ind,3605,TRUE,0.5625,0.5625,0.5625
uk-health-1998,pfemale_ind,3129,TRUE,0.692307692307692,0.6923076923076923,0.6923076923076923
uk-health-1998,pfemale_ind,3623,TRUE,0.6875,0.6875,0.6875
uk-health-1998,pfemale_ind,2927,TRUE,0.692307692307692,0.6923076923076923,0.6923076923076923
uk-health-1998,pfemale_ind,4307,TRUE,0.5,0.5,0.5
uk-health-1998,pfemale_ind,5005,TRUE,0.615384615384615,0.6153846153846154,0.6153846153846154
uk-health-1998,pfemale_ind,3731,TRUE,0.583333333333333,0.5833333333333334,0.5833333333333334
uk-health-1998,pfemale_ind,3327,TRUE,0.692307692307692,0.6923076923076923,0.6923076923076923
uk-health-1998,pfemale_ind,4803,TRUE,0.615384615384615,0.6153846153846154,0.6153846153846154
uk-health-1998,pfemale_ind,4231,TRUE,0.666666666666667,0.6666666666666666,0.6666666666666666
uk-health-1998,pfemale_ind,4208,TRUE,0.533333333333333,0.5333333333333333,0.5333333333333333
uk-health-1998,pfemale_ind,2323,TRUE,0.642857142857143,0.6428571428571429,0.6428571428571429
uk-health-1998,pfemale_ind,3001,TRUE,0.666666666666667,0.6666666666666666,0.6666666666666666
uk-health-1998,pfemale_ind,1409,TRUE,0.571428571428571,0.5714285714285714,0.5714285714285714
uk-health-1998,pfemale_ind,4305,TRUE,0.571428571428571,0.5714285714285714,0.5714285714285714
uk-health-1998,pfemale_ind,4430,TRUE,0.583333333333333,0.5833333333333334,0.5833333333333334
uk-health-1998,pfemale_ind,4622,TRUE,0.6,0.6,0.6
uk-health-1998,pfemale_ind,5031,TRUE,0.625,0.625,0.625
uk-health-1998,pfemale_ind,3224,TRUE,0.571428571428571,0.5714285714285714,0.5714285714285714
uk-health-1998,pfemale_ind,3220,TRUE,0.6875,0.6875,0.6875
uk-health-1998,pfemale_ind,1328,TRUE,0.625,0.625,0.625
uk-health-1998,pfemale_ind,2401,TRUE,0.6,0.6,0.6
uk-health-1998,pfemale_ind,3212,TRUE,0.533333333333333,0.5333333333333333,0.5333333333333333
uk-health-1998,pfemale_ind,4028,TRUE,0.666666666666667,0.6666666666666666,0.6666666666666666
uk-health-1998,pfemale_ind,2118,TRUE,0.692307692307692,0.6923076923076923,0.6923076923076923
uk-health-1998,pfemale_ind,223,TRUE,0.583333333333333,0.5833333333333334,0.5833333333333334
uk-health-1998,pfemale_ind,1902,TRUE,0.615384615384615,0.6153846153846154,0.6153846153846154
uk-health-1998,pfemale_ind,3118,TRUE,0.6,0.6,0.6
uk-health-1998,pfemale_ind,1102,TRUE,0.714285714285714,0.7142857142857144,0.7142857142857143
uk-health-1998,pfemale_ind,1107,TRUE,0.5,0.5,0.5
uk-health-1998,pfemale_ind,4823,TRUE,0.642857142857143,0.6428571428571429,0.6428571428571429
uk-health-1998,pfemale_ind,4929,TRUE,0.769230769230769,0.7692307692307693,0.7692307692307693
uk-health-1998,pfemale_ind,1216,TRUE,0.571428571428571,0.5714285714285714,0.5714285714285714
uk-health-1998,pfemale_ind,2329,TRUE,0.615384615384615,0.6153846153846154,0.6153846153846154
uk-health-1998,pfemale_ind,4714,TRUE,0.642857142857143,0.642857142857143,0.6428571428571429
uk-health-1998,pfemale_ind,122,TRUE,0.466666666666667,0.4666666666666667,0.4666666666666667
uk-health-1998,pfemale_ind,2216,TRUE,0.6,0.6,0.6
uk-health-1998,pfemale_ind,3706,TRUE,0.666666666666667,0.6666666666666666,0.6666666666666666
uk-health-1998,pfemale_ind,702,TRUE,0.625,0.625,0.625
uk-health-1998,pfemale_ind,3126,TRUE,0.692307692307692,0.6923076923076923,0.6923076923076923
uk-health-1998,pfemale_ind,2721,TRUE,0.642857142857143,0.642857142857143,0.6428571428571429
uk-health-1998,pfemale_ind,1919,TRUE,0.642857142857143,0.6428571428571429,0.6428571428571429
uk-health-1998,pfemale_ind,2124,TRUE,0.5625,0.5625,0.5625
uk-health-1998,pfemale_ind,2029,TRUE,0.6,0.6,0.6
uk-health-1998,pfemale_ind,4114,TRUE,0.5625,0.5625,0.5625
uk-health-1998,pfemale_ind,409,TRUE,0.642857142857143,0.6428571428571429,0.6428571428571429
uk-health-1998,pfemale_ind,709,TRUE,0.466666666666667,0.4666666666666667,0.4666666666666667
uk-health-1998,pfemale_ind,1815,TRUE,0.571428571428571,0.5714285714285714,0.5714285714285714
uk-health-1998,pfemale_ind,2809,TRUE,0.615384615384615,0.6153846153846154,0.6153846153846154
uk-health-1998,pfemale_ind,3119,TRUE,0.466666666666667,0.4666666666666667,0.4666666666666667
uk-health-1998,pfemale_ind,4903,TRUE,0.666666666666667,0.6666666666666666,0.6666666666666666
uk-health-1998,pfemale_ind,4809,TRUE,0.6,0.6,0.6
uk-health-1998,pfemale_ind,817,TRUE,0.692307692307692,0.6923076923076923,0.6923076923076923
uk-health-1998,pfemale_ind,512,TRUE,0.615384615384615,0.6153846153846154,0.6153846153846154
uk-health-1998,pfemale_ind,524,TRUE,0.6,0.6,0.6
uk-health-1998,pfemale_ind,2008,TRUE,0.571428571428571,0.5714285714285714,0.5714285714285714
uk-health-1998,pfemale_ind,3808,TRUE,0.692307692307692,0.6923076923076923,0.6923076923076923
uk-health-1998,pfemale_ind,3821,TRUE,0.625,0.625,0.625
uk-health-1998,pfemale_ind,4110,TRUE,0.571428571428571,0.5714285714285714,0.5714285714285714
uk-health-1998,pfemale_ind,3608,TRUE,0.466666666666667,0.4666666666666667,0.4666666666666667
uk-health-1998,pfemale_ind,2432,TRUE,0.6,0.6,0.6
uk-health-1998,pfemale_ind,2633,TRUE,0.769230769230769,0.7692307692307693,0.7692307692307693
uk-health-1998,pfemale_ind,3117,TRUE,0.642857142857143,0.642857142857143,0.6428571428571429
uk-health-1998,pfemale_ind,3316,TRUE,0.466666666666667,0.4666666666666667,0.4666666666666667
uk-health-1998,pfemale_ind,2031,TRUE,0.533333333333333,0.5333333333333333,0.5333333333333333
uk-health-1998,pfemale_ind,3931,TRUE,0.5625,0.5625,0.5625
uk-health-1998,pfemale_ind,1433,TRUE,0.5,0.5,0.5
uk-health-1998,pfemale_ind,2622,TRUE,0.466666666666667,0.4666666666666667,0.4666666666666667
uk-health-1998,pfemale_ind,3330,TRUE,0.533333333333333,0.5333333333333333,0.5333333333333333
uk-health-1998,pfemale_ind,3102,TRUE,0.666666666666667,0.6666666666666666,0.6666666666666666
uk-health-1998,pfemale_ind,2614,TRUE,0.6875,0.6875,0.6875
uk-health-1998,pfemale_ind,1804,TRUE,0.6875,0.6875,0.6875
uk-health-1998,pfemale_ind,213,TRUE,0.642857142857143,0.6428571428571429,0.6428571428571429
uk-health-1998,pfemale_ind,3622,TRUE,0.571428571428571,0.5714285714285714,0.5714285714285714
uk-health-1998,pfemale_ind,3230,TRUE,0.571428571428571,0.5714285714285714,0.5714285714285714
uk-health-1998,pfemale_ind,5032,TRUE,0.466666666666667,0.4666666666666667,0.4666666666666667
uk-health-1998,pfemale_ind,321,TRUE,0.533333333333333,0.5333333333333333,0.5333333333333333
uk-health-1998,pfemale_ind,1620,TRUE,0.615384615384615,0.6153846153846154,0.6153846153846154
uk-health-1998,pfemale_ind,2302,TRUE,0.642857142857143,0.6428571428571429,0.6428571428571428
uk-health-1998,pfemale_ind,4133,TRUE,0.571428571428571,0.5714285714285714,0.5714285714285714
uk-health-1998,pfemale_ind,2632,TRUE,0.769230769230769,0.7692307692307693,0.7692307692307693
uk-health-1998,pfemale_ind,3626,TRUE,0.583333333333333,0.5833333333333334,0.5833333333333334
uk-health-1998,pfemale_ind,3606,TRUE,0.642857142857143,0.6428571428571429,0.6428571428571429
uk-health-1998,pfemale_ind,4010,TRUE,0.533333333333333,0.5333333333333333,0.5333333333333333
uk-health-1998,pfemale_ind,1016,TRUE,0.625,0.625,0.625
uk-health-1998,pfemale_ind,3709,TRUE,0.6875,0.6875,0.6875
uk-health-1998,pfemale_ind,716,TRUE,0.571428571428571,0.5714285714285714,0.5714285714285714
uk-health-1998,pfemale_ind,2020,TRUE,0.6875,0.6875,0.6875
uk-health-1998,pfemale_ind,503,TRUE,0.583333333333333,0.5833333333333334,0.5833333333333334
uk-health-1998,pfemale_ind,3121,TRUE,0.5,0.5,0.5
uk-health-1998,pfemale_ind,2330,TRUE,0.615384615384615,0.6153846153846154,0.6153846153846154
uk-health-1998,pfemale_ind,4002,TRUE,0.625,0.625,0.625
uk-health-1998,pfemale_ind,1222,TRUE,0.666666666666667,0.6666666666666666,0.6666666666666666
uk-health-1998,pfemale_ind,2431,TRUE,0.5,0.5,0.5
uk-health-1998,pfemale_ind,4018,TRUE,0.642857142857143,0.6428571428571429,0.6428571428571429
uk-health-1998,pfemale_ind,2224,TRUE,0.533333333333333,0.5333333333333333,0.5333333333333333
uk-health-1998,pfemale_ind,2306,TRUE,0.692307692307692,0.6923076923076923,0.6923076923076923
uk-health-1998,pfemale_ind,3208,TRUE,0.533333333333333,0.5333333333333333,0.5333333333333333
uk-health-1998,pfemale_ind,326,TRUE,0.571428571428571,0.5714285714285714,0.5714285714285714
uk-monarchy-1996,pfemale_ind,1600,TRUE,0.470588235294118,0.4705882352941176,0.4705882352941176
uk-monarchy-1996,pfemale_ind,1601,TRUE,0.555555555555556,0.5555555555555556,0.5555555555555556
uk-monarchy-1996,pfemale_ind,1602,TRUE,0.5,0.5,0.5
uk-monarchy-1996,pfemale_ind,1603,TRUE,0.4375,0.43750000000000006,0.4375
uk-monarchy-1996,pfemale_ind,1604,TRUE,0.411764705882353,0.4117647058823529,0.411764705882353
uk-monarchy-1996,pfemale_ind,1605,TRUE,0.411764705882353,0.4117647058823529,0.411764705882353
uk-monarchy-1996,pfemale_ind,1606,TRUE,0.571428571428571,0.5714285714285714,0.5714285714285714
uk-monarchy-1996,pfemale_ind,1607,TRUE,0.470588235294118,0.4705882352941176,0.4705882352941176
uk-monarchy-1996,pfemale_ind,1608,TRUE,0.705882352941177,0.7058823529411765,0.7058823529411765
uk-monarchy-1996,pfemale_ind,1609,TRUE,0.588235294117647,0.5882352941176471,0.5882352941176471
uk-monarchy-1996,pfemale_ind,1610,TRUE,0.444444444444444,0.4444444444444444,0.4444444444444444
uk-monarchy-1996,pfemale_ind,1611,TRUE,0.428571428571429,0.42857142857142855,0.42857142857142855
uk-monarchy-1996,pfemale_ind,1612,TRUE,0.5,0.5,0.5
uk-monarchy-1996,pfemale_ind,1613,TRUE,0.764705882352941,0.7647058823529411,0.7647058823529411
uk-monarchy-1996,pfemale_ind,1614,TRUE,0.470588235294118,0.4705882352941176,0.4705882352941176
uk-monarchy-1996,pfemale_ind,1615,TRUE,0.705882352941177,0.7058823529411765,0.7058823529411765
uk-monarchy-1996,pfemale_ind,1616,TRUE,0.583333333333333,0.5833333333333334,0.5833333333333333
uk-monarchy-1996,pfemale_ind,1617,TRUE,0.571428571428571,0.5714285714285714,0.5714285714285714
uk-monarchy-1996,pfemale_ind,1618,TRUE,0.555555555555556,0.5555555555555556,0.5555555555555556
uk-monarchy-1996,pfemale_ind,1619,TRUE,0.4375,0.43750000000000006,0.4375
uk-monarchy-1996,pfemale_ind,1620,TRUE,0.5,0.5,0.5
uk-monarchy-1996,pfemale_ind,1621,TRUE,0.5,0.5,0.5
uk-monarchy-1996,pfemale_ind,1622,TRUE,0.647058823529412,0.6470588235294118,0.6470588235294118
uk-monarchy-1996,pfemale_ind,1623,TRUE,0.428571428571429,0.42857142857142855,0.42857142857142855
uk-monarchy-1996,pfemale_ind,1624,TRUE,0.470588235294118,0.4705882352941176,0.4705882352941176
uk-monarchy-1996,pfemale_ind,1625,TRUE,0.555555555555556,0.5555555555555556,0.5555555555555556
uk-monarchy-1996,pfemale_ind,1626,TRUE,0.5,0.5,0.5
uk-monarchy-1996,pfemale_ind,1627,TRUE,0.647058823529412,0.6470588235294118,0.6470588235294118
uk-monarchy-1996,pfemale_ind,1628,TRUE,0.388888888888889,0.3888888888888889,0.3888888888888889
uk-monarchy-1996,pfemale_ind,1629,TRUE,0.5,0.5,0.5
uk-monarchy-1996,pfemale_ind,1630,TRUE,0.705882352941177,0.7058823529411765,0.7058823529411765
uk-monarchy-1996,pfemale_ind,1631,TRUE,0.444444444444444,0.4444444444444444,0.4444444444444444
uk-monarchy-1996,pfemale_ind,1632,TRUE,0.5,0.5,0.5
uk-monarchy-1996,pfemale_ind,1633,TRUE,0.764705882352941,0.7647058823529411,0.7647058823529411
uk-monarchy-1996,pfemale_ind,1634,TRUE,0.647058823529412,0.6470588235294118,0.6470588235294118
uk-monarchy-1996,pfemale_ind,1635,TRUE,0.5625,0.5625,0.5625
uk-monarchy-1996,pfemale_ind,1636,TRUE,0.470588235294118,0.4705882352941176,0.4705882352941176
uk-monarchy-1996,pfemale_ind,1637,TRUE,0.5625,0.5625,0.5625
uk-monarchy-1996,pfemale_ind,1638,TRUE,0.5625,0.5625,0.5625
uk-monarchy-1996,pfemale_ind,1639,TRUE,0.5,0.5,0.5
uk-monarchy-1996,pfemale_ind,1640,TRUE,0.555555555555556,0.5555555555555556,0.5555555555555556
uk-monarchy-1996,pfemale_ind,1641,TRUE,0.705882352941177,0.7058823529411765,0.7058823529411765
uk-monarchy-1996,pfemale_ind,1642,TRUE,0.4,0.4,0.4
uk-monarchy-1996,pfemale_ind,1643,TRUE,0.588235294117647,0.5882352941176471,0.5882352941176471
uk-monarchy-1996,pfemale_ind,1644,TRUE,0.5,0.5,0.5
uk-monarchy-1996,pfemale_ind,1645,TRUE,0.588235294117647,0.5882352941176471,0.5882352941176471
uk-monarchy-1996,pfemale_ind,1646,TRUE,0.571428571428571,0.5714285714285714,0.5714285714285714
uk-monarchy-1996,pfemale_ind,1647,TRUE,0.444444444444444,0.4444444444444444,0.4444444444444444
uk-monarchy-1996,pfemale_ind,1648,TRUE,0.5,0.5,0.5
uk-monarchy-1996,pfemale_ind,1649,TRUE,0.4375,0.43750000000000006,0.4375
uk-monarchy-1996,pfemale_ind,1650,TRUE,0.647058823529412,0.6470588235294118,0.6470588235294118
uk-monarchy-1996,pfemale_ind,1651,TRUE,0.470588235294118,0.4705882352941176,0.4705882352941176
uk-monarchy-1996,pfemale_ind,1652,TRUE,0.444444444444444,0.4444444444444444,0.4444444444444444
uk-monarchy-1996,pfemale_ind,1653,TRUE,0.6875,0.6875,0.6875
uk-monarchy-1996,pfemale_ind,1654,TRUE,0.5,0.5,0.5
uk-monarchy-1996,pfemale_ind,1655,TRUE,0.571428571428571,0.5714285714285714,0.5714285714285714
uk-monarchy-1996,pfemale_ind,1656,TRUE,0.625,0.625,0.625
uk-monarchy-1996,pfemale_ind,1657,TRUE,0.411764705882353,0.4117647058823529,0.4117647058823529
uk-monarchy-1996,pfemale_ind,1658,TRUE,0.466666666666667,0.4666666666666667,0.4666666666666667
uk-monarchy-1996,pfemale_ind,1659,TRUE,0.388888888888889,0.3888888888888889,0.3888888888888889
uk-monarchy-1996,pfemale_ind,1660,TRUE,0.6875,0.6875,0.6875
uk-monarchy-1996,pfemale_ind,1661,TRUE,0.444444444444444,0.4444444444444444,0.4444444444444444
uk-monarchy-1996,pfemale_ind,1662,TRUE,0.466666666666667,0.4666666666666667,0.4666666666666667
uk-monarchy-1996,pfemale_ind,1663,TRUE,0.411764705882353,0.4117647058823529,0.4117647058823529
uk-monarchy-1996,pfemale_ind,1664,TRUE,0.588235294117647,0.5882352941176471,0.5882352941176471
uk-monarchy-1996,pfemale_ind,1665,TRUE,0.4,0.4,0.4
uk-monarchy-1996,pfemale_ind,1666,TRUE,0.4,0.4,0.4
uk-monarchy-1996,pfemale_ind,1667,TRUE,0.583333333333333,0.5833333333333334,0.5833333333333333
uk-monarchy-1996,pfemale_ind,1668,TRUE,0.5,0.5,0.5
uk-monarchy-1996,pfemale_ind,1669,TRUE,0.5,0.5,0.5
uk-monarchy-1996,pfemale_ind,1670,TRUE,0.5,0.5,0.5
uk-monarchy-1996,pfemale_ind,1671,TRUE,0.5,0.5,0.5
uk-monarchy-1996,pfemale_ind,1672,TRUE,0.5,0.5,0.5
uk-monarchy-1996,pfemale_ind,1673,TRUE,0.625,0.625,0.625
uk-monarchy-1996,pfemale_ind,1674,TRUE,0.588235294117647,0.5882352941176471,0.5882352941176471
uk-monarchy-1996,pfemale_ind,1675,TRUE,0.588235294117647,0.5882352941176471,0.5882352941176471
uk-monarchy-1996,pfemale_ind,1676,TRUE,0.647058823529412,0.6470588235294118,0.6470588235294118
uk-monarchy-1996,pfemale_ind,1677,TRUE,0.444444444444444,0.4444444444444444,0.4444444444444444
uk-monarchy-1996,pfemale_ind,1678,TRUE,0.555555555555556,0.5555555555555556,0.5555555555555556
uk-monarchy-1996,pfemale_ind,1679,TRUE,0.5,0.5,0.5
uk-monarchy-1996,pfemale_ind,1680,TRUE,0.705882352941177,0.7058823529411765,0.7058823529411765
uk-monarchy-1996,pfemale_ind,1681,TRUE,0.571428571428571,0.5714285714285714,0.5714285714285714
uk-monarchy-1996,pfemale_ind,1682,TRUE,0.411764705882353,0.4117647058823529,0.4117647058823529
uk-monarchy-1996,pfemale_ind,1683,TRUE,0.5,0.5,0.5
uk-monarchy-1996,pfemale_ind,1684,TRUE,0.5,0.5,0.5
uk-monarchy-1996,pfemale_ind,1685,TRUE,0.466666666666667,0.4666666666666667,0.4666666666666667
uk-monarchy-1996,pfemale_ind,1686,TRUE,0.5,0.5,0.5
uk-monarchy-1996,pfemale_ind,1687,TRUE,0.5,0.5,0.5
uk-monarchy-1996,pfemale_ind,1688,TRUE,0.388888888888889,0.3888888888888889,0.3888888888888889
uk-monarchy-1996,pfemale_ind,1689,TRUE,0.5,0.5,0.5
uk-monarchy-1996,pfemale_ind,1690,TRUE,0.388888888888889,0.3888888888888889,0.3888888888888889
uk-monarchy-1996,pfemale_ind,1691,TRUE,0.4375,0.43750000000000006,0.4375
uk-monarchy-1996,pfemale_ind,1692,TRUE,0.4375,0.43750000000000006,0.4375
uk-monarchy-1996,pfemale_ind,1693,TRUE,0.555555555555556,0.5555555555555556,0.5555555555555556
uk-monarchy-1996,pfemale_ind,1694,TRUE,0.625,0.625,0.625
uk-monarchy-1996,pfemale_ind,1695,TRUE,0.470588235294118,0.4705882352941176,0.4705882352941176
uk-monarchy-1996,pfemale_ind,1696,TRUE,0.4375,0.43750000000000006,0.4375
uk-monarchy-1996,pfemale_ind,1697,TRUE,0.466666666666667,0.4666666666666667,0.4666666666666667
uk-monarchy-1996,pfemale_ind,1698,TRUE,0.5625,0.5625,0.5625
uk-monarchy-1996,pfemale_ind,1699,TRUE,0.588235294117647,0.5882352941176471,0.5882352941176471
uk-monarchy-1996,pfemale_ind,1700,TRUE,0.428571428571429,0.42857142857142855,0.42857142857142855
uk-monarchy-1996,pfemale_ind,1701,TRUE,0.375,0.37500000000000006,0.375
uk-monarchy-1996,pfemale_ind,1702,TRUE,0.6875,0.6875,0.6875
uk-monarchy-1996,pfemale_ind,1703,TRUE,0.5,0.5,0.5
uk-monarchy-1996,pfemale_ind,1704,TRUE,0.555555555555556,0.5555555555555556,0.5555555555555556
uk-monarchy-1996,pfemale_ind,1705,TRUE,0.5,0.5,0.5
uk-monarchy-1996,pfemale_ind,1706,TRUE,0.647058823529412,0.6470588235294118,0.6470588235294118
uk-monarchy-1996,pfemale_ind,1707,TRUE,0.4375,0.43750000000000006,0.4375
uk-monarchy-1996,pfemale_ind,1708,TRUE,0.444444444444444,0.4444444444444444,0.4444444444444444
uk-monarchy-1996,pfemale_ind,1709,TRUE,0.5625,0.5625,0.5625
uk-monarchy-1996,pfemale_ind,1710,TRUE,0.5,0.5,0.5
uk-monarchy-1996,pfemale_ind,1711,TRUE,0.444444444444444,0.4444444444444444,0.4444444444444444
uk-monarchy-1996,pfemale_ind,1712,TRUE,0.444444444444444,0.4444444444444444,0.4444444444444444
uk-monarchy-1996,pfemale_ind,1713,TRUE,0.588235294117647,0.5882352941176471,0.5882352941176471
uk-monarchy-1996,pfemale_ind,1714,TRUE,0.375,0.37500000000000006,0.375
uk-monarchy-1996,pfemale_ind,1715,TRUE,0.444444444444444,0.4444444444444444,0.4444444444444444
uk-monarchy-1996,pfemale_ind,1716,TRUE,0.647058823529412,0.6470588235294118,0.6470588235294118
uk-monarchy-1996,pfemale_ind,1717,TRUE,0.647058823529412,0.6470588235294118,0.6470588235294118
uk-monarchy-1996,pfemale_ind,1718,TRUE,0.5,0.5,0.5
uk-monarchy-1996,pfemale_ind,1719,TRUE,0.5,0.5,0.5
uk-monarchy-1996,pfemale_ind,1720,TRUE,0.5,0.5,0.5
uk-monarchy-1996,pfemale_ind,1721,TRUE,0.647058823529412,0.6470588235294118,0.6470588235294118
uk-monarchy-1996,pfemale_ind,1722,TRUE,0.5625,0.5625,0.5625
uk-monarchy-1996,pfemale_ind,1723,TRUE,0.555555555555556,0.5555555555555556,0.5555555555555556
uk-monarchy-1996,pfemale_ind,1724,TRUE,0.466666666666667,0.4666666666666667,0.4666666666666667
uk-monarchy-1996,pfemale_ind,1725,TRUE,0.555555555555556,0.5555555555555556,0.5555555555555556
uk-monarchy-1996,pfemale_ind,1726,TRUE,0.444444444444444,0.4444444444444444,0.4444444444444444
uk-monarchy-1996,pfemale_ind,1727,TRUE,0.444444444444444,0.4444444444444444,0.4444444444444444
uk-monarchy-1996,pfemale_ind,1728,TRUE,0.764705882352941,0.7647058823529411,0.7647058823529411
uk-monarchy-1996,pfemale_ind,1729,TRUE,0.375,0.37500000000000006,0.375
uk-monarchy-1996,pfemale_ind,1730,TRUE,0.705882352941177,0.7058823529411765,0.7058823529411765
uk-monarchy-1996,pfemale_ind,1731,TRUE,0.588235294117647,0.5882352941176471,0.5882352941176471
uk-monarchy-1996,pfemale_ind,1732,TRUE,0.625,0.625,0.625
uk-monarchy-1996,pfemale_ind,1733,TRUE,0.411764705882353,0.4117647058823529,0.4117647058823529
uk-monarchy-1996,pfemale_ind,1734,TRUE,0.388888888888889,0.3888888888888889,0.3888888888888889
uk-monarchy-1996,pfemale_ind,1735,TRUE,0.5,0.5,0.5
uk-monarchy-1996,pfemale_ind,1736,TRUE,0.5,0.5,0.5
uk-monarchy-1996,pfemale_ind,1737,TRUE,0.5,0.5,0.5
uk-monarchy-1996,pfemale_ind,1738,TRUE,0.5,0.5,0.5
uk-monarchy-1996,pfemale_ind,1739,TRUE,0.555555555555556,0.5555555555555556,0.5555555555555556
uk-monarchy-1996,pfemale_ind,1740,TRUE,0.5,0.5,0.5
uk-monarchy-1996,pfemale_ind,1741,TRUE,0.388888888888889,0.3888888888888889,0.3888888888888889
uk-monarchy-1996,pfemale_ind,1742,TRUE,0.5,0.5,0.5
uk-monarchy-1996,pfemale_ind,1743,TRUE,0.5,0.5,0.5
uk-monarchy-1996,pfemale_ind,1744,TRUE,0.428571428571429,0.42857142857142855,0.42857142857142855
uk-monarchy-1996,pfemale_ind,1745,TRUE,0.444444444444444,0.4444444444444444,0.4444444444444444
uk-monarchy-1996,pfemale_ind,1746,TRUE,0.588235294117647,0.5882352941176471,0.5882352941176471
uk-monarchy-1996,pfemale_ind,1747,TRUE,0.555555555555556,0.5555555555555556,0.5555555555555556
uk-monarchy-1996,pfemale_ind,1748,TRUE,0.5,0.5,0.5
uk-monarchy-1996,pfemale_ind,1749,TRUE,0.4375,0.43750000000000006,0.4375
uk-monarchy-1996,pfemale_ind,1750,TRUE,0.6875,0.6875,0.6875
uk-monarchy-1996,pfemale_ind,1751,TRUE,0.583333333333333,0.5833333333333334,0.5833333333333334
uk-monarchy-1996,pfemale_ind,1752,TRUE,0.647058823529412,0.6470588235294118,0.6470588235294118
uk-monarchy-1996,pfemale_ind,1753,TRUE,0.5,0.5,0.5
uk-monarchy-1996,pfemale_ind,1754,TRUE,0.388888888888889,0.3888888888888889,0.3888888888888889
uk-monarchy-1996,pfemale_ind,1755,TRUE,0.625,0.625,0.625
uk-monarchy-1996,pfemale_ind,1756,TRUE,0.588235294117647,0.5882352941176471,0.5882352941176471
uk-monarchy-1996,pfemale_ind,1757,TRUE,0.466666666666667,0.4666666666666667,0.4666666666666667
uk-monarchy-1996,pfemale_ind,1758,TRUE,0.388888888888889,0.3888888888888889,0.3888888888888889
uk-monarchy-1996,pfemale_ind,1759,TRUE,0.375,0.37500000000000006,0.375
uk-monarchy-1996,pfemale_ind,1760,TRUE,0.4,0.4,0.4
uk-monarchy-1996,pfemale_ind,1761,TRUE,0.4375,0.43750000000000006,0.4375
uk-monarchy-1996,pfemale_ind,1762,TRUE,0.625,0.625,0.625
uk-monarchy-1996,pfemale_ind,1763,TRUE,0.5,0.5,0.5
uk-monarchy-1996,pfemale_ind,1764,TRUE,0.555555555555556,0.5555555555555556,0.5555555555555556
uk-monarchy-1996,pfemale_ind,1765,TRUE,0.705882352941177,0.7058823529411765,0.7058823529411765
uk-monarchy-1996,pfemale_ind,1766,TRUE,0.705882352941177,0.7058823529411765,0.7058823529411765
uk-monarchy-1996,pfemale_ind,1767,TRUE,0.588235294117647,0.5882352941176471,0.5882352941176471
uk-monarchy-1996,pfemale_ind,1768,TRUE,0.5,0.5,0.5
uk-monarchy-1996,pfemale_ind,1769,TRUE,0.5,0.5,0.5
uk-monarchy-1996,pfemale_ind,1770,TRUE,0.588235294117647,0.5882352941176471,0.5882352941176471
uk-monarchy-1996,pfemale_ind,1771,TRUE,0.705882352941177,0.7058823529411765,0.7058823529411765
uk-monarchy-1996,pfemale_ind,1772,TRUE,0.647058823529412,0.6470588235294118,0.6470588235294118
uk-monarchy-1996,pfemale_ind,1773,TRUE,0.411764705882353,0.4117647058823529,0.4117647058823529
uk-monarchy-1996,pfemale_ind,1774,TRUE,0.470588235294118,0.4705882352941176,0.4705882352941176
uk-monarchy-1996,pfemale_ind,1775,TRUE,0.444444444444444,0.4444444444444444,0.4444444444444444
uk-monarchy-1996,pfemale_ind,1776,TRUE,0.470588235294118,0.4705882352941176,0.4705882352941176
uk-monarchy-1996,pfemale_ind,1777,TRUE,0.5,0.5,0.5
uk-monarchy-1996,pfemale_ind,1778,TRUE,0.555555555555556,0.5555555555555556,0.5555555555555556
uk-monarchy-1996,pfemale_ind,1779,TRUE,0.588235294117647,0.5882352941176471,0.5882352941176471
uk-monarchy-1996,pfemale_ind,1780,TRUE,0.4,0.4,0.4
uk-monarchy-1996,pfemale_ind,1781,TRUE,0.411764705882353,0.4117647058823529,0.4117647058823529
uk-monarchy-1996,pfemale_ind,1782,TRUE,0.444444444444444,0.4444444444444444,0.4444444444444444
uk-monarchy-1996,pfemale_ind,1783,TRUE,0.5,0.5,0.5
uk-monarchy-1996,pfemale_ind,1784,TRUE,0.428571428571429,0.42857142857142855,0.42857142857142855
uk-monarchy-1996,pfemale_ind,1785,TRUE,0.466666666666667,0.4666666666666667,0.4666666666666667
uk-monarchy-1996,pfemale_ind,1786,TRUE,0.705882352941177,0.7058823529411765,0.7058823529411765
uk-monarchy-1996,pfemale_ind,1787,TRUE,0.6875,0.6875,0.6875
uk-monarchy-1996,pfemale_ind,1788,TRUE,0.5,0.5,0.5
uk-monarchy-1996,pfemale_ind,1789,TRUE,0.5,0.5,0.5
uk-monarchy-1996,pfemale_ind,1790,TRUE,0.466666666666667,0.4666666666666667,0.4666666666666667
uk-monarchy-1996,pfemale_ind,1791,TRUE,0.444444444444444,0.4444444444444444,0.4444444444444444
uk-monarchy-1996,pfemale_ind,1792,TRUE,0.705882352941177,0.7058823529411765,0.7058823529411765
uk-monarchy-1996,pfemale_ind,1793,TRUE,0.555555555555556,0.5555555555555556,0.5555555555555556
uk-monarchy-1996,pfemale_ind,1794,TRUE,0.583333333333333,0.5833333333333334,0.5833333333333334
uk-monarchy-1996,pfemale_ind,1795,TRUE,0.647058823529412,0.6470588235294118,0.6470588235294118
uk-monarchy-1996,pfemale_ind,1796,TRUE,0.588235294117647,0.5882352941176471,0.5882352941176471
uk-monarchy-1996,pfemale_ind,1797,TRUE,0.625,0.625,0.625
uk-monarchy-1996,pfemale_ind,1798,TRUE,0.571428571428571,0.5714285714285714,0.5714285714285714
uk-monarchy-1996,pfemale_ind,1799,TRUE,0.5,0.5,0.5
uk-monarchy-1996,pfemale_ind,1800,TRUE,0.428571428571429,0.42857142857142855,0.42857142857142855
uk-monarchy-1996,pfemale_ind,1801,TRUE,0.588235294117647,0.5882352941176471,0.5882352941176471
uk-monarchy-1996,pfemale_ind,1802,TRUE,0.4,0.4,0.4
uk-monarchy-1996,pfemale_ind,1803,TRUE,0.555555555555556,0.5555555555555556,0.5555555555555556
uk-monarchy-1996,pfemale_ind,1804,TRUE,0.5,0.5,0.5
uk-monarchy-1996,pfemale_ind,1805,TRUE,0.444444444444444,0.4444444444444444,0.4444444444444444
uk-monarchy-1996,pfemale_ind,1806,TRUE,0.5,0.5,0.5
uk-monarchy-1996,pfemale_ind,1807,TRUE,0.588235294117647,0.5882352941176471,0.5882352941176471
uk-monarchy-1996,pfemale_ind,1808,TRUE,0.5,0.5,0.5
uk-monarchy-1996,pfemale_ind,1809,TRUE,0.375,0.37500000000000006,0.375
uk-monarchy-1996,pfemale_ind,1810,TRUE,0.444444444444444,0.4444444444444444,0.4444444444444444
uk-monarchy-1996,pfemale_ind,1811,TRUE,0.5,0.5,0.5
uk-monarchy-1996,pfemale_ind,1812,TRUE,0.583333333333333,0.5833333333333334,0.5833333333333334
uk-monarchy-1996,pfemale_ind,1813,TRUE,0.625,0.625,0.625
uk-monarchy-1996,pfemale_ind,1814,TRUE,0.764705882352941,0.7647058823529411,0.7647058823529411
uk-monarchy-1996,pfemale_ind,1815,TRUE,0.588235294117647,0.5882352941176471,0.5882352941176471
uk-monarchy-1996,pfemale_ind,1816,TRUE,0.428571428571429,0.42857142857142855,0.42857142857142855
uk-monarchy-1996,pfemale_ind,1817,TRUE,0.5,0.5,0.5
uk-monarchy-1996,pfemale_ind,1818,TRUE,0.705882352941177,0.7058823529411765,0.7058823529411765
uk-monarchy-1996,pfemale_ind,1819,TRUE,0.6875,0.6875,0.6875
uk-monarchy-1996,pfemale_ind,1820,TRUE,0.444444444444444,0.4444444444444444,0.4444444444444444
uk-monarchy-1996,pfemale_ind,1821,TRUE,0.588235294117647,0.5882352941176471,0.5882352941176471
uk-monarchy-1996,pfemale_ind,1822,TRUE,0.571428571428571,0.5714285714285714,0.5714285714285714
uk-monarchy-1996,pfemale_ind,1823,TRUE,0.588235294117647,0.5882352941176471,0.5882352941176471
uk-monarchy-1996,pfemale_ind,1824,TRUE,0.5,0.5,0.5
uk-monarchy-1996,pfemale_ind,1825,TRUE,0.5625,0.5625,0.5625
uk-monarchy-1996,pfemale_ind,1826,TRUE,0.647058823529412,0.6470588235294118,0.6470588235294118
uk-monarchy-1996,pfemale_ind,1827,TRUE,0.5,0.5,0.5
uk-monarchy-1996,pfemale_ind,1828,TRUE,0.444444444444444,0.4444444444444444,0.4444444444444444
uk-monarchy-1996,pfemale_ind,1829,TRUE,0.4,0.4,0.4
uk-monarchy-1996,pfemale_ind,1830,TRUE,0.555555555555556,0.5555555555555556,0.5555555555555556
uk-monarchy-1996,pfemale_ind,1831,TRUE,0.555555555555556,0.5555555555555556,0.5555555555555556
uk-monarchy-1996,pfemale_ind,1832,TRUE,0.5,0.5,0.5
uk-monarchy-1996,pfemale_ind,1833,TRUE,0.470588235294118,0.4705882352941176,0.4705882352941176
uk-monarchy-1996,pfemale_ind,1834,TRUE,0.5,0.5,0.5
uk-monarchy-1996,pfemale_ind,1835,TRUE,0.5,0.5,0.5
uk-monarchy-1996,pfemale_ind,1836,TRUE,0.5,0.5,0.5
uk-monarchy-1996,pfemale_ind,1837,TRUE,0.588235294117647,0.5882352941176471,0.5882352941176471
uk-monarchy-1996,pfemale_ind,1838,TRUE,0.625,0.625,0.625
uk-monarchy-1996,pfemale_ind,1839,TRUE,0.647058823529412,0.6470588235294118,0.6470588235294118
uk-monarchy-1996,pfemale_ind,1840,TRUE,0.583333333333333,0.5833333333333334,0.5833333333333334
uk-monarchy-1996,pfemale_ind,1841,TRUE,0.5,0.5,0.5
uk-monarchy-1996,pfemale_ind,1842,TRUE,0.4375,0.43750000000000006,0.4375
uk-monarchy-1996,pfemale_ind,1843,TRUE,0.5,0.5,0.5
uk-monarchy-1996,pfemale_ind,1844,TRUE,0.555555555555556,0.5555555555555556,0.5555555555555556
uk-monarchy-1996,pfemale_ind,1845,TRUE,0.5,0.5,0.5
uk-monarchy-1996,pfemale_ind,1846,TRUE,0.466666666666667,0.4666666666666667,0.4666666666666667
uk-monarchy-1996,pfemale_ind,1847,TRUE,0.705882352941177,0.7058823529411765,0.7058823529411765
uk-monarchy-1996,pfemale_ind,1848,TRUE,0.625,0.625,0.625
uk-monarchy-1996,pfemale_ind,1849,TRUE,0.375,0.37500000000000006,0.375
uk-monarchy-1996,pfemale_ind,1850,TRUE,0.625,0.625,0.625
uk-monarchy-1996,pfemale_ind,1851,TRUE,0.5,0.5,0.5
uk-monarchy-1996,pfemale_ind,1852,TRUE,0.375,0.37500000000000006,0.375
uk-monarchy-1996,pfemale_ind,1853,TRUE,0.588235294117647,0.5882352941176471,0.5882352941176471
uk-monarchy-1996,pfemale_ind,1854,TRUE,0.5,0.5,0.5
uk-monarchy-1996,pfemale_ind,1855,TRUE,0.5,0.5,0.5
uk-monarchy-1996,pfemale_ind,1856,TRUE,0.5625,0.5625,0.5625
uk-monarchy-1996,pfemale_ind,1857,TRUE,0.764705882352941,0.7647058823529411,0.7647058823529411
uk-general-election-1997,pfemale_ind,8408,TRUE,0.588235294117647,0.588235294117647,0.588235294117647
uk-general-election-1997,pfemale_ind,1117,TRUE,0.588235294117647,0.588235294117647,0.588235294117647
uk-general-election-1997,pfemale_ind,5008,TRUE,0.588235294117647,0.588235294117647,0.588235294117647
uk-general-election-1997,pfemale_ind,4710,TRUE,0.588235294117647,0.588235294117647,0.588235294117647
uk-general-election-1997,pfemale_ind,4917,TRUE,0.588235294117647,0.588235294117647,0.588235294117647
uk-general-election-1997,pfemale_ind,7914,TRUE,0.588235294117647,0.588235294117647,0.588235294117647
uk-general-election-1997,pfemale_ind,504,TRUE,0.588235294117647,0.588235294117647,0.588235294117647
uk-general-election-1997,pfemale_ind,3508,TRUE,0.588235294117647,0.588235294117647,0.588235294117647
uk-general-election-1997,pfemale_ind,3811,TRUE,0.588235294117647,0.588235294117647,0.588235294117647
uk-general-election-1997,pfemale_ind,3917,TRUE,0.588235294117647,0.588235294117647,0.588235294117647
uk-general-election-1997,pfemale_ind,4605,TRUE,0.45,0.45,0.45
uk-general-election-1997,pfemale_ind,3724,TRUE,0.45,0.45,0.45
uk-general-election-1997,pfemale_ind,6105,TRUE,0.45,0.45,0.45
uk-general-election-1997,pfemale_ind,7014,TRUE,0.45,0.45,0.45
uk-general-election-1997,pfemale_ind,6115,TRUE,0.45,0.45,0.45
uk-general-election-1997,pfemale_ind,8723,TRUE,0.45,0.45,0.45
uk-general-election-1997,pfemale_ind,4101,TRUE,0.45,0.45,0.45
uk-general-election-1997,pfemale_ind,3318,TRUE,0.45,0.45,0.45
uk-general-election-1997,pfemale_ind,8811,TRUE,0.45,0.45,0.45
uk-general-election-1997,pfemale_ind,4811,TRUE,0.45,0.45,0.45
uk-general-election-1997,pfemale_ind,6515,TRUE,0.529411764705882,0.5294117647058825,0.5294117647058824
uk-general-election-1997,pfemale_ind,8417,TRUE,0.529411764705882,0.5294117647058825,0.5294117647058824
uk-general-election-1997,pfemale_ind,1707,TRUE,0.529411764705882,0.5294117647058825,0.5294117647058824
uk-general-election-1997,pfemale_ind,5601,TRUE,0.529411764705882,0.5294117647058825,0.5294117647058824
uk-general-election-1997,pfemale_ind,5705,TRUE,0.529411764705882,0.5294117647058825,0.5294117647058824
uk-general-election-1997,pfemale_ind,4204,TRUE,0.529411764705882,0.5294117647058825,0.5294117647058824
uk-general-election-1997,pfemale_ind,7115,TRUE,0.529411764705882,0.5294117647058825,0.5294117647058824
uk-general-election-1997,pfemale_ind,7502,TRUE,0.529411764705882,0.5294117647058825,0.5294117647058824
uk-general-election-1997,pfemale_ind,5009,TRUE,0.5,0.5,0.5
uk-general-election-1997,pfemale_ind,4816,TRUE,0.5,0.5,0.5
uk-general-election-1997,pfemale_ind,1915,TRUE,0.5,0.5,0.5
uk-general-election-1997,pfemale_ind,2114,TRUE,0.5,0.5,0.5
uk-general-election-1997,pfemale_ind,2509,TRUE,0.5,0.5,0.5
uk-general-election-1997,pfemale_ind,1324,TRUE,0.5,0.5,0.5
uk-general-election-1997,pfemale_ind,7811,TRUE,0.5,0.5,0.5
uk-general-election-1997,pfemale_ind,8705,TRUE,0.5,0.5,0.5
uk-general-election-1997,pfemale_ind,4518,TRUE,0.5,0.5,0.5
uk-general-election-1997,pfemale_ind,6223,TRUE,0.444444444444444,0.4444444444444443,0.4444444444444443
uk-general-election-1997,pfemale_ind,6911,TRUE,0.444444444444444,0.4444444444444443,0.4444444444444443
uk-general-election-1997,pfemale_ind,9019,TRUE,0.444444444444444,0.4444444444444443,0.4444444444444443
uk-general-election-1997,pfemale_ind,3814,TRUE,0.444444444444444,0.4444444444444443,0.4444444444444443
uk-general-election-1997,pfemale_ind,6620,TRUE,0.444444444444444,0.4444444444444443,0.4444444444444443
uk-general-election-1997,pfemale_ind,8720,TRUE,0.444444444444444,0.4444444444444443,0.4444444444444443
uk-general-election-1997,pfemale_ind,4424,TRUE,0.444444444444444,0.4444444444444443,0.4444444444444443
uk-general-election-1997,pfemale_ind,1408,TRUE,0.444444444444444,0.4444444444444443,0.4444444444444443
uk-general-election-1997,pfemale_ind,5414,TRUE,0.444444444444444,0.4444444444444443,0.4444444444444443
uk-general-election-1997,pfemale_ind,3423,TRUE,0.5,0.5000000000000001,0.5
uk-general-election-1997,pfemale_ind,512,TRUE,0.5,0.5000000000000001,0.5
uk-general-election-1997,pfemale_ind,1910,TRUE,0.5,0.5000000000000001,0.5
uk-general-election-1997,pfemale_ind,5310,TRUE,0.5,0.5000000000000001,0.5
uk-general-election-1997,pfemale_ind,2819,TRUE,0.5,0.5000000000000001,0.5
uk-general-election-1997,pfemale_ind,2121,TRUE,0.5,0.5000000000000001,0.5
uk-general-election-1997,pfemale_ind,7121,TRUE,0.5,0.5000000000000001,0.5
uk-general-election-1997,pfemale_ind,3907,TRUE,0.5,0.5000000000000001,0.5
uk-general-election-1997,pfemale_ind,1514,TRUE,0.5,0.5000000000000001,0.5
uk-general-election-1997,pfemale_ind,7414,TRUE,0.5625,0.5624999999999999,0.5625
uk-general-election-1997,pfemale_ind,5104,TRUE,0.5625,0.5624999999999999,0.5625
uk-general-election-1997,pfemale_ind,4412,TRUE,0.5625,0.5624999999999999,0.5625
uk-general-election-1997,pfemale_ind,901,TRUE,0.5625,0.5624999999999999,0.5625
uk-general-election-1997,pfemale_ind,6422,TRUE,0.5625,0.5624999999999999,0.5625
uk-general-election-1997,pfemale_ind,1109,TRUE,0.5625,0.5624999999999999,0.5625
uk-general-election-1997,pfemale_ind,4716,TRUE,0.5625,0.5624999999999999,0.5625
uk-general-election-1997,pfemale_ind,1913,TRUE,0.5625,0.5624999999999999,0.5625
uk-general-election-1997,pfemale_ind,8303,TRUE,0.5625,0.5624999999999999,0.5625
uk-general-election-1997,pfemale_ind,7013,TRUE,0.5625,0.5624999999999999,0.5625
uk-general-election-1997,pfemale_ind,4608,TRUE,0.473684210526316,0.47368421052631576,0.4736842105263157
uk-general-election-1997,pfemale_ind,4704,TRUE,0.473684210526316,0.47368421052631576,0.4736842105263157
uk-general-election-1997,pfemale_ind,3522,TRUE,0.473684210526316,0.47368421052631576,0.4736842105263157
uk-general-election-1997,pfemale_ind,5724,TRUE,0.473684210526316,0.47368421052631576,0.4736842105263157
uk-general-election-1997,pfemale_ind,8912,TRUE,0.473684210526316,0.47368421052631576,0.4736842105263157
uk-general-election-1997,pfemale_ind,7417,TRUE,0.473684210526316,0.47368421052631576,0.4736842105263157
uk-general-election-1997,pfemale_ind,6418,TRUE,0.473684210526316,0.47368421052631576,0.4736842105263157
uk-general-election-1997,pfemale_ind,7612,TRUE,0.473684210526316,0.47368421052631576,0.4736842105263157
uk-general-election-1997,pfemale_ind,3918,TRUE,0.473684210526316,0.47368421052631576,0.4736842105263157
uk-general-election-1997,pfemale_ind,5021,TRUE,0.4375,0.43749999999999994,0.4375
uk-general-election-1997,pfemale_ind,4222,TRUE,0.4375,0.43749999999999994,0.4375
uk-general-election-1997,pfemale_ind,7519,TRUE,0.4375,0.43749999999999994,0.4375
uk-general-election-1997,pfemale_ind,5615,TRUE,0.4375,0.43749999999999994,0.4375
uk-general-election-1997,pfemale_ind,1803,TRUE,0.4375,0.43749999999999994,0.4375
uk-general-election-1997,pfemale_ind,1323,TRUE,0.4375,0.43749999999999994,0.4375
uk-general-election-1997,pfemale_ind,2918,TRUE,0.4375,0.43749999999999994,0.4375
uk-general-election-1997,pfemale_ind,1314,TRUE,0.4375,0.43749999999999994,0.4375
uk-general-election-1997,pfemale_ind,3209,TRUE,0.529411764705882,0.5294117647058825,0.5294117647058824
uk-general-election-1997,pfemale_ind,6311,TRUE,0.529411764705882,0.5294117647058825,0.5294117647058824
uk-general-election-1997,pfemale_ind,208,TRUE,0.529411764705882,0.5294117647058825,0.5294117647058824
uk-general-election-1997,pfemale_ind,1015,TRUE,0.529411764705882,0.5294117647058825,0.5294117647058824
uk-general-election-1997,pfemale_ind,2024,TRUE,0.529411764705882,0.5294117647058825,0.5294117647058824
uk-general-election-1997,pfemale_ind,4504,TRUE,0.529411764705882,0.5294117647058825,0.5294117647058824
uk-general-election-1997,pfemale_ind,8701,TRUE,0.529411764705882,0.5294117647058825,0.5294117647058824
uk-general-election-1997,pfemale_ind,7518,TRUE,0.529411764705882,0.5294117647058825,0.5294117647058824
uk-general-election-1997,pfemale_ind,119,TRUE,0.529411764705882,0.5294117647058825,0.5294117647058824
uk-general-election-1997,pfemale_ind,8506,TRUE,0.529411764705882,0.5294117647058825,0.5294117647058824
uk-general-election-1997,pfemale_ind,7216,TRUE,0.5625,0.5624999999999999,0.5625
uk-general-election-1997,pfemale_ind,7715,TRUE,0.5625,0.5624999999999999,0.5625
uk-general-election-1997,pfemale_ind,6218,TRUE,0.5625,0.5624999999999999,0.5625
uk-general-election-1997,pfemale_ind,5122,TRUE,0.5625,0.5624999999999999,0.5625
uk-general-election-1997,pfemale_ind,922,TRUE,0.5625,0.5624999999999999,0.5625
uk-general-election-1997,pfemale_ind,4911,TRUE,0.5625,0.5624999999999999,0.5625
uk-general-election-1997,pfemale_ind,1024,TRUE,0.5625,0.5624999999999999,0.5625
uk-general-election-1997,pfemale_ind,2611,TRUE,0.5625,0.5624999999999999,0.5625
uk-general-election-1997,pfemale_ind,7903,TRUE,0.5625,0.5624999999999999,0.5625
uk-general-election-1997,pfemale_ind,2104,TRUE,0.5,0.5000000000000001,0.5
uk-general-election-1997,pfemale_ind,4008,TRUE,0.5,0.5000000000000001,0.5
uk-general-election-1997,pfemale_ind,4312,TRUE,0.5,0.5000000000000001,0.5
uk-general-election-1997,pfemale_ind,3711,TRUE,0.5,0.5000000000000001,0.5
uk-general-election-1997,pfemale_ind,5025,TRUE,0.5,0.5000000000000001,0.5
uk-general-election-1997,pfemale_ind,3821,TRUE,0.5,0.5000000000000001,0.5
uk-general-election-1997,pfemale_ind,3210,TRUE,0.5,0.5000000000000001,0.5
uk-general-election-1997,pfemale_ind,715,TRUE,0.5,0.5000000000000001,0.5
uk-general-election-1997,pfemale_ind,9009,TRUE,0.5,0.5000000000000001,0.5
uk-general-election-1997,pfemale_ind,521,TRUE,0.555555555555556,0.5555555555555556,0.5555555555555557
uk-general-election-1997,pfemale_ind,5014,TRUE,0.555555555555556,0.5555555555555556,0.5555555555555557
uk-general-election-1997,pfemale_ind,824,TRUE,0.555555555555556,0.5555555555555556,0.5555555555555557
uk-general-election-1997,pfemale_ind,5001,TRUE,0.555555555555556,0.5555555555555556,0.5555555555555557
uk-general-election-1997,pfemale_ind,3417,TRUE,0.555555555555556,0.5555555555555556,0.5555555555555557
uk-general-election-1997,pfemale_ind,3019,TRUE,0.555555555555556,0.5555555555555556,0.5555555555555557
uk-general-election-1997,pfemale_ind,5022,TRUE,0.555555555555556,0.5555555555555556,0.5555555555555557
uk-general-election-1997,pfemale_ind,8324,TRUE,0.555555555555556,0.5555555555555556,0.5555555555555557
uk-general-election-1997,pfemale_ind,7615,TRUE,0.555555555555556,0.5555555555555556,0.5555555555555557
uk-general-election-1997,pfemale_ind,8910,TRUE,0.555555555555556,0.5555555555555556,0.5555555555555557
uk-general-election-1997,pfemale_ind,6405,TRUE,0.555555555555556,0.5555555555555556,0.5555555555555557
uk-general-election-1997,pfemale_ind,4502,TRUE,0.631578947368421,0.631578947368421,0.631578947368421
uk-general-election-1997,pfemale_ind,1622,TRUE,0.631578947368421,0.631578947368421,0.631578947368421
uk-general-election-1997,pfemale_ind,2511,TRUE,0.631578947368421,0.631578947368421,0.631578947368421
uk-general-election-1997,pfemale_ind,6024,TRUE,0.631578947368421,0.631578947368421,0.631578947368421
uk-general-election-1997,pfemale_ind,1305,TRUE,0.631578947368421,0.631578947368421,0.631578947368421
uk-general-election-1997,pfemale_ind,3722,TRUE,0.631578947368421,0.631578947368421,0.631578947368421
uk-general-election-1997,pfemale_ind,6609,TRUE,0.631578947368421,0.631578947368421,0.631578947368421
uk-general-election-1997,pfemale_ind,1823,TRUE,0.631578947368421,0.631578947368421,0.631578947368421
uk-general-election-1997,pfemale_ind,6616,TRUE,0.631578947368421,0.631578947368421,0.631578947368421
uk-general-election-1997,pfemale_ind,1121,TRUE,0.631578947368421,0.631578947368421,0.631578947368421
uk-general-election-1997,pfemale_ind,1901,TRUE,0.631578947368421,0.631578947368421,0.631578947368421
uk-general-election-1997,pfemale_ind,4024,TRUE,0.631578947368421,0.631578947368421,0.631578947368421
uk-general-election-1997,pfemale_ind,7322,TRUE,0.4,0.4,0.4000000000000001
uk-general-election-1997,pfemale_ind,3614,TRUE,0.4,0.4,0.4000000000000001
uk-general-election-1997,pfemale_ind,3822,TRUE,0.4,0.4,0.4000000000000001
uk-general-election-1997,pfemale_ind,8825,TRUE,0.4,0.4,0.4000000000000001
uk-general-election-1997,pfemale_ind,419,TRUE,0.4,0.4,0.4000000000000001
uk-general-election-1997,pfemale_ind,4413,TRUE,0.4,0.4,0.4000000000000001
uk-general-election-1997,pfemale_ind,7909,TRUE,0.4,0.4,0.4000000000000001
uk-general-election-1997,pfemale_ind,7211,TRUE,0.588235294117647,0.588235294117647,0.588235294117647
uk-general-election-1997,pfemale_ind,6910,TRUE,0.529411764705882,0.5294117647058825,0.5294117647058824
uk-general-election-1997,pfemale_ind,6213,TRUE,0.529411764705882,0.5294117647058825,0.5294117647058824
uk-general-election-1997,pfemale_ind,1608,TRUE,0.5,0.5000000000000001,0.5
uk-general-election-1997,pfemale_ind,812,TRUE,0.5625,0.5624999999999999,0.5625
uk-general-election-1997,pfemale_ind,7809,TRUE,0.5,0.5000000000000001,0.5
uk-general-election-1997,pfemale_ind,8801,TRUE,0.631578947368421,0.631578947368421,0.631578947368421
uk-general-election-1997,pfemale_ind,7703,TRUE,0.473684210526316,0.47368421052631576,0.4736842105263157
uk-general-election-1997,pfemale_ind,4521,TRUE,0.647058823529412,0.6470588235294117,0.6470588235294118
uk-general-election-1997,pfemale_ind,2905,TRUE,0.647058823529412,0.6470588235294117,0.6470588235294118
uk-general-election-1997,pfemale_ind,8306,TRUE,0.647058823529412,0.6470588235294117,0.6470588235294118
uk-general-election-1997,pfemale_ind,403,TRUE,0.647058823529412,0.6470588235294117,0.6470588235294118
uk-general-election-1997,pfemale_ind,3415,TRUE,0.647058823529412,0.6470588235294117,0.6470588235294118
uk-general-election-1997,pfemale_ind,4702,TRUE,0.647058823529412,0.6470588235294117,0.6470588235294118
uk-general-election-1997,pfemale_ind,6804,TRUE,0.5,0.5,0.5
uk-general-election-1997,pfemale_ind,3206,TRUE,0.5,0.5,0.5
uk-general-election-1997,pfemale_ind,1207,TRUE,0.5,0.5,0.5
uk-general-election-1997,pfemale_ind,7101,TRUE,0.5,0.5,0.5
uk-general-election-1997,pfemale_ind,7619,TRUE,0.5,0.5,0.5
uk-general-election-1997,pfemale_ind,8007,TRUE,0.5,0.5,0.5
uk-general-election-1997,pfemale_ind,1013,TRUE,0.5,0.5,0.5
uk-general-election-1997,pfemale_ind,4522,TRUE,0.5,0.5,0.5
uk-general-election-1997,pfemale_ind,3915,TRUE,0.588235294117647,0.5882352941176472,0.588235294117647
uk-general-election-1997,pfemale_ind,6123,TRUE,0.588235294117647,0.5882352941176472,0.588235294117647
uk-general-election-1997,pfemale_ind,401,TRUE,0.588235294117647,0.5882352941176472,0.588235294117647
uk-general-election-1997,pfemale_ind,6202,TRUE,0.588235294117647,0.5882352941176472,0.588235294117647
uk-general-election-1997,pfemale_ind,6011,TRUE,0.588235294117647,0.5882352941176472,0.588235294117647
uk-general-election-1997,pfemale_ind,4513,TRUE,0.588235294117647,0.5882352941176472,0.588235294117647
uk-general-election-1997,pfemale_ind,515,TRUE,0.588235294117647,0.5882352941176472,0.588235294117647
uk-general-election-1997,pfemale_ind,5007,TRUE,0.5625,0.5625,0.5625
uk-general-election-1997,pfemale_ind,5308,TRUE,0.5625,0.5625,0.5625
uk-general-election-1997,pfemale_ind,1021,TRUE,0.5625,0.5625,0.5625
uk-general-election-1997,pfemale_ind,316,TRUE,0.5625,0.5625,0.5625
uk-general-election-1997,pfemale_ind,4708,TRUE,0.5625,0.5625,0.5625
uk-general-election-1997,pfemale_ind,5012,TRUE,0.5625,0.5625,0.5625
uk-general-election-1997,pfemale_ind,2804,TRUE,0.5625,0.5625,0.5625
uk-general-election-1997,pfemale_ind,3316,TRUE,0.5625,0.5625,0.5625
uk-general-election-1997,pfemale_ind,2107,TRUE,0.5,0.4999999999999999,0.5
uk-general-election-1997,pfemale_ind,2923,TRUE,0.5,0.4999999999999999,0.5
uk-general-election-1997,pfemale_ind,6808,TRUE,0.5,0.4999999999999999,0.5
uk-general-election-1997,pfemale_ind,2406,TRUE,0.5,0.4999999999999999,0.5
uk-general-election-1997,pfemale_ind,1717,TRUE,0.5,0.4999999999999999,0.5
uk-general-election-1997,pfemale_ind,2321,TRUE,0.5,0.4999999999999999,0.5
uk-general-election-1997,pfemale_ind,7820,TRUE,0.5,0.4999999999999999,0.5
uk-general-election-1997,pfemale_ind,1425,TRUE,0.5,0.4999999999999999,0.5
uk-general-election-1997,pfemale_ind,4219,TRUE,0.5,0.4999999999999999,0.5
uk-general-election-1997,pfemale_ind,7602,TRUE,0.5,0.4999999999999999,0.5
uk-general-election-1997,pfemale_ind,6321,TRUE,0.555555555555556,0.5555555555555557,0.5555555555555557
uk-general-election-1997,pfemale_ind,4122,TRUE,0.555555555555556,0.5555555555555557,0.5555555555555557
uk-general-election-1997,pfemale_ind,8804,TRUE,0.555555555555556,0.5555555555555557,0.5555555555555557
uk-general-election-1997,pfemale_ind,7604,TRUE,0.555555555555556,0.5555555555555557,0.5555555555555557
uk-general-election-1997,pfemale_ind,1217,TRUE,0.555555555555556,0.5555555555555557,0.5555555555555557
uk-general-election-1997,pfemale_ind,3317,TRUE,0.555555555555556,0.5555555555555557,0.5555555555555557
uk-general-election-1997,pfemale_ind,103,TRUE,0.555555555555556,0.5555555555555557,0.5555555555555557
uk-general-election-1997,pfemale_ind,7415,TRUE,0.555555555555556,0.5555555555555557,0.5555555555555557
uk-general-election-1997,pfemale_ind,7507,TRUE,0.555555555555556,0.5555555555555557,0.5555555555555557
uk-general-election-1997,pfemale_ind,6709,TRUE,0.625,0.6249999999999999,0.625
uk-general-election-1997,pfemale_ind,4317,TRUE,0.625,0.6249999999999999,0.625
uk-general-election-1997,pfemale_ind,6412,TRUE,0.625,0.6249999999999999,0.625
uk-general-election-1997,pfemale_ind,2421,TRUE,0.625,0.6249999999999999,0.625
uk-general-election-1997,pfemale_ind,3208,TRUE,0.526315789473684,0.5263157894736842,0.5263157894736843
uk-general-election-1997,pfemale_ind,2111,TRUE,0.526315789473684,0.5263157894736842,0.5263157894736843
uk-general-election-1997,pfemale_ind,7102,TRUE,0.526315789473684,0.5263157894736842,0.5263157894736843
uk-general-election-1997,pfemale_ind,1922,TRUE,0.526315789473684,0.5263157894736842,0.5263157894736843
uk-general-election-1997,pfemale_ind,8011,TRUE,0.526315789473684,0.5263157894736842,0.5263157894736843
uk-general-election-1997,pfemale_ind,3120,TRUE,0.526315789473684,0.5263157894736842,0.5263157894736843
uk-general-election-1997,pfemale_ind,2919,TRUE,0.526315789473684,0.5263157894736842,0.5263157894736843
uk-general-election-1997,pfemale_ind,1322,TRUE,0.526315789473684,0.5263157894736842,0.5263157894736843
uk-general-election-1997,pfemale_ind,2224,TRUE,0.526315789473684,0.5263157894736842,0.5263157894736843
uk-general-election-1997,pfemale_ind,2817,TRUE,0.526315789473684,0.5263157894736842,0.5263157894736843
uk-general-election-1997,pfemale_ind,5421,TRUE,0.5,0.49999999999999994,0.5
uk-general-election-1997,pfemale_ind,8018,TRUE,0.5,0.49999999999999994,0.5
uk-general-election-1997,pfemale_ind,1905,TRUE,0.5,0.49999999999999994,0.5
uk-general-election-1997,pfemale_ind,2616,TRUE,0.5,0.49999999999999994,0.5
uk-general-election-1997,pfemale_ind,2322,TRUE,0.5,0.49999999999999994,0.5
uk-general-election-1997,pfemale_ind,4610,TRUE,0.5,0.49999999999999994,0.5
uk-general-election-1997,pfemale_ind,5119,TRUE,0.5,0.49999999999999994,0.5
uk-general-election-1997,pfemale_ind,6511,TRUE,0.588235294117647,0.5882352941176472,0.588235294117647
uk-general-election-1997,pfemale_ind,2521,TRUE,0.588235294117647,0.5882352941176472,0.588235294117647
uk-general-election-1997,pfemale_ind,8614,TRUE,0.588235294117647,0.5882352941176472,0.588235294117647
uk-general-election-1997,pfemale_ind,8710,TRUE,0.588235294117647,0.5882352941176472,0.588235294117647
uk-general-election-1997,pfemale_ind,6020,TRUE,0.588235294117647,0.5882352941176472,0.588235294117647
uk-general-election-1997,pfemale_ind,8406,TRUE,0.588235294117647,0.5882352941176472,0.588235294117647
uk-general-election-1997,pfemale_ind,4725,TRUE,0.588235294117647,0.5882352941176472,0.588235294117647
uk-general-election-1997,pfemale_ind,2223,TRUE,0.588235294117647,0.5882352941176472,0.588235294117647
uk-general-election-1997,pfemale_ind,6302,TRUE,0.625,0.6249999999999999,0.625
uk-general-election-1997,pfemale_ind,1210,TRUE,0.625,0.6249999999999999,0.625
uk-general-election-1997,pfemale_ind,6603,TRUE,0.625,0.6249999999999999,0.625
uk-general-election-1997,pfemale_ind,5905,TRUE,0.625,0.6249999999999999,0.625
uk-general-election-1997,pfemale_ind,6525,TRUE,0.625,0.6249999999999999,0.625
uk-general-election-1997,pfemale_ind,7407,TRUE,0.625,0.6249999999999999,0.625
uk-general-election-1997,pfemale_ind,1401,TRUE,0.625,0.6249999999999999,0.625
uk-general-election-1997,pfemale_ind,5101,TRUE,0.555555555555556,0.5555555555555557,0.5555555555555557
uk-general-election-1997,pfemale_ind,4813,TRUE,0.555555555555556,0.5555555555555557,0.5555555555555557
uk-general-election-1997,pfemale_ind,7714,TRUE,0.555555555555556,0.5555555555555557,0.5555555555555557
uk-general-election-1997,pfemale_ind,8711,TRUE,0.555555555555556,0.5555555555555557,0.5555555555555557
uk-general-election-1997,pfemale_ind,6116,TRUE,0.555555555555556,0.5555555555555557,0.5555555555555557
uk-general-election-1997,pfemale_ind,4712,TRUE,0.555555555555556,0.5555555555555557,0.5555555555555557
uk-general-election-1997,pfemale_ind,3506,TRUE,0.555555555555556,0.5555555555555557,0.5555555555555557
uk-general-election-1997,pfemale_ind,4108,TRUE,0.611111111111111,0.6111111111111112,0.611111111111111
uk-general-election-1997,pfemale_ind,4206,TRUE,0.611111111111111,0.6111111111111112,0.611111111111111
uk-general-election-1997,pfemale_ind,7804,TRUE,0.611111111111111,0.6111111111111112,0.611111111111111
uk-general-election-1997,pfemale_ind,7825,TRUE,0.611111111111111,0.6111111111111112,0.611111111111111
uk-general-election-1997,pfemale_ind,2103,TRUE,0.611111111111111,0.6111111111111112,0.611111111111111
uk-general-election-1997,pfemale_ind,4804,TRUE,0.611111111111111,0.6111111111111112,0.611111111111111
uk-general-election-1997,pfemale_ind,8001,TRUE,0.611111111111111,0.6111111111111112,0.611111111111111
uk-general-election-1997,pfemale_ind,1206,TRUE,0.611111111111111,0.6111111111111112,0.611111111111111
uk-general-election-1997,pfemale_ind,5215,TRUE,0.684210526315789,0.6842105263157895,0.6842105263157895
uk-general-election-1997,pfemale_ind,2614,TRUE,0.684210526315789,0.6842105263157895,0.6842105263157895
uk-general-election-1997,pfemale_ind,511,TRUE,0.684210526315789,0.6842105263157895,0.6842105263157895
uk-general-election-1997,pfemale_ind,6022,TRUE,0.684210526315789,0.6842105263157895,0.6842105263157895
uk-general-election-1997,pfemale_ind,7904,TRUE,0.684210526315789,0.6842105263157895,0.6842105263157895
uk-general-election-1997,pfemale_ind,5004,TRUE,0.684210526315789,0.6842105263157895,0.6842105263157895
uk-general-election-1997,pfemale_ind,8520,TRUE,0.466666666666667,0.4666666666666667,0.4666666666666666
uk-general-election-1997,pfemale_ind,1304,TRUE,0.466666666666667,0.4666666666666667,0.4666666666666666
uk-general-election-1997,pfemale_ind,8304,TRUE,0.466666666666667,0.4666666666666667,0.4666666666666666
uk-general-election-1997,pfemale_ind,7510,TRUE,0.466666666666667,0.4666666666666667,0.4666666666666666
uk-general-election-1997,pfemale_ind,2412,TRUE,0.466666666666667,0.4666666666666667,0.4666666666666666
uk-general-election-1997,pfemale_ind,4622,TRUE,0.5,0.5,0.5
uk-general-election-1997,pfemale_ind,8822,TRUE,0.588235294117647,0.5882352941176472,0.588235294117647
uk-general-election-1997,pfemale_ind,3225,TRUE,0.625,0.6249999999999999,0.625
uk-general-election-1997,pfemale_ind,8815,TRUE,0.5,0.49999999999999994,0.5
uk-general-election-1997,pfemale_ind,8113,TRUE,0.684210526315789,0.6842105263157895,0.6842105263157895
uk-general-election-1997,pfemale_ind,7221,TRUE,0.466666666666667,0.4666666666666667,0.4666666666666666
uk-general-election-1997,pfemale_ind,4322,TRUE,0.647058823529412,0.6470588235294117,0.6470588235294118
uk-general-election-1997,pfemale_ind,319,TRUE,0.5,0.5,0.5
uk-general-election-1997,pfemale_ind,2118,TRUE,0.5,0.5,0.5
uk-general-election-1997,pfemale_ind,3111,TRUE,0.625,0.6249999999999999,0.625
uk-general-election-1997,pfemale_ind,7802,TRUE,0.625,0.6249999999999999,0.625
uk-general-election-1997,pfemale_ind,3119,TRUE,0.5,0.49999999999999994,0.5
uk-general-election-1997,pfemale_ind,4010,TRUE,0.555555555555556,0.5555555555555557,0.5555555555555557
uk-general-election-1997,pfemale_ind,1625,TRUE,0.555555555555556,0.5555555555555557,0.5555555555555557
uk-general-election-1997,pfemale_ind,3706,TRUE,0.466666666666667,0.4666666666666667,0.4666666666666666
uk-general-election-1997,pfemale_ind,7924,TRUE,0.466666666666667,0.4666666666666667,0.4666666666666666
uk-general-election-1997,pfemale_ind,1414,TRUE,0.466666666666667,0.4666666666666667,0.4666666666666666
australia-republic-1999,pfemale_ind,1,TRUE,0.384615384615385,0.3846153846153845,0.38461538461538464
australia-republic-1999,pfemale_ind,4,TRUE,0.461538461538462,0.4615384615384616,0.4615384615384616
australia-republic-1999,pfemale_ind,5,TRUE,0.333333333333333,0.3333333333333333,0.33333333333333337
australia-republic-1999,pfemale_ind,6,TRUE,0.615384615384615,0.6153846153846154,0.6153846153846154
australia-republic-1999,pfemale_ind,8,TRUE,0.5,0.5,0.5
australia-republic-1999,pfemale_ind,11,TRUE,0.733333333333333,0.7333333333333333,0.7333333333333334
australia-republic-1999,pfemale_ind,12,TRUE,0.571428571428571,0.5714285714285714,0.5714285714285714
australia-republic-1999,pfemale_ind,17,TRUE,0.545454545454545,0.5454545454545454,0.5454545454545454
australia-republic-1999,pfemale_ind,24,TRUE,0.642857142857143,0.6428571428571429,0.6428571428571429
australia-republic-1999,pfemale_ind,25,TRUE,0.333333333333333,0.3333333333333333,0.33333333333333337
australia-republic-1999,pfemale_ind,31,TRUE,0.285714285714286,0.2857142857142857,0.28571428571428575
australia-republic-1999,pfemale_ind,32,TRUE,0.666666666666667,0.6666666666666666,0.6666666666666667
australia-republic-1999,pfemale_ind,38,TRUE,0.666666666666667,0.6666666666666666,0.6666666666666666
australia-republic-1999,pfemale_ind,39,TRUE,0.384615384615385,0.38461538461538464,0.38461538461538464
australia-republic-1999,pfemale_ind,42,TRUE,0.545454545454545,0.5454545454545454,0.5454545454545454
australia-republic-1999,pfemale_ind,43,TRUE,0.384615384615385,0.38461538461538464,0.38461538461538464
australia-republic-1999,pfemale_ind,46,TRUE,0.285714285714286,0.2857142857142857,0.28571428571428575
australia-republic-1999,pfemale_ind,49,TRUE,0.615384615384615,0.6153846153846154,0.6153846153846154
australia-republic-1999,pfemale_ind,57,TRUE,0.461538461538462,0.4615384615384616,0.4615384615384616
australia-republic-1999,pfemale_ind,61,TRUE,0.571428571428571,0.5714285714285714,0.5714285714285714
australia-republic-1999,pfemale_ind,64,TRUE,0.733333333333333,0.7333333333333333,0.7333333333333334
australia-republic-1999,pfemale_ind,68,TRUE,0.333333333333333,0.3333333333333333,0.33333333333333337
australia-republic-1999,pfemale_ind,79,TRUE,0.625,0.625,0.625
australia-republic-1999,pfemale_ind,83,TRUE,0.666666666666667,0.6666666666666666,0.6666666666666667
australia-republic-1999,pfemale_ind,86,TRUE,0.461538461538462,0.4615384615384616,0.4615384615384616
australia-republic-1999,pfemale_ind,87,TRUE,0.5,0.5,0.5
australia-republic-1999,pfemale_ind,88,TRUE,0.333333333333333,0.3333333333333333,0.33333333333333337
australia-republic-1999,pfemale_ind,90,TRUE,0.384615384615385,0.3846153846153845,0.38461538461538464
australia-republic-1999,pfemale_ind,93,TRUE,0.333333333333333,0.3333333333333333,0.33333333333333337
australia-republic-1999,pfemale_ind,95,TRUE,0.769230769230769,0.7692307692307693,0.7692307692307693
australia-republic-1999,pfemale_ind,107,TRUE,0.5,0.5,0.5
australia-republic-1999,pfemale_ind,108,TRUE,0.384615384615385,0.3846153846153845,0.38461538461538464
australia-republic-1999,pfemale_ind,110,TRUE,0.363636363636364,0.3636363636363637,0.3636363636363637
australia-republic-1999,pfemale_ind,126,TRUE,0.333333333333333,0.3333333333333333,0.33333333333333337
australia-republic-1999,pfemale_ind,127,TRUE,0.461538461538462,0.4615384615384616,0.4615384615384616
australia-republic-1999,pfemale_ind,130,TRUE,0.384615384615385,0.38461538461538464,0.38461538461538464
australia-republic-1999,pfemale_ind,133,TRUE,0.692307692307692,0.6923076923076923,0.6923076923076923
australia-republic-1999,pfemale_ind,135,TRUE,0.428571428571429,0.42857142857142855,0.42857142857142855
australia-republic-1999,pfemale_ind,137,TRUE,0.666666666666667,0.6666666666666666,0.6666666666666667
australia-republic-1999,pfemale_ind,142,TRUE,0.333333333333333,0.3333333333333333,0.33333333333333337
australia-republic-1999,pfemale_ind,143,TRUE,0.692307692307692,0.6923076923076923,0.6923076923076923
australia-republic-1999,pfemale_ind,146,TRUE,0.272727272727273,0.2727272727272727,0.2727272727272727
australia-republic-1999,pfemale_ind,152,TRUE,0.272727272727273,0.2727272727272727,0.2727272727272727
australia-republic-1999,pfemale_ind,154,TRUE,0.461538461538462,0.4615384615384616,0.4615384615384616
australia-republic-1999,pfemale_ind,155,TRUE,0.583333333333333,0.5833333333333334,0.5833333333333334
australia-republic-1999,pfemale_ind,158,TRUE,0.266666666666667,0.26666666666666666,0.2666666666666667
australia-republic-1999,pfemale_ind,164,TRUE,0.583333333333333,0.5833333333333334,0.5833333333333334
australia-republic-1999,pfemale_ind,165,TRUE,0.461538461538462,0.4615384615384616,0.4615384615384616
australia-republic-1999,pfemale_ind,167,TRUE,0.538461538461538,0.5384615384615384,0.5384615384615384
australia-republic-1999,pfemale_ind,170,TRUE,0.416666666666667,0.4166666666666667,0.41666666666666663
australia-republic-1999,pfemale_ind,174,TRUE,0.4,0.4,0.4
australia-republic-1999,pfemale_ind,177,TRUE,0.666666666666667,0.6666666666666666,0.6666666666666667
australia-republic-1999,pfemale_ind,178,TRUE,0.5,0.5,0.5
australia-republic-1999,pfemale_ind,180,TRUE,0.384615384615385,0.38461538461538464,0.38461538461538464
australia-republic-1999,pfemale_ind,182,TRUE,0.692307692307692,0.6923076923076923,0.6923076923076923
australia-republic-1999,pfemale_ind,183,TRUE,0.384615384615385,0.38461538461538464,0.38461538461538464
australia-republic-1999,pfemale_ind,186,TRUE,0.384615384615385,0.38461538461538464,0.38461538461538464
australia-republic-1999,pfemale_ind,189,TRUE,0.454545454545455,0.4545454545454546,0.4545454545454546
australia-republic-1999,pfemale_ind,199,TRUE,0.5625,0.5625,0.5625
australia-republic-1999,pfemale_ind,200,TRUE,0.416666666666667,0.4166666666666667,0.41666666666666663
australia-republic-1999,pfemale_ind,205,TRUE,0.5625,0.5625,0.5625
australia-republic-1999,pfemale_ind,208,TRUE,0.333333333333333,0.3333333333333333,0.33333333333333337
australia-republic-1999,pfemale_ind,210,TRUE,0.571428571428571,0.5714285714285714,0.5714285714285714
australia-republic-1999,pfemale_ind,216,TRUE,0.307692307692308,0.3076923076923077,0.3076923076923077
australia-republic-1999,pfemale_ind,224,TRUE,0.461538461538462,0.4615384615384616,0.4615384615384616
australia-republic-1999,pfemale_ind,226,TRUE,0.5,0.5,0.5
australia-republic-1999,pfemale_ind,239,TRUE,0.333333333333333,0.3333333333333333,0.33333333333333337
australia-republic-1999,pfemale_ind,240,TRUE,0.416666666666667,0.4166666666666667,0.41666666666666663
australia-republic-1999,pfemale_ind,244,TRUE,0.538461538461538,0.5384615384615384,0.5384615384615384
australia-republic-1999,pfemale_ind,248,TRUE,0.266666666666667,0.26666666666666666,0.2666666666666667
australia-republic-1999,pfemale_ind,249,TRUE,0.571428571428571,0.5714285714285714,0.5714285714285714
australia-republic-1999,pfemale_ind,252,TRUE,0.5625,0.5625,0.5625
australia-republic-1999,pfemale_ind,256,TRUE,0.6,0.6,0.6
australia-republic-1999,pfemale_ind,260,TRUE,0.583333333333333,0.5833333333333334,0.5833333333333334
australia-republic-1999,pfemale_ind,262,TRUE,0.461538461538462,0.4615384615384616,0.4615384615384616
australia-republic-1999,pfemale_ind,307,TRUE,0.461538461538462,0.4615384615384616,0.4615384615384616
australia-republic-1999,pfemale_ind,309,TRUE,0.769230769230769,0.7692307692307693,0.7692307692307693
australia-republic-1999,pfemale_ind,312,TRUE,0.333333333333333,0.3333333333333333,0.33333333333333337
australia-republic-1999,pfemale_ind,313,TRUE,0.466666666666667,0.4666666666666667,0.4666666666666667
australia-republic-1999,pfemale_ind,315,TRUE,0.733333333333333,0.7333333333333333,0.7333333333333334
australia-republic-1999,pfemale_ind,321,TRUE,0.285714285714286,0.2857142857142857,0.28571428571428575
australia-republic-1999,pfemale_ind,327,TRUE,0.666666666666667,0.6666666666666666,0.6666666666666667
australia-republic-1999,pfemale_ind,329,TRUE,0.416666666666667,0.4166666666666667,0.41666666666666663
australia-republic-1999,pfemale_ind,338,TRUE,0.285714285714286,0.2857142857142857,0.28571428571428575
australia-republic-1999,pfemale_ind,340,TRUE,0.333333333333333,0.3333333333333333,0.33333333333333337
australia-republic-1999,pfemale_ind,343,TRUE,0.285714285714286,0.2857142857142857,0.28571428571428575
australia-republic-1999,pfemale_ind,344,TRUE,0.5,0.5,0.5
australia-republic-1999,pfemale_ind,352,TRUE,0.416666666666667,0.4166666666666667,0.41666666666666663
australia-republic-1999,pfemale_ind,353,TRUE,0.769230769230769,0.7692307692307693,0.7692307692307693
australia-republic-1999,pfemale_ind,357,TRUE,0.625,0.625,0.625
australia-republic-1999,pfemale_ind,358,TRUE,0.666666666666667,0.6666666666666666,0.6666666666666667
australia-republic-1999,pfemale_ind,361,TRUE,0.538461538461538,0.5384615384615384,0.5384615384615384
australia-republic-1999,pfemale_ind,364,TRUE,0.583333333333333,0.5833333333333334,0.5833333333333334
australia-republic-1999,pfemale_ind,366,TRUE,0.333333333333333,0.3333333333333333,0.33333333333333337
australia-republic-1999,pfemale_ind,370,TRUE,0.285714285714286,0.2857142857142857,0.28571428571428575
australia-republic-1999,pfemale_ind,396,TRUE,0.272727272727273,0.2727272727272727,0.2727272727272727
australia-republic-1999,pfemale_ind,397,TRUE,0.538461538461538,0.5384615384615384,0.5384615384615384
australia-republic-1999,pfemale_ind,399,TRUE,0.571428571428571,0.5714285714285714,0.5714285714285714
australia-republic-1999,pfemale_ind,403,TRUE,0.333333333333333,0.3333333333333333,0.33333333333333337
australia-republic-1999,pfemale_ind,404,TRUE,0.692307692307692,0.6923076923076923,0.6923076923076923
australia-republic-1999,pfemale_ind,417,TRUE,0.307692307692308,0.3076923076923076,0.3076923076923077
australia-republic-1999,pfemale_ind,419,TRUE,0.384615384615385,0.38461538461538464,0.38461538461538464
australia-republic-1999,pfemale_ind,420,TRUE,0.666666666666667,0.6666666666666666,0.6666666666666667
australia-republic-1999,pfemale_ind,425,TRUE,0.454545454545455,0.4545454545454546,0.4545454545454546
australia-republic-1999,pfemale_ind,430,TRUE,0.538461538461538,0.5384615384615384,0.5384615384615384
australia-republic-1999,pfemale_ind,432,TRUE,0.571428571428571,0.5714285714285714,0.5714285714285714
australia-republic-1999,pfemale_ind,433,TRUE,0.5,0.5,0.5
australia-republic-1999,pfemale_ind,480,TRUE,0.461538461538462,0.4615384615384616,0.4615384615384616
australia-republic-1999,pfemale_ind,482,TRUE,0.5,0.5,0.5
australia-republic-1999,pfemale_ind,484,TRUE,0.4,0.4,0.4
australia-republic-1999,pfemale_ind,504,TRUE,0.333333333333333,0.3333333333333333,0.33333333333333337
australia-republic-1999,pfemale_ind,512,TRUE,0.538461538461538,0.5384615384615384,0.5384615384615384
australia-republic-1999,pfemale_ind,513,TRUE,0.571428571428571,0.5714285714285714,0.5714285714285714
australia-republic-1999,pfemale_ind,514,TRUE,0.333333333333333,0.3333333333333333,0.33333333333333337
australia-republic-1999,pfemale_ind,515,TRUE,0.4,0.4,0.4
australia-republic-1999,pfemale_ind,520,TRUE,0.461538461538462,0.4615384615384616,0.4615384615384616
australia-republic-1999,pfemale_ind,521,TRUE,0.571428571428571,0.5714285714285714,0.5714285714285714
australia-republic-1999,pfemale_ind,522,TRUE,0.461538461538462,0.4615384615384616,0.4615384615384616
australia-republic-1999,pfemale_ind,523,TRUE,0.285714285714286,0.2857142857142857,0.28571428571428575
australia-republic-1999,pfemale_ind,527,TRUE,0.625,0.625,0.625
australia-republic-1999,pfemale_ind,528,TRUE,0.466666666666667,0.4666666666666667,0.4666666666666667
australia-republic-1999,pfemale_ind,530,TRUE,0.333333333333333,0.3333333333333333,0.33333333333333337
australia-republic-1999,pfemale_ind,531,TRUE,0.363636363636364,0.3636363636363637,0.3636363636363637
australia-republic-1999,pfemale_ind,532,TRUE,0.363636363636364,0.3636363636363637,0.3636363636363637
australia-republic-1999,pfemale_ind,537,TRUE,0.461538461538462,0.4615384615384616,0.4615384615384616
australia-republic-1999,pfemale_ind,538,TRUE,0.615384615384615,0.6153846153846154,0.6153846153846154
australia-republic-1999,pfemale_ind,539,TRUE,0.5,0.5,0.5
australia-republic-1999,pfemale_ind,541,TRUE,0.571428571428571,0.5714285714285714,0.5714285714285714
australia-republic-1999,pfemale_ind,542,TRUE,0.416666666666667,0.4166666666666667,0.41666666666666663
australia-republic-1999,pfemale_ind,557,TRUE,0.461538461538462,0.4615384615384616,0.4615384615384616
australia-republic-1999,pfemale_ind,565,TRUE,0.5,0.5,0.5
australia-republic-1999,pfemale_ind,566,TRUE,0.333333333333333,0.3333333333333333,0.33333333333333337
australia-republic-1999,pfemale_ind,569,TRUE,0.466666666666667,0.4666666666666667,0.4666666666666667
australia-republic-1999,pfemale_ind,570,TRUE,0.384615384615385,0.3846153846153845,0.38461538461538464
australia-republic-1999,pfemale_ind,571,TRUE,0.363636363636364,0.3636363636363637,0.3636363636363637
australia-republic-1999,pfemale_ind,572,TRUE,0.5,0.5,0.5
australia-republic-1999,pfemale_ind,573,TRUE,0.583333333333333,0.5833333333333334,0.5833333333333334
australia-republic-1999,pfemale_ind,579,TRUE,0.4,0.4,0.4
australia-republic-1999,pfemale_ind,581,TRUE,0.642857142857143,0.6428571428571429,0.6428571428571429
australia-republic-1999,pfemale_ind,582,TRUE,0.285714285714286,0.2857142857142857,0.28571428571428575
australia-republic-1999,pfemale_ind,583,TRUE,0.538461538461538,0.5384615384615384,0.5384615384615384
australia-republic-1999,pfemale_ind,585,TRUE,0.625,0.625,0.625
australia-republic-1999,pfemale_ind,591,TRUE,0.333333333333333,0.3333333333333333,0.33333333333333337
australia-republic-1999,pfemale_ind,592,TRUE,0.666666666666667,0.6666666666666666,0.6666666666666666
australia-republic-1999,pfemale_ind,596,TRUE,0.666666666666667,0.6666666666666666,0.6666666666666667
australia-republic-1999,pfemale_ind,600,TRUE,0.5,0.5,0.5
australia-republic-1999,pfemale_ind,602,TRUE,0.733333333333333,0.7333333333333333,0.7333333333333334
australia-republic-1999,pfemale_ind,605,TRUE,0.461538461538462,0.4615384615384616,0.4615384615384616
australia-republic-1999,pfemale_ind,614,TRUE,0.384615384615385,0.38461538461538464,0.38461538461538464
australia-republic-1999,pfemale_ind,621,TRUE,0.384615384615385,0.38461538461538464,0.38461538461538464
australia-republic-1999,pfemale_ind,622,TRUE,0.428571428571429,0.42857142857142855,0.42857142857142855
australia-republic-1999,pfemale_ind,624,TRUE,0.571428571428571,0.5714285714285714,0.5714285714285714
australia-republic-1999,pfemale_ind,632,TRUE,0.5625,0.5625,0.5625
australia-republic-1999,pfemale_ind,640,TRUE,0.333333333333333,0.3333333333333333,0.33333333333333337
australia-republic-1999,pfemale_ind,642,TRUE,0.6,0.6,0.6
australia-republic-1999,pfemale_ind,644,TRUE,0.333333333333333,0.3333333333333333,0.33333333333333337
australia-republic-1999,pfemale_ind,648,TRUE,0.454545454545455,0.4545454545454546,0.4545454545454546
australia-republic-1999,pfemale_ind,650,TRUE,0.333333333333333,0.3333333333333333,0.33333333333333337
australia-republic-1999,pfemale_ind,655,TRUE,0.384615384615385,0.38461538461538464,0.38461538461538464
australia-republic-1999,pfemale_ind,658,TRUE,0.538461538461538,0.5384615384615384,0.5384615384615384
australia-republic-1999,pfemale_ind,664,TRUE,0.583333333333333,0.5833333333333334,0.5833333333333334
australia-republic-1999,pfemale_ind,668,TRUE,0.266666666666667,0.26666666666666666,0.2666666666666667
australia-republic-1999,pfemale_ind,683,TRUE,0.6,0.6,0.6
australia-republic-1999,pfemale_ind,684,TRUE,0.4,0.4,0.4
australia-republic-1999,pfemale_ind,685,TRUE,0.428571428571429,0.42857142857142855,0.42857142857142855
australia-republic-1999,pfemale_ind,686,TRUE,0.666666666666667,0.6666666666666666,0.6666666666666666
australia-republic-1999,pfemale_ind,687,TRUE,0.666666666666667,0.6666666666666666,0.6666666666666666
australia-republic-1999,pfemale_ind,688,TRUE,0.4,0.4,0.4
australia-republic-1999,pfemale_ind,689,TRUE,0.692307692307692,0.6923076923076923,0.6923076923076923
australia-republic-1999,pfemale_ind,692,TRUE,0.454545454545455,0.4545454545454546,0.4545454545454546
australia-republic-1999,pfemale_ind,693,TRUE,0.266666666666667,0.26666666666666666,0.26666666666666666
australia-republic-1999,pfemale_ind,699,TRUE,0.5625,0.5625,0.5625
australia-republic-1999,pfemale_ind,710,TRUE,0.6,0.6,0.6
australia-republic-1999,pfemale_ind,717,TRUE,0.5,0.5,0.5
australia-republic-1999,pfemale_ind,719,TRUE,0.692307692307692,0.6923076923076923,0.6923076923076923
australia-republic-1999,pfemale_ind,720,TRUE,0.5,0.5,0.5
australia-republic-1999,pfemale_ind,721,TRUE,0.266666666666667,0.26666666666666666,0.2666666666666667
australia-republic-1999,pfemale_ind,723,TRUE,0.384615384615385,0.38461538461538464,0.38461538461538464
australia-republic-1999,pfemale_ind,757,TRUE,0.466666666666667,0.4666666666666667,0.4666666666666667
australia-republic-1999,pfemale_ind,758,TRUE,0.4,0.4,0.4
australia-republic-1999,pfemale_ind,761,TRUE,0.384615384615385,0.38461538461538464,0.38461538461538464
australia-republic-1999,pfemale_ind,764,TRUE,0.333333333333333,0.3333333333333333,0.33333333333333337
australia-republic-1999,pfemale_ind,772,TRUE,0.333333333333333,0.3333333333333333,0.33333333333333337
australia-republic-1999,pfemale_ind,779,TRUE,0.384615384615385,0.38461538461538464,0.38461538461538464
australia-republic-1999,pfemale_ind,784,TRUE,0.615384615384615,0.6153846153846154,0.6153846153846154
australia-republic-1999,pfemale_ind,786,TRUE,0.461538461538462,0.4615384615384616,0.4615384615384616
australia-republic-1999,pfemale_ind,788,TRUE,0.333333333333333,0.3333333333333333,0.33333333333333337
australia-republic-1999,pfemale_ind,790,TRUE,0.4,0.4,0.4
australia-republic-1999,pfemale_ind,791,TRUE,0.5,0.5,0.5
australia-republic-1999,pfemale_ind,798,TRUE,0.666666666666667,0.6666666666666666,0.6666666666666666
australia-republic-1999,pfemale_ind,803,TRUE,0.6,0.6,0.6
australia-republic-1999,pfemale_ind,805,TRUE,0.571428571428571,0.5714285714285714,0.5714285714285714
australia-republic-1999,pfemale_ind,812,TRUE,0.307692307692308,0.3076923076923076,0.3076923076923077
australia-republic-1999,pfemale_ind,815,TRUE,0.538461538461538,0.5384615384615384,0.5384615384615384
australia-republic-1999,pfemale_ind,816,TRUE,0.214285714285714,0.21428571428571427,0.2142857142857143
australia-republic-1999,pfemale_ind,818,TRUE,0.214285714285714,0.21428571428571427,0.2142857142857143
australia-republic-1999,pfemale_ind,820,TRUE,0.461538461538462,0.4615384615384616,0.4615384615384615
australia-republic-1999,pfemale_ind,821,TRUE,0.5,0.5,0.5
australia-republic-1999,pfemale_ind,822,TRUE,0.6,0.6,0.6
australia-republic-1999,pfemale_ind,823,TRUE,0.6,0.6,0.6
australia-republic-1999,pfemale_ind,828,TRUE,0.5625,0.5625,0.5625
australia-republic-1999,pfemale_ind,830,TRUE,0.692307692307692,0.6923076923076923,0.6923076923076923
australia-republic-1999,pfemale_ind,854,TRUE,0.285714285714286,0.2857142857142857,0.28571428571428575
australia-republic-1999,pfemale_ind,858,TRUE,0.583333333333333,0.5833333333333334,0.5833333333333334
australia-republic-1999,pfemale_ind,859,TRUE,0.333333333333333,0.3333333333333333,0.33333333333333337
australia-republic-1999,pfemale_ind,863,TRUE,0.545454545454545,0.5454545454545454,0.5454545454545454
australia-republic-1999,pfemale_ind,866,TRUE,0.583333333333333,0.5833333333333334,0.5833333333333334
australia-republic-1999,pfemale_ind,867,TRUE,0.625,0.625,0.625
australia-republic-1999,pfemale_ind,868,TRUE,0.466666666666667,0.4666666666666667,0.4666666666666667
australia-republic-1999,pfemale_ind,873,TRUE,0.4,0.4,0.4
australia-republic-1999,pfemale_ind,874,TRUE,0.583333333333333,0.5833333333333334,0.5833333333333334
australia-republic-1999,pfemale_ind,875,TRUE,0.666666666666667,0.6666666666666666,0.6666666666666666
australia-republic-1999,pfemale_ind,877,TRUE,0.4,0.4,0.4
australia-republic-1999,pfemale_ind,878,TRUE,0.5,0.5,0.5
australia-republic-1999,pfemale_ind,880,TRUE,0.384615384615385,0.3846153846153845,0.38461538461538464
australia-republic-1999,pfemale_ind,881,TRUE,0.545454545454545,0.5454545454545454,0.5454545454545454
australia-republic-1999,pfemale_ind,886,TRUE,0.4,0.4,0.4
australia-republic-1999,pfemale_ind,899,TRUE,0.571428571428571,0.5714285714285714,0.5714285714285714
australia-republic-1999,pfemale_ind,903,TRUE,0.538461538461538,0.5384615384615384,0.5384615384615384
australia-republic-1999,pfemale_ind,905,TRUE,0.5625,0.5625,0.5625
australia-republic-1999,pfemale_ind,909,TRUE,0.583333333333333,0.5833333333333334,0.5833333333333334
australia-republic-1999,pfemale_ind,911,TRUE,0.6,0.6,0.6
australia-republic-1999,pfemale_ind,918,TRUE,0.307692307692308,0.3076923076923077,0.3076923076923077
australia-republic-1999,pfemale_ind,956,TRUE,0.285714285714286,0.2857142857142857,0.28571428571428575
australia-republic-1999,pfemale_ind,968,TRUE,0.4,0.4,0.4
australia-republic-1999,pfemale_ind,975,TRUE,0.454545454545455,0.4545454545454546,0.4545454545454546
australia-republic-1999,pfemale_ind,1029,TRUE,0.461538461538462,0.4615384615384616,0.4615384615384616
australia-republic-1999,pfemale_ind,1032,TRUE,0.5,0.5,0.5
australia-republic-1999,pfemale_ind,1033,TRUE,0.461538461538462,0.4615384615384616,0.4615384615384616
australia-republic-1999,pfemale_ind,1036,TRUE,0.416666666666667,0.4166666666666667,0.41666666666666663
australia-republic-1999,pfemale_ind,1038,TRUE,0.615384615384615,0.6153846153846154,0.6153846153846154
australia-republic-1999,pfemale_ind,1046,TRUE,0.266666666666667,0.26666666666666666,0.26666666666666666
australia-republic-1999,pfemale_ind,1051,TRUE,0.428571428571429,0.42857142857142855,0.42857142857142855
australia-republic-1999,pfemale_ind,1052,TRUE,0.272727272727273,0.2727272727272727,0.2727272727272727
australia-republic-1999,pfemale_ind,1059,TRUE,0.583333333333333,0.5833333333333334,0.5833333333333334
australia-republic-1999,pfemale_ind,1060,TRUE,0.214285714285714,0.21428571428571427,0.2142857142857143
australia-republic-1999,pfemale_ind,1063,TRUE,0.307692307692308,0.3076923076923077,0.3076923076923077
australia-republic-1999,pfemale_ind,1069,TRUE,0.384615384615385,0.38461538461538464,0.38461538461538464
australia-republic-1999,pfemale_ind,1071,TRUE,0.266666666666667,0.26666666666666666,0.26666666666666666
australia-republic-1999,pfemale_ind,1075,TRUE,0.266666666666667,0.26666666666666666,0.26666666666666666
australia-republic-1999,pfemale_ind,1081,TRUE,0.583333333333333,0.5833333333333334,0.5833333333333334
australia-republic-1999,pfemale_ind,1082,TRUE,0.5625,0.5625,0.5625
australia-republic-1999,pfemale_ind,1084,TRUE,0.666666666666667,0.6666666666666666,0.6666666666666666
australia-republic-1999,pfemale_ind,1085,TRUE,0.333333333333333,0.3333333333333333,0.33333333333333337
australia-republic-1999,pfemale_ind,1087,TRUE,0.461538461538462,0.4615384615384616,0.4615384615384615
australia-republic-1999,pfemale_ind,1101,TRUE,0.363636363636364,0.3636363636363637,0.3636363636363637
australia-republic-1999,pfemale_ind,1106,TRUE,0.384615384615385,0.38461538461538464,0.38461538461538464
australia-republic-1999,pfemale_ind,1107,TRUE,0.666666666666667,0.6666666666666666,0.6666666666666666
australia-republic-1999,pfemale_ind,1108,TRUE,0.333333333333333,0.3333333333333333,0.33333333333333337
australia-republic-1999,pfemale_ind,1110,TRUE,0.5,0.5,0.5
australia-republic-1999,pfemale_ind,1111,TRUE,0.461538461538462,0.4615384615384616,0.4615384615384616
australia-republic-1999,pfemale_ind,1112,TRUE,0.538461538461538,0.5384615384615384,0.5384615384615384
australia-republic-1999,pfemale_ind,1113,TRUE,0.363636363636364,0.3636363636363637,0.3636363636363637
australia-republic-1999,pfemale_ind,1115,TRUE,0.416666666666667,0.4166666666666667,0.41666666666666663
australia-republic-1999,pfemale_ind,1117,TRUE,0.666666666666667,0.6666666666666666,0.6666666666666666
australia-republic-1999,pfemale_ind,1118,TRUE,0.333333333333333,0.3333333333333333,0.33333333333333337
australia-republic-1999,pfemale_ind,1119,TRUE,0.5,0.5,0.5
australia-republic-1999,pfemale_ind,1124,TRUE,0.692307692307692,0.6923076923076923,0.6923076923076923
australia-republic-1999,pfemale_ind,1130,TRUE,0.416666666666667,0.4166666666666667,0.41666666666666663
australia-republic-1999,pfemale_ind,1201,TRUE,0.666666666666667,0.6666666666666666,0.6666666666666667
australia-republic-1999,pfemale_ind,1202,TRUE,0.666666666666667,0.6666666666666666,0.6666666666666666
australia-republic-1999,pfemale_ind,1203,TRUE,0.769230769230769,0.7692307692307693,0.7692307692307693
australia-republic-1999,pfemale_ind,1204,TRUE,0.545454545454545,0.5454545454545454,0.5454545454545454
australia-republic-1999,pfemale_ind,1207,TRUE,0.571428571428571,0.5714285714285714,0.5714285714285714
australia-republic-1999,pfemale_ind,1212,TRUE,0.461538461538462,0.4615384615384616,0.4615384615384616
australia-republic-1999,pfemale_ind,1214,TRUE,0.5,0.5,0.5
australia-republic-1999,pfemale_ind,1219,TRUE,0.4,0.4,0.4
australia-republic-1999,pfemale_ind,1224,TRUE,0.428571428571429,0.42857142857142855,0.42857142857142855
australia-republic-1999,pfemale_ind,1226,TRUE,0.307692307692308,0.3076923076923076,0.3076923076923077
australia-republic-1999,pfemale_ind,1227,TRUE,0.428571428571429,0.42857142857142855,0.42857142857142855
australia-republic-1999,pfemale_ind,1230,TRUE,0.666666666666667,0.6666666666666666,0.6666666666666666
australia-republic-1999,pfemale_ind,1251,TRUE,0.4,0.4,0.4
australia-republic-1999,pfemale_ind,1253,TRUE,0.642857142857143,0.6428571428571429,0.6428571428571429
australia-republic-1999,pfemale_ind,1254,TRUE,0.642857142857143,0.6428571428571429,0.6428571428571429
australia-republic-1999,pfemale_ind,1256,TRUE,0.642857142857143,0.6428571428571429,0.6428571428571429
australia-republic-1999,pfemale_ind,1260,TRUE,0.538461538461538,0.5384615384615384,0.5384615384615384
australia-republic-1999,pfemale_ind,1262,TRUE,0.571428571428571,0.5714285714285714,0.5714285714285714
australia-republic-1999,pfemale_ind,1301,TRUE,0.625,0.625,0.625
australia-republic-1999,pfemale_ind,1306,TRUE,0.571428571428571,0.5714285714285714,0.5714285714285714
australia-republic-1999,pfemale_ind,1307,TRUE,0.384615384615385,0.3846153846153845,0.38461538461538464
australia-republic-1999,pfemale_ind,1314,TRUE,0.538461538461538,0.5384615384615384,0.5384615384615384
australia-republic-1999,pfemale_ind,1321,TRUE,0.466666666666667,0.4666666666666667,0.4666666666666667
australia-republic-1999,pfemale_ind,1324,TRUE,0.363636363636364,0.3636363636363637,0.3636363636363637
australia-republic-1999,pfemale_ind,1329,TRUE,0.4,0.4,0.4
australia-republic-1999,pfemale_ind,1333,TRUE,0.733333333333333,0.7333333333333333,0.7333333333333333
australia-republic-1999,pfemale_ind,1335,TRUE,0.384615384615385,0.38461538461538464,0.38461538461538464
australia-republic-1999,pfemale_ind,1343,TRUE,0.583333333333333,0.5833333333333334,0.5833333333333334
australia-republic-1999,pfemale_ind,1344,TRUE,0.384615384615385,0.38461538461538464,0.38461538461538464
australia-republic-1999,pfemale_ind,1349,TRUE,0.545454545454545,0.5454545454545454,0.5454545454545454
australia-republic-1999,pfemale_ind,1353,TRUE,0.5,0.5,0.5
australia-republic-1999,pfemale_ind,1356,TRUE,0.5,0.5,0.5
australia-republic-1999,pfemale_ind,1359,TRUE,0.583333333333333,0.5833333333333334,0.5833333333333334
australia-republic-1999,pfemale_ind,1362,TRUE,0.384615384615385,0.38461538461538464,0.38461538461538464
australia-republic-1999,pfemale_ind,1364,TRUE,0.333333333333333,0.3333333333333333,0.33333333333333337
australia-republic-1999,pfemale_ind,1370,TRUE,0.307692307692308,0.3076923076923076,0.3076923076923077
australia-republic-1999,pfemale_ind,1372,TRUE,0.307692307692308,0.3076923076923077,0.3076923076923077
australia-republic-1999,pfemale_ind,1374,TRUE,0.5,0.5,0.5
australia-republic-1999,pfemale_ind,1380,TRUE,0.5,0.5,0.5
australia-republic-1999,pfemale_ind,1381,TRUE,0.6,0.6,0.6
australia-republic-1999,pfemale_ind,1384,TRUE,0.666666666666667,0.6666666666666666,0.6666666666666666
australia-republic-1999,pfemale_ind,1386,TRUE,0.214285714285714,0.21428571428571427,0.2142857142857143
australia-republic-1999,pfemale_ind,1390,TRUE,0.428571428571429,0.42857142857142855,0.42857142857142855
australia-republic-1999,pfemale_ind,1391,TRUE,0.666666666666667,0.6666666666666666,0.6666666666666666
australia-republic-1999,pfemale_ind,1394,TRUE,0.692307692307692,0.6923076923076923,0.6923076923076923
australia-republic-1999,pfemale_ind,1395,TRUE,0.571428571428571,0.5714285714285714,0.5714285714285714
australia-republic-1999,pfemale_ind,1396,TRUE,0.454545454545455,0.4545454545454546,0.4545454545454545
australia-republic-1999,pfemale_ind,1397,TRUE,0.307692307692308,0.3076923076923076,0.3076923076923077
australia-republic-1999,pfemale_ind,1400,TRUE,0.384615384615385,0.38461538461538464,0.38461538461538464
australia-republic-1999,pfemale_ind,1502,TRUE,0.5,0.5,0.5
australia-republic-1999,pfemale_ind,1505,TRUE,0.416666666666667,0.4166666666666667,0.41666666666666663
australia-republic-1999,pfemale_ind,1511,TRUE,0.333333333333333,0.3333333333333333,0.33333333333333337
australia-republic-1999,pfemale_ind,1512,TRUE,0.466666666666667,0.4666666666666667,0.4666666666666667
australia-republic-1999,pfemale_ind,1513,TRUE,0.5,0.5,0.5
australia-republic-1999,pfemale_ind,1515,TRUE,0.625,0.625,0.625
australia-republic-1999,pfemale_ind,1516,TRUE,0.363636363636364,0.3636363636363637,0.3636363636363637
australia-republic-1999,pfemale_ind,1518,TRUE,0.384615384615385,0.3846153846153845,0.38461538461538464
australia-republic-1999,pfemale_ind,1520,TRUE,0.4,0.4,0.4
australia-republic-1999,pfemale_ind,1523,TRUE,0.416666666666667,0.4166666666666667,0.41666666666666663
australia-republic-1999,pfemale_ind,1525,TRUE,0.333333333333333,0.3333333333333333,0.33333333333333337
australia-republic-1999,pfemale_ind,1526,TRUE,0.384615384615385,0.3846153846153845,0.38461538461538464
australia-republic-1999,pfemale_ind,1527,TRUE,0.615384615384615,0.6153846153846154,0.6153846153846154
australia-republic-1999,pfemale_ind,1533,TRUE,0.466666666666667,0.4666666666666667,0.4666666666666667
australia-republic-1999,pfemale_ind,1536,TRUE,0.642857142857143,0.6428571428571429,0.6428571428571429
australia-republic-1999,pfemale_ind,1537,TRUE,0.333333333333333,0.3333333333333333,0.33333333333333337
australia-republic-1999,pfemale_ind,1540,TRUE,0.384615384615385,0.38461538461538464,0.38461538461538464
australia-republic-1999,pfemale_ind,1544,TRUE,0.466666666666667,0.4666666666666667,0.4666666666666667
australia-republic-1999,pfemale_ind,1545,TRUE,0.538461538461538,0.5384615384615384,0.5384615384615384
australia-republic-1999,pfemale_ind,1546,TRUE,0.285714285714286,0.2857142857142857,0.28571428571428575
australia-republic-1999,pfemale_ind,1547,TRUE,0.384615384615385,0.3846153846153845,0.38461538461538464
australia-republic-1999,pfemale_ind,1553,TRUE,0.538461538461538,0.5384615384615384,0.5384615384615384
australia-republic-1999,pfemale_ind,1554,TRUE,0.416666666666667,0.4166666666666667,0.41666666666666663
australia-republic-1999,pfemale_ind,1558,TRUE,0.384615384615385,0.38461538461538464,0.38461538461538464
australia-republic-1999,pfemale_ind,1560,TRUE,0.5,0.5,0.5
australia-republic-1999,pfemale_ind,1561,TRUE,0.4,0.4,0.4
australia-republic-1999,pfemale_ind,1565,TRUE,0.5625,0.5625,0.5625
australia-republic-1999,pfemale_ind,1572,TRUE,0.266666666666667,0.26666666666666666,0.26666666666666666
australia-republic-1999,pfemale_ind,1578,TRUE,0.307692307692308,0.3076923076923077,0.3076923076923077
australia-republic-1999,pfemale_ind,1580,TRUE,0.333333333333333,0.3333333333333333,0.33333333333333337
australia-republic-1999,pfemale_ind,1582,TRUE,0.6,0.6,0.6
australia-republic-1999,pfemale_ind,1585,TRUE,0.416666666666667,0.4166666666666667,0.41666666666666663
australia-republic-1999,pfemale_ind,1586,TRUE,0.5,0.5,0.5
australia-republic-1999,pfemale_ind,1589,TRUE,0.5625,0.5625,0.5625
australia-republic-1999,pfemale_ind,1590,TRUE,0.266666666666667,0.26666666666666666,0.26666666666666666
australia-republic-1999,pfemale_ind,1592,TRUE,0.5,0.5,0.5
australia-republic-1999,pfemale_ind,1602,TRUE,0.416666666666667,0.4166666666666667,0.41666666666666663
australia-republic-1999,pfemale_ind,1604,TRUE,0.692307692307692,0.6923076923076923,0.6923076923076923
australia-republic-1999,pfemale_ind,1608,TRUE,0.461538461538462,0.4615384615384616,0.4615384615384615
uk-crime-1994,pfemale_ind,10004,TRUE,0.5,0.5,0.5
uk-crime-1994,pfemale_ind,10005,TRUE,0.5,0.5,0.5
uk-crime-1994,pfemale_ind,10008,TRUE,0.272727272727273,0.2727272727272727,0.2727272727272727
uk-crime-1994,pfemale_ind,10013,TRUE,0.352941176470588,0.3529411764705883,0.3529411764705882
uk-crime-1994,pfemale_ind,10014,TRUE,0.666666666666667,0.6666666666666666,0.6666666666666667
uk-crime-1994,pfemale_ind,10015,TRUE,0.357142857142857,0.3571428571428572,0.3571428571428571
uk-crime-1994,pfemale_ind,10021,TRUE,0.5,0.5,0.5
uk-crime-1994,pfemale_ind,10026,TRUE,0.352941176470588,0.3529411764705883,0.3529411764705882
uk-crime-1994,pfemale_ind,10028,TRUE,0.5,0.5,0.5
uk-crime-1994,pfemale_ind,10029,TRUE,0.5,0.5,0.5
uk-crime-1994,pfemale_ind,10032,TRUE,0.416666666666667,0.4166666666666667,0.41666666666666663
uk-crime-1994,pfemale_ind,10035,TRUE,0.538461538461538,0.5384615384615384,0.5384615384615384
uk-crime-1994,pfemale_ind,10037,TRUE,0.357142857142857,0.3571428571428572,0.3571428571428571
uk-crime-1994,pfemale_ind,10040,TRUE,0.6,0.6,0.6
uk-crime-1994,pfemale_ind,10042,TRUE,0.5,0.5,0.5
uk-crime-1994,pfemale_ind,10045,TRUE,0.4375,0.4375,0.4375
uk-crime-1994,pfemale_ind,10050,TRUE,0.333333333333333,0.3333333333333333,0.33333333333333337
uk-crime-1994,pfemale_ind,10053,TRUE,0.428571428571429,0.42857142857142855,0.42857142857142855
uk-crime-1994,pfemale_ind,10054,TRUE,0.4375,0.4375,0.4375
uk-crime-1994,pfemale_ind,10056,TRUE,0.4,0.4,0.4
uk-crime-1994,pfemale_ind,10058,TRUE,0.411764705882353,0.411764705882353,0.4117647058823529
uk-crime-1994,pfemale_ind,10059,TRUE,0.5,0.5,0.5
uk-crime-1994,pfemale_ind,10061,TRUE,0.428571428571429,0.42857142857142855,0.42857142857142855
uk-crime-1994,pfemale_ind,10072,TRUE,0.375,0.375,0.375
uk-crime-1994,pfemale_ind,10073,TRUE,0.5625,0.5625,0.5625
uk-crime-1994,pfemale_ind,10076,TRUE,0.5,0.5,0.5
uk-crime-1994,pfemale_ind,10078,TRUE,0.615384615384615,0.6153846153846154,0.6153846153846154
uk-crime-1994,pfemale_ind,10086,TRUE,0.666666666666667,0.6666666666666666,0.6666666666666666
uk-crime-1994,pfemale_ind,10088,TRUE,0.666666666666667,0.6666666666666666,0.6666666666666666
uk-crime-1994,pfemale_ind,10089,TRUE,0.615384615384615,0.6153846153846154,0.6153846153846154
uk-crime-1994,pfemale_ind,10091,TRUE,0.411764705882353,0.411764705882353,0.4117647058823529
uk-crime-1994,pfemale_ind,10093,TRUE,0.545454545454545,0.5454545454545454,0.5454545454545454
uk-crime-1994,pfemale_ind,10100,TRUE,0.571428571428571,0.5714285714285714,0.5714285714285714
uk-crime-1994,pfemale_ind,10101,TRUE,0.4375,0.4375,0.4375
uk-crime-1994,pfemale_ind,10102,TRUE,0.75,0.75,0.75
uk-crime-1994,pfemale_ind,10104,TRUE,0.533333333333333,0.5333333333333333,0.5333333333333333
uk-crime-1994,pfemale_ind,10106,TRUE,0.272727272727273,0.2727272727272727,0.2727272727272727
uk-crime-1994,pfemale_ind,10110,TRUE,0.75,0.75,0.75
uk-crime-1994,pfemale_ind,10118,TRUE,0.5,0.5,0.5
uk-crime-1994,pfemale_ind,10119,TRUE,0.533333333333333,0.5333333333333333,0.5333333333333333
uk-crime-1994,pfemale_ind,10120,TRUE,0.538461538461538,0.5384615384615384,0.5384615384615384
uk-crime-1994,pfemale_ind,10121,TRUE,0.352941176470588,0.3529411764705883,0.3529411764705882
uk-crime-1994,pfemale_ind,10126,TRUE,0.285714285714286,0.28571428571428575,0.2857142857142857
uk-crime-1994,pfemale_ind,10127,TRUE,0.352941176470588,0.3529411764705883,0.3529411764705882
uk-crime-1994,pfemale_ind,10133,TRUE,0.5,0.5,0.5
uk-crime-1994,pfemale_ind,10134,TRUE,0.294117647058824,0.2941176470588236,0.2941176470588235
uk-crime-1994,pfemale_ind,10135,TRUE,0.5,0.5,0.5
uk-crime-1994,pfemale_ind,10140,TRUE,0.5625,0.5625,0.5625
uk-crime-1994,pfemale_ind,10146,TRUE,0.636363636363636,0.6363636363636364,0.6363636363636364
uk-crime-1994,pfemale_ind,10147,TRUE,0.375,0.375,0.375
uk-crime-1994,pfemale_ind,10148,TRUE,0.4375,0.4375,0.4375
uk-crime-1994,pfemale_ind,10153,TRUE,0.285714285714286,0.28571428571428575,0.2857142857142857
uk-crime-1994,pfemale_ind,10154,TRUE,0.533333333333333,0.5333333333333333,0.5333333333333333
uk-crime-1994,pfemale_ind,10155,TRUE,0.538461538461538,0.5384615384615384,0.5384615384615384
uk-crime-1994,pfemale_ind,10156,TRUE,0.5,0.5,0.5
uk-crime-1994,pfemale_ind,10163,TRUE,0.4,0.4,0.4
uk-crime-1994,pfemale_ind,10166,TRUE,0.5,0.5,0.5
uk-crime-1994,pfemale_ind,10169,TRUE,0.272727272727273,0.2727272727272727,0.2727272727272727
uk-crime-1994,pfemale_ind,10170,TRUE,0.538461538461538,0.5384615384615384,0.5384615384615384
uk-crime-1994,pfemale_ind,10172,TRUE,0.4375,0.4375,0.4375
uk-crime-1994,pfemale_ind,10177,TRUE,0.5,0.5,0.5
uk-crime-1994,pfemale_ind,10188,TRUE,0.4375,0.4375,0.4375
uk-crime-1994,pfemale_ind,10189,TRUE,0.294117647058824,0.2941176470588236,0.2941176470588235
uk-crime-1994,pfemale_ind,10195,TRUE,0.642857142857143,0.6428571428571429,0.6428571428571429
uk-crime-1994,pfemale_ind,10198,TRUE,0.411764705882353,0.411764705882353,0.4117647058823529
uk-crime-1994,pfemale_ind,10204,TRUE,0.5,0.5,0.5
uk-crime-1994,pfemale_ind,10205,TRUE,0.5,0.5,0.5
uk-crime-1994,pfemale_ind,10206,TRUE,0.285714285714286,0.28571428571428575,0.2857142857142857
uk-crime-1994,pfemale_ind,10209,TRUE,0.75,0.75,0.75
uk-crime-1994,pfemale_ind,10213,TRUE,0.4375,0.4375,0.4375
uk-crime-1994,pfemale_ind,10216,TRUE,0.416666666666667,0.4166666666666667,0.41666666666666663
uk-crime-1994,pfemale_ind,10219,TRUE,0.357142857142857,0.3571428571428572,0.3571428571428571
uk-crime-1994,pfemale_ind,10222,TRUE,0.5625,0.5625,0.5625
uk-crime-1994,pfemale_ind,10224,TRUE,0.533333333333333,0.5333333333333333,0.5333333333333333
uk-crime-1994,pfemale_ind,10227,TRUE,0.6,0.6,0.6
uk-crime-1994,pfemale_ind,10228,TRUE,0.416666666666667,0.4166666666666667,0.41666666666666663
uk-crime-1994,pfemale_ind,10229,TRUE,0.294117647058824,0.2941176470588236,0.2941176470588235
uk-crime-1994,pfemale_ind,10234,TRUE,0.6,0.6,0.6
uk-crime-1994,pfemale_ind,10237,TRUE,0.4,0.4,0.4
uk-crime-1994,pfemale_ind,10241,TRUE,0.666666666666667,0.6666666666666666,0.6666666666666666
uk-crime-1994,pfemale_ind,10242,TRUE,0.411764705882353,0.411764705882353,0.4117647058823529
uk-crime-1994,pfemale_ind,10244,TRUE,0.428571428571429,0.42857142857142855,0.42857142857142855
uk-crime-1994,pfemale_ind,10245,TRUE,0.5,0.5,0.5
uk-crime-1994,pfemale_ind,10246,TRUE,0.5,0.5,0.5
uk-crime-1994,pfemale_ind,10247,TRUE,0.615384615384615,0.6153846153846154,0.6153846153846154
uk-crime-1994,pfemale_ind,10253,TRUE,0.4375,0.4375,0.4375
uk-crime-1994,pfemale_ind,10255,TRUE,0.733333333333333,0.7333333333333333,0.7333333333333334
uk-crime-1994,pfemale_ind,10262,TRUE,0.545454545454545,0.5454545454545454,0.5454545454545454
uk-crime-1994,pfemale_ind,10263,TRUE,0.666666666666667,0.6666666666666666,0.6666666666666667
uk-crime-1994,pfemale_ind,10264,TRUE,0.357142857142857,0.3571428571428572,0.3571428571428571
uk-crime-1994,pfemale_ind,10265,TRUE,0.272727272727273,0.2727272727272727,0.2727272727272727
uk-crime-1994,pfemale_ind,10266,TRUE,0.5625,0.5625,0.5625
uk-crime-1994,pfemale_ind,10270,TRUE,0.416666666666667,0.4166666666666667,0.41666666666666663
uk-crime-1994,pfemale_ind,10271,TRUE,0.571428571428571,0.5714285714285714,0.5714285714285714
uk-crime-1994,pfemale_ind,10274,TRUE,0.411764705882353,0.411764705882353,0.4117647058823529
uk-crime-1994,pfemale_ind,10276,TRUE,0.666666666666667,0.6666666666666666,0.6666666666666666
uk-crime-1994,pfemale_ind,10277,TRUE,0.416666666666667,0.4166666666666667,0.41666666666666663
uk-crime-1994,pfemale_ind,10282,TRUE,0.375,0.375,0.375
uk-crime-1994,pfemale_ind,10284,TRUE,0.615384615384615,0.6153846153846154,0.6153846153846154
uk-crime-1994,pfemale_ind,10286,TRUE,0.352941176470588,0.3529411764705883,0.3529411764705882
uk-crime-1994,pfemale_ind,10287,TRUE,0.5,0.5,0.5
uk-crime-1994,pfemale_ind,10289,TRUE,0.5,0.5,0.5
uk-crime-1994,pfemale_ind,10290,TRUE,0.571428571428571,0.5714285714285714,0.5714285714285714
uk-crime-1994,pfemale_ind,10291,TRUE,0.352941176470588,0.3529411764705883,0.3529411764705882
uk-crime-1994,pfemale_ind,10292,TRUE,0.571428571428571,0.5714285714285714,0.5714285714285714
uk-crime-1994,pfemale_ind,10293,TRUE,0.181818181818182,0.18181818181818185,0.1818181818181818
uk-crime-1994,pfemale_ind,10294,TRUE,0.5,0.5,0.5
uk-crime-1994,pfemale_ind,10295,TRUE,0.4375,0.4375,0.4375
uk-crime-1994,pfemale_ind,10296,TRUE,0.428571428571429,0.42857142857142855,0.42857142857142855
uk-crime-1994,pfemale_ind,10300,TRUE,0.272727272727273,0.2727272727272727,0.2727272727272727
uk-crime-1994,pfemale_ind,10301,TRUE,0.545454545454545,0.5454545454545454,0.5454545454545454
uk-crime-1994,pfemale_ind,10304,TRUE,0.5,0.5,0.5
uk-crime-1994,pfemale_ind,10305,TRUE,0.733333333333333,0.7333333333333333,0.7333333333333334
uk-crime-1994,pfemale_ind,10306,TRUE,0.666666666666667,0.6666666666666666,0.6666666666666667
uk-crime-1994,pfemale_ind,10307,TRUE,0.571428571428571,0.5714285714285714,0.5714285714285714
uk-crime-1994,pfemale_ind,10308,TRUE,0.352941176470588,0.3529411764705883,0.3529411764705882
uk-crime-1994,pfemale_ind,10309,TRUE,0.416666666666667,0.4166666666666667,0.41666666666666663
uk-crime-1994,pfemale_ind,10310,TRUE,0.733333333333333,0.7333333333333333,0.7333333333333334
uk-crime-1994,pfemale_ind,10311,TRUE,0.692307692307692,0.6923076923076923,0.6923076923076923
uk-crime-1994,pfemale_ind,10317,TRUE,0.615384615384615,0.6153846153846154,0.6153846153846154
uk-crime-1994,pfemale_ind,10319,TRUE,0.533333333333333,0.5333333333333333,0.5333333333333333
uk-crime-1994,pfemale_ind,10321,TRUE,0.4,0.4,0.4
uk-crime-1994,pfemale_ind,10324,TRUE,0.538461538461538,0.5384615384615384,0.5384615384615384
uk-crime-1994,pfemale_ind,10327,TRUE,0.666666666666667,0.6666666666666666,0.6666666666666667
uk-crime-1994,pfemale_ind,10329,TRUE,0.352941176470588,0.3529411764705883,0.3529411764705882
uk-crime-1994,pfemale_ind,10332,TRUE,0.352941176470588,0.3529411764705883,0.3529411764705882
uk-crime-1994,pfemale_ind,10333,TRUE,0.636363636363636,0.6363636363636364,0.6363636363636364
uk-crime-1994,pfemale_ind,10335,TRUE,0.615384615384615,0.6153846153846154,0.6153846153846154
uk-crime-1994,pfemale_ind,10338,TRUE,0.5,0.5,0.5
uk-crime-1994,pfemale_ind,10341,TRUE,0.416666666666667,0.4166666666666667,0.41666666666666663
uk-crime-1994,pfemale_ind,10342,TRUE,0.5625,0.5625,0.5625
uk-crime-1994,pfemale_ind,10345,TRUE,0.666666666666667,0.6666666666666666,0.6666666666666666
uk-crime-1994,pfemale_ind,10347,TRUE,0.533333333333333,0.5333333333333333,0.5333333333333333
uk-crime-1994,pfemale_ind,10348,TRUE,0.545454545454545,0.5454545454545454,0.5454545454545454
uk-crime-1994,pfemale_ind,10350,TRUE,0.333333333333333,0.3333333333333333,0.33333333333333337
uk-crime-1994,pfemale_ind,10352,TRUE,0.5625,0.5625,0.5625
uk-crime-1994,pfemale_ind,10354,TRUE,0.666666666666667,0.6666666666666666,0.6666666666666666
uk-crime-1994,pfemale_ind,10356,TRUE,0.666666666666667,0.6666666666666666,0.6666666666666666
uk-crime-1994,pfemale_ind,10357,TRUE,0.375,0.375,0.375
uk-crime-1994,pfemale_ind,10358,TRUE,0.352941176470588,0.3529411764705883,0.3529411764705882
uk-crime-1994,pfemale_ind,10361,TRUE,0.545454545454545,0.5454545454545454,0.5454545454545454
uk-crime-1994,pfemale_ind,10363,TRUE,0.5,0.5,0.5
uk-crime-1994,pfemale_ind,10365,TRUE,0.4375,0.4375,0.4375
uk-crime-1994,pfemale_ind,10366,TRUE,0.5625,0.5625,0.5625
uk-crime-1994,pfemale_ind,10367,TRUE,0.733333333333333,0.7333333333333333,0.7333333333333333
uk-crime-1994,pfemale_ind,10368,TRUE,0.411764705882353,0.411764705882353,0.4117647058823529
uk-crime-1994,pfemale_ind,10375,TRUE,0.5,0.5,0.5
uk-crime-1994,pfemale_ind,10376,TRUE,0.5,0.5,0.5
uk-crime-1994,pfemale_ind,10383,TRUE,0.352941176470588,0.3529411764705883,0.3529411764705882
uk-crime-1994,pfemale_ind,10388,TRUE,0.411764705882353,0.411764705882353,0.4117647058823529
uk-crime-1994,pfemale_ind,10395,TRUE,0.294117647058824,0.2941176470588236,0.2941176470588235
uk-crime-1994,pfemale_ind,10396,TRUE,0.4,0.4,0.4
uk-crime-1994,pfemale_ind,10397,TRUE,0.666666666666667,0.6666666666666666,0.6666666666666666
uk-crime-1994,pfemale_ind,10398,TRUE,0.5,0.5,0.5
uk-crime-1994,pfemale_ind,10399,TRUE,0.5,0.5,0.5
uk-crime-1994,pfemale_ind,10400,TRUE,0.615384615384615,0.6153846153846154,0.6153846153846154
uk-crime-1994,pfemale_ind,10402,TRUE,0.6,0.6,0.6
uk-crime-1994,pfemale_ind,10404,TRUE,0.5,0.5,0.5
uk-crime-1994,pfemale_ind,10406,TRUE,0.6,0.6,0.6
uk-crime-1994,pfemale_ind,10407,TRUE,0.615384615384615,0.6153846153846154,0.6153846153846154
uk-crime-1994,pfemale_ind,10409,TRUE,0.375,0.375,0.375
uk-crime-1994,pfemale_ind,10410,TRUE,0.615384615384615,0.6153846153846154,0.6153846153846154
uk-crime-1994,pfemale_ind,10411,TRUE,0.272727272727273,0.2727272727272727,0.2727272727272727
uk-crime-1994,pfemale_ind,10412,TRUE,0.666666666666667,0.6666666666666666,0.6666666666666666
uk-crime-1994,pfemale_ind,10418,TRUE,0.333333333333333,0.3333333333333333,0.33333333333333337
uk-crime-1994,pfemale_ind,10420,TRUE,0.357142857142857,0.3571428571428572,0.3571428571428571
uk-crime-1994,pfemale_ind,10421,TRUE,0.5,0.5,0.5
uk-crime-1994,pfemale_ind,10424,TRUE,0.666666666666667,0.6666666666666666,0.6666666666666666
uk-crime-1994,pfemale_ind,10426,TRUE,0.642857142857143,0.6428571428571429,0.6428571428571428
uk-crime-1994,pfemale_ind,10430,TRUE,0.5625,0.5625,0.5625
uk-crime-1994,pfemale_ind,10431,TRUE,0.411764705882353,0.411764705882353,0.4117647058823529
uk-crime-1994,pfemale_ind,10444,TRUE,0.272727272727273,0.2727272727272727,0.2727272727272727
uk-crime-1994,pfemale_ind,10446,TRUE,0.666666666666667,0.6666666666666666,0.6666666666666666
uk-crime-1994,pfemale_ind,10449,TRUE,0.538461538461538,0.5384615384615384,0.5384615384615384
uk-crime-1994,pfemale_ind,10452,TRUE,0.352941176470588,0.3529411764705883,0.3529411764705882
uk-crime-1994,pfemale_ind,10454,TRUE,0.333333333333333,0.3333333333333333,0.33333333333333337
uk-crime-1994,pfemale_ind,10455,TRUE,0.533333333333333,0.5333333333333333,0.5333333333333333
uk-crime-1994,pfemale_ind,10457,TRUE,0.5,0.5,0.5
uk-crime-1994,pfemale_ind,10463,TRUE,0.428571428571429,0.42857142857142855,0.42857142857142855
uk-crime-1994,pfemale_ind,10464,TRUE,0.666666666666667,0.6666666666666666,0.6666666666666667
uk-crime-1994,pfemale_ind,10467,TRUE,0.571428571428571,0.5714285714285714,0.5714285714285714
uk-crime-1994,pfemale_ind,10474,TRUE,0.4375,0.4375,0.4375
uk-crime-1994,pfemale_ind,10484,TRUE,0.5,0.5,0.5
uk-crime-1994,pfemale_ind,10487,TRUE,0.357142857142857,0.3571428571428572,0.3571428571428571
uk-crime-1994,pfemale_ind,10488,TRUE,0.5,0.5,0.5
uk-crime-1994,pfemale_ind,10489,TRUE,0.666666666666667,0.6666666666666666,0.6666666666666666
uk-crime-1994,pfemale_ind,10497,TRUE,0.5,0.5,0.5
uk-crime-1994,pfemale_ind,10501,TRUE,0.5625,0.5625,0.5625
uk-crime-1994,pfemale_ind,10504,TRUE,0.4375,0.4375,0.4375
uk-crime-1994,pfemale_ind,10507,TRUE,0.636363636363636,0.6363636363636364,0.6363636363636364
uk-crime-1994,pfemale_ind,10518,TRUE,0.4375,0.4375,0.4375
uk-crime-1994,pfemale_ind,10519,TRUE,0.6,0.6,0.6
uk-crime-1994,pfemale_ind,10520,TRUE,0.4375,0.4375,0.4375
uk-crime-1994,pfemale_ind,10521,TRUE,0.5,0.5,0.5
uk-crime-1994,pfemale_ind,10522,TRUE,0.666666666666667,0.6666666666666666,0.6666666666666666
uk-crime-1994,pfemale_ind,10524,TRUE,0.416666666666667,0.4166666666666667,0.41666666666666663
uk-crime-1994,pfemale_ind,10526,TRUE,0.6,0.6,0.6
uk-crime-1994,pfemale_ind,10531,TRUE,0.416666666666667,0.4166666666666667,0.41666666666666663
uk-crime-1994,pfemale_ind,10532,TRUE,0.294117647058824,0.2941176470588236,0.2941176470588235
uk-crime-1994,pfemale_ind,10534,TRUE,0.692307692307692,0.6923076923076923,0.6923076923076923
uk-crime-1994,pfemale_ind,10536,TRUE,0.666666666666667,0.6666666666666666,0.6666666666666666
uk-crime-1994,pfemale_ind,10542,TRUE,0.642857142857143,0.6428571428571429,0.6428571428571429
uk-crime-1994,pfemale_ind,10546,TRUE,0.272727272727273,0.2727272727272727,0.2727272727272727
uk-crime-1994,pfemale_ind,10549,TRUE,0.375,0.375,0.375
uk-crime-1994,pfemale_ind,10553,TRUE,0.416666666666667,0.4166666666666667,0.41666666666666663
uk-crime-1994,pfemale_ind,10559,TRUE,0.4375,0.4375,0.4375
uk-crime-1994,pfemale_ind,10560,TRUE,0.357142857142857,0.3571428571428572,0.3571428571428571
uk-crime-1994,pfemale_ind,10561,TRUE,0.352941176470588,0.3529411764705883,0.3529411764705882
uk-crime-1994,pfemale_ind,10563,TRUE,0.615384615384615,0.6153846153846154,0.6153846153846154
uk-crime-1994,pfemale_ind,10567,TRUE,0.352941176470588,0.3529411764705883,0.3529411764705882
uk-crime-1994,pfemale_ind,10568,TRUE,0.5,0.5,0.5
uk-crime-1994,pfemale_ind,10570,TRUE,0.6,0.6,0.6
uk-crime-1994,pfemale_ind,10574,TRUE,0.692307692307692,0.6923076923076923,0.6923076923076923
uk-crime-1994,pfemale_ind,10583,TRUE,0.5,0.5,0.5
uk-crime-1994,pfemale_ind,10584,TRUE,0.538461538461538,0.5384615384615384,0.5384615384615384
uk-crime-1994,pfemale_ind,10585,TRUE,0.357142857142857,0.3571428571428572,0.3571428571428571
uk-crime-1994,pfemale_ind,10587,TRUE,0.6,0.6,0.6
uk-crime-1994,pfemale_ind,10588,TRUE,0.5,0.5,0.5
uk-crime-1994,pfemale_ind,10589,TRUE,0.352941176470588,0.3529411764705883,0.3529411764705882
uk-crime-1994,pfemale_ind,10591,TRUE,0.357142857142857,0.3571428571428572,0.3571428571428571
uk-crime-1994,pfemale_ind,10592,TRUE,0.428571428571429,0.42857142857142855,0.42857142857142855
uk-crime-1994,pfemale_ind,10594,TRUE,0.181818181818182,0.18181818181818185,0.1818181818181818
uk-crime-1994,pfemale_ind,10595,TRUE,0.533333333333333,0.5333333333333333,0.5333333333333333
uk-crime-1994,pfemale_ind,10596,TRUE,0.538461538461538,0.5384615384615384,0.5384615384615384
uk-crime-1994,pfemale_ind,10597,TRUE,0.615384615384615,0.6153846153846154,0.6153846153846154
uk-crime-1994,pfemale_ind,10599,TRUE,0.666666666666667,0.6666666666666666,0.6666666666666666
uk-crime-1994,pfemale_ind,10601,TRUE,0.411764705882353,0.411764705882353,0.4117647058823529
uk-crime-1994,pfemale_ind,10602,TRUE,0.5,0.5,0.5
uk-crime-1994,pfemale_ind,10604,TRUE,0.6,0.6,0.6
uk-crime-1994,pfemale_ind,10605,TRUE,0.692307692307692,0.6923076923076923,0.6923076923076923
uk-crime-1994,pfemale_ind,10616,TRUE,0.333333333333333,0.3333333333333333,0.33333333333333337
uk-crime-1994,pfemale_ind,10623,TRUE,0.4375,0.4375,0.4375
uk-crime-1994,pfemale_ind,10627,TRUE,0.416666666666667,0.4166666666666667,0.41666666666666663
uk-crime-1994,pfemale_ind,10630,TRUE,0.5,0.5,0.5
uk-crime-1994,pfemale_ind,10632,TRUE,0.75,0.75,0.75
uk-crime-1994,pfemale_ind,10635,TRUE,0.5625,0.5625,0.5625
uk-crime-1994,pfemale_ind,10637,TRUE,0.5625,0.5625,0.5625
uk-crime-1994,pfemale_ind,10638,TRUE,0.615384615384615,0.6153846153846154,0.6153846153846154
uk-crime-1994,pfemale_ind,10643,TRUE,0.5,0.5,0.5
uk-crime-1994,pfemale_ind,10644,TRUE,0.666666666666667,0.6666666666666666,0.6666666666666666
uk-crime-1994,pfemale_ind,10650,TRUE,0.5625,0.5625,0.5625
uk-crime-1994,pfemale_ind,10670,TRUE,0.285714285714286,0.28571428571428575,0.28571428571428575
uk-crime-1994,pfemale_ind,10671,TRUE,0.5,0.5,0.5
uk-crime-1994,pfemale_ind,10676,TRUE,0.6,0.6,0.6
uk-crime-1994,pfemale_ind,10684,TRUE,0.545454545454545,0.5454545454545454,0.5454545454545454
uk-crime-1994,pfemale_ind,10686,TRUE,0.428571428571429,0.42857142857142855,0.42857142857142855
uk-crime-1994,pfemale_ind,10692,TRUE,0.6,0.6,0.6
uk-crime-1994,pfemale_ind,10695,TRUE,0.6,0.6,0.6
uk-crime-1994,pfemale_ind,10697,TRUE,0.642857142857143,0.6428571428571429,0.6428571428571429
uk-crime-1994,pfemale_ind,10700,TRUE,0.352941176470588,0.3529411764705883,0.3529411764705882
uk-crime-1994,pfemale_ind,10709,TRUE,0.692307692307692,0.6923076923076923,0.6923076923076923
uk-crime-1994,pfemale_ind,10714,TRUE,0.5,0.5,0.5
uk-crime-1994,pfemale_ind,10719,TRUE,0.545454545454545,0.5454545454545454,0.5454545454545454
uk-crime-1994,pfemale_ind,10723,TRUE,0.5,0.5,0.5
uk-crime-1994,pfemale_ind,10724,TRUE,0.352941176470588,0.3529411764705883,0.3529411764705882
uk-crime-1994,pfemale_ind,10725,TRUE,0.733333333333333,0.7333333333333333,0.7333333333333333
uk-crime-1994,pfemale_ind,10733,TRUE,0.6,0.6,0.6
uk-crime-1994,pfemale_ind,10734,TRUE,0.352941176470588,0.3529411764705883,0.3529411764705882
uk-crime-1994,pfemale_ind,10735,TRUE,0.181818181818182,0.18181818181818185,0.1818181818181818
uk-crime-1994,pfemale_ind,10737,TRUE,0.4375,0.4375,0.4375
uk-crime-1994,pfemale_ind,10738,TRUE,0.416666666666667,0.4166666666666667,0.41666666666666663
uk-crime-1994,pfemale_ind,10741,TRUE,0.6,0.6,0.6
uk-crime-1994,pfemale_ind,10744,TRUE,0.636363636363636,0.6363636363636364,0.6363636363636364
uk-crime-1994,pfemale_ind,10747,TRUE,0.666666666666667,0.6666666666666666,0.6666666666666666
uk-crime-1994,pfemale_ind,10748,TRUE,0.571428571428571,0.5714285714285714,0.5714285714285714
uk-crime-1994,pfemale_ind,10749,TRUE,0.5,0.5,0.5
uk-crime-1994,pfemale_ind,10756,TRUE,0.5,0.5,0.5
uk-crime-1994,pfemale_ind,10761,TRUE,0.642857142857143,0.6428571428571429,0.6428571428571429
uk-crime-1994,pfemale_ind,10768,TRUE,0.666666666666667,0.6666666666666666,0.6666666666666666
uk-crime-1994,pfemale_ind,10770,TRUE,0.5625,0.5625,0.5625
uk-crime-1994,pfemale_ind,10774,TRUE,0.411764705882353,0.411764705882353,0.4117647058823529
uk-crime-1994,pfemale_ind,10778,TRUE,0.4375,0.4375,0.4375
uk-crime-1994,pfemale_ind,10779,TRUE,0.666666666666667,0.6666666666666666,0.6666666666666666
uk-crime-1994,pfemale_ind,10784,TRUE,0.615384615384615,0.6153846153846154,0.6153846153846154
uk-crime-1994,pfemale_ind,10790,TRUE,0.352941176470588,0.3529411764705883,0.3529411764705882
uk-crime-1994,pfemale_ind,10792,TRUE,0.5625,0.5625,0.5625
uk-crime-1994,pfemale_ind,10796,TRUE,0.571428571428571,0.5714285714285714,0.5714285714285714
uk-crime-1994,pfemale_ind,10797,TRUE,0.294117647058824,0.2941176470588236,0.2941176470588235
uk-crime-1994,pfemale_ind,10801,TRUE,0.5,0.5,0.5
uk-crime-1994,pfemale_ind,10803,TRUE,0.615384615384615,0.6153846153846154,0.6153846153846154
uk-crime-1994,pfemale_ind,10808,TRUE,0.642857142857143,0.6428571428571429,0.6428571428571429
uk-crime-1994,pfemale_ind,10811,TRUE,0.272727272727273,0.2727272727272727,0.2727272727272727
uk-crime-1994,pfemale_ind,10814,TRUE,0.666666666666667,0.6666666666666666,0.6666666666666667
uk-crime-1994,pfemale_ind,10829,TRUE,0.636363636363636,0.6363636363636364,0.6363636363636364
uk-crime-1994,pfemale_ind,10830,TRUE,0.416666666666667,0.4166666666666667,0.41666666666666663
uk-crime-1994,pfemale_ind,10833,TRUE,0.571428571428571,0.5714285714285714,0.5714285714285714
uk-crime-1994,pfemale_ind,10834,TRUE,0.533333333333333,0.5333333333333333,0.5333333333333333
uk-crime-1994,pfemale_ind,10835,TRUE,0.666666666666667,0.6666666666666666,0.6666666666666666
uk-crime-1994,pfemale_ind,10836,TRUE,0.5625,0.5625,0.5625
uk-crime-1994,pfemale_ind,10842,TRUE,0.5,0.5,0.5
uk-crime-1994,pfemale_ind,10843,TRUE,0.285714285714286,0.28571428571428575,0.28571428571428575
uk-crime-1994,pfemale_ind,10845,TRUE,0.615384615384615,0.6153846153846154,0.6153846153846154
uk-crime-1994,pfemale_ind,10851,TRUE,0.375,0.375,0.375
uk-crime-1994,pfemale_ind,10856,TRUE,0.357142857142857,0.3571428571428572,0.3571428571428571
uk-crime-1994,pfemale_ind,10864,TRUE,0.6,0.6,0.6
uk-crime-1994,pfemale_ind,10865,TRUE,0.5625,0.5625,0.5625
uk-crime-1994,pfemale_ind,10866,TRUE,0.411764705882353,0.411764705882353,0.4117647058823529
uk-crime-1994,pfemale_ind,10867,TRUE,0.416666666666667,0.4166666666666667,0.41666666666666663
uk-crime-1994,pfemale_ind,10868,TRUE,0.6,0.6,0.6
tomorrows-europe-2007,pfemale_ind,3037,TRUE,0.4,0.4,0.4
tomorrows-europe-2007,pfemale_ind,3031,TRUE,0.35,0.35,0.35
tomorrows-europe-2007,pfemale_ind,3007,TRUE,0.421052631578947,0.42105263157894735,0.42105263157894735
tomorrows-europe-2007,pfemale_ind,3028,TRUE,0.35,0.35,0.35
tomorrows-europe-2007,pfemale_ind,3020,TRUE,0.4,0.4,0.4
tomorrows-europe-2007,pfemale_ind,3003,TRUE,0.4,0.4,0.4
tomorrows-europe-2007,pfemale_ind,2311,TRUE,0.5,0.5,0.5
tomorrows-europe-2007,pfemale_ind,2767,TRUE,0.421052631578947,0.42105263157894735,0.42105263157894735
tomorrows-europe-2007,pfemale_ind,2763,TRUE,0.368421052631579,0.3684210526315789,0.36842105263157887
tomorrows-europe-2007,pfemale_ind,2733,TRUE,0.368421052631579,0.3684210526315789,0.36842105263157887
tomorrows-europe-2007,pfemale_ind,2606,TRUE,0.368421052631579,0.3684210526315789,0.36842105263157887
tomorrows-europe-2007,pfemale_ind,2726,TRUE,0.368421052631579,0.3684210526315789,0.36842105263157887
tomorrows-europe-2007,pfemale_ind,2670,TRUE,0.368421052631579,0.3684210526315789,0.36842105263157887
tomorrows-europe-2007,pfemale_ind,2675,TRUE,0.421052631578947,0.42105263157894735,0.42105263157894735
tomorrows-europe-2007,pfemale_ind,1231,TRUE,0.368421052631579,0.3684210526315789,0.3684210526315789
tomorrows-europe-2007,pfemale_ind,1253,TRUE,0.421052631578947,0.42105263157894735,0.42105263157894735
tomorrows-europe-2007,pfemale_ind,1250,TRUE,0.421052631578947,0.42105263157894735,0.42105263157894735
tomorrows-europe-2007,pfemale_ind,1759,TRUE,0.315789473684211,0.3157894736842105,0.31578947368421056
tomorrows-europe-2007,pfemale_ind,1757,TRUE,0.315789473684211,0.3157894736842105,0.31578947368421056
tomorrows-europe-2007,pfemale_ind,1754,TRUE,0.315789473684211,0.3157894736842105,0.31578947368421056
tomorrows-europe-2007,pfemale_ind,1730,TRUE,0.368421052631579,0.3684210526315789,0.3684210526315789
tomorrows-europe-2007,pfemale_ind,1784,TRUE,0.368421052631579,0.3684210526315789,0.3684210526315789
tomorrows-europe-2007,pfemale_ind,2466,TRUE,0.4375,0.4375,0.4375
tomorrows-europe-2007,pfemale_ind,1735,TRUE,0.4375,0.4375,0.4375
tomorrows-europe-2007,pfemale_ind,1710,TRUE,0.5,0.5,0.5
tomorrows-europe-2007,pfemale_ind,1769,TRUE,0.5,0.5,0.5
tomorrows-europe-2007,pfemale_ind,1707,TRUE,0.4375,0.4375,0.4375
tomorrows-europe-2007,pfemale_ind,1785,TRUE,0.5,0.5,0.5
tomorrows-europe-2007,pfemale_ind,1749,TRUE,0.4375,0.4375,0.4375
tomorrows-europe-2007,pfemale_ind,2431,TRUE,0.388888888888889,0.3888888888888889,0.38888888888888895
tomorrows-europe-2007,pfemale_ind,2474,TRUE,0.388888888888889,0.3888888888888889,0.38888888888888895
tomorrows-europe-2007,pfemale_ind,2898,TRUE,0.444444444444444,0.4444444444444444,0.4444444444444444
tomorrows-europe-2007,pfemale_ind,2895,TRUE,0.388888888888889,0.3888888888888889,0.38888888888888895
tomorrows-europe-2007,pfemale_ind,2918,TRUE,0.388888888888889,0.3888888888888889,0.38888888888888895
tomorrows-europe-2007,pfemale_ind,2970,TRUE,0.444444444444444,0.4444444444444444,0.4444444444444444
tomorrows-europe-2007,pfemale_ind,2927,TRUE,0.444444444444444,0.4444444444444444,0.4444444444444444
tomorrows-europe-2007,pfemale_ind,2959,TRUE,0.444444444444444,0.4444444444444444,0.4444444444444444
tomorrows-europe-2007,pfemale_ind,2241,TRUE,0.5,0.5,0.5
tomorrows-europe-2007,pfemale_ind,2244,TRUE,0.45,0.45,0.45000000000000007
tomorrows-europe-2007,pfemale_ind,2195,TRUE,0.5,0.5,0.5
tomorrows-europe-2007,pfemale_ind,2210,TRUE,0.45,0.45,0.45000000000000007
tomorrows-europe-2007,pfemale_ind,2205,TRUE,0.45,0.45,0.45000000000000007
tomorrows-europe-2007,pfemale_ind,2234,TRUE,0.5,0.5,0.5
tomorrows-europe-2007,pfemale_ind,879,TRUE,0.421052631578947,0.42105263157894735,0.42105263157894735
tomorrows-europe-2007,pfemale_ind,923,TRUE,0.421052631578947,0.42105263157894735,0.42105263157894735
tomorrows-europe-2007,pfemale_ind,935,TRUE,0.368421052631579,0.3684210526315789,0.3684210526315789
tomorrows-europe-2007,pfemale_ind,2925,TRUE,0.5,0.5,0.5
tomorrows-europe-2007,pfemale_ind,2966,TRUE,0.5,0.5,0.5
tomorrows-europe-2007,pfemale_ind,2923,TRUE,0.5,0.5,0.5
tomorrows-europe-2007,pfemale_ind,2919,TRUE,0.45,0.45,0.45
tomorrows-europe-2007,pfemale_ind,2903,TRUE,0.5,0.5,0.5
tomorrows-europe-2007,pfemale_ind,2956,TRUE,0.45,0.45,0.45
tomorrows-europe-2007,pfemale_ind,3154,TRUE,0.5625,0.5625,0.5625
tomorrows-europe-2007,pfemale_ind,3122,TRUE,0.5625,0.5625,0.5625
tomorrows-europe-2007,pfemale_ind,3159,TRUE,0.625,0.625,0.625
tomorrows-europe-2007,pfemale_ind,3142,TRUE,0.5625,0.5625,0.5625
tomorrows-europe-2007,pfemale_ind,100,TRUE,0.5625,0.5625,0.5625
tomorrows-europe-2007,pfemale_ind,2,TRUE,0.625,0.625,0.625
tomorrows-europe-2007,pfemale_ind,107,TRUE,0.625,0.625,0.625
tomorrows-europe-2007,pfemale_ind,24,TRUE,0.5625,0.5625,0.5625
tomorrows-europe-2007,pfemale_ind,51,TRUE,0.5625,0.5625,0.5625
tomorrows-europe-2007,pfemale_ind,104,TRUE,0.5625,0.5625,0.5625
tomorrows-europe-2007,pfemale_ind,67,TRUE,0.5625,0.5625,0.5625
tomorrows-europe-2007,pfemale_ind,90,TRUE,0.5625,0.5625,0.5625
tomorrows-europe-2007,pfemale_ind,3021,TRUE,0.4,0.4,0.4
tomorrows-europe-2007,pfemale_ind,2699,TRUE,0.5,0.5,0.5
tomorrows-europe-2007,pfemale_ind,2710,TRUE,0.55,0.55,0.55
tomorrows-europe-2007,pfemale_ind,2741,TRUE,0.5,0.5,0.5
tomorrows-europe-2007,pfemale_ind,2614,TRUE,0.55,0.55,0.55
tomorrows-europe-2007,pfemale_ind,2789,TRUE,0.55,0.55,0.55
tomorrows-europe-2007,pfemale_ind,2780,TRUE,0.5,0.5,0.5
tomorrows-europe-2007,pfemale_ind,2669,TRUE,0.5,0.5,0.5
tomorrows-europe-2007,pfemale_ind,2749,TRUE,0.5,0.5,0.5
tomorrows-europe-2007,pfemale_ind,2604,TRUE,0.55,0.55,0.55
tomorrows-europe-2007,pfemale_ind,2286,TRUE,0.5,0.5,0.5
tomorrows-europe-2007,pfemale_ind,2319,TRUE,0.5,0.5,0.5
tomorrows-europe-2007,pfemale_ind,2282,TRUE,0.5,0.5,0.5
tomorrows-europe-2007,pfemale_ind,132,TRUE,0.4,0.4,0.4
tomorrows-europe-2007,pfemale_ind,41,TRUE,0.4,0.4,0.4
tomorrows-europe-2007,pfemale_ind,17,TRUE,0.4,0.4,0.4
tomorrows-europe-2007,pfemale_ind,146,TRUE,0.4,0.4,0.4
tomorrows-europe-2007,pfemale_ind,116,TRUE,0.466666666666667,0.4666666666666667,0.4666666666666666
tomorrows-europe-2007,pfemale_ind,3,TRUE,0.466666666666667,0.4666666666666667,0.4666666666666666
tomorrows-europe-2007,pfemale_ind,75,TRUE,0.4,0.4,0.4
tomorrows-europe-2007,pfemale_ind,2649,TRUE,0.466666666666667,0.4666666666666667,0.4666666666666666
tomorrows-europe-2007,pfemale_ind,2719,TRUE,0.466666666666667,0.4666666666666667,0.4666666666666666
tomorrows-europe-2007,pfemale_ind,2617,TRUE,0.466666666666667,0.4666666666666667,0.4666666666666666
tomorrows-europe-2007,pfemale_ind,2672,TRUE,0.466666666666667,0.4666666666666667,0.4666666666666666
tomorrows-europe-2007,pfemale_ind,2712,TRUE,0.466666666666667,0.4666666666666667,0.4666666666666666
tomorrows-europe-2007,pfemale_ind,2666,TRUE,0.4,0.4,0.4
tomorrows-europe-2007,pfemale_ind,2616,TRUE,0.4,0.4,0.4
tomorrows-europe-2007,pfemale_ind,799,TRUE,0.461538461538462,0.4615384615384616,0.4615384615384615
tomorrows-europe-2007,pfemale_ind,845,TRUE,0.538461538461538,0.5384615384615384,0.5384615384615384
tomorrows-europe-2007,pfemale_ind,808,TRUE,0.461538461538462,0.4615384615384616,0.4615384615384615
tomorrows-europe-2007,pfemale_ind,842,TRUE,0.461538461538462,0.4615384615384616,0.4615384615384615
tomorrows-europe-2007,pfemale_ind,796,TRUE,0.461538461538462,0.4615384615384616,0.4615384615384615
tomorrows-europe-2007,pfemale_ind,809,TRUE,0.538461538461538,0.5384615384615384,0.5384615384615384
tomorrows-europe-2007,pfemale_ind,3522,TRUE,0.444444444444444,0.4444444444444444,0.4444444444444444
tomorrows-europe-2007,pfemale_ind,3495,TRUE,0.444444444444444,0.4444444444444444,0.4444444444444444
tomorrows-europe-2007,pfemale_ind,2824,TRUE,0.454545454545455,0.45454545454545464,0.4545454545454546
tomorrows-europe-2007,pfemale_ind,625,TRUE,0.315789473684211,0.3157894736842105,0.3157894736842105
tomorrows-europe-2007,pfemale_ind,516,TRUE,0.421052631578947,0.42105263157894735,0.42105263157894735
tomorrows-europe-2007,pfemale_ind,693,TRUE,0.368421052631579,0.3684210526315789,0.3684210526315789
tomorrows-europe-2007,pfemale_ind,374,TRUE,0.368421052631579,0.3684210526315789,0.3684210526315789
tomorrows-europe-2007,pfemale_ind,225,TRUE,0.454545454545455,0.45454545454545464,0.4545454545454546
tomorrows-europe-2007,pfemale_ind,148,TRUE,0.454545454545455,0.45454545454545464,0.4545454545454546
tomorrows-europe-2007,pfemale_ind,3448,TRUE,0.466666666666667,0.4666666666666667,0.4666666666666666
tomorrows-europe-2007,pfemale_ind,517,TRUE,0.4,0.4,0.4
tomorrows-europe-2007,pfemale_ind,649,TRUE,0.4,0.4,0.4
tomorrows-europe-2007,pfemale_ind,489,TRUE,0.35,0.35,0.35
tomorrows-europe-2007,pfemale_ind,674,TRUE,0.35,0.35,0.35
tomorrows-europe-2007,pfemale_ind,358,TRUE,0.35,0.35,0.35
tomorrows-europe-2007,pfemale_ind,525,TRUE,0.4,0.4,0.4
tomorrows-europe-2007,pfemale_ind,515,TRUE,0.4,0.4,0.4
tomorrows-europe-2007,pfemale_ind,370,TRUE,0.35,0.35,0.35
tomorrows-europe-2007,pfemale_ind,397,TRUE,0.4,0.4,0.4
tomorrows-europe-2007,pfemale_ind,590,TRUE,0.4,0.4,0.4
tomorrows-europe-2007,pfemale_ind,654,TRUE,0.4,0.4,0.4
tomorrows-europe-2007,pfemale_ind,704,TRUE,0.4,0.4,0.4
tomorrows-europe-2007,pfemale_ind,734,TRUE,0.35,0.35,0.35000000000000003
tomorrows-europe-2007,pfemale_ind,728,TRUE,0.4,0.4,0.4
tomorrows-europe-2007,pfemale_ind,742,TRUE,0.35,0.35,0.35000000000000003
tomorrows-europe-2007,pfemale_ind,670,TRUE,0.421052631578947,0.42105263157894735,0.42105263157894735
tomorrows-europe-2007,pfemale_ind,421,TRUE,0.421052631578947,0.42105263157894735,0.42105263157894735
tomorrows-europe-2007,pfemale_ind,641,TRUE,0.368421052631579,0.3684210526315789,0.3684210526315789
tomorrows-europe-2007,pfemale_ind,522,TRUE,0.368421052631579,0.3684210526315789,0.3684210526315789
tomorrows-europe-2007,pfemale_ind,618,TRUE,0.421052631578947,0.42105263157894735,0.42105263157894735
tomorrows-europe-2007,pfemale_ind,507,TRUE,0.421052631578947,0.42105263157894735,0.42105263157894735
tomorrows-europe-2007,pfemale_ind,477,TRUE,0.421052631578947,0.42105263157894735,0.42105263157894735
tomorrows-europe-2007,pfemale_ind,624,TRUE,0.421052631578947,0.42105263157894735,0.42105263157894735
tomorrows-europe-2007,pfemale_ind,2381,TRUE,0.368421052631579,0.3684210526315789,0.3684210526315789
tomorrows-europe-2007,pfemale_ind,396,TRUE,0.368421052631579,0.3684210526315789,0.3684210526315789
tomorrows-europe-2007,pfemale_ind,405,TRUE,0.368421052631579,0.3684210526315789,0.3684210526315789
tomorrows-europe-2007,pfemale_ind,552,TRUE,0.315789473684211,0.3157894736842105,0.3157894736842105
tomorrows-europe-2007,pfemale_ind,409,TRUE,0.368421052631579,0.3684210526315789,0.3684210526315789
tomorrows-europe-2007,pfemale_ind,368,TRUE,0.368421052631579,0.3684210526315789,0.3684210526315789
tomorrows-europe-2007,pfemale_ind,328,TRUE,0.368421052631579,0.3684210526315789,0.3684210526315789
tomorrows-europe-2007,pfemale_ind,357,TRUE,0.368421052631579,0.3684210526315789,0.3684210526315789
tomorrows-europe-2007,pfemale_ind,707,TRUE,0.315789473684211,0.3157894736842105,0.3157894736842105
tomorrows-europe-2007,pfemale_ind,700,TRUE,0.368421052631579,0.3684210526315789,0.3684210526315789
tomorrows-europe-2007,pfemale_ind,699,TRUE,0.315789473684211,0.3157894736842105,0.3157894736842105
tomorrows-europe-2007,pfemale_ind,732,TRUE,0.368421052631579,0.3684210526315789,0.3684210526315789
tomorrows-europe-2007,pfemale_ind,3473,TRUE,0.4375,0.4375,0.4375
tomorrows-europe-2007,pfemale_ind,3281,TRUE,0.4375,0.4375,0.4375
tomorrows-europe-2007,pfemale_ind,3493,TRUE,0.5,0.5,0.5
tomorrows-europe-2007,pfemale_ind,3541,TRUE,0.5,0.5,0.5
tomorrows-europe-2007,pfemale_ind,3305,TRUE,0.5,0.5,0.5
tomorrows-europe-2007,pfemale_ind,3276,TRUE,0.5,0.5,0.5
tomorrows-europe-2007,pfemale_ind,3277,TRUE,0.5,0.5,0.5
tomorrows-europe-2007,pfemale_ind,3335,TRUE,0.4375,0.4375,0.4375
tomorrows-europe-2007,pfemale_ind,1816,TRUE,0.4375,0.4375,0.4375
tomorrows-europe-2007,pfemale_ind,1830,TRUE,0.5,0.5,0.5
tomorrows-europe-2007,pfemale_ind,3288,TRUE,0.388888888888889,0.3888888888888889,0.38888888888888895
tomorrows-europe-2007,pfemale_ind,3331,TRUE,0.444444444444444,0.4444444444444444,0.4444444444444444
tomorrows-europe-2007,pfemale_ind,3469,TRUE,0.444444444444444,0.4444444444444444,0.4444444444444444
tomorrows-europe-2007,pfemale_ind,3445,TRUE,0.444444444444444,0.4444444444444444,0.4444444444444444
tomorrows-europe-2007,pfemale_ind,3256,TRUE,0.388888888888889,0.3888888888888889,0.38888888888888895
tomorrows-europe-2007,pfemale_ind,3268,TRUE,0.388888888888889,0.3888888888888889,0.38888888888888895
tomorrows-europe-2007,pfemale_ind,1866,TRUE,0.388888888888889,0.3888888888888889,0.38888888888888895
tomorrows-europe-2007,pfemale_ind,1833,TRUE,0.444444444444444,0.4444444444444444,0.4444444444444444
tomorrows-europe-2007,pfemale_ind,1812,TRUE,0.444444444444444,0.4444444444444444,0.4444444444444444
tomorrows-europe-2007,pfemale_ind,2390,TRUE,0.388888888888889,0.3888888888888889,0.3888888888888889
tomorrows-europe-2007,pfemale_ind,1889,TRUE,0.388888888888889,0.3888888888888889,0.3888888888888889
tomorrows-europe-2007,pfemale_ind,2095,TRUE,0.388888888888889,0.3888888888888889,0.3888888888888889
tomorrows-europe-2007,pfemale_ind,2050,TRUE,0.444444444444444,0.4444444444444444,0.4444444444444444
tomorrows-europe-2007,pfemale_ind,1946,TRUE,0.444444444444444,0.4444444444444444,0.4444444444444444
tomorrows-europe-2007,pfemale_ind,2043,TRUE,0.444444444444444,0.4444444444444444,0.4444444444444444
tomorrows-europe-2007,pfemale_ind,1998,TRUE,0.444444444444444,0.4444444444444444,0.4444444444444444
tomorrows-europe-2007,pfemale_ind,2024,TRUE,0.388888888888889,0.3888888888888889,0.3888888888888889
tomorrows-europe-2007,pfemale_ind,1888,TRUE,0.444444444444444,0.4444444444444444,0.4444444444444444
tomorrows-europe-2007,pfemale_ind,1572,TRUE,0.444444444444444,0.4444444444444444,0.4444444444444444
tomorrows-europe-2007,pfemale_ind,1556,TRUE,0.388888888888889,0.3888888888888889,0.38888888888888895
tomorrows-europe-2007,pfemale_ind,1493,TRUE,0.388888888888889,0.3888888888888889,0.38888888888888895
tomorrows-europe-2007,pfemale_ind,1500,TRUE,0.444444444444444,0.4444444444444444,0.4444444444444444
tomorrows-europe-2007,pfemale_ind,1417,TRUE,0.444444444444444,0.4444444444444444,0.4444444444444444
tomorrows-europe-2007,pfemale_ind,1507,TRUE,0.444444444444444,0.4444444444444444,0.4444444444444444
tomorrows-europe-2007,pfemale_ind,1395,TRUE,0.388888888888889,0.3888888888888889,0.38888888888888895
tomorrows-europe-2007,pfemale_ind,1516,TRUE,0.444444444444444,0.4444444444444444,0.4444444444444444
tomorrows-europe-2007,pfemale_ind,1518,TRUE,0.388888888888889,0.3888888888888889,0.38888888888888895
tomorrows-europe-2007,pfemale_ind,157,TRUE,0.444444444444444,0.4444444444444444,0.4444444444444444
tomorrows-europe-2007,pfemale_ind,2497,TRUE,0.45,0.45,0.45000000000000007
tomorrows-europe-2007,pfemale_ind,2508,TRUE,0.5,0.5,0.5
tomorrows-europe-2007,pfemale_ind,2529,TRUE,0.45,0.45,0.45000000000000007
tomorrows-europe-2007,pfemale_ind,2530,TRUE,0.45,0.45,0.45000000000000007
tomorrows-europe-2007,pfemale_ind,2519,TRUE,0.45,0.45,0.45000000000000007
tomorrows-europe-2007,pfemale_ind,2583,TRUE,0.5,0.5,0.5
tomorrows-europe-2007,pfemale_ind,2570,TRUE,0.5,0.5,0.5
tomorrows-europe-2007,pfemale_ind,2594,TRUE,0.5,0.5,0.5
tomorrows-europe-2007,pfemale_ind,2845,TRUE,0.45,0.45,0.45000000000000007
tomorrows-europe-2007,pfemale_ind,2817,TRUE,0.5,0.5,0.5
tomorrows-europe-2007,pfemale_ind,2828,TRUE,0.45,0.45,0.45000000000000007
tomorrows-europe-2007,pfemale_ind,2862,TRUE,0.5,0.5,0.5
tomorrows-europe-2007,pfemale_ind,184,TRUE,0.45,0.45,0.45000000000000007
tomorrows-europe-2007,pfemale_ind,171,TRUE,0.5,0.5,0.5
tomorrows-europe-2007,pfemale_ind,223,TRUE,0.5,0.5,0.5
tomorrows-europe-2007,pfemale_ind,2857,TRUE,0.454545454545455,0.45454545454545464,0.4545454545454546
tomorrows-europe-2007,pfemale_ind,2809,TRUE,0.409090909090909,0.4090909090909092,0.40909090909090906
tomorrows-europe-2007,pfemale_ind,2844,TRUE,0.454545454545455,0.45454545454545464,0.4545454545454546
tomorrows-europe-2007,pfemale_ind,2852,TRUE,0.454545454545455,0.45454545454545464,0.4545454545454546
tomorrows-europe-2007,pfemale_ind,2821,TRUE,0.409090909090909,0.4090909090909092,0.40909090909090906
tomorrows-europe-2007,pfemale_ind,2880,TRUE,0.409090909090909,0.4090909090909092,0.40909090909090906
tomorrows-europe-2007,pfemale_ind,2832,TRUE,0.409090909090909,0.4090909090909092,0.40909090909090906
tomorrows-europe-2007,pfemale_ind,1310,TRUE,0.454545454545455,0.45454545454545464,0.4545454545454546
tomorrows-europe-2007,pfemale_ind,1520,TRUE,0.409090909090909,0.4090909090909092,0.40909090909090906
tomorrows-europe-2007,pfemale_ind,1450,TRUE,0.409090909090909,0.4090909090909092,0.40909090909090906
tomorrows-europe-2007,pfemale_ind,1432,TRUE,0.454545454545455,0.45454545454545464,0.4545454545454546
tomorrows-europe-2007,pfemale_ind,1340,TRUE,0.454545454545455,0.45454545454545464,0.4545454545454546
tomorrows-europe-2007,pfemale_ind,1491,TRUE,0.409090909090909,0.4090909090909092,0.40909090909090906
tomorrows-europe-2007,pfemale_ind,1605,TRUE,0.409090909090909,0.4090909090909092,0.40909090909090906
tomorrows-europe-2007,pfemale_ind,1485,TRUE,0.454545454545455,0.45454545454545464,0.4545454545454546
tomorrows-europe-2007,pfemale_ind,1587,TRUE,0.409090909090909,0.4090909090909092,0.40909090909090906
tomorrows-europe-2007,pfemale_ind,1383,TRUE,0.454545454545455,0.45454545454545464,0.4545454545454546
tomorrows-europe-2007,pfemale_ind,1576,TRUE,0.454545454545455,0.45454545454545464,0.4545454545454546
tomorrows-europe-2007,pfemale_ind,161,TRUE,0.454545454545455,0.45454545454545464,0.4545454545454546
tomorrows-europe-2007,pfemale_ind,177,TRUE,0.409090909090909,0.4090909090909092,0.40909090909090906
tomorrows-europe-2007,pfemale_ind,3363,TRUE,0.416666666666667,0.4166666666666667,0.41666666666666663
tomorrows-europe-2007,pfemale_ind,3299,TRUE,0.5,0.5,0.5
tomorrows-europe-2007,pfemale_ind,1087,TRUE,0.5,0.5,0.5
tomorrows-europe-2007,pfemale_ind,1154,TRUE,0.5,0.5,0.5
tomorrows-europe-2007,pfemale_ind,1052,TRUE,0.416666666666667,0.4166666666666667,0.41666666666666663
tomorrows-europe-2007,pfemale_ind,1084,TRUE,0.416666666666667,0.4166666666666667,0.41666666666666663
tomorrows-europe-2007,pfemale_ind,1141,TRUE,0.416666666666667,0.4166666666666667,0.41666666666666663
tomorrows-europe-2007,pfemale_ind,511,TRUE,0.5,0.5,0.5
tomorrows-europe-2007,pfemale_ind,436,TRUE,0.5,0.5,0.5
tomorrows-europe-2007,pfemale_ind,441,TRUE,0.416666666666667,0.4166666666666667,0.41666666666666663
tomorrows-europe-2007,pfemale_ind,559,TRUE,0.5,0.5,0.5
tomorrows-europe-2007,pfemale_ind,443,TRUE,0.416666666666667,0.4166666666666667,0.41666666666666663
tomorrows-europe-2007,pfemale_ind,427,TRUE,0.5,0.5,0.5
tomorrows-europe-2007,pfemale_ind,1615,TRUE,0.421052631578947,0.42105263157894735,0.42105263157894735
tomorrows-europe-2007,pfemale_ind,1199,TRUE,0.421052631578947,0.42105263157894735,0.42105263157894735
tomorrows-europe-2007,pfemale_ind,1109,TRUE,0.368421052631579,0.3684210526315789,0.3684210526315789
tomorrows-europe-2007,pfemale_ind,1227,TRUE,0.368421052631579,0.3684210526315789,0.3684210526315789
tomorrows-europe-2007,pfemale_ind,1140,TRUE,0.421052631578947,0.42105263157894735,0.42105263157894735
tomorrows-europe-2007,pfemale_ind,1173,TRUE,0.421052631578947,0.42105263157894735,0.42105263157894735
tomorrows-europe-2007,pfemale_ind,1660,TRUE,0.368421052631579,0.3684210526315789,0.3684210526315789
tomorrows-europe-2007,pfemale_ind,1656,TRUE,0.421052631578947,0.42105263157894735,0.42105263157894735
tomorrows-europe-2007,pfemale_ind,1694,TRUE,0.421052631578947,0.42105263157894735,0.42105263157894735
tomorrows-europe-2007,pfemale_ind,1665,TRUE,0.368421052631579,0.3684210526315789,0.3684210526315789
tomorrows-europe-2007,pfemale_ind,1693,TRUE,0.368421052631579,0.3684210526315789,0.3684210526315789
tomorrows-europe-2007,pfemale_ind,1585,TRUE,0.421052631578947,0.42105263157894735,0.42105263157894735
tomorrows-europe-2007,pfemale_ind,1357,TRUE,0.421052631578947,0.42105263157894735,0.42105263157894735
tomorrows-europe-2007,pfemale_ind,1522,TRUE,0.368421052631579,0.3684210526315789,0.3684210526315789
tomorrows-europe-2007,pfemale_ind,1452,TRUE,0.368421052631579,0.3684210526315789,0.3684210526315789
tomorrows-europe-2007,pfemale_ind,1604,TRUE,0.421052631578947,0.42105263157894735,0.42105263157894735
tomorrows-europe-2007,pfemale_ind,1558,TRUE,0.368421052631579,0.3684210526315789,0.3684210526315789
tomorrows-europe-2007,pfemale_ind,1130,TRUE,0.315789473684211,0.3157894736842105,0.3157894736842105
tomorrows-europe-2007,pfemale_ind,1143,TRUE,0.368421052631579,0.3684210526315789,0.3684210526315789
tomorrows-europe-2007,pfemale_ind,1157,TRUE,0.368421052631579,0.3684210526315789,0.3684210526315789
tomorrows-europe-2007,pfemale_ind,1214,TRUE,0.368421052631579,0.3684210526315789,0.3684210526315789
tomorrows-europe-2007,pfemale_ind,1208,TRUE,0.368421052631579,0.3684210526315789,0.3684210526315789
tomorrows-europe-2007,pfemale_ind,1034,TRUE,0.315789473684211,0.3157894736842105,0.3157894736842105
tomorrows-europe-2007,pfemale_ind,1067,TRUE,0.421052631578947,0.42105263157894735,0.42105263157894735
tomorrows-europe-2007,pfemale_ind,1689,TRUE,0.368421052631579,0.3684210526315789,0.3684210526315789
tomorrows-europe-2007,pfemale_ind,1644,TRUE,0.315789473684211,0.3157894736842105,0.3157894736842105
tomorrows-europe-2007,pfemale_ind,1683,TRUE,0.368421052631579,0.3684210526315789,0.3684210526315789
tomorrows-europe-2007,pfemale_ind,1691,TRUE,0.315789473684211,0.3157894736842105,0.3157894736842105
tomorrows-europe-2007,pfemale_ind,1688,TRUE,0.315789473684211,0.3157894736842105,0.3157894736842105
tomorrows-europe-2007,pfemale_ind,1458,TRUE,0.315789473684211,0.3157894736842105,0.3157894736842105
tomorrows-europe-2007,pfemale_ind,1502,TRUE,0.368421052631579,0.3684210526315789,0.3684210526315789
tomorrows-europe-2007,pfemale_ind,1460,TRUE,0.368421052631579,0.3684210526315789,0.3684210526315789
tomorrows-europe-2007,pfemale_ind,1562,TRUE,0.368421052631579,0.3684210526315789,0.3684210526315789
tomorrows-europe-2007,pfemale_ind,1517,TRUE,0.368421052631579,0.3684210526315789,0.3684210526315789
tomorrows-europe-2007,pfemale_ind,1525,TRUE,0.315789473684211,0.3157894736842105,0.3157894736842105
tomorrows-europe-2007,pfemale_ind,1453,TRUE,0.368421052631579,0.3684210526315789,0.3684210526315789
tomorrows-europe-2007,pfemale_ind,1370,TRUE,0.368421052631579,0.3684210526315789,0.3684210526315789
tomorrows-europe-2007,pfemale_ind,2527,TRUE,0.523809523809524,0.5238095238095238,0.5238095238095238
tomorrows-europe-2007,pfemale_ind,2568,TRUE,0.571428571428571,0.5714285714285714,0.5714285714285714
tomorrows-europe-2007,pfemale_ind,2579,TRUE,0.523809523809524,0.5238095238095238,0.5238095238095238
tomorrows-europe-2007,pfemale_ind,2512,TRUE,0.523809523809524,0.5238095238095238,0.5238095238095238
tomorrows-europe-2007,pfemale_ind,2537,TRUE,0.571428571428571,0.5714285714285714,0.5714285714285714
tomorrows-europe-2007,pfemale_ind,2557,TRUE,0.571428571428571,0.5714285714285714,0.5714285714285714
tomorrows-europe-2007,pfemale_ind,2500,TRUE,0.523809523809524,0.5238095238095238,0.5238095238095238
tomorrows-europe-2007,pfemale_ind,3365,TRUE,0.571428571428571,0.5714285714285714,0.5714285714285714
tomorrows-europe-2007,pfemale_ind,3447,TRUE,0.523809523809524,0.5238095238095238,0.5238095238095238
tomorrows-europe-2007,pfemale_ind,3523,TRUE,0.571428571428571,0.5714285714285714,0.5714285714285714
tomorrows-europe-2007,pfemale_ind,3173,TRUE,0.571428571428571,0.5714285714285714,0.5714285714285714
tomorrows-europe-2007,pfemale_ind,3203,TRUE,0.571428571428571,0.5714285714285714,0.5714285714285714
tomorrows-europe-2007,pfemale_ind,3229,TRUE,0.523809523809524,0.5238095238095238,0.5238095238095238
tomorrows-europe-2007,pfemale_ind,3205,TRUE,0.523809523809524,0.5238095238095238,0.5238095238095238
tomorrows-europe-2007,pfemale_ind,3202,TRUE,0.523809523809524,0.5238095238095238,0.5238095238095238
tomorrows-europe-2007,pfemale_ind,3247,TRUE,0.523809523809524,0.5238095238095238,0.5238095238095238
tomorrows-europe-2007,pfemale_ind,3221,TRUE,0.523809523809524,0.5238095238095238,0.5238095238095238
tomorrows-europe-2007,pfemale_ind,3236,TRUE,0.523809523809524,0.5238095238095238,0.5238095238095238
tomorrows-europe-2007,pfemale_ind,3170,TRUE,0.571428571428571,0.5714285714285714,0.5714285714285714
tomorrows-europe-2007,pfemale_ind,207,TRUE,0.571428571428571,0.5714285714285714,0.5714285714285714
tomorrows-europe-2007,pfemale_ind,191,TRUE,0.571428571428571,0.5714285714285714,0.5714285714285714
tomorrows-europe-2007,pfemale_ind,211,TRUE,0.523809523809524,0.5238095238095238,0.5238095238095238
tomorrows-europe-2007,pfemale_ind,2068,TRUE,0.45,0.45,0.45
tomorrows-europe-2007,pfemale_ind,1936,TRUE,0.45,0.45,0.45
tomorrows-europe-2007,pfemale_ind,2101,TRUE,0.5,0.5,0.5
tomorrows-europe-2007,pfemale_ind,2044,TRUE,0.45,0.45,0.45
tomorrows-europe-2007,pfemale_ind,1981,TRUE,0.45,0.45,0.45
tomorrows-europe-2007,pfemale_ind,1907,TRUE,0.5,0.5,0.5
tomorrows-europe-2007,pfemale_ind,1012,TRUE,0.45,0.45,0.45
tomorrows-europe-2007,pfemale_ind,1024,TRUE,0.5,0.5,0.5
tomorrows-europe-2007,pfemale_ind,1019,TRUE,0.45,0.45,0.45
tomorrows-europe-2007,pfemale_ind,966,TRUE,0.5,0.5,0.5
tomorrows-europe-2007,pfemale_ind,1026,TRUE,0.5,0.5,0.5
tomorrows-europe-2007,pfemale_ind,972,TRUE,0.5,0.5,0.5
tomorrows-europe-2007,pfemale_ind,1010,TRUE,0.45,0.45,0.45
tomorrows-europe-2007,pfemale_ind,960,TRUE,0.5,0.5,0.5
tomorrows-europe-2007,pfemale_ind,1004,TRUE,0.45,0.45,0.45
tomorrows-europe-2007,pfemale_ind,1904,TRUE,0.625,0.625,0.625
tomorrows-europe-2007,pfemale_ind,1884,TRUE,0.625,0.625,0.625
tomorrows-europe-2007,pfemale_ind,2170,TRUE,0.625,0.625,0.625
tomorrows-europe-2007,pfemale_ind,2103,TRUE,0.625,0.625,0.625
tomorrows-europe-2007,pfemale_ind,1871,TRUE,0.5625,0.5625,0.5625
tomorrows-europe-2007,pfemale_ind,2395,TRUE,0.5,0.5,0.5
tomorrows-europe-2007,pfemale_ind,1325,TRUE,0.55,0.55,0.55
tomorrows-europe-2007,pfemale_ind,1373,TRUE,0.55,0.55,0.55
tomorrows-europe-2007,pfemale_ind,1570,TRUE,0.55,0.55,0.55
tomorrows-europe-2007,pfemale_ind,1486,TRUE,0.5,0.5,0.5
tomorrows-europe-2007,pfemale_ind,1454,TRUE,0.55,0.55,0.55
tomorrows-europe-2007,pfemale_ind,1608,TRUE,0.55,0.55,0.55
tomorrows-europe-2007,pfemale_ind,1375,TRUE,0.55,0.55,0.55
tomorrows-europe-2007,pfemale_ind,3378,TRUE,0.466666666666667,0.4666666666666667,0.4666666666666666
tomorrows-europe-2007,pfemale_ind,3302,TRUE,0.421052631578947,0.42105263157894735,0.42105263157894735
tomorrows-europe-2007,pfemale_ind,3472,TRUE,0.421052631578947,0.42105263157894735,0.42105263157894735
tomorrows-europe-2007,pfemale_ind,3534,TRUE,0.421052631578947,0.42105263157894735,0.42105263157894735
tomorrows-europe-2007,pfemale_ind,3512,TRUE,0.368421052631579,0.3684210526315789,0.3684210526315789
tomorrows-europe-2007,pfemale_ind,1921,TRUE,0.421052631578947,0.42105263157894735,0.42105263157894735
tomorrows-europe-2007,pfemale_ind,2128,TRUE,0.421052631578947,0.42105263157894735,0.42105263157894735
tomorrows-europe-2007,pfemale_ind,1967,TRUE,0.421052631578947,0.42105263157894735,0.42105263157894735
tomorrows-europe-2007,pfemale_ind,1987,TRUE,0.368421052631579,0.3684210526315789,0.3684210526315789
tomorrows-europe-2007,pfemale_ind,2061,TRUE,0.368421052631579,0.3684210526315789,0.3684210526315789
tomorrows-europe-2007,pfemale_ind,1930,TRUE,0.421052631578947,0.42105263157894735,0.42105263157894735
tomorrows-europe-2007,pfemale_ind,2071,TRUE,0.421052631578947,0.42105263157894735,0.42105263157894735
tomorrows-europe-2007,pfemale_ind,2154,TRUE,0.421052631578947,0.42105263157894735,0.42105263157894735
tomorrows-europe-2007,pfemale_ind,259,TRUE,0.368421052631579,0.3684210526315789,0.3684210526315789
tomorrows-europe-2007,pfemale_ind,285,TRUE,0.421052631578947,0.42105263157894735,0.42105263157894735
tomorrows-europe-2007,pfemale_ind,282,TRUE,0.368421052631579,0.3684210526315789,0.3684210526315789
tomorrows-europe-2007,pfemale_ind,267,TRUE,0.368421052631579,0.3684210526315789,0.3684210526315789
tomorrows-europe-2007,pfemale_ind,263,TRUE,0.368421052631579,0.3684210526315789,0.3684210526315789
tomorrows-europe-2007,pfemale_ind,301,TRUE,0.421052631578947,0.42105263157894735,0.42105263157894735
tomorrows-europe-2007,pfemale_ind,250,TRUE,0.368421052631579,0.3684210526315789,0.3684210526315789
tomorrows-europe-2007,pfemale_ind,300,TRUE,0.421052631578947,0.42105263157894735,0.42105263157894735
tomorrows-europe-2007,pfemale_ind,543,TRUE,0.538461538461538,0.5384615384615384,0.5384615384615384
tomorrows-europe-2007,pfemale_ind,606,TRUE,0.538461538461538,0.5384615384615384,0.5384615384615384
tomorrows-europe-2007,pfemale_ind,495,TRUE,0.538461538461538,0.5384615384615384,0.5384615384615384
tomorrows-europe-2007,pfemale_ind,584,TRUE,0.538461538461538,0.5384615384615384,0.5384615384615384
tomorrows-europe-2007,pfemale_ind,630,TRUE,0.538461538461538,0.5384615384615384,0.5384615384615384
tomorrows-europe-2007,pfemale_ind,524,TRUE,0.461538461538462,0.4615384615384616,0.4615384615384615
tomorrows-europe-2007,pfemale_ind,663,TRUE,0.461538461538462,0.4615384615384616,0.4615384615384615
tomorrows-europe-2007,pfemale_ind,726,TRUE,0.461538461538462,0.4615384615384616,0.4615384615384615
cpl-1996,pfemale_ind,2910001,TRUE,0.5,0.5,0.5
cpl-1996,pfemale_ind,2910002,TRUE,0.571428571428571,0.5714285714285714,0.5714285714285714
cpl-1996,pfemale_ind,2910003,TRUE,0.666666666666667,0.6666666666666666,0.6666666666666666
cpl-1996,pfemale_ind,2910004,TRUE,0.583333333333333,0.5833333333333334,0.5833333333333334
cpl-1996,pfemale_ind,2910005,TRUE,0.571428571428571,0.5714285714285714,0.5714285714285714
cpl-1996,pfemale_ind,2910006,TRUE,0.416666666666667,0.4166666666666667,0.41666666666666663
cpl-1996,pfemale_ind,2910007,TRUE,0.571428571428571,0.5714285714285714,0.5714285714285714
cpl-1996,pfemale_ind,2910008,TRUE,0.363636363636364,0.3636363636363637,0.3636363636363637
cpl-1996,pfemale_ind,2910009,TRUE,0.466666666666667,0.4666666666666667,0.4666666666666667
cpl-1996,pfemale_ind,2910010,TRUE,0.538461538461538,0.5384615384615384,0.5384615384615384
cpl-1996,pfemale_ind,2910011,TRUE,0.416666666666667,0.4166666666666667,0.41666666666666663
cpl-1996,pfemale_ind,2910012,TRUE,0.636363636363636,0.6363636363636364,0.6363636363636364
cpl-1996,pfemale_ind,2910013,TRUE,0.615384615384615,0.6153846153846154,0.6153846153846154
cpl-1996,pfemale_ind,2910014,TRUE,0.571428571428571,0.5714285714285714,0.5714285714285714
cpl-1996,pfemale_ind,2910015,TRUE,0.5,0.5,0.5
cpl-1996,pfemale_ind,2910016,TRUE,0.416666666666667,0.4166666666666667,0.41666666666666663
cpl-1996,pfemale_ind,2910017,TRUE,0.636363636363636,0.6363636363636364,0.6363636363636364
cpl-1996,pfemale_ind,2910018,TRUE,0.5,0.5,0.5
cpl-1996,pfemale_ind,2910019,TRUE,0.6,0.6,0.6
cpl-1996,pfemale_ind,2910020,TRUE,0.416666666666667,0.4166666666666667,0.41666666666666663
cpl-1996,pfemale_ind,2910021,TRUE,0.416666666666667,0.4166666666666667,0.41666666666666663
cpl-1996,pfemale_ind,2910022,TRUE,0.636363636363636,0.6363636363636364,0.6363636363636364
cpl-1996,pfemale_ind,2910023,TRUE,0.636363636363636,0.6363636363636364,0.6363636363636364
cpl-1996,pfemale_ind,2910024,TRUE,0.636363636363636,0.6363636363636364,0.6363636363636364
cpl-1996,pfemale_ind,2910025,TRUE,0.75,0.75,0.75
cpl-1996,pfemale_ind,2910026,TRUE,0.538461538461538,0.5384615384615384,0.5384615384615384
cpl-1996,pfemale_ind,2910027,TRUE,0.636363636363636,0.6363636363636364,0.6363636363636364
cpl-1996,pfemale_ind,2910028,TRUE,0.5,0.5,0.5
cpl-1996,pfemale_ind,2910029,TRUE,0.5,0.5,0.5
cpl-1996,pfemale_ind,2910030,TRUE,0.5,0.5,0.5
cpl-1996,pfemale_ind,2910031,TRUE,0.3,0.3,0.3
cpl-1996,pfemale_ind,2910032,TRUE,0.416666666666667,0.4166666666666667,0.41666666666666663
cpl-1996,pfemale_ind,2910033,TRUE,0.416666666666667,0.4166666666666667,0.41666666666666663
cpl-1996,pfemale_ind,2910034,TRUE,0.416666666666667,0.4166666666666667,0.41666666666666663
cpl-1996,pfemale_ind,2910035,TRUE,0.571428571428571,0.5714285714285714,0.5714285714285714
cpl-1996,pfemale_ind,2910036,TRUE,0.538461538461538,0.5384615384615384,0.5384615384615384
cpl-1996,pfemale_ind,2910037,TRUE,0.636363636363636,0.6363636363636364,0.6363636363636364
cpl-1996,pfemale_ind,2910038,TRUE,0.6,0.6,0.6
cpl-1996,pfemale_ind,2910039,TRUE,0.75,0.75,0.75
cpl-1996,pfemale_ind,2910040,TRUE,0.333333333333333,0.3333333333333333,0.33333333333333337
cpl-1996,pfemale_ind,2910041,TRUE,0.533333333333333,0.5333333333333333,0.5333333333333333
cpl-1996,pfemale_ind,2910042,TRUE,0.3,0.3,0.3
cpl-1996,pfemale_ind,2910043,TRUE,0.545454545454545,0.5454545454545454,0.5454545454545454
cpl-1996,pfemale_ind,2910044,TRUE,0.454545454545455,0.4545454545454546,0.4545454545454546
cpl-1996,pfemale_ind,2910045,TRUE,0.6,0.6,0.6
cpl-1996,pfemale_ind,2910046,TRUE,0.636363636363636,0.6363636363636364,0.6363636363636364
cpl-1996,pfemale_ind,2910047,TRUE,0.583333333333333,0.5833333333333334,0.5833333333333334
cpl-1996,pfemale_ind,2910048,TRUE,0.5,0.5,0.5
cpl-1996,pfemale_ind,2910049,TRUE,0.6,0.6,0.6
cpl-1996,pfemale_ind,2910050,TRUE,0.615384615384615,0.6153846153846154,0.6153846153846154
cpl-1996,pfemale_ind,2910051,TRUE,0.533333333333333,0.5333333333333333,0.5333333333333333
cpl-1996,pfemale_ind,2910052,TRUE,0.5,0.5,0.5
cpl-1996,pfemale_ind,2910053,TRUE,0.6,0.6,0.6
cpl-1996,pfemale_ind,2910054,TRUE,0.6,0.6,0.6
cpl-1996,pfemale_ind,2910055,TRUE,0.333333333333333,0.3333333333333333,0.33333333333333337
cpl-1996,pfemale_ind,2910056,TRUE,0.727272727272727,0.7272727272727273,0.7272727272727273
cpl-1996,pfemale_ind,2910057,TRUE,0.545454545454545,0.5454545454545454,0.5454545454545454
cpl-1996,pfemale_ind,2910058,TRUE,0.545454545454545,0.5454545454545454,0.5454545454545454
cpl-1996,pfemale_ind,2910059,TRUE,0.833333333333333,0.8333333333333334,0.8333333333333334
cpl-1996,pfemale_ind,2910060,TRUE,0.533333333333333,0.5333333333333333,0.5333333333333333
cpl-1996,pfemale_ind,2910061,TRUE,0.571428571428571,0.5714285714285714,0.5714285714285714
cpl-1996,pfemale_ind,2910062,TRUE,0.6,0.6,0.6
cpl-1996,pfemale_ind,2910063,TRUE,0.615384615384615,0.6153846153846154,0.6153846153846154
cpl-1996,pfemale_ind,2910064,TRUE,0.5,0.5,0.5
cpl-1996,pfemale_ind,2910065,TRUE,0.666666666666667,0.6666666666666666,0.6666666666666666
cpl-1996,pfemale_ind,2910066,TRUE,0.416666666666667,0.4166666666666667,0.41666666666666663
cpl-1996,pfemale_ind,2910067,TRUE,0.533333333333333,0.5333333333333333,0.5333333333333333
cpl-1996,pfemale_ind,2910068,TRUE,0.636363636363636,0.6363636363636364,0.6363636363636364
cpl-1996,pfemale_ind,2910069,TRUE,0.571428571428571,0.5714285714285714,0.5714285714285714
cpl-1996,pfemale_ind,2910070,TRUE,0.6,0.6,0.6
cpl-1996,pfemale_ind,2910071,TRUE,0.533333333333333,0.5333333333333333,0.5333333333333333
cpl-1996,pfemale_ind,2910072,TRUE,0.727272727272727,0.7272727272727273,0.7272727272727273
cpl-1996,pfemale_ind,2910073,TRUE,0.333333333333333,0.3333333333333333,0.33333333333333337
cpl-1996,pfemale_ind,2910074,TRUE,0.5,0.5,0.5
cpl-1996,pfemale_ind,2910075,TRUE,0.5,0.5,0.5
cpl-1996,pfemale_ind,2910076,TRUE,0.571428571428571,0.5714285714285714,0.5714285714285714
cpl-1996,pfemale_ind,2910077,TRUE,0.466666666666667,0.4666666666666667,0.4666666666666667
cpl-1996,pfemale_ind,2910078,TRUE,0.6,0.6,0.6
cpl-1996,pfemale_ind,2910079,TRUE,0.533333333333333,0.5333333333333333,0.5333333333333333
cpl-1996,pfemale_ind,2910080,TRUE,0.3,0.3,0.3
cpl-1996,pfemale_ind,2910081,TRUE,0.545454545454545,0.5454545454545454,0.5454545454545454
cpl-1996,pfemale_ind,2910082,TRUE,0.615384615384615,0.6153846153846154,0.6153846153846154
cpl-1996,pfemale_ind,2910083,TRUE,0.545454545454545,0.5454545454545454,0.5454545454545454
cpl-1996,pfemale_ind,2910084,TRUE,0.5,0.5,0.5
cpl-1996,pfemale_ind,2910085,TRUE,0.545454545454545,0.5454545454545454,0.5454545454545454
cpl-1996,pfemale_ind,2910086,TRUE,0.363636363636364,0.3636363636363637,0.3636363636363637
cpl-1996,pfemale_ind,2910087,TRUE,0.571428571428571,0.5714285714285714,0.5714285714285714
cpl-1996,pfemale_ind,2910088,TRUE,0.636363636363636,0.6363636363636364,0.6363636363636364
cpl-1996,pfemale_ind,2910089,TRUE,0.571428571428571,0.5714285714285714,0.5714285714285714
cpl-1996,pfemale_ind,2910090,TRUE,0.75,0.75,0.75
cpl-1996,pfemale_ind,2910091,TRUE,0.666666666666667,0.6666666666666666,0.6666666666666666
cpl-1996,pfemale_ind,2910092,TRUE,0.416666666666667,0.4166666666666667,0.41666666666666663
cpl-1996,pfemale_ind,2910093,TRUE,0.533333333333333,0.5333333333333333,0.5333333333333333
cpl-1996,pfemale_ind,2910094,TRUE,0.3,0.3,0.3
cpl-1996,pfemale_ind,2910095,TRUE,0.333333333333333,0.3333333333333333,0.33333333333333337
cpl-1996,pfemale_ind,2910096,TRUE,0.636363636363636,0.6363636363636364,0.6363636363636364
cpl-1996,pfemale_ind,2910097,TRUE,0.533333333333333,0.5333333333333333,0.5333333333333333
cpl-1996,pfemale_ind,2910098,TRUE,0.538461538461538,0.5384615384615384,0.5384615384615384
cpl-1996,pfemale_ind,2910099,TRUE,0.6,0.6,0.6
cpl-1996,pfemale_ind,2910100,TRUE,0.466666666666667,0.4666666666666667,0.4666666666666667
cpl-1996,pfemale_ind,2910101,TRUE,0.466666666666667,0.4666666666666667,0.4666666666666667
cpl-1996,pfemale_ind,2910102,TRUE,0.545454545454545,0.5454545454545454,0.5454545454545454
cpl-1996,pfemale_ind,2910103,TRUE,0.6,0.6,0.6
cpl-1996,pfemale_ind,2910104,TRUE,0.6,0.6,0.6
cpl-1996,pfemale_ind,2910105,TRUE,0.666666666666667,0.6666666666666666,0.6666666666666666
cpl-1996,pfemale_ind,2910106,TRUE,0.6,0.6,0.6
cpl-1996,pfemale_ind,2910107,TRUE,0.666666666666667,0.6666666666666666,0.6666666666666666
cpl-1996,pfemale_ind,2910108,TRUE,0.416666666666667,0.4166666666666667,0.41666666666666663
cpl-1996,pfemale_ind,2910109,TRUE,0.636363636363636,0.6363636363636364,0.6363636363636364
cpl-1996,pfemale_ind,2910110,TRUE,0.571428571428571,0.5714285714285714,0.5714285714285714
cpl-1996,pfemale_ind,2910111,TRUE,0.2,0.2,0.20000000000000004
cpl-1996,pfemale_ind,2910112,TRUE,0.615384615384615,0.6153846153846154,0.6153846153846154
cpl-1996,pfemale_ind,2910113,TRUE,0.416666666666667,0.4166666666666667,0.41666666666666663
cpl-1996,pfemale_ind,2910114,TRUE,0.538461538461538,0.5384615384615384,0.5384615384615384
cpl-1996,pfemale_ind,2910115,TRUE,0.538461538461538,0.5384615384615384,0.5384615384615384
cpl-1996,pfemale_ind,2910116,TRUE,0.571428571428571,0.5714285714285714,0.5714285714285714
cpl-1996,pfemale_ind,2910117,TRUE,0.533333333333333,0.5333333333333333,0.5333333333333333
cpl-1996,pfemale_ind,2910118,TRUE,0.583333333333333,0.5833333333333334,0.5833333333333334
cpl-1996,pfemale_ind,2910119,TRUE,0.571428571428571,0.5714285714285714,0.5714285714285714
cpl-1996,pfemale_ind,2910120,TRUE,0.533333333333333,0.5333333333333333,0.5333333333333333
cpl-1996,pfemale_ind,2910121,TRUE,0.533333333333333,0.5333333333333333,0.5333333333333333
cpl-1996,pfemale_ind,2910122,TRUE,0.466666666666667,0.4666666666666667,0.4666666666666667
cpl-1996,pfemale_ind,2910123,TRUE,0.416666666666667,0.4166666666666667,0.41666666666666663
cpl-1996,pfemale_ind,2910124,TRUE,0.416666666666667,0.4166666666666667,0.41666666666666663
cpl-1996,pfemale_ind,2910125,TRUE,0.454545454545455,0.4545454545454546,0.4545454545454546
cpl-1996,pfemale_ind,2910126,TRUE,0.75,0.75,0.75
cpl-1996,pfemale_ind,2910127,TRUE,0.6,0.6,0.6
cpl-1996,pfemale_ind,2910128,TRUE,0.3,0.3,0.3
cpl-1996,pfemale_ind,2910129,TRUE,0.583333333333333,0.5833333333333334,0.5833333333333334
cpl-1996,pfemale_ind,2910130,TRUE,0.75,0.75,0.75
cpl-1996,pfemale_ind,2910131,TRUE,0.333333333333333,0.3333333333333333,0.33333333333333337
cpl-1996,pfemale_ind,2910132,TRUE,0.636363636363636,0.6363636363636364,0.6363636363636364
cpl-1996,pfemale_ind,2910133,TRUE,0.5,0.5,0.5
cpl-1996,pfemale_ind,2910134,TRUE,0.454545454545455,0.4545454545454546,0.4545454545454546
cpl-1996,pfemale_ind,2910135,TRUE,0.75,0.75,0.75
cpl-1996,pfemale_ind,2910136,TRUE,0.5,0.5,0.5
cpl-1996,pfemale_ind,2910137,TRUE,0.636363636363636,0.6363636363636364,0.6363636363636364
cpl-1996,pfemale_ind,2910138,TRUE,0.3,0.3,0.3
cpl-1996,pfemale_ind,2910139,TRUE,0.333333333333333,0.3333333333333333,0.33333333333333337
cpl-1996,pfemale_ind,2910140,TRUE,0.5,0.5,0.5
cpl-1996,pfemale_ind,2910141,TRUE,0.538461538461538,0.5384615384615384,0.5384615384615384
cpl-1996,pfemale_ind,2910142,TRUE,0.5,0.5,0.5
cpl-1996,pfemale_ind,2910143,TRUE,0.75,0.75,0.75
cpl-1996,pfemale_ind,2910144,TRUE,0.6,0.6,0.6
cpl-1996,pfemale_ind,2910145,TRUE,0.533333333333333,0.5333333333333333,0.5333333333333333
cpl-1996,pfemale_ind,2910146,TRUE,0.75,0.75,0.75
cpl-1996,pfemale_ind,2910147,TRUE,0.75,0.75,0.75
cpl-1996,pfemale_ind,2910148,TRUE,0.416666666666667,0.4166666666666667,0.41666666666666663
cpl-1996,pfemale_ind,2910149,TRUE,0.416666666666667,0.4166666666666667,0.41666666666666663
cpl-1996,pfemale_ind,2910150,TRUE,0.454545454545455,0.4545454545454546,0.4545454545454546
cpl-1996,pfemale_ind,2910151,TRUE,0.5,0.5,0.5
cpl-1996,pfemale_ind,2910152,TRUE,0.571428571428571,0.5714285714285714,0.5714285714285714
cpl-1996,pfemale_ind,2910153,TRUE,0.5,0.5,0.5
cpl-1996,pfemale_ind,2910154,TRUE,0.3,0.3,0.3
cpl-1996,pfemale_ind,2910155,TRUE,0.363636363636364,0.3636363636363637,0.3636363636363637
cpl-1996,pfemale_ind,2910156,TRUE,0.5,0.5,0.5
cpl-1996,pfemale_ind,2910157,TRUE,0.333333333333333,0.3333333333333333,0.33333333333333337
cpl-1996,pfemale_ind,2910158,TRUE,0.454545454545455,0.4545454545454546,0.4545454545454546
cpl-1996,pfemale_ind,2910159,TRUE,0.636363636363636,0.6363636363636364,0.6363636363636364
cpl-1996,pfemale_ind,2910160,TRUE,0.5,0.5,0.5
cpl-1996,pfemale_ind,2910161,TRUE,0.454545454545455,0.4545454545454546,0.4545454545454546
cpl-1996,pfemale_ind,2910162,TRUE,0.466666666666667,0.4666666666666667,0.4666666666666667
cpl-1996,pfemale_ind,2910163,TRUE,0.2,0.2,0.2
cpl-1996,pfemale_ind,2910164,TRUE,0.545454545454545,0.5454545454545454,0.5454545454545454
cpl-1996,pfemale_ind,2910165,TRUE,0.416666666666667,0.4166666666666667,0.41666666666666663
cpl-1996,pfemale_ind,2910166,TRUE,0.545454545454545,0.5454545454545454,0.5454545454545454
cpl-1996,pfemale_ind,2910167,TRUE,0.545454545454545,0.5454545454545454,0.5454545454545454
cpl-1996,pfemale_ind,2910168,TRUE,0.583333333333333,0.5833333333333334,0.5833333333333334
cpl-1996,pfemale_ind,2910169,TRUE,0.5,0.5,0.5
cpl-1996,pfemale_ind,2910170,TRUE,0.6,0.6,0.6
cpl-1996,pfemale_ind,2910171,TRUE,0.466666666666667,0.4666666666666667,0.4666666666666667
cpl-1996,pfemale_ind,2910172,TRUE,0.533333333333333,0.5333333333333333,0.5333333333333333
cpl-1996,pfemale_ind,2910173,TRUE,0.466666666666667,0.4666666666666667,0.4666666666666667
cpl-1996,pfemale_ind,2910174,TRUE,0.333333333333333,0.3333333333333333,0.33333333333333337
cpl-1996,pfemale_ind,2910175,TRUE,0.583333333333333,0.5833333333333334,0.5833333333333334
cpl-1996,pfemale_ind,2910176,TRUE,0.727272727272727,0.7272727272727273,0.7272727272727273
cpl-1996,pfemale_ind,2910177,TRUE,0.5,0.5,0.5
cpl-1996,pfemale_ind,2910178,TRUE,0.363636363636364,0.3636363636363637,0.3636363636363637
cpl-1996,pfemale_ind,2910179,TRUE,0.2,0.2,0.2
cpl-1996,pfemale_ind,2910180,TRUE,0.5,0.5,0.5
cpl-1996,pfemale_ind,2910181,TRUE,0.727272727272727,0.7272727272727273,0.7272727272727273
cpl-1996,pfemale_ind,2910182,TRUE,0.833333333333333,0.8333333333333334,0.8333333333333334
cpl-1996,pfemale_ind,2910183,TRUE,0.3,0.3,0.3
cpl-1996,pfemale_ind,2910184,TRUE,0.545454545454545,0.5454545454545454,0.5454545454545454
cpl-1996,pfemale_ind,2910185,TRUE,0.5,0.5,0.5
cpl-1996,pfemale_ind,2910186,TRUE,0.416666666666667,0.4166666666666667,0.41666666666666663
cpl-1996,pfemale_ind,2910187,TRUE,0.545454545454545,0.5454545454545454,0.5454545454545454
cpl-1996,pfemale_ind,2910188,TRUE,0.5,0.5,0.5
cpl-1996,pfemale_ind,2910189,TRUE,0.6,0.6,0.6
cpl-1996,pfemale_ind,2910190,TRUE,0.5,0.5,0.5
cpl-1996,pfemale_ind,2910191,TRUE,0.545454545454545,0.5454545454545454,0.5454545454545454
cpl-1996,pfemale_ind,2910192,TRUE,0.533333333333333,0.5333333333333333,0.5333333333333333
cpl-1996,pfemale_ind,2910193,TRUE,0.333333333333333,0.3333333333333333,0.33333333333333337
cpl-1996,pfemale_ind,2910194,TRUE,0.533333333333333,0.5333333333333333,0.5333333333333333
cpl-1996,pfemale_ind,2910195,TRUE,0.538461538461538,0.5384615384615384,0.5384615384615384
cpl-1996,pfemale_ind,2910196,TRUE,0.666666666666667,0.6666666666666666,0.6666666666666666
cpl-1996,pfemale_ind,2910197,TRUE,0.533333333333333,0.5333333333333333,0.5333333333333333
cpl-1996,pfemale_ind,2910198,TRUE,0.5,0.5,0.5
cpl-1996,pfemale_ind,2910199,TRUE,0.416666666666667,0.4166666666666667,0.41666666666666663
cpl-1996,pfemale_ind,2910200,TRUE,0.333333333333333,0.3333333333333333,0.33333333333333337
cpl-1996,pfemale_ind,2910201,TRUE,0.636363636363636,0.6363636363636364,0.6363636363636364
cpl-1996,pfemale_ind,2910202,TRUE,0.545454545454545,0.5454545454545454,0.5454545454545454
cpl-1996,pfemale_ind,2910203,TRUE,0.416666666666667,0.4166666666666667,0.41666666666666663
cpl-1996,pfemale_ind,2910204,TRUE,0.533333333333333,0.5333333333333333,0.5333333333333333
cpl-1996,pfemale_ind,2910205,TRUE,0.416666666666667,0.4166666666666667,0.41666666666666663
cpl-1996,pfemale_ind,2910206,TRUE,0.636363636363636,0.6363636363636364,0.6363636363636364
cpl-1996,pfemale_ind,2910207,TRUE,0.833333333333333,0.8333333333333334,0.8333333333333334
cpl-1996,pfemale_ind,2910208,TRUE,0.615384615384615,0.6153846153846154,0.6153846153846154
cpl-1996,pfemale_ind,2910209,TRUE,0.416666666666667,0.4166666666666667,0.41666666666666663
cpl-1996,pfemale_ind,2910210,TRUE,0.636363636363636,0.6363636363636364,0.6363636363636364
cpl-1996,pfemale_ind,2910211,TRUE,0.5,0.5,0.5
cpl-1996,pfemale_ind,2910212,TRUE,0.75,0.75,0.75
cpl-1996,pfemale_ind,2910213,TRUE,0.454545454545455,0.4545454545454546,0.4545454545454546
cpl-1996,pfemale_ind,2910214,TRUE,0.5,0.5,0.5
cpl-1996,pfemale_ind,2910215,TRUE,0.5,0.5,0.5
cpl-1996,pfemale_ind,2910216,TRUE,0.363636363636364,0.3636363636363637,0.3636363636363637
zeguo-2005,pfemale_ind,52015,TRUE,0.214285714285714,0.21428571428571433,0.21428571428571427
zeguo-2005,pfemale_ind,52026,TRUE,0.535714285714286,0.5357142857142857,0.5384615384615384
zeguo-2005,pfemale_ind,52262,TRUE,NA,NA,0.20000000000000004
zeguo-2005,pfemale_ind,52040,TRUE,0.3,0.3,0.3
zeguo-2005,pfemale_ind,52039,TRUE,0.203125,0.203125,0.2
zeguo-2005,pfemale_ind,52243,TRUE,0.426666666666667,0.4266666666666667,0.42857142857142855
zeguo-2005,pfemale_ind,52003,TRUE,0.214285714285714,0.21428571428571433,0.21428571428571427
zeguo-2005,pfemale_ind,52258,TRUE,0.285714285714286,0.28571428571428575,0.28571428571428575
zeguo-2005,pfemale_ind,52012,TRUE,0.733333333333333,0.7333333333333333,0.7333333333333333
zeguo-2005,pfemale_ind,52032,TRUE,0.3,0.3,0.3
zeguo-2005,pfemale_ind,52021,TRUE,0.428571428571429,0.42857142857142855,0.42857142857142855
zeguo-2005,pfemale_ind,52264,TRUE,0.357142857142857,0.3571428571428572,0.3571428571428571
zeguo-2005,pfemale_ind,52257,TRUE,0.214285714285714,0.21428571428571433,0.21428571428571427
zeguo-2005,pfemale_ind,52247,TRUE,0.666666666666667,0.6666666666666666,0.6666666666666666
zeguo-2005,pfemale_ind,52042,TRUE,0.285714285714286,0.28571428571428575,0.28571428571428575
zeguo-2005,pfemale_ind,52249,TRUE,0.357142857142857,0.3571428571428572,0.3571428571428571
zeguo-2005,pfemale_ind,52263,TRUE,0.666666666666667,0.6666666666666666,0.6666666666666666
zeguo-2005,pfemale_ind,52256,TRUE,0.426666666666667,0.4266666666666667,0.42857142857142855
zeguo-2005,pfemale_ind,52248,TRUE,0.464285714285714,0.4642857142857143,0.4615384615384615
zeguo-2005,pfemale_ind,52255,TRUE,0.285714285714286,0.2857142857142857,0.2857142857142857
zeguo-2005,pfemale_ind,52261,TRUE,0.3,0.3,0.3
zeguo-2005,pfemale_ind,52043,TRUE,0.214285714285714,0.21428571428571433,0.21428571428571427
zeguo-2005,pfemale_ind,52045,TRUE,0.733333333333333,0.7333333333333333,0.7333333333333333
zeguo-2005,pfemale_ind,52020,TRUE,0.461538461538462,0.4615384615384616,0.4615384615384615
zeguo-2005,pfemale_ind,52034,TRUE,0.138888888888889,0.1388888888888889,0.14285714285714288
zeguo-2005,pfemale_ind,52004,TRUE,0.265625,0.265625,0.26666666666666666
zeguo-2005,pfemale_ind,52016,TRUE,0.284444444444444,0.2844444444444445,0.28571428571428575
zeguo-2005,pfemale_ind,52267,TRUE,NA,NA,0.5
zeguo-2005,pfemale_ind,52005,TRUE,0.384615384615385,0.38461538461538464,0.38461538461538464
zeguo-2005,pfemale_ind,52018,TRUE,0.428571428571429,0.42857142857142855,0.42857142857142855
zeguo-2005,pfemale_ind,52027,TRUE,0.127272727272727,0.12727272727272732,0.1111111111111111
zeguo-2005,pfemale_ind,52010,TRUE,0.461538461538462,0.4615384615384616,0.4615384615384615
zeguo-2005,pfemale_ind,52041,TRUE,0.284444444444444,0.2844444444444445,0.28571428571428575
zeguo-2005,pfemale_ind,52251,TRUE,0.218181818181818,0.21818181818181823,0.2222222222222222
zeguo-2005,pfemale_ind,52037,TRUE,0.218181818181818,0.21818181818181823,0.2222222222222222
zeguo-2005,pfemale_ind,52002,TRUE,0.2,0.2,0.2
zeguo-2005,pfemale_ind,52028,TRUE,0.2,0.2,0.2
zeguo-2005,pfemale_ind,52006,TRUE,0.428571428571429,0.42857142857142855,0.42857142857142855
zeguo-2005,pfemale_ind,52017,TRUE,0.333333333333333,0.3333333333333333,0.33333333333333337
zeguo-2005,pfemale_ind,52025,TRUE,0.666666666666667,0.6666666666666666,0.6666666666666666
zeguo-2005,pfemale_ind,52033,TRUE,0.3,0.3,0.3
zeguo-2005,pfemale_ind,52242,TRUE,0.285714285714286,0.2857142857142857,0.2857142857142857
zeguo-2005,pfemale_ind,52250,TRUE,0.538461538461538,0.5384615384615384,0.5384615384615384
zeguo-2005,pfemale_ind,52260,TRUE,0.138888888888889,0.1388888888888889,0.14285714285714288
zeguo-2005,pfemale_ind,52009,TRUE,0.2,0.2,0.2
zeguo-2005,pfemale_ind,52019,TRUE,0.285714285714286,0.2857142857142857,0.2857142857142857
zeguo-2005,pfemale_ind,52035,TRUE,0.461538461538462,0.4615384615384616,0.4615384615384615
zeguo-2005,pfemale_ind,52252,TRUE,0.265625,0.265625,0.26666666666666666
zeguo-2005,pfemale_ind,52022,TRUE,0.214285714285714,0.21428571428571433,0.21428571428571427
zeguo-2005,pfemale_ind,52030,TRUE,0.284444444444444,0.2844444444444445,0.28571428571428575
zeguo-2005,pfemale_ind,52038,TRUE,0.127272727272727,0.12727272727272732,0.11111111111111108
zeguo-2005,pfemale_ind,52253,TRUE,0.357142857142857,0.3571428571428572,0.3571428571428571
zeguo-2005,pfemale_ind,52007,TRUE,0.384615384615385,0.38461538461538464,0.38461538461538464
zeguo-2005,pfemale_ind,52013,TRUE,0.426666666666667,0.4266666666666667,0.42857142857142855
zeguo-2005,pfemale_ind,52001,TRUE,0.384615384615385,0.38461538461538464,0.38461538461538464
zeguo-2005,pfemale_ind,52008,TRUE,0.666666666666667,0.6666666666666666,0.6666666666666666
zeguo-2005,pfemale_ind,52011,TRUE,0.426666666666667,0.4266666666666667,0.42857142857142855
zeguo-2005,pfemale_ind,52268,TRUE,0.138888888888889,0.1388888888888889,0.14285714285714288
zeguo-2005,pfemale_ind,52147,TRUE,0.265625,0.265625,0.26666666666666666
zeguo-2005,pfemale_ind,52194,TRUE,0.666666666666667,0.6666666666666666,0.6666666666666666
zeguo-2005,pfemale_ind,52197,TRUE,0.357142857142857,0.35714285714285715,0.3571428571428571
zeguo-2005,pfemale_ind,52208,TRUE,0.333333333333333,0.3333333333333333,0.33333333333333337
zeguo-2005,pfemale_ind,52195,TRUE,0.266666666666667,0.26666666666666666,0.2666666666666667
zeguo-2005,pfemale_ind,52186,TRUE,0.265625,0.265625,0.26666666666666666
zeguo-2005,pfemale_ind,52204,TRUE,0.285714285714286,0.28571428571428575,0.2857142857142857
zeguo-2005,pfemale_ind,52156,TRUE,0.535714285714286,0.5357142857142857,0.5384615384615384
zeguo-2005,pfemale_ind,52096,TRUE,0.265625,0.265625,0.26666666666666666
zeguo-2005,pfemale_ind,52201,TRUE,0.36,0.36000000000000004,0.3571428571428571
zeguo-2005,pfemale_ind,52188,TRUE,0.284444444444444,0.2844444444444445,0.28571428571428575
zeguo-2005,pfemale_ind,52183,TRUE,0.464285714285714,0.4642857142857143,0.4615384615384615
zeguo-2005,pfemale_ind,52207,TRUE,0.266666666666667,0.26666666666666666,0.2666666666666667
zeguo-2005,pfemale_ind,52189,TRUE,0.461538461538462,0.4615384615384616,0.4615384615384615
zeguo-2005,pfemale_ind,52210,TRUE,0.3,0.3,0.3
zeguo-2005,pfemale_ind,52172,TRUE,0.266666666666667,0.26666666666666666,0.2666666666666667
zeguo-2005,pfemale_ind,52206,TRUE,0.265625,0.265625,0.26666666666666666
zeguo-2005,pfemale_ind,52184,TRUE,0.265625,0.265625,0.26666666666666666
zeguo-2005,pfemale_ind,52203,TRUE,0.285714285714286,0.28571428571428575,0.2857142857142857
zeguo-2005,pfemale_ind,52192,TRUE,0.538461538461538,0.5384615384615384,0.5384615384615384
zeguo-2005,pfemale_ind,52202,TRUE,0.538461538461538,0.5384615384615384,0.5384615384615384
zeguo-2005,pfemale_ind,52198,TRUE,0.266666666666667,0.26666666666666666,0.2666666666666667
zeguo-2005,pfemale_ind,52190,TRUE,0.203125,0.203125,0.2
zeguo-2005,pfemale_ind,52200,TRUE,0.384615384615385,0.38461538461538464,0.38461538461538464
zeguo-2005,pfemale_ind,52199,TRUE,0.214285714285714,0.21428571428571427,0.2142857142857143
zeguo-2005,pfemale_ind,52205,TRUE,0.357142857142857,0.3571428571428572,0.3571428571428571
zeguo-2005,pfemale_ind,52187,TRUE,0.535714285714286,0.5357142857142857,0.5384615384615384
zeguo-2005,pfemale_ind,52196,TRUE,0.266666666666667,0.26666666666666666,0.2666666666666667
zeguo-2005,pfemale_ind,52209,TRUE,0.2,0.2,0.20000000000000004
zeguo-2005,pfemale_ind,52185,TRUE,0.535714285714286,0.5357142857142857,0.5384615384615384
zeguo-2005,pfemale_ind,52193,TRUE,0.266666666666667,0.26666666666666666,0.2666666666666667
zeguo-2005,pfemale_ind,52229,TRUE,0.461538461538462,0.4615384615384616,0.4615384615384616
zeguo-2005,pfemale_ind,52180,TRUE,0.218181818181818,0.21818181818181823,0.2222222222222222
zeguo-2005,pfemale_ind,52077,TRUE,0.357142857142857,0.35714285714285715,0.3571428571428571
zeguo-2005,pfemale_ind,52072,TRUE,0.266666666666667,0.26666666666666666,0.2666666666666667
zeguo-2005,pfemale_ind,52165,TRUE,0.285714285714286,0.28571428571428575,0.28571428571428575
zeguo-2005,pfemale_ind,52076,TRUE,0.333333333333333,0.3333333333333333,0.33333333333333337
zeguo-2005,pfemale_ind,52121,TRUE,0.36,0.36000000000000004,0.3571428571428571
zeguo-2005,pfemale_ind,52226,TRUE,NA,NA,0.125
zeguo-2005,pfemale_ind,52142,TRUE,0.461538461538462,0.4615384615384616,0.4615384615384615
zeguo-2005,pfemale_ind,52160,TRUE,0.284444444444444,0.2844444444444445,0.28571428571428575
zeguo-2005,pfemale_ind,52149,TRUE,0.266666666666667,0.26666666666666666,0.2666666666666667
zeguo-2005,pfemale_ind,52111,TRUE,0.461538461538462,0.4615384615384616,0.4615384615384615
zeguo-2005,pfemale_ind,52236,TRUE,NA,NA,0.2666666666666667
zeguo-2005,pfemale_ind,52239,TRUE,0.214285714285714,0.21428571428571433,0.21428571428571427
zeguo-2005,pfemale_ind,52075,TRUE,0.733333333333333,0.7333333333333333,0.7333333333333333
zeguo-2005,pfemale_ind,52110,TRUE,0.203125,0.203125,0.2
zeguo-2005,pfemale_ind,52177,TRUE,0.214285714285714,0.21428571428571433,0.21428571428571427
zeguo-2005,pfemale_ind,52060,TRUE,0.284444444444444,0.2844444444444445,0.28571428571428575
zeguo-2005,pfemale_ind,52126,TRUE,0.266666666666667,0.26666666666666666,0.2666666666666667
zeguo-2005,pfemale_ind,52093,TRUE,0.265625,0.265625,0.2666666666666667
zeguo-2005,pfemale_ind,52083,TRUE,0.428571428571429,0.42857142857142855,0.42857142857142855
zeguo-2005,pfemale_ind,52176,TRUE,NA,NA,0.25
zeguo-2005,pfemale_ind,52106,TRUE,0.285714285714286,0.2857142857142857,0.2857142857142857
zeguo-2005,pfemale_ind,52125,TRUE,0.461538461538462,0.4615384615384616,0.4615384615384615
zeguo-2005,pfemale_ind,52157,TRUE,0.285714285714286,0.2857142857142857,0.2857142857142857
zeguo-2005,pfemale_ind,52129,TRUE,0.333333333333333,0.3333333333333333,0.33333333333333337
zeguo-2005,pfemale_ind,52052,TRUE,0.357142857142857,0.3571428571428572,0.3571428571428571
zeguo-2005,pfemale_ind,52086,TRUE,0.284444444444444,0.2844444444444445,0.28571428571428575
zeguo-2005,pfemale_ind,52079,TRUE,0.333333333333333,0.3333333333333333,0.33333333333333337
zeguo-2005,pfemale_ind,52154,TRUE,0.357142857142857,0.35714285714285715,0.3571428571428571
zeguo-2005,pfemale_ind,52068,TRUE,0.461538461538462,0.4615384615384616,0.4615384615384616
zeguo-2005,pfemale_ind,52048,TRUE,0.265625,0.265625,0.2666666666666667
zeguo-2005,pfemale_ind,52134,TRUE,0.284444444444444,0.2844444444444445,0.28571428571428575
zeguo-2005,pfemale_ind,52097,TRUE,0.0277777777777778,0.02777777777777777,0
zeguo-2005,pfemale_ind,52139,TRUE,0.142857142857143,0.14285714285714288,0.14285714285714288
zeguo-2005,pfemale_ind,52171,TRUE,0.218181818181818,0.21818181818181823,0.2222222222222222
zeguo-2005,pfemale_ind,52161,TRUE,0.464285714285714,0.4642857142857143,0.4615384615384616
zeguo-2005,pfemale_ind,52085,TRUE,0.333333333333333,0.3333333333333333,0.33333333333333337
zeguo-2005,pfemale_ind,52122,TRUE,0.36,0.36000000000000004,0.3571428571428571
zeguo-2005,pfemale_ind,52059,TRUE,0.265625,0.265625,0.2666666666666667
zeguo-2005,pfemale_ind,52163,TRUE,0.461538461538462,0.4615384615384616,0.4615384615384616
zeguo-2005,pfemale_ind,52089,TRUE,0.284444444444444,0.2844444444444445,0.28571428571428575
zeguo-2005,pfemale_ind,52069,TRUE,0.285714285714286,0.2857142857142857,0.2857142857142857
zeguo-2005,pfemale_ind,52062,TRUE,0.218181818181818,0.21818181818181823,0.2222222222222222
zeguo-2005,pfemale_ind,52091,TRUE,0.461538461538462,0.4615384615384616,0.4615384615384616
zeguo-2005,pfemale_ind,52223,TRUE,0.535714285714286,0.5357142857142857,0.5384615384615384
zeguo-2005,pfemale_ind,52179,TRUE,0.464285714285714,0.4642857142857143,0.4615384615384616
zeguo-2005,pfemale_ind,52150,TRUE,0.666666666666667,0.6666666666666666,0.6666666666666666
zeguo-2005,pfemale_ind,52094,TRUE,0.142857142857143,0.14285714285714288,0.14285714285714288
zeguo-2005,pfemale_ind,52095,TRUE,0.464285714285714,0.4642857142857143,0.4615384615384616
zeguo-2005,pfemale_ind,52137,TRUE,0.535714285714286,0.5357142857142857,0.5384615384615384
zeguo-2005,pfemale_ind,52153,TRUE,0.426666666666667,0.4266666666666667,0.42857142857142855
zeguo-2005,pfemale_ind,52181,TRUE,0.217777777777778,0.21777777777777785,0.21428571428571433
zeguo-2005,pfemale_ind,52098,TRUE,0.266666666666667,0.26666666666666666,0.2666666666666667
zeguo-2005,pfemale_ind,52178,TRUE,0.426666666666667,0.4266666666666667,0.42857142857142855
zeguo-2005,pfemale_ind,52050,TRUE,0.217777777777778,0.21777777777777785,0.21428571428571433
zeguo-2005,pfemale_ind,52222,TRUE,0.266666666666667,0.26666666666666666,0.2666666666666667
zeguo-2005,pfemale_ind,52061,TRUE,0.426666666666667,0.4266666666666667,0.42857142857142855
zeguo-2005,pfemale_ind,52092,TRUE,0.428571428571429,0.42857142857142855,0.42857142857142855
zeguo-2005,pfemale_ind,52109,TRUE,0.285714285714286,0.2857142857142857,0.2857142857142857
zeguo-2005,pfemale_ind,52103,TRUE,0.426666666666667,0.4266666666666667,0.42857142857142855
zeguo-2005,pfemale_ind,52084,TRUE,0.461538461538462,0.4615384615384616,0.4615384615384615
zeguo-2005,pfemale_ind,52146,TRUE,0.461538461538462,0.4615384615384616,0.4615384615384616
zeguo-2005,pfemale_ind,52159,TRUE,0.428571428571429,0.42857142857142855,0.42857142857142855
zeguo-2005,pfemale_ind,52175,TRUE,0.461538461538462,0.4615384615384616,0.4615384615384615
zeguo-2005,pfemale_ind,52090,TRUE,0.428571428571429,0.42857142857142855,0.42857142857142855
zeguo-2005,pfemale_ind,52216,TRUE,0.265625,0.265625,0.2666666666666667
zeguo-2005,pfemale_ind,52123,TRUE,0.464285714285714,0.4642857142857143,0.4615384615384616
zeguo-2005,pfemale_ind,52064,TRUE,0.3,0.3,0.3
zeguo-2005,pfemale_ind,52100,TRUE,0.266666666666667,0.26666666666666666,0.2666666666666667
zeguo-2005,pfemale_ind,52214,TRUE,NA,NA,0.20000000000000004
zeguo-2005,pfemale_ind,52220,TRUE,0.138888888888889,0.1388888888888889,0.14285714285714288
zeguo-2005,pfemale_ind,52055,TRUE,0.538461538461538,0.5384615384615384,0.5384615384615384
zeguo-2005,pfemale_ind,52132,TRUE,0.285714285714286,0.2857142857142857,0.2857142857142857
zeguo-2005,pfemale_ind,52065,TRUE,0.2,0.2,0.2
zeguo-2005,pfemale_ind,52114,TRUE,0.666666666666667,0.6666666666666666,0.6666666666666666
zeguo-2005,pfemale_ind,52174,TRUE,0.535714285714286,0.5357142857142857,0.5384615384615384
zeguo-2005,pfemale_ind,52167,TRUE,0.36,0.36000000000000004,0.3571428571428571
zeguo-2005,pfemale_ind,52235,TRUE,0.428571428571429,0.42857142857142855,0.42857142857142855
zeguo-2005,pfemale_ind,52215,TRUE,0.538461538461538,0.5384615384615384,0.5384615384615384
zeguo-2005,pfemale_ind,52217,TRUE,0.357142857142857,0.3571428571428572,0.3571428571428571
zeguo-2005,pfemale_ind,52107,TRUE,0.3,0.3,0.3
zeguo-2005,pfemale_ind,52130,TRUE,0.428571428571429,0.42857142857142855,0.42857142857142855
zeguo-2005,pfemale_ind,52254,TRUE,0.214285714285714,0.21428571428571433,0.21428571428571427
zeguo-2005,pfemale_ind,52113,TRUE,0.142857142857143,0.14285714285714288,0.14285714285714288
zeguo-2005,pfemale_ind,52133,TRUE,0.426666666666667,0.4266666666666667,0.42857142857142855
zeguo-2005,pfemale_ind,52108,TRUE,0.214285714285714,0.21428571428571427,0.21428571428571427
zeguo-2005,pfemale_ind,52131,TRUE,0.333333333333333,0.3333333333333333,0.33333333333333337
zeguo-2005,pfemale_ind,52067,TRUE,0.218181818181818,0.21818181818181823,0.2222222222222222
zeguo-2005,pfemale_ind,52141,TRUE,0.666666666666667,0.6666666666666666,0.6666666666666666
zeguo-2005,pfemale_ind,52073,TRUE,0.138888888888889,0.1388888888888889,0.14285714285714288
zeguo-2005,pfemale_ind,52101,TRUE,0.333333333333333,0.3333333333333333,0.33333333333333337
zeguo-2005,pfemale_ind,52124,TRUE,0.203125,0.203125,0.2
zeguo-2005,pfemale_ind,52049,TRUE,0.3,0.3,0.3
zeguo-2005,pfemale_ind,52057,TRUE,0.666666666666667,0.6666666666666666,0.6666666666666666
zeguo-2005,pfemale_ind,52230,TRUE,0.138888888888889,0.1388888888888889,0.14285714285714288
zeguo-2005,pfemale_ind,52080,TRUE,0.285714285714286,0.2857142857142857,0.2857142857142857
zeguo-2005,pfemale_ind,52074,TRUE,0.214285714285714,0.21428571428571433,0.21428571428571427
zeguo-2005,pfemale_ind,52112,TRUE,0.36,0.36000000000000004,0.3571428571428571
zeguo-2005,pfemale_ind,52168,TRUE,0.357142857142857,0.3571428571428572,0.3571428571428571
zeguo-2005,pfemale_ind,52104,TRUE,0.538461538461538,0.5384615384615384,0.5384615384615384
zeguo-2005,pfemale_ind,52151,TRUE,0.538461538461538,0.5384615384615384,0.5384615384615384
zeguo-2005,pfemale_ind,52234,TRUE,0.666666666666667,0.6666666666666666,0.6666666666666666
zeguo-2005,pfemale_ind,52117,TRUE,0.266666666666667,0.26666666666666666,0.2666666666666667
zeguo-2005,pfemale_ind,52053,TRUE,0.284444444444444,0.2844444444444445,0.28571428571428575
zeguo-2005,pfemale_ind,52152,TRUE,0.2,0.2,0.2
zeguo-2005,pfemale_ind,52237,TRUE,0.333333333333333,0.3333333333333333,0.33333333333333337
zeguo-2005,pfemale_ind,52170,TRUE,0.218181818181818,0.21818181818181823,0.2222222222222222
zeguo-2005,pfemale_ind,52136,TRUE,0.285714285714286,0.2857142857142857,0.2857142857142857
zeguo-2005,pfemale_ind,52233,TRUE,0.733333333333333,0.7333333333333333,0.7333333333333333
zeguo-2005,pfemale_ind,52118,TRUE,0.333333333333333,0.3333333333333333,0.33333333333333337
zeguo-2005,pfemale_ind,52087,TRUE,0.284444444444444,0.2844444444444445,0.28571428571428575
zeguo-2005,pfemale_ind,52145,TRUE,0.265625,0.265625,0.2666666666666667
zeguo-2005,pfemale_ind,52116,TRUE,0.357142857142857,0.35714285714285715,0.3571428571428571
zeguo-2005,pfemale_ind,52227,TRUE,0.357142857142857,0.3571428571428572,0.3571428571428571
zeguo-2005,pfemale_ind,52051,TRUE,0.138888888888889,0.1388888888888889,0.14285714285714288
zeguo-2005,pfemale_ind,52047,TRUE,0.214285714285714,0.21428571428571427,0.21428571428571427
zeguo-2005,pfemale_ind,52088,TRUE,0.384615384615385,0.38461538461538464,0.38461538461538464
zeguo-2005,pfemale_ind,52218,TRUE,0.357142857142857,0.35714285714285715,0.3571428571428571
zeguo-2005,pfemale_ind,52143,TRUE,0.733333333333333,0.7333333333333333,0.7333333333333333
zeguo-2005,pfemale_ind,52212,TRUE,0.461538461538462,0.4615384615384616,0.4615384615384616
zeguo-2005,pfemale_ind,52228,TRUE,NA,NA,0.125
zeguo-2005,pfemale_ind,52119,TRUE,0.266666666666667,0.26666666666666666,0.2666666666666667
zeguo-2005,pfemale_ind,52066,TRUE,0.218181818181818,0.21818181818181823,0.2222222222222222
zeguo-2005,pfemale_ind,52148,TRUE,0.357142857142857,0.3571428571428572,0.3571428571428571
zeguo-2005,pfemale_ind,52120,TRUE,0.2,0.2,0.2
zeguo-2005,pfemale_ind,52138,TRUE,0.357142857142857,0.35714285714285715,0.3571428571428571
zeguo-2005,pfemale_ind,52105,TRUE,0.666666666666667,0.6666666666666666,0.6666666666666666
zeguo-2005,pfemale_ind,52063,TRUE,0.464285714285714,0.4642857142857143,0.4615384615384616
zeguo-2005,pfemale_ind,52081,TRUE,0.266666666666667,0.26666666666666666,0.2666666666666667
zeguo-2005,pfemale_ind,52082,TRUE,0.214285714285714,0.21428571428571433,0.21428571428571427
zeguo-2005,pfemale_ind,52135,TRUE,0.214285714285714,0.21428571428571433,0.21428571428571427
zeguo-2005,pfemale_ind,52127,TRUE,0.357142857142857,0.3571428571428572,0.3571428571428571
zeguo-2005,pfemale_ind,52058,TRUE,0.333333333333333,0.3333333333333333,0.33333333333333337
zeguo-2005,pfemale_ind,52231,TRUE,0.266666666666667,0.26666666666666666,0.2666666666666667
zeguo-2005,pfemale_ind,52078,TRUE,NA,NA,0.4
zeguo-2005,pfemale_ind,52054,TRUE,0.217777777777778,0.21777777777777785,0.2142857142857143
zeguo-2005,pfemale_ind,52056,TRUE,0.36,0.36000000000000004,0.3571428571428571
zeguo-2005,pfemale_ind,52191,TRUE,0.214285714285714,0.21428571428571427,0.21428571428571427
zeguo-2005,pfemale_ind,52014,TRUE,0.214285714285714,0.21428571428571433,0.21428571428571427
zeguo-2005,pfemale_ind,52240,TRUE,0.217777777777778,0.21777777777777785,0.2142857142857143
zeguo-2005,pfemale_ind,52024,TRUE,0.384615384615385,0.38461538461538464,0.38461538461538464
zeguo-2005,pfemale_ind,52144,TRUE,0.266666666666667,0.26666666666666666,0.2666666666666667
zeguo-2005,pfemale_ind,52023,TRUE,0.285714285714286,0.2857142857142857,0.2857142857142857
bulgaria-crime-2002,pfemale_ind,5310001,TRUE,0.5,0.5,0.5
bulgaria-crime-2002,pfemale_ind,5310002,TRUE,0.375,0.37499999999999994,0.375
bulgaria-crime-2002,pfemale_ind,5310003,TRUE,0.625,0.6249999999999999,0.625
bulgaria-crime-2002,pfemale_ind,5310004,TRUE,0.5625,0.5625,0.5625
bulgaria-crime-2002,pfemale_ind,5310005,TRUE,0.470588235294118,0.4705882352941176,0.4705882352941176
bulgaria-crime-2002,pfemale_ind,5310006,TRUE,0.6875,0.6874999999999999,0.6875
bulgaria-crime-2002,pfemale_ind,5310007,TRUE,0.6875,0.6874999999999999,0.6875
bulgaria-crime-2002,pfemale_ind,5310008,TRUE,0.4375,0.4375,0.4375
bulgaria-crime-2002,pfemale_ind,5310009,TRUE,0.5625,0.5624999999999999,0.5625
bulgaria-crime-2002,pfemale_ind,5310010,TRUE,0.466666666666667,0.4666666666666667,0.4666666666666666
bulgaria-crime-2002,pfemale_ind,5310011,TRUE,0.470588235294118,0.4705882352941176,0.4705882352941176
bulgaria-crime-2002,pfemale_ind,5310012,TRUE,0.375,0.37499999999999994,0.375
bulgaria-crime-2002,pfemale_ind,5310013,TRUE,0.5625,0.5625,0.5625
bulgaria-crime-2002,pfemale_ind,5310014,TRUE,0.533333333333333,0.5333333333333333,0.5333333333333333
bulgaria-crime-2002,pfemale_ind,5310015,TRUE,0.5625,0.5625,0.5625
bulgaria-crime-2002,pfemale_ind,5310016,TRUE,0.4375,0.4375,0.4375
bulgaria-crime-2002,pfemale_ind,5310017,TRUE,0.285714285714286,0.2857142857142857,0.2857142857142857
bulgaria-crime-2002,pfemale_ind,5310018,TRUE,0.625,0.625,0.625
bulgaria-crime-2002,pfemale_ind,5310019,TRUE,0.75,0.7499999999999999,0.75
bulgaria-crime-2002,pfemale_ind,5310020,TRUE,0.3125,0.31249999999999994,0.3125
bulgaria-crime-2002,pfemale_ind,5310021,TRUE,0.6,0.6,0.6
bulgaria-crime-2002,pfemale_ind,5310022,TRUE,0.428571428571429,0.42857142857142855,0.42857142857142855
bulgaria-crime-2002,pfemale_ind,5310023,TRUE,0.5,0.5,0.5
bulgaria-crime-2002,pfemale_ind,5310024,TRUE,0.214285714285714,0.21428571428571427,0.21428571428571427
bulgaria-crime-2002,pfemale_ind,5310025,TRUE,0.6875,0.6875,0.6875
bulgaria-crime-2002,pfemale_ind,5310026,TRUE,0.5,0.5,0.5
bulgaria-crime-2002,pfemale_ind,5310027,TRUE,0.571428571428571,0.5714285714285714,0.5714285714285714
bulgaria-crime-2002,pfemale_ind,5310028,TRUE,0.571428571428571,0.5714285714285714,0.5714285714285714
bulgaria-crime-2002,pfemale_ind,5310029,TRUE,0.4375,0.4375,0.4375
bulgaria-crime-2002,pfemale_ind,5310030,TRUE,0.6,0.6,0.6
bulgaria-crime-2002,pfemale_ind,5310031,TRUE,0.533333333333333,0.5333333333333333,0.5333333333333333
bulgaria-crime-2002,pfemale_ind,5310032,TRUE,0.375,0.37499999999999994,0.375
bulgaria-crime-2002,pfemale_ind,5310033,TRUE,0.5625,0.5625,0.5625
bulgaria-crime-2002,pfemale_ind,5310034,TRUE,0.384615384615385,0.3846153846153845,0.38461538461538464
bulgaria-crime-2002,pfemale_ind,5310035,TRUE,0.5,0.5,0.5
bulgaria-crime-2002,pfemale_ind,5310036,TRUE,0.6,0.6,0.6
bulgaria-crime-2002,pfemale_ind,5310037,TRUE,0.470588235294118,0.4705882352941176,0.4705882352941176
bulgaria-crime-2002,pfemale_ind,5310038,TRUE,0.375,0.375,0.375
bulgaria-crime-2002,pfemale_ind,5310039,TRUE,0.533333333333333,0.5333333333333333,0.5333333333333333
bulgaria-crime-2002,pfemale_ind,5310040,TRUE,0.5,0.5,0.5
bulgaria-crime-2002,pfemale_ind,5310041,TRUE,0.625,0.6249999999999999,0.625
bulgaria-crime-2002,pfemale_ind,5310042,TRUE,0.5,0.5,0.5
bulgaria-crime-2002,pfemale_ind,5310043,TRUE,0.5,0.5,0.5
bulgaria-crime-2002,pfemale_ind,5310044,TRUE,0.6,0.6,0.6
bulgaria-crime-2002,pfemale_ind,5310045,TRUE,0.285714285714286,0.2857142857142857,0.2857142857142857
bulgaria-crime-2002,pfemale_ind,5310046,TRUE,0.5,0.5,0.5
bulgaria-crime-2002,pfemale_ind,5310047,TRUE,0.533333333333333,0.5333333333333333,0.5333333333333333
bulgaria-crime-2002,pfemale_ind,5310048,TRUE,0.3125,0.31249999999999994,0.3125
bulgaria-crime-2002,pfemale_ind,5310049,TRUE,0.666666666666667,0.6666666666666666,0.6666666666666666
bulgaria-crime-2002,pfemale_ind,5310050,TRUE,0.470588235294118,0.4705882352941176,0.4705882352941176
bulgaria-crime-2002,pfemale_ind,5310051,TRUE,0.625,0.625,0.625
bulgaria-crime-2002,pfemale_ind,5310052,TRUE,0.4375,0.4375,0.4375
bulgaria-crime-2002,pfemale_ind,5310053,TRUE,0.625,0.625,0.625
bulgaria-crime-2002,pfemale_ind,5310054,TRUE,0.6,0.6,0.6
bulgaria-crime-2002,pfemale_ind,5310055,TRUE,0.5625,0.5625,0.5625
bulgaria-crime-2002,pfemale_ind,5310056,TRUE,0.5,0.5,0.5
bulgaria-crime-2002,pfemale_ind,5310057,TRUE,0.666666666666667,0.6666666666666666,0.6666666666666667
bulgaria-crime-2002,pfemale_ind,5310058,TRUE,0.214285714285714,0.21428571428571427,0.21428571428571427
bulgaria-crime-2002,pfemale_ind,5310059,TRUE,0.5,0.5,0.5
bulgaria-crime-2002,pfemale_ind,5310060,TRUE,0.4375,0.4375,0.4375
bulgaria-crime-2002,pfemale_ind,5310061,TRUE,0.5,0.5,0.5
bulgaria-crime-2002,pfemale_ind,5310062,TRUE,0.466666666666667,0.4666666666666667,0.4666666666666666
bulgaria-crime-2002,pfemale_ind,5310063,TRUE,0.533333333333333,0.5333333333333333,0.5333333333333333
bulgaria-crime-2002,pfemale_ind,5310064,TRUE,0.375,0.37499999999999994,0.375
bulgaria-crime-2002,pfemale_ind,5310065,TRUE,0.5,0.5,0.5
bulgaria-crime-2002,pfemale_ind,5310066,TRUE,0.375,0.375,0.375
bulgaria-crime-2002,pfemale_ind,5310067,TRUE,0.384615384615385,0.3846153846153845,0.38461538461538464
bulgaria-crime-2002,pfemale_ind,5310068,TRUE,0.307692307692308,0.3076923076923076,0.3076923076923077
bulgaria-crime-2002,pfemale_ind,5310069,TRUE,0.4375,0.4375,0.4375
bulgaria-crime-2002,pfemale_ind,5310070,TRUE,0.6,0.6,0.6
bulgaria-crime-2002,pfemale_ind,5310071,TRUE,0.411764705882353,0.4117647058823529,0.4117647058823529
bulgaria-crime-2002,pfemale_ind,5310072,TRUE,0.625,0.625,0.625
bulgaria-crime-2002,pfemale_ind,5310073,TRUE,0.384615384615385,0.3846153846153845,0.38461538461538464
bulgaria-crime-2002,pfemale_ind,5310074,TRUE,0.466666666666667,0.4666666666666667,0.4666666666666666
bulgaria-crime-2002,pfemale_ind,5310075,TRUE,0.5,0.5,0.5
bulgaria-crime-2002,pfemale_ind,5310076,TRUE,0.384615384615385,0.3846153846153845,0.38461538461538464
bulgaria-crime-2002,pfemale_ind,5310077,TRUE,0.384615384615385,0.3846153846153845,0.38461538461538464
bulgaria-crime-2002,pfemale_ind,5310078,TRUE,0.666666666666667,0.6666666666666666,0.6666666666666666
bulgaria-crime-2002,pfemale_ind,5310079,TRUE,0.5,0.5,0.5
bulgaria-crime-2002,pfemale_ind,5310080,TRUE,0.6,0.6,0.6
bulgaria-crime-2002,pfemale_ind,5310081,TRUE,0.375,0.37499999999999994,0.375
bulgaria-crime-2002,pfemale_ind,5310082,TRUE,0.3125,0.31249999999999994,0.3125
bulgaria-crime-2002,pfemale_ind,5310083,TRUE,0.5,0.5,0.5
bulgaria-crime-2002,pfemale_ind,5310084,TRUE,0.411764705882353,0.4117647058823529,0.4117647058823529
bulgaria-crime-2002,pfemale_ind,5310085,TRUE,0.285714285714286,0.2857142857142857,0.2857142857142857
bulgaria-crime-2002,pfemale_ind,5310086,TRUE,0.5,0.5,0.5
bulgaria-crime-2002,pfemale_ind,5310087,TRUE,0.533333333333333,0.5333333333333333,0.5333333333333333
bulgaria-crime-2002,pfemale_ind,5310088,TRUE,0.5,0.5,0.5
bulgaria-crime-2002,pfemale_ind,5310089,TRUE,0.4375,0.4375,0.4375
bulgaria-crime-2002,pfemale_ind,5310090,TRUE,0.5,0.5,0.5
bulgaria-crime-2002,pfemale_ind,5310091,TRUE,0.75,0.7499999999999999,0.75
bulgaria-crime-2002,pfemale_ind,5310092,TRUE,0.307692307692308,0.3076923076923076,0.3076923076923077
bulgaria-crime-2002,pfemale_ind,5310093,TRUE,0.411764705882353,0.4117647058823529,0.4117647058823529
bulgaria-crime-2002,pfemale_ind,5310094,TRUE,0.625,0.6249999999999999,0.625
bulgaria-crime-2002,pfemale_ind,5310095,TRUE,0.5625,0.5624999999999999,0.5625
bulgaria-crime-2002,pfemale_ind,5310096,TRUE,0.411764705882353,0.4117647058823529,0.4117647058823529
bulgaria-crime-2002,pfemale_ind,5310097,TRUE,0.5,0.5,0.5
bulgaria-crime-2002,pfemale_ind,5310098,TRUE,0.625,0.625,0.625
bulgaria-crime-2002,pfemale_ind,5310099,TRUE,0.5625,0.5624999999999999,0.5625
bulgaria-crime-2002,pfemale_ind,5310100,TRUE,0.285714285714286,0.2857142857142857,0.2857142857142857
bulgaria-crime-2002,pfemale_ind,5310101,TRUE,0.307692307692308,0.3076923076923076,0.3076923076923077
bulgaria-crime-2002,pfemale_ind,5310102,TRUE,0.5,0.5,0.5
bulgaria-crime-2002,pfemale_ind,5310103,TRUE,0.666666666666667,0.6666666666666666,0.6666666666666666
bulgaria-crime-2002,pfemale_ind,5310104,TRUE,0.4375,0.4375,0.4375
bulgaria-crime-2002,pfemale_ind,5310105,TRUE,0.5,0.5,0.5
bulgaria-crime-2002,pfemale_ind,5310106,TRUE,0.625,0.625,0.625
bulgaria-crime-2002,pfemale_ind,5310107,TRUE,0.5625,0.5625,0.5625
bulgaria-crime-2002,pfemale_ind,5310108,TRUE,0.470588235294118,0.4705882352941176,0.4705882352941176
bulgaria-crime-2002,pfemale_ind,5310109,TRUE,0.375,0.37499999999999994,0.375
bulgaria-crime-2002,pfemale_ind,5310110,TRUE,0.470588235294118,0.4705882352941176,0.4705882352941176
bulgaria-crime-2002,pfemale_ind,5310111,TRUE,0.6875,0.6874999999999999,0.6875
bulgaria-crime-2002,pfemale_ind,5310112,TRUE,0.428571428571429,0.42857142857142855,0.42857142857142855
bulgaria-crime-2002,pfemale_ind,5310113,TRUE,0.285714285714286,0.2857142857142857,0.2857142857142857
bulgaria-crime-2002,pfemale_ind,5310114,TRUE,0.375,0.375,0.375
bulgaria-crime-2002,pfemale_ind,5310115,TRUE,0.75,0.7499999999999999,0.75
bulgaria-crime-2002,pfemale_ind,5310116,TRUE,0.4375,0.4375,0.4375
bulgaria-crime-2002,pfemale_ind,5310117,TRUE,0.4375,0.4375,0.4375
bulgaria-crime-2002,pfemale_ind,5310118,TRUE,0.384615384615385,0.3846153846153845,0.38461538461538464
bulgaria-crime-2002,pfemale_ind,5310119,TRUE,0.5625,0.5625,0.5625
bulgaria-crime-2002,pfemale_ind,5310120,TRUE,0.4375,0.4375,0.4375
bulgaria-crime-2002,pfemale_ind,5310121,TRUE,0.533333333333333,0.5333333333333333,0.5333333333333333
bulgaria-crime-2002,pfemale_ind,5310122,TRUE,0.666666666666667,0.6666666666666666,0.6666666666666666
bulgaria-crime-2002,pfemale_ind,5310123,TRUE,0.6,0.6,0.6
bulgaria-crime-2002,pfemale_ind,5310124,TRUE,0.5,0.5,0.5
bulgaria-crime-2002,pfemale_ind,5310125,TRUE,0.75,0.7499999999999999,0.75
bulgaria-crime-2002,pfemale_ind,5310126,TRUE,0.375,0.375,0.375
bulgaria-crime-2002,pfemale_ind,5310127,TRUE,0.625,0.6249999999999999,0.625
bulgaria-crime-2002,pfemale_ind,5310128,TRUE,0.466666666666667,0.4666666666666667,0.4666666666666666
bulgaria-crime-2002,pfemale_ind,5310129,TRUE,0.285714285714286,0.2857142857142857,0.2857142857142857
bulgaria-crime-2002,pfemale_ind,5310130,TRUE,0.6875,0.6875,0.6875
bulgaria-crime-2002,pfemale_ind,5310131,TRUE,0.5625,0.5625,0.5625
bulgaria-crime-2002,pfemale_ind,5310132,TRUE,0.4375,0.4375,0.4375
bulgaria-crime-2002,pfemale_ind,5310133,TRUE,0.6875,0.6874999999999999,0.6875
bulgaria-crime-2002,pfemale_ind,5310134,TRUE,0.466666666666667,0.4666666666666667,0.4666666666666666
bulgaria-crime-2002,pfemale_ind,5310135,TRUE,0.285714285714286,0.2857142857142857,0.2857142857142857
bulgaria-crime-2002,pfemale_ind,5310136,TRUE,0.5,0.5,0.5
bulgaria-crime-2002,pfemale_ind,5310137,TRUE,0.666666666666667,0.6666666666666666,0.6666666666666666
bulgaria-crime-2002,pfemale_ind,5310138,TRUE,0.6,0.6,0.6
bulgaria-crime-2002,pfemale_ind,5310139,TRUE,0.411764705882353,0.4117647058823529,0.4117647058823529
bulgaria-crime-2002,pfemale_ind,5310140,TRUE,0.6,0.6,0.6
bulgaria-crime-2002,pfemale_ind,5310141,TRUE,0.6875,0.6874999999999999,0.6875
bulgaria-crime-2002,pfemale_ind,5310142,TRUE,0.4375,0.4375,0.4375
bulgaria-crime-2002,pfemale_ind,5310143,TRUE,0.625,0.6249999999999999,0.625
bulgaria-crime-2002,pfemale_ind,5310144,TRUE,0.411764705882353,0.4117647058823529,0.4117647058823529
bulgaria-crime-2002,pfemale_ind,5310145,TRUE,0.5,0.5,0.5
bulgaria-crime-2002,pfemale_ind,5310146,TRUE,0.571428571428571,0.5714285714285714,0.5714285714285714
bulgaria-crime-2002,pfemale_ind,5310147,TRUE,0.5,0.5,0.5
bulgaria-crime-2002,pfemale_ind,5310148,TRUE,0.5,0.5,0.5
bulgaria-crime-2002,pfemale_ind,5310149,TRUE,0.5,0.5,0.5
bulgaria-crime-2002,pfemale_ind,5310150,TRUE,0.666666666666667,0.6666666666666666,0.6666666666666666
bulgaria-crime-2002,pfemale_ind,5310151,TRUE,0.666666666666667,0.6666666666666666,0.6666666666666666
bulgaria-crime-2002,pfemale_ind,5310152,TRUE,0.6,0.6,0.6
bulgaria-crime-2002,pfemale_ind,5310153,TRUE,0.384615384615385,0.3846153846153845,0.38461538461538464
bulgaria-crime-2002,pfemale_ind,5310154,TRUE,0.5,0.5,0.5
bulgaria-crime-2002,pfemale_ind,5310155,TRUE,0.466666666666667,0.4666666666666667,0.4666666666666666
bulgaria-crime-2002,pfemale_ind,5310156,TRUE,0.6875,0.6875,0.6875
bulgaria-crime-2002,pfemale_ind,5310157,TRUE,0.6,0.6,0.6
bulgaria-crime-2002,pfemale_ind,5310158,TRUE,0.5,0.5,0.5
bulgaria-crime-2002,pfemale_ind,5310159,TRUE,0.571428571428571,0.5714285714285714,0.5714285714285714
bulgaria-crime-2002,pfemale_ind,5310160,TRUE,0.4375,0.4375,0.4375
bulgaria-crime-2002,pfemale_ind,5310161,TRUE,0.384615384615385,0.3846153846153845,0.38461538461538464
bulgaria-crime-2002,pfemale_ind,5310162,TRUE,0.6875,0.6874999999999999,0.6875
bulgaria-crime-2002,pfemale_ind,5310163,TRUE,0.6,0.6,0.6
bulgaria-crime-2002,pfemale_ind,5310164,TRUE,0.5,0.5,0.5
bulgaria-crime-2002,pfemale_ind,5310165,TRUE,0.6875,0.6874999999999999,0.6875
bulgaria-crime-2002,pfemale_ind,5310166,TRUE,0.625,0.6249999999999999,0.625
bulgaria-crime-2002,pfemale_ind,5310167,TRUE,0.5,0.5,0.5
bulgaria-crime-2002,pfemale_ind,5310168,TRUE,0.5,0.5,0.5
bulgaria-crime-2002,pfemale_ind,5310169,TRUE,0.375,0.37499999999999994,0.375
bulgaria-crime-2002,pfemale_ind,5310170,TRUE,0.5625,0.5624999999999999,0.5625
bulgaria-crime-2002,pfemale_ind,5310171,TRUE,0.5,0.5,0.5
bulgaria-crime-2002,pfemale_ind,5310172,TRUE,0.4375,0.4375,0.4375
bulgaria-crime-2002,pfemale_ind,5310173,TRUE,0.666666666666667,0.6666666666666666,0.6666666666666666
bulgaria-crime-2002,pfemale_ind,5310174,TRUE,0.666666666666667,0.6666666666666666,0.6666666666666666
bulgaria-crime-2002,pfemale_ind,5310175,TRUE,0.666666666666667,0.6666666666666666,0.6666666666666666
bulgaria-crime-2002,pfemale_ind,5310176,TRUE,0.5,0.5,0.5
bulgaria-crime-2002,pfemale_ind,5310177,TRUE,0.6,0.6,0.6
bulgaria-crime-2002,pfemale_ind,5310178,TRUE,0.5,0.5,0.5
bulgaria-crime-2002,pfemale_ind,5310179,TRUE,0.375,0.375,0.375
bulgaria-crime-2002,pfemale_ind,5310180,TRUE,0.5625,0.5625,0.5625
bulgaria-crime-2002,pfemale_ind,5310181,TRUE,0.5625,0.5625,0.5625
bulgaria-crime-2002,pfemale_ind,5310182,TRUE,0.6875,0.6874999999999999,0.6875
bulgaria-crime-2002,pfemale_ind,5310183,TRUE,0.6875,0.6875,0.6875
bulgaria-crime-2002,pfemale_ind,5310184,TRUE,0.5,0.5,0.5
bulgaria-crime-2002,pfemale_ind,5310185,TRUE,0.6875,0.6874999999999999,0.6875
bulgaria-crime-2002,pfemale_ind,5310186,TRUE,0.307692307692308,0.3076923076923076,0.3076923076923077
bulgaria-crime-2002,pfemale_ind,5310187,TRUE,0.5,0.5,0.5
bulgaria-crime-2002,pfemale_ind,5310188,TRUE,0.6875,0.6874999999999999,0.6875
bulgaria-crime-2002,pfemale_ind,5310189,TRUE,0.5625,0.5624999999999999,0.5625
bulgaria-crime-2002,pfemale_ind,5310190,TRUE,0.6875,0.6874999999999999,0.6875
bulgaria-crime-2002,pfemale_ind,5310191,TRUE,0.6875,0.6875,0.6875
bulgaria-crime-2002,pfemale_ind,5310192,TRUE,0.6,0.6,0.6
bulgaria-crime-2002,pfemale_ind,5310193,TRUE,0.5,0.5,0.5
bulgaria-crime-2002,pfemale_ind,5310194,TRUE,0.625,0.6249999999999999,0.625
bulgaria-crime-2002,pfemale_ind,5310195,TRUE,0.5625,0.5625,0.5625
bulgaria-crime-2002,pfemale_ind,5310196,TRUE,0.214285714285714,0.21428571428571427,0.21428571428571427
bulgaria-crime-2002,pfemale_ind,5310197,TRUE,0.5625,0.5624999999999999,0.5625
bulgaria-crime-2002,pfemale_ind,5310198,TRUE,0.6,0.6,0.6
bulgaria-crime-2002,pfemale_ind,5310199,TRUE,0.428571428571429,0.42857142857142855,0.42857142857142855
bulgaria-crime-2002,pfemale_ind,5310200,TRUE,0.6,0.6,0.6
bulgaria-crime-2002,pfemale_ind,5310201,TRUE,0.5625,0.5625,0.5625
bulgaria-crime-2002,pfemale_ind,5310202,TRUE,0.384615384615385,0.3846153846153845,0.38461538461538464
bulgaria-crime-2002,pfemale_ind,5310203,TRUE,0.470588235294118,0.4705882352941176,0.4705882352941176
bulgaria-crime-2002,pfemale_ind,5310204,TRUE,0.4375,0.4375,0.4375
bulgaria-crime-2002,pfemale_ind,5310205,TRUE,0.214285714285714,0.21428571428571427,0.21428571428571427
bulgaria-crime-2002,pfemale_ind,5310206,TRUE,0.3125,0.31249999999999994,0.3125
bulgaria-crime-2002,pfemale_ind,5310207,TRUE,0.375,0.375,0.375
bulgaria-crime-2002,pfemale_ind,5310208,TRUE,0.375,0.37499999999999994,0.375
bulgaria-crime-2002,pfemale_ind,5310209,TRUE,0.5,0.5,0.5
bulgaria-crime-2002,pfemale_ind,5310210,TRUE,0.285714285714286,0.2857142857142857,0.2857142857142857
bulgaria-crime-2002,pfemale_ind,5310211,TRUE,0.5,0.5,0.5
bulgaria-crime-2002,pfemale_ind,5310212,TRUE,0.6,0.6,0.6
bulgaria-crime-2002,pfemale_ind,5310213,TRUE,0.428571428571429,0.42857142857142855,0.42857142857142855
bulgaria-crime-2002,pfemale_ind,5310214,TRUE,0.5,0.5,0.5
bulgaria-crime-2002,pfemale_ind,5310215,TRUE,0.428571428571429,0.42857142857142855,0.42857142857142855
bulgaria-crime-2002,pfemale_ind,5310216,TRUE,0.4375,0.4375,0.4375
bulgaria-crime-2002,pfemale_ind,5310217,TRUE,0.5,0.5,0.5
bulgaria-crime-2002,pfemale_ind,5310218,TRUE,0.6,0.6,0.6
bulgaria-crime-2002,pfemale_ind,5310219,TRUE,0.4375,0.4375,0.4375
bulgaria-crime-2002,pfemale_ind,5310220,TRUE,0.6875,0.6874999999999999,0.6875
bulgaria-crime-2002,pfemale_ind,5310221,TRUE,0.4375,0.4375,0.4375
bulgaria-crime-2002,pfemale_ind,5310222,TRUE,0.3125,0.31249999999999994,0.3125
bulgaria-crime-2002,pfemale_ind,5310223,TRUE,0.6,0.6,0.6
bulgaria-crime-2002,pfemale_ind,5310224,TRUE,0.5,0.5,0.5
bulgaria-crime-2002,pfemale_ind,5310225,TRUE,0.6875,0.6875,0.6875
bulgaria-crime-2002,pfemale_ind,5310226,TRUE,0.5,0.5,0.5
bulgaria-crime-2002,pfemale_ind,5310227,TRUE,0.5,0.5,0.5
bulgaria-crime-2002,pfemale_ind,5310228,TRUE,0.285714285714286,0.2857142857142857,0.2857142857142857
bulgaria-crime-2002,pfemale_ind,5310229,TRUE,0.307692307692308,0.3076923076923076,0.3076923076923077
bulgaria-crime-2002,pfemale_ind,5310230,TRUE,0.5,0.5,0.5
bulgaria-crime-2002,pfemale_ind,5310231,TRUE,0.375,0.37499999999999994,0.375
bulgaria-crime-2002,pfemale_ind,5310232,TRUE,0.470588235294118,0.4705882352941176,0.4705882352941176
bulgaria-crime-2002,pfemale_ind,5310233,TRUE,0.470588235294118,0.4705882352941176,0.4705882352941176
bulgaria-crime-2002,pfemale_ind,5310234,TRUE,0.625,0.625,0.625
bulgaria-crime-2002,pfemale_ind,5310235,TRUE,0.4375,0.4375,0.4375
bulgaria-crime-2002,pfemale_ind,5310236,TRUE,0.4375,0.4375,0.4375
bulgaria-crime-2002,pfemale_ind,5310237,TRUE,0.411764705882353,0.4117647058823529,0.4117647058823529
bulgaria-crime-2002,pfemale_ind,5310238,TRUE,0.5625,0.5624999999999999,0.5625
bulgaria-crime-2002,pfemale_ind,5310239,TRUE,0.4375,0.4375,0.4375
bulgaria-crime-2002,pfemale_ind,5310240,TRUE,0.5625,0.5625,0.5625
bulgaria-crime-2002,pfemale_ind,5310241,TRUE,0.285714285714286,0.2857142857142857,0.2857142857142857
bulgaria-crime-2002,pfemale_ind,5310242,TRUE,0.5,0.5,0.5
bulgaria-crime-2002,pfemale_ind,5310243,TRUE,0.75,0.7499999999999999,0.75
bulgaria-crime-2002,pfemale_ind,5310244,TRUE,0.375,0.37499999999999994,0.375
bulgaria-crime-2002,pfemale_ind,5310245,TRUE,0.5,0.5,0.5
bulgaria-crime-2002,pfemale_ind,5310246,TRUE,0.5625,0.5624999999999999,0.5625
bulgaria-crime-2002,pfemale_ind,5310247,TRUE,0.5,0.5,0.5
bulgaria-crime-2002,pfemale_ind,5310248,TRUE,0.666666666666667,0.6666666666666666,0.6666666666666666
bulgaria-crime-2002,pfemale_ind,5310249,TRUE,0.4375,0.4375,0.4375
bulgaria-crime-2002,pfemale_ind,5310250,TRUE,0.470588235294118,0.4705882352941176,0.4705882352941176
bulgaria-crime-2002,pfemale_ind,5310251,TRUE,0.466666666666667,0.4666666666666667,0.4666666666666666
bulgaria-crime-2002,pfemale_ind,5310252,TRUE,0.285714285714286,0.2857142857142857,0.2857142857142857
bulgaria-crime-2002,pfemale_ind,5310253,TRUE,0.571428571428571,0.5714285714285714,0.5714285714285714
bulgaria-crime-2002,pfemale_ind,5310254,TRUE,0.5,0.5,0.5
bulgaria-crime-2002,pfemale_ind,5310255,TRUE,0.428571428571429,0.42857142857142855,0.42857142857142855
bulgaria-crime-2002,pfemale_ind,5310256,TRUE,0.533333333333333,0.5333333333333333,0.5333333333333334
bulgaria-crime-2002,pfemale_ind,5310257,TRUE,0.3125,0.31249999999999994,0.3125
bulgaria-crime-2002,pfemale_ind,5310258,TRUE,0.375,0.375,0.375
bulgaria-crime-2002,pfemale_ind,5310259,TRUE,0.4375,0.4375,0.4375
bulgaria-crime-2002,pfemale_ind,5310260,TRUE,0.5625,0.5625,0.5625
bulgaria-crime-2002,pfemale_ind,5310261,TRUE,0.5625,0.5625,0.5625
bulgaria-crime-2002,pfemale_ind,5310262,TRUE,0.625,0.625,0.625
bulgaria-crime-2002,pfemale_ind,5310263,TRUE,0.625,0.625,0.625
bulgaria-crime-2002,pfemale_ind,5310264,TRUE,0.466666666666667,0.4666666666666667,0.4666666666666666
bulgaria-crime-2002,pfemale_ind,5310265,TRUE,0.428571428571429,0.42857142857142855,0.42857142857142855
bulgaria-crime-2002,pfemale_ind,5310266,TRUE,0.571428571428571,0.5714285714285714,0.5714285714285714
bulgaria-crime-2002,pfemale_ind,5310267,TRUE,0.625,0.625,0.625
bulgaria-crime-2002,pfemale_ind,5310268,TRUE,0.4375,0.4375,0.4375
bulgaria-crime-2002,pfemale_ind,5310269,TRUE,0.5,0.5,0.5
bulgaria-crime-2002,pfemale_ind,5310270,TRUE,0.5625,0.5624999999999999,0.5625
bulgaria-crime-2002,pfemale_ind,5310271,TRUE,0.571428571428571,0.5714285714285714,0.5714285714285714
bulgaria-crime-2002,pfemale_ind,5310272,TRUE,0.375,0.37499999999999994,0.375
bulgaria-crime-2002,pfemale_ind,5310273,TRUE,0.411764705882353,0.4117647058823529,0.4117647058823529
bulgaria-crime-2002,pfemale_ind,5310274,TRUE,0.4375,0.4375,0.4375
bulgaria-crime-2002,pfemale_ind,5310275,TRUE,0.5,0.5,0.5
bulgaria-crime-2002,pfemale_ind,5310276,TRUE,0.5625,0.5625,0.5625
bulgaria-crime-2002,pfemale_ind,5310277,TRUE,0.625,0.625,0.625
bulgaria-crime-2002,pfemale_ind,5310278,TRUE,0.5625,0.5624999999999999,0.5625
europolis-2009,pfemale_ind,71100021097,TRUE,0.461538461538462,0.4615384615384616,0.4615384615384616
europolis-2009,pfemale_ind,71100021355,TRUE,0.384615384615385,0.3846153846153845,0.38461538461538464
europolis-2009,pfemale_ind,71100021399,TRUE,0.285714285714286,0.2857142857142857,0.2857142857142857
europolis-2009,pfemale_ind,71100021826,TRUE,0.214285714285714,0.21428571428571427,0.21428571428571427
europolis-2009,pfemale_ind,71100023063,TRUE,0.384615384615385,0.3846153846153845,0.38461538461538464
europolis-2009,pfemale_ind,71200000059,TRUE,0.4,0.4,0.4
europolis-2009,pfemale_ind,71200000069,TRUE,0.466666666666667,0.4666666666666667,0.4666666666666667
europolis-2009,pfemale_ind,71200000082,TRUE,0.466666666666667,0.4666666666666667,0.4666666666666667
europolis-2009,pfemale_ind,71200000240,TRUE,0.466666666666667,0.4666666666666667,0.4666666666666667
europolis-2009,pfemale_ind,71200000314,TRUE,0.4,0.4,0.4
europolis-2009,pfemale_ind,71300000050,TRUE,0.416666666666667,0.4166666666666667,0.41666666666666663
europolis-2009,pfemale_ind,71300000054,TRUE,0.384615384615385,0.38461538461538464,0.38461538461538464
europolis-2009,pfemale_ind,71300000483,TRUE,0.642857142857143,0.6428571428571429,0.6428571428571429
europolis-2009,pfemale_ind,71300000641,TRUE,0.416666666666667,0.4166666666666667,0.41666666666666663
europolis-2009,pfemale_ind,71300000653,TRUE,0.416666666666667,0.4166666666666667,0.41666666666666663
europolis-2009,pfemale_ind,71300000755,TRUE,0.4,0.4,0.4
europolis-2009,pfemale_ind,71300000831,TRUE,0.5,0.5,0.5
europolis-2009,pfemale_ind,71300000834,TRUE,0.642857142857143,0.6428571428571429,0.6428571428571429
europolis-2009,pfemale_ind,71300001049,TRUE,0.466666666666667,0.4666666666666667,0.4666666666666667
europolis-2009,pfemale_ind,71300001243,TRUE,0.571428571428571,0.5714285714285714,0.5714285714285714
europolis-2009,pfemale_ind,71300001262,TRUE,0.714285714285714,0.7142857142857143,0.7142857142857143
europolis-2009,pfemale_ind,71300001388,TRUE,0.642857142857143,0.6428571428571429,0.6428571428571429
europolis-2009,pfemale_ind,71300001617,TRUE,0.5,0.5,0.5
europolis-2009,pfemale_ind,71300001673,TRUE,0.428571428571429,0.42857142857142855,0.42857142857142855
europolis-2009,pfemale_ind,71300001783,TRUE,0.428571428571429,0.42857142857142855,0.42857142857142855
europolis-2009,pfemale_ind,71300002038,TRUE,0.4375,0.4375,0.4375
europolis-2009,pfemale_ind,71300002655,TRUE,0.4,0.4,0.4
europolis-2009,pfemale_ind,71300002681,TRUE,0.6,0.6,0.6
europolis-2009,pfemale_ind,71300002747,TRUE,0.6,0.6,0.6
europolis-2009,pfemale_ind,71300002837,TRUE,0.642857142857143,0.6428571428571429,0.6428571428571429
europolis-2009,pfemale_ind,71300002935,TRUE,0.333333333333333,0.3333333333333333,0.33333333333333337
europolis-2009,pfemale_ind,71300003051,TRUE,0.357142857142857,0.35714285714285715,0.3571428571428571
europolis-2009,pfemale_ind,71300003068,TRUE,0.461538461538462,0.4615384615384616,0.4615384615384616
europolis-2009,pfemale_ind,71300003081,TRUE,0.533333333333333,0.5333333333333333,0.5333333333333333
europolis-2009,pfemale_ind,71300003182,TRUE,0.5,0.5,0.5
europolis-2009,pfemale_ind,71300003253,TRUE,0.533333333333333,0.5333333333333333,0.5333333333333333
europolis-2009,pfemale_ind,71300003445,TRUE,0.461538461538462,0.4615384615384616,0.4615384615384616
europolis-2009,pfemale_ind,71300003495,TRUE,0.384615384615385,0.38461538461538464,0.38461538461538464
europolis-2009,pfemale_ind,71300003559,TRUE,0.5,0.5,0.5
europolis-2009,pfemale_ind,71300003839,TRUE,0.416666666666667,0.4166666666666667,0.41666666666666663
europolis-2009,pfemale_ind,71300004254,TRUE,0.357142857142857,0.35714285714285715,0.3571428571428571
europolis-2009,pfemale_ind,71300004377,TRUE,0.5,0.5,0.5
europolis-2009,pfemale_ind,71300004543,TRUE,0.5,0.5,0.5
europolis-2009,pfemale_ind,71300004560,TRUE,0.571428571428571,0.5714285714285714,0.5714285714285714
europolis-2009,pfemale_ind,71300004915,TRUE,0.333333333333333,0.3333333333333333,0.33333333333333337
europolis-2009,pfemale_ind,71300005404,TRUE,0.714285714285714,0.7142857142857143,0.7142857142857143
europolis-2009,pfemale_ind,71300005509,TRUE,0.416666666666667,0.4166666666666667,0.41666666666666663
europolis-2009,pfemale_ind,71300005541,TRUE,0.416666666666667,0.4166666666666667,0.41666666666666663
europolis-2009,pfemale_ind,71300005619,TRUE,0.4375,0.4375,0.4375
europolis-2009,pfemale_ind,71300005770,TRUE,0.461538461538462,0.4615384615384616,0.4615384615384616
europolis-2009,pfemale_ind,71300005825,TRUE,0.428571428571429,0.42857142857142855,0.42857142857142855
europolis-2009,pfemale_ind,71300006067,TRUE,0.4375,0.4375,0.4375
europolis-2009,pfemale_ind,71300006426,TRUE,0.5,0.5,0.5
europolis-2009,pfemale_ind,71300006495,TRUE,0.384615384615385,0.38461538461538464,0.38461538461538464
europolis-2009,pfemale_ind,71300006723,TRUE,0.5,0.5,0.5
europolis-2009,pfemale_ind,71300006906,TRUE,0.384615384615385,0.38461538461538464,0.38461538461538464
europolis-2009,pfemale_ind,71300006962,TRUE,0.5,0.5,0.5
europolis-2009,pfemale_ind,71300007176,TRUE,0.428571428571429,0.42857142857142855,0.42857142857142855
europolis-2009,pfemale_ind,71300007387,TRUE,0.466666666666667,0.4666666666666667,0.4666666666666667
europolis-2009,pfemale_ind,71300007529,TRUE,0.6,0.6,0.6
europolis-2009,pfemale_ind,71300007599,TRUE,0.333333333333333,0.3333333333333333,0.33333333333333337
europolis-2009,pfemale_ind,71300007716,TRUE,0.4375,0.4375,0.4375
europolis-2009,pfemale_ind,71300007736,TRUE,0.416666666666667,0.4166666666666667,0.41666666666666663
europolis-2009,pfemale_ind,71300007757,TRUE,0.416666666666667,0.4166666666666667,0.41666666666666663
europolis-2009,pfemale_ind,71300007936,TRUE,0.5,0.5,0.5
europolis-2009,pfemale_ind,71300007976,TRUE,0.571428571428571,0.5714285714285714,0.5714285714285714
europolis-2009,pfemale_ind,71300008045,TRUE,0.5,0.5,0.5
europolis-2009,pfemale_ind,71400000067,TRUE,0.4375,0.4375,0.4375
europolis-2009,pfemale_ind,71400000077,TRUE,0.5,0.5,0.5
europolis-2009,pfemale_ind,71400000094,TRUE,0.4375,0.4375,0.4375
europolis-2009,pfemale_ind,71400000114,TRUE,0.5,0.5,0.5
europolis-2009,pfemale_ind,71400000132,TRUE,0.5,0.5,0.5
europolis-2009,pfemale_ind,71400000154,TRUE,0.5,0.5,0.5
europolis-2009,pfemale_ind,71500000226,TRUE,0.357142857142857,0.35714285714285715,0.3571428571428571
europolis-2009,pfemale_ind,71500000320,TRUE,0.357142857142857,0.35714285714285715,0.3571428571428571
europolis-2009,pfemale_ind,71500001069,TRUE,0.4,0.4,0.4
europolis-2009,pfemale_ind,71500001334,TRUE,0.571428571428571,0.5714285714285714,0.5714285714285714
europolis-2009,pfemale_ind,71500001458,TRUE,0.428571428571429,0.42857142857142855,0.42857142857142855
europolis-2009,pfemale_ind,71500001621,TRUE,0.357142857142857,0.35714285714285715,0.3571428571428571
europolis-2009,pfemale_ind,71500001655,TRUE,0.357142857142857,0.35714285714285715,0.3571428571428571
europolis-2009,pfemale_ind,71500001892,TRUE,0.466666666666667,0.4666666666666667,0.4666666666666667
europolis-2009,pfemale_ind,71500002813,TRUE,0.461538461538462,0.4615384615384616,0.4615384615384616
europolis-2009,pfemale_ind,71500002909,TRUE,0.461538461538462,0.4615384615384616,0.4615384615384616
europolis-2009,pfemale_ind,71500003227,TRUE,0.6,0.6,0.6
europolis-2009,pfemale_ind,71500003232,TRUE,0.533333333333333,0.5333333333333333,0.5333333333333333
europolis-2009,pfemale_ind,71500003571,TRUE,0.428571428571429,0.42857142857142855,0.42857142857142855
europolis-2009,pfemale_ind,71500003604,TRUE,0.538461538461538,0.5384615384615384,0.5384615384615384
europolis-2009,pfemale_ind,71500004301,TRUE,0.466666666666667,0.4666666666666667,0.4666666666666667
europolis-2009,pfemale_ind,71500004389,TRUE,0.4,0.4,0.4
europolis-2009,pfemale_ind,71500004449,TRUE,0.538461538461538,0.5384615384615384,0.5384615384615384
europolis-2009,pfemale_ind,71500004517,TRUE,0.461538461538462,0.4615384615384616,0.4615384615384616
europolis-2009,pfemale_ind,71500005072,TRUE,0.461538461538462,0.4615384615384616,0.4615384615384616
europolis-2009,pfemale_ind,71500005257,TRUE,0.571428571428571,0.5714285714285714,0.5714285714285714
europolis-2009,pfemale_ind,71500005898,TRUE,0.5,0.5,0.5
europolis-2009,pfemale_ind,71500006038,TRUE,0.466666666666667,0.4666666666666667,0.4666666666666667
europolis-2009,pfemale_ind,71500006146,TRUE,0.538461538461538,0.5384615384615384,0.5384615384615384
europolis-2009,pfemale_ind,71500006200,TRUE,0.533333333333333,0.5333333333333333,0.5333333333333333
europolis-2009,pfemale_ind,71500006445,TRUE,0.466666666666667,0.4666666666666667,0.4666666666666667
europolis-2009,pfemale_ind,71500006618,TRUE,0.428571428571429,0.42857142857142855,0.42857142857142855
europolis-2009,pfemale_ind,71500007032,TRUE,0.428571428571429,0.42857142857142855,0.42857142857142855
europolis-2009,pfemale_ind,71500008204,TRUE,0.6,0.6,0.6
europolis-2009,pfemale_ind,71500008248,TRUE,0.533333333333333,0.5333333333333333,0.5333333333333333
europolis-2009,pfemale_ind,71500008273,TRUE,0.4,0.4,0.4
europolis-2009,pfemale_ind,71600000007,TRUE,0.5,0.5,0.5
europolis-2009,pfemale_ind,71600000010,TRUE,0.6,0.6,0.6
europolis-2009,pfemale_ind,71600000414,TRUE,0.5,0.5,0.5
europolis-2009,pfemale_ind,71600000539,TRUE,0.6,0.6,0.6
europolis-2009,pfemale_ind,71700000047,TRUE,0.642857142857143,0.6428571428571429,0.6428571428571429
europolis-2009,pfemale_ind,71700000107,TRUE,0.333333333333333,0.3333333333333333,0.33333333333333337
europolis-2009,pfemale_ind,71700000139,TRUE,0.333333333333333,0.3333333333333333,0.33333333333333337
europolis-2009,pfemale_ind,71700000180,TRUE,0.538461538461538,0.5384615384615384,0.5384615384615384
europolis-2009,pfemale_ind,71700000255,TRUE,0.571428571428571,0.5714285714285714,0.5714285714285714
europolis-2009,pfemale_ind,71700000321,TRUE,0.384615384615385,0.38461538461538464,0.38461538461538464
europolis-2009,pfemale_ind,71700000347,TRUE,0.642857142857143,0.6428571428571429,0.6428571428571429
europolis-2009,pfemale_ind,71700000386,TRUE,0.461538461538462,0.4615384615384616,0.4615384615384616
europolis-2009,pfemale_ind,71700000538,TRUE,0.642857142857143,0.6428571428571429,0.6428571428571429
europolis-2009,pfemale_ind,71700000550,TRUE,0.461538461538462,0.4615384615384616,0.4615384615384616
europolis-2009,pfemale_ind,71700000558,TRUE,0.461538461538462,0.4615384615384616,0.4615384615384616
europolis-2009,pfemale_ind,71700000610,TRUE,0.285714285714286,0.2857142857142857,0.2857142857142857
europolis-2009,pfemale_ind,71700000612,TRUE,0.714285714285714,0.7142857142857143,0.7142857142857143
europolis-2009,pfemale_ind,71700000743,TRUE,0.5,0.5,0.5
europolis-2009,pfemale_ind,71700001060,TRUE,0.714285714285714,0.7142857142857143,0.7142857142857143
europolis-2009,pfemale_ind,71700001103,TRUE,0.461538461538462,0.4615384615384616,0.4615384615384616
europolis-2009,pfemale_ind,71700001178,TRUE,0.5,0.5,0.5
europolis-2009,pfemale_ind,71700001274,TRUE,0.461538461538462,0.4615384615384616,0.4615384615384616
europolis-2009,pfemale_ind,71700001323,TRUE,0.416666666666667,0.4166666666666667,0.41666666666666663
europolis-2009,pfemale_ind,71700001377,TRUE,0.416666666666667,0.4166666666666667,0.41666666666666663
europolis-2009,pfemale_ind,71700001380,TRUE,0.5,0.5,0.5
europolis-2009,pfemale_ind,71700001386,TRUE,0.384615384615385,0.3846153846153845,0.38461538461538464
europolis-2009,pfemale_ind,71700001431,TRUE,0.461538461538462,0.4615384615384616,0.4615384615384616
europolis-2009,pfemale_ind,71700001477,TRUE,0.384615384615385,0.3846153846153845,0.38461538461538464
europolis-2009,pfemale_ind,71700001486,TRUE,0.571428571428571,0.5714285714285714,0.5714285714285714
europolis-2009,pfemale_ind,71700001508,TRUE,0.285714285714286,0.2857142857142857,0.2857142857142857
europolis-2009,pfemale_ind,71700001523,TRUE,0.285714285714286,0.2857142857142857,0.2857142857142857
europolis-2009,pfemale_ind,71700001541,TRUE,0.538461538461538,0.5384615384615384,0.5384615384615384
europolis-2009,pfemale_ind,71700001620,TRUE,0.285714285714286,0.2857142857142857,0.2857142857142857
europolis-2009,pfemale_ind,71700001653,TRUE,0.538461538461538,0.5384615384615384,0.5384615384615384
europolis-2009,pfemale_ind,71700001659,TRUE,0.416666666666667,0.4166666666666667,0.41666666666666663
europolis-2009,pfemale_ind,71700001692,TRUE,0.642857142857143,0.6428571428571429,0.6428571428571429
europolis-2009,pfemale_ind,71700001715,TRUE,0.285714285714286,0.2857142857142857,0.2857142857142857
europolis-2009,pfemale_ind,71700001745,TRUE,0.714285714285714,0.7142857142857143,0.7142857142857143
europolis-2009,pfemale_ind,71700001749,TRUE,0.416666666666667,0.4166666666666667,0.41666666666666663
europolis-2009,pfemale_ind,71700001868,TRUE,0.214285714285714,0.21428571428571427,0.21428571428571427
europolis-2009,pfemale_ind,71700002121,TRUE,0.538461538461538,0.5384615384615384,0.5384615384615384
europolis-2009,pfemale_ind,71700002139,TRUE,0.5,0.5,0.5
europolis-2009,pfemale_ind,71700002185,TRUE,0.5,0.5,0.5
europolis-2009,pfemale_ind,71700002195,TRUE,0.571428571428571,0.5714285714285714,0.5714285714285714
europolis-2009,pfemale_ind,71700002390,TRUE,0.384615384615385,0.38461538461538464,0.38461538461538464
europolis-2009,pfemale_ind,71700002486,TRUE,0.307692307692308,0.3076923076923076,0.30769230769230765
europolis-2009,pfemale_ind,71800000010,TRUE,0.416666666666667,0.4166666666666667,0.41666666666666663
europolis-2009,pfemale_ind,71800000012,TRUE,0.461538461538462,0.4615384615384616,0.4615384615384616
europolis-2009,pfemale_ind,71800000037,TRUE,0.416666666666667,0.4166666666666667,0.41666666666666663
europolis-2009,pfemale_ind,71800000056,TRUE,0.555555555555556,0.5555555555555556,0.5555555555555556
europolis-2009,pfemale_ind,71800000071,TRUE,0.428571428571429,0.42857142857142855,0.42857142857142855
europolis-2009,pfemale_ind,71800004947,TRUE,0.5,0.5,0.5
europolis-2009,pfemale_ind,71900000079,TRUE,0.5,0.5,0.5
europolis-2009,pfemale_ind,71900000178,TRUE,0.384615384615385,0.38461538461538464,0.38461538461538464
europolis-2009,pfemale_ind,71900000386,TRUE,0.5,0.5,0.5
europolis-2009,pfemale_ind,71900000396,TRUE,0.6,0.6,0.6
europolis-2009,pfemale_ind,71900000411,TRUE,0.5,0.5,0.5
europolis-2009,pfemale_ind,71900000452,TRUE,0.5,0.5,0.5
europolis-2009,pfemale_ind,71900000532,TRUE,0.5,0.5,0.5
europolis-2009,pfemale_ind,71900000579,TRUE,0.6,0.6,0.6
europolis-2009,pfemale_ind,71900000823,TRUE,0.6,0.6,0.6
europolis-2009,pfemale_ind,71900000910,TRUE,0.461538461538462,0.4615384615384616,0.4615384615384616
europolis-2009,pfemale_ind,71900001043,TRUE,0.5,0.5,0.5
europolis-2009,pfemale_ind,71900001083,TRUE,0.461538461538462,0.4615384615384616,0.4615384615384616
europolis-2009,pfemale_ind,71900001168,TRUE,0.583333333333333,0.5833333333333334,0.5833333333333333
europolis-2009,pfemale_ind,71900001172,TRUE,0.5,0.5,0.5
europolis-2009,pfemale_ind,71900001230,TRUE,0.6,0.6,0.6
europolis-2009,pfemale_ind,71900001270,TRUE,0.384615384615385,0.38461538461538464,0.38461538461538464
europolis-2009,pfemale_ind,71900001339,TRUE,0.5,0.5,0.5
europolis-2009,pfemale_ind,71900001359,TRUE,0.5,0.5,0.5
europolis-2009,pfemale_ind,71900001376,TRUE,0.583333333333333,0.5833333333333334,0.5833333333333333
europolis-2009,pfemale_ind,71900001558,TRUE,0.4,0.4,0.4
europolis-2009,pfemale_ind,71900001622,TRUE,0.5,0.5,0.5
europolis-2009,pfemale_ind,71900001644,TRUE,0.666666666666667,0.6666666666666666,0.6666666666666666
europolis-2009,pfemale_ind,71900001695,TRUE,0.666666666666667,0.6666666666666666,0.6666666666666666
europolis-2009,pfemale_ind,71900001698,TRUE,0.666666666666667,0.6666666666666666,0.6666666666666666
europolis-2009,pfemale_ind,71900001799,TRUE,0.5,0.5,0.5
europolis-2009,pfemale_ind,71900001856,TRUE,0.5,0.5,0.5
europolis-2009,pfemale_ind,71900001927,TRUE,0.4,0.4,0.4
europolis-2009,pfemale_ind,71900002498,TRUE,0.4375,0.4375,0.4375
europolis-2009,pfemale_ind,71900002586,TRUE,0.5,0.5,0.5
europolis-2009,pfemale_ind,71900002680,TRUE,0.571428571428571,0.5714285714285714,0.5714285714285714
europolis-2009,pfemale_ind,71900002860,TRUE,0.5,0.5,0.5
europolis-2009,pfemale_ind,71900002923,TRUE,0.571428571428571,0.5714285714285714,0.5714285714285714
europolis-2009,pfemale_ind,71900002951,TRUE,0.571428571428571,0.5714285714285714,0.5714285714285714
europolis-2009,pfemale_ind,71900003004,TRUE,0.666666666666667,0.6666666666666666,0.6666666666666666
europolis-2009,pfemale_ind,71900003015,TRUE,0.6,0.6,0.6
europolis-2009,pfemale_ind,71900003133,TRUE,0.6,0.6,0.6
europolis-2009,pfemale_ind,71900003206,TRUE,0.461538461538462,0.4615384615384616,0.4615384615384616
europolis-2009,pfemale_ind,711000000483,TRUE,0.642857142857143,0.6428571428571429,0.6428571428571429
europolis-2009,pfemale_ind,711000000725,TRUE,0.416666666666667,0.4166666666666667,0.41666666666666663
europolis-2009,pfemale_ind,711100000290,TRUE,0.307692307692308,0.3076923076923076,0.3076923076923077
europolis-2009,pfemale_ind,711100000340,TRUE,0.384615384615385,0.3846153846153845,0.38461538461538464
europolis-2009,pfemale_ind,711100000520,TRUE,0.285714285714286,0.2857142857142857,0.2857142857142857
europolis-2009,pfemale_ind,711100000652,TRUE,0.285714285714286,0.2857142857142857,0.2857142857142857
europolis-2009,pfemale_ind,711100000909,TRUE,0.214285714285714,0.21428571428571427,0.21428571428571427
europolis-2009,pfemale_ind,711100000940,TRUE,0.285714285714286,0.2857142857142857,0.2857142857142857
europolis-2009,pfemale_ind,711100000990,TRUE,0.285714285714286,0.2857142857142857,0.2857142857142857
europolis-2009,pfemale_ind,711100001042,TRUE,0.384615384615385,0.3846153846153845,0.38461538461538464
europolis-2009,pfemale_ind,711100001294,TRUE,0.307692307692308,0.3076923076923076,0.3076923076923077
europolis-2009,pfemale_ind,711100001813,TRUE,0.384615384615385,0.3846153846153845,0.38461538461538464
europolis-2009,pfemale_ind,711100002957,TRUE,0.214285714285714,0.21428571428571427,0.21428571428571427
europolis-2009,pfemale_ind,711100003192,TRUE,0.285714285714286,0.2857142857142857,0.2857142857142857
europolis-2009,pfemale_ind,711210002803,TRUE,0.642857142857143,0.6428571428571429,0.6428571428571429
europolis-2009,pfemale_ind,711210003133,TRUE,0.428571428571429,0.42857142857142855,0.42857142857142855
europolis-2009,pfemale_ind,711210003443,TRUE,0.533333333333333,0.5333333333333333,0.5333333333333333
europolis-2009,pfemale_ind,711210004515,TRUE,0.461538461538462,0.4615384615384616,0.4615384615384616
europolis-2009,pfemale_ind,711210004583,TRUE,0.571428571428571,0.5714285714285714,0.5714285714285714
europolis-2009,pfemale_ind,711210004615,TRUE,0.5,0.5,0.5
europolis-2009,pfemale_ind,711300002885,TRUE,0.384615384615385,0.3846153846153845,0.38461538461538464
europolis-2009,pfemale_ind,711300003067,TRUE,0.384615384615385,0.3846153846153845,0.38461538461538464
europolis-2009,pfemale_ind,711300004554,TRUE,0.384615384615385,0.3846153846153845,0.38461538461538464
europolis-2009,pfemale_ind,711300006606,TRUE,0.384615384615385,0.3846153846153845,0.38461538461538464
europolis-2009,pfemale_ind,711300007979,TRUE,0.384615384615385,0.3846153846153845,0.38461538461538464
europolis-2009,pfemale_ind,711300008232,TRUE,0.307692307692308,0.3076923076923076,0.3076923076923077
europolis-2009,pfemale_ind,711400000005,TRUE,0.5,0.5,0.5
europolis-2009,pfemale_ind,711400000076,TRUE,0.5,0.5,0.5
europolis-2009,pfemale_ind,711400000252,TRUE,0.5,0.5,0.5
europolis-2009,pfemale_ind,711400000257,TRUE,0.5,0.5,0.5
europolis-2009,pfemale_ind,711400000273,TRUE,0.571428571428571,0.5714285714285714,0.5714285714285714
europolis-2009,pfemale_ind,711400000297,TRUE,0.571428571428571,0.5714285714285714,0.5714285714285714
europolis-2009,pfemale_ind,711500000019,TRUE,0.461538461538462,0.4615384615384616,0.4615384615384616
europolis-2009,pfemale_ind,711500000286,TRUE,0.461538461538462,0.4615384615384616,0.4615384615384616
europolis-2009,pfemale_ind,711500000413,TRUE,0.461538461538462,0.4615384615384616,0.4615384615384616
europolis-2009,pfemale_ind,711500000450,TRUE,0.461538461538462,0.4615384615384616,0.4615384615384616
europolis-2009,pfemale_ind,711500000578,TRUE,0.555555555555556,0.5555555555555556,0.5555555555555556
europolis-2009,pfemale_ind,711500000594,TRUE,0.416666666666667,0.4166666666666667,0.41666666666666663
europolis-2009,pfemale_ind,711500000609,TRUE,0.5,0.5,0.5
europolis-2009,pfemale_ind,711500000660,TRUE,0.5,0.5,0.5
europolis-2009,pfemale_ind,711500000669,TRUE,0.5,0.5,0.5
europolis-2009,pfemale_ind,711500000688,TRUE,0.5,0.5,0.5
europolis-2009,pfemale_ind,711500000929,TRUE,0.333333333333333,0.3333333333333333,0.33333333333333337
europolis-2009,pfemale_ind,711500000954,TRUE,0.5,0.5,0.5
europolis-2009,pfemale_ind,711500001006,TRUE,0.6,0.6,0.6
europolis-2009,pfemale_ind,711500001026,TRUE,0.333333333333333,0.3333333333333333,0.33333333333333337
europolis-2009,pfemale_ind,711500001237,TRUE,0.555555555555556,0.5555555555555556,0.5555555555555556
europolis-2009,pfemale_ind,711500001245,TRUE,0.6,0.6,0.6
europolis-2009,pfemale_ind,711500001365,TRUE,0.5,0.5,0.5
europolis-2009,pfemale_ind,711500001578,TRUE,0.538461538461538,0.5384615384615384,0.5384615384615384
europolis-2009,pfemale_ind,711500001720,TRUE,0.538461538461538,0.5384615384615384,0.5384615384615384
europolis-2009,pfemale_ind,711500001744,TRUE,0.428571428571429,0.42857142857142855,0.42857142857142855
europolis-2009,pfemale_ind,711500001825,TRUE,0.416666666666667,0.4166666666666667,0.41666666666666663
europolis-2009,pfemale_ind,711500001873,TRUE,0.666666666666667,0.6666666666666666,0.6666666666666666
europolis-2009,pfemale_ind,711500001932,TRUE,0.5,0.5,0.5
europolis-2009,pfemale_ind,711500002034,TRUE,0.5,0.5,0.5
europolis-2009,pfemale_ind,711500002072,TRUE,0.461538461538462,0.4615384615384616,0.4615384615384616
europolis-2009,pfemale_ind,711500002172,TRUE,0.666666666666667,0.6666666666666666,0.6666666666666666
europolis-2009,pfemale_ind,711500002205,TRUE,0.666666666666667,0.6666666666666666,0.6666666666666666
europolis-2009,pfemale_ind,711500002213,TRUE,0.538461538461538,0.5384615384615384,0.5384615384615384
europolis-2009,pfemale_ind,711500002244,TRUE,0.428571428571429,0.42857142857142855,0.42857142857142855
europolis-2009,pfemale_ind,711500002249,TRUE,0.428571428571429,0.42857142857142855,0.42857142857142855
europolis-2009,pfemale_ind,711500002275,TRUE,0.416666666666667,0.4166666666666667,0.41666666666666663
europolis-2009,pfemale_ind,711500002427,TRUE,0.333333333333333,0.3333333333333333,0.33333333333333337
europolis-2009,pfemale_ind,711500002435,TRUE,0.538461538461538,0.5384615384615384,0.5384615384615384
europolis-2009,pfemale_ind,711500002456,TRUE,0.333333333333333,0.3333333333333333,0.33333333333333337
europolis-2009,pfemale_ind,713100000008,TRUE,0.555555555555556,0.5555555555555556,0.5555555555555556
europolis-2009,pfemale_ind,713100000009,TRUE,0.555555555555556,0.5555555555555556,0.5555555555555556
europolis-2009,pfemale_ind,713100000010,TRUE,0.666666666666667,0.6666666666666666,0.6666666666666666
europolis-2009,pfemale_ind,713100000020,TRUE,0.555555555555556,0.5555555555555556,0.5555555555555556
europolis-2009,pfemale_ind,713200000033,TRUE,0.416666666666667,0.4166666666666667,0.41666666666666663
europolis-2009,pfemale_ind,713200000563,TRUE,0.4375,0.4375,0.4375
europolis-2009,pfemale_ind,713200000569,TRUE,0.5,0.5,0.5
europolis-2009,pfemale_ind,713304049800,TRUE,0.333333333333333,0.3333333333333333,0.33333333333333337
europolis-2009,pfemale_ind,713304076100,TRUE,0.416666666666667,0.4166666666666667,0.41666666666666663
europolis-2009,pfemale_ind,713304136000,TRUE,0.416666666666667,0.4166666666666667,0.41666666666666663
europolis-2009,pfemale_ind,713400000031,TRUE,0.384615384615385,0.38461538461538464,0.38461538461538464
europolis-2009,pfemale_ind,713400000093,TRUE,0.461538461538462,0.4615384615384616,0.4615384615384616
europolis-2009,pfemale_ind,713400000119,TRUE,0.384615384615385,0.38461538461538464,0.38461538461538464
europolis-2009,pfemale_ind,713400000129,TRUE,0.384615384615385,0.38461538461538464,0.38461538461538464
europolis-2009,pfemale_ind,713400000155,TRUE,0.384615384615385,0.38461538461538464,0.38461538461538464
europolis-2009,pfemale_ind,713400000408,TRUE,0.461538461538462,0.4615384615384616,0.4615384615384616
europolis-2009,pfemale_ind,713500000060,TRUE,0.571428571428571,0.5714285714285714,0.5714285714285714
europolis-2009,pfemale_ind,713500000107,TRUE,0.5,0.5,0.5
europolis-2009,pfemale_ind,713500000243,TRUE,0.5,0.5,0.5
europolis-2009,pfemale_ind,713500000349,TRUE,0.571428571428571,0.5714285714285714,0.5714285714285714
europolis-2009,pfemale_ind,713500000446,TRUE,0.5,0.5,0.5
europolis-2009,pfemale_ind,713500000566,TRUE,0.571428571428571,0.5714285714285714,0.5714285714285714
europolis-2009,pfemale_ind,713600016101,TRUE,0.538461538461538,0.5384615384615384,0.5384615384615384
europolis-2009,pfemale_ind,713600018305,TRUE,0.461538461538462,0.4615384615384616,0.4615384615384616
europolis-2009,pfemale_ind,713600018704,TRUE,0.461538461538462,0.4615384615384616,0.4615384615384616
europolis-2009,pfemale_ind,713600028604,TRUE,0.461538461538462,0.4615384615384616,0.4615384615384616
europolis-2009,pfemale_ind,713600061401,TRUE,0.538461538461538,0.5384615384615384,0.5384615384615384
europolis-2009,pfemale_ind,713700000022,TRUE,0.533333333333333,0.5333333333333333,0.5333333333333333
europolis-2009,pfemale_ind,713700000027,TRUE,0.533333333333333,0.5333333333333333,0.5333333333333333
europolis-2009,pfemale_ind,713700000033,TRUE,0.533333333333333,0.5333333333333333,0.5333333333333333
europolis-2009,pfemale_ind,713700000042,TRUE,0.6,0.6,0.6
europolis-2009,pfemale_ind,713700000046,TRUE,0.6,0.6,0.6
europolis-2009,pfemale_ind,713800000007,TRUE,0.538461538461538,0.5384615384615384,0.5384615384615384
europolis-2009,pfemale_ind,713800000015,TRUE,0.461538461538462,0.4615384615384616,0.4615384615384616
europolis-2009,pfemale_ind,713800000020,TRUE,0.416666666666667,0.4166666666666667,0.41666666666666663
europolis-2009,pfemale_ind,713900000069,TRUE,0.384615384615385,0.3846153846153845,0.38461538461538464
europolis-2009,pfemale_ind,713900000072,TRUE,0.571428571428571,0.5714285714285714,0.5714285714285714
europolis-2009,pfemale_ind,713900000085,TRUE,0.571428571428571,0.5714285714285714,0.5714285714285714
europolis-2009,pfemale_ind,713900000107,TRUE,0.4,0.4,0.4
europolis-2009,pfemale_ind,713900000108,TRUE,0.5,0.5,0.5
europolis-2009,pfemale_ind,713900000109,TRUE,0.5,0.5,0.5
europolis-2009,pfemale_ind,713900000110,TRUE,0.384615384615385,0.3846153846153845,0.38461538461538464
europolis-2009,pfemale_ind,713900000118,TRUE,0.384615384615385,0.3846153846153845,0.38461538461538464
europolis-2009,pfemale_ind,713900000133,TRUE,0.5,0.5,0.5
europolis-2009,pfemale_ind,713900000147,TRUE,0.384615384615385,0.3846153846153845,0.38461538461538464
europolis-2009,pfemale_ind,713900000172,TRUE,0.571428571428571,0.5714285714285714,0.5714285714285714
europolis-2009,pfemale_ind,713900000203,TRUE,0.428571428571429,0.42857142857142855,0.42857142857142855
europolis-2009,pfemale_ind,713900000236,TRUE,0.5,0.5,0.5
europolis-2009,pfemale_ind,713900000253,TRUE,0.4,0.4,0.4
europolis-2009,pfemale_ind,713900000254,TRUE,0.5,0.5,0.5
europolis-2009,pfemale_ind,713900000276,TRUE,0.5,0.5,0.5
europolis-2009,pfemale_ind,713900000292,TRUE,0.5,0.5,0.5
europolis-2009,pfemale_ind,713900000297,TRUE,0.5,0.5,0.5
europolis-2009,pfemale_ind,713900000298,TRUE,0.428571428571429,0.42857142857142855,0.42857142857142855
europolis-2009,pfemale_ind,713900000300,TRUE,0.5,0.5,0.5
europolis-2009,pfemale_ind,713900000345,TRUE,0.5,0.5,0.5
europolis-2009,pfemale_ind,713900000362,TRUE,0.5,0.5,0.5
europolis-2009,pfemale_ind,713900000386,TRUE,0.5,0.5,0.5
europolis-2009,pfemale_ind,713900000389,TRUE,0.428571428571429,0.42857142857142855,0.42857142857142855
europolis-2009,pfemale_ind,713900000411,TRUE,0.5,0.5,0.5
europolis-2009,pfemale_ind,713900000422,TRUE,0.307692307692308,0.3076923076923076,0.3076923076923077
europolis-2009,pfemale_ind,713900000426,TRUE,0.307692307692308,0.3076923076923076,0.3076923076923077
europolis-2009,pfemale_ind,713900000427,TRUE,0.307692307692308,0.3076923076923076,0.3076923076923077
europolis-2009,pfemale_ind,713900000430,TRUE,0.4,0.4,0.4
europolis-2009,pfemale_ind,713900000433,TRUE,0.428571428571429,0.42857142857142855,0.42857142857142855
europolis-2009,pfemale_ind,714000000010,TRUE,0.583333333333333,0.5833333333333334,0.5833333333333334
europolis-2009,pfemale_ind,714000000012,TRUE,0.583333333333333,0.5833333333333334,0.5833333333333334
europolis-2009,pfemale_ind,714000000014,TRUE,0.583333333333333,0.5833333333333334,0.5833333333333334
europolis-2009,pfemale_ind,714000000018,TRUE,0.571428571428571,0.5714285714285714,0.5714285714285714
europolis-2009,pfemale_ind,714000000025,TRUE,0.307692307692308,0.3076923076923076,0.3076923076923077
europolis-2009,pfemale_ind,714000000040,TRUE,0.307692307692308,0.3076923076923076,0.3076923076923077
europolis-2009,pfemale_ind,714000000041,TRUE,0.384615384615385,0.3846153846153845,0.38461538461538464
europolis-2009,pfemale_ind,714000000138,TRUE,0.666666666666667,0.6666666666666666,0.6666666666666667
europolis-2009,pfemale_ind,714000000139,TRUE,0.583333333333333,0.5833333333333334,0.5833333333333334
europolis-2009,pfemale_ind,714000000145,TRUE,0.583333333333333,0.5833333333333334,0.5833333333333334
europolis-2009,pfemale_ind,714000000147,TRUE,0.384615384615385,0.3846153846153845,0.38461538461538464
europolis-2009,pfemale_ind,714000000149,TRUE,0.307692307692308,0.3076923076923076,0.3076923076923077
europolis-2009,pfemale_ind,714000000150,TRUE,0.583333333333333,0.5833333333333334,0.5833333333333334
europolis-2009,pfemale_ind,714100000007,TRUE,0.5,0.5,0.5
europolis-2009,pfemale_ind,714100000009,TRUE,0.5,0.5,0.5
europolis-2009,pfemale_ind,714100000010,TRUE,0.428571428571429,0.42857142857142855,0.42857142857142855
europolis-2009,pfemale_ind,714100000021,TRUE,0.428571428571429,0.42857142857142855,0.42857142857142855
europolis-2009,pfemale_ind,714100000022,TRUE,0.428571428571429,0.42857142857142855,0.42857142857142855
europolis-2009,pfemale_ind,714100000024,TRUE,0.5,0.5,0.5
europolis-2009,pfemale_ind,714200000127,TRUE,0.428571428571429,0.42857142857142855,0.42857142857142855
europolis-2009,pfemale_ind,714200000145,TRUE,0.428571428571429,0.42857142857142855,0.42857142857142855
europolis-2009,pfemale_ind,714200001284,TRUE,0.5,0.5,0.5
europolis-2009,pfemale_ind,714200001292,TRUE,0.5,0.5,0.5
europolis-2009,pfemale_ind,714200001405,TRUE,0.5,0.5,0.5
europolis-2009,pfemale_ind,714200003424,TRUE,0.428571428571429,0.42857142857142855,0.42857142857142855
new-haven-2004,pfemale_ind,910073,TRUE,0.5,0.5,0.5
new-haven-2004,pfemale_ind,910102,TRUE,0.8,0.8,0.8
new-haven-2004,pfemale_ind,910036,TRUE,0.444444444444444,0.4444444444444444,0.4444444444444444
new-haven-2004,pfemale_ind,910049,TRUE,0.555555555555556,0.5555555555555556,0.5555555555555556
new-haven-2004,pfemale_ind,910094,TRUE,0.571428571428571,0.5714285714285714,0.5714285714285714
new-haven-2004,pfemale_ind,910122,TRUE,0.333333333333333,0.3333333333333333,0.33333333333333337
new-haven-2004,pfemale_ind,910001,TRUE,0.2,0.2,0.2
new-haven-2004,pfemale_ind,910127,TRUE,0.4,0.4,0.4
new-haven-2004,pfemale_ind,910013,TRUE,0.833333333333333,0.8333333333333334,0.8333333333333334
new-haven-2004,pfemale_ind,910072,TRUE,0.5,0.5,0.5
new-haven-2004,pfemale_ind,910068,TRUE,0.625,0.625,0.625
new-haven-2004,pfemale_ind,910005,TRUE,0,0,0
new-haven-2004,pfemale_ind,910022,TRUE,0.454545454545455,0.4545454545454546,0.4545454545454545
new-haven-2004,pfemale_ind,910117,TRUE,0.333333333333333,0.3333333333333333,0.33333333333333337
new-haven-2004,pfemale_ind,910083,TRUE,0.4,0.3999999999999999,0.4
new-haven-2004,pfemale_ind,910085,TRUE,0.4,0.3999999999999999,0.4
new-haven-2004,pfemale_ind,910041,TRUE,0.444444444444444,0.4444444444444444,0.4444444444444444
new-haven-2004,pfemale_ind,910098,TRUE,0.571428571428571,0.5714285714285714,0.5714285714285714
new-haven-2004,pfemale_ind,910074,TRUE,0.714285714285714,0.7142857142857143,0.7142857142857143
new-haven-2004,pfemale_ind,910016,TRUE,0.5,0.5,0.5
new-haven-2004,pfemale_ind,910020,TRUE,0.666666666666667,0.6666666666666666,0.6666666666666666
new-haven-2004,pfemale_ind,910120,TRUE,0.333333333333333,0.3333333333333333,0.33333333333333337
new-haven-2004,pfemale_ind,910095,TRUE,0.428571428571429,0.42857142857142855,0.42857142857142855
new-haven-2004,pfemale_ind,910105,TRUE,0.6,0.6,0.6
new-haven-2004,pfemale_ind,910107,TRUE,0.333333333333333,0.3333333333333333,0.33333333333333337
new-haven-2004,pfemale_ind,910096,TRUE,0.428571428571429,0.42857142857142855,0.42857142857142855
new-haven-2004,pfemale_ind,910035,TRUE,0.333333333333333,0.33333333333333326,0.33333333333333337
new-haven-2004,pfemale_ind,910028,TRUE,0.454545454545455,0.4545454545454546,0.4545454545454545
new-haven-2004,pfemale_ind,910023,TRUE,0.454545454545455,0.4545454545454546,0.4545454545454545
new-haven-2004,pfemale_ind,910044,TRUE,1,1,1
new-haven-2004,pfemale_ind,910090,TRUE,0.4,0.3999999999999999,0.4
new-haven-2004,pfemale_ind,910100,TRUE,0.428571428571429,0.42857142857142855,0.42857142857142855
new-haven-2004,pfemale_ind,910057,TRUE,0.428571428571429,0.42857142857142855,0.42857142857142855
new-haven-2004,pfemale_ind,910111,TRUE,0.5,0.5,0.5
new-haven-2004,pfemale_ind,910054,TRUE,0.555555555555556,0.5555555555555556,0.5555555555555556
new-haven-2004,pfemale_ind,910056,TRUE,0.555555555555556,0.5555555555555556,0.5555555555555556
new-haven-2004,pfemale_ind,910050,TRUE,0.666666666666667,0.6666666666666666,0.6666666666666666
new-haven-2004,pfemale_ind,910055,TRUE,0.666666666666667,0.6666666666666666,0.6666666666666666
new-haven-2004,pfemale_ind,910131,TRUE,0.2,0.2,0.2
new-haven-2004,pfemale_ind,910104,TRUE,0.8,0.8,0.8
new-haven-2004,pfemale_ind,910053,TRUE,0.555555555555556,0.5555555555555556,0.5555555555555556
new-haven-2004,pfemale_ind,910048,TRUE,0.555555555555556,0.5555555555555556,0.5555555555555556
new-haven-2004,pfemale_ind,910004,TRUE,0.2,0.2,0.2
new-haven-2004,pfemale_ind,910010,TRUE,1,1,1
new-haven-2004,pfemale_ind,910008,TRUE,0.833333333333333,0.8333333333333334,0.8333333333333334
new-haven-2004,pfemale_ind,910042,TRUE,0.333333333333333,0.33333333333333326,0.33333333333333337
new-haven-2004,pfemale_ind,910126,TRUE,0.333333333333333,0.3333333333333333,0.33333333333333337
new-haven-2004,pfemale_ind,910077,TRUE,0.571428571428571,0.5714285714285714,0.5714285714285714
new-haven-2004,pfemale_ind,910078,TRUE,0.714285714285714,0.7142857142857143,0.7142857142857143
new-haven-2004,pfemale_ind,910034,TRUE,0.444444444444444,0.4444444444444444,0.4444444444444444
new-haven-2004,pfemale_ind,910067,TRUE,0.5,0.5,0.5
new-haven-2004,pfemale_ind,910114,TRUE,0.333333333333333,0.3333333333333333,0.33333333333333337
new-haven-2004,pfemale_ind,910130,TRUE,0.4,0.4,0.4
new-haven-2004,pfemale_ind,910031,TRUE,0.545454545454545,0.5454545454545454,0.5454545454545454
new-haven-2004,pfemale_ind,910108,TRUE,0.333333333333333,0.3333333333333333,0.33333333333333337
new-haven-2004,pfemale_ind,910132,TRUE,0.2,0.2,0.2
new-haven-2004,pfemale_ind,910079,TRUE,0.571428571428571,0.5714285714285714,0.5714285714285714
new-haven-2004,pfemale_ind,910003,TRUE,0.2,0.2,0.2
new-haven-2004,pfemale_ind,910040,TRUE,0.333333333333333,0.33333333333333326,0.33333333333333337
new-haven-2004,pfemale_ind,910062,TRUE,0.428571428571429,0.42857142857142855,0.42857142857142855
new-haven-2004,pfemale_ind,910045,TRUE,0.666666666666667,0.6666666666666666,0.6666666666666666
new-haven-2004,pfemale_ind,910119,TRUE,0.333333333333333,0.3333333333333333,0.33333333333333337
new-haven-2004,pfemale_ind,910046,TRUE,0.666666666666667,0.6666666666666666,0.6666666666666666
new-haven-2004,pfemale_ind,910115,TRUE,0.25,0.25,0.25
new-haven-2004,pfemale_ind,910080,TRUE,0.571428571428571,0.5714285714285714,0.5714285714285714
new-haven-2004,pfemale_ind,910081,TRUE,0.571428571428571,0.5714285714285714,0.5714285714285714
new-haven-2004,pfemale_ind,910112,TRUE,0.5,0.5,0.5
new-haven-2004,pfemale_ind,910110,TRUE,0.333333333333333,0.3333333333333333,0.33333333333333337
new-haven-2004,pfemale_ind,910011,TRUE,0.833333333333333,0.8333333333333334,0.8333333333333334
new-haven-2004,pfemale_ind,910088,TRUE,0.5,0.4999999999999999,0.5
new-haven-2004,pfemale_ind,910024,TRUE,0.454545454545455,0.4545454545454546,0.4545454545454545
new-haven-2004,pfemale_ind,910089,TRUE,0.4,0.3999999999999999,0.4
new-haven-2004,pfemale_ind,910128,TRUE,0.4,0.4,0.4
new-haven-2004,pfemale_ind,910064,TRUE,0.428571428571429,0.42857142857142855,0.42857142857142855
new-haven-2004,pfemale_ind,910124,TRUE,0.25,0.25,0.25
new-haven-2004,pfemale_ind,910109,TRUE,0.5,0.5,0.5
new-haven-2004,pfemale_ind,910051,TRUE,0.666666666666667,0.6666666666666666,0.6666666666666666
new-haven-2004,pfemale_ind,910076,TRUE,0.571428571428571,0.5714285714285714,0.5714285714285714
new-haven-2004,pfemale_ind,910021,TRUE,0.454545454545455,0.4545454545454546,0.4545454545454545
new-haven-2004,pfemale_ind,910106,TRUE,0.6,0.6,0.6
new-haven-2004,pfemale_ind,910092,TRUE,0.5,0.4999999999999999,0.5
new-haven-2004,pfemale_ind,910061,TRUE,0.428571428571429,0.42857142857142855,0.42857142857142855
new-haven-2004,pfemale_ind,910015,TRUE,0.666666666666667,0.6666666666666666,0.6666666666666666
new-haven-2004,pfemale_ind,910038,TRUE,0.333333333333333,0.33333333333333326,0.33333333333333337
new-haven-2004,pfemale_ind,910093,TRUE,0.571428571428571,0.5714285714285714,0.5714285714285714
new-haven-2004,pfemale_ind,910030,TRUE,0.545454545454545,0.5454545454545454,0.5454545454545454
new-haven-2004,pfemale_ind,910002,TRUE,0.2,0.2,0.2
new-haven-2004,pfemale_ind,910123,TRUE,0.333333333333333,0.3333333333333333,0.33333333333333337
new-haven-2004,pfemale_ind,910007,TRUE,0.833333333333333,0.8333333333333334,0.8333333333333334
new-haven-2004,pfemale_ind,910033,TRUE,0.444444444444444,0.4444444444444444,0.4444444444444444
new-haven-2004,pfemale_ind,910087,TRUE,0.5,0.4999999999999999,0.5
new-haven-2004,pfemale_ind,910063,TRUE,0.285714285714286,0.2857142857142857,0.2857142857142857
new-haven-2004,pfemale_ind,910084,TRUE,0.4,0.3999999999999999,0.4
new-haven-2004,pfemale_ind,910059,TRUE,0.285714285714286,0.2857142857142857,0.2857142857142857
new-haven-2004,pfemale_ind,910029,TRUE,0.454545454545455,0.4545454545454546,0.4545454545454545
new-haven-2004,pfemale_ind,910075,TRUE,0.714285714285714,0.7142857142857143,0.7142857142857143
new-haven-2004,pfemale_ind,910060,TRUE,0.285714285714286,0.2857142857142857,0.2857142857142857
new-haven-2004,pfemale_ind,910026,TRUE,0.545454545454545,0.5454545454545454,0.5454545454545454
new-haven-2004,pfemale_ind,910039,TRUE,0.444444444444444,0.4444444444444444,0.4444444444444444
new-haven-2004,pfemale_ind,910069,TRUE,0.5,0.5,0.5
new-haven-2004,pfemale_ind,910006,TRUE,0.2,0.2,0.2
new-haven-2004,pfemale_ind,910012,TRUE,0.833333333333333,0.8333333333333334,0.8333333333333334
new-haven-2004,pfemale_ind,910043,TRUE,0.666666666666667,0.6666666666666666,0.6666666666666666
new-haven-2004,pfemale_ind,910025,TRUE,0.545454545454545,0.5454545454545454,0.5454545454545454
new-haven-2004,pfemale_ind,910097,TRUE,0.428571428571429,0.42857142857142855,0.42857142857142855
new-haven-2004,pfemale_ind,910071,TRUE,0.625,0.625,0.625
new-haven-2004,pfemale_ind,910129,TRUE,0.4,0.4,0.4
new-haven-2004,pfemale_ind,910037,TRUE,0.444444444444444,0.4444444444444444,0.4444444444444444
new-haven-2004,pfemale_ind,910032,TRUE,0.545454545454545,0.5454545454545454,0.5454545454545454
new-haven-2004,pfemale_ind,910066,TRUE,0.625,0.625,0.625
new-haven-2004,pfemale_ind,910086,TRUE,0.5,0.4999999999999999,0.5
new-haven-2004,pfemale_ind,910014,TRUE,0.666666666666667,0.6666666666666666,0.6666666666666666
new-haven-2004,pfemale_ind,910103,TRUE,0.6,0.6,0.6
new-haven-2004,pfemale_ind,910018,TRUE,0.5,0.5,0.5
new-haven-2004,pfemale_ind,910070,TRUE,0.625,0.625,0.625
new-haven-2004,pfemale_ind,910027,TRUE,0.545454545454545,0.5454545454545454,0.5454545454545454
new-haven-2004,pfemale_ind,910017,TRUE,0.5,0.5,0.5
new-haven-2004,pfemale_ind,910091,TRUE,0.5,0.4999999999999999,0.5
new-haven-2004,pfemale_ind,910047,TRUE,0.666666666666667,0.6666666666666666,0.6666666666666666
new-haven-2004,pfemale_ind,910052,TRUE,0.555555555555556,0.5555555555555556,0.5555555555555556
new-haven-2004,pfemale_ind,910065,TRUE,0.5,0.5,0.5
new-haven-2004,pfemale_ind,910019,TRUE,0.5,0.5,0.5
new-haven-2004,pfemale_ind,910009,TRUE,0.833333333333333,0.8333333333333334,0.8333333333333334
new-haven-2004,pfemale_ind,910118,TRUE,0.25,0.25,0.25
new-haven-2004,pfemale_ind,910058,TRUE,0.428571428571429,0.42857142857142855,0.42857142857142855
new-haven-2004,pfemale_ind,910125,TRUE,0.333333333333333,0.3333333333333333,0.33333333333333337
new-haven-2004,pfemale_ind,910082,TRUE,0.5,0.4999999999999999,0.5
new-haven-2004,pfemale_ind,910121,TRUE,0.333333333333333,0.3333333333333333,0.33333333333333337
new-haven-2004,pfemale_ind,910099,TRUE,0.571428571428571,0.5714285714285714,0.5714285714285714
new-haven-2004,pfemale_ind,910116,TRUE,0.25,0.25,0.25
new-haven-2004,pfemale_ind,910101,TRUE,0.6,0.6,0.6
new-haven-2004,pfemale_ind,910113,TRUE,0.5,0.5,0.5
nic2-2003,pfemale_ind,920007,TRUE,0.571428571428571,0.5714285714285714,0.5714285714285714
nic2-2003,pfemale_ind,920012,TRUE,0.5,0.5,0.5
nic2-2003,pfemale_ind,920002,TRUE,0.5,0.5,0.5
nic2-2003,pfemale_ind,920003,TRUE,0.571428571428571,0.5714285714285714,0.5714285714285714
nic2-2003,pfemale_ind,920010,TRUE,0.571428571428571,0.5714285714285714,0.5714285714285714
nic2-2003,pfemale_ind,920005,TRUE,0.571428571428571,0.5714285714285714,0.5714285714285714
nic2-2003,pfemale_ind,920008,TRUE,0.5,0.5,0.5
nic2-2003,pfemale_ind,920009,TRUE,0.571428571428571,0.5714285714285714,0.5714285714285714
nic2-2003,pfemale_ind,920013,TRUE,0.5,0.5,0.5
nic2-2003,pfemale_ind,920001,TRUE,0.5,0.5,0.5
nic2-2003,pfemale_ind,920014,TRUE,0.571428571428571,0.5714285714285714,0.5714285714285714
nic2-2003,pfemale_ind,920011,TRUE,0.5,0.5,0.5
nic2-2003,pfemale_ind,920004,TRUE,0.5,0.5,0.5
nic2-2003,pfemale_ind,920006,TRUE,0.571428571428571,0.5714285714285714,0.5714285714285714
nic2-2003,pfemale_ind,920015,TRUE,0.5,0.5,0.5
nic2-2003,pfemale_ind,920018,TRUE,0.357142857142857,0.35714285714285715,0.3571428571428571
nic2-2003,pfemale_ind,920029,TRUE,0.357142857142857,0.35714285714285715,0.3571428571428571
nic2-2003,pfemale_ind,920019,TRUE,0.428571428571429,0.42857142857142855,0.42857142857142855
nic2-2003,pfemale_ind,920022,TRUE,0.357142857142857,0.35714285714285715,0.3571428571428571
nic2-2003,pfemale_ind,920020,TRUE,0.428571428571429,0.42857142857142855,0.42857142857142855
nic2-2003,pfemale_ind,920025,TRUE,0.428571428571429,0.42857142857142855,0.42857142857142855
nic2-2003,pfemale_ind,920028,TRUE,0.428571428571429,0.42857142857142855,0.42857142857142855
nic2-2003,pfemale_ind,920017,TRUE,0.428571428571429,0.42857142857142855,0.42857142857142855
nic2-2003,pfemale_ind,920026,TRUE,0.428571428571429,0.42857142857142855,0.42857142857142855
nic2-2003,pfemale_ind,920024,TRUE,0.428571428571429,0.42857142857142855,0.42857142857142855
nic2-2003,pfemale_ind,920021,TRUE,0.357142857142857,0.35714285714285715,0.3571428571428571
nic2-2003,pfemale_ind,920027,TRUE,0.357142857142857,0.35714285714285715,0.3571428571428571
nic2-2003,pfemale_ind,920023,TRUE,0.428571428571429,0.42857142857142855,0.42857142857142855
nic2-2003,pfemale_ind,920030,TRUE,0.428571428571429,0.42857142857142855,0.42857142857142855
nic2-2003,pfemale_ind,920016,TRUE,0.357142857142857,0.35714285714285715,0.3571428571428571
nic2-2003,pfemale_ind,920033,TRUE,0.533333333333333,0.5333333333333333,0.5333333333333333
nic2-2003,pfemale_ind,920040,TRUE,0.6,0.6,0.6
nic2-2003,pfemale_ind,920036,TRUE,0.533333333333333,0.5333333333333333,0.5333333333333333
nic2-2003,pfemale_ind,920032,TRUE,0.533333333333333,0.5333333333333333,0.5333333333333333
nic2-2003,pfemale_ind,920041,TRUE,0.533333333333333,0.5333333333333333,0.5333333333333333
nic2-2003,pfemale_ind,920044,TRUE,0.533333333333333,0.5333333333333333,0.5333333333333333
nic2-2003,pfemale_ind,920039,TRUE,0.533333333333333,0.5333333333333333,0.5333333333333333
nic2-2003,pfemale_ind,920035,TRUE,0.6,0.6,0.6
nic2-2003,pfemale_ind,920045,TRUE,0.6,0.6,0.6
nic2-2003,pfemale_ind,920031,TRUE,0.6,0.6,0.6
nic2-2003,pfemale_ind,920043,TRUE,0.6,0.6,0.6
nic2-2003,pfemale_ind,920034,TRUE,0.6,0.6,0.6
nic2-2003,pfemale_ind,920042,TRUE,0.533333333333333,0.5333333333333333,0.5333333333333333
nic2-2003,pfemale_ind,920037,TRUE,0.533333333333333,0.5333333333333333,0.5333333333333333
nic2-2003,pfemale_ind,920046,TRUE,0.6,0.6,0.6
nic2-2003,pfemale_ind,920038,TRUE,0.533333333333333,0.5333333333333333,0.5333333333333333
nic2-2003,pfemale_ind,920055,TRUE,0.642857142857143,0.6428571428571429,0.6428571428571428
nic2-2003,pfemale_ind,920051,TRUE,0.642857142857143,0.6428571428571429,0.6428571428571428
nic2-2003,pfemale_ind,920057,TRUE,0.642857142857143,0.6428571428571429,0.6428571428571428
nic2-2003,pfemale_ind,920061,TRUE,0.714285714285714,0.7142857142857143,0.7142857142857143
nic2-2003,pfemale_ind,920050,TRUE,0.714285714285714,0.7142857142857143,0.7142857142857143
nic2-2003,pfemale_ind,920049,TRUE,0.642857142857143,0.6428571428571429,0.6428571428571428
nic2-2003,pfemale_ind,920052,TRUE,0.714285714285714,0.7142857142857143,0.7142857142857143
nic2-2003,pfemale_ind,920053,TRUE,0.642857142857143,0.6428571428571429,0.6428571428571428
nic2-2003,pfemale_ind,920056,TRUE,0.642857142857143,0.6428571428571429,0.6428571428571428
nic2-2003,pfemale_ind,920054,TRUE,0.642857142857143,0.6428571428571429,0.6428571428571428
nic2-2003,pfemale_ind,920058,TRUE,0.714285714285714,0.7142857142857143,0.7142857142857143
nic2-2003,pfemale_ind,920047,TRUE,0.714285714285714,0.7142857142857143,0.7142857142857143
nic2-2003,pfemale_ind,920060,TRUE,0.642857142857143,0.6428571428571429,0.6428571428571428
nic2-2003,pfemale_ind,920059,TRUE,0.642857142857143,0.6428571428571429,0.6428571428571428
nic2-2003,pfemale_ind,920048,TRUE,0.642857142857143,0.6428571428571429,0.6428571428571428
nic2-2003,pfemale_ind,920074,TRUE,0.615384615384615,0.6153846153846154,0.6153846153846154
nic2-2003,pfemale_ind,920073,TRUE,0.692307692307692,0.6923076923076923,0.6923076923076923
nic2-2003,pfemale_ind,920062,TRUE,0.615384615384615,0.6153846153846154,0.6153846153846154
nic2-2003,pfemale_ind,920067,TRUE,0.692307692307692,0.6923076923076923,0.6923076923076923
nic2-2003,pfemale_ind,920063,TRUE,0.615384615384615,0.6153846153846154,0.6153846153846154
nic2-2003,pfemale_ind,920065,TRUE,0.615384615384615,0.6153846153846154,0.6153846153846154
nic2-2003,pfemale_ind,920070,TRUE,0.615384615384615,0.6153846153846154,0.6153846153846154
nic2-2003,pfemale_ind,920071,TRUE,0.692307692307692,0.6923076923076923,0.6923076923076923
nic2-2003,pfemale_ind,920064,TRUE,0.692307692307692,0.6923076923076923,0.6923076923076923
nic2-2003,pfemale_ind,920069,TRUE,0.615384615384615,0.6153846153846154,0.6153846153846154
nic2-2003,pfemale_ind,920075,TRUE,0.692307692307692,0.6923076923076923,0.6923076923076923
nic2-2003,pfemale_ind,920072,TRUE,0.615384615384615,0.6153846153846154,0.6153846153846154
nic2-2003,pfemale_ind,920066,TRUE,0.615384615384615,0.6153846153846154,0.6153846153846154
nic2-2003,pfemale_ind,920068,TRUE,0.615384615384615,0.6153846153846154,0.6153846153846154
nic2-2003,pfemale_ind,920085,TRUE,0.5,0.5,0.5
nic2-2003,pfemale_ind,920080,TRUE,0.416666666666667,0.4166666666666667,0.41666666666666663
nic2-2003,pfemale_ind,920084,TRUE,0.5,0.5,0.5
nic2-2003,pfemale_ind,920083,TRUE,0.5,0.5,0.5
nic2-2003,pfemale_ind,920086,TRUE,0.416666666666667,0.4166666666666667,0.41666666666666663
nic2-2003,pfemale_ind,920088,TRUE,0.5,0.5,0.5
nic2-2003,pfemale_ind,920079,TRUE,0.416666666666667,0.4166666666666667,0.41666666666666663
nic2-2003,pfemale_ind,920077,TRUE,0.5,0.5,0.5
nic2-2003,pfemale_ind,920082,TRUE,0.416666666666667,0.4166666666666667,0.41666666666666663
nic2-2003,pfemale_ind,920076,TRUE,0.5,0.5,0.5
nic2-2003,pfemale_ind,920087,TRUE,0.416666666666667,0.4166666666666667,0.41666666666666663
nic2-2003,pfemale_ind,920081,TRUE,0.5,0.5,0.5
nic2-2003,pfemale_ind,920078,TRUE,0.416666666666667,0.4166666666666667,0.41666666666666663
nic2-2003,pfemale_ind,920090,TRUE,0.6,0.6,0.6
nic2-2003,pfemale_ind,920101,TRUE,0.666666666666667,0.6666666666666666,0.6666666666666666
nic2-2003,pfemale_ind,920102,TRUE,0.666666666666667,0.6666666666666666,0.6666666666666666
nic2-2003,pfemale_ind,920096,TRUE,0.666666666666667,0.6666666666666666,0.6666666666666666
nic2-2003,pfemale_ind,920103,TRUE,0.6,0.6,0.6
nic2-2003,pfemale_ind,920092,TRUE,0.6,0.6,0.6
nic2-2003,pfemale_ind,920104,TRUE,0.6,0.6,0.6
nic2-2003,pfemale_ind,920094,TRUE,0.6,0.6,0.6
nic2-2003,pfemale_ind,920097,TRUE,0.666666666666667,0.6666666666666666,0.6666666666666666
nic2-2003,pfemale_ind,920093,TRUE,0.6,0.6,0.6
nic2-2003,pfemale_ind,920089,TRUE,0.6,0.6,0.6
nic2-2003,pfemale_ind,920099,TRUE,0.666666666666667,0.6666666666666666,0.6666666666666666
nic2-2003,pfemale_ind,920091,TRUE,0.6,0.6,0.6
nic2-2003,pfemale_ind,920100,TRUE,0.6,0.6,0.6
nic2-2003,pfemale_ind,920095,TRUE,0.666666666666667,0.6666666666666666,0.6666666666666666
nic2-2003,pfemale_ind,920098,TRUE,0.6,0.6,0.6
nic2-2003,pfemale_ind,920114,TRUE,0.5,0.5,0.5
nic2-2003,pfemale_ind,920115,TRUE,0.583333333333333,0.5833333333333334,0.5833333333333334
nic2-2003,pfemale_ind,920106,TRUE,0.5,0.5,0.5
nic2-2003,pfemale_ind,920116,TRUE,0.583333333333333,0.5833333333333334,0.5833333333333334
nic2-2003,pfemale_ind,920105,TRUE,0.583333333333333,0.5833333333333334,0.5833333333333334
nic2-2003,pfemale_ind,920109,TRUE,0.583333333333333,0.5833333333333334,0.5833333333333334
nic2-2003,pfemale_ind,920112,TRUE,0.5,0.5,0.5
nic2-2003,pfemale_ind,920107,TRUE,0.583333333333333,0.5833333333333334,0.5833333333333334
nic2-2003,pfemale_ind,920117,TRUE,0.583333333333333,0.5833333333333334,0.5833333333333334
nic2-2003,pfemale_ind,920108,TRUE,0.5,0.5,0.5
nic2-2003,pfemale_ind,920110,TRUE,0.5,0.5,0.5
nic2-2003,pfemale_ind,920111,TRUE,0.5,0.5,0.5
nic2-2003,pfemale_ind,920113,TRUE,0.5,0.5,0.5
nic2-2003,pfemale_ind,920131,TRUE,0.384615384615385,0.38461538461538464,0.38461538461538464
nic2-2003,pfemale_ind,920129,TRUE,0.384615384615385,0.38461538461538464,0.38461538461538464
nic2-2003,pfemale_ind,920128,TRUE,0.384615384615385,0.38461538461538464,0.38461538461538464
nic2-2003,pfemale_ind,920130,TRUE,0.461538461538462,0.4615384615384616,0.4615384615384615
nic2-2003,pfemale_ind,920126,TRUE,0.461538461538462,0.4615384615384616,0.4615384615384615
nic2-2003,pfemale_ind,920123,TRUE,0.384615384615385,0.38461538461538464,0.38461538461538464
nic2-2003,pfemale_ind,920118,TRUE,0.461538461538462,0.4615384615384616,0.4615384615384616
nic2-2003,pfemale_ind,920125,TRUE,0.461538461538462,0.4615384615384616,0.4615384615384616
nic2-2003,pfemale_ind,920124,TRUE,0.461538461538462,0.4615384615384616,0.4615384615384616
nic2-2003,pfemale_ind,920120,TRUE,0.461538461538462,0.4615384615384616,0.4615384615384616
nic2-2003,pfemale_ind,920119,TRUE,0.461538461538462,0.4615384615384616,0.4615384615384616
nic2-2003,pfemale_ind,920122,TRUE,0.384615384615385,0.38461538461538464,0.38461538461538464
nic2-2003,pfemale_ind,920127,TRUE,0.461538461538462,0.4615384615384616,0.4615384615384616
nic2-2003,pfemale_ind,920121,TRUE,0.384615384615385,0.38461538461538464,0.38461538461538464
nic2-2003,pfemale_ind,920144,TRUE,0.846153846153846,0.8461538461538461,0.8461538461538461
nic2-2003,pfemale_ind,920140,TRUE,0.846153846153846,0.8461538461538461,0.8461538461538461
nic2-2003,pfemale_ind,920145,TRUE,0.846153846153846,0.8461538461538461,0.8461538461538461
nic2-2003,pfemale_ind,920135,TRUE,0.846153846153846,0.8461538461538461,0.8461538461538461
nic2-2003,pfemale_ind,920132,TRUE,0.846153846153846,0.8461538461538461,0.8461538461538461
nic2-2003,pfemale_ind,920136,TRUE,0.846153846153846,0.8461538461538461,0.8461538461538461
nic2-2003,pfemale_ind,920139,TRUE,0.846153846153846,0.8461538461538461,0.8461538461538461
nic2-2003,pfemale_ind,920143,TRUE,0.846153846153846,0.8461538461538461,0.8461538461538461
nic2-2003,pfemale_ind,920137,TRUE,0.846153846153846,0.8461538461538461,0.8461538461538461
nic2-2003,pfemale_ind,920142,TRUE,0.846153846153846,0.8461538461538461,0.8461538461538461
nic2-2003,pfemale_ind,920138,TRUE,0.923076923076923,0.9230769230769232,0.9230769230769232
nic2-2003,pfemale_ind,920141,TRUE,0.846153846153846,0.8461538461538461,0.8461538461538461
nic2-2003,pfemale_ind,920133,TRUE,0.846153846153846,0.8461538461538461,0.8461538461538461
nic2-2003,pfemale_ind,920134,TRUE,0.923076923076923,0.9230769230769232,0.9230769230769232
nic2-2003,pfemale_ind,920150,TRUE,0.692307692307692,0.6923076923076923,0.6923076923076923
nic2-2003,pfemale_ind,920147,TRUE,0.692307692307692,0.6923076923076923,0.6923076923076923
nic2-2003,pfemale_ind,920158,TRUE,0.769230769230769,0.7692307692307693,0.7692307692307693
nic2-2003,pfemale_ind,920153,TRUE,0.692307692307692,0.6923076923076923,0.6923076923076923
nic2-2003,pfemale_ind,920156,TRUE,0.692307692307692,0.6923076923076923,0.6923076923076923
nic2-2003,pfemale_ind,920159,TRUE,0.692307692307692,0.6923076923076923,0.6923076923076923
nic2-2003,pfemale_ind,920148,TRUE,0.769230769230769,0.7692307692307693,0.7692307692307693
nic2-2003,pfemale_ind,920157,TRUE,0.692307692307692,0.6923076923076923,0.6923076923076923
nic2-2003,pfemale_ind,920151,TRUE,0.692307692307692,0.6923076923076923,0.6923076923076923
nic2-2003,pfemale_ind,920154,TRUE,0.692307692307692,0.6923076923076923,0.6923076923076923
nic2-2003,pfemale_ind,920149,TRUE,0.769230769230769,0.7692307692307693,0.7692307692307693
nic2-2003,pfemale_ind,920155,TRUE,0.692307692307692,0.6923076923076923,0.6923076923076923
nic2-2003,pfemale_ind,920152,TRUE,0.769230769230769,0.7692307692307693,0.7692307692307693
nic2-2003,pfemale_ind,920146,TRUE,0.692307692307692,0.6923076923076923,0.6923076923076923
nic2-2003,pfemale_ind,920165,TRUE,0.615384615384615,0.6153846153846154,0.6153846153846154
nic2-2003,pfemale_ind,920168,TRUE,0.615384615384615,0.6153846153846154,0.6153846153846154
nic2-2003,pfemale_ind,920166,TRUE,0.538461538461538,0.5384615384615384,0.5384615384615384
nic2-2003,pfemale_ind,920161,TRUE,0.538461538461538,0.5384615384615384,0.5384615384615384
nic2-2003,pfemale_ind,920171,TRUE,0.615384615384615,0.6153846153846154,0.6153846153846154
nic2-2003,pfemale_ind,920160,TRUE,0.538461538461538,0.5384615384615384,0.5384615384615384
nic2-2003,pfemale_ind,920163,TRUE,0.538461538461538,0.5384615384615384,0.5384615384615384
nic2-2003,pfemale_ind,920167,TRUE,0.615384615384615,0.6153846153846154,0.6153846153846154
nic2-2003,pfemale_ind,920173,TRUE,0.538461538461538,0.5384615384615384,0.5384615384615384
nic2-2003,pfemale_ind,920164,TRUE,0.538461538461538,0.5384615384615384,0.5384615384615384
nic2-2003,pfemale_ind,920169,TRUE,0.615384615384615,0.6153846153846154,0.6153846153846154
nic2-2003,pfemale_ind,920170,TRUE,0.538461538461538,0.5384615384615384,0.5384615384615384
nic2-2003,pfemale_ind,920162,TRUE,0.538461538461538,0.5384615384615384,0.5384615384615384
nic2-2003,pfemale_ind,920172,TRUE,0.615384615384615,0.6153846153846154,0.6153846153846154
nic2-2003,pfemale_ind,920176,TRUE,0.5,0.5,0.5
nic2-2003,pfemale_ind,920187,TRUE,0.571428571428571,0.5714285714285714,0.5714285714285714
nic2-2003,pfemale_ind,920186,TRUE,0.5,0.5,0.5
nic2-2003,pfemale_ind,920175,TRUE,0.5,0.5,0.5
nic2-2003,pfemale_ind,920188,TRUE,0.571428571428571,0.5714285714285714,0.5714285714285714
nic2-2003,pfemale_ind,920178,TRUE,0.571428571428571,0.5714285714285714,0.5714285714285714
nic2-2003,pfemale_ind,920180,TRUE,0.571428571428571,0.5714285714285714,0.5714285714285714
nic2-2003,pfemale_ind,920182,TRUE,0.571428571428571,0.5714285714285714,0.5714285714285714
nic2-2003,pfemale_ind,920174,TRUE,0.5,0.5,0.5
nic2-2003,pfemale_ind,920183,TRUE,0.571428571428571,0.5714285714285714,0.5714285714285714
nic2-2003,pfemale_ind,920179,TRUE,0.5,0.5,0.5
nic2-2003,pfemale_ind,920184,TRUE,0.5,0.5,0.5
nic2-2003,pfemale_ind,920185,TRUE,0.5,0.5,0.5
nic2-2003,pfemale_ind,920177,TRUE,0.5,0.5,0.5
nic2-2003,pfemale_ind,920181,TRUE,0.571428571428571,0.5714285714285714,0.5714285714285714
nic2-2003,pfemale_ind,920191,TRUE,0.428571428571429,0.42857142857142855,0.42857142857142855
nic2-2003,pfemale_ind,920190,TRUE,0.428571428571429,0.42857142857142855,0.42857142857142855
nic2-2003,pfemale_ind,920192,TRUE,0.357142857142857,0.35714285714285715,0.3571428571428571
nic2-2003,pfemale_ind,920197,TRUE,0.428571428571429,0.42857142857142855,0.42857142857142855
nic2-2003,pfemale_ind,920193,TRUE,0.428571428571429,0.42857142857142855,0.42857142857142855
nic2-2003,pfemale_ind,920198,TRUE,0.428571428571429,0.42857142857142855,0.42857142857142855
nic2-2003,pfemale_ind,920196,TRUE,0.357142857142857,0.35714285714285715,0.3571428571428571
nic2-2003,pfemale_ind,920200,TRUE,0.357142857142857,0.35714285714285715,0.3571428571428571
nic2-2003,pfemale_ind,920199,TRUE,0.428571428571429,0.42857142857142855,0.42857142857142855
nic2-2003,pfemale_ind,920203,TRUE,0.428571428571429,0.42857142857142855,0.42857142857142855
nic2-2003,pfemale_ind,920194,TRUE,0.357142857142857,0.35714285714285715,0.3571428571428571
nic2-2003,pfemale_ind,920189,TRUE,0.357142857142857,0.35714285714285715,0.3571428571428571
nic2-2003,pfemale_ind,920202,TRUE,0.428571428571429,0.42857142857142855,0.42857142857142855
nic2-2003,pfemale_ind,920195,TRUE,0.428571428571429,0.42857142857142855,0.42857142857142855
nic2-2003,pfemale_ind,920201,TRUE,0.357142857142857,0.35714285714285715,0.3571428571428571
nic2-2003,pfemale_ind,920217,TRUE,0.230769230769231,0.23076923076923084,0.23076923076923075
nic2-2003,pfemale_ind,920208,TRUE,0.230769230769231,0.23076923076923084,0.23076923076923075
nic2-2003,pfemale_ind,920216,TRUE,0.307692307692308,0.30769230769230776,0.30769230769230765
nic2-2003,pfemale_ind,920207,TRUE,0.230769230769231,0.23076923076923084,0.23076923076923075
nic2-2003,pfemale_ind,920211,TRUE,0.307692307692308,0.30769230769230776,0.3076923076923077
nic2-2003,pfemale_ind,920213,TRUE,0.307692307692308,0.30769230769230776,0.3076923076923077
nic2-2003,pfemale_ind,920204,TRUE,0.307692307692308,0.30769230769230776,0.3076923076923077
nic2-2003,pfemale_ind,920212,TRUE,0.307692307692308,0.30769230769230776,0.3076923076923077
nic2-2003,pfemale_ind,920214,TRUE,0.307692307692308,0.30769230769230776,0.3076923076923077
nic2-2003,pfemale_ind,920209,TRUE,0.307692307692308,0.30769230769230776,0.3076923076923077
nic2-2003,pfemale_ind,920215,TRUE,0.230769230769231,0.23076923076923084,0.23076923076923073
nic2-2003,pfemale_ind,920205,TRUE,0.307692307692308,0.30769230769230776,0.3076923076923077
nic2-2003,pfemale_ind,920206,TRUE,0.307692307692308,0.30769230769230776,0.3076923076923077
nic2-2003,pfemale_ind,920210,TRUE,0.307692307692308,0.30769230769230776,0.3076923076923077
nic2-2003,pfemale_ind,920221,TRUE,0.461538461538462,0.4615384615384616,0.4615384615384616
nic2-2003,pfemale_ind,920222,TRUE,0.461538461538462,0.4615384615384616,0.4615384615384616
nic2-2003,pfemale_ind,920218,TRUE,0.538461538461538,0.5384615384615384,0.5384615384615384
nic2-2003,pfemale_ind,920224,TRUE,0.538461538461538,0.5384615384615384,0.5384615384615384
nic2-2003,pfemale_ind,920226,TRUE,0.461538461538462,0.4615384615384616,0.4615384615384616
nic2-2003,pfemale_ind,920223,TRUE,0.538461538461538,0.5384615384615384,0.5384615384615384
nic2-2003,pfemale_ind,920228,TRUE,0.461538461538462,0.4615384615384616,0.4615384615384616
nic2-2003,pfemale_ind,920231,TRUE,0.538461538461538,0.5384615384615384,0.5384615384615384
nic2-2003,pfemale_ind,920225,TRUE,0.538461538461538,0.5384615384615384,0.5384615384615384
nic2-2003,pfemale_ind,920219,TRUE,0.461538461538462,0.4615384615384616,0.4615384615384616
nic2-2003,pfemale_ind,920229,TRUE,0.538461538461538,0.5384615384615384,0.5384615384615384
nic2-2003,pfemale_ind,920220,TRUE,0.461538461538462,0.4615384615384616,0.4615384615384616
nic2-2003,pfemale_ind,920230,TRUE,0.461538461538462,0.4615384615384616,0.4615384615384616
nic2-2003,pfemale_ind,920227,TRUE,0.538461538461538,0.5384615384615384,0.5384615384615384
nic2-2003,pfemale_ind,920236,TRUE,0.5,0.5,0.5
nic2-2003,pfemale_ind,920235,TRUE,0.5,0.5,0.5
nic2-2003,pfemale_ind,920238,TRUE,0.5,0.5,0.5
nic2-2003,pfemale_ind,920233,TRUE,0.5,0.5,0.5
nic2-2003,pfemale_ind,920242,TRUE,0.416666666666667,0.4166666666666667,0.41666666666666663
nic2-2003,pfemale_ind,920243,TRUE,0.5,0.5,0.5
nic2-2003,pfemale_ind,920244,TRUE,0.5,0.5,0.5
nic2-2003,pfemale_ind,920234,TRUE,0.416666666666667,0.4166666666666667,0.41666666666666663
nic2-2003,pfemale_ind,920237,TRUE,0.416666666666667,0.4166666666666667,0.41666666666666663
nic2-2003,pfemale_ind,920240,TRUE,0.416666666666667,0.4166666666666667,0.41666666666666663
nic2-2003,pfemale_ind,920232,TRUE,0.5,0.5,0.5
nic2-2003,pfemale_ind,920239,TRUE,0.416666666666667,0.4166666666666667,0.41666666666666663
nic2-2003,pfemale_ind,920241,TRUE,0.416666666666667,0.4166666666666667,0.41666666666666663
nic2-2003,pfemale_ind,920254,TRUE,0.666666666666667,0.6666666666666666,0.6666666666666666
nic2-2003,pfemale_ind,920245,TRUE,0.666666666666667,0.6666666666666666,0.6666666666666666
nic2-2003,pfemale_ind,920253,TRUE,0.583333333333333,0.5833333333333334,0.5833333333333334
nic2-2003,pfemale_ind,920251,TRUE,0.583333333333333,0.5833333333333334,0.5833333333333334
nic2-2003,pfemale_ind,920246,TRUE,0.583333333333333,0.5833333333333334,0.5833333333333334
nic2-2003,pfemale_ind,920250,TRUE,0.666666666666667,0.6666666666666666,0.6666666666666666
nic2-2003,pfemale_ind,920257,TRUE,0.583333333333333,0.5833333333333334,0.5833333333333334
nic2-2003,pfemale_ind,920255,TRUE,0.666666666666667,0.6666666666666666,0.6666666666666666
nic2-2003,pfemale_ind,920248,TRUE,0.666666666666667,0.6666666666666666,0.6666666666666666
nic2-2003,pfemale_ind,920249,TRUE,0.583333333333333,0.5833333333333334,0.5833333333333334
nic2-2003,pfemale_ind,920256,TRUE,0.583333333333333,0.5833333333333334,0.5833333333333334
nic2-2003,pfemale_ind,920252,TRUE,0.583333333333333,0.5833333333333334,0.5833333333333334
nic2-2003,pfemale_ind,920247,TRUE,0.583333333333333,0.5833333333333334,0.5833333333333334
nic2-2003,pfemale_ind,920273,TRUE,0.666666666666667,0.6666666666666666,0.6666666666666666
nic2-2003,pfemale_ind,920269,TRUE,0.666666666666667,0.6666666666666666,0.6666666666666666
nic2-2003,pfemale_ind,920264,TRUE,0.733333333333333,0.7333333333333333,0.7333333333333333
nic2-2003,pfemale_ind,920266,TRUE,0.666666666666667,0.6666666666666666,0.6666666666666666
nic2-2003,pfemale_ind,920258,TRUE,0.666666666666667,0.6666666666666666,0.6666666666666666
nic2-2003,pfemale_ind,920270,TRUE,0.666666666666667,0.6666666666666666,0.6666666666666666
nic2-2003,pfemale_ind,920272,TRUE,0.666666666666667,0.6666666666666666,0.6666666666666666
nic2-2003,pfemale_ind,920260,TRUE,0.733333333333333,0.7333333333333333,0.7333333333333333
nic2-2003,pfemale_ind,920261,TRUE,0.666666666666667,0.6666666666666666,0.6666666666666666
nic2-2003,pfemale_ind,920267,TRUE,0.733333333333333,0.7333333333333333,0.7333333333333333
nic2-2003,pfemale_ind,920262,TRUE,0.733333333333333,0.7333333333333333,0.7333333333333333
nic2-2003,pfemale_ind,920265,TRUE,0.666666666666667,0.6666666666666666,0.6666666666666666
nic2-2003,pfemale_ind,920268,TRUE,0.666666666666667,0.6666666666666666,0.6666666666666666
nic2-2003,pfemale_ind,920259,TRUE,0.666666666666667,0.6666666666666666,0.6666666666666666
nic2-2003,pfemale_ind,920263,TRUE,0.666666666666667,0.6666666666666666,0.6666666666666666
nic2-2003,pfemale_ind,920271,TRUE,0.733333333333333,0.7333333333333333,0.7333333333333334
nic2-2003,pfemale_ind,920285,TRUE,0.692307692307692,0.6923076923076923,0.6923076923076923
nic2-2003,pfemale_ind,920274,TRUE,0.692307692307692,0.6923076923076923,0.6923076923076923
nic2-2003,pfemale_ind,920280,TRUE,0.692307692307692,0.6923076923076923,0.6923076923076923
nic2-2003,pfemale_ind,920276,TRUE,0.769230769230769,0.7692307692307693,0.7692307692307693
nic2-2003,pfemale_ind,920282,TRUE,0.692307692307692,0.6923076923076923,0.6923076923076923
nic2-2003,pfemale_ind,920286,TRUE,0.769230769230769,0.7692307692307693,0.7692307692307693
nic2-2003,pfemale_ind,920284,TRUE,0.769230769230769,0.7692307692307693,0.7692307692307693
nic2-2003,pfemale_ind,920281,TRUE,0.692307692307692,0.6923076923076923,0.6923076923076923
nic2-2003,pfemale_ind,920283,TRUE,0.692307692307692,0.6923076923076923,0.6923076923076923
nic2-2003,pfemale_ind,920277,TRUE,0.769230769230769,0.7692307692307693,0.7692307692307693
nic2-2003,pfemale_ind,920275,TRUE,0.692307692307692,0.6923076923076923,0.6923076923076923
nic2-2003,pfemale_ind,920279,TRUE,0.692307692307692,0.6923076923076923,0.6923076923076923
nic2-2003,pfemale_ind,920287,TRUE,0.692307692307692,0.6923076923076923,0.6923076923076923
nic2-2003,pfemale_ind,920278,TRUE,0.692307692307692,0.6923076923076923,0.6923076923076923
nic2-2003,pfemale_ind,920290,TRUE,0.571428571428571,0.5714285714285714,0.5714285714285714
nic2-2003,pfemale_ind,920294,TRUE,0.5,0.5,0.5
nic2-2003,pfemale_ind,920292,TRUE,0.5,0.5,0.5
nic2-2003,pfemale_ind,920301,TRUE,0.5,0.5,0.5
nic2-2003,pfemale_ind,920300,TRUE,0.571428571428571,0.5714285714285714,0.5714285714285714
nic2-2003,pfemale_ind,920299,TRUE,0.571428571428571,0.5714285714285714,0.5714285714285714
nic2-2003,pfemale_ind,920293,TRUE,0.5,0.5,0.5
nic2-2003,pfemale_ind,920297,TRUE,0.5,0.5,0.5
nic2-2003,pfemale_ind,920288,TRUE,0.571428571428571,0.5714285714285714,0.5714285714285714
nic2-2003,pfemale_ind,920298,TRUE,0.5,0.5,0.5
nic2-2003,pfemale_ind,920302,TRUE,0.571428571428571,0.5714285714285714,0.5714285714285714
nic2-2003,pfemale_ind,920296,TRUE,0.5,0.5,0.5
nic2-2003,pfemale_ind,920289,TRUE,0.571428571428571,0.5714285714285714,0.5714285714285714
nic2-2003,pfemale_ind,920291,TRUE,0.5,0.5,0.5
nic2-2003,pfemale_ind,920295,TRUE,0.571428571428571,0.5714285714285714,0.5714285714285714
nic2-2003,pfemale_ind,920304,TRUE,0.545454545454545,0.5454545454545454,0.5454545454545454
nic2-2003,pfemale_ind,920312,TRUE,0.454545454545455,0.4545454545454546,0.4545454545454546
nic2-2003,pfemale_ind,920309,TRUE,0.454545454545455,0.4545454545454546,0.4545454545454546
nic2-2003,pfemale_ind,920310,TRUE,0.454545454545455,0.4545454545454546,0.4545454545454546
nic2-2003,pfemale_ind,920303,TRUE,0.545454545454545,0.5454545454545454,0.5454545454545454
nic2-2003,pfemale_ind,920313,TRUE,0.545454545454545,0.5454545454545454,0.5454545454545454
nic2-2003,pfemale_ind,920308,TRUE,0.454545454545455,0.4545454545454546,0.4545454545454546
nic2-2003,pfemale_ind,920307,TRUE,0.545454545454545,0.5454545454545454,0.5454545454545454
nic2-2003,pfemale_ind,920314,TRUE,0.545454545454545,0.5454545454545454,0.5454545454545454
nic2-2003,pfemale_ind,920306,TRUE,0.454545454545455,0.4545454545454546,0.4545454545454546
nic2-2003,pfemale_ind,920305,TRUE,0.545454545454545,0.5454545454545454,0.5454545454545454
nic2-2003,pfemale_ind,920311,TRUE,0.454545454545455,0.4545454545454546,0.4545454545454546
nic2-2003,pfemale_ind,920328,TRUE,0.384615384615385,0.3846153846153845,0.38461538461538464
nic2-2003,pfemale_ind,920324,TRUE,0.384615384615385,0.3846153846153845,0.38461538461538464
nic2-2003,pfemale_ind,920315,TRUE,0.307692307692308,0.3076923076923076,0.3076923076923077
nic2-2003,pfemale_ind,920323,TRUE,0.384615384615385,0.3846153846153845,0.38461538461538464
nic2-2003,pfemale_ind,920318,TRUE,0.307692307692308,0.3076923076923076,0.3076923076923077
nic2-2003,pfemale_ind,920317,TRUE,0.384615384615385,0.3846153846153845,0.38461538461538464
nic2-2003,pfemale_ind,920316,TRUE,0.307692307692308,0.3076923076923076,0.3076923076923077
nic2-2003,pfemale_ind,920326,TRUE,0.307692307692308,0.3076923076923076,0.3076923076923077
nic2-2003,pfemale_ind,920327,TRUE,0.384615384615385,0.3846153846153845,0.38461538461538464
nic2-2003,pfemale_ind,920322,TRUE,0.384615384615385,0.3846153846153845,0.38461538461538464
nic2-2003,pfemale_ind,920321,TRUE,0.384615384615385,0.3846153846153845,0.38461538461538464
nic2-2003,pfemale_ind,920325,TRUE,0.384615384615385,0.3846153846153845,0.38461538461538464
nic2-2003,pfemale_ind,920319,TRUE,0.307692307692308,0.3076923076923076,0.3076923076923077
nic2-2003,pfemale_ind,920320,TRUE,0.384615384615385,0.3846153846153845,0.38461538461538464
nic2-2003,pfemale_ind,920339,TRUE,0.363636363636364,0.3636363636363637,0.3636363636363637
nic2-2003,pfemale_ind,920338,TRUE,0.272727272727273,0.2727272727272727,0.2727272727272727
nic2-2003,pfemale_ind,920329,TRUE,0.363636363636364,0.3636363636363637,0.3636363636363637
nic2-2003,pfemale_ind,920332,TRUE,0.363636363636364,0.3636363636363637,0.3636363636363637
nic2-2003,pfemale_ind,920340,TRUE,0.363636363636364,0.3636363636363637,0.3636363636363637
nic2-2003,pfemale_ind,920333,TRUE,0.363636363636364,0.3636363636363637,0.3636363636363637
nic2-2003,pfemale_ind,920337,TRUE,0.272727272727273,0.2727272727272727,0.2727272727272727
nic2-2003,pfemale_ind,920331,TRUE,0.363636363636364,0.3636363636363637,0.3636363636363637
nic2-2003,pfemale_ind,920335,TRUE,0.272727272727273,0.2727272727272727,0.2727272727272727
nic2-2003,pfemale_ind,920330,TRUE,0.363636363636364,0.3636363636363637,0.3636363636363637
nic2-2003,pfemale_ind,920336,TRUE,0.363636363636364,0.3636363636363637,0.3636363636363637
nic2-2003,pfemale_ind,920334,TRUE,0.272727272727273,0.2727272727272727,0.2727272727272727
btp-national-2003,pfemale_ind,930001,TRUE,0.461538461538462,0.4615384615384616,0.4615384615384616
btp-national-2003,pfemale_ind,930002,TRUE,0.538461538461538,0.5384615384615384,0.5384615384615384
btp-national-2003,pfemale_ind,930003,TRUE,0.461538461538462,0.4615384615384616,0.4615384615384616
btp-national-2003,pfemale_ind,930004,TRUE,0.538461538461538,0.5384615384615384,0.5384615384615384
btp-national-2003,pfemale_ind,930005,TRUE,0.538461538461538,0.5384615384615384,0.5384615384615384
btp-national-2003,pfemale_ind,930006,TRUE,0.461538461538462,0.4615384615384616,0.4615384615384616
btp-national-2003,pfemale_ind,930007,TRUE,0.538461538461538,0.5384615384615384,0.5384615384615384
btp-national-2003,pfemale_ind,930008,TRUE,0.461538461538462,0.4615384615384616,0.4615384615384616
btp-national-2003,pfemale_ind,930009,TRUE,0.538461538461538,0.5384615384615384,0.5384615384615384
btp-national-2003,pfemale_ind,930010,TRUE,0.461538461538462,0.4615384615384616,0.4615384615384616
btp-national-2003,pfemale_ind,930011,TRUE,0.538461538461538,0.5384615384615384,0.5384615384615384
btp-national-2003,pfemale_ind,930012,TRUE,0.461538461538462,0.4615384615384616,0.4615384615384616
btp-national-2003,pfemale_ind,930013,TRUE,0.461538461538462,0.4615384615384616,0.4615384615384616
btp-national-2003,pfemale_ind,930014,TRUE,0.538461538461538,0.5384615384615384,0.5384615384615384
btp-national-2003,pfemale_ind,930015,TRUE,0.666666666666667,0.6666666666666666,0.6666666666666666
btp-national-2003,pfemale_ind,930016,TRUE,0.666666666666667,0.6666666666666666,0.6666666666666666
btp-national-2003,pfemale_ind,930017,TRUE,0.555555555555556,0.5555555555555556,0.5555555555555556
btp-national-2003,pfemale_ind,930018,TRUE,0.666666666666667,0.6666666666666666,0.6666666666666666
btp-national-2003,pfemale_ind,930019,TRUE,0.555555555555556,0.5555555555555556,0.5555555555555556
btp-national-2003,pfemale_ind,930020,TRUE,0.555555555555556,0.5555555555555556,0.5555555555555556
btp-national-2003,pfemale_ind,930021,TRUE,0.555555555555556,0.5555555555555556,0.5555555555555556
btp-national-2003,pfemale_ind,930022,TRUE,0.666666666666667,0.6666666666666666,0.6666666666666666
btp-national-2003,pfemale_ind,930023,TRUE,0.555555555555556,0.5555555555555556,0.5555555555555556
btp-national-2003,pfemale_ind,930024,TRUE,0.555555555555556,0.5555555555555556,0.5555555555555556
btp-national-2003,pfemale_ind,930025,TRUE,0.3125,0.31249999999999994,0.3125
btp-national-2003,pfemale_ind,930026,TRUE,0.3125,0.31249999999999994,0.3125
btp-national-2003,pfemale_ind,930027,TRUE,0.375,0.37499999999999994,0.375
btp-national-2003,pfemale_ind,930028,TRUE,0.3125,0.31249999999999994,0.3125
btp-national-2003,pfemale_ind,930029,TRUE,0.375,0.37499999999999994,0.375
btp-national-2003,pfemale_ind,930030,TRUE,0.3125,0.31249999999999994,0.3125
btp-national-2003,pfemale_ind,930031,TRUE,0.375,0.37499999999999994,0.375
btp-national-2003,pfemale_ind,930032,TRUE,0.375,0.37499999999999994,0.375
btp-national-2003,pfemale_ind,930033,TRUE,0.375,0.37499999999999994,0.375
btp-national-2003,pfemale_ind,930034,TRUE,0.3125,0.31249999999999994,0.3125
btp-national-2003,pfemale_ind,930035,TRUE,0.3125,0.31249999999999994,0.3125
btp-national-2003,pfemale_ind,930036,TRUE,0.375,0.37499999999999994,0.375
btp-national-2003,pfemale_ind,930037,TRUE,0.375,0.37499999999999994,0.375
btp-national-2003,pfemale_ind,930038,TRUE,0.375,0.37499999999999994,0.375
btp-national-2003,pfemale_ind,930039,TRUE,0.375,0.37499999999999994,0.375
btp-national-2003,pfemale_ind,930040,TRUE,0.375,0.37499999999999994,0.375
btp-national-2003,pfemale_ind,930041,TRUE,0.375,0.37499999999999994,0.375
btp-national-2003,pfemale_ind,930042,TRUE,0.2,0.2,0.2
btp-national-2003,pfemale_ind,930043,TRUE,0.3,0.3,0.3
btp-national-2003,pfemale_ind,930044,TRUE,0.3,0.3,0.3
btp-national-2003,pfemale_ind,930045,TRUE,0.2,0.2,0.2
btp-national-2003,pfemale_ind,930046,TRUE,0.3,0.3,0.3
btp-national-2003,pfemale_ind,930047,TRUE,0.3,0.3,0.3
btp-national-2003,pfemale_ind,930048,TRUE,0.3,0.3,0.3
btp-national-2003,pfemale_ind,930049,TRUE,0.3,0.3,0.3
btp-national-2003,pfemale_ind,930050,TRUE,0.2,0.2,0.20000000000000004
btp-national-2003,pfemale_ind,930051,TRUE,0.3,0.3,0.3
btp-national-2003,pfemale_ind,930052,TRUE,0.3,0.3,0.3
btp-national-2003,pfemale_ind,930053,TRUE,0.454545454545455,0.4545454545454546,0.4545454545454545
btp-national-2003,pfemale_ind,930054,TRUE,0.454545454545455,0.4545454545454546,0.4545454545454545
btp-national-2003,pfemale_ind,930055,TRUE,0.545454545454545,0.5454545454545454,0.5454545454545454
btp-national-2003,pfemale_ind,930056,TRUE,0.454545454545455,0.4545454545454546,0.4545454545454545
btp-national-2003,pfemale_ind,930057,TRUE,0.454545454545455,0.4545454545454546,0.4545454545454545
btp-national-2003,pfemale_ind,930058,TRUE,0.545454545454545,0.5454545454545454,0.5454545454545454
btp-national-2003,pfemale_ind,930059,TRUE,0.454545454545455,0.4545454545454546,0.4545454545454545
btp-national-2003,pfemale_ind,930060,TRUE,0.545454545454545,0.5454545454545454,0.5454545454545454
btp-national-2003,pfemale_ind,930061,TRUE,0.454545454545455,0.4545454545454546,0.4545454545454545
btp-national-2003,pfemale_ind,930062,TRUE,0.545454545454545,0.5454545454545454,0.5454545454545454
btp-national-2003,pfemale_ind,930063,TRUE,0.545454545454545,0.5454545454545454,0.5454545454545454
btp-national-2003,pfemale_ind,930064,TRUE,0.545454545454545,0.5454545454545454,0.5454545454545454
btp-national-2003,pfemale_ind,930065,TRUE,0.5625,0.5625,0.5625
btp-national-2003,pfemale_ind,930066,TRUE,0.625,0.625,0.625
btp-national-2003,pfemale_ind,930067,TRUE,0.5625,0.5625,0.5625
btp-national-2003,pfemale_ind,930068,TRUE,0.625,0.625,0.625
btp-national-2003,pfemale_ind,930069,TRUE,0.5625,0.5625,0.5625
btp-national-2003,pfemale_ind,930070,TRUE,0.625,0.625,0.625
btp-national-2003,pfemale_ind,930071,TRUE,0.5625,0.5625,0.5625
btp-national-2003,pfemale_ind,930072,TRUE,0.5625,0.5625,0.5625
btp-national-2003,pfemale_ind,930073,TRUE,0.5625,0.5625,0.5625
btp-national-2003,pfemale_ind,930074,TRUE,0.625,0.625,0.625
btp-national-2003,pfemale_ind,930075,TRUE,0.625,0.625,0.625
btp-national-2003,pfemale_ind,930076,TRUE,0.625,0.625,0.625
btp-national-2003,pfemale_ind,930077,TRUE,0.5625,0.5625,0.5625
btp-national-2003,pfemale_ind,930078,TRUE,0.5625,0.5625,0.5625
btp-national-2003,pfemale_ind,930079,TRUE,0.5625,0.5625,0.5625
btp-national-2003,pfemale_ind,930080,TRUE,0.625,0.625,0.625
btp-national-2003,pfemale_ind,930081,TRUE,0.5625,0.5625,0.5625
btp-national-2003,pfemale_ind,930082,TRUE,0.470588235294118,0.4705882352941176,0.4705882352941176
btp-national-2003,pfemale_ind,930083,TRUE,0.411764705882353,0.4117647058823529,0.4117647058823529
btp-national-2003,pfemale_ind,930084,TRUE,0.470588235294118,0.4705882352941176,0.4705882352941176
btp-national-2003,pfemale_ind,930085,TRUE,0.411764705882353,0.4117647058823529,0.4117647058823529
btp-national-2003,pfemale_ind,930086,TRUE,0.411764705882353,0.4117647058823529,0.4117647058823529
btp-national-2003,pfemale_ind,930087,TRUE,0.470588235294118,0.4705882352941176,0.4705882352941176
btp-national-2003,pfemale_ind,930088,TRUE,0.470588235294118,0.4705882352941176,0.4705882352941176
btp-national-2003,pfemale_ind,930089,TRUE,0.470588235294118,0.4705882352941176,0.4705882352941176
btp-national-2003,pfemale_ind,930090,TRUE,0.411764705882353,0.4117647058823529,0.4117647058823529
btp-national-2003,pfemale_ind,930091,TRUE,0.470588235294118,0.4705882352941176,0.4705882352941176
btp-national-2003,pfemale_ind,930092,TRUE,0.411764705882353,0.4117647058823529,0.4117647058823529
btp-national-2003,pfemale_ind,930093,TRUE,0.470588235294118,0.4705882352941176,0.4705882352941176
btp-national-2003,pfemale_ind,930094,TRUE,0.470588235294118,0.4705882352941176,0.4705882352941176
btp-national-2003,pfemale_ind,930095,TRUE,0.411764705882353,0.4117647058823529,0.4117647058823529
btp-national-2003,pfemale_ind,930096,TRUE,0.470588235294118,0.4705882352941176,0.4705882352941176
btp-national-2003,pfemale_ind,930097,TRUE,0.470588235294118,0.4705882352941176,0.4705882352941176
btp-national-2003,pfemale_ind,930098,TRUE,0.411764705882353,0.4117647058823529,0.4117647058823529
btp-national-2003,pfemale_ind,930099,TRUE,0.411764705882353,0.4117647058823529,0.4117647058823529
btp-national-2003,pfemale_ind,930100,TRUE,0.230769230769231,0.2307692307692308,0.23076923076923075
btp-national-2003,pfemale_ind,930101,TRUE,0.307692307692308,0.3076923076923077,0.3076923076923077
btp-national-2003,pfemale_ind,930102,TRUE,0.230769230769231,0.2307692307692308,0.23076923076923075
btp-national-2003,pfemale_ind,930103,TRUE,0.307692307692308,0.3076923076923077,0.3076923076923077
btp-national-2003,pfemale_ind,930104,TRUE,0.307692307692308,0.3076923076923077,0.3076923076923077
btp-national-2003,pfemale_ind,930105,TRUE,0.307692307692308,0.3076923076923077,0.3076923076923077
btp-national-2003,pfemale_ind,930106,TRUE,0.230769230769231,0.2307692307692308,0.23076923076923073
btp-national-2003,pfemale_ind,930107,TRUE,0.307692307692308,0.3076923076923077,0.3076923076923077
btp-national-2003,pfemale_ind,930108,TRUE,0.307692307692308,0.3076923076923077,0.3076923076923077
btp-national-2003,pfemale_ind,930109,TRUE,0.307692307692308,0.3076923076923077,0.3076923076923077
btp-national-2003,pfemale_ind,930110,TRUE,0.307692307692308,0.3076923076923077,0.3076923076923077
btp-national-2003,pfemale_ind,930111,TRUE,0.230769230769231,0.2307692307692308,0.23076923076923073
btp-national-2003,pfemale_ind,930112,TRUE,0.307692307692308,0.3076923076923077,0.3076923076923077
btp-national-2003,pfemale_ind,930113,TRUE,0.307692307692308,0.3076923076923077,0.3076923076923077
btp-national-2003,pfemale_ind,930114,TRUE,0.545454545454545,0.5454545454545454,0.5454545454545454
btp-national-2003,pfemale_ind,930115,TRUE,0.545454545454545,0.5454545454545454,0.5454545454545454
btp-national-2003,pfemale_ind,930116,TRUE,0.454545454545455,0.4545454545454546,0.4545454545454546
btp-national-2003,pfemale_ind,930117,TRUE,0.454545454545455,0.4545454545454546,0.4545454545454546
btp-national-2003,pfemale_ind,930118,TRUE,0.454545454545455,0.4545454545454546,0.4545454545454546
btp-national-2003,pfemale_ind,930119,TRUE,0.454545454545455,0.4545454545454546,0.4545454545454546
btp-national-2003,pfemale_ind,930120,TRUE,0.545454545454545,0.5454545454545454,0.5454545454545454
btp-national-2003,pfemale_ind,930121,TRUE,0.545454545454545,0.5454545454545454,0.5454545454545454
btp-national-2003,pfemale_ind,930122,TRUE,0.454545454545455,0.4545454545454546,0.4545454545454545
btp-national-2003,pfemale_ind,930123,TRUE,0.454545454545455,0.4545454545454546,0.4545454545454545
btp-national-2003,pfemale_ind,930124,TRUE,0.545454545454545,0.5454545454545454,0.5454545454545454
btp-national-2003,pfemale_ind,930125,TRUE,0.545454545454545,0.5454545454545454,0.5454545454545454
btp-national-2003,pfemale_ind,930126,TRUE,0.294117647058824,0.29411764705882354,0.2941176470588235
btp-national-2003,pfemale_ind,930127,TRUE,0.294117647058824,0.29411764705882354,0.2941176470588235
btp-national-2003,pfemale_ind,930128,TRUE,0.294117647058824,0.29411764705882354,0.2941176470588235
btp-national-2003,pfemale_ind,930129,TRUE,0.294117647058824,0.29411764705882354,0.2941176470588235
btp-national-2003,pfemale_ind,930130,TRUE,0.294117647058824,0.29411764705882354,0.2941176470588235
btp-national-2003,pfemale_ind,930131,TRUE,0.235294117647059,0.2352941176470588,0.2352941176470588
btp-national-2003,pfemale_ind,930132,TRUE,0.294117647058824,0.29411764705882354,0.2941176470588235
btp-national-2003,pfemale_ind,930133,TRUE,0.235294117647059,0.2352941176470588,0.2352941176470588
btp-national-2003,pfemale_ind,930134,TRUE,0.294117647058824,0.29411764705882354,0.2941176470588235
btp-national-2003,pfemale_ind,930135,TRUE,0.235294117647059,0.2352941176470588,0.2352941176470588
btp-national-2003,pfemale_ind,930136,TRUE,0.294117647058824,0.29411764705882354,0.2941176470588235
btp-national-2003,pfemale_ind,930137,TRUE,0.235294117647059,0.2352941176470588,0.2352941176470588
btp-national-2003,pfemale_ind,930138,TRUE,0.235294117647059,0.2352941176470588,0.2352941176470588
btp-national-2003,pfemale_ind,930139,TRUE,0.294117647058824,0.29411764705882354,0.2941176470588235
btp-national-2003,pfemale_ind,930140,TRUE,0.294117647058824,0.29411764705882354,0.2941176470588235
btp-national-2003,pfemale_ind,930141,TRUE,0.294117647058824,0.29411764705882354,0.2941176470588235
btp-national-2003,pfemale_ind,930142,TRUE,0.294117647058824,0.29411764705882354,0.2941176470588235
btp-national-2003,pfemale_ind,930143,TRUE,0.294117647058824,0.29411764705882354,0.2941176470588235
btp-national-2003,pfemale_ind,930144,TRUE,0.4,0.4,0.4
btp-national-2003,pfemale_ind,930145,TRUE,0.4,0.4,0.4
btp-national-2003,pfemale_ind,930146,TRUE,0.45,0.45,0.45000000000000007
btp-national-2003,pfemale_ind,930147,TRUE,0.45,0.45,0.45000000000000007
btp-national-2003,pfemale_ind,930148,TRUE,0.4,0.4,0.4
btp-national-2003,pfemale_ind,930149,TRUE,0.45,0.45,0.45000000000000007
btp-national-2003,pfemale_ind,930150,TRUE,0.4,0.4,0.4
btp-national-2003,pfemale_ind,930151,TRUE,0.45,0.45,0.45000000000000007
btp-national-2003,pfemale_ind,930152,TRUE,0.45,0.45,0.45000000000000007
btp-national-2003,pfemale_ind,930153,TRUE,0.45,0.45,0.45000000000000007
btp-national-2003,pfemale_ind,930154,TRUE,0.45,0.45,0.45000000000000007
btp-national-2003,pfemale_ind,930155,TRUE,0.45,0.45,0.45000000000000007
btp-national-2003,pfemale_ind,930156,TRUE,0.45,0.45,0.45000000000000007
btp-national-2003,pfemale_ind,930157,TRUE,0.4,0.4,0.4
btp-national-2003,pfemale_ind,930158,TRUE,0.4,0.4,0.4
btp-national-2003,pfemale_ind,930159,TRUE,0.4,0.4,0.4
btp-national-2003,pfemale_ind,930160,TRUE,0.4,0.4,0.4
btp-national-2003,pfemale_ind,930161,TRUE,0.4,0.4,0.4
btp-national-2003,pfemale_ind,930162,TRUE,0.45,0.45,0.45000000000000007
btp-national-2003,pfemale_ind,930163,TRUE,0.45,0.45,0.45000000000000007
btp-national-2003,pfemale_ind,930164,TRUE,0.45,0.45,0.45000000000000007
btp-national-2003,pfemale_ind,930165,TRUE,0.318181818181818,0.3181818181818182,0.31818181818181823
btp-national-2003,pfemale_ind,930166,TRUE,0.318181818181818,0.3181818181818182,0.31818181818181823
btp-national-2003,pfemale_ind,930167,TRUE,0.318181818181818,0.3181818181818182,0.31818181818181823
btp-national-2003,pfemale_ind,930168,TRUE,0.272727272727273,0.2727272727272727,0.2727272727272727
btp-national-2003,pfemale_ind,930169,TRUE,0.272727272727273,0.2727272727272727,0.2727272727272727
btp-national-2003,pfemale_ind,930170,TRUE,0.318181818181818,0.3181818181818182,0.31818181818181823
btp-national-2003,pfemale_ind,930171,TRUE,0.318181818181818,0.3181818181818182,0.31818181818181823
btp-national-2003,pfemale_ind,930172,TRUE,0.318181818181818,0.3181818181818182,0.31818181818181823
btp-national-2003,pfemale_ind,930173,TRUE,0.272727272727273,0.2727272727272727,0.2727272727272727
btp-national-2003,pfemale_ind,930174,TRUE,0.272727272727273,0.2727272727272727,0.2727272727272727
btp-national-2003,pfemale_ind,930175,TRUE,0.318181818181818,0.3181818181818182,0.3181818181818182
btp-national-2003,pfemale_ind,930176,TRUE,0.318181818181818,0.3181818181818182,0.3181818181818182
btp-national-2003,pfemale_ind,930177,TRUE,0.318181818181818,0.3181818181818182,0.3181818181818182
btp-national-2003,pfemale_ind,930178,TRUE,0.318181818181818,0.3181818181818182,0.3181818181818182
btp-national-2003,pfemale_ind,930179,TRUE,0.272727272727273,0.2727272727272727,0.2727272727272727
btp-national-2003,pfemale_ind,930180,TRUE,0.318181818181818,0.3181818181818182,0.3181818181818182
btp-national-2003,pfemale_ind,930181,TRUE,0.318181818181818,0.3181818181818182,0.3181818181818182
btp-national-2003,pfemale_ind,930182,TRUE,0.272727272727273,0.2727272727272727,0.2727272727272727
btp-national-2003,pfemale_ind,930183,TRUE,0.272727272727273,0.2727272727272727,0.2727272727272727
btp-national-2003,pfemale_ind,930184,TRUE,0.318181818181818,0.3181818181818182,0.3181818181818182
btp-national-2003,pfemale_ind,930185,TRUE,0.318181818181818,0.3181818181818182,0.3181818181818182
btp-national-2003,pfemale_ind,930186,TRUE,0.318181818181818,0.3181818181818182,0.3181818181818182
btp-national-2003,pfemale_ind,930187,TRUE,0.318181818181818,0.3181818181818182,0.3181818181818182
btp-national-2003,pfemale_ind,930188,TRUE,0.5,0.5,0.5
btp-national-2003,pfemale_ind,930189,TRUE,0.5,0.5,0.5
btp-national-2003,pfemale_ind,930190,TRUE,0.5,0.5,0.5
btp-national-2003,pfemale_ind,930191,TRUE,0.5,0.5,0.5
btp-national-2003,pfemale_ind,930192,TRUE,0.5,0.5,0.5
btp-national-2003,pfemale_ind,930193,TRUE,0.55,0.55,0.55
btp-national-2003,pfemale_ind,930194,TRUE,0.5,0.5,0.5
btp-national-2003,pfemale_ind,930195,TRUE,0.55,0.55,0.55
btp-national-2003,pfemale_ind,930196,TRUE,0.55,0.55,0.55
btp-national-2003,pfemale_ind,930197,TRUE,0.55,0.55,0.55
btp-national-2003,pfemale_ind,930198,TRUE,0.55,0.55,0.55
btp-national-2003,pfemale_ind,930199,TRUE,0.5,0.5,0.5
btp-national-2003,pfemale_ind,930200,TRUE,0.55,0.55,0.55
btp-national-2003,pfemale_ind,930201,TRUE,0.5,0.5,0.5
btp-national-2003,pfemale_ind,930202,TRUE,0.5,0.5,0.5
btp-national-2003,pfemale_ind,930203,TRUE,0.55,0.55,0.55
btp-national-2003,pfemale_ind,930204,TRUE,0.5,0.5,0.5
btp-national-2003,pfemale_ind,930205,TRUE,0.55,0.55,0.55
btp-national-2003,pfemale_ind,930206,TRUE,0.55,0.55,0.55
btp-national-2003,pfemale_ind,930207,TRUE,0.5,0.5,0.5
btp-national-2003,pfemale_ind,930208,TRUE,0.55,0.55,0.55
btp-national-2003,pfemale_ind,930209,TRUE,0.526315789473684,0.5263157894736842,0.5263157894736842
btp-national-2003,pfemale_ind,930210,TRUE,0.526315789473684,0.5263157894736842,0.5263157894736842
btp-national-2003,pfemale_ind,930211,TRUE,0.526315789473684,0.5263157894736842,0.5263157894736842
btp-national-2003,pfemale_ind,930212,TRUE,0.578947368421053,0.5789473684210527,0.5789473684210527
btp-national-2003,pfemale_ind,930213,TRUE,0.526315789473684,0.5263157894736842,0.5263157894736842
btp-national-2003,pfemale_ind,930214,TRUE,0.578947368421053,0.5789473684210527,0.5789473684210527
btp-national-2003,pfemale_ind,930215,TRUE,0.578947368421053,0.5789473684210527,0.5789473684210527
btp-national-2003,pfemale_ind,930216,TRUE,0.578947368421053,0.5789473684210527,0.5789473684210527
btp-national-2003,pfemale_ind,930217,TRUE,0.526315789473684,0.5263157894736842,0.5263157894736842
btp-national-2003,pfemale_ind,930218,TRUE,0.578947368421053,0.5789473684210527,0.5789473684210527
btp-national-2003,pfemale_ind,930219,TRUE,0.526315789473684,0.5263157894736842,0.5263157894736842
btp-national-2003,pfemale_ind,930220,TRUE,0.578947368421053,0.5789473684210527,0.5789473684210527
btp-national-2003,pfemale_ind,930221,TRUE,0.526315789473684,0.5263157894736842,0.5263157894736842
btp-national-2003,pfemale_ind,930222,TRUE,0.578947368421053,0.5789473684210527,0.5789473684210527
btp-national-2003,pfemale_ind,930223,TRUE,0.526315789473684,0.5263157894736842,0.5263157894736842
btp-national-2003,pfemale_ind,930224,TRUE,0.526315789473684,0.5263157894736842,0.5263157894736842
btp-national-2003,pfemale_ind,930225,TRUE,0.526315789473684,0.5263157894736842,0.5263157894736842
btp-national-2003,pfemale_ind,930226,TRUE,0.578947368421053,0.5789473684210527,0.5789473684210527
btp-national-2003,pfemale_ind,930227,TRUE,0.578947368421053,0.5789473684210527,0.5789473684210527
btp-national-2003,pfemale_ind,930228,TRUE,0.526315789473684,0.5263157894736842,0.5263157894736842
btp-national-2003,pfemale_ind,930229,TRUE,0.3125,0.31249999999999994,0.3125
btp-national-2003,pfemale_ind,930230,TRUE,0.3125,0.31249999999999994,0.3125
btp-national-2003,pfemale_ind,930231,TRUE,0.25,0.24999999999999992,0.25
btp-national-2003,pfemale_ind,930232,TRUE,0.3125,0.31249999999999994,0.3125
btp-national-2003,pfemale_ind,930233,TRUE,0.3125,0.31249999999999994,0.3125
btp-national-2003,pfemale_ind,930234,TRUE,0.25,0.24999999999999992,0.25
btp-national-2003,pfemale_ind,930235,TRUE,0.3125,0.31249999999999994,0.3125
btp-national-2003,pfemale_ind,930236,TRUE,0.3125,0.31249999999999994,0.3125
btp-national-2003,pfemale_ind,930237,TRUE,0.3125,0.31249999999999994,0.3125
btp-national-2003,pfemale_ind,930238,TRUE,0.3125,0.31249999999999994,0.3125
btp-national-2003,pfemale_ind,930239,TRUE,0.25,0.24999999999999992,0.25
btp-national-2003,pfemale_ind,930240,TRUE,0.3125,0.31249999999999994,0.3125
btp-national-2003,pfemale_ind,930241,TRUE,0.3125,0.31249999999999994,0.3125
btp-national-2003,pfemale_ind,930242,TRUE,0.3125,0.31249999999999994,0.3125
btp-national-2003,pfemale_ind,930243,TRUE,0.25,0.24999999999999992,0.25
btp-national-2003,pfemale_ind,930244,TRUE,0.25,0.24999999999999992,0.25
btp-national-2003,pfemale_ind,930245,TRUE,0.3125,0.31249999999999994,0.3125
btp-general-election-2004,pfemale_ind,940001,TRUE,0.454545454545455,0.4545454545454546,0.4545454545454546
btp-general-election-2004,pfemale_ind,940002,TRUE,0.454545454545455,0.4545454545454546,0.4545454545454546
btp-general-election-2004,pfemale_ind,940003,TRUE,0.5,0.5,0.5
btp-general-election-2004,pfemale_ind,940004,TRUE,0.454545454545455,0.4545454545454546,0.4545454545454546
btp-general-election-2004,pfemale_ind,940005,TRUE,0.5,0.5,0.5
btp-general-election-2004,pfemale_ind,940006,TRUE,0.5,0.5,0.5
btp-general-election-2004,pfemale_ind,940007,TRUE,0.454545454545455,0.4545454545454546,0.4545454545454545
btp-general-election-2004,pfemale_ind,940009,TRUE,0.5,0.5,0.5
btp-general-election-2004,pfemale_ind,940010,TRUE,0.454545454545455,0.4545454545454546,0.4545454545454545
btp-general-election-2004,pfemale_ind,940011,TRUE,0.5,0.5,0.5
btp-general-election-2004,pfemale_ind,940012,TRUE,0.454545454545455,0.4545454545454546,0.4545454545454545
btp-general-election-2004,pfemale_ind,940014,TRUE,0.454545454545455,0.4545454545454546,0.4545454545454545
btp-general-election-2004,pfemale_ind,940015,TRUE,0.5,0.5,0.5
btp-general-election-2004,pfemale_ind,940016,TRUE,0.454545454545455,0.4545454545454546,0.4545454545454545
btp-general-election-2004,pfemale_ind,940017,TRUE,0.5,0.5,0.5
btp-general-election-2004,pfemale_ind,940018,TRUE,0.5,0.5,0.5
btp-general-election-2004,pfemale_ind,940019,TRUE,0.5,0.5,0.5
btp-general-election-2004,pfemale_ind,940020,TRUE,0.454545454545455,0.4545454545454546,0.4545454545454545
btp-general-election-2004,pfemale_ind,940021,TRUE,0.5,0.5,0.5
btp-general-election-2004,pfemale_ind,940022,TRUE,0.5,0.5,0.5
btp-general-election-2004,pfemale_ind,940023,TRUE,0.454545454545455,0.4545454545454546,0.4545454545454545
btp-general-election-2004,pfemale_ind,940024,TRUE,0.36,0.36,0.36000000000000004
btp-general-election-2004,pfemale_ind,940025,TRUE,0.4,0.4,0.4
btp-general-election-2004,pfemale_ind,940026,TRUE,0.4,0.4,0.4
btp-general-election-2004,pfemale_ind,940027,TRUE,0.36,0.36,0.36000000000000004
btp-general-election-2004,pfemale_ind,940028,TRUE,0.4,0.4,0.4
btp-general-election-2004,pfemale_ind,940029,TRUE,0.36,0.36,0.36000000000000004
btp-general-election-2004,pfemale_ind,940030,TRUE,0.4,0.4,0.4
btp-general-election-2004,pfemale_ind,940031,TRUE,0.4,0.4,0.4
btp-general-election-2004,pfemale_ind,940032,TRUE,0.4,0.4,0.4
btp-general-election-2004,pfemale_ind,940033,TRUE,0.4,0.4,0.4
btp-general-election-2004,pfemale_ind,940034,TRUE,0.4,0.4,0.4
btp-general-election-2004,pfemale_ind,940035,TRUE,0.4,0.4,0.4
btp-general-election-2004,pfemale_ind,940036,TRUE,0.4,0.4,0.4
btp-general-election-2004,pfemale_ind,940037,TRUE,0.4,0.4,0.4
btp-general-election-2004,pfemale_ind,940038,TRUE,0.4,0.4,0.4
btp-general-election-2004,pfemale_ind,940039,TRUE,0.36,0.36,0.36000000000000004
btp-general-election-2004,pfemale_ind,940040,TRUE,0.36,0.36,0.36000000000000004
btp-general-election-2004,pfemale_ind,940041,TRUE,0.4,0.4,0.4
btp-general-election-2004,pfemale_ind,940042,TRUE,0.4,0.4,0.4
btp-general-election-2004,pfemale_ind,940043,TRUE,0.4,0.4,0.4
btp-general-election-2004,pfemale_ind,940044,TRUE,0.36,0.36,0.36000000000000004
btp-general-election-2004,pfemale_ind,940045,TRUE,0.36,0.36,0.36000000000000004
btp-general-election-2004,pfemale_ind,940046,TRUE,0.36,0.36,0.36000000000000004
btp-general-election-2004,pfemale_ind,940047,TRUE,0.36,0.36,0.36000000000000004
btp-general-election-2004,pfemale_ind,940048,TRUE,0.4,0.4,0.4
btp-general-election-2004,pfemale_ind,940049,TRUE,0.36,0.36,0.36000000000000004
btp-general-election-2004,pfemale_ind,940050,TRUE,0.434782608695652,0.43478260869565216,0.4347826086956522
btp-general-election-2004,pfemale_ind,940051,TRUE,0.391304347826087,0.391304347826087,0.391304347826087
btp-general-election-2004,pfemale_ind,940052,FALSE,NA,0.43478260869565216,0.4347826086956522
btp-general-election-2004,pfemale_ind,940053,TRUE,0.391304347826087,0.391304347826087,0.391304347826087
btp-general-election-2004,pfemale_ind,940054,TRUE,0.434782608695652,0.43478260869565216,0.4347826086956522
btp-general-election-2004,pfemale_ind,940055,TRUE,0.434782608695652,0.43478260869565216,0.4347826086956522
btp-general-election-2004,pfemale_ind,940056,TRUE,0.434782608695652,0.43478260869565216,0.4347826086956522
btp-general-election-2004,pfemale_ind,940057,TRUE,0.391304347826087,0.391304347826087,0.391304347826087
btp-general-election-2004,pfemale_ind,940059,TRUE,0.391304347826087,0.391304347826087,0.391304347826087
btp-general-election-2004,pfemale_ind,940060,TRUE,0.434782608695652,0.43478260869565216,0.4347826086956522
btp-general-election-2004,pfemale_ind,940061,TRUE,0.434782608695652,0.43478260869565216,0.4347826086956522
btp-general-election-2004,pfemale_ind,940062,TRUE,0.391304347826087,0.391304347826087,0.391304347826087
btp-general-election-2004,pfemale_ind,940063,TRUE,0.391304347826087,0.391304347826087,0.391304347826087
btp-general-election-2004,pfemale_ind,940064,TRUE,0.434782608695652,0.43478260869565216,0.4347826086956522
btp-general-election-2004,pfemale_ind,940065,TRUE,0.434782608695652,0.43478260869565216,0.4347826086956522
btp-general-election-2004,pfemale_ind,940066,TRUE,0.391304347826087,0.391304347826087,0.391304347826087
btp-general-election-2004,pfemale_ind,940067,TRUE,0.391304347826087,0.391304347826087,0.391304347826087
btp-general-election-2004,pfemale_ind,940069,TRUE,0.391304347826087,0.391304347826087,0.391304347826087
btp-general-election-2004,pfemale_ind,940070,TRUE,0.391304347826087,0.391304347826087,0.391304347826087
btp-general-election-2004,pfemale_ind,940071,TRUE,0.434782608695652,0.43478260869565216,0.4347826086956522
btp-general-election-2004,pfemale_ind,940072,TRUE,0.434782608695652,0.43478260869565216,0.4347826086956522
btp-general-election-2004,pfemale_ind,940073,TRUE,0.434782608695652,0.43478260869565216,0.4347826086956522
btp-general-election-2004,pfemale_ind,940074,TRUE,0.526315789473684,0.5263157894736842,0.5263157894736843
btp-general-election-2004,pfemale_ind,940075,TRUE,0.473684210526316,0.47368421052631576,0.4736842105263158
btp-general-election-2004,pfemale_ind,940076,TRUE,0.473684210526316,0.47368421052631576,0.4736842105263158
btp-general-election-2004,pfemale_ind,940077,TRUE,0.473684210526316,0.47368421052631576,0.4736842105263158
btp-general-election-2004,pfemale_ind,940078,TRUE,0.473684210526316,0.47368421052631576,0.4736842105263158
btp-general-election-2004,pfemale_ind,940079,TRUE,0.473684210526316,0.47368421052631576,0.4736842105263158
btp-general-election-2004,pfemale_ind,940080,TRUE,0.526315789473684,0.5263157894736842,0.5263157894736843
btp-general-election-2004,pfemale_ind,940081,TRUE,0.526315789473684,0.5263157894736842,0.5263157894736843
btp-general-election-2004,pfemale_ind,940083,TRUE,0.526315789473684,0.5263157894736842,0.5263157894736842
btp-general-election-2004,pfemale_ind,940085,TRUE,0.526315789473684,0.5263157894736842,0.5263157894736842
btp-general-election-2004,pfemale_ind,940086,TRUE,0.526315789473684,0.5263157894736842,0.5263157894736842
btp-general-election-2004,pfemale_ind,940087,TRUE,0.526315789473684,0.5263157894736842,0.5263157894736842
btp-general-election-2004,pfemale_ind,940088,TRUE,0.526315789473684,0.5263157894736842,0.5263157894736842
btp-general-election-2004,pfemale_ind,940089,TRUE,0.473684210526316,0.47368421052631576,0.4736842105263158
btp-general-election-2004,pfemale_ind,940090,TRUE,0.526315789473684,0.5263157894736842,0.5263157894736842
btp-general-election-2004,pfemale_ind,940091,TRUE,0.526315789473684,0.5263157894736842,0.5263157894736842
btp-general-election-2004,pfemale_ind,940093,TRUE,0.473684210526316,0.47368421052631576,0.4736842105263158
btp-general-election-2004,pfemale_ind,940094,TRUE,0.68,0.68,0.6799999999999999
btp-general-election-2004,pfemale_ind,940095,TRUE,0.64,0.64,0.64
btp-general-election-2004,pfemale_ind,940096,TRUE,0.68,0.68,0.6799999999999999
btp-general-election-2004,pfemale_ind,940097,TRUE,0.68,0.68,0.6799999999999999
btp-general-election-2004,pfemale_ind,940098,TRUE,0.68,0.68,0.6799999999999999
btp-general-election-2004,pfemale_ind,940099,TRUE,0.68,0.68,0.6799999999999999
btp-general-election-2004,pfemale_ind,940101,TRUE,0.64,0.64,0.64
btp-general-election-2004,pfemale_ind,940102,TRUE,0.64,0.64,0.64
btp-general-election-2004,pfemale_ind,940103,TRUE,0.64,0.64,0.64
btp-general-election-2004,pfemale_ind,940104,TRUE,0.64,0.64,0.64
btp-general-election-2004,pfemale_ind,940105,TRUE,0.64,0.64,0.64
btp-general-election-2004,pfemale_ind,940106,TRUE,0.64,0.64,0.64
btp-general-election-2004,pfemale_ind,940107,TRUE,0.64,0.64,0.64
btp-general-election-2004,pfemale_ind,940108,TRUE,0.64,0.64,0.64
btp-general-election-2004,pfemale_ind,940109,TRUE,0.64,0.64,0.64
btp-general-election-2004,pfemale_ind,940110,TRUE,0.64,0.64,0.64
btp-general-election-2004,pfemale_ind,940112,TRUE,0.64,0.64,0.64
btp-general-election-2004,pfemale_ind,940113,TRUE,0.68,0.68,0.6799999999999999
btp-general-election-2004,pfemale_ind,940114,TRUE,0.64,0.64,0.64
btp-general-election-2004,pfemale_ind,940115,TRUE,0.64,0.64,0.64
btp-general-election-2004,pfemale_ind,940116,TRUE,0.68,0.68,0.6799999999999999
btp-general-election-2004,pfemale_ind,940117,TRUE,0.68,0.68,0.6799999999999999
btp-general-election-2004,pfemale_ind,940118,TRUE,0.64,0.64,0.64
btp-general-election-2004,pfemale_ind,940119,TRUE,0.64,0.64,0.64
btp-general-election-2004,pfemale_ind,940120,TRUE,0.6,0.6,0.6
btp-general-election-2004,pfemale_ind,940121,TRUE,0.56,0.5599999999999999,0.56
btp-general-election-2004,pfemale_ind,940122,TRUE,0.56,0.5599999999999999,0.56
btp-general-election-2004,pfemale_ind,940123,TRUE,0.56,0.5599999999999999,0.56
btp-general-election-2004,pfemale_ind,940124,TRUE,0.56,0.5599999999999999,0.56
btp-general-election-2004,pfemale_ind,940125,TRUE,0.6,0.6,0.6
btp-general-election-2004,pfemale_ind,940126,TRUE,0.56,0.5599999999999999,0.56
btp-general-election-2004,pfemale_ind,940127,TRUE,0.56,0.5599999999999999,0.56
btp-general-election-2004,pfemale_ind,940129,TRUE,0.56,0.5599999999999999,0.56
btp-general-election-2004,pfemale_ind,940131,TRUE,0.6,0.6,0.6
btp-general-election-2004,pfemale_ind,940133,TRUE,0.6,0.6,0.6
btp-general-election-2004,pfemale_ind,940134,TRUE,0.56,0.5599999999999999,0.56
btp-general-election-2004,pfemale_ind,940135,TRUE,0.6,0.6,0.6
btp-general-election-2004,pfemale_ind,940136,TRUE,0.56,0.5599999999999999,0.56
btp-general-election-2004,pfemale_ind,940137,TRUE,0.6,0.6,0.6
btp-general-election-2004,pfemale_ind,940138,TRUE,0.6,0.6,0.6
btp-general-election-2004,pfemale_ind,940139,TRUE,0.56,0.5599999999999999,0.56
btp-general-election-2004,pfemale_ind,940140,TRUE,0.56,0.5599999999999999,0.56
btp-general-election-2004,pfemale_ind,940141,TRUE,0.56,0.5599999999999999,0.56
btp-general-election-2004,pfemale_ind,940142,TRUE,0.6,0.6,0.6
btp-general-election-2004,pfemale_ind,940143,TRUE,0.6,0.6,0.6
btp-general-election-2004,pfemale_ind,940145,TRUE,0.56,0.5599999999999999,0.56
btp-general-election-2004,pfemale_ind,940146,TRUE,0.230769230769231,0.23076923076923073,0.23076923076923073
btp-general-election-2004,pfemale_ind,940147,TRUE,0.230769230769231,0.23076923076923073,0.23076923076923073
btp-general-election-2004,pfemale_ind,940148,TRUE,0.230769230769231,0.23076923076923073,0.23076923076923073
btp-general-election-2004,pfemale_ind,940149,TRUE,0.230769230769231,0.23076923076923073,0.23076923076923073
btp-general-election-2004,pfemale_ind,940150,TRUE,0.230769230769231,0.23076923076923073,0.23076923076923073
btp-general-election-2004,pfemale_ind,940151,TRUE,0.230769230769231,0.23076923076923073,0.23076923076923073
btp-general-election-2004,pfemale_ind,940152,TRUE,0.230769230769231,0.23076923076923073,0.23076923076923073
btp-general-election-2004,pfemale_ind,940153,TRUE,0.230769230769231,0.23076923076923073,0.23076923076923073
btp-general-election-2004,pfemale_ind,940156,TRUE,0.230769230769231,0.23076923076923073,0.23076923076923073
btp-general-election-2004,pfemale_ind,940158,TRUE,0.230769230769231,0.23076923076923073,0.23076923076923073
btp-general-election-2004,pfemale_ind,940159,TRUE,0.230769230769231,0.23076923076923073,0.23076923076923073
btp-general-election-2004,pfemale_ind,940160,TRUE,0.230769230769231,0.23076923076923073,0.23076923076923073
btp-general-election-2004,pfemale_ind,940161,TRUE,0.192307692307692,0.19230769230769224,0.19230769230769232
btp-general-election-2004,pfemale_ind,940162,TRUE,0.230769230769231,0.23076923076923073,0.23076923076923073
btp-general-election-2004,pfemale_ind,940163,TRUE,0.230769230769231,0.23076923076923073,0.23076923076923073
btp-general-election-2004,pfemale_ind,940164,TRUE,0.230769230769231,0.23076923076923073,0.23076923076923073
btp-general-election-2004,pfemale_ind,940165,TRUE,0.230769230769231,0.23076923076923073,0.23076923076923073
btp-general-election-2004,pfemale_ind,940166,TRUE,0.230769230769231,0.23076923076923073,0.23076923076923073
btp-general-election-2004,pfemale_ind,940167,TRUE,0.230769230769231,0.23076923076923073,0.23076923076923073
btp-general-election-2004,pfemale_ind,940168,TRUE,0.192307692307692,0.19230769230769224,0.19230769230769232
btp-general-election-2004,pfemale_ind,940170,TRUE,0.192307692307692,0.19230769230769224,0.19230769230769232
btp-general-election-2004,pfemale_ind,940171,TRUE,0.230769230769231,0.23076923076923073,0.23076923076923073
btp-general-election-2004,pfemale_ind,940172,TRUE,0.230769230769231,0.23076923076923073,0.23076923076923073
btp-general-election-2004,pfemale_ind,940173,TRUE,0.777777777777778,0.7777777777777778,0.7777777777777778
btp-general-election-2004,pfemale_ind,940176,TRUE,0.777777777777778,0.7777777777777778,0.7777777777777778
btp-general-election-2004,pfemale_ind,940177,TRUE,0.777777777777778,0.7777777777777778,0.7777777777777778
btp-general-election-2004,pfemale_ind,940178,TRUE,0.888888888888889,0.8888888888888888,0.8888888888888888
btp-general-election-2004,pfemale_ind,940180,TRUE,0.888888888888889,0.8888888888888888,0.8888888888888888
btp-general-election-2004,pfemale_ind,940183,TRUE,0.333333333333333,0.3333333333333333,0.33333333333333337
btp-general-election-2004,pfemale_ind,940184,TRUE,0.333333333333333,0.3333333333333333,0.33333333333333337
btp-general-election-2004,pfemale_ind,940185,TRUE,0.333333333333333,0.3333333333333333,0.33333333333333337
btp-general-election-2004,pfemale_ind,940186,TRUE,0.333333333333333,0.3333333333333333,0.33333333333333337
btp-general-election-2004,pfemale_ind,940187,TRUE,0.277777777777778,0.2777777777777778,0.2777777777777778
btp-general-election-2004,pfemale_ind,940188,TRUE,0.333333333333333,0.3333333333333333,0.33333333333333337
btp-general-election-2004,pfemale_ind,940189,TRUE,0.277777777777778,0.2777777777777778,0.2777777777777778
btp-general-election-2004,pfemale_ind,940190,TRUE,0.277777777777778,0.2777777777777778,0.2777777777777778
btp-general-election-2004,pfemale_ind,940191,TRUE,0.277777777777778,0.2777777777777778,0.2777777777777778
btp-general-election-2004,pfemale_ind,940192,TRUE,0.333333333333333,0.3333333333333333,0.33333333333333337
btp-general-election-2004,pfemale_ind,940194,TRUE,0.333333333333333,0.3333333333333333,0.33333333333333337
btp-general-election-2004,pfemale_ind,940195,TRUE,0.333333333333333,0.3333333333333333,0.33333333333333337
btp-general-election-2004,pfemale_ind,940196,TRUE,0.333333333333333,0.3333333333333333,0.33333333333333337
btp-general-election-2004,pfemale_ind,940197,TRUE,0.333333333333333,0.3333333333333333,0.33333333333333337
btp-general-election-2004,pfemale_ind,940199,TRUE,0.277777777777778,0.2777777777777778,0.2777777777777778
btp-general-election-2004,pfemale_ind,940200,TRUE,0.333333333333333,0.3333333333333333,0.33333333333333337
btp-general-election-2004,pfemale_ind,940202,TRUE,0.611111111111111,0.6111111111111112,0.6111111111111112
btp-general-election-2004,pfemale_ind,940203,TRUE,0.611111111111111,0.6111111111111112,0.6111111111111112
btp-general-election-2004,pfemale_ind,940204,TRUE,0.666666666666667,0.6666666666666666,0.6666666666666667
btp-general-election-2004,pfemale_ind,940206,TRUE,0.666666666666667,0.6666666666666666,0.6666666666666667
btp-general-election-2004,pfemale_ind,940207,TRUE,0.611111111111111,0.6111111111111112,0.6111111111111112
btp-general-election-2004,pfemale_ind,940208,TRUE,0.666666666666667,0.6666666666666666,0.6666666666666667
btp-general-election-2004,pfemale_ind,940210,TRUE,0.611111111111111,0.6111111111111112,0.6111111111111112
btp-general-election-2004,pfemale_ind,940211,TRUE,0.611111111111111,0.6111111111111112,0.6111111111111112
btp-general-election-2004,pfemale_ind,940213,TRUE,0.611111111111111,0.6111111111111112,0.6111111111111112
btp-general-election-2004,pfemale_ind,940214,TRUE,0.611111111111111,0.6111111111111112,0.6111111111111112
btp-general-election-2004,pfemale_ind,940215,TRUE,0.611111111111111,0.6111111111111112,0.6111111111111112
btp-general-election-2004,pfemale_ind,940217,TRUE,0.611111111111111,0.6111111111111112,0.6111111111111112
btp-general-election-2004,pfemale_ind,940219,TRUE,0.666666666666667,0.6666666666666666,0.6666666666666667
btp-general-election-2004,pfemale_ind,940220,TRUE,0.666666666666667,0.6666666666666666,0.6666666666666667
btp-general-election-2004,pfemale_ind,940221,TRUE,0.454545454545455,0.45454545454545464,0.4545454545454545
btp-general-election-2004,pfemale_ind,940223,TRUE,0.454545454545455,0.45454545454545464,0.4545454545454545
btp-general-election-2004,pfemale_ind,940224,TRUE,0.5,0.5000000000000001,0.5
btp-general-election-2004,pfemale_ind,940225,TRUE,0.454545454545455,0.45454545454545464,0.4545454545454545
btp-general-election-2004,pfemale_ind,940226,TRUE,0.454545454545455,0.45454545454545464,0.4545454545454545
btp-general-election-2004,pfemale_ind,940228,TRUE,0.454545454545455,0.45454545454545464,0.4545454545454545
btp-general-election-2004,pfemale_ind,940229,TRUE,0.5,0.5000000000000001,0.5
btp-general-election-2004,pfemale_ind,940230,TRUE,0.5,0.5000000000000001,0.5
btp-general-election-2004,pfemale_ind,940231,TRUE,0.5,0.5000000000000001,0.5
btp-general-election-2004,pfemale_ind,940232,TRUE,0.5,0.5000000000000001,0.5
btp-general-election-2004,pfemale_ind,940234,TRUE,0.454545454545455,0.45454545454545464,0.4545454545454545
btp-general-election-2004,pfemale_ind,940235,TRUE,0.5,0.5000000000000001,0.5
btp-general-election-2004,pfemale_ind,940236,TRUE,0.5,0.5000000000000001,0.5
btp-general-election-2004,pfemale_ind,940238,TRUE,0.5,0.5000000000000001,0.5
btp-general-election-2004,pfemale_ind,940240,TRUE,0.5,0.5000000000000001,0.5
btp-general-election-2004,pfemale_ind,940242,TRUE,0.5,0.5000000000000001,0.5
btp-general-election-2004,pfemale_ind,940243,TRUE,0.454545454545455,0.45454545454545464,0.4545454545454545
btp-general-election-2004,pfemale_ind,940244,TRUE,0.545454545454545,0.5454545454545454,0.5454545454545454
btp-general-election-2004,pfemale_ind,940245,TRUE,0.454545454545455,0.4545454545454546,0.4545454545454546
btp-general-election-2004,pfemale_ind,940246,FALSE,NA,0.5454545454545454,0.5454545454545454
btp-general-election-2004,pfemale_ind,940249,TRUE,0.545454545454545,0.5454545454545454,0.5454545454545454
btp-general-election-2004,pfemale_ind,940250,TRUE,0.454545454545455,0.4545454545454546,0.4545454545454546
btp-general-election-2004,pfemale_ind,940251,TRUE,0.545454545454545,0.5454545454545454,0.5454545454545454
btp-general-election-2004,pfemale_ind,940253,TRUE,0.545454545454545,0.5454545454545454,0.5454545454545454
btp-general-election-2004,pfemale_ind,940254,TRUE,0.454545454545455,0.4545454545454546,0.4545454545454546
btp-general-election-2004,pfemale_ind,940255,TRUE,0.454545454545455,0.4545454545454546,0.4545454545454546
btp-general-election-2004,pfemale_ind,940257,TRUE,0.555555555555556,0.5555555555555556,0.5555555555555556
btp-general-election-2004,pfemale_ind,940258,TRUE,0.555555555555556,0.5555555555555556,0.5555555555555556
btp-general-election-2004,pfemale_ind,940259,TRUE,0.444444444444444,0.4444444444444444,0.4444444444444444
btp-general-election-2004,pfemale_ind,940260,TRUE,0.555555555555556,0.5555555555555556,0.5555555555555556
btp-general-election-2004,pfemale_ind,940261,TRUE,0.555555555555556,0.5555555555555556,0.5555555555555556
btp-general-election-2004,pfemale_ind,940262,TRUE,0.444444444444444,0.4444444444444444,0.4444444444444444
btp-general-election-2004,pfemale_ind,940263,TRUE,0.444444444444444,0.4444444444444444,0.4444444444444444
btp-general-election-2004,pfemale_ind,940267,TRUE,0.526315789473684,0.5263157894736842,0.5263157894736843
btp-general-election-2004,pfemale_ind,940268,TRUE,0.473684210526316,0.47368421052631576,0.4736842105263158
btp-general-election-2004,pfemale_ind,940270,TRUE,0.473684210526316,0.47368421052631576,0.4736842105263158
btp-general-election-2004,pfemale_ind,940272,TRUE,0.473684210526316,0.47368421052631576,0.4736842105263158
btp-general-election-2004,pfemale_ind,940273,TRUE,0.526315789473684,0.5263157894736842,0.5263157894736843
btp-general-election-2004,pfemale_ind,940275,TRUE,0.526315789473684,0.5263157894736842,0.5263157894736842
btp-general-election-2004,pfemale_ind,940276,TRUE,0.473684210526316,0.47368421052631576,0.4736842105263158
btp-general-election-2004,pfemale_ind,940277,TRUE,0.526315789473684,0.5263157894736842,0.5263157894736842
btp-general-election-2004,pfemale_ind,940278,TRUE,0.473684210526316,0.47368421052631576,0.4736842105263158
btp-general-election-2004,pfemale_ind,940279,TRUE,0.526315789473684,0.5263157894736842,0.5263157894736842
btp-general-election-2004,pfemale_ind,940280,TRUE,0.526315789473684,0.5263157894736842,0.5263157894736842
btp-general-election-2004,pfemale_ind,940281,TRUE,0.526315789473684,0.5263157894736842,0.5263157894736842
btp-general-election-2004,pfemale_ind,940282,TRUE,0.473684210526316,0.47368421052631576,0.4736842105263158
btp-general-election-2004,pfemale_ind,940285,TRUE,0.526315789473684,0.5263157894736842,0.5263157894736842
btp-general-election-2004,pfemale_ind,940286,TRUE,0.384615384615385,0.38461538461538464,0.38461538461538464
btp-general-election-2004,pfemale_ind,940287,TRUE,0.461538461538462,0.4615384615384616,0.4615384615384616
btp-general-election-2004,pfemale_ind,940288,TRUE,0.461538461538462,0.4615384615384616,0.4615384615384616
btp-general-election-2004,pfemale_ind,940291,TRUE,0.384615384615385,0.38461538461538464,0.38461538461538464
btp-general-election-2004,pfemale_ind,940292,TRUE,0.461538461538462,0.4615384615384616,0.4615384615384616
btp-general-election-2004,pfemale_ind,940293,TRUE,0.384615384615385,0.38461538461538464,0.38461538461538464
btp-general-election-2004,pfemale_ind,940294,TRUE,0.461538461538462,0.4615384615384616,0.4615384615384616
btp-general-election-2004,pfemale_ind,940295,TRUE,0.384615384615385,0.38461538461538464,0.38461538461538464
btp-general-election-2004,pfemale_ind,940296,TRUE,0.384615384615385,0.38461538461538464,0.38461538461538464
btp-general-election-2004,pfemale_ind,940297,TRUE,0.461538461538462,0.4615384615384616,0.4615384615384616
btp-general-election-2004,pfemale_ind,940299,TRUE,0.461538461538462,0.4615384615384616,0.4615384615384616
btp-presidential-primaries-2004,pfemale_ind,950001,TRUE,0.571428571428571,0.6,0.6
btp-presidential-primaries-2004,pfemale_ind,950002,TRUE,0.428571428571429,0.4,0.4
btp-presidential-primaries-2004,pfemale_ind,950003,TRUE,0.324324324324324,0.3333333333333333,0.3333333333333333
btp-presidential-primaries-2004,pfemale_ind,950004,TRUE,0.526315789473684,0.5555555555555556,0.5555555555555556
btp-presidential-primaries-2004,pfemale_ind,950006,TRUE,0.620689655172414,0.6428571428571429,0.6428571428571429
btp-presidential-primaries-2004,pfemale_ind,950007,TRUE,0.365853658536585,0.35,0.35
btp-presidential-primaries-2004,pfemale_ind,950008,TRUE,0.56,0.5833333333333334,0.5833333333333334
btp-presidential-primaries-2004,pfemale_ind,950009,TRUE,0.411764705882353,0.375,0.375
btp-presidential-primaries-2004,pfemale_ind,950010,TRUE,0.241379310344828,0.21428571428571436,0.2142857142857143
btp-presidential-primaries-2004,pfemale_ind,950011,TRUE,0.578947368421053,0.5555555555555556,0.5555555555555556
btp-presidential-primaries-2004,pfemale_ind,950013,TRUE,0.580645161290323,0.6,0.6
btp-presidential-primaries-2004,pfemale_ind,950014,TRUE,0.297297297297297,0.2777777777777778,0.2777777777777778
btp-presidential-primaries-2004,pfemale_ind,950015,TRUE,0.52,0.5,0.5
btp-presidential-primaries-2004,pfemale_ind,950016,TRUE,0.275862068965517,0.28571428571428575,0.2857142857142857
btp-presidential-primaries-2004,pfemale_ind,950017,TRUE,0.52,0.5,0.5
btp-presidential-primaries-2004,pfemale_ind,950018,TRUE,0.56,0.5833333333333334,0.5833333333333334
btp-presidential-primaries-2004,pfemale_ind,950019,TRUE,0.631578947368421,0.6666666666666666,0.6666666666666666
btp-presidential-primaries-2004,pfemale_ind,950020,TRUE,0.481481481481481,0.4615384615384616,0.4615384615384616
btp-presidential-primaries-2004,pfemale_ind,950021,TRUE,0.365853658536585,0.35,0.35
btp-presidential-primaries-2004,pfemale_ind,950023,TRUE,0.580645161290323,0.6,0.6
btp-presidential-primaries-2004,pfemale_ind,950024,TRUE,0.548387096774194,0.5333333333333333,0.5333333333333334
btp-presidential-primaries-2004,pfemale_ind,950025,TRUE,0.32,0.3333333333333333,0.33333333333333337
btp-presidential-primaries-2004,pfemale_ind,950026,TRUE,0.32,0.3333333333333333,0.33333333333333337
btp-presidential-primaries-2004,pfemale_ind,950027,TRUE,0.315789473684211,0.3333333333333333,0.33333333333333337
btp-presidential-primaries-2004,pfemale_ind,950028,TRUE,0.56,0.5833333333333334,0.5833333333333334
btp-presidential-primaries-2004,pfemale_ind,950029,TRUE,0.297297297297297,0.2777777777777778,0.2777777777777778
btp-presidential-primaries-2004,pfemale_ind,950031,TRUE,0.620689655172414,0.6428571428571429,0.6428571428571429
btp-presidential-primaries-2004,pfemale_ind,950032,TRUE,0.275862068965517,0.28571428571428575,0.2857142857142857
btp-presidential-primaries-2004,pfemale_ind,950033,TRUE,0.523809523809524,0.5,0.5
btp-presidential-primaries-2004,pfemale_ind,950035,TRUE,0.52,0.5,0.5
btp-presidential-primaries-2004,pfemale_ind,950036,TRUE,0.275862068965517,0.28571428571428575,0.2857142857142857
btp-presidential-primaries-2004,pfemale_ind,950037,TRUE,0.32258064516129,0.3333333333333333,0.33333333333333337
btp-presidential-primaries-2004,pfemale_ind,950041,TRUE,0.428571428571429,0.4,0.4
btp-presidential-primaries-2004,pfemale_ind,950042,TRUE,0.290322580645161,0.26666666666666666,0.2666666666666667
btp-presidential-primaries-2004,pfemale_ind,950046,TRUE,0.578947368421053,0.5555555555555556,0.5555555555555556
btp-presidential-primaries-2004,pfemale_ind,950047,TRUE,0.586206896551724,0.5714285714285714,0.5714285714285714
btp-presidential-primaries-2004,pfemale_ind,950049,TRUE,0.390243902439024,0.4,0.4000000000000001
btp-presidential-primaries-2004,pfemale_ind,950051,TRUE,0.586206896551724,0.5714285714285714,0.5714285714285714
btp-presidential-primaries-2004,pfemale_ind,950052,TRUE,0.526315789473684,0.5555555555555556,0.5555555555555556
btp-presidential-primaries-2004,pfemale_ind,950053,TRUE,0.631578947368421,0.6666666666666666,0.6666666666666666
btp-presidential-primaries-2004,pfemale_ind,950054,TRUE,0.526315789473684,0.5555555555555556,0.5555555555555556
btp-presidential-primaries-2004,pfemale_ind,950055,TRUE,0.297297297297297,0.2777777777777778,0.2777777777777778
btp-presidential-primaries-2004,pfemale_ind,950056,TRUE,0.578947368421053,0.5555555555555556,0.5555555555555556
btp-presidential-primaries-2004,pfemale_ind,950059,TRUE,0.481481481481481,0.4615384615384616,0.4615384615384616
btp-presidential-primaries-2004,pfemale_ind,950060,TRUE,0.275862068965517,0.28571428571428575,0.2857142857142857
btp-presidential-primaries-2004,pfemale_ind,950061,TRUE,0.586206896551724,0.5714285714285714,0.5714285714285714
btp-presidential-primaries-2004,pfemale_ind,950062,TRUE,0.473684210526316,0.4444444444444444,0.4444444444444444
btp-presidential-primaries-2004,pfemale_ind,950063,TRUE,0.275862068965517,0.28571428571428575,0.2857142857142857
btp-presidential-primaries-2004,pfemale_ind,950066,TRUE,0.476190476190476,0.5,0.5
btp-presidential-primaries-2004,pfemale_ind,950067,TRUE,0.365853658536585,0.35,0.35
btp-presidential-primaries-2004,pfemale_ind,950068,TRUE,0.315789473684211,0.3333333333333333,0.33333333333333337
btp-presidential-primaries-2004,pfemale_ind,950069,TRUE,0.32,0.3333333333333333,0.33333333333333337
btp-presidential-primaries-2004,pfemale_ind,950072,TRUE,0.411764705882353,0.375,0.375
btp-presidential-primaries-2004,pfemale_ind,950073,TRUE,0.365853658536585,0.35,0.35
btp-presidential-primaries-2004,pfemale_ind,950074,TRUE,0.263157894736842,0.2222222222222222,0.2222222222222222
btp-presidential-primaries-2004,pfemale_ind,950075,TRUE,0.290322580645161,0.26666666666666666,0.2666666666666667
btp-presidential-primaries-2004,pfemale_ind,950076,TRUE,0.32,0.3333333333333333,0.33333333333333337
btp-presidential-primaries-2004,pfemale_ind,950078,TRUE,0.315789473684211,0.3333333333333333,0.33333333333333337
btp-presidential-primaries-2004,pfemale_ind,950080,TRUE,0.578947368421053,0.5555555555555556,0.5555555555555556
btp-presidential-primaries-2004,pfemale_ind,950081,TRUE,0.518518518518518,0.5384615384615384,0.5384615384615384
btp-presidential-primaries-2004,pfemale_ind,950082,TRUE,0.428571428571429,0.4,0.4
btp-presidential-primaries-2004,pfemale_ind,950083,TRUE,0.481481481481481,0.4615384615384616,0.4615384615384616
btp-presidential-primaries-2004,pfemale_ind,950084,TRUE,0.518518518518518,0.5384615384615384,0.5384615384615384
btp-presidential-primaries-2004,pfemale_ind,950085,TRUE,0.32258064516129,0.3333333333333333,0.33333333333333337
btp-presidential-primaries-2004,pfemale_ind,950086,TRUE,0.526315789473684,0.5555555555555556,0.5555555555555556
btp-presidential-primaries-2004,pfemale_ind,950087,TRUE,0.275862068965517,0.28571428571428575,0.2857142857142857
btp-presidential-primaries-2004,pfemale_ind,950088,TRUE,0.620689655172414,0.6428571428571429,0.6428571428571429
btp-presidential-primaries-2004,pfemale_ind,950089,TRUE,0.297297297297297,0.2777777777777778,0.2777777777777778
btp-presidential-primaries-2004,pfemale_ind,950090,TRUE,0.470588235294118,0.5,0.5
btp-presidential-primaries-2004,pfemale_ind,950091,TRUE,0.476190476190476,0.5,0.5
btp-presidential-primaries-2004,pfemale_ind,950092,TRUE,0.324324324324324,0.3333333333333333,0.33333333333333337
btp-presidential-primaries-2004,pfemale_ind,950093,TRUE,0.28,0.25,0.25
btp-presidential-primaries-2004,pfemale_ind,950094,TRUE,0.365853658536585,0.35,0.35
btp-presidential-primaries-2004,pfemale_ind,950095,TRUE,0.32258064516129,0.3333333333333333,0.33333333333333337
btp-presidential-primaries-2004,pfemale_ind,950096,TRUE,0.580645161290323,0.6,0.6
btp-presidential-primaries-2004,pfemale_ind,950098,TRUE,0.32258064516129,0.3333333333333333,0.33333333333333337
btp-presidential-primaries-2004,pfemale_ind,950099,TRUE,0.390243902439024,0.4,0.4000000000000001
btp-presidential-primaries-2004,pfemale_ind,950100,TRUE,0.481481481481481,0.4615384615384616,0.4615384615384615
btp-presidential-primaries-2004,pfemale_ind,950101,TRUE,0.32,0.3333333333333333,0.33333333333333337
btp-presidential-primaries-2004,pfemale_ind,950104,TRUE,0.241379310344828,0.21428571428571436,0.2142857142857143
btp-presidential-primaries-2004,pfemale_ind,950105,TRUE,0.390243902439024,0.4,0.4000000000000001
btp-presidential-primaries-2004,pfemale_ind,950106,TRUE,0.580645161290323,0.6,0.6
btp-presidential-primaries-2004,pfemale_ind,950107,TRUE,0.52,0.5,0.5
btp-presidential-primaries-2004,pfemale_ind,950110,TRUE,0.548387096774194,0.5333333333333333,0.5333333333333334
btp-presidential-primaries-2004,pfemale_ind,950111,TRUE,0.297297297297297,0.2777777777777778,0.2777777777777778
btp-presidential-primaries-2004,pfemale_ind,950112,TRUE,0.324324324324324,0.3333333333333333,0.33333333333333337
btp-presidential-primaries-2004,pfemale_ind,950113,TRUE,0.620689655172414,0.6428571428571429,0.6428571428571429
btp-presidential-primaries-2004,pfemale_ind,950114,TRUE,0.324324324324324,0.3333333333333333,0.33333333333333337
btp-presidential-primaries-2004,pfemale_ind,950116,TRUE,0.476190476190476,0.5,0.5
btp-presidential-primaries-2004,pfemale_ind,950117,TRUE,0.518518518518518,0.5384615384615384,0.5384615384615384
btp-presidential-primaries-2004,pfemale_ind,950118,TRUE,0.620689655172414,0.6428571428571429,0.6428571428571429
btp-presidential-primaries-2004,pfemale_ind,950119,TRUE,0.518518518518518,0.5384615384615384,0.5384615384615384
btp-presidential-primaries-2004,pfemale_ind,950120,TRUE,0.390243902439024,0.4,0.4000000000000001
btp-presidential-primaries-2004,pfemale_ind,950121,TRUE,0.32258064516129,0.3333333333333333,0.33333333333333337
btp-presidential-primaries-2004,pfemale_ind,950122,TRUE,0.324324324324324,0.3333333333333333,0.33333333333333337
btp-presidential-primaries-2004,pfemale_ind,950123,TRUE,0.428571428571429,0.4,0.4
btp-presidential-primaries-2004,pfemale_ind,950124,TRUE,0.523809523809524,0.5,0.5
btp-presidential-primaries-2004,pfemale_ind,950125,TRUE,0.32258064516129,0.3333333333333333,0.33333333333333337
btp-presidential-primaries-2004,pfemale_ind,950126,TRUE,0.481481481481481,0.4615384615384616,0.4615384615384615
btp-presidential-primaries-2004,pfemale_ind,950127,TRUE,0.580645161290323,0.6,0.6
btp-presidential-primaries-2004,pfemale_ind,950128,TRUE,0.390243902439024,0.4,0.4000000000000001
btp-presidential-primaries-2004,pfemale_ind,950129,TRUE,0.548387096774194,0.5333333333333333,0.5333333333333334
btp-presidential-primaries-2004,pfemale_ind,950130,TRUE,0.324324324324324,0.3333333333333333,0.33333333333333337
btp-presidential-primaries-2004,pfemale_ind,950131,TRUE,0.411764705882353,0.375,0.375
btp-presidential-primaries-2004,pfemale_ind,950132,TRUE,0.275862068965517,0.28571428571428575,0.2857142857142857
btp-presidential-primaries-2004,pfemale_ind,950133,TRUE,0.365853658536585,0.35,0.3499999999999999
btp-presidential-primaries-2004,pfemale_ind,950134,TRUE,0.473684210526316,0.4444444444444444,0.4444444444444444
btp-presidential-primaries-2004,pfemale_ind,950135,TRUE,0.578947368421053,0.5555555555555556,0.5555555555555556
btp-presidential-primaries-2004,pfemale_ind,950136,TRUE,0.365853658536585,0.35,0.3499999999999999
btp-presidential-primaries-2004,pfemale_ind,950137,TRUE,0.324324324324324,0.3333333333333333,0.33333333333333337
btp-presidential-primaries-2004,pfemale_ind,950138,TRUE,0.481481481481481,0.4615384615384616,0.4615384615384616
btp-presidential-primaries-2004,pfemale_ind,950139,TRUE,0.315789473684211,0.3333333333333333,0.33333333333333337
btp-presidential-primaries-2004,pfemale_ind,950140,TRUE,0.523809523809524,0.5,0.5
btp-presidential-primaries-2004,pfemale_ind,950141,TRUE,0.580645161290323,0.6,0.6
btp-presidential-primaries-2004,pfemale_ind,950142,TRUE,0.290322580645161,0.26666666666666666,0.2666666666666667
btp-presidential-primaries-2004,pfemale_ind,950144,TRUE,0.324324324324324,0.3333333333333333,0.33333333333333337
btp-presidential-primaries-2004,pfemale_ind,950145,TRUE,0.470588235294118,0.5,0.5
btp-presidential-primaries-2004,pfemale_ind,950146,TRUE,0.263157894736842,0.2222222222222222,0.2222222222222222
btp-presidential-primaries-2004,pfemale_ind,950148,TRUE,0.290322580645161,0.26666666666666666,0.2666666666666667
btp-presidential-primaries-2004,pfemale_ind,950149,TRUE,0.518518518518518,0.5384615384615384,0.5384615384615384
btp-presidential-primaries-2004,pfemale_ind,950150,TRUE,0.548387096774194,0.5333333333333333,0.5333333333333334
btp-presidential-primaries-2004,pfemale_ind,950151,TRUE,0.28,0.25,0.25
btp-presidential-primaries-2004,pfemale_ind,950152,TRUE,0.620689655172414,0.6428571428571429,0.6428571428571429
btp-presidential-primaries-2004,pfemale_ind,950154,TRUE,0.52,0.5,0.5
btp-presidential-primaries-2004,pfemale_ind,950155,TRUE,0.56,0.5833333333333334,0.5833333333333334
btp-presidential-primaries-2004,pfemale_ind,950156,TRUE,0.518518518518518,0.5384615384615384,0.5384615384615384
btp-presidential-primaries-2004,pfemale_ind,950157,TRUE,0.473684210526316,0.4444444444444444,0.4444444444444444
btp-presidential-primaries-2004,pfemale_ind,950158,TRUE,0.470588235294118,0.5,0.5
btp-presidential-primaries-2004,pfemale_ind,950159,TRUE,0.518518518518518,0.5384615384615384,0.5384615384615384
btp-presidential-primaries-2004,pfemale_ind,950160,TRUE,0.390243902439024,0.4,0.4000000000000001
btp-presidential-primaries-2004,pfemale_ind,950161,TRUE,0.275862068965517,0.28571428571428575,0.2857142857142857
btp-presidential-primaries-2004,pfemale_ind,950163,TRUE,0.297297297297297,0.2777777777777778,0.27777777777777785
btp-presidential-primaries-2004,pfemale_ind,950165,TRUE,0.324324324324324,0.3333333333333333,0.33333333333333337
btp-presidential-primaries-2004,pfemale_ind,950166,TRUE,0.481481481481481,0.4615384615384616,0.4615384615384616
btp-presidential-primaries-2004,pfemale_ind,950167,TRUE,0.411764705882353,0.375,0.375
btp-presidential-primaries-2004,pfemale_ind,950168,TRUE,0.473684210526316,0.4444444444444444,0.4444444444444444
btp-presidential-primaries-2004,pfemale_ind,950170,TRUE,0.580645161290323,0.6,0.6
btp-presidential-primaries-2004,pfemale_ind,950171,TRUE,0.523809523809524,0.5,0.5
btp-presidential-primaries-2004,pfemale_ind,950174,TRUE,0.518518518518518,0.5384615384615384,0.5384615384615384
btp-presidential-primaries-2004,pfemale_ind,950175,TRUE,0.275862068965517,0.28571428571428575,0.2857142857142857
btp-presidential-primaries-2004,pfemale_ind,950176,TRUE,0.470588235294118,0.5,0.5
btp-presidential-primaries-2004,pfemale_ind,950177,TRUE,0.518518518518518,0.5384615384615384,0.5384615384615384
btp-presidential-primaries-2004,pfemale_ind,950178,TRUE,0.476190476190476,0.5,0.5
btp-presidential-primaries-2004,pfemale_ind,950179,TRUE,0.290322580645161,0.26666666666666666,0.2666666666666667
btp-presidential-primaries-2004,pfemale_ind,950180,TRUE,0.571428571428571,0.6,0.6
btp-presidential-primaries-2004,pfemale_ind,950181,TRUE,0.586206896551724,0.5714285714285714,0.5714285714285714
btp-presidential-primaries-2004,pfemale_ind,950183,TRUE,0.32,0.3333333333333333,0.33333333333333337
btp-presidential-primaries-2004,pfemale_ind,950184,TRUE,0.32258064516129,0.3333333333333333,0.33333333333333337
btp-presidential-primaries-2004,pfemale_ind,950185,TRUE,0.476190476190476,0.5,0.5
btp-presidential-primaries-2004,pfemale_ind,950187,TRUE,0.578947368421053,0.5555555555555556,0.5555555555555556
btp-presidential-primaries-2004,pfemale_ind,950188,TRUE,0.324324324324324,0.3333333333333333,0.33333333333333337
btp-presidential-primaries-2004,pfemale_ind,950189,TRUE,0.275862068965517,0.28571428571428575,0.2857142857142857
btp-presidential-primaries-2004,pfemale_ind,950190,TRUE,0.275862068965517,0.28571428571428575,0.2857142857142857
btp-presidential-primaries-2004,pfemale_ind,950191,TRUE,0.571428571428571,0.6,0.6
btp-presidential-primaries-2004,pfemale_ind,950192,TRUE,0.518518518518518,0.5384615384615384,0.5384615384615384
btp-presidential-primaries-2004,pfemale_ind,950193,TRUE,0.390243902439024,0.4,0.4000000000000001
btp-presidential-primaries-2004,pfemale_ind,950194,TRUE,0.32258064516129,0.3333333333333333,0.33333333333333337
btp-presidential-primaries-2004,pfemale_ind,950195,TRUE,0.586206896551724,0.5714285714285714,0.5714285714285714
btp-presidential-primaries-2004,pfemale_ind,950196,TRUE,0.481481481481481,0.4615384615384616,0.4615384615384616
btp-presidential-primaries-2004,pfemale_ind,950197,TRUE,0.56,0.5833333333333334,0.5833333333333334
btp-presidential-primaries-2004,pfemale_ind,950198,TRUE,0.52,0.5,0.5
btp-presidential-primaries-2004,pfemale_ind,950199,TRUE,0.324324324324324,0.3333333333333333,0.33333333333333337
btp-presidential-primaries-2004,pfemale_ind,950200,TRUE,0.32258064516129,0.3333333333333333,0.33333333333333337
btp-presidential-primaries-2004,pfemale_ind,950201,TRUE,0.481481481481481,0.4615384615384616,0.4615384615384616
btp-presidential-primaries-2004,pfemale_ind,950202,TRUE,0.52,0.5,0.5
btp-presidential-primaries-2004,pfemale_ind,950203,TRUE,0.586206896551724,0.5714285714285714,0.5714285714285714
btp-presidential-primaries-2004,pfemale_ind,950204,TRUE,0.390243902439024,0.4,0.4000000000000001
btp-presidential-primaries-2004,pfemale_ind,950205,TRUE,0.571428571428571,0.6,0.6
btp-presidential-primaries-2004,pfemale_ind,950206,TRUE,0.526315789473684,0.5555555555555556,0.5555555555555556
btp-presidential-primaries-2004,pfemale_ind,950207,TRUE,0.476190476190476,0.5,0.5
btp-presidential-primaries-2004,pfemale_ind,950208,TRUE,0.586206896551724,0.5714285714285714,0.5714285714285714
btp-presidential-primaries-2004,pfemale_ind,950209,TRUE,0.481481481481481,0.4615384615384616,0.4615384615384616
btp-presidential-primaries-2004,pfemale_ind,950210,TRUE,0.518518518518518,0.5384615384615384,0.5384615384615384
btp-presidential-primaries-2004,pfemale_ind,950212,TRUE,0.32,0.3333333333333333,0.33333333333333337
btp-presidential-primaries-2004,pfemale_ind,950213,TRUE,0.28,0.25,0.25
btp-presidential-primaries-2004,pfemale_ind,950214,TRUE,0.315789473684211,0.3333333333333333,0.33333333333333337
btp-presidential-primaries-2004,pfemale_ind,950215,TRUE,0.631578947368421,0.6666666666666666,0.6666666666666666
btp-presidential-primaries-2004,pfemale_ind,950216,TRUE,0.481481481481481,0.4615384615384616,0.4615384615384616
btp-presidential-primaries-2004,pfemale_ind,950217,TRUE,0.548387096774194,0.5333333333333333,0.5333333333333334
btp-presidential-primaries-2004,pfemale_ind,950220,TRUE,0.32258064516129,0.3333333333333333,0.33333333333333337
btp-presidential-primaries-2004,pfemale_ind,950222,TRUE,0.518518518518518,0.5384615384615384,0.5384615384615384
btp-presidential-primaries-2004,pfemale_ind,950223,TRUE,0.481481481481481,0.4615384615384616,0.4615384615384616
btp-presidential-primaries-2004,pfemale_ind,950224,TRUE,0.481481481481481,0.4615384615384616,0.4615384615384616
btp-presidential-primaries-2004,pfemale_ind,950225,TRUE,0.518518518518518,0.5384615384615384,0.5384615384615384
btp-presidential-primaries-2004,pfemale_ind,950226,TRUE,0.390243902439024,0.4,0.4000000000000001
btp-presidential-primaries-2004,pfemale_ind,950227,TRUE,0.571428571428571,0.6,0.6
btp-presidential-primaries-2004,pfemale_ind,950228,TRUE,0.56,0.5833333333333334,0.5833333333333334
btp-presidential-primaries-2004,pfemale_ind,950229,TRUE,0.390243902439024,0.4,0.4000000000000001
btp-presidential-primaries-2004,pfemale_ind,950230,TRUE,0.523809523809524,0.5,0.5
btp-presidential-primaries-2004,pfemale_ind,950231,TRUE,0.390243902439024,0.4,0.4000000000000001
btp-presidential-primaries-2004,pfemale_ind,950232,TRUE,0.241379310344828,0.21428571428571436,0.21428571428571427
btp-presidential-primaries-2004,pfemale_ind,950233,TRUE,0.32258064516129,0.3333333333333333,0.33333333333333337
btp-presidential-primaries-2004,pfemale_ind,950234,TRUE,0.32,0.3333333333333333,0.33333333333333337
btp-presidential-primaries-2004,pfemale_ind,950235,TRUE,0.548387096774194,0.5333333333333333,0.5333333333333334
btp-presidential-primaries-2004,pfemale_ind,950236,TRUE,0.390243902439024,0.4,0.4000000000000001
btp-presidential-primaries-2004,pfemale_ind,950237,TRUE,0.263157894736842,0.2222222222222222,0.2222222222222222
btp-presidential-primaries-2004,pfemale_ind,950238,TRUE,0.470588235294118,0.5,0.5
btp-presidential-primaries-2004,pfemale_ind,950240,TRUE,0.523809523809524,0.5,0.5
btp-presidential-primaries-2004,pfemale_ind,950241,TRUE,0.586206896551724,0.5714285714285714,0.5714285714285714
btp-presidential-primaries-2004,pfemale_ind,950242,TRUE,0.32,0.3333333333333333,0.33333333333333337
btp-presidential-primaries-2004,pfemale_ind,950243,TRUE,0.518518518518518,0.5384615384615384,0.5384615384615384
btp-presidential-primaries-2004,pfemale_ind,950245,TRUE,0.481481481481481,0.4615384615384616,0.4615384615384616
btp-presidential-primaries-2004,pfemale_ind,950247,TRUE,0.390243902439024,0.4,0.4000000000000001
btp-presidential-primaries-2004,pfemale_ind,950248,TRUE,0.241379310344828,0.21428571428571436,0.21428571428571427
btp-presidential-primaries-2004,pfemale_ind,950331,TRUE,0.324324324324324,0.3333333333333333,0.33333333333333337
btp-presidential-primaries-2004,pfemale_ind,950419,TRUE,0.548387096774194,0.5333333333333333,0.5333333333333334
btp-presidential-primaries-2004,pfemale_ind,950467,TRUE,0.548387096774194,0.5333333333333333,0.5333333333333334
btp-presidential-primaries-2004,pfemale_ind,950488,TRUE,0.315789473684211,0.3333333333333333,0.33333333333333337
btp-presidential-primaries-2004,pfemale_ind,950610,TRUE,0.548387096774194,0.5333333333333333,0.5333333333333334
btp-presidential-primaries-2004,pfemale_ind,950656,TRUE,0.586206896551724,0.5714285714285714,0.5714285714285714
btp-presidential-primaries-2004,pfemale_ind,950660,TRUE,0.324324324324324,0.3333333333333333,0.33333333333333337
btp-presidential-primaries-2004,pfemale_ind,950682,TRUE,0.428571428571429,0.4,0.4
btp-presidential-primaries-2004,pfemale_ind,950838,TRUE,0.28,0.25,0.25
btp-presidential-primaries-2004,pfemale_ind,950883,TRUE,0.473684210526316,0.4444444444444444,0.4444444444444444
btp-presidential-primaries-2004,pfemale_ind,950997,TRUE,0.631578947368421,0.6666666666666666,0.6666666666666666
btp-presidential-primaries-2004,pfemale_ind,951180,TRUE,0.315789473684211,0.3333333333333333,0.33333333333333337
btp-presidential-primaries-2004,pfemale_ind,951286,TRUE,0.365853658536585,0.35,0.3499999999999999
san-mateo-2008,pfemale_ind,960164,TRUE,0.5,0.5,0.5
san-mateo-2008,pfemale_ind,960090,TRUE,0.25,0.25,0.25
san-mateo-2008,pfemale_ind,960010,TRUE,0.2,0.2,0.20000000000000004
san-mateo-2008,pfemale_ind,960031,TRUE,0.444444444444444,0.4444444444444444,0.4444444444444444
san-mateo-2008,pfemale_ind,960162,TRUE,0.428571428571429,0.42857142857142855,0.42857142857142855
san-mateo-2008,pfemale_ind,960160,TRUE,0.555555555555556,0.5555555555555556,0.5555555555555556
san-mateo-2008,pfemale_ind,960053,TRUE,0.818181818181818,0.8181818181818182,0.8181818181818181
san-mateo-2008,pfemale_ind,960133,TRUE,0.363636363636364,0.3636363636363637,0.3636363636363637
san-mateo-2008,pfemale_ind,960219,TRUE,0.727272727272727,0.7272727272727273,0.7272727272727273
san-mateo-2008,pfemale_ind,960016,TRUE,0.444444444444444,0.4444444444444444,0.4444444444444444
san-mateo-2008,pfemale_ind,960098,TRUE,0.4,0.4,0.4
san-mateo-2008,pfemale_ind,960043,TRUE,0.714285714285714,0.7142857142857143,0.7142857142857143
san-mateo-2008,pfemale_ind,960060,TRUE,0.666666666666667,0.6666666666666666,0.6666666666666666
san-mateo-2008,pfemale_ind,960230,TRUE,0.444444444444444,0.4444444444444444,0.4444444444444444
san-mateo-2008,pfemale_ind,960064,TRUE,0.2,0.2,0.2
san-mateo-2008,pfemale_ind,960070,TRUE,0.8,0.8,0.8
san-mateo-2008,pfemale_ind,960159,TRUE,0.8,0.8,0.8
san-mateo-2008,pfemale_ind,960086,TRUE,0.25,0.25,0.25
san-mateo-2008,pfemale_ind,960116,TRUE,0.454545454545455,0.4545454545454546,0.4545454545454546
san-mateo-2008,pfemale_ind,960104,TRUE,0.571428571428571,0.5714285714285714,0.5714285714285714
san-mateo-2008,pfemale_ind,960109,TRUE,0.636363636363636,0.6363636363636364,0.6363636363636364
san-mateo-2008,pfemale_ind,960082,TRUE,0.714285714285714,0.7142857142857143,0.7142857142857143
san-mateo-2008,pfemale_ind,960062,TRUE,0.714285714285714,0.7142857142857143,0.7142857142857143
san-mateo-2008,pfemale_ind,960100,TRUE,0.166666666666667,0.16666666666666666,0.16666666666666669
san-mateo-2008,pfemale_ind,960172,TRUE,0.916666666666667,0.9166666666666666,0.9166666666666666
san-mateo-2008,pfemale_ind,960002,TRUE,0.666666666666667,0.6666666666666666,0.6666666666666666
san-mateo-2008,pfemale_ind,960119,TRUE,0.857142857142857,0.8571428571428571,0.8571428571428571
san-mateo-2008,pfemale_ind,960203,TRUE,0.6,0.6,0.6
san-mateo-2008,pfemale_ind,960178,TRUE,0.454545454545455,0.4545454545454546,0.4545454545454546
san-mateo-2008,pfemale_ind,960233,TRUE,0.2,0.2,0.2
san-mateo-2008,pfemale_ind,960101,TRUE,0.727272727272727,0.7272727272727273,0.7272727272727273
san-mateo-2008,pfemale_ind,960074,TRUE,0.285714285714286,0.2857142857142857,0.2857142857142857
san-mateo-2008,pfemale_ind,960135,TRUE,0.545454545454545,0.5454545454545454,0.5454545454545454
san-mateo-2008,pfemale_ind,960083,TRUE,0.5,0.5,0.5
san-mateo-2008,pfemale_ind,960103,TRUE,0.571428571428571,0.5714285714285714,0.5714285714285714
san-mateo-2008,pfemale_ind,960036,TRUE,0.833333333333333,0.8333333333333334,0.8333333333333334
san-mateo-2008,pfemale_ind,960158,TRUE,0.8,0.8,0.8
san-mateo-2008,pfemale_ind,960048,TRUE,1,1,1
san-mateo-2008,pfemale_ind,960166,TRUE,0.714285714285714,0.7142857142857143,0.7142857142857143
san-mateo-2008,pfemale_ind,960117,TRUE,0.555555555555556,0.5555555555555556,0.5555555555555556
san-mateo-2008,pfemale_ind,960039,TRUE,0.454545454545455,0.4545454545454546,0.4545454545454546
san-mateo-2008,pfemale_ind,960131,TRUE,0.25,0.25,0.25
san-mateo-2008,pfemale_ind,960035,TRUE,0.714285714285714,0.7142857142857143,0.7142857142857143
san-mateo-2008,pfemale_ind,960111,TRUE,0.8,0.8,0.8
san-mateo-2008,pfemale_ind,960089,TRUE,0.714285714285714,0.7142857142857143,0.7142857142857143
san-mateo-2008,pfemale_ind,960216,TRUE,0.636363636363636,0.6363636363636364,0.6363636363636364
san-mateo-2008,pfemale_ind,960014,TRUE,0.75,0.75,0.75
san-mateo-2008,pfemale_ind,960079,TRUE,0.555555555555556,0.5555555555555556,0.5555555555555556
san-mateo-2008,pfemale_ind,960009,TRUE,0.714285714285714,0.7142857142857143,0.7142857142857143
san-mateo-2008,pfemale_ind,960238,TRUE,0.8,0.8,0.8
san-mateo-2008,pfemale_ind,960129,TRUE,0.363636363636364,0.3636363636363637,0.3636363636363637
san-mateo-2008,pfemale_ind,960205,TRUE,0.833333333333333,0.8333333333333334,0.8333333333333334
san-mateo-2008,pfemale_ind,960231,TRUE,0.727272727272727,0.7272727272727273,0.7272727272727273
san-mateo-2008,pfemale_ind,960142,TRUE,0.333333333333333,0.3333333333333333,0.33333333333333337
san-mateo-2008,pfemale_ind,960055,TRUE,0.4,0.4,0.4
san-mateo-2008,pfemale_ind,960077,TRUE,0.6,0.6,0.6
san-mateo-2008,pfemale_ind,960026,TRUE,0.363636363636364,0.3636363636363637,0.3636363636363637
san-mateo-2008,pfemale_ind,960033,TRUE,0.833333333333333,0.8333333333333334,0.8333333333333333
san-mateo-2008,pfemale_ind,960072,TRUE,0.727272727272727,0.7272727272727273,0.7272727272727273
san-mateo-2008,pfemale_ind,960017,TRUE,0.428571428571429,0.42857142857142855,0.42857142857142855
san-mateo-2008,pfemale_ind,960024,TRUE,0.571428571428571,0.5714285714285714,0.5714285714285714
san-mateo-2008,pfemale_ind,960224,TRUE,0.727272727272727,0.7272727272727273,0.7272727272727273
san-mateo-2008,pfemale_ind,960149,TRUE,0.571428571428571,0.5714285714285714,0.5714285714285714
san-mateo-2008,pfemale_ind,960105,TRUE,0.636363636363636,0.6363636363636364,0.6363636363636364
san-mateo-2008,pfemale_ind,960092,TRUE,0.6,0.6,0.6
san-mateo-2008,pfemale_ind,960018,TRUE,0.444444444444444,0.4444444444444444,0.4444444444444444
san-mateo-2008,pfemale_ind,960200,TRUE,0.9,0.9,0.9
san-mateo-2008,pfemale_ind,960067,TRUE,0.6,0.6,0.6
san-mateo-2008,pfemale_ind,960020,TRUE,0.555555555555556,0.5555555555555556,0.5555555555555556
san-mateo-2008,pfemale_ind,960183,TRUE,0.727272727272727,0.7272727272727273,0.7272727272727273
san-mateo-2008,pfemale_ind,960218,TRUE,0.625,0.625,0.625
san-mateo-2008,pfemale_ind,960050,TRUE,0.555555555555556,0.5555555555555556,0.5555555555555556
san-mateo-2008,pfemale_ind,960124,TRUE,0.454545454545455,0.4545454545454546,0.4545454545454546
san-mateo-2008,pfemale_ind,960136,TRUE,0.714285714285714,0.7142857142857143,0.7142857142857143
san-mateo-2008,pfemale_ind,960190,TRUE,0.333333333333333,0.3333333333333333,0.33333333333333337
san-mateo-2008,pfemale_ind,960057,TRUE,0.545454545454545,0.5454545454545454,0.5454545454545454
san-mateo-2008,pfemale_ind,960228,TRUE,0.8,0.8,0.8
san-mateo-2008,pfemale_ind,960047,TRUE,0.3,0.3,0.29999999999999993
san-mateo-2008,pfemale_ind,960167,TRUE,0.3,0.3,0.29999999999999993
san-mateo-2008,pfemale_ind,960076,TRUE,0.9,0.9,0.9
san-mateo-2008,pfemale_ind,960189,TRUE,0.8,0.8,0.8
san-mateo-2008,pfemale_ind,960229,TRUE,0.444444444444444,0.4444444444444444,0.4444444444444444
san-mateo-2008,pfemale_ind,960148,TRUE,0.636363636363636,0.6363636363636364,0.6363636363636364
san-mateo-2008,pfemale_ind,960227,TRUE,0.454545454545455,0.4545454545454546,0.4545454545454546
san-mateo-2008,pfemale_ind,960155,TRUE,0.833333333333333,0.8333333333333334,0.8333333333333334
san-mateo-2008,pfemale_ind,960195,TRUE,0.25,0.25,0.25
san-mateo-2008,pfemale_ind,960201,TRUE,0.666666666666667,0.6666666666666666,0.6666666666666666
san-mateo-2008,pfemale_ind,960088,TRUE,0.5,0.5,0.5
san-mateo-2008,pfemale_ind,960127,TRUE,0.2,0.2,0.20000000000000004
san-mateo-2008,pfemale_ind,960099,TRUE,0.454545454545455,0.4545454545454546,0.4545454545454545
san-mateo-2008,pfemale_ind,960118,TRUE,0.444444444444444,0.4444444444444444,0.4444444444444444
san-mateo-2008,pfemale_ind,960066,TRUE,0.636363636363636,0.6363636363636364,0.6363636363636364
san-mateo-2008,pfemale_ind,960025,TRUE,0.5,0.5,0.5
san-mateo-2008,pfemale_ind,960147,TRUE,0.571428571428571,0.5714285714285714,0.5714285714285714
san-mateo-2008,pfemale_ind,960007,TRUE,0.8,0.8,0.8
san-mateo-2008,pfemale_ind,960204,TRUE,1,1,1
san-mateo-2008,pfemale_ind,960059,TRUE,0.666666666666667,0.6666666666666666,0.6666666666666666
san-mateo-2008,pfemale_ind,960005,TRUE,0.833333333333333,0.8333333333333334,0.8333333333333334
san-mateo-2008,pfemale_ind,960221,TRUE,0.454545454545455,0.4545454545454546,0.4545454545454546
san-mateo-2008,pfemale_ind,960108,TRUE,0.8,0.8,0.8
san-mateo-2008,pfemale_ind,960120,TRUE,0.857142857142857,0.8571428571428571,0.8571428571428571
san-mateo-2008,pfemale_ind,960157,TRUE,0.727272727272727,0.7272727272727273,0.7272727272727273
san-mateo-2008,pfemale_ind,960180,TRUE,0.2,0.2,0.20000000000000004
san-mateo-2008,pfemale_ind,960058,TRUE,0.833333333333333,0.8333333333333334,0.8333333333333333
san-mateo-2008,pfemale_ind,960113,TRUE,0.727272727272727,0.7272727272727273,0.7272727272727273
san-mateo-2008,pfemale_ind,960027,TRUE,0.75,0.75,0.75
san-mateo-2008,pfemale_ind,960197,TRUE,0.444444444444444,0.4444444444444444,0.4444444444444444
san-mateo-2008,pfemale_ind,960085,TRUE,0.916666666666667,0.9166666666666666,0.9166666666666666
san-mateo-2008,pfemale_ind,960235,TRUE,0.8,0.8,0.8
san-mateo-2008,pfemale_ind,960145,TRUE,0.833333333333333,0.8333333333333334,0.8333333333333333
san-mateo-2008,pfemale_ind,960137,TRUE,0.666666666666667,0.6666666666666666,0.6666666666666666
san-mateo-2008,pfemale_ind,960006,TRUE,0.727272727272727,0.7272727272727273,0.7272727272727273
san-mateo-2008,pfemale_ind,960041,TRUE,0.571428571428571,0.5714285714285714,0.5714285714285714
san-mateo-2008,pfemale_ind,960207,TRUE,0.833333333333333,0.8333333333333334,0.8333333333333333
san-mateo-2008,pfemale_ind,960210,TRUE,0.8,0.8,0.8
san-mateo-2008,pfemale_ind,960138,TRUE,0.625,0.625,0.625
san-mateo-2008,pfemale_ind,960139,TRUE,0.4,0.4,0.4
san-mateo-2008,pfemale_ind,960056,TRUE,0.454545454545455,0.4545454545454546,0.4545454545454545
san-mateo-2008,pfemale_ind,960170,TRUE,0.9,0.9,0.9
san-mateo-2008,pfemale_ind,960028,TRUE,0.666666666666667,0.6666666666666666,0.6666666666666666
san-mateo-2008,pfemale_ind,960156,TRUE,0.444444444444444,0.4444444444444444,0.4444444444444444
san-mateo-2008,pfemale_ind,960199,TRUE,0.166666666666667,0.16666666666666666,0.16666666666666669
san-mateo-2008,pfemale_ind,960215,TRUE,0.833333333333333,0.8333333333333334,0.8333333333333333
san-mateo-2008,pfemale_ind,960192,TRUE,0.545454545454545,0.5454545454545454,0.5454545454545454
san-mateo-2008,pfemale_ind,960202,TRUE,0.363636363636364,0.3636363636363637,0.3636363636363637
san-mateo-2008,pfemale_ind,960234,TRUE,0.428571428571429,0.42857142857142855,0.42857142857142855
san-mateo-2008,pfemale_ind,960087,TRUE,0.857142857142857,0.8571428571428571,0.8571428571428571
san-mateo-2008,pfemale_ind,960181,TRUE,0.25,0.25,0.25
san-mateo-2008,pfemale_ind,960081,TRUE,0.555555555555556,0.5555555555555556,0.5555555555555556
san-mateo-2008,pfemale_ind,960209,TRUE,0.25,0.25,0.25
san-mateo-2008,pfemale_ind,960054,TRUE,0.8,0.8,0.8
san-mateo-2008,pfemale_ind,960040,TRUE,0.555555555555556,0.5555555555555556,0.5555555555555556
san-mateo-2008,pfemale_ind,960061,TRUE,0.5,0.5,0.5
san-mateo-2008,pfemale_ind,960094,TRUE,0.571428571428571,0.5714285714285714,0.5714285714285714
san-mateo-2008,pfemale_ind,960186,TRUE,0.166666666666667,0.16666666666666666,0.16666666666666669
san-mateo-2008,pfemale_ind,960011,TRUE,0.3,0.3,0.3
san-mateo-2008,pfemale_ind,960182,TRUE,0.454545454545455,0.4545454545454546,0.4545454545454546
san-mateo-2008,pfemale_ind,960163,TRUE,0.454545454545455,0.4545454545454546,0.4545454545454546
san-mateo-2008,pfemale_ind,960107,TRUE,0.714285714285714,0.7142857142857143,0.7142857142857143
san-mateo-2008,pfemale_ind,960080,TRUE,0.3,0.3,0.3
san-mateo-2008,pfemale_ind,960073,TRUE,0.714285714285714,0.7142857142857143,0.7142857142857143
san-mateo-2008,pfemale_ind,960123,TRUE,0.454545454545455,0.4545454545454546,0.4545454545454545
san-mateo-2008,pfemale_ind,960069,TRUE,0.666666666666667,0.6666666666666666,0.6666666666666666
san-mateo-2008,pfemale_ind,960019,TRUE,0.714285714285714,0.7142857142857143,0.7142857142857143
san-mateo-2008,pfemale_ind,960193,TRUE,0.6,0.6,0.6
san-mateo-2008,pfemale_ind,960212,TRUE,0.833333333333333,0.8333333333333334,0.8333333333333333
san-mateo-2008,pfemale_ind,960188,TRUE,0.666666666666667,0.6666666666666666,0.6666666666666666
san-mateo-2008,pfemale_ind,960023,TRUE,0.8,0.8,0.8
san-mateo-2008,pfemale_ind,960068,TRUE,0.285714285714286,0.2857142857142857,0.2857142857142857
san-mateo-2008,pfemale_ind,960051,TRUE,0.714285714285714,0.7142857142857143,0.7142857142857143
san-mateo-2008,pfemale_ind,960222,TRUE,0.727272727272727,0.7272727272727273,0.7272727272727273
san-mateo-2008,pfemale_ind,960034,TRUE,0.833333333333333,0.8333333333333334,0.8333333333333333
san-mateo-2008,pfemale_ind,960037,TRUE,0.444444444444444,0.4444444444444444,0.4444444444444444
san-mateo-2008,pfemale_ind,960112,TRUE,0.444444444444444,0.4444444444444444,0.4444444444444444
san-mateo-2008,pfemale_ind,960177,TRUE,0.833333333333333,0.8333333333333334,0.8333333333333334
san-mateo-2008,pfemale_ind,960168,TRUE,0.75,0.75,0.75
san-mateo-2008,pfemale_ind,960165,TRUE,0.714285714285714,0.7142857142857143,0.7142857142857143
san-mateo-2008,pfemale_ind,960095,TRUE,0.444444444444444,0.4444444444444444,0.4444444444444444
san-mateo-2008,pfemale_ind,960191,TRUE,0.666666666666667,0.6666666666666666,0.6666666666666666
san-mateo-2008,pfemale_ind,960128,TRUE,0.8,0.8,0.8
san-mateo-2008,pfemale_ind,960122,TRUE,0.25,0.25,0.25
san-mateo-2008,pfemale_ind,960174,TRUE,0.636363636363636,0.6363636363636364,0.6363636363636364
san-mateo-2008,pfemale_ind,960071,TRUE,0.625,0.625,0.625
san-mateo-2008,pfemale_ind,960075,TRUE,0.833333333333333,0.8333333333333334,0.8333333333333334
san-mateo-2008,pfemale_ind,960125,TRUE,0.727272727272727,0.7272727272727273,0.7272727272727273
san-mateo-2008,pfemale_ind,960130,TRUE,0.75,0.75,0.75
san-mateo-2008,pfemale_ind,960144,TRUE,0.571428571428571,0.5714285714285714,0.5714285714285714
san-mateo-2008,pfemale_ind,960046,TRUE,0.454545454545455,0.4545454545454546,0.4545454545454545
san-mateo-2008,pfemale_ind,960232,TRUE,0.545454545454545,0.5454545454545454,0.5454545454545454
san-mateo-2008,pfemale_ind,960152,TRUE,0.571428571428571,0.5714285714285714,0.5714285714285714
san-mateo-2008,pfemale_ind,960078,TRUE,0.8,0.8,0.8
san-mateo-2008,pfemale_ind,960236,TRUE,0.363636363636364,0.3636363636363637,0.3636363636363637
san-mateo-2008,pfemale_ind,960001,TRUE,0.8,0.8,0.8
san-mateo-2008,pfemale_ind,960038,TRUE,0.636363636363636,0.6363636363636364,0.6363636363636364
san-mateo-2008,pfemale_ind,960217,TRUE,0.833333333333333,0.8333333333333334,0.8333333333333333
san-mateo-2008,pfemale_ind,960208,TRUE,0.555555555555556,0.5555555555555556,0.5555555555555556
san-mateo-2008,pfemale_ind,960097,TRUE,0.9,0.9,0.9
san-mateo-2008,pfemale_ind,960213,TRUE,0.6,0.6,0.6
san-mateo-2008,pfemale_ind,960004,TRUE,0.444444444444444,0.4444444444444444,0.4444444444444444
san-mateo-2008,pfemale_ind,960032,TRUE,0.714285714285714,0.7142857142857143,0.7142857142857143
san-mateo-2008,pfemale_ind,960114,TRUE,0.25,0.25,0.25
san-mateo-2008,pfemale_ind,960146,TRUE,0.625,0.625,0.625
san-mateo-2008,pfemale_ind,960021,TRUE,0.545454545454545,0.5454545454545454,0.5454545454545454
san-mateo-2008,pfemale_ind,960063,TRUE,0.285714285714286,0.2857142857142857,0.2857142857142857
san-mateo-2008,pfemale_ind,960214,TRUE,0.428571428571429,0.42857142857142855,0.42857142857142855
san-mateo-2008,pfemale_ind,960022,TRUE,0.333333333333333,0.3333333333333333,0.33333333333333337
san-mateo-2008,pfemale_ind,960237,TRUE,0.333333333333333,0.3333333333333333,0.33333333333333337
san-mateo-2008,pfemale_ind,960030,TRUE,0.6,0.6,0.6
san-mateo-2008,pfemale_ind,960171,TRUE,0.555555555555556,0.5555555555555556,0.5555555555555556
san-mateo-2008,pfemale_ind,960153,TRUE,0.25,0.25,0.25
san-mateo-2008,pfemale_ind,960161,TRUE,0.625,0.625,0.625
san-mateo-2008,pfemale_ind,960211,TRUE,0.714285714285714,0.7142857142857143,0.7142857142857143
san-mateo-2008,pfemale_ind,960194,TRUE,0.545454545454545,0.5454545454545454,0.5454545454545454
san-mateo-2008,pfemale_ind,960093,TRUE,0.444444444444444,0.4444444444444444,0.4444444444444444
san-mateo-2008,pfemale_ind,960154,TRUE,0.666666666666667,0.6666666666666666,0.6666666666666666
san-mateo-2008,pfemale_ind,960185,TRUE,1,1,1
san-mateo-2008,pfemale_ind,960052,TRUE,1,1,1
san-mateo-2008,pfemale_ind,960106,TRUE,0.8,0.8,0.8
san-mateo-2008,pfemale_ind,960226,TRUE,0.5,0.5,0.5
san-mateo-2008,pfemale_ind,960143,TRUE,0.3,0.3,0.3
san-mateo-2008,pfemale_ind,960198,TRUE,0.833333333333333,0.8333333333333334,0.8333333333333333
san-mateo-2008,pfemale_ind,960179,TRUE,0.714285714285714,0.7142857142857143,0.7142857142857143
san-mateo-2008,pfemale_ind,960012,TRUE,0.857142857142857,0.8571428571428571,0.8571428571428571
san-mateo-2008,pfemale_ind,960196,TRUE,0.444444444444444,0.4444444444444444,0.4444444444444444
san-mateo-2008,pfemale_ind,960102,TRUE,0.8,0.8,0.8
san-mateo-2008,pfemale_ind,960110,TRUE,0.444444444444444,0.4444444444444444,0.4444444444444444
san-mateo-2008,pfemale_ind,960150,TRUE,0.833333333333333,0.8333333333333334,0.8333333333333334
san-mateo-2008,pfemale_ind,960126,TRUE,0.3,0.3,0.3
san-mateo-2008,pfemale_ind,960008,TRUE,0.714285714285714,0.7142857142857143,0.7142857142857143
san-mateo-2008,pfemale_ind,960132,TRUE,0.6,0.6,0.6
san-mateo-2008,pfemale_ind,960223,TRUE,0.8,0.8,0.8
san-mateo-2008,pfemale_ind,960121,TRUE,0.727272727272727,0.7272727272727273,0.7272727272727273
san-mateo-2008,pfemale_ind,960134,TRUE,0.833333333333333,0.8333333333333334,0.8333333333333334
san-mateo-2008,pfemale_ind,960225,TRUE,0.444444444444444,0.4444444444444444,0.4444444444444444
san-mateo-2008,pfemale_ind,960013,TRUE,0.625,0.625,0.625
san-mateo-2008,pfemale_ind,960029,TRUE,0.3,0.3,0.3
san-mateo-2008,pfemale_ind,960015,TRUE,0.5,0.5,0.5
san-mateo-2008,pfemale_ind,960140,TRUE,0.454545454545455,0.4545454545454546,0.4545454545454546
san-mateo-2008,pfemale_ind,960141,TRUE,1,1,1
san-mateo-2008,pfemale_ind,960173,TRUE,0.428571428571429,0.42857142857142855,0.42857142857142855
san-mateo-2008,pfemale_ind,960065,TRUE,0.833333333333333,0.8333333333333334,0.8333333333333333
san-mateo-2008,pfemale_ind,960115,TRUE,0.6,0.6,0.6
san-mateo-2008,pfemale_ind,960239,TRUE,0.8,0.8,0.8
san-mateo-2008,pfemale_ind,960003,TRUE,0.818181818181818,0.8181818181818182,0.8181818181818182
san-mateo-2008,pfemale_ind,960187,TRUE,0.833333333333333,0.8333333333333334,0.8333333333333333
san-mateo-2008,pfemale_ind,960042,TRUE,0.5,0.5,0.5
san-mateo-2008,pfemale_ind,960169,TRUE,0.571428571428571,0.5714285714285714,0.5714285714285714
san-mateo-2008,pfemale_ind,960184,TRUE,0.4,0.4,0.4
san-mateo-2008,pfemale_ind,960049,TRUE,0.727272727272727,0.7272727272727273,0.7272727272727273
san-mateo-2008,pfemale_ind,960096,TRUE,0.818181818181818,0.8181818181818182,0.8181818181818182
san-mateo-2008,pfemale_ind,960091,TRUE,0.5,0.5,0.5
san-mateo-2008,pfemale_ind,960220,TRUE,0.75,0.75,0.75
san-mateo-2008,pfemale_ind,960176,TRUE,0.833333333333333,0.8333333333333334,0.8333333333333334
san-mateo-2008,pfemale_ind,960084,TRUE,0.25,0.25,0.25
san-mateo-2008,pfemale_ind,960045,TRUE,0.3,0.3,0.3
san-mateo-2008,pfemale_ind,960151,TRUE,0.636363636363636,0.6363636363636364,0.6363636363636364
san-mateo-2008,pfemale_ind,960206,TRUE,0.833333333333333,0.8333333333333334,0.8333333333333334
san-mateo-2008,pfemale_ind,960175,TRUE,0.555555555555556,0.5555555555555556,0.5555555555555556
san-mateo-2008,pfemale_ind,960044,TRUE,0.714285714285714,0.7142857142857143,0.7142857142857143
btp-health-education-2005,pfemale_ind,970001,TRUE,0.615384615384615,0.6153846153846154,0.6153846153846154
btp-health-education-2005,pfemale_ind,970002,TRUE,0.615384615384615,0.6153846153846154,0.6153846153846154
btp-health-education-2005,pfemale_ind,970003,TRUE,0.615384615384615,0.6153846153846154,0.6153846153846154
btp-health-education-2005,pfemale_ind,970004,TRUE,0.538461538461538,0.5384615384615384,0.5384615384615384
btp-health-education-2005,pfemale_ind,970005,TRUE,0.538461538461538,0.5384615384615384,0.5384615384615384
btp-health-education-2005,pfemale_ind,970006,TRUE,0.615384615384615,0.6153846153846154,0.6153846153846154
btp-health-education-2005,pfemale_ind,970007,TRUE,0.538461538461538,0.5384615384615384,0.5384615384615384
btp-health-education-2005,pfemale_ind,970008,TRUE,0.538461538461538,0.5384615384615384,0.5384615384615384
btp-health-education-2005,pfemale_ind,970009,TRUE,0.615384615384615,0.6153846153846154,0.6153846153846154
btp-health-education-2005,pfemale_ind,970010,TRUE,0.538461538461538,0.5384615384615384,0.5384615384615384
btp-health-education-2005,pfemale_ind,970011,TRUE,0.538461538461538,0.5384615384615384,0.5384615384615384
btp-health-education-2005,pfemale_ind,970012,TRUE,0.615384615384615,0.6153846153846154,0.6153846153846154
btp-health-education-2005,pfemale_ind,970013,TRUE,0.538461538461538,0.5384615384615384,0.5384615384615384
btp-health-education-2005,pfemale_ind,970014,TRUE,0.538461538461538,0.5384615384615384,0.5384615384615384
btp-health-education-2005,pfemale_ind,970015,TRUE,0.153846153846154,0.15384615384615383,0.15384615384615383
btp-health-education-2005,pfemale_ind,970016,TRUE,0.230769230769231,0.2307692307692308,0.23076923076923075
btp-health-education-2005,pfemale_ind,970017,TRUE,0.230769230769231,0.2307692307692308,0.23076923076923075
btp-health-education-2005,pfemale_ind,970018,TRUE,0.230769230769231,0.2307692307692308,0.23076923076923075
btp-health-education-2005,pfemale_ind,970019,TRUE,0.230769230769231,0.2307692307692308,0.23076923076923075
btp-health-education-2005,pfemale_ind,970020,TRUE,0.230769230769231,0.2307692307692308,0.23076923076923075
btp-health-education-2005,pfemale_ind,970021,TRUE,0.230769230769231,0.2307692307692308,0.23076923076923075
btp-health-education-2005,pfemale_ind,970022,TRUE,0.153846153846154,0.15384615384615383,0.15384615384615383
btp-health-education-2005,pfemale_ind,970023,TRUE,0.230769230769231,0.2307692307692308,0.23076923076923075
btp-health-education-2005,pfemale_ind,970024,TRUE,0.230769230769231,0.2307692307692308,0.23076923076923075
btp-health-education-2005,pfemale_ind,970025,TRUE,0.230769230769231,0.2307692307692308,0.23076923076923075
btp-health-education-2005,pfemale_ind,970026,TRUE,0.230769230769231,0.2307692307692308,0.23076923076923075
btp-health-education-2005,pfemale_ind,970027,TRUE,0.153846153846154,0.15384615384615383,0.15384615384615383
btp-health-education-2005,pfemale_ind,970028,TRUE,0.230769230769231,0.2307692307692308,0.23076923076923075
btp-health-education-2005,pfemale_ind,970029,TRUE,0.65,0.65,0.65
btp-health-education-2005,pfemale_ind,970030,TRUE,0.7,0.7,0.7
btp-health-education-2005,pfemale_ind,970031,TRUE,0.7,0.7,0.7
btp-health-education-2005,pfemale_ind,970032,TRUE,0.7,0.7,0.7
btp-health-education-2005,pfemale_ind,970033,TRUE,0.7,0.7,0.7
btp-health-education-2005,pfemale_ind,970034,TRUE,0.65,0.65,0.65
btp-health-education-2005,pfemale_ind,970035,TRUE,0.65,0.65,0.65
btp-health-education-2005,pfemale_ind,970036,TRUE,0.65,0.65,0.65
btp-health-education-2005,pfemale_ind,970037,TRUE,0.65,0.65,0.65
btp-health-education-2005,pfemale_ind,970038,TRUE,0.7,0.7,0.7
btp-health-education-2005,pfemale_ind,970039,TRUE,0.65,0.65,0.65
btp-health-education-2005,pfemale_ind,970040,TRUE,0.65,0.65,0.65
btp-health-education-2005,pfemale_ind,970041,TRUE,0.65,0.65,0.65
btp-health-education-2005,pfemale_ind,970042,TRUE,0.7,0.7,0.7
btp-health-education-2005,pfemale_ind,970043,TRUE,0.65,0.65,0.65
btp-health-education-2005,pfemale_ind,970044,TRUE,0.65,0.65,0.65
btp-health-education-2005,pfemale_ind,970045,TRUE,0.65,0.65,0.65
btp-health-education-2005,pfemale_ind,970046,TRUE,0.65,0.65,0.65
btp-health-education-2005,pfemale_ind,970047,TRUE,0.65,0.65,0.65
btp-health-education-2005,pfemale_ind,970048,TRUE,0.65,0.65,0.65
btp-health-education-2005,pfemale_ind,970049,TRUE,0.7,0.7,0.7
btp-health-education-2005,pfemale_ind,970050,TRUE,0.583333333333333,0.5833333333333334,0.5833333333333333
btp-health-education-2005,pfemale_ind,970051,TRUE,0.583333333333333,0.5833333333333334,0.5833333333333333
btp-health-education-2005,pfemale_ind,970052,TRUE,0.583333333333333,0.5833333333333334,0.5833333333333333
btp-health-education-2005,pfemale_ind,970053,TRUE,0.5,0.5000000000000001,0.5
btp-health-education-2005,pfemale_ind,970054,TRUE,0.583333333333333,0.5833333333333334,0.5833333333333333
btp-health-education-2005,pfemale_ind,970055,TRUE,0.583333333333333,0.5833333333333334,0.5833333333333333
btp-health-education-2005,pfemale_ind,970056,TRUE,0.5,0.5000000000000001,0.5
btp-health-education-2005,pfemale_ind,970057,TRUE,0.5,0.5000000000000001,0.5
btp-health-education-2005,pfemale_ind,970058,TRUE,0.583333333333333,0.5833333333333334,0.5833333333333333
btp-health-education-2005,pfemale_ind,970059,TRUE,0.5,0.5000000000000001,0.5
btp-health-education-2005,pfemale_ind,970060,TRUE,0.5,0.5000000000000001,0.5
btp-health-education-2005,pfemale_ind,970061,TRUE,0.5,0.5000000000000001,0.5
btp-health-education-2005,pfemale_ind,970062,TRUE,0.5,0.5000000000000001,0.5
btp-health-education-2005,pfemale_ind,970063,TRUE,0.6,0.6,0.6
btp-health-education-2005,pfemale_ind,970064,TRUE,0.6,0.6,0.6
btp-health-education-2005,pfemale_ind,970065,TRUE,0.533333333333333,0.5333333333333333,0.5333333333333333
btp-health-education-2005,pfemale_ind,970066,TRUE,0.6,0.6,0.6
btp-health-education-2005,pfemale_ind,970067,TRUE,0.533333333333333,0.5333333333333333,0.5333333333333333
btp-health-education-2005,pfemale_ind,970068,TRUE,0.533333333333333,0.5333333333333333,0.5333333333333333
btp-health-education-2005,pfemale_ind,970069,TRUE,0.6,0.6,0.6
btp-health-education-2005,pfemale_ind,970070,TRUE,0.533333333333333,0.5333333333333333,0.5333333333333333
btp-health-education-2005,pfemale_ind,970071,TRUE,0.533333333333333,0.5333333333333333,0.5333333333333333
btp-health-education-2005,pfemale_ind,970072,TRUE,0.6,0.6,0.6
btp-health-education-2005,pfemale_ind,970073,TRUE,0.6,0.6,0.6
btp-health-education-2005,pfemale_ind,970074,TRUE,0.6,0.6,0.6
btp-health-education-2005,pfemale_ind,970075,TRUE,0.533333333333333,0.5333333333333333,0.5333333333333333
btp-health-education-2005,pfemale_ind,970076,TRUE,0.533333333333333,0.5333333333333333,0.5333333333333333
btp-health-education-2005,pfemale_ind,970077,TRUE,0.533333333333333,0.5333333333333333,0.5333333333333333
btp-health-education-2005,pfemale_ind,970078,TRUE,0.533333333333333,0.5333333333333333,0.5333333333333333
btp-health-education-2005,pfemale_ind,970079,TRUE,0.333333333333333,0.3333333333333333,0.33333333333333337
btp-health-education-2005,pfemale_ind,970080,TRUE,0.25,0.25,0.25
btp-health-education-2005,pfemale_ind,970081,TRUE,0.333333333333333,0.3333333333333333,0.33333333333333337
btp-health-education-2005,pfemale_ind,970082,TRUE,0.333333333333333,0.3333333333333333,0.33333333333333337
btp-health-education-2005,pfemale_ind,970083,TRUE,0.333333333333333,0.3333333333333333,0.33333333333333337
btp-health-education-2005,pfemale_ind,970084,TRUE,0.333333333333333,0.3333333333333333,0.33333333333333337
btp-health-education-2005,pfemale_ind,970085,TRUE,0.333333333333333,0.3333333333333333,0.33333333333333337
btp-health-education-2005,pfemale_ind,970086,TRUE,0.333333333333333,0.3333333333333333,0.33333333333333337
btp-health-education-2005,pfemale_ind,970087,TRUE,0.25,0.25,0.25
btp-health-education-2005,pfemale_ind,970088,TRUE,0.25,0.25,0.25
btp-health-education-2005,pfemale_ind,970089,TRUE,0.25,0.25,0.25
btp-health-education-2005,pfemale_ind,970090,TRUE,0.333333333333333,0.3333333333333333,0.33333333333333337
btp-health-education-2005,pfemale_ind,970091,TRUE,0.333333333333333,0.3333333333333333,0.33333333333333337
btp-health-education-2005,pfemale_ind,970092,TRUE,0.444444444444444,0.46913580246913583,0.4705882352941176
btp-health-education-2005,pfemale_ind,970093,TRUE,0.444444444444444,0.46913580246913583,0.4705882352941176
btp-health-education-2005,pfemale_ind,970094,TRUE,0.388888888888889,0.41358024691358025,0.411764705882353
btp-health-education-2005,pfemale_ind,970095,TRUE,0.388888888888889,0.41358024691358025,0.411764705882353
btp-health-education-2005,pfemale_ind,970096,TRUE,0.444444444444444,0.46913580246913583,0.4705882352941176
btp-health-education-2005,pfemale_ind,970097,TRUE,0.388888888888889,0.41358024691358025,0.411764705882353
btp-health-education-2005,pfemale_ind,970098,TRUE,0.444444444444444,0.46913580246913583,0.4705882352941176
btp-health-education-2005,pfemale_ind,970099,TRUE,0.444444444444444,0.46913580246913583,0.4705882352941176
btp-health-education-2005,pfemale_ind,970100,TRUE,0.444444444444444,0.46913580246913583,0.4705882352941176
btp-health-education-2005,pfemale_ind,970101,TRUE,0.444444444444444,0.46913580246913583,0.4705882352941176
btp-health-education-2005,pfemale_ind,970102,TRUE,0.388888888888889,0.41358024691358025,0.4117647058823529
btp-health-education-2005,pfemale_ind,970103,TRUE,0.444444444444444,0.46913580246913583,0.4705882352941176
btp-health-education-2005,pfemale_ind,970104,TRUE,0.444444444444444,NA,0.4444444444444444
btp-health-education-2005,pfemale_ind,970105,TRUE,0.444444444444444,0.46913580246913583,0.4705882352941176
btp-health-education-2005,pfemale_ind,970106,TRUE,0.388888888888889,0.41358024691358025,0.4117647058823529
btp-health-education-2005,pfemale_ind,970107,TRUE,0.388888888888889,0.41358024691358025,0.4117647058823529
btp-health-education-2005,pfemale_ind,970108,TRUE,0.388888888888889,0.41358024691358025,0.4117647058823529
btp-health-education-2005,pfemale_ind,970109,TRUE,0.388888888888889,0.41358024691358025,0.4117647058823529
btp-health-education-2005,pfemale_ind,970110,TRUE,0.444444444444444,0.46913580246913583,0.4705882352941176
btp-health-education-2005,pfemale_ind,970111,TRUE,0.470588235294118,0.4705882352941176,0.4705882352941176
btp-health-education-2005,pfemale_ind,970112,TRUE,0.470588235294118,0.4705882352941176,0.4705882352941176
btp-health-education-2005,pfemale_ind,970113,TRUE,0.470588235294118,0.4705882352941176,0.4705882352941176
btp-health-education-2005,pfemale_ind,970114,TRUE,0.411764705882353,0.4117647058823529,0.4117647058823529
btp-health-education-2005,pfemale_ind,970115,TRUE,0.411764705882353,0.4117647058823529,0.4117647058823529
btp-health-education-2005,pfemale_ind,970116,TRUE,0.470588235294118,0.4705882352941176,0.4705882352941176
btp-health-education-2005,pfemale_ind,970117,TRUE,0.411764705882353,0.4117647058823529,0.4117647058823529
btp-health-education-2005,pfemale_ind,970118,TRUE,0.411764705882353,0.4117647058823529,0.4117647058823529
btp-health-education-2005,pfemale_ind,970119,TRUE,0.411764705882353,0.4117647058823529,0.4117647058823529
btp-health-education-2005,pfemale_ind,970120,TRUE,0.411764705882353,0.4117647058823529,0.4117647058823529
btp-health-education-2005,pfemale_ind,970121,TRUE,0.470588235294118,0.4705882352941176,0.4705882352941176
btp-health-education-2005,pfemale_ind,970122,TRUE,0.470588235294118,0.4705882352941176,0.4705882352941176
btp-health-education-2005,pfemale_ind,970123,TRUE,0.470588235294118,0.4705882352941176,0.4705882352941176
btp-health-education-2005,pfemale_ind,970124,TRUE,0.470588235294118,0.4705882352941176,0.4705882352941176
btp-health-education-2005,pfemale_ind,970125,TRUE,0.470588235294118,0.4705882352941176,0.4705882352941176
btp-health-education-2005,pfemale_ind,970126,TRUE,0.470588235294118,0.4705882352941176,0.4705882352941176
btp-health-education-2005,pfemale_ind,970127,TRUE,0.411764705882353,0.4117647058823529,0.4117647058823529
btp-health-education-2005,pfemale_ind,970128,TRUE,0.411764705882353,0.4117647058823529,0.4117647058823529
btp-health-education-2005,pfemale_ind,970129,TRUE,0.75,0.75,0.75
btp-health-education-2005,pfemale_ind,970130,TRUE,0.75,0.75,0.75
btp-health-education-2005,pfemale_ind,970131,TRUE,0.75,0.75,0.75
btp-health-education-2005,pfemale_ind,970132,TRUE,0.75,0.75,0.75
btp-health-education-2005,pfemale_ind,970133,TRUE,0.8125,0.8125,0.8125
btp-health-education-2005,pfemale_ind,970134,TRUE,0.75,0.75,0.75
btp-health-education-2005,pfemale_ind,970135,TRUE,0.75,0.75,0.75
btp-health-education-2005,pfemale_ind,970136,TRUE,0.75,0.75,0.75
btp-health-education-2005,pfemale_ind,970137,TRUE,0.8125,0.8125,0.8125
btp-health-education-2005,pfemale_ind,970138,TRUE,0.8125,0.8125,0.8125
btp-health-education-2005,pfemale_ind,970139,TRUE,0.75,0.75,0.75
btp-health-education-2005,pfemale_ind,970140,TRUE,0.8125,0.8125,0.8125
btp-health-education-2005,pfemale_ind,970141,TRUE,0.75,0.75,0.75
btp-health-education-2005,pfemale_ind,970142,TRUE,0.75,0.75,0.75
btp-health-education-2005,pfemale_ind,970143,TRUE,0.75,0.75,0.75
btp-health-education-2005,pfemale_ind,970144,TRUE,0.75,0.75,0.75
btp-health-education-2005,pfemale_ind,970145,TRUE,0.75,0.75,0.75
btp-health-education-2005,pfemale_ind,970146,TRUE,0.5,0.5,0.5
btp-health-education-2005,pfemale_ind,970147,TRUE,0.571428571428571,0.5714285714285714,0.5714285714285714
btp-health-education-2005,pfemale_ind,970148,TRUE,0.571428571428571,0.5714285714285714,0.5714285714285714
btp-health-education-2005,pfemale_ind,970149,TRUE,0.5,0.5,0.5
btp-health-education-2005,pfemale_ind,970150,TRUE,0.5,0.5,0.5
btp-health-education-2005,pfemale_ind,970151,TRUE,0.571428571428571,0.5714285714285714,0.5714285714285714
btp-health-education-2005,pfemale_ind,970152,TRUE,0.5,0.5,0.5
btp-health-education-2005,pfemale_ind,970153,TRUE,0.5,0.5,0.5
btp-health-education-2005,pfemale_ind,970154,TRUE,0.5,0.5,0.5
btp-health-education-2005,pfemale_ind,970155,TRUE,0.571428571428571,0.5714285714285714,0.5714285714285714
btp-health-education-2005,pfemale_ind,970156,TRUE,0.571428571428571,0.5714285714285714,0.5714285714285714
btp-health-education-2005,pfemale_ind,970157,TRUE,0.5,0.5,0.5
btp-health-education-2005,pfemale_ind,970158,TRUE,0.571428571428571,0.5714285714285714,0.5714285714285714
btp-health-education-2005,pfemale_ind,970159,TRUE,0.571428571428571,0.5714285714285714,0.5714285714285714
btp-health-education-2005,pfemale_ind,970160,TRUE,0.5,0.5,0.5
btp-health-education-2005,pfemale_ind,970161,TRUE,0.5,0.5,0.5
btp-health-education-2005,pfemale_ind,970162,TRUE,0.5,0.5,0.5
btp-health-education-2005,pfemale_ind,970163,TRUE,0.416666666666667,0.4166666666666667,0.41666666666666663
btp-health-education-2005,pfemale_ind,970164,TRUE,0.5,0.5,0.5
btp-health-education-2005,pfemale_ind,970165,TRUE,0.5,0.5,0.5
btp-health-education-2005,pfemale_ind,970166,TRUE,0.416666666666667,0.4166666666666667,0.41666666666666663
btp-health-education-2005,pfemale_ind,970167,TRUE,0.416666666666667,0.4166666666666667,0.41666666666666663
btp-health-education-2005,pfemale_ind,970168,TRUE,0.5,0.5,0.5
btp-health-education-2005,pfemale_ind,970169,TRUE,0.5,0.5,0.5
btp-health-education-2005,pfemale_ind,970170,TRUE,0.416666666666667,0.4166666666666667,0.41666666666666663
btp-health-education-2005,pfemale_ind,970171,TRUE,0.416666666666667,0.4166666666666667,0.41666666666666663
btp-health-education-2005,pfemale_ind,970172,TRUE,0.416666666666667,0.4166666666666667,0.41666666666666663
btp-health-education-2005,pfemale_ind,970173,TRUE,0.5,0.5,0.5
btp-health-education-2005,pfemale_ind,970174,TRUE,0.25,0.24999999999999992,0.25
btp-health-education-2005,pfemale_ind,970175,TRUE,0.3125,0.31249999999999994,0.3125
btp-health-education-2005,pfemale_ind,970176,TRUE,0.3125,0.31249999999999994,0.3125
btp-health-education-2005,pfemale_ind,970177,TRUE,0.25,0.24999999999999992,0.25
btp-health-education-2005,pfemale_ind,970178,TRUE,0.3125,0.31249999999999994,0.3125
btp-health-education-2005,pfemale_ind,970179,TRUE,0.3125,0.31249999999999994,0.3125
btp-health-education-2005,pfemale_ind,970180,TRUE,0.3125,0.31249999999999994,0.3125
btp-health-education-2005,pfemale_ind,970181,TRUE,0.3125,0.31249999999999994,0.3125
btp-health-education-2005,pfemale_ind,970182,TRUE,0.3125,0.31249999999999994,0.3125
btp-health-education-2005,pfemale_ind,970183,TRUE,0.25,0.24999999999999992,0.25
btp-health-education-2005,pfemale_ind,970184,TRUE,0.25,0.24999999999999992,0.25
btp-health-education-2005,pfemale_ind,970185,TRUE,0.3125,0.31249999999999994,0.3125
btp-health-education-2005,pfemale_ind,970186,TRUE,0.25,0.24999999999999992,0.25
btp-health-education-2005,pfemale_ind,970187,TRUE,0.3125,0.31249999999999994,0.3125
btp-health-education-2005,pfemale_ind,970188,TRUE,0.3125,0.31249999999999994,0.3125
btp-health-education-2005,pfemale_ind,970189,TRUE,0.3125,0.31249999999999994,0.3125
btp-health-education-2005,pfemale_ind,970190,TRUE,0.3125,0.31249999999999994,0.3125
btp-health-education-2005,pfemale_ind,970191,TRUE,0.6,0.6,0.6
btp-health-education-2005,pfemale_ind,970192,TRUE,0.6,0.6,0.6
btp-health-education-2005,pfemale_ind,970193,TRUE,0.6,0.6,0.6
btp-health-education-2005,pfemale_ind,970194,TRUE,0.5,0.5,0.5
btp-health-education-2005,pfemale_ind,970195,TRUE,0.5,0.5,0.5
btp-health-education-2005,pfemale_ind,970196,TRUE,0.6,0.6,0.6
btp-health-education-2005,pfemale_ind,970197,TRUE,0.5,0.5,0.5
btp-health-education-2005,pfemale_ind,970198,TRUE,0.5,0.5,0.5
btp-health-education-2005,pfemale_ind,970199,TRUE,0.5,0.5,0.5
btp-health-education-2005,pfemale_ind,970200,TRUE,0.6,0.6,0.6
btp-health-education-2005,pfemale_ind,970201,TRUE,0.5,0.5,0.5
btp-health-education-2005,pfemale_ind,970202,TRUE,0.6875,0.6875,0.6875
btp-health-education-2005,pfemale_ind,970203,TRUE,0.6875,0.6875,0.6875
btp-health-education-2005,pfemale_ind,970204,TRUE,0.625,0.625,0.625
btp-health-education-2005,pfemale_ind,970205,TRUE,0.625,0.625,0.625
btp-health-education-2005,pfemale_ind,970206,TRUE,0.625,0.625,0.625
btp-health-education-2005,pfemale_ind,970207,TRUE,0.625,0.625,0.625
btp-health-education-2005,pfemale_ind,970208,TRUE,0.6875,0.6875,0.6875
btp-health-education-2005,pfemale_ind,970209,TRUE,0.625,0.625,0.625
btp-health-education-2005,pfemale_ind,970210,TRUE,0.625,0.625,0.625
btp-health-education-2005,pfemale_ind,970211,TRUE,0.625,0.625,0.625
btp-health-education-2005,pfemale_ind,970212,TRUE,0.625,0.625,0.625
btp-health-education-2005,pfemale_ind,970213,TRUE,0.6875,0.6875,0.6875
btp-health-education-2005,pfemale_ind,970214,TRUE,0.6875,0.6875,0.6875
btp-health-education-2005,pfemale_ind,970215,TRUE,0.6875,0.6875,0.6875
btp-health-education-2005,pfemale_ind,970216,TRUE,0.625,0.625,0.625
btp-health-education-2005,pfemale_ind,970217,TRUE,0.625,0.625,0.625
btp-health-education-2005,pfemale_ind,970218,TRUE,0.625,0.625,0.625
btp-health-education-2005,pfemale_ind,970219,TRUE,0.5,0.5,0.5
btp-health-education-2005,pfemale_ind,970220,TRUE,0.5,0.5,0.5
btp-health-education-2005,pfemale_ind,970221,TRUE,0.625,0.625,0.625
btp-health-education-2005,pfemale_ind,970222,TRUE,0.625,0.625,0.625
btp-health-education-2005,pfemale_ind,970223,TRUE,0.5,0.5,0.5
btp-health-education-2005,pfemale_ind,970224,TRUE,0.5,0.5,0.5
btp-health-education-2005,pfemale_ind,970225,TRUE,0.625,0.625,0.625
btp-health-education-2005,pfemale_ind,970226,TRUE,0.5,0.5,0.5
btp-health-education-2005,pfemale_ind,970227,TRUE,0.625,0.625,0.625
btp-health-education-2005,pfemale_ind,970228,TRUE,0.272727272727273,0.2727272727272727,0.2727272727272727
btp-health-education-2005,pfemale_ind,970229,TRUE,0.181818181818182,0.18181818181818185,0.1818181818181818
btp-health-education-2005,pfemale_ind,970230,TRUE,0.272727272727273,0.2727272727272727,0.2727272727272727
btp-health-education-2005,pfemale_ind,970231,TRUE,0.272727272727273,0.2727272727272727,0.2727272727272727
btp-health-education-2005,pfemale_ind,970232,TRUE,0.272727272727273,0.2727272727272727,0.2727272727272727
btp-health-education-2005,pfemale_ind,970233,TRUE,0.272727272727273,0.2727272727272727,0.2727272727272727
btp-health-education-2005,pfemale_ind,970234,TRUE,0.181818181818182,0.18181818181818185,0.1818181818181818
btp-health-education-2005,pfemale_ind,970235,TRUE,0.272727272727273,0.2727272727272727,0.2727272727272727
btp-health-education-2005,pfemale_ind,970236,TRUE,0.272727272727273,0.2727272727272727,0.2727272727272727
btp-health-education-2005,pfemale_ind,970237,TRUE,0.272727272727273,0.2727272727272727,0.2727272727272727
btp-health-education-2005,pfemale_ind,970238,TRUE,0.272727272727273,0.2727272727272727,0.2727272727272727
btp-health-education-2005,pfemale_ind,970239,TRUE,0.181818181818182,0.18181818181818185,0.1818181818181818
btp-health-education-2005,pfemale_ind,970240,TRUE,0.5,0.5,0.5
btp-health-education-2005,pfemale_ind,970241,TRUE,0.5,0.5,0.5
btp-health-education-2005,pfemale_ind,970242,TRUE,0.428571428571429,0.42857142857142855,0.42857142857142855
btp-health-education-2005,pfemale_ind,970243,TRUE,0.5,0.5,0.5
btp-health-education-2005,pfemale_ind,970244,TRUE,0.428571428571429,0.42857142857142855,0.42857142857142855
btp-health-education-2005,pfemale_ind,970245,TRUE,0.5,0.5,0.5
btp-health-education-2005,pfemale_ind,970246,TRUE,0.428571428571429,0.42857142857142855,0.42857142857142855
btp-health-education-2005,pfemale_ind,970247,TRUE,0.5,0.5,0.5
btp-health-education-2005,pfemale_ind,970248,TRUE,0.5,0.5,0.5
btp-health-education-2005,pfemale_ind,970249,TRUE,0.428571428571429,0.42857142857142855,0.42857142857142855
btp-health-education-2005,pfemale_ind,970250,TRUE,0.428571428571429,0.42857142857142855,0.42857142857142855
btp-health-education-2005,pfemale_ind,970251,TRUE,0.5,0.5,0.5
btp-health-education-2005,pfemale_ind,970252,TRUE,0.428571428571429,0.42857142857142855,0.42857142857142855
btp-health-education-2005,pfemale_ind,970253,TRUE,0.5,0.5,0.5
btp-health-education-2005,pfemale_ind,970254,TRUE,0.428571428571429,0.42857142857142855,0.42857142857142855
btp-health-education-2005,pfemale_ind,970255,TRUE,0.7,0.7,0.7
btp-health-education-2005,pfemale_ind,970256,TRUE,0.7,0.7,0.7
btp-health-education-2005,pfemale_ind,970257,TRUE,0.7,0.7,0.7
btp-health-education-2005,pfemale_ind,970258,TRUE,0.7,0.7,0.7
btp-health-education-2005,pfemale_ind,970259,TRUE,0.7,0.7,0.7
btp-health-education-2005,pfemale_ind,970260,TRUE,0.7,0.7,0.7
btp-health-education-2005,pfemale_ind,970261,TRUE,0.7,0.7,0.7
btp-health-education-2005,pfemale_ind,970262,TRUE,0.8,0.8,0.8
btp-health-education-2005,pfemale_ind,970263,TRUE,0.8,0.8,0.8
btp-health-education-2005,pfemale_ind,970264,TRUE,0.7,0.7,0.7000000000000001
btp-health-education-2005,pfemale_ind,970265,TRUE,0.8,0.8,0.8
btp-health-education-2005,pfemale_ind,970266,TRUE,0.461538461538462,0.4615384615384616,0.4615384615384615
btp-health-education-2005,pfemale_ind,970267,TRUE,0.461538461538462,0.4615384615384616,0.4615384615384615
btp-health-education-2005,pfemale_ind,970268,TRUE,0.384615384615385,0.38461538461538464,0.38461538461538464
btp-health-education-2005,pfemale_ind,970269,TRUE,0.461538461538462,0.4615384615384616,0.4615384615384615
btp-health-education-2005,pfemale_ind,970270,TRUE,0.461538461538462,0.4615384615384616,0.4615384615384615
btp-health-education-2005,pfemale_ind,970271,TRUE,0.384615384615385,0.38461538461538464,0.38461538461538464
btp-health-education-2005,pfemale_ind,970272,TRUE,0.461538461538462,0.4615384615384616,0.4615384615384615
btp-health-education-2005,pfemale_ind,970273,TRUE,0.384615384615385,0.38461538461538464,0.38461538461538464
btp-health-education-2005,pfemale_ind,970274,TRUE,0.461538461538462,0.4615384615384616,0.4615384615384615
btp-health-education-2005,pfemale_ind,970275,TRUE,0.461538461538462,0.4615384615384616,0.4615384615384615
btp-health-education-2005,pfemale_ind,970276,TRUE,0.384615384615385,0.38461538461538464,0.38461538461538464
btp-health-education-2005,pfemale_ind,970277,TRUE,0.461538461538462,0.4615384615384616,0.4615384615384615
btp-health-education-2005,pfemale_ind,970278,TRUE,0.384615384615385,0.38461538461538464,0.38461538461538464
btp-health-education-2005,pfemale_ind,970279,TRUE,0.384615384615385,0.38461538461538464,0.38461538461538464
btp-health-education-2005,pfemale_ind,970280,TRUE,0.857142857142857,0.8571428571428571,0.8571428571428571
btp-health-education-2005,pfemale_ind,970281,TRUE,0.714285714285714,0.7142857142857143,0.7142857142857143
btp-health-education-2005,pfemale_ind,970282,TRUE,0.714285714285714,0.7142857142857143,0.7142857142857143
btp-health-education-2005,pfemale_ind,970283,TRUE,0.714285714285714,0.7142857142857143,0.7142857142857143
btp-health-education-2005,pfemale_ind,970284,TRUE,0.714285714285714,0.7142857142857143,0.7142857142857143
btp-health-education-2005,pfemale_ind,970285,TRUE,0.714285714285714,0.7142857142857143,0.7142857142857143
btp-health-education-2005,pfemale_ind,970286,TRUE,0.714285714285714,0.7142857142857143,0.7142857142857143
btp-health-education-2005,pfemale_ind,970287,TRUE,0.857142857142857,0.8571428571428571,0.8571428571428571
btp-health-education-2005,pfemale_ind,970288,TRUE,0.533333333333333,0.5333333333333333,0.5333333333333333
btp-health-education-2005,pfemale_ind,970289,TRUE,0.6,0.6,0.6
btp-health-education-2005,pfemale_ind,970290,TRUE,0.6,0.6,0.6
btp-health-education-2005,pfemale_ind,970291,TRUE,0.533333333333333,0.5333333333333333,0.5333333333333333
btp-health-education-2005,pfemale_ind,970292,TRUE,0.6,0.6,0.6
btp-health-education-2005,pfemale_ind,970293,TRUE,0.6,0.6,0.6
btp-health-education-2005,pfemale_ind,970294,TRUE,0.533333333333333,0.5333333333333333,0.5333333333333333
btp-health-education-2005,pfemale_ind,970295,TRUE,0.533333333333333,0.5333333333333333,0.5333333333333333
btp-health-education-2005,pfemale_ind,970296,TRUE,0.533333333333333,0.5333333333333333,0.5333333333333333
btp-health-education-2005,pfemale_ind,970297,TRUE,0.6,0.6,0.6
btp-health-education-2005,pfemale_ind,970298,TRUE,0.533333333333333,0.5333333333333333,0.5333333333333333
btp-health-education-2005,pfemale_ind,970299,TRUE,0.533333333333333,0.5333333333333333,0.5333333333333333
btp-health-education-2005,pfemale_ind,970300,TRUE,0.533333333333333,0.5333333333333333,0.5333333333333333
btp-health-education-2005,pfemale_ind,970301,TRUE,0.6,0.6,0.6
btp-health-education-2005,pfemale_ind,970302,TRUE,0.6,0.6,0.6
btp-health-education-2005,pfemale_ind,970303,TRUE,0.533333333333333,0.5333333333333333,0.5333333333333333
btp-health-education-2005,pfemale_ind,970304,TRUE,0.384615384615385,0.3846153846153845,0.38461538461538464
btp-health-education-2005,pfemale_ind,970305,TRUE,0.307692307692308,0.3076923076923076,0.3076923076923077
btp-health-education-2005,pfemale_ind,970306,TRUE,0.384615384615385,0.3846153846153845,0.38461538461538464
btp-health-education-2005,pfemale_ind,970307,TRUE,0.307692307692308,0.3076923076923076,0.3076923076923077
btp-health-education-2005,pfemale_ind,970308,TRUE,0.384615384615385,0.3846153846153845,0.38461538461538464
btp-health-education-2005,pfemale_ind,970309,TRUE,0.307692307692308,0.3076923076923076,0.3076923076923077
btp-health-education-2005,pfemale_ind,970310,TRUE,0.384615384615385,0.3846153846153845,0.38461538461538464
btp-health-education-2005,pfemale_ind,970311,TRUE,0.307692307692308,0.3076923076923076,0.3076923076923077
btp-health-education-2005,pfemale_ind,970312,TRUE,0.384615384615385,0.3846153846153845,0.38461538461538464
btp-health-education-2005,pfemale_ind,970313,TRUE,0.384615384615385,0.3846153846153845,0.38461538461538464
btp-health-education-2005,pfemale_ind,970314,TRUE,0.307692307692308,0.3076923076923076,0.3076923076923077
btp-health-education-2005,pfemale_ind,970315,TRUE,0.384615384615385,0.3846153846153845,0.38461538461538464
btp-health-education-2005,pfemale_ind,970316,TRUE,0.384615384615385,0.3846153846153845,0.38461538461538464
btp-health-education-2005,pfemale_ind,970317,TRUE,0.384615384615385,0.3846153846153845,0.38461538461538464
btp-health-education-2005,pfemale_ind,970318,TRUE,0.5,0.5,0.5
btp-health-education-2005,pfemale_ind,970319,TRUE,0.5,0.5,0.5
btp-health-education-2005,pfemale_ind,970320,TRUE,0.555555555555556,0.5555555555555556,0.5555555555555556
btp-health-education-2005,pfemale_ind,970321,TRUE,0.555555555555556,0.5555555555555556,0.5555555555555556
btp-health-education-2005,pfemale_ind,970322,TRUE,0.555555555555556,0.5555555555555556,0.5555555555555556
btp-health-education-2005,pfemale_ind,970323,TRUE,0.555555555555556,0.5555555555555556,0.5555555555555556
btp-health-education-2005,pfemale_ind,970324,TRUE,0.5,0.5,0.5
btp-health-education-2005,pfemale_ind,970325,TRUE,0.555555555555556,0.5555555555555556,0.5555555555555556
btp-health-education-2005,pfemale_ind,970326,TRUE,0.5,0.5,0.5
btp-health-education-2005,pfemale_ind,970327,TRUE,0.555555555555556,0.5555555555555556,0.5555555555555556
btp-health-education-2005,pfemale_ind,970328,TRUE,0.555555555555556,0.5555555555555556,0.5555555555555556
btp-health-education-2005,pfemale_ind,970329,TRUE,0.5,0.5,0.5
btp-health-education-2005,pfemale_ind,970330,TRUE,0.5,0.5,0.5
btp-health-education-2005,pfemale_ind,970331,TRUE,0.555555555555556,0.5555555555555556,0.5555555555555556
btp-health-education-2005,pfemale_ind,970332,TRUE,0.555555555555556,0.5555555555555556,0.5555555555555556
btp-health-education-2005,pfemale_ind,970333,TRUE,0.5,0.5,0.5
btp-health-education-2005,pfemale_ind,970334,TRUE,0.5,0.5,0.5
btp-health-education-2005,pfemale_ind,970335,TRUE,0.5,0.5,0.5
btp-health-education-2005,pfemale_ind,970336,TRUE,0.5,0.5,0.5
btp-health-education-2005,pfemale_ind,970337,TRUE,0.375,0.37499999999999994,0.375
btp-health-education-2005,pfemale_ind,970338,TRUE,0.375,0.37499999999999994,0.375
btp-health-education-2005,pfemale_ind,970339,TRUE,0.375,0.37499999999999994,0.375
btp-health-education-2005,pfemale_ind,970340,TRUE,0.3125,0.31249999999999994,0.3125
btp-health-education-2005,pfemale_ind,970341,TRUE,0.375,0.37499999999999994,0.375
btp-health-education-2005,pfemale_ind,970342,TRUE,0.375,0.37499999999999994,0.375
btp-health-education-2005,pfemale_ind,970343,TRUE,0.375,0.37499999999999994,0.375
btp-health-education-2005,pfemale_ind,970344,TRUE,0.3125,0.31249999999999994,0.3125
btp-health-education-2005,pfemale_ind,970345,TRUE,0.3125,0.31249999999999994,0.3125
btp-health-education-2005,pfemale_ind,970346,TRUE,0.375,0.37499999999999994,0.375
btp-health-education-2005,pfemale_ind,970347,TRUE,0.3125,0.31249999999999994,0.3125
btp-health-education-2005,pfemale_ind,970348,TRUE,0.375,0.37499999999999994,0.375
btp-health-education-2005,pfemale_ind,970349,TRUE,0.375,0.37499999999999994,0.375
btp-health-education-2005,pfemale_ind,970350,TRUE,0.3125,0.31249999999999994,0.3125
btp-health-education-2005,pfemale_ind,970351,TRUE,0.3125,0.31249999999999994,0.3125
btp-health-education-2005,pfemale_ind,970352,TRUE,0.375,0.37499999999999994,0.375
btp-health-education-2005,pfemale_ind,970353,TRUE,0.375,0.37499999999999994,0.375
btp-health-education-2005,pfemale_ind,970354,TRUE,0.388888888888889,0.3888888888888889,0.38888888888888895
btp-health-education-2005,pfemale_ind,970355,TRUE,0.333333333333333,0.3333333333333333,0.33333333333333337
btp-health-education-2005,pfemale_ind,970356,TRUE,0.388888888888889,0.3888888888888889,0.38888888888888895
btp-health-education-2005,pfemale_ind,970357,TRUE,0.333333333333333,0.3333333333333333,0.33333333333333337
btp-health-education-2005,pfemale_ind,970358,TRUE,0.388888888888889,0.3888888888888889,0.38888888888888895
btp-health-education-2005,pfemale_ind,970359,TRUE,0.333333333333333,0.3333333333333333,0.33333333333333337
btp-health-education-2005,pfemale_ind,970360,TRUE,0.388888888888889,0.3888888888888889,0.38888888888888895
btp-health-education-2005,pfemale_ind,970361,TRUE,0.333333333333333,0.3333333333333333,0.33333333333333337
btp-health-education-2005,pfemale_ind,970362,TRUE,0.333333333333333,0.3333333333333333,0.33333333333333337
btp-health-education-2005,pfemale_ind,970363,TRUE,0.388888888888889,0.3888888888888889,0.38888888888888895
btp-health-education-2005,pfemale_ind,970364,TRUE,0.388888888888889,0.3888888888888889,0.38888888888888895
btp-health-education-2005,pfemale_ind,970365,TRUE,0.333333333333333,0.3333333333333333,0.33333333333333337
btp-health-education-2005,pfemale_ind,970366,TRUE,0.388888888888889,0.3888888888888889,0.38888888888888895
btp-health-education-2005,pfemale_ind,970367,TRUE,0.388888888888889,0.3888888888888889,0.38888888888888895
btp-health-education-2005,pfemale_ind,970368,TRUE,0.388888888888889,0.3888888888888889,0.38888888888888895
btp-health-education-2005,pfemale_ind,970369,TRUE,0.388888888888889,0.3888888888888889,0.38888888888888895
btp-health-education-2005,pfemale_ind,970370,TRUE,0.388888888888889,0.3888888888888889,0.38888888888888895
btp-health-education-2005,pfemale_ind,970371,TRUE,0.333333333333333,0.3333333333333333,0.33333333333333337
btp-health-education-2005,pfemale_ind,970372,TRUE,0.388888888888889,0.3888888888888889,0.3888888888888889
btp-health-education-2005,pfemale_ind,970373,TRUE,0.466666666666667,0.4666666666666667,0.4666666666666667
btp-health-education-2005,pfemale_ind,970374,TRUE,0.466666666666667,0.4666666666666667,0.4666666666666667
btp-health-education-2005,pfemale_ind,970375,TRUE,0.466666666666667,0.4666666666666667,0.4666666666666667
btp-health-education-2005,pfemale_ind,970376,TRUE,0.466666666666667,0.4666666666666667,0.4666666666666667
btp-health-education-2005,pfemale_ind,970377,TRUE,0.533333333333333,0.5333333333333333,0.5333333333333333
btp-health-education-2005,pfemale_ind,970378,TRUE,0.466666666666667,0.4666666666666667,0.4666666666666667
btp-health-education-2005,pfemale_ind,970379,TRUE,0.533333333333333,0.5333333333333333,0.5333333333333333
btp-health-education-2005,pfemale_ind,970380,TRUE,0.533333333333333,0.5333333333333333,0.5333333333333333
btp-health-education-2005,pfemale_ind,970381,TRUE,0.466666666666667,0.4666666666666667,0.4666666666666666
btp-health-education-2005,pfemale_ind,970382,TRUE,0.533333333333333,0.5333333333333333,0.5333333333333333
btp-health-education-2005,pfemale_ind,970383,TRUE,0.533333333333333,0.5333333333333333,0.5333333333333333
btp-health-education-2005,pfemale_ind,970384,TRUE,0.533333333333333,0.5333333333333333,0.5333333333333333
btp-health-education-2005,pfemale_ind,970385,TRUE,0.466666666666667,0.4666666666666667,0.4666666666666666
btp-health-education-2005,pfemale_ind,970386,TRUE,0.533333333333333,0.5333333333333333,0.5333333333333333
btp-health-education-2005,pfemale_ind,970387,TRUE,0.533333333333333,0.5333333333333333,0.5333333333333333
btp-health-education-2005,pfemale_ind,970388,TRUE,0.466666666666667,0.4666666666666667,0.4666666666666666
btp-health-education-2005,pfemale_ind,970389,TRUE,0.4,0.4266666666666667,0.42857142857142855
btp-health-education-2005,pfemale_ind,970390,TRUE,0.4,0.4266666666666667,0.42857142857142855
btp-health-education-2005,pfemale_ind,970391,TRUE,0.333333333333333,0.36000000000000004,0.3571428571428571
btp-health-education-2005,pfemale_ind,970392,TRUE,0.4,0.4266666666666667,0.42857142857142855
btp-health-education-2005,pfemale_ind,970393,TRUE,0.4,0.4266666666666667,0.42857142857142855
btp-health-education-2005,pfemale_ind,970394,TRUE,0.4,0.4266666666666667,0.42857142857142855
btp-health-education-2005,pfemale_ind,970395,TRUE,0.333333333333333,0.36000000000000004,0.3571428571428571
btp-health-education-2005,pfemale_ind,970396,TRUE,0.4,0.4266666666666667,0.42857142857142855
btp-health-education-2005,pfemale_ind,970397,TRUE,0.4,0.4266666666666667,0.42857142857142855
btp-health-education-2005,pfemale_ind,970398,TRUE,0.333333333333333,0.36000000000000004,0.3571428571428571
btp-health-education-2005,pfemale_ind,970399,TRUE,0.4,0.4266666666666667,0.42857142857142855
btp-health-education-2005,pfemale_ind,970400,TRUE,0.333333333333333,0.36000000000000004,0.3571428571428571
btp-health-education-2005,pfemale_ind,970401,TRUE,0.333333333333333,0.36000000000000004,0.3571428571428571
btp-health-education-2005,pfemale_ind,970402,TRUE,0.4,0.4266666666666667,0.42857142857142855
btp-health-education-2005,pfemale_ind,970403,TRUE,0.333333333333333,0.36000000000000004,0.3571428571428571
btp-health-education-2005,pfemale_ind,970404,TRUE,0.4,NA,0.4
btp-health-education-2005,pfemale_ind,970405,TRUE,0.461538461538462,0.4615384615384616,0.4615384615384615
btp-health-education-2005,pfemale_ind,970406,TRUE,0.538461538461538,0.5384615384615384,0.5384615384615384
btp-health-education-2005,pfemale_ind,970407,TRUE,0.461538461538462,0.4615384615384616,0.4615384615384615
btp-health-education-2005,pfemale_ind,970408,TRUE,0.538461538461538,0.5384615384615384,0.5384615384615384
btp-health-education-2005,pfemale_ind,970409,TRUE,0.538461538461538,0.5384615384615384,0.5384615384615384
btp-health-education-2005,pfemale_ind,970410,TRUE,0.538461538461538,0.5384615384615384,0.5384615384615384
btp-health-education-2005,pfemale_ind,970411,TRUE,0.538461538461538,0.5384615384615384,0.5384615384615384
btp-health-education-2005,pfemale_ind,970412,TRUE,0.538461538461538,0.5384615384615384,0.5384615384615384
btp-health-education-2005,pfemale_ind,970413,TRUE,0.461538461538462,0.4615384615384616,0.4615384615384615
btp-health-education-2005,pfemale_ind,970414,TRUE,0.461538461538462,0.4615384615384616,0.4615384615384615
btp-health-education-2005,pfemale_ind,970415,TRUE,0.461538461538462,0.4615384615384616,0.4615384615384615
btp-health-education-2005,pfemale_ind,970416,TRUE,0.461538461538462,0.4615384615384616,0.4615384615384615
btp-health-education-2005,pfemale_ind,970417,TRUE,0.461538461538462,0.4615384615384616,0.4615384615384615
btp-health-education-2005,pfemale_ind,970418,TRUE,0.538461538461538,0.5384615384615384,0.5384615384615384
btp-health-education-2005,pfemale_ind,970419,TRUE,0.611111111111111,0.6111111111111112,0.6111111111111112
btp-health-education-2005,pfemale_ind,970420,TRUE,0.555555555555556,0.5555555555555556,0.5555555555555556
btp-health-education-2005,pfemale_ind,970421,TRUE,0.555555555555556,0.5555555555555556,0.5555555555555556
btp-health-education-2005,pfemale_ind,970422,TRUE,0.611111111111111,0.6111111111111112,0.6111111111111112
btp-health-education-2005,pfemale_ind,970423,TRUE,0.611111111111111,0.6111111111111112,0.6111111111111112
btp-health-education-2005,pfemale_ind,970424,TRUE,0.555555555555556,0.5555555555555556,0.5555555555555556
btp-health-education-2005,pfemale_ind,970425,TRUE,0.555555555555556,0.5555555555555556,0.5555555555555556
btp-health-education-2005,pfemale_ind,970426,TRUE,0.555555555555556,0.5555555555555556,0.5555555555555556
btp-health-education-2005,pfemale_ind,970427,TRUE,0.555555555555556,0.5555555555555556,0.5555555555555556
btp-health-education-2005,pfemale_ind,970428,TRUE,0.611111111111111,0.6111111111111112,0.6111111111111112
btp-health-education-2005,pfemale_ind,970429,TRUE,0.555555555555556,0.5555555555555556,0.5555555555555556
btp-health-education-2005,pfemale_ind,970430,TRUE,0.611111111111111,0.6111111111111112,0.6111111111111112
btp-health-education-2005,pfemale_ind,970431,TRUE,0.611111111111111,0.6111111111111112,0.6111111111111112
btp-health-education-2005,pfemale_ind,970432,TRUE,0.555555555555556,0.5555555555555556,0.5555555555555556
btp-health-education-2005,pfemale_ind,970433,TRUE,0.555555555555556,0.5555555555555556,0.5555555555555556
btp-health-education-2005,pfemale_ind,970434,TRUE,0.611111111111111,0.6111111111111112,0.6111111111111112
btp-health-education-2005,pfemale_ind,970435,TRUE,0.555555555555556,0.5555555555555556,0.5555555555555556
btp-health-education-2005,pfemale_ind,970436,TRUE,0.611111111111111,0.6111111111111112,0.6111111111111112
btp-health-education-2005,pfemale_ind,970437,TRUE,0.555555555555556,0.5555555555555556,0.5555555555555556
btp-health-education-2005,pfemale_ind,970438,TRUE,0.4375,0.4375,0.4375
btp-health-education-2005,pfemale_ind,970439,TRUE,0.4375,0.4375,0.4375
btp-health-education-2005,pfemale_ind,970440,TRUE,0.5,0.5,0.5
btp-health-education-2005,pfemale_ind,970441,TRUE,0.5,0.5,0.5
btp-health-education-2005,pfemale_ind,970442,TRUE,0.4375,0.4375,0.4375
btp-health-education-2005,pfemale_ind,970443,TRUE,0.4375,0.4375,0.4375
btp-health-education-2005,pfemale_ind,970444,TRUE,0.4375,0.4375,0.4375
btp-health-education-2005,pfemale_ind,970445,TRUE,0.5,0.5,0.5
btp-health-education-2005,pfemale_ind,970446,TRUE,0.4375,0.4375,0.4375
btp-health-education-2005,pfemale_ind,970447,TRUE,0.5,0.5,0.5
btp-health-education-2005,pfemale_ind,970448,TRUE,0.5,0.5,0.5
btp-health-education-2005,pfemale_ind,970449,TRUE,0.5,0.5,0.5
btp-health-education-2005,pfemale_ind,970450,TRUE,0.5,0.5,0.5
btp-health-education-2005,pfemale_ind,970451,TRUE,0.4375,0.4375,0.4375
btp-health-education-2005,pfemale_ind,970452,TRUE,0.5,0.5,0.5
btp-health-education-2005,pfemale_ind,970453,TRUE,0.5,0.5,0.5
btp-health-education-2005,pfemale_ind,970454,TRUE,0.4375,0.4375,0.4375
wtu-1996,pfemale_ind,20000010,TRUE,0.55,0.55,0.55
wtu-1996,pfemale_ind,20000020,TRUE,0.5,0.5,0.5
wtu-1996,pfemale_ind,20000030,TRUE,0.777777777777778,0.7777777777777778,0.7777777777777778
wtu-1996,pfemale_ind,20000040,TRUE,0.777777777777778,0.7777777777777778,0.7777777777777778
wtu-1996,pfemale_ind,20000050,TRUE,0.526315789473684,0.5263157894736842,0.5263157894736842
wtu-1996,pfemale_ind,20000060,TRUE,0.722222222222222,0.7222222222222222,0.7222222222222222
wtu-1996,pfemale_ind,20000070,TRUE,0.5,0.5,0.5
wtu-1996,pfemale_ind,20000080,TRUE,0.4375,0.4375,0.4375
wtu-1996,pfemale_ind,20000090,TRUE,0.444444444444444,0.4444444444444444,0.4444444444444444
wtu-1996,pfemale_ind,20000100,TRUE,0.777777777777778,0.7777777777777778,0.7777777777777778
wtu-1996,pfemale_ind,20000110,TRUE,0.611111111111111,0.6111111111111112,0.6111111111111112
wtu-1996,pfemale_ind,20000120,TRUE,0.473684210526316,0.47368421052631576,0.4736842105263158
wtu-1996,pfemale_ind,20000130,TRUE,0.5,0.5,0.5
wtu-1996,pfemale_ind,20000140,TRUE,0.473684210526316,0.47368421052631576,0.4736842105263158
wtu-1996,pfemale_ind,20000150,TRUE,0.5,0.5,0.5
wtu-1996,pfemale_ind,20000160,TRUE,0.526315789473684,0.5263157894736842,0.5263157894736842
wtu-1996,pfemale_ind,20000170,TRUE,0.473684210526316,0.47368421052631576,0.4736842105263158
wtu-1996,pfemale_ind,20000180,TRUE,0.375,0.375,0.375
wtu-1996,pfemale_ind,20000190,TRUE,0.611111111111111,0.6111111111111112,0.6111111111111112
wtu-1996,pfemale_ind,20000200,TRUE,0.375,0.375,0.375
wtu-1996,pfemale_ind,20000210,TRUE,0.473684210526316,0.47368421052631576,0.4736842105263158
wtu-1996,pfemale_ind,20000220,TRUE,0.722222222222222,0.7222222222222222,0.7222222222222222
wtu-1996,pfemale_ind,20000230,TRUE,0.777777777777778,0.7777777777777778,0.7777777777777778
wtu-1996,pfemale_ind,20000240,TRUE,0.875,0.875,0.875
wtu-1996,pfemale_ind,20000250,TRUE,0.375,0.375,0.375
wtu-1996,pfemale_ind,20000260,TRUE,0.722222222222222,0.7222222222222222,0.7222222222222222
wtu-1996,pfemale_ind,20000270,TRUE,0.666666666666667,0.6666666666666666,0.6666666666666666
wtu-1996,pfemale_ind,20000280,TRUE,0.5,0.5,0.5
wtu-1996,pfemale_ind,20000290,TRUE,0.5,0.5,0.5
wtu-1996,pfemale_ind,20000300,TRUE,0.473684210526316,0.47368421052631576,0.4736842105263158
wtu-1996,pfemale_ind,20000310,TRUE,0.421052631578947,0.42105263157894735,0.42105263157894735
wtu-1996,pfemale_ind,20000320,TRUE,0.4375,0.4375,0.4375
wtu-1996,pfemale_ind,20000330,TRUE,0.875,0.875,0.875
wtu-1996,pfemale_ind,20000340,TRUE,0.6,0.6,0.6
wtu-1996,pfemale_ind,20000350,TRUE,0.611111111111111,0.6111111111111112,0.6111111111111112
wtu-1996,pfemale_ind,20000360,TRUE,0.5,0.5,0.5
wtu-1996,pfemale_ind,20000370,TRUE,0.5625,0.5625,0.5625
wtu-1996,pfemale_ind,20000380,TRUE,0.444444444444444,0.4444444444444444,0.4444444444444444
wtu-1996,pfemale_ind,20000390,TRUE,0.444444444444444,0.4444444444444444,0.4444444444444444
wtu-1996,pfemale_ind,20000400,TRUE,0.5625,0.5625,0.5625
wtu-1996,pfemale_ind,20000410,TRUE,0.875,0.875,0.875
wtu-1996,pfemale_ind,20000420,TRUE,0.5,0.5,0.5
wtu-1996,pfemale_ind,20000430,TRUE,0.875,0.875,0.875
wtu-1996,pfemale_ind,20000440,TRUE,0.375,0.375,0.375
wtu-1996,pfemale_ind,20000450,TRUE,0.5,0.5,0.5
wtu-1996,pfemale_ind,20000460,TRUE,0.473684210526316,0.47368421052631576,0.4736842105263158
wtu-1996,pfemale_ind,20000470,TRUE,0.473684210526316,0.47368421052631576,0.4736842105263158
wtu-1996,pfemale_ind,20000480,TRUE,0.421052631578947,0.42105263157894735,0.42105263157894735
wtu-1996,pfemale_ind,20000490,TRUE,0.5,0.5,0.5
wtu-1996,pfemale_ind,20000500,TRUE,0.611111111111111,0.6111111111111112,0.6111111111111112
wtu-1996,pfemale_ind,20000510,TRUE,0.6,0.6,0.6
wtu-1996,pfemale_ind,20000520,TRUE,0.611111111111111,0.6111111111111112,0.6111111111111112
wtu-1996,pfemale_ind,20000530,TRUE,0.5,0.5,0.5
wtu-1996,pfemale_ind,20000540,TRUE,0.5,0.5,0.5
wtu-1996,pfemale_ind,20000550,TRUE,0.611111111111111,0.6111111111111112,0.6111111111111112
wtu-1996,pfemale_ind,20000560,TRUE,0.5,0.5,0.5
wtu-1996,pfemale_ind,20000570,TRUE,0.473684210526316,0.47368421052631576,0.4736842105263158
wtu-1996,pfemale_ind,20000580,TRUE,0.55,0.55,0.55
wtu-1996,pfemale_ind,20000590,TRUE,0.5,0.5,0.5
wtu-1996,pfemale_ind,20000600,TRUE,0.611111111111111,0.6111111111111112,0.6111111111111112
wtu-1996,pfemale_ind,20000610,TRUE,0.5,0.5,0.5
wtu-1996,pfemale_ind,20000620,TRUE,0.421052631578947,0.42105263157894735,0.42105263157894735
wtu-1996,pfemale_ind,20000630,TRUE,0.5,0.5,0.5
wtu-1996,pfemale_ind,20000640,TRUE,0.5625,0.5625,0.5625
wtu-1996,pfemale_ind,20000650,TRUE,0.55,0.55,0.55
wtu-1996,pfemale_ind,20000660,TRUE,0.421052631578947,0.42105263157894735,0.42105263157894735
wtu-1996,pfemale_ind,20000670,TRUE,0.611111111111111,0.6111111111111112,0.6111111111111112
wtu-1996,pfemale_ind,20000680,TRUE,0.4375,0.4375,0.4375
wtu-1996,pfemale_ind,20000690,TRUE,0.444444444444444,0.4444444444444444,0.4444444444444444
wtu-1996,pfemale_ind,20000700,TRUE,0.5,0.5,0.5
wtu-1996,pfemale_ind,20000710,TRUE,0.5,0.5,0.5
wtu-1996,pfemale_ind,20000720,TRUE,0.421052631578947,0.42105263157894735,0.42105263157894735
wtu-1996,pfemale_ind,20000730,TRUE,0.611111111111111,0.6111111111111112,0.6111111111111112
wtu-1996,pfemale_ind,20000740,TRUE,0.4375,0.4375,0.4375
wtu-1996,pfemale_ind,20000750,TRUE,0.5,0.5,0.5
wtu-1996,pfemale_ind,20000760,TRUE,0.526315789473684,0.5263157894736842,0.5263157894736842
wtu-1996,pfemale_ind,20000770,TRUE,0.5,0.5,0.5
wtu-1996,pfemale_ind,20000780,TRUE,0.666666666666667,0.6666666666666666,0.6666666666666666
wtu-1996,pfemale_ind,20000790,TRUE,0.5,0.5,0.5
wtu-1996,pfemale_ind,20000800,TRUE,0.5,0.5,0.5
wtu-1996,pfemale_ind,20000810,TRUE,0.375,0.375,0.375
wtu-1996,pfemale_ind,20000820,TRUE,0.666666666666667,0.6666666666666666,0.6666666666666666
wtu-1996,pfemale_ind,20000830,TRUE,0.55,0.55,0.55
wtu-1996,pfemale_ind,20000840,TRUE,0.473684210526316,0.47368421052631576,0.4736842105263158
wtu-1996,pfemale_ind,20000850,TRUE,0.5,0.5,0.5
wtu-1996,pfemale_ind,20000860,TRUE,0.875,0.875,0.875
wtu-1996,pfemale_ind,20000870,TRUE,0.666666666666667,0.6666666666666666,0.6666666666666666
wtu-1996,pfemale_ind,20000880,TRUE,0.5625,0.5625,0.5625
wtu-1996,pfemale_ind,20000890,TRUE,0.444444444444444,0.4444444444444444,0.4444444444444444
wtu-1996,pfemale_ind,20000900,TRUE,0.6,0.6,0.6
wtu-1996,pfemale_ind,20000910,TRUE,0.666666666666667,0.6666666666666666,0.6666666666666666
wtu-1996,pfemale_ind,20000920,TRUE,0.473684210526316,0.47368421052631576,0.4736842105263158
wtu-1996,pfemale_ind,20000930,TRUE,0.611111111111111,0.6111111111111112,0.6111111111111112
wtu-1996,pfemale_ind,20000940,TRUE,0.55,0.55,0.55
wtu-1996,pfemale_ind,20000950,TRUE,0.526315789473684,0.5263157894736842,0.5263157894736842
wtu-1996,pfemale_ind,20000960,TRUE,0.421052631578947,0.42105263157894735,0.42105263157894735
wtu-1996,pfemale_ind,20000970,TRUE,0.5,0.5,0.5
wtu-1996,pfemale_ind,20000980,TRUE,0.375,0.375,0.375
wtu-1996,pfemale_ind,20000990,TRUE,0.444444444444444,0.4444444444444444,0.4444444444444444
wtu-1996,pfemale_ind,20001000,TRUE,0.5625,0.5625,0.5625
wtu-1996,pfemale_ind,20001010,TRUE,0.611111111111111,0.6111111111111112,0.6111111111111112
wtu-1996,pfemale_ind,20001020,TRUE,0.611111111111111,0.6111111111111112,0.6111111111111112
wtu-1996,pfemale_ind,20001030,TRUE,0.875,0.875,0.875
wtu-1996,pfemale_ind,20001040,TRUE,0.4375,0.4375,0.4375
wtu-1996,pfemale_ind,20001050,TRUE,0.473684210526316,0.47368421052631576,0.4736842105263158
wtu-1996,pfemale_ind,20001060,TRUE,0.5,0.5,0.5
wtu-1996,pfemale_ind,20001070,TRUE,0.5,0.5,0.5
wtu-1996,pfemale_ind,20001080,TRUE,0.55,0.55,0.55
wtu-1996,pfemale_ind,20001090,TRUE,0.55,0.55,0.55
wtu-1996,pfemale_ind,20001100,TRUE,0.526315789473684,0.5263157894736842,0.5263157894736842
wtu-1996,pfemale_ind,20001110,TRUE,0.6,0.6,0.6
wtu-1996,pfemale_ind,20001120,TRUE,0.55,0.55,0.55
wtu-1996,pfemale_ind,20001130,TRUE,0.473684210526316,0.47368421052631576,0.4736842105263158
wtu-1996,pfemale_ind,20001140,TRUE,0.722222222222222,0.7222222222222222,0.7222222222222222
wtu-1996,pfemale_ind,20001150,TRUE,0.5,0.5,0.5
wtu-1996,pfemale_ind,20001160,TRUE,0.55,0.55,0.55
wtu-1996,pfemale_ind,20001170,TRUE,0.722222222222222,0.7222222222222222,0.7222222222222222
wtu-1996,pfemale_ind,20001180,TRUE,0.5,0.5,0.5
wtu-1996,pfemale_ind,20001190,TRUE,0.722222222222222,0.7222222222222222,0.7222222222222222
wtu-1996,pfemale_ind,20001200,TRUE,0.666666666666667,0.6666666666666666,0.6666666666666666
wtu-1996,pfemale_ind,20001210,TRUE,0.5625,0.5625,0.5625
wtu-1996,pfemale_ind,20001220,TRUE,0.55,0.55,0.55
wtu-1996,pfemale_ind,20001230,TRUE,0.6,0.6,0.6
wtu-1996,pfemale_ind,20001240,TRUE,0.6,0.6,0.6
wtu-1996,pfemale_ind,20001250,TRUE,0.777777777777778,0.7777777777777778,0.7777777777777778
wtu-1996,pfemale_ind,20001260,TRUE,0.5,0.5,0.5
wtu-1996,pfemale_ind,20001270,TRUE,0.5,0.5,0.5
wtu-1996,pfemale_ind,20001280,TRUE,0.5,0.5,0.5
wtu-1996,pfemale_ind,20001290,TRUE,0.55,0.55,0.55
wtu-1996,pfemale_ind,20001300,TRUE,0.666666666666667,0.6666666666666666,0.6666666666666666
wtu-1996,pfemale_ind,20001310,TRUE,0.5,0.5,0.5
wtu-1996,pfemale_ind,20001320,TRUE,0.55,0.55,0.55
wtu-1996,pfemale_ind,20001330,TRUE,0.5,0.5,0.5
wtu-1996,pfemale_ind,20001340,TRUE,0.526315789473684,0.5263157894736842,0.5263157894736842
wtu-1996,pfemale_ind,20001350,TRUE,0.473684210526316,0.47368421052631576,0.4736842105263158
wtu-1996,pfemale_ind,20001360,TRUE,0.5,0.5,0.5
wtu-1996,pfemale_ind,20001370,TRUE,0.55,0.55,0.55
wtu-1996,pfemale_ind,20001380,TRUE,0.55,0.55,0.55
wtu-1996,pfemale_ind,20001390,TRUE,0.444444444444444,0.4444444444444444,0.4444444444444444
wtu-1996,pfemale_ind,20001400,TRUE,0.4375,0.4375,0.4375
wtu-1996,pfemale_ind,20001410,TRUE,1,1,1
wtu-1996,pfemale_ind,20001420,TRUE,0.611111111111111,0.6111111111111112,0.6111111111111112
wtu-1996,pfemale_ind,20001430,TRUE,0.55,0.55,0.55
wtu-1996,pfemale_ind,20001440,TRUE,0.5,0.5,0.5
wtu-1996,pfemale_ind,20001450,TRUE,0.722222222222222,0.7222222222222222,0.7222222222222222
wtu-1996,pfemale_ind,20001460,TRUE,0.611111111111111,0.6111111111111112,0.6111111111111112
wtu-1996,pfemale_ind,20001470,TRUE,0.611111111111111,0.6111111111111112,0.6111111111111112
wtu-1996,pfemale_ind,20001480,TRUE,0.5,0.5,0.5
wtu-1996,pfemale_ind,20001490,TRUE,0.526315789473684,0.5263157894736842,0.5263157894736842
wtu-1996,pfemale_ind,20001500,TRUE,0.611111111111111,0.6111111111111112,0.6111111111111112
wtu-1996,pfemale_ind,20001510,TRUE,0.5,0.5,0.5
wtu-1996,pfemale_ind,20001520,TRUE,0.6,0.6,0.6
wtu-1996,pfemale_ind,20001530,TRUE,0.722222222222222,0.7222222222222222,0.7222222222222222
wtu-1996,pfemale_ind,20001540,TRUE,0.5,0.5,0.5
wtu-1996,pfemale_ind,20001550,TRUE,0.6,0.6,0.6
wtu-1996,pfemale_ind,20001560,TRUE,0.611111111111111,0.6111111111111112,0.6111111111111112
wtu-1996,pfemale_ind,20001570,TRUE,0.55,0.55,0.55
wtu-1996,pfemale_ind,20001580,TRUE,0.473684210526316,0.47368421052631576,0.4736842105263158
wtu-1996,pfemale_ind,20001590,TRUE,0.611111111111111,0.6111111111111112,0.6111111111111112
wtu-1996,pfemale_ind,20001600,TRUE,0.6,0.6,0.6
wtu-1996,pfemale_ind,20001610,TRUE,0.473684210526316,0.47368421052631576,0.4736842105263158
wtu-1996,pfemale_ind,20001620,TRUE,0.5,0.5,0.5
wtu-1996,pfemale_ind,20001630,TRUE,0.473684210526316,0.47368421052631576,0.4736842105263158
wtu-1996,pfemale_ind,20001640,TRUE,0.6,0.6,0.6
wtu-1996,pfemale_ind,20001650,TRUE,0.5,0.5,0.5
wtu-1996,pfemale_ind,20001660,TRUE,0.55,0.55,0.55
wtu-1996,pfemale_ind,20001670,TRUE,0.444444444444444,0.4444444444444444,0.4444444444444444
wtu-1996,pfemale_ind,20001680,TRUE,0.5,0.5,0.5
wtu-1996,pfemale_ind,20001690,TRUE,0.666666666666667,0.6666666666666666,0.6666666666666666
wtu-1996,pfemale_ind,20001700,TRUE,0.611111111111111,0.6111111111111112,0.6111111111111112
wtu-1996,pfemale_ind,20001710,TRUE,0.5,0.5,0.5
wtu-1996,pfemale_ind,20001720,TRUE,0.55,0.55,0.55
wtu-1996,pfemale_ind,20001730,TRUE,0.722222222222222,0.7222222222222222,0.7222222222222222
wtu-1996,pfemale_ind,20001740,TRUE,0.666666666666667,0.6666666666666666,0.6666666666666666
wtu-1996,pfemale_ind,20001750,TRUE,0.5,0.5,0.5
wtu-1996,pfemale_ind,20001760,TRUE,0.55,0.55,0.55
wtu-1996,pfemale_ind,20001770,TRUE,0.55,0.55,0.55
wtu-1996,pfemale_ind,20001780,TRUE,0.4375,0.4375,0.4375
wtu-1996,pfemale_ind,20001790,TRUE,0.5,0.5,0.5
wtu-1996,pfemale_ind,20001800,TRUE,0.875,0.875,0.875
wtu-1996,pfemale_ind,20001810,TRUE,0.473684210526316,0.47368421052631576,0.4736842105263158
wtu-1996,pfemale_ind,20001820,TRUE,0.611111111111111,0.6111111111111112,0.6111111111111112
wtu-1996,pfemale_ind,20001830,TRUE,0.5,0.5,0.5
wtu-1996,pfemale_ind,20001840,TRUE,0.666666666666667,0.6666666666666666,0.6666666666666666
wtu-1996,pfemale_ind,20001850,TRUE,0.6,0.6,0.6
wtu-1996,pfemale_ind,20001860,TRUE,0.5,0.5,0.5
wtu-1996,pfemale_ind,20001870,TRUE,0.473684210526316,0.47368421052631576,0.4736842105263158
wtu-1996,pfemale_ind,20001880,TRUE,0.722222222222222,0.7222222222222222,0.7222222222222222
wtu-1996,pfemale_ind,20001890,TRUE,0.473684210526316,0.47368421052631576,0.4736842105263158
wtu-1996,pfemale_ind,20001900,TRUE,0.666666666666667,0.6666666666666666,0.6666666666666666
wtu-1996,pfemale_ind,20001910,TRUE,0.526315789473684,0.5263157894736842,0.5263157894736842
wtu-1996,pfemale_ind,20001920,TRUE,0.375,0.375,0.375
wtu-1996,pfemale_ind,20001930,TRUE,0.473684210526316,0.47368421052631576,0.4736842105263158
wtu-1996,pfemale_ind,20001940,TRUE,0.421052631578947,0.42105263157894735,0.42105263157894735
wtu-1996,pfemale_ind,20001950,TRUE,0.526315789473684,0.5263157894736842,0.5263157894736842
wtu-1996,pfemale_ind,20001960,TRUE,0.611111111111111,0.6111111111111112,0.6111111111111112
wtu-1996,pfemale_ind,20001970,TRUE,0.5625,0.5625,0.5625
wtu-1996,pfemale_ind,20001980,TRUE,0.5,0.5,0.5
wtu-1996,pfemale_ind,20001990,TRUE,0.421052631578947,0.42105263157894735,0.42105263157894735
wtu-1996,pfemale_ind,20002000,TRUE,0.421052631578947,0.42105263157894735,0.42105263157894735
wtu-1996,pfemale_ind,20002010,TRUE,0.666666666666667,0.6666666666666666,0.6666666666666666
wtu-1996,pfemale_ind,20002020,TRUE,0.666666666666667,0.6666666666666666,0.6666666666666666
wtu-1996,pfemale_ind,20002030,TRUE,0.5,0.5,0.5
wtu-1996,pfemale_ind,20002040,TRUE,0.666666666666667,0.6666666666666666,0.6666666666666666
wtu-1996,pfemale_ind,20002050,TRUE,0.6,0.6,0.6
wtu-1996,pfemale_ind,20002060,TRUE,0.55,0.55,0.55
wtu-1996,pfemale_ind,20002070,TRUE,0.6,0.6,0.6
wtu-1996,pfemale_ind,20002080,TRUE,0.375,0.375,0.375
wtu-1996,pfemale_ind,20002090,TRUE,0.5625,0.5625,0.5625
wtu-1996,pfemale_ind,20002100,TRUE,0.722222222222222,0.7222222222222222,0.7222222222222222
wtu-1996,pfemale_ind,20002110,TRUE,0.6,0.6,0.6
wtu-1996,pfemale_ind,20002120,TRUE,0.611111111111111,0.6111111111111112,0.6111111111111112
wtu-1996,pfemale_ind,20002130,TRUE,0.473684210526316,0.47368421052631576,0.4736842105263158
wtu-1996,pfemale_ind,20002140,TRUE,0.5,0.5,0.5
wtu-1996,pfemale_ind,20002150,TRUE,0.5,0.5,0.5
wtu-1996,pfemale_ind,20002160,TRUE,0.5,0.5,0.5
wtu-1996,pfemale_ind,20002170,TRUE,0.5,0.5,0.5
wtu-1996,pfemale_ind,20002180,TRUE,0.5,0.5,0.5
wtu-1996,pfemale_ind,20002190,TRUE,0.722222222222222,0.7222222222222222,0.7222222222222222
wtu-1996,pfemale_ind,20002200,TRUE,0.4375,0.4375,0.4375
wtu-1996,pfemale_ind,20002210,TRUE,0.611111111111111,0.6111111111111112,0.6111111111111112
wtu-1996,pfemale_ind,20002220,TRUE,0.875,0.875,0.875
wtu-1996,pfemale_ind,20002230,TRUE,0.526315789473684,0.5263157894736842,0.5263157894736842
wtu-1996,pfemale_ind,20002240,TRUE,0.722222222222222,0.7222222222222222,0.7222222222222222
wtu-1996,pfemale_ind,20002250,TRUE,0.5,0.5,0.5
wtu-1996,pfemale_ind,20002260,TRUE,0.444444444444444,0.4444444444444444,0.4444444444444444
wtu-1996,pfemale_ind,20002270,TRUE,0.5,0.5,0.5
wtu-1996,pfemale_ind,20002280,TRUE,0.611111111111111,0.6111111111111112,0.6111111111111112
wtu-1996,pfemale_ind,20002290,TRUE,0.722222222222222,0.7222222222222222,0.7222222222222222
wtu-1996,pfemale_ind,20002300,TRUE,0.55,0.55,0.55
nic-1996,pfemale_ind,NA,TRUE,NA,NA,0.6923076923076923
nic-1996,pfemale_ind,10000080,TRUE,0.502222222222222,0.5022222222222222,0.5
nic-1996,pfemale_ind,10000100,TRUE,0.5625,0.5625,0.5625
nic-1996,pfemale_ind,10000110,TRUE,0.5625,0.5625,0.5625
nic-1996,pfemale_ind,10000130,TRUE,0.529411764705882,0.5294117647058824,0.5294117647058825
nic-1996,pfemale_ind,10000160,TRUE,0.647058823529412,0.6470588235294118,0.6470588235294118
nic-1996,pfemale_ind,10000250,TRUE,0.416666666666667,0.4166666666666667,0.41666666666666663
nic-1996,pfemale_ind,10000270,TRUE,0.647058823529412,0.6470588235294118,0.6470588235294118
nic-1996,pfemale_ind,10000310,TRUE,0.6,0.6,0.6
nic-1996,pfemale_ind,10000380,TRUE,0.414201183431953,0.4142011834319526,0.41666666666666663
nic-1996,pfemale_ind,10000400,TRUE,0.5625,0.5625,0.5625
nic-1996,pfemale_ind,10000440,TRUE,0.5,0.5,0.5
nic-1996,pfemale_ind,10000460,TRUE,NA,NA,0.42857142857142855
nic-1996,pfemale_ind,10000500,TRUE,0.625,0.625,0.625
nic-1996,pfemale_ind,10000510,TRUE,0.588235294117647,0.5882352941176471,0.588235294117647
nic-1996,pfemale_ind,10000520,TRUE,0.266666666666667,0.26666666666666666,0.2666666666666667
nic-1996,pfemale_ind,10000570,TRUE,0.466666666666667,0.4666666666666667,0.4666666666666667
nic-1996,pfemale_ind,10000571,TRUE,0.416666666666667,0.4166666666666667,0.41666666666666663
nic-1996,pfemale_ind,10000590,TRUE,0.625,0.625,0.625
nic-1996,pfemale_ind,10000610,TRUE,0.636363636363636,0.6363636363636364,0.6363636363636364
nic-1996,pfemale_ind,10000630,TRUE,0.625,0.625,0.625
nic-1996,pfemale_ind,10000650,TRUE,0.642857142857143,0.6428571428571429,0.6428571428571429
nic-1996,pfemale_ind,10000670,TRUE,0.588235294117647,0.5882352941176471,0.5882352941176471
nic-1996,pfemale_ind,10000710,TRUE,0.571428571428571,0.5714285714285714,0.5714285714285714
nic-1996,pfemale_ind,10000740,TRUE,0.647058823529412,0.6470588235294118,0.6470588235294118
nic-1996,pfemale_ind,10000760,TRUE,0.495867768595041,0.4958677685950413,0.5
nic-1996,pfemale_ind,10000800,TRUE,0.414201183431953,0.4142011834319526,0.41666666666666663
nic-1996,pfemale_ind,10000830,TRUE,0.642857142857143,0.6428571428571429,0.6428571428571429
nic-1996,pfemale_ind,10000840,TRUE,0.5,0.5,0.5
nic-1996,pfemale_ind,10000900,TRUE,0.538461538461538,0.5384615384615384,0.5384615384615384
nic-1996,pfemale_ind,10000920,TRUE,0.5,0.5,0.5
nic-1996,pfemale_ind,10000940,TRUE,0.5625,0.5625,0.5625
nic-1996,pfemale_ind,10000970,TRUE,0.4375,0.43749999999999994,0.4375
nic-1996,pfemale_ind,10001000,TRUE,0.428571428571429,0.42857142857142855,0.42857142857142855
nic-1996,pfemale_ind,10001030,TRUE,0.588235294117647,0.5882352941176471,0.588235294117647
nic-1996,pfemale_ind,10001070,TRUE,0.529411764705882,0.5294117647058824,0.5294117647058825
nic-1996,pfemale_ind,10001130,TRUE,0.647058823529412,0.6470588235294118,0.6470588235294118
nic-1996,pfemale_ind,10001140,TRUE,0.43598615916955,0.4359861591695502,0.4375
nic-1996,pfemale_ind,10001150,TRUE,0.502222222222222,0.5022222222222222,0.5
nic-1996,pfemale_ind,10001170,TRUE,0.459183673469388,0.4591836734693877,0.4615384615384616
nic-1996,pfemale_ind,10001180,TRUE,0.588235294117647,0.5882352941176471,0.588235294117647
nic-1996,pfemale_ind,10001190,TRUE,0.642857142857143,0.6428571428571429,0.6428571428571428
nic-1996,pfemale_ind,10001220,TRUE,0.5,0.5,0.5
nic-1996,pfemale_ind,10001230,TRUE,0.352941176470588,0.3529411764705883,0.3529411764705882
nic-1996,pfemale_ind,10001250,TRUE,0.588235294117647,0.5882352941176471,0.588235294117647
nic-1996,pfemale_ind,10001300,TRUE,0.333333333333333,0.3333333333333333,0.33333333333333337
nic-1996,pfemale_ind,10001320,TRUE,0.495867768595041,0.4958677685950413,0.5
nic-1996,pfemale_ind,10001400,TRUE,0.6,0.6,0.6
nic-1996,pfemale_ind,10001420,TRUE,0.5,0.49999999999999994,0.5
nic-1996,pfemale_ind,10001470,TRUE,0.43598615916955,0.4359861591695502,0.4375
nic-1996,pfemale_ind,10001520,TRUE,0.6,0.6,0.6
nic-1996,pfemale_ind,10001540,TRUE,0.625,0.625,0.625
nic-1996,pfemale_ind,10001560,TRUE,0.666666666666667,0.6666666666666666,0.6666666666666667
nic-1996,pfemale_ind,10001570,TRUE,0.502222222222222,0.5022222222222222,0.5
nic-1996,pfemale_ind,10001590,TRUE,0.5,0.5,0.5
nic-1996,pfemale_ind,10001620,TRUE,0.5,0.5,0.5
nic-1996,pfemale_ind,10001820,TRUE,0.5625,0.5625,0.5625
nic-1996,pfemale_ind,10001860,TRUE,0.43598615916955,0.4359861591695502,0.4375
nic-1996,pfemale_ind,10001870,TRUE,0.529411764705882,0.5294117647058824,0.5294117647058824
nic-1996,pfemale_ind,10001880,TRUE,0.745562130177515,0.7455621301775147,0.75
nic-1996,pfemale_ind,10001890,TRUE,0.466666666666667,0.4666666666666667,0.4666666666666667
nic-1996,pfemale_ind,10001900,TRUE,0.416666666666667,0.4166666666666667,0.41666666666666663
nic-1996,pfemale_ind,10001950,TRUE,0.642857142857143,0.6428571428571429,0.6428571428571428
nic-1996,pfemale_ind,10001960,TRUE,0.266666666666667,0.26666666666666666,0.2666666666666667
nic-1996,pfemale_ind,10002060,TRUE,0.668639053254438,0.6686390532544378,0.6666666666666666
nic-1996,pfemale_ind,10002070,TRUE,0.352941176470588,0.3529411764705883,0.3529411764705882
nic-1996,pfemale_ind,10002100,TRUE,0.668639053254438,0.6686390532544378,0.6666666666666666
nic-1996,pfemale_ind,10002120,TRUE,0.466666666666667,0.4666666666666667,0.4666666666666667
nic-1996,pfemale_ind,10002170,TRUE,0.636363636363636,0.6363636363636364,0.6363636363636364
nic-1996,pfemale_ind,10002180,TRUE,0.459183673469388,0.4591836734693877,0.4615384615384616
nic-1996,pfemale_ind,10002330,TRUE,0.714285714285714,0.7142857142857143,0.7142857142857143
nic-1996,pfemale_ind,10002350,TRUE,0.466666666666667,0.4666666666666667,0.4666666666666667
nic-1996,pfemale_ind,10002410,TRUE,0.714285714285714,0.7142857142857143,0.7142857142857143
nic-1996,pfemale_ind,10002420,TRUE,0.625,0.625,0.625
nic-1996,pfemale_ind,10002490,TRUE,0.636363636363636,0.6363636363636364,0.6363636363636364
nic-1996,pfemale_ind,10002500,TRUE,0.615384615384615,0.6153846153846154,0.6153846153846154
nic-1996,pfemale_ind,10002530,TRUE,0.337278106508876,0.3372781065088758,0.33333333333333337
nic-1996,pfemale_ind,10002570,TRUE,0.411764705882353,0.411764705882353,0.41176470588235303
nic-1996,pfemale_ind,10002620,TRUE,0.387755102040816,0.38775510204081626,0.38461538461538464
nic-1996,pfemale_ind,10002640,TRUE,0.333333333333333,0.3333333333333333,0.33333333333333337
nic-1996,pfemale_ind,10002720,TRUE,0.625,0.625,0.625
nic-1996,pfemale_ind,10002730,TRUE,0.625,0.625,0.625
nic-1996,pfemale_ind,10002770,TRUE,0.714285714285714,0.7142857142857143,0.7142857142857143
nic-1996,pfemale_ind,10002780,TRUE,0.666666666666667,0.6666666666666666,0.6666666666666666
nic-1996,pfemale_ind,10002800,TRUE,0.5,0.49999999999999994,0.5
nic-1996,pfemale_ind,10002810,TRUE,0.588235294117647,0.5882352941176471,0.588235294117647
nic-1996,pfemale_ind,10002820,TRUE,0.588235294117647,0.5882352941176471,0.5882352941176471
nic-1996,pfemale_ind,10002830,TRUE,0.43598615916955,0.4359861591695502,0.4375
nic-1996,pfemale_ind,10002870,TRUE,0.416666666666667,0.4166666666666667,0.41666666666666663
nic-1996,pfemale_ind,10002890,TRUE,0.647058823529412,0.6470588235294118,0.6470588235294118
nic-1996,pfemale_ind,10002940,TRUE,0.6,0.6,0.6
nic-1996,pfemale_ind,10003000,TRUE,0.6,0.6,0.6
nic-1996,pfemale_ind,10003020,TRUE,0.588235294117647,0.5882352941176471,0.5882352941176471
nic-1996,pfemale_ind,10003090,TRUE,0.352941176470588,0.3529411764705883,0.3529411764705882
nic-1996,pfemale_ind,10003120,TRUE,0.588235294117647,0.5882352941176471,0.5882352941176471
nic-1996,pfemale_ind,10003130,TRUE,0.40495867768595,0.4049586776859504,0.4
nic-1996,pfemale_ind,10003150,TRUE,0.529411764705882,0.5294117647058824,0.5294117647058824
nic-1996,pfemale_ind,10003260,TRUE,0.642857142857143,0.6428571428571429,0.6428571428571429
nic-1996,pfemale_ind,10003270,TRUE,0.502222222222222,0.5022222222222222,0.5
nic-1996,pfemale_ind,10003290,TRUE,0.615384615384615,0.6153846153846154,0.6153846153846154
nic-1996,pfemale_ind,10003330,TRUE,0.714285714285714,0.7142857142857143,0.7142857142857143
nic-1996,pfemale_ind,10003340,TRUE,0.266666666666667,0.26666666666666666,0.2666666666666667
nic-1996,pfemale_ind,10003350,TRUE,0.642857142857143,0.6428571428571429,0.6428571428571429
nic-1996,pfemale_ind,10003400,TRUE,0.4375,0.43749999999999994,0.4375
nic-1996,pfemale_ind,10003410,TRUE,0.43598615916955,0.4359861591695502,0.4375
nic-1996,pfemale_ind,10003430,TRUE,0.647058823529412,0.6470588235294118,0.6470588235294118
nic-1996,pfemale_ind,10003440,TRUE,0.538461538461538,0.5384615384615384,0.5384615384615384
nic-1996,pfemale_ind,10003460,TRUE,0.588235294117647,0.5882352941176471,0.5882352941176471
nic-1996,pfemale_ind,10003500,TRUE,0.533333333333333,0.5333333333333333,0.5333333333333333
nic-1996,pfemale_ind,10003520,TRUE,0.5,0.5,0.5
nic-1996,pfemale_ind,10003580,TRUE,0.416666666666667,0.4166666666666667,0.41666666666666663
nic-1996,pfemale_ind,10003610,TRUE,0.625,0.625,0.625
nic-1996,pfemale_ind,10003620,TRUE,0.266666666666667,0.26666666666666666,0.2666666666666667
nic-1996,pfemale_ind,10003660,TRUE,0.529411764705882,0.5294117647058824,0.5294117647058824
nic-1996,pfemale_ind,10003690,TRUE,0.642857142857143,0.6428571428571429,0.6428571428571429
nic-1996,pfemale_ind,10003710,TRUE,0.25,0.25,0.25
nic-1996,pfemale_ind,10003870,TRUE,0.411764705882353,0.411764705882353,0.41176470588235303
nic-1996,pfemale_ind,10003880,TRUE,0.4375,0.43749999999999994,0.4375
nic-1996,pfemale_ind,10003900,TRUE,0.571428571428571,0.5714285714285714,0.5714285714285714
nic-1996,pfemale_ind,10003930,TRUE,0.466666666666667,0.4666666666666667,0.4666666666666667
nic-1996,pfemale_ind,10004040,TRUE,0.352941176470588,0.3529411764705883,0.3529411764705882
nic-1996,pfemale_ind,10004080,TRUE,0.571428571428571,0.5714285714285714,0.5714285714285714
nic-1996,pfemale_ind,10004110,TRUE,0.387755102040816,0.38775510204081626,0.38461538461538464
nic-1996,pfemale_ind,10004150,TRUE,0.6,0.6,0.6
nic-1996,pfemale_ind,10004160,TRUE,0.647058823529412,0.6470588235294118,0.6470588235294118
nic-1996,pfemale_ind,10004230,TRUE,0.642857142857143,0.6428571428571429,0.6428571428571428
nic-1996,pfemale_ind,10004250,TRUE,0.5,0.5,0.5
nic-1996,pfemale_ind,10004270,TRUE,0.411764705882353,0.411764705882353,0.411764705882353
nic-1996,pfemale_ind,10004280,TRUE,0.333333333333333,0.3333333333333333,0.33333333333333337
nic-1996,pfemale_ind,10004330,TRUE,0.495867768595041,0.4958677685950413,0.5
nic-1996,pfemale_ind,10004340,TRUE,0.666666666666667,0.6666666666666666,0.6666666666666666
nic-1996,pfemale_ind,10004380,TRUE,0.6,0.6,0.6
nic-1996,pfemale_ind,10004420,TRUE,0.5,0.5,0.5
nic-1996,pfemale_ind,10004460,TRUE,0.459183673469388,0.4591836734693877,0.4615384615384616
nic-1996,pfemale_ind,10004540,TRUE,0.647058823529412,0.6470588235294118,0.6470588235294118
nic-1996,pfemale_ind,10004630,TRUE,0.642857142857143,0.6428571428571429,0.6428571428571429
nic-1996,pfemale_ind,10004660,TRUE,0.6,0.6,0.6
nic-1996,pfemale_ind,10004670,TRUE,NA,NA,0.5333333333333333
nic-1996,pfemale_ind,10004690,TRUE,0.6,0.6,0.6
nic-1996,pfemale_ind,10004700,TRUE,0.568888888888889,0.5688888888888889,0.5714285714285714
nic-1996,pfemale_ind,10004710,TRUE,0.414201183431953,0.4142011834319526,0.41666666666666663
nic-1996,pfemale_ind,10004720,TRUE,0.5,0.5,0.5
nic-1996,pfemale_ind,10004760,TRUE,0.571428571428571,0.5714285714285714,0.5714285714285714
nic-1996,pfemale_ind,10004850,TRUE,0.5,0.5,0.5
nic-1996,pfemale_ind,10004860,TRUE,0.5,0.5,0.5
nic-1996,pfemale_ind,10004930,TRUE,0.5625,0.5625,0.5625
nic-1996,pfemale_ind,10004970,TRUE,0.5625,0.5625,0.5625
nic-1996,pfemale_ind,10004980,TRUE,0.414201183431953,0.4142011834319526,0.41666666666666663
nic-1996,pfemale_ind,10005000,TRUE,0.668639053254438,0.6686390532544378,0.6666666666666666
nic-1996,pfemale_ind,10005010,TRUE,0.5,0.5,0.5
nic-1996,pfemale_ind,10005030,TRUE,0.411764705882353,0.411764705882353,0.411764705882353
nic-1996,pfemale_ind,10005040,TRUE,0.533333333333333,0.5333333333333333,0.5333333333333333
nic-1996,pfemale_ind,10005050,TRUE,0.588235294117647,0.5882352941176471,0.5882352941176471
nic-1996,pfemale_ind,10005150,TRUE,0.615384615384615,0.6153846153846154,0.6153846153846154
nic-1996,pfemale_ind,10005160,TRUE,0.642857142857143,0.6428571428571429,0.6428571428571428
nic-1996,pfemale_ind,10005180,TRUE,0.571428571428571,0.5714285714285714,0.5714285714285714
nic-1996,pfemale_ind,10005260,TRUE,0.666666666666667,0.6666666666666666,0.6666666666666666
nic-1996,pfemale_ind,10005270,TRUE,0.588235294117647,0.5882352941176471,0.5882352941176471
nic-1996,pfemale_ind,10005360,TRUE,0.352941176470588,0.3529411764705883,0.3529411764705882
nic-1996,pfemale_ind,10005400,TRUE,0.411764705882353,0.411764705882353,0.411764705882353
nic-1996,pfemale_ind,10005410,TRUE,0.495867768595041,0.4958677685950413,0.5
nic-1996,pfemale_ind,10005420,TRUE,0.5625,0.5625,0.5625
nic-1996,pfemale_ind,10005430,TRUE,0.668639053254438,0.6686390532544378,0.6666666666666666
nic-1996,pfemale_ind,10005440,TRUE,0.745562130177515,0.7455621301775147,0.75
nic-1996,pfemale_ind,10005450,TRUE,0.333333333333333,0.3333333333333333,0.33333333333333337
nic-1996,pfemale_ind,10005460,TRUE,0.6,0.6,0.6
nic-1996,pfemale_ind,10005580,TRUE,0.6,0.6,0.6
nic-1996,pfemale_ind,10005650,TRUE,0.642857142857143,0.6428571428571429,0.6428571428571429
nic-1996,pfemale_ind,10005691,TRUE,0.5,0.5,0.5
nic-1996,pfemale_ind,10005730,TRUE,0.568888888888889,0.5688888888888889,0.5714285714285714
nic-1996,pfemale_ind,10005800,TRUE,0.666666666666667,0.6666666666666666,0.6666666666666666
nic-1996,pfemale_ind,10005810,TRUE,0.666666666666667,0.6666666666666666,0.6666666666666667
nic-1996,pfemale_ind,10005820,TRUE,0.538461538461538,0.5384615384615384,0.5384615384615384
nic-1996,pfemale_ind,10005830,TRUE,0.538461538461538,0.5384615384615384,0.5384615384615384
nic-1996,pfemale_ind,10005840,TRUE,0.588235294117647,0.5882352941176471,0.588235294117647
nic-1996,pfemale_ind,10005850,TRUE,0.568888888888889,0.5688888888888889,0.5714285714285714
nic-1996,pfemale_ind,10005860,TRUE,0.533333333333333,0.5333333333333333,0.5333333333333333
nic-1996,pfemale_ind,10005890,TRUE,0.533333333333333,0.5333333333333333,0.5333333333333333
nic-1996,pfemale_ind,10005920,TRUE,0.588235294117647,0.5882352941176471,0.588235294117647
nic-1996,pfemale_ind,10005930,TRUE,0.5,0.5,0.5
nic-1996,pfemale_ind,10005960,TRUE,0.266666666666667,0.26666666666666666,0.2666666666666667
nic-1996,pfemale_ind,10006040,TRUE,0.642857142857143,0.6428571428571429,0.6428571428571429
nic-1996,pfemale_ind,10006070,TRUE,0.6,0.6,0.6
nic-1996,pfemale_ind,10006110,TRUE,0.502222222222222,0.5022222222222222,0.5
nic-1996,pfemale_ind,10006200,TRUE,0.727272727272727,0.7272727272727273,0.7272727272727273
nic-1996,pfemale_ind,10006220,TRUE,0.529411764705882,0.5294117647058824,0.5294117647058824
nic-1996,pfemale_ind,10006280,TRUE,0.6,0.6,0.6
nic-1996,pfemale_ind,10006310,TRUE,0.571428571428571,0.5714285714285714,0.5714285714285714
nic-1996,pfemale_ind,10006320,TRUE,0.5,0.49999999999999994,0.5
nic-1996,pfemale_ind,10006330,TRUE,0.502222222222222,0.5022222222222222,0.5
nic-1996,pfemale_ind,10006340,TRUE,0.43598615916955,0.4359861591695502,0.4375
nic-1996,pfemale_ind,10006350,TRUE,0.414201183431953,0.4142011834319526,0.41666666666666663
nic-1996,pfemale_ind,10006360,TRUE,0.428571428571429,0.42857142857142855,0.42857142857142855
nic-1996,pfemale_ind,10006390,TRUE,0.266666666666667,0.26666666666666666,0.2666666666666667
nic-1996,pfemale_ind,10006400,TRUE,0.588235294117647,0.5882352941176471,0.5882352941176471
nic-1996,pfemale_ind,10006430,TRUE,0.5,0.5,0.5
nic-1996,pfemale_ind,10006500,TRUE,0.5,0.5,0.5
nic-1996,pfemale_ind,10006510,TRUE,0.642857142857143,0.6428571428571429,0.6428571428571429
nic-1996,pfemale_ind,10006540,TRUE,0.5,0.5,0.5
nic-1996,pfemale_ind,10006580,TRUE,0.5,0.5,0.5
nic-1996,pfemale_ind,10006620,TRUE,0.727272727272727,0.7272727272727273,0.7272727272727273
nic-1996,pfemale_ind,10006660,TRUE,0.571428571428571,0.5714285714285714,0.5714285714285714
nic-1996,pfemale_ind,10006700,TRUE,0.625,0.625,0.625
nic-1996,pfemale_ind,10006710,TRUE,0.642857142857143,0.6428571428571429,0.6428571428571428
nic-1996,pfemale_ind,10006740,TRUE,0.588235294117647,0.5882352941176471,0.5882352941176471
nic-1996,pfemale_ind,10006760,TRUE,0.4375,0.43749999999999994,0.4375
nic-1996,pfemale_ind,10006780,TRUE,0.6,0.6,0.6
nic-1996,pfemale_ind,10006790,TRUE,0.5,0.5,0.5
nic-1996,pfemale_ind,10006800,TRUE,0.352941176470588,0.3529411764705883,0.3529411764705882
nic-1996,pfemale_ind,10006880,TRUE,0.5625,0.5625,0.5625
nic-1996,pfemale_ind,10006900,TRUE,0.745562130177515,0.7455621301775147,0.75
nic-1996,pfemale_ind,10006920,TRUE,0.43598615916955,0.4359861591695502,0.4375
nic-1996,pfemale_ind,10006930,TRUE,0.588235294117647,0.5882352941176471,0.5882352941176471
nic-1996,pfemale_ind,10006960,TRUE,0.642857142857143,0.6428571428571429,0.6428571428571429
nic-1996,pfemale_ind,10007010,TRUE,0.5,0.5,0.5
nic-1996,pfemale_ind,10007140,TRUE,0.416666666666667,0.4166666666666667,0.41666666666666663
nic-1996,pfemale_ind,10007160,TRUE,0.5,0.5,0.5
nic-1996,pfemale_ind,10007170,TRUE,0.666666666666667,0.6666666666666666,0.6666666666666666
nic-1996,pfemale_ind,10007180,TRUE,0.2,0.2,0.20000000000000004
nic-1996,pfemale_ind,10007190,TRUE,0.568888888888889,0.5688888888888889,0.5714285714285714
nic-1996,pfemale_ind,10007210,TRUE,0.414201183431953,0.4142011834319526,0.41666666666666663
nic-1996,pfemale_ind,10007220,TRUE,0.459183673469388,0.4591836734693877,0.4615384615384616
nic-1996,pfemale_ind,10007250,TRUE,0.337278106508876,0.3372781065088758,0.33333333333333337
nic-1996,pfemale_ind,10007390,TRUE,0.5625,0.5625,0.5625
nic-1996,pfemale_ind,10007410,TRUE,0.4375,0.43749999999999994,0.4375
nic-1996,pfemale_ind,10007430,TRUE,0.588235294117647,0.5882352941176471,0.5882352941176471
nic-1996,pfemale_ind,10007450,TRUE,0.5625,0.5625,0.5625
nic-1996,pfemale_ind,10007471,TRUE,0.625,0.625,0.625
nic-1996,pfemale_ind,10007520,TRUE,0.668639053254438,0.6686390532544378,0.6666666666666666
nic-1996,pfemale_ind,10007570,TRUE,0.727272727272727,0.7272727272727273,0.7272727272727273
nic-1996,pfemale_ind,10007580,TRUE,0.714285714285714,0.7142857142857143,0.7142857142857143
nic-1996,pfemale_ind,10007590,TRUE,0.459183673469388,0.4591836734693877,0.4615384615384616
nic-1996,pfemale_ind,10007620,TRUE,0.5,0.5,0.5
nic-1996,pfemale_ind,10007640,TRUE,0.5625,0.5625,0.5625
nic-1996,pfemale_ind,10007710,TRUE,0.571428571428571,0.5714285714285714,0.5714285714285714
nic-1996,pfemale_ind,10007720,TRUE,0.5625,0.5625,0.5625
nic-1996,pfemale_ind,10007730,TRUE,0.5625,0.5625,0.5625
nic-1996,pfemale_ind,10007750,TRUE,0.5,0.5,0.5
nic-1996,pfemale_ind,10007760,TRUE,0.571428571428571,0.5714285714285714,0.5714285714285714
nic-1996,pfemale_ind,10007780,TRUE,0.642857142857143,0.6428571428571429,0.6428571428571428
nic-1996,pfemale_ind,10007840,TRUE,0.647058823529412,0.6470588235294118,0.6470588235294118
nic-1996,pfemale_ind,10007860,TRUE,0.588235294117647,0.5882352941176471,0.588235294117647
nic-1996,pfemale_ind,10007960,TRUE,0.387755102040816,0.38775510204081626,0.38461538461538464
nic-1996,pfemale_ind,10008030,TRUE,0.642857142857143,0.6428571428571429,0.6428571428571429
nic-1996,pfemale_ind,10008050,TRUE,0.588235294117647,0.5882352941176471,0.5882352941176471
nic-1996,pfemale_ind,10008060,TRUE,0.615384615384615,0.6153846153846154,0.6153846153846154
nic-1996,pfemale_ind,10008070,TRUE,0.357142857142857,0.35714285714285715,0.3571428571428571
nic-1996,pfemale_ind,10008080,TRUE,0.40495867768595,0.4049586776859504,0.4
nic-1996,pfemale_ind,10008090,TRUE,0.266666666666667,0.26666666666666666,0.2666666666666667
nic-1996,pfemale_ind,10008110,TRUE,0.642857142857143,0.6428571428571429,0.6428571428571429
nic-1996,pfemale_ind,10008120,TRUE,0.588235294117647,0.5882352941176471,0.588235294117647
nic-1996,pfemale_ind,10008130,TRUE,0.4375,0.43749999999999994,0.4375
nic-1996,pfemale_ind,10008150,TRUE,0.538461538461538,0.5384615384615384,0.5384615384615384
nic-1996,pfemale_ind,10008210,TRUE,0.377162629757785,0.3771626297577855,0.375
nic-1996,pfemale_ind,10008220,TRUE,0.459183673469388,0.4591836734693877,0.4615384615384616
nic-1996,pfemale_ind,10008240,TRUE,0.428571428571429,0.42857142857142855,0.42857142857142855
nic-1996,pfemale_ind,10008260,TRUE,0.714285714285714,0.7142857142857143,0.7142857142857143
nic-1996,pfemale_ind,10008310,TRUE,0.266666666666667,0.26666666666666666,0.2666666666666667
nic-1996,pfemale_ind,10008320,TRUE,0.538461538461538,0.5384615384615384,0.5384615384615384
nic-1996,pfemale_ind,10008350,TRUE,0.529411764705882,0.5294117647058824,0.5294117647058824
nic-1996,pfemale_ind,10008380,TRUE,0.714285714285714,0.7142857142857143,0.7142857142857143
nic-1996,pfemale_ind,10008400,TRUE,0.5,0.49999999999999994,0.5
nic-1996,pfemale_ind,10008420,TRUE,0.377162629757785,0.3771626297577855,0.375
nic-1996,pfemale_ind,10008430,TRUE,0.642857142857143,0.6428571428571429,0.6428571428571428
nic-1996,pfemale_ind,10008440,TRUE,0.5625,0.5625,0.5625
nic-1996,pfemale_ind,10008450,TRUE,0.352941176470588,0.3529411764705883,0.3529411764705882
nic-1996,pfemale_ind,10008451,TRUE,0.357142857142857,0.35714285714285715,0.3571428571428571
nic-1996,pfemale_ind,10008460,TRUE,0.529411764705882,0.5294117647058824,0.5294117647058824
nic-1996,pfemale_ind,10008580,TRUE,0.411764705882353,0.411764705882353,0.411764705882353
nic-1996,pfemale_ind,10008590,TRUE,0.25,0.25,0.25
nic-1996,pfemale_ind,10008640,TRUE,0.529411764705882,0.5294117647058824,0.5294117647058824
nic-1996,pfemale_ind,10008660,TRUE,0.529411764705882,0.5294117647058824,0.5294117647058824
nic-1996,pfemale_ind,10008690,TRUE,0.2,0.2,0.20000000000000004
nic-1996,pfemale_ind,10008710,TRUE,0.416666666666667,0.4166666666666667,0.41666666666666663
nic-1996,pfemale_ind,10008740,TRUE,0.337278106508876,0.3372781065088758,0.33333333333333337
nic-1996,pfemale_ind,10008750,TRUE,0.40495867768595,0.4049586776859504,0.4
nic-1996,pfemale_ind,10008780,TRUE,0.5625,0.5625,0.5625
nic-1996,pfemale_ind,10008840,TRUE,0.411764705882353,0.411764705882353,0.411764705882353
nic-1996,pfemale_ind,10008890,TRUE,0.6,0.6,0.6
nic-1996,pfemale_ind,10008930,TRUE,0.25,0.25,0.25
nic-1996,pfemale_ind,10008940,TRUE,0.466666666666667,0.4666666666666667,0.4666666666666666
nic-1996,pfemale_ind,10009000,TRUE,0.727272727272727,0.7272727272727273,0.7272727272727273
nic-1996,pfemale_ind,10009030,TRUE,0.4375,0.43749999999999994,0.4375
nic-1996,pfemale_ind,10009090,TRUE,0.5625,0.5625,0.5625
nic-1996,pfemale_ind,10009150,TRUE,0.5625,0.5625,0.5625
nic-1996,pfemale_ind,10009180,TRUE,0.333333333333333,0.3333333333333333,0.33333333333333337
nic-1996,pfemale_ind,10009251,TRUE,0.43598615916955,0.4359861591695502,0.4375
nic-1996,pfemale_ind,10009390,TRUE,0.571428571428571,0.5714285714285714,0.5714285714285714
nic-1996,pfemale_ind,10009440,TRUE,0.5,0.5,0.5
nic-1996,pfemale_ind,10009460,TRUE,0.5625,0.5625,0.5625
nic-1996,pfemale_ind,10009520,TRUE,0.5625,0.5625,0.5625
nic-1996,pfemale_ind,10009530,TRUE,0.5,0.5,0.5
nic-1996,pfemale_ind,10009590,TRUE,0.588235294117647,0.5882352941176471,0.5882352941176471
nic-1996,pfemale_ind,10009630,TRUE,0.714285714285714,0.7142857142857143,0.7142857142857143
nic-1996,pfemale_ind,10009650,TRUE,0.588235294117647,0.5882352941176471,0.5882352941176471
nic-1996,pfemale_ind,10009670,TRUE,0.588235294117647,0.5882352941176471,0.5882352941176471
nic-1996,pfemale_ind,10009750,TRUE,0.428571428571429,0.42857142857142855,0.42857142857142855
nic-1996,pfemale_ind,10009810,TRUE,0.714285714285714,0.7142857142857143,0.7142857142857143
nic-1996,pfemale_ind,10009840,TRUE,0.571428571428571,0.5714285714285714,0.5714285714285714
nic-1996,pfemale_ind,10009870,TRUE,0.377162629757785,0.3771626297577855,0.375
nic-1996,pfemale_ind,10009970,TRUE,0.588235294117647,0.5882352941176471,0.5882352941176471
nic-1996,pfemale_ind,10009990,TRUE,0.588235294117647,0.5882352941176471,0.5882352941176471
nic-1996,pfemale_ind,10010000,TRUE,0.714285714285714,0.7142857142857143,0.7142857142857143
nic-1996,pfemale_ind,10010030,TRUE,0.5625,0.5625,0.5625
nic-1996,pfemale_ind,10010060,TRUE,0.588235294117647,0.5882352941176471,0.5882352941176471
nic-1996,pfemale_ind,10010080,TRUE,NA,NA,0.38461538461538464
nic-1996,pfemale_ind,10010110,TRUE,0.411764705882353,0.411764705882353,0.411764705882353
nic-1996,pfemale_ind,10010120,TRUE,0.333333333333333,0.3333333333333333,0.33333333333333337
nic-1996,pfemale_ind,10010140,TRUE,0.588235294117647,0.5882352941176471,0.5882352941176471
nic-1996,pfemale_ind,10010160,TRUE,0.529411764705882,0.5294117647058824,0.5294117647058824
nic-1996,pfemale_ind,10010180,TRUE,0.6,0.6,0.6
nic-1996,pfemale_ind,10010200,TRUE,0.5,0.5,0.5
nic-1996,pfemale_ind,10010210,TRUE,0.5625,0.5625,0.5625
nic-1996,pfemale_ind,10010220,TRUE,0.666666666666667,0.6666666666666666,0.6666666666666666
nic-1996,pfemale_ind,10010230,TRUE,0.568888888888889,0.5688888888888889,0.5714285714285714
nic-1996,pfemale_ind,10010250,TRUE,0.416666666666667,0.4166666666666667,0.41666666666666663
nic-1996,pfemale_ind,10010280,TRUE,0.5,0.5,0.5
nic-1996,pfemale_ind,10010330,TRUE,0.466666666666667,0.4666666666666667,0.4666666666666666
nic-1996,pfemale_ind,10010340,TRUE,0.647058823529412,0.6470588235294118,0.6470588235294118
nic-1996,pfemale_ind,10010360,TRUE,0.5,0.5,0.5
nic-1996,pfemale_ind,10010390,TRUE,0.666666666666667,0.6666666666666666,0.6666666666666666
nic-1996,pfemale_ind,10010520,TRUE,0.414201183431953,0.4142011834319526,0.41666666666666663
nic-1996,pfemale_ind,10010550,TRUE,0.642857142857143,0.6428571428571429,0.6428571428571429
nic-1996,pfemale_ind,10010580,TRUE,0.2,0.2,0.20000000000000004
nic-1996,pfemale_ind,10010600,TRUE,0.668639053254438,0.6686390532544378,0.6666666666666666
nic-1996,pfemale_ind,10010620,TRUE,0.529411764705882,0.5294117647058824,0.5294117647058824
nic-1996,pfemale_ind,10010630,TRUE,0.533333333333333,0.5333333333333333,0.5333333333333333
nic-1996,pfemale_ind,10010640,TRUE,0.5,0.5,0.5
nic-1996,pfemale_ind,10010650,TRUE,0.636363636363636,0.6363636363636364,0.6363636363636364
nic-1996,pfemale_ind,10010660,TRUE,0.625,0.625,0.625
nic-1996,pfemale_ind,10010690,TRUE,0.6,0.6,0.6
nic-1996,pfemale_ind,10010700,TRUE,0.502222222222222,0.5022222222222222,0.5
nic-1996,pfemale_ind,10010710,TRUE,0.5,0.5,0.5
nic-1996,pfemale_ind,10010720,TRUE,0.5,0.5,0.5
nic-1996,pfemale_ind,10010730,TRUE,0.25,0.25,0.25
nic-1996,pfemale_ind,10010760,TRUE,0.568888888888889,0.5688888888888889,0.5714285714285714
nic-1996,pfemale_ind,10010770,TRUE,0.495867768595041,0.4958677685950413,0.5
nic-1996,pfemale_ind,10010850,TRUE,0.571428571428571,0.5714285714285714,0.5714285714285714
nic-1996,pfemale_ind,10010870,TRUE,0.588235294117647,0.5882352941176471,0.588235294117647
nic-1996,pfemale_ind,10010960,TRUE,0.714285714285714,0.7142857142857143,0.7142857142857143
nic-1996,pfemale_ind,10011020,TRUE,0.5625,0.5625,0.5625
nic-1996,pfemale_ind,10011030,TRUE,0.529411764705882,0.5294117647058824,0.5294117647058824
nic-1996,pfemale_ind,10011040,TRUE,0.625,0.625,0.625
nic-1996,pfemale_ind,10011120,TRUE,0.502222222222222,0.5022222222222222,0.5
nic-1996,pfemale_ind,10011130,TRUE,0.416666666666667,0.4166666666666667,0.41666666666666663
nic-1996,pfemale_ind,10011150,TRUE,0.745562130177515,0.7455621301775147,0.75
nic-1996,pfemale_ind,10011180,TRUE,0.538461538461538,0.5384615384615384,0.5384615384615384
nic-1996,pfemale_ind,10011200,TRUE,0.615384615384615,0.6153846153846154,0.6153846153846154
nic-1996,pfemale_ind,10011210,TRUE,0.5,0.5,0.5
nic-1996,pfemale_ind,10011220,TRUE,0.466666666666667,0.4666666666666667,0.4666666666666666
nic-1996,pfemale_ind,10011230,TRUE,0.636363636363636,0.6363636363636364,0.6363636363636364
nic-1996,pfemale_ind,10011240,TRUE,0.6,0.6,0.6
nic-1996,pfemale_ind,10011310,TRUE,0.5625,0.5625,0.5625
nic-1996,pfemale_ind,10011320,TRUE,0.428571428571429,0.42857142857142855,0.42857142857142855
nic-1996,pfemale_ind,10011330,TRUE,0.529411764705882,0.5294117647058824,0.5294117647058824
nic-1996,pfemale_ind,10011370,TRUE,0.416666666666667,0.4166666666666667,0.41666666666666663
nic-1996,pfemale_ind,10011430,TRUE,0.5,0.5,0.5
nic-1996,pfemale_ind,10011440,TRUE,0.266666666666667,0.26666666666666666,0.2666666666666667
nic-1996,pfemale_ind,10011450,TRUE,0.642857142857143,0.6428571428571429,0.6428571428571429
nic-1996,pfemale_ind,10011470,TRUE,0.428571428571429,0.42857142857142855,0.42857142857142855
nic-1996,pfemale_ind,10011490,TRUE,0.588235294117647,0.5882352941176471,0.5882352941176471
nic-1996,pfemale_ind,10011500,TRUE,0.428571428571429,0.42857142857142855,0.42857142857142855
nic-1996,pfemale_ind,10011510,TRUE,0.642857142857143,0.6428571428571429,0.6428571428571429
nic-1996,pfemale_ind,10011520,TRUE,0.266666666666667,0.26666666666666666,0.2666666666666667
nic-1996,pfemale_ind,10011550,TRUE,0.642857142857143,0.6428571428571429,0.6428571428571429
nic-1996,pfemale_ind,10011560,TRUE,0.495867768595041,0.4958677685950413,0.5
nic-1996,pfemale_ind,10011580,TRUE,0.4375,0.43749999999999994,0.4375
nic-1996,pfemale_ind,10011630,TRUE,0.266666666666667,0.26666666666666666,0.2666666666666667
nic-1996,pfemale_ind,10011650,TRUE,0.642857142857143,0.6428571428571429,0.6428571428571429
nic-1996,pfemale_ind,10011660,TRUE,0.5,0.49999999999999994,0.5
nic-1996,pfemale_ind,10011680,TRUE,NA,NA,0.411764705882353
nic-1996,pfemale_ind,10011740,TRUE,0.416666666666667,0.4166666666666667,0.41666666666666663
nic-1996,pfemale_ind,10011900,TRUE,0.5,0.49999999999999994,0.5
nic-1996,pfemale_ind,10011960,TRUE,0.588235294117647,0.5882352941176471,0.5882352941176471
nic-1996,pfemale_ind,10012080,TRUE,0.337278106508876,0.3372781065088758,0.33333333333333337
nic-1996,pfemale_ind,10012090,TRUE,0.377162629757785,0.3771626297577855,0.375
nic-1996,pfemale_ind,10012092,TRUE,0.625,0.625,0.625
nic-1996,pfemale_ind,10012120,TRUE,0.642857142857143,0.6428571428571429,0.6428571428571429
nic-1996,pfemale_ind,10012140,TRUE,0.571428571428571,0.5714285714285714,0.5714285714285714
nic-1996,pfemale_ind,10012170,TRUE,0.538461538461538,0.5384615384615384,0.5384615384615384
nic-1996,pfemale_ind,10012200,TRUE,0.387755102040816,0.38775510204081626,0.38461538461538464
nic-1996,pfemale_ind,10012220,TRUE,0.337278106508876,0.3372781065088758,0.33333333333333337
nic-1996,pfemale_ind,10012230,TRUE,0.5625,0.5625,0.5625
nic-1996,pfemale_ind,10012240,TRUE,0.588235294117647,0.5882352941176471,0.5882352941176471
nic-1996,pfemale_ind,10012270,TRUE,0.5,0.5,0.5
nic-1996,pfemale_ind,10012310,TRUE,0.647058823529412,0.6470588235294118,0.6470588235294118
nic-1996,pfemale_ind,10012320,TRUE,0.647058823529412,0.6470588235294118,0.6470588235294118
nic-1996,pfemale_ind,10012370,TRUE,0.459183673469388,0.4591836734693877,0.4615384615384616
nic-1996,pfemale_ind,10012390,TRUE,0.40495867768595,0.4049586776859504,0.4
nic-1996,pfemale_ind,10012470,TRUE,0.668639053254438,0.6686390532544378,0.6666666666666666
nic-1996,pfemale_ind,10012490,TRUE,0.377162629757785,0.3771626297577855,0.375
nic-1996,pfemale_ind,10012540,TRUE,0.615384615384615,0.6153846153846154,0.6153846153846154
nic-1996,pfemale_ind,10012580,TRUE,0.533333333333333,0.5333333333333333,0.5333333333333333
nic-1996,pfemale_ind,10012660,TRUE,0.642857142857143,0.6428571428571429,0.6428571428571429
nic-1996,pfemale_ind,10012680,TRUE,0.588235294117647,0.5882352941176471,0.5882352941176471
nic-1996,pfemale_ind,10012700,TRUE,0.714285714285714,0.7142857142857143,0.7142857142857143
nic-1996,pfemale_ind,10012740,TRUE,0.428571428571429,0.42857142857142855,0.42857142857142855
nic-1996,pfemale_ind,10012790,TRUE,NA,NA,0.4545454545454546
nic-1996,pfemale_ind,10012800,TRUE,0.428571428571429,0.42857142857142855,0.42857142857142855
nic-1996,pfemale_ind,10012810,TRUE,0.668639053254438,0.6686390532544378,0.6666666666666666
nic-1996,pfemale_ind,10012820,TRUE,0.357142857142857,0.35714285714285715,0.3571428571428571
nic-1996,pfemale_ind,10012830,TRUE,0.636363636363636,0.6363636363636364,0.6363636363636364
nic-1996,pfemale_ind,10012840,TRUE,0.529411764705882,0.5294117647058824,0.5294117647058824
nic-1996,pfemale_ind,10012850,TRUE,0.387755102040816,0.38775510204081626,0.38461538461538464
nic-1996,pfemale_ind,10012990,TRUE,0.529411764705882,0.5294117647058824,0.5294117647058824
nic-1996,pfemale_ind,10013030,TRUE,0.666666666666667,0.6666666666666666,0.6666666666666666
nic-1996,pfemale_ind,10013040,TRUE,0.568888888888889,0.5688888888888889,0.5714285714285714
nic-1996,pfemale_ind,10013041,TRUE,0.529411764705882,0.5294117647058824,0.5294117647058824
nic-1996,pfemale_ind,10013130,TRUE,0.357142857142857,0.35714285714285715,0.3571428571428571
nic-1996,pfemale_ind,10013270,TRUE,0.266666666666667,0.26666666666666666,0.2666666666666667
nic-1996,pfemale_ind,10013280,TRUE,0.5625,0.5625,0.5625
nic-1996,pfemale_ind,10013350,TRUE,0.5,0.5,0.5
nic-1996,pfemale_ind,10013380,TRUE,0.647058823529412,0.6470588235294118,0.6470588235294118
nic-1996,pfemale_ind,10013390,TRUE,0.5625,0.5625,0.5625
nic-1996,pfemale_ind,10013430,TRUE,0.2,0.2,0.20000000000000004
nic-1996,pfemale_ind,10013520,TRUE,0.533333333333333,0.5333333333333333,0.5333333333333333
nic-1996,pfemale_ind,10013540,TRUE,0.714285714285714,0.7142857142857143,0.7142857142857143
nic-1996,pfemale_ind,10013590,TRUE,0.416666666666667,0.4166666666666667,0.41666666666666663
nic-1996,pfemale_ind,10013620,TRUE,0.5,0.49999999999999994,0.5
nic-1996,pfemale_ind,10013630,TRUE,0.668639053254438,0.6686390532544378,0.6666666666666666
nic-1996,pfemale_ind,10013670,TRUE,0.636363636363636,0.6363636363636364,0.6363636363636364
nic-1996,pfemale_ind,10013710,TRUE,0.642857142857143,0.6428571428571429,0.6428571428571429
nic-1996,pfemale_ind,10013730,TRUE,0.714285714285714,0.7142857142857143,0.7142857142857143
nic-1996,pfemale_ind,10013760,TRUE,0.5625,0.5625,0.5625
nic-1996,pfemale_ind,10013790,TRUE,0.5,0.5,0.5
nic-1996,pfemale_ind,10013800,TRUE,0.588235294117647,0.5882352941176471,0.5882352941176471
nic-1996,pfemale_ind,10013810,TRUE,0.40495867768595,0.4049586776859504,0.4
nic-1996,pfemale_ind,10013830,TRUE,0.714285714285714,0.7142857142857143,0.7142857142857143
nic-1996,pfemale_ind,10013890,TRUE,0.357142857142857,0.35714285714285715,0.3571428571428571
nic-1996,pfemale_ind,10014010,TRUE,0.588235294117647,0.5882352941176471,0.5882352941176471
nic-1996,pfemale_ind,10014040,TRUE,0.533333333333333,0.5333333333333333,0.5333333333333333
nic-1996,pfemale_ind,10014190,TRUE,0.411764705882353,0.411764705882353,0.411764705882353
nic-1996,pfemale_ind,10014281,TRUE,0.377162629757785,0.3771626297577855,0.375
nic-1996,pfemale_ind,10014282,TRUE,0.459183673469388,0.4591836734693877,0.4615384615384616
nic-1996,pfemale_ind,10014283,TRUE,0.588235294117647,0.5882352941176471,0.5882352941176471
nic-1996,pfemale_ind,10014320,TRUE,0.5,0.49999999999999994,0.5
nic-1996,pfemale_ind,10014330,TRUE,0.647058823529412,0.6470588235294118,0.6470588235294118
nic-1996,pfemale_ind,10014360,TRUE,0.5,0.49999999999999994,0.5
nic-1996,pfemale_ind,10014450,TRUE,0.377162629757785,0.3771626297577855,0.375
nic-1996,pfemale_ind,10014510,TRUE,0.625,0.625,0.625
nic-1996,pfemale_ind,10014530,TRUE,0.588235294117647,0.5882352941176471,0.5882352941176471
nic-1996,pfemale_ind,10014550,TRUE,0.642857142857143,0.6428571428571429,0.6428571428571429
nic-1996,pfemale_ind,10014560,TRUE,0.333333333333333,0.3333333333333333,0.33333333333333337
nic-1996,pfemale_ind,10014570,TRUE,0.666666666666667,0.6666666666666666,0.6666666666666666
nic-1996,pfemale_ind,10014590,TRUE,0.642857142857143,0.6428571428571429,0.6428571428571429
nic-1996,pfemale_ind,10014610,TRUE,0.43598615916955,0.4359861591695502,0.4375
nic-1996,pfemale_ind,10014640,TRUE,0.5,0.5,0.5
nic-1996,pfemale_ind,10014650,TRUE,0.387755102040816,0.38775510204081626,0.38461538461538464
nic-1996,pfemale_ind,10014670,TRUE,0.588235294117647,0.5882352941176471,0.5882352941176471
nic-1996,pfemale_ind,10014680,TRUE,0.642857142857143,0.6428571428571429,0.6428571428571429
nic-1996,pfemale_ind,10014690,TRUE,0.636363636363636,0.6363636363636364,0.6363636363636364
nic-1996,pfemale_ind,10014710,TRUE,0.529411764705882,0.5294117647058824,0.5294117647058824
nic-1996,pfemale_ind,10014720,TRUE,0.411764705882353,0.411764705882353,0.411764705882353
nic-1996,pfemale_ind,10014750,TRUE,0.529411764705882,0.5294117647058824,0.5294117647058824
nic-1996,pfemale_ind,10014790,TRUE,0.411764705882353,0.411764705882353,0.411764705882353
nic-1996,pfemale_ind,10014800,TRUE,0.333333333333333,0.3333333333333333,0.33333333333333337
nic-1996,pfemale_ind,10014810,TRUE,0.333333333333333,0.3333333333333333,0.33333333333333337
nic-1996,pfemale_ind,10014830,TRUE,0.6,0.6,0.6
nic-1996,pfemale_ind,10014840,TRUE,0.5,0.5,0.5
nic-1996,pfemale_ind,10014860,TRUE,0.666666666666667,0.6666666666666666,0.6666666666666666
nic-1996,pfemale_ind,10014930,TRUE,0.357142857142857,0.35714285714285715,0.3571428571428571
nic-1996,pfemale_ind,10014940,TRUE,0.529411764705882,0.5294117647058824,0.5294117647058824
nic-1996,pfemale_ind,10014950,TRUE,0.571428571428571,0.5714285714285714,0.5714285714285714
nic-1996,pfemale_ind,10014960,TRUE,0.414201183431953,0.4142011834319526,0.41666666666666663
nic-1996,pfemale_ind,10014980,TRUE,0.43598615916955,0.4359861591695502,0.4375
nic-1996,pfemale_ind,10014990,TRUE,0.6,0.6,0.6
swepco-1996,pfemale_ind,30000010,TRUE,0.529411764705882,0.5294117647058824,0.5294117647058824
swepco-1996,pfemale_ind,30000020,TRUE,0.625,0.625,0.625
swepco-1996,pfemale_ind,30000030,TRUE,0.411764705882353,0.4117647058823529,0.4117647058823529
swepco-1996,pfemale_ind,30000040,TRUE,0.666666666666667,0.6666666666666666,0.6666666666666666
swepco-1996,pfemale_ind,30000050,TRUE,0.470588235294118,0.4705882352941176,0.4705882352941176
swepco-1996,pfemale_ind,30000060,TRUE,0.8,0.8,0.8
swepco-1996,pfemale_ind,30000070,TRUE,0.4375,0.4375,0.4375
swepco-1996,pfemale_ind,30000080,TRUE,0.4375,0.4375,0.4375
swepco-1996,pfemale_ind,30000090,TRUE,0.529411764705882,0.5294117647058824,0.5294117647058824
swepco-1996,pfemale_ind,30000100,TRUE,0.4,0.4,0.4
swepco-1996,pfemale_ind,30000110,TRUE,0.4,0.4,0.4
swepco-1996,pfemale_ind,30000120,TRUE,0.588235294117647,0.5882352941176471,0.5882352941176471
swepco-1996,pfemale_ind,30000130,TRUE,0.4375,0.4375,0.4375
swepco-1996,pfemale_ind,30000140,TRUE,0.642857142857143,0.6428571428571429,0.6428571428571429
swepco-1996,pfemale_ind,30000150,TRUE,0.75,0.75,0.75
swepco-1996,pfemale_ind,30000160,TRUE,0.642857142857143,0.6428571428571429,0.6428571428571429
swepco-1996,pfemale_ind,30000170,TRUE,0.470588235294118,0.4705882352941176,0.4705882352941176
swepco-1996,pfemale_ind,30000180,TRUE,0.470588235294118,0.4705882352941176,0.4705882352941176
swepco-1996,pfemale_ind,30000190,TRUE,0.733333333333333,0.7333333333333333,0.7333333333333333
swepco-1996,pfemale_ind,30000200,TRUE,0.529411764705882,0.5294117647058824,0.5294117647058824
swepco-1996,pfemale_ind,30000210,TRUE,0.470588235294118,0.4705882352941176,0.4705882352941176
swepco-1996,pfemale_ind,30000220,TRUE,0.8,0.8,0.8
swepco-1996,pfemale_ind,30000230,TRUE,0.666666666666667,0.6666666666666666,0.6666666666666666
swepco-1996,pfemale_ind,30000240,TRUE,0.625,0.625,0.625
swepco-1996,pfemale_ind,30000250,TRUE,0.4,0.4,0.4
swepco-1996,pfemale_ind,30000260,TRUE,0.4375,0.4375,0.4375
swepco-1996,pfemale_ind,30000270,TRUE,0.733333333333333,0.7333333333333333,0.7333333333333333
swepco-1996,pfemale_ind,30000280,TRUE,0.4,0.4,0.4
swepco-1996,pfemale_ind,30000290,TRUE,0.470588235294118,0.4705882352941176,0.4705882352941176
swepco-1996,pfemale_ind,30000300,TRUE,0.529411764705882,0.5294117647058824,0.5294117647058824
swepco-1996,pfemale_ind,30000310,TRUE,0.75,0.75,0.75
swepco-1996,pfemale_ind,30000320,TRUE,0.4,0.4,0.4
swepco-1996,pfemale_ind,30000330,TRUE,0.4,0.4,0.4
swepco-1996,pfemale_ind,30000340,TRUE,0.75,0.75,0.75
swepco-1996,pfemale_ind,30000350,TRUE,0.470588235294118,0.4705882352941176,0.4705882352941176
swepco-1996,pfemale_ind,30000360,TRUE,0.642857142857143,0.6428571428571429,0.6428571428571429
swepco-1996,pfemale_ind,30000370,TRUE,0.470588235294118,0.4705882352941176,0.4705882352941176
swepco-1996,pfemale_ind,30000380,TRUE,0.538461538461538,0.5384615384615384,0.5384615384615384
swepco-1996,pfemale_ind,30000390,TRUE,0.8125,0.8125,0.8125
swepco-1996,pfemale_ind,30000400,TRUE,0.470588235294118,0.4705882352941176,0.4705882352941176
swepco-1996,pfemale_ind,30000410,TRUE,0.470588235294118,0.4705882352941176,0.4705882352941176
swepco-1996,pfemale_ind,30000420,TRUE,0.8,0.8,0.8
swepco-1996,pfemale_ind,30000430,TRUE,0.666666666666667,0.6666666666666666,0.6666666666666666
swepco-1996,pfemale_ind,30000440,TRUE,0.647058823529412,0.6470588235294118,0.6470588235294118
swepco-1996,pfemale_ind,30000450,TRUE,0.8125,0.8125,0.8125
swepco-1996,pfemale_ind,30000460,TRUE,0.6875,0.6875,0.6875
swepco-1996,pfemale_ind,30000470,TRUE,0.733333333333333,0.7333333333333333,0.7333333333333333
swepco-1996,pfemale_ind,30000480,TRUE,0.733333333333333,0.7333333333333333,0.7333333333333333
swepco-1996,pfemale_ind,30000490,TRUE,0.375,0.375,0.375
swepco-1996,pfemale_ind,30000500,TRUE,0.666666666666667,0.6666666666666666,0.6666666666666666
swepco-1996,pfemale_ind,30000510,TRUE,0.529411764705882,0.5294117647058824,0.5294117647058824
swepco-1996,pfemale_ind,30000520,TRUE,0.4,0.4,0.4
swepco-1996,pfemale_ind,30000530,TRUE,0.529411764705882,0.5294117647058824,0.5294117647058824
swepco-1996,pfemale_ind,30000540,TRUE,0.714285714285714,0.7142857142857143,0.7142857142857143
swepco-1996,pfemale_ind,30000550,TRUE,0.470588235294118,0.4705882352941176,0.4705882352941176
swepco-1996,pfemale_ind,30000560,TRUE,0.529411764705882,0.5294117647058824,0.5294117647058824
swepco-1996,pfemale_ind,30000570,TRUE,0.333333333333333,0.3333333333333333,0.33333333333333337
swepco-1996,pfemale_ind,30000580,TRUE,0.4,0.4,0.4
swepco-1996,pfemale_ind,30000590,TRUE,0.733333333333333,0.7333333333333333,0.7333333333333334
swepco-1996,pfemale_ind,30000600,TRUE,0.375,0.375,0.375
swepco-1996,pfemale_ind,30000610,TRUE,0.588235294117647,0.5882352941176471,0.5882352941176471
swepco-1996,pfemale_ind,30000620,TRUE,0.375,0.375,0.375
swepco-1996,pfemale_ind,30000630,TRUE,0.666666666666667,0.6666666666666666,0.6666666666666666
swepco-1996,pfemale_ind,30000640,TRUE,0.6875,0.6875,0.6875
swepco-1996,pfemale_ind,30000650,TRUE,0.625,0.625,0.625
swepco-1996,pfemale_ind,30000660,TRUE,0.466666666666667,0.4666666666666667,0.4666666666666667
swepco-1996,pfemale_ind,30000670,TRUE,0.666666666666667,0.6666666666666666,0.6666666666666666
swepco-1996,pfemale_ind,30000680,TRUE,0.466666666666667,0.4666666666666667,0.4666666666666667
swepco-1996,pfemale_ind,30000690,TRUE,0.529411764705882,0.5294117647058824,0.5294117647058824
swepco-1996,pfemale_ind,30000700,TRUE,0.733333333333333,0.7333333333333333,0.7333333333333334
swepco-1996,pfemale_ind,30000710,TRUE,0.75,0.75,0.75
swepco-1996,pfemale_ind,30000720,TRUE,0.466666666666667,0.4666666666666667,0.4666666666666667
swepco-1996,pfemale_ind,30000730,TRUE,0.647058823529412,0.6470588235294118,0.6470588235294118
swepco-1996,pfemale_ind,30000740,TRUE,0.470588235294118,0.4705882352941176,0.4705882352941176
swepco-1996,pfemale_ind,30000750,TRUE,0.588235294117647,0.5882352941176471,0.5882352941176471
swepco-1996,pfemale_ind,30000760,TRUE,0.470588235294118,0.4705882352941176,0.4705882352941176
swepco-1996,pfemale_ind,30000770,TRUE,0.733333333333333,0.7333333333333333,0.7333333333333333
swepco-1996,pfemale_ind,30000780,TRUE,0.642857142857143,0.6428571428571429,0.6428571428571428
swepco-1996,pfemale_ind,30000790,TRUE,0.4375,0.4375,0.4375
swepco-1996,pfemale_ind,30000800,TRUE,0.588235294117647,0.5882352941176471,0.5882352941176471
swepco-1996,pfemale_ind,30000810,TRUE,0.4375,0.4375,0.4375
swepco-1996,pfemale_ind,30000820,TRUE,0.8125,0.8125,0.8125
swepco-1996,pfemale_ind,30000830,TRUE,0.4,0.4,0.4
swepco-1996,pfemale_ind,30000840,TRUE,0.714285714285714,0.7142857142857143,0.7142857142857143
swepco-1996,pfemale_ind,30000850,TRUE,0.615384615384615,0.6153846153846154,0.6153846153846154
swepco-1996,pfemale_ind,30000860,TRUE,0.375,0.375,0.375
swepco-1996,pfemale_ind,30000870,TRUE,0.470588235294118,0.4705882352941176,0.4705882352941176
swepco-1996,pfemale_ind,30000880,TRUE,0.466666666666667,0.4666666666666667,0.4666666666666667
swepco-1996,pfemale_ind,30000890,TRUE,0.411764705882353,0.4117647058823529,0.4117647058823529
swepco-1996,pfemale_ind,30000900,TRUE,0.470588235294118,0.4705882352941176,0.4705882352941176
swepco-1996,pfemale_ind,30000910,TRUE,0.588235294117647,0.5882352941176471,0.5882352941176471
swepco-1996,pfemale_ind,30000920,TRUE,0.470588235294118,0.4705882352941176,0.4705882352941176
swepco-1996,pfemale_ind,30000930,TRUE,0.666666666666667,0.6666666666666666,0.6666666666666666
swepco-1996,pfemale_ind,30000940,TRUE,0.470588235294118,0.4705882352941176,0.4705882352941176
swepco-1996,pfemale_ind,30000950,TRUE,0.538461538461538,0.5384615384615384,0.5384615384615384
swepco-1996,pfemale_ind,30000960,TRUE,0.733333333333333,0.7333333333333333,0.7333333333333334
swepco-1996,pfemale_ind,30000970,TRUE,0.6875,0.6875,0.6875
swepco-1996,pfemale_ind,30000980,TRUE,0.4,0.4,0.4
swepco-1996,pfemale_ind,30000990,TRUE,0.714285714285714,0.7142857142857143,0.7142857142857143
swepco-1996,pfemale_ind,30001000,TRUE,0.411764705882353,0.4117647058823529,0.4117647058823529
swepco-1996,pfemale_ind,30001010,TRUE,0.470588235294118,0.4705882352941176,0.4705882352941176
swepco-1996,pfemale_ind,30001020,TRUE,0.666666666666667,0.6666666666666666,0.6666666666666666
swepco-1996,pfemale_ind,30001030,TRUE,0.733333333333333,0.7333333333333333,0.7333333333333334
swepco-1996,pfemale_ind,30001040,TRUE,0.466666666666667,0.4666666666666667,0.4666666666666667
swepco-1996,pfemale_ind,30001050,TRUE,0.470588235294118,0.4705882352941176,0.4705882352941176
swepco-1996,pfemale_ind,30001060,TRUE,0.470588235294118,0.4705882352941176,0.4705882352941176
swepco-1996,pfemale_ind,30001070,TRUE,0.4375,0.4375,0.4375
swepco-1996,pfemale_ind,30001080,TRUE,0.733333333333333,0.7333333333333333,0.7333333333333334
swepco-1996,pfemale_ind,30001090,TRUE,0.470588235294118,0.4705882352941176,0.4705882352941176
swepco-1996,pfemale_ind,30001100,TRUE,0.75,0.75,0.75
swepco-1996,pfemale_ind,30001110,TRUE,0.75,0.75,0.75
swepco-1996,pfemale_ind,30001120,TRUE,0.588235294117647,0.5882352941176471,0.5882352941176471
swepco-1996,pfemale_ind,30001130,TRUE,0.529411764705882,0.5294117647058824,0.5294117647058824
swepco-1996,pfemale_ind,30001140,TRUE,0.615384615384615,0.6153846153846154,0.6153846153846154
swepco-1996,pfemale_ind,30001150,TRUE,0.666666666666667,0.6666666666666666,0.6666666666666666
swepco-1996,pfemale_ind,30001160,TRUE,0.411764705882353,0.4117647058823529,0.4117647058823529
swepco-1996,pfemale_ind,30001170,TRUE,0.333333333333333,0.3333333333333333,0.33333333333333337
swepco-1996,pfemale_ind,30001180,TRUE,0.733333333333333,0.7333333333333333,0.7333333333333334
swepco-1996,pfemale_ind,30001190,TRUE,0.411764705882353,0.4117647058823529,0.4117647058823529
swepco-1996,pfemale_ind,30001200,TRUE,0.75,0.75,0.75
swepco-1996,pfemale_ind,30001210,TRUE,0.642857142857143,0.6428571428571429,0.6428571428571428
swepco-1996,pfemale_ind,30001220,TRUE,0.4,0.4,0.4
swepco-1996,pfemale_ind,30001230,TRUE,0.642857142857143,0.6428571428571429,0.6428571428571428
swepco-1996,pfemale_ind,30001240,TRUE,0.625,0.625,0.625
swepco-1996,pfemale_ind,30001250,TRUE,0.733333333333333,0.7333333333333333,0.7333333333333333
swepco-1996,pfemale_ind,30001260,TRUE,0.466666666666667,0.4666666666666667,0.4666666666666667
swepco-1996,pfemale_ind,30001270,TRUE,0.615384615384615,0.6153846153846154,0.6153846153846154
swepco-1996,pfemale_ind,30001280,TRUE,0.588235294117647,0.5882352941176471,0.5882352941176471
swepco-1996,pfemale_ind,30001290,TRUE,0.733333333333333,0.7333333333333333,0.7333333333333333
swepco-1996,pfemale_ind,30001300,TRUE,0.333333333333333,0.3333333333333333,0.33333333333333337
swepco-1996,pfemale_ind,30001310,TRUE,0.6875,0.6875,0.6875
swepco-1996,pfemale_ind,30001320,TRUE,0.4375,0.4375,0.4375
swepco-1996,pfemale_ind,30001330,TRUE,0.647058823529412,0.6470588235294118,0.6470588235294118
swepco-1996,pfemale_ind,30001340,TRUE,0.529411764705882,0.5294117647058824,0.5294117647058824
swepco-1996,pfemale_ind,30001350,TRUE,0.538461538461538,0.5384615384615384,0.5384615384615384
swepco-1996,pfemale_ind,30001360,TRUE,0.733333333333333,0.7333333333333333,0.7333333333333334
swepco-1996,pfemale_ind,30001370,TRUE,0.466666666666667,0.4666666666666667,0.4666666666666667
swepco-1996,pfemale_ind,30001380,TRUE,0.470588235294118,0.4705882352941176,0.4705882352941176
swepco-1996,pfemale_ind,30001390,TRUE,0.470588235294118,0.4705882352941176,0.4705882352941176
swepco-1996,pfemale_ind,30001400,TRUE,0.666666666666667,0.6666666666666666,0.6666666666666666
swepco-1996,pfemale_ind,30001410,TRUE,0.647058823529412,0.6470588235294118,0.6470588235294118
swepco-1996,pfemale_ind,30001420,TRUE,0.733333333333333,0.7333333333333333,0.7333333333333333
swepco-1996,pfemale_ind,30001430,TRUE,0.333333333333333,0.3333333333333333,0.33333333333333337
swepco-1996,pfemale_ind,30001440,TRUE,0.538461538461538,0.5384615384615384,0.5384615384615384
swepco-1996,pfemale_ind,30001450,TRUE,0.733333333333333,0.7333333333333333,0.7333333333333334
swepco-1996,pfemale_ind,30001460,TRUE,0.470588235294118,0.4705882352941176,0.4705882352941176
swepco-1996,pfemale_ind,30001470,TRUE,0.733333333333333,0.7333333333333333,0.7333333333333334
swepco-1996,pfemale_ind,30001480,TRUE,0.75,0.75,0.75
swepco-1996,pfemale_ind,30001490,TRUE,0.625,0.625,0.625
swepco-1996,pfemale_ind,30001500,TRUE,0.733333333333333,0.7333333333333333,0.7333333333333334
swepco-1996,pfemale_ind,30001510,TRUE,0.538461538461538,0.5384615384615384,0.5384615384615384
swepco-1996,pfemale_ind,30001520,TRUE,0.666666666666667,0.6666666666666666,0.6666666666666666
swepco-1996,pfemale_ind,30001530,TRUE,0.375,0.375,0.375
swepco-1996,pfemale_ind,30001540,TRUE,0.75,0.75,0.75
swepco-1996,pfemale_ind,30001550,TRUE,0.4,0.4,0.4
swepco-1996,pfemale_ind,30001560,TRUE,0.615384615384615,0.6153846153846154,0.6153846153846154
swepco-1996,pfemale_ind,30001570,TRUE,0.529411764705882,0.5294117647058824,0.5294117647058824
swepco-1996,pfemale_ind,30001580,TRUE,0.529411764705882,0.5294117647058824,0.5294117647058824
swepco-1996,pfemale_ind,30001590,TRUE,0.666666666666667,0.6666666666666666,0.6666666666666666
swepco-1996,pfemale_ind,30001600,TRUE,0.466666666666667,0.4666666666666667,0.4666666666666667
swepco-1996,pfemale_ind,30001610,TRUE,0.333333333333333,0.3333333333333333,0.33333333333333337
swepco-1996,pfemale_ind,30001620,TRUE,0.375,0.375,0.375
swepco-1996,pfemale_ind,30001630,TRUE,0.666666666666667,0.6666666666666666,0.6666666666666666
swepco-1996,pfemale_ind,30001640,TRUE,0.411764705882353,0.4117647058823529,0.4117647058823529
swepco-1996,pfemale_ind,30001650,TRUE,0.4,0.4,0.4
swepco-1996,pfemale_ind,30001660,TRUE,0.642857142857143,0.6428571428571429,0.6428571428571428
swepco-1996,pfemale_ind,30001670,TRUE,0.75,0.75,0.75
swepco-1996,pfemale_ind,30001680,TRUE,0.529411764705882,0.5294117647058824,0.5294117647058824
swepco-1996,pfemale_ind,30001690,TRUE,0.666666666666667,0.6666666666666666,0.6666666666666666
swepco-1996,pfemale_ind,30001700,TRUE,0.411764705882353,0.4117647058823529,0.4117647058823529
swepco-1996,pfemale_ind,30001710,TRUE,0.470588235294118,0.4705882352941176,0.4705882352941176
swepco-1996,pfemale_ind,30001720,TRUE,0.642857142857143,0.6428571428571429,0.6428571428571428
swepco-1996,pfemale_ind,30001730,TRUE,0.529411764705882,0.5294117647058824,0.5294117647058824
swepco-1996,pfemale_ind,30001740,TRUE,0.647058823529412,0.6470588235294118,0.6470588235294118
swepco-1996,pfemale_ind,30001750,TRUE,0.538461538461538,0.5384615384615384,0.5384615384615384
swepco-1996,pfemale_ind,30001760,TRUE,0.647058823529412,0.6470588235294118,0.6470588235294118
swepco-1996,pfemale_ind,30001770,TRUE,0.6875,0.6875,0.6875
swepco-1996,pfemale_ind,30001780,TRUE,0.470588235294118,0.4705882352941176,0.4705882352941176
swepco-1996,pfemale_ind,30001790,TRUE,0.588235294117647,0.5882352941176471,0.5882352941176471
swepco-1996,pfemale_ind,30001800,TRUE,0.75,0.75,0.75
swepco-1996,pfemale_ind,30001810,TRUE,0.6875,0.6875,0.6875
swepco-1996,pfemale_ind,30001820,TRUE,0.529411764705882,0.5294117647058824,0.5294117647058824
swepco-1996,pfemale_ind,30001830,TRUE,0.666666666666667,0.6666666666666666,0.6666666666666666
swepco-1996,pfemale_ind,30001840,TRUE,0.714285714285714,0.7142857142857143,0.7142857142857143
swepco-1996,pfemale_ind,30001850,TRUE,0.625,0.625,0.625
swepco-1996,pfemale_ind,30001860,TRUE,0.470588235294118,0.4705882352941176,0.4705882352941176
swepco-1996,pfemale_ind,30001870,TRUE,0.333333333333333,0.3333333333333333,0.33333333333333337
swepco-1996,pfemale_ind,30001880,TRUE,0.75,0.75,0.75
swepco-1996,pfemale_ind,30001890,TRUE,0.466666666666667,0.4666666666666667,0.4666666666666667
swepco-1996,pfemale_ind,30001900,TRUE,0.647058823529412,0.6470588235294118,0.6470588235294118
swepco-1996,pfemale_ind,30001910,TRUE,0.733333333333333,0.7333333333333333,0.7333333333333334
swepco-1996,pfemale_ind,30001920,TRUE,0.666666666666667,0.6666666666666666,0.6666666666666666
swepco-1996,pfemale_ind,30001930,TRUE,0.625,0.625,0.625
swepco-1996,pfemale_ind,30001940,TRUE,0.75,0.75,0.75
swepco-1996,pfemale_ind,30001950,TRUE,0.538461538461538,0.5384615384615384,0.5384615384615384
swepco-1996,pfemale_ind,30001960,TRUE,0.625,0.625,0.625
swepco-1996,pfemale_ind,30001970,TRUE,0.666666666666667,0.6666666666666666,0.6666666666666666
swepco-1996,pfemale_ind,30001980,TRUE,0.529411764705882,0.5294117647058824,0.5294117647058824
swepco-1996,pfemale_ind,30001990,TRUE,0.588235294117647,0.5882352941176471,0.5882352941176471
swepco-1996,pfemale_ind,30002000,TRUE,0.666666666666667,0.6666666666666666,0.6666666666666666
swepco-1996,pfemale_ind,30002010,TRUE,0.8125,0.8125,0.8125
swepco-1996,pfemale_ind,30002020,TRUE,0.625,0.625,0.625
swepco-1996,pfemale_ind,30002030,TRUE,0.666666666666667,0.6666666666666666,0.6666666666666666
swepco-1996,pfemale_ind,30002040,TRUE,0.538461538461538,0.5384615384615384,0.5384615384615384
swepco-1996,pfemale_ind,30002050,TRUE,0.4375,0.4375,0.4375
swepco-1996,pfemale_ind,30002060,TRUE,0.588235294117647,0.5882352941176471,0.5882352941176471
swepco-1996,pfemale_ind,30002070,TRUE,0.375,0.375,0.375
swepco-1996,pfemale_ind,30002080,TRUE,0.529411764705882,0.5294117647058824,0.5294117647058824
swepco-1996,pfemale_ind,30002090,TRUE,0.666666666666667,0.6666666666666666,0.6666666666666666
swepco-1996,pfemale_ind,30002100,TRUE,0.4,0.4,0.4
swepco-1996,pfemale_ind,30002110,TRUE,0.4375,0.4375,0.4375
swepco-1996,pfemale_ind,30002120,TRUE,0.642857142857143,0.6428571428571429,0.6428571428571428
swepco-1996,pfemale_ind,30002130,TRUE,0.666666666666667,0.6666666666666666,0.6666666666666666
swepco-1996,pfemale_ind,30002140,TRUE,0.4,0.4,0.4
swepco-1996,pfemale_ind,30002150,TRUE,0.4,0.4,0.4
swepco-1996,pfemale_ind,30002160,TRUE,0.588235294117647,0.5882352941176471,0.5882352941176471
swepco-1996,pfemale_ind,30002170,TRUE,0.8,0.8,0.8
swepco-1996,pfemale_ind,30002180,TRUE,0.625,0.625,0.625
swepco-1996,pfemale_ind,30002190,TRUE,0.411764705882353,0.4117647058823529,0.4117647058823529
swepco-1996,pfemale_ind,30002200,TRUE,0.666666666666667,0.6666666666666666,0.6666666666666666
swepco-1996,pfemale_ind,30002210,TRUE,0.733333333333333,0.7333333333333333,0.7333333333333334
swepco-1996,pfemale_ind,30002220,TRUE,0.733333333333333,0.7333333333333333,0.7333333333333334
swepco-1996,pfemale_ind,30002230,TRUE,0.470588235294118,0.4705882352941176,0.4705882352941176
swepco-1996,pfemale_ind,30002240,TRUE,0.529411764705882,0.5294117647058824,0.5294117647058824
swepco-1996,pfemale_ind,30002250,TRUE,0.714285714285714,0.7142857142857143,0.7142857142857143
swepco-1996,pfemale_ind,30002260,TRUE,0.4,0.4,0.4
swepco-1996,pfemale_ind,30002270,TRUE,0.615384615384615,0.6153846153846154,0.6153846153846154
swepco-1996,pfemale_ind,30002280,TRUE,0.615384615384615,0.6153846153846154,0.6153846153846154
swepco-1996,pfemale_ind,30002290,TRUE,0.733333333333333,0.7333333333333333,0.7333333333333334
swepco-1996,pfemale_ind,30002300,TRUE,0.470588235294118,0.4705882352941176,0.4705882352941176
swepco-1996,pfemale_ind,30002310,TRUE,0.625,0.625,0.625
swepco-1996,pfemale_ind,30002320,TRUE,0.642857142857143,0.6428571428571429,0.6428571428571428
