poll_id,respondent_id,caseid,pollgroup,female,group_total,group_observed,group_female,peer_observed_n,observed_peer_share
uk-eu-1995,119,119,2015,1,21,21,11,20,0.5
uk-eu-1995,129,129,2007,1,18,18,10,17,0.5294117647058824
uk-eu-1995,204,204,2014,1,15,15,9,14,0.5714285714285714
uk-eu-1995,207,207,2015,0,21,21,11,20,0.55
uk-eu-1995,222,222,2004,1,16,16,10,15,0.6
uk-eu-1995,232,232,2012,1,11,11,9,10,0.8
uk-eu-1995,235,235,2002,0,20,20,10,19,0.5263157894736842
uk-eu-1995,304,304,2011,0,15,15,5,14,0.3571428571428571
uk-eu-1995,306,306,2014,0,15,15,9,14,0.6428571428571429
uk-eu-1995,312,312,2013,0,17,17,10,16,0.625
uk-eu-1995,321,321,2008,1,11,11,6,10,0.5
uk-eu-1995,328,328,2003,0,14,14,6,13,0.4615384615384616
uk-eu-1995,337,337,2010,1,16,16,9,15,0.5333333333333333
uk-eu-1995,401,401,2014,1,15,15,9,14,0.5714285714285714
uk-eu-1995,431,431,2013,1,17,17,10,16,0.5625
uk-eu-1995,432,432,2015,0,21,21,11,20,0.55
uk-eu-1995,502,502,2015,0,21,21,11,20,0.55
uk-eu-1995,504,504,2001,0,15,15,7,14,0.5
uk-eu-1995,509,509,2002,0,20,20,10,19,0.5263157894736842
uk-eu-1995,510,510,2011,0,15,15,5,14,0.3571428571428571
uk-eu-1995,519,519,2005,1,15,15,7,14,0.42857142857142855
uk-eu-1995,527,527,2004,0,16,16,10,15,0.6666666666666666
uk-eu-1995,532,532,2005,0,15,15,7,14,0.5
uk-eu-1995,602,602,2010,0,16,16,9,15,0.6
uk-eu-1995,606,606,2015,0,21,21,11,20,0.55
uk-eu-1995,607,607,2014,0,15,15,9,14,0.6428571428571429
uk-eu-1995,613,613,2010,1,16,16,9,15,0.5333333333333333
uk-eu-1995,614,614,2001,0,15,15,7,14,0.5
uk-eu-1995,617,617,2014,0,15,15,9,14,0.6428571428571429
uk-eu-1995,627,627,2004,1,16,16,10,15,0.6
uk-eu-1995,629,629,2003,1,14,14,6,13,0.38461538461538464
uk-eu-1995,632,632,2010,0,16,16,9,15,0.6
uk-eu-1995,701,701,2011,0,15,15,5,14,0.3571428571428571
uk-eu-1995,707,707,2006,1,16,16,10,15,0.6
uk-eu-1995,709,709,2004,1,16,16,10,15,0.6
uk-eu-1995,713,713,2003,1,14,14,6,13,0.38461538461538464
uk-eu-1995,714,714,2009,1,14,14,9,13,0.6153846153846154
uk-eu-1995,716,716,2012,0,11,11,9,10,0.9
uk-eu-1995,735,735,2007,0,18,18,10,17,0.5882352941176471
uk-eu-1995,802,802,2011,0,15,15,5,14,0.3571428571428571
uk-eu-1995,806,806,2015,1,21,21,11,20,0.5
uk-eu-1995,812,812,2006,0,16,16,10,15,0.6666666666666666
uk-eu-1995,814,814,2003,0,14,14,6,13,0.4615384615384616
uk-eu-1995,827,827,2013,1,17,17,10,16,0.5625
uk-eu-1995,829,829,2015,0,21,21,11,20,0.55
uk-eu-1995,833,833,2004,1,16,16,10,15,0.6
uk-eu-1995,908,908,2007,1,18,18,10,17,0.5294117647058824
uk-eu-1995,913,913,2005,0,15,15,7,14,0.5
uk-eu-1995,926,926,2009,0,14,14,9,13,0.6923076923076923
uk-eu-1995,933,933,2010,1,16,16,9,15,0.5333333333333333
uk-eu-1995,937,937,2007,0,18,18,10,17,0.5882352941176471
uk-eu-1995,1006,1006,2001,0,15,15,7,14,0.5
uk-eu-1995,1008,1008,2099,0,4,4,1,3,0.33333333333333337
uk-eu-1995,1032,1032,2013,0,17,17,10,16,0.625
uk-eu-1995,1102,1102,2014,0,15,15,9,14,0.6428571428571429
uk-eu-1995,1104,1104,2015,1,21,21,11,20,0.5
uk-eu-1995,1106,1106,2013,1,17,17,10,16,0.5625
uk-eu-1995,1110,1110,2003,0,14,14,6,13,0.4615384615384616
uk-eu-1995,1113,1113,2007,1,18,18,10,17,0.5294117647058824
uk-eu-1995,1117,1117,2012,1,11,11,9,10,0.8
uk-eu-1995,1120,1120,2006,0,16,16,10,15,0.6666666666666666
uk-eu-1995,1122,1122,2006,1,16,16,10,15,0.6
uk-eu-1995,1123,1123,2004,0,16,16,10,15,0.6666666666666666
uk-eu-1995,1126,1126,2011,1,15,15,5,14,0.2857142857142857
uk-eu-1995,1127,1127,2002,1,20,20,10,19,0.4736842105263158
uk-eu-1995,1131,1131,2007,0,18,18,10,17,0.5882352941176471
uk-eu-1995,1132,1132,2015,1,21,21,11,20,0.5
uk-eu-1995,1207,1207,2013,1,17,17,10,16,0.5625
uk-eu-1995,1209,1209,2007,1,18,18,10,17,0.5294117647058824
uk-eu-1995,1223,1223,2009,1,14,14,9,13,0.6153846153846154
uk-eu-1995,1326,1326,2015,0,21,21,11,20,0.55
uk-eu-1995,1329,1329,2001,1,15,15,7,14,0.42857142857142855
uk-eu-1995,1410,1410,2001,0,15,15,7,14,0.5
uk-eu-1995,1413,1413,2006,1,16,16,10,15,0.6
uk-eu-1995,1433,1433,2008,1,11,11,6,10,0.5
uk-eu-1995,1507,1507,2005,1,15,15,7,14,0.42857142857142855
uk-eu-1995,1521,1521,2003,0,14,14,6,13,0.4615384615384616
uk-eu-1995,1525,1525,2001,1,15,15,7,14,0.42857142857142855
uk-eu-1995,1528,1528,2010,0,16,16,9,15,0.6
uk-eu-1995,1601,1601,2014,0,15,15,9,14,0.6428571428571429
uk-eu-1995,1614,1614,2014,1,15,15,9,14,0.5714285714285714
uk-eu-1995,1620,1620,2013,1,17,17,10,16,0.5625
uk-eu-1995,1629,1629,2011,1,15,15,5,14,0.2857142857142857
uk-eu-1995,1631,1631,2004,0,16,16,10,15,0.6666666666666666
uk-eu-1995,1723,1723,2011,1,15,15,5,14,0.2857142857142857
uk-eu-1995,1801,1801,2006,1,16,16,10,15,0.6
uk-eu-1995,1804,1804,2002,0,20,20,10,19,0.5263157894736842
uk-eu-1995,1814,1814,2013,0,17,17,10,16,0.625
uk-eu-1995,1832,1832,2002,1,20,20,10,19,0.4736842105263158
uk-eu-1995,1913,1913,2009,1,14,14,9,13,0.6153846153846154
uk-eu-1995,1916,1916,2013,0,17,17,10,16,0.625
uk-eu-1995,1935,1935,2009,0,14,14,9,13,0.6923076923076923
uk-eu-1995,2006,2006,2003,1,14,14,6,13,0.38461538461538464
uk-eu-1995,2010,2010,2015,0,21,21,11,20,0.55
uk-eu-1995,2019,2019,2004,1,16,16,10,15,0.6
uk-eu-1995,2020,2020,2002,1,20,20,10,19,0.4736842105263158
uk-eu-1995,2025,2025,2015,1,21,21,11,20,0.5
uk-eu-1995,2026,2026,2010,1,16,16,9,15,0.5333333333333333
uk-eu-1995,2101,2101,2002,1,20,20,10,19,0.4736842105263158
uk-eu-1995,2104,2104,2006,1,16,16,10,15,0.6
uk-eu-1995,2111,2111,2015,1,21,21,11,20,0.5
uk-eu-1995,2112,2112,2003,0,14,14,6,13,0.4615384615384616
uk-eu-1995,2117,2117,2005,0,15,15,7,14,0.5
uk-eu-1995,2128,2128,2006,1,16,16,10,15,0.6
uk-eu-1995,2129,2129,2010,0,16,16,9,15,0.6
uk-eu-1995,2132,2132,2009,1,14,14,9,13,0.6153846153846154
uk-eu-1995,2134,2134,2005,0,15,15,7,14,0.5
uk-eu-1995,2135,2135,2005,1,15,15,7,14,0.42857142857142855
uk-eu-1995,2220,2220,2009,0,14,14,9,13,0.6923076923076923
uk-eu-1995,2301,2301,2008,1,11,11,6,10,0.5
uk-eu-1995,2302,2302,2012,1,11,11,9,10,0.8
uk-eu-1995,2307,2307,2012,1,11,11,9,10,0.8
uk-eu-1995,2308,2308,2006,0,16,16,10,15,0.6666666666666666
uk-eu-1995,2309,2309,2003,0,14,14,6,13,0.4615384615384616
uk-eu-1995,2321,2321,2008,0,11,11,6,10,0.6
uk-eu-1995,2328,2328,2009,1,14,14,9,13,0.6153846153846154
uk-eu-1995,2404,2404,2007,1,18,18,10,17,0.5294117647058824
uk-eu-1995,2416,2416,2002,1,20,20,10,19,0.4736842105263158
uk-eu-1995,2417,2417,2007,0,18,18,10,17,0.5882352941176471
uk-eu-1995,2431,2431,2005,1,15,15,7,14,0.42857142857142855
uk-eu-1995,2508,2508,2002,0,20,20,10,19,0.5263157894736842
uk-eu-1995,2521,2521,2004,0,16,16,10,15,0.6666666666666666
uk-eu-1995,2522,2522,2010,1,16,16,9,15,0.5333333333333333
uk-eu-1995,2532,2532,2009,0,14,14,9,13,0.6923076923076923
uk-eu-1995,2537,2537,2010,1,16,16,9,15,0.5333333333333333
uk-eu-1995,2609,2609,2012,0,11,11,9,10,0.9
uk-eu-1995,2616,2616,2005,1,15,15,7,14,0.42857142857142855
uk-eu-1995,2635,2635,2013,0,17,17,10,16,0.625
uk-eu-1995,2637,2637,2008,0,11,11,6,10,0.6
uk-eu-1995,2708,2708,2004,1,16,16,10,15,0.6
uk-eu-1995,2719,2719,2007,0,18,18,10,17,0.5882352941176471
uk-eu-1995,2720,2720,2012,1,11,11,9,10,0.8
uk-eu-1995,2725,2725,2014,1,15,15,9,14,0.5714285714285714
uk-eu-1995,2735,2735,2006,1,16,16,10,15,0.6
uk-eu-1995,2804,2804,2001,1,15,15,7,14,0.42857142857142855
uk-eu-1995,2822,2822,2014,1,15,15,9,14,0.5714285714285714
uk-eu-1995,2907,2907,2007,1,18,18,10,17,0.5294117647058824
uk-eu-1995,2908,2908,2002,0,20,20,10,19,0.5263157894736842
uk-eu-1995,2912,2912,2001,0,15,15,7,14,0.5
uk-eu-1995,2919,2919,2015,1,21,21,11,20,0.5
uk-eu-1995,2921,2921,2010,1,16,16,9,15,0.5333333333333333
uk-eu-1995,3019,3019,2008,0,11,11,6,10,0.6
uk-eu-1995,3032,3032,2011,0,15,15,5,14,0.3571428571428571
uk-eu-1995,3114,3114,2008,1,11,11,6,10,0.5
uk-eu-1995,3120,3120,2014,1,15,15,9,14,0.5714285714285714
uk-eu-1995,3121,3121,2007,1,18,18,10,17,0.5294117647058824
uk-eu-1995,3125,3125,2010,1,16,16,9,15,0.5333333333333333
uk-eu-1995,3132,3132,2099,1,4,4,1,3,0
uk-eu-1995,3202,3202,2015,0,21,21,11,20,0.55
uk-eu-1995,3220,3220,2006,0,16,16,10,15,0.6666666666666666
uk-eu-1995,3301,3301,2003,1,14,14,6,13,0.38461538461538464
uk-eu-1995,3308,3308,2004,1,16,16,10,15,0.6
uk-eu-1995,3309,3309,2013,0,17,17,10,16,0.625
uk-eu-1995,3322,3322,2014,1,15,15,9,14,0.5714285714285714
uk-eu-1995,3331,3331,2005,1,15,15,7,14,0.42857142857142855
uk-eu-1995,3332,3332,2002,1,20,20,10,19,0.4736842105263158
uk-eu-1995,3402,3402,2010,0,16,16,9,15,0.6
uk-eu-1995,3420,3420,2006,0,16,16,10,15,0.6666666666666666
uk-eu-1995,3426,3426,2012,1,11,11,9,10,0.8
uk-eu-1995,3433,3433,2013,0,17,17,10,16,0.625
uk-eu-1995,3434,3434,2015,1,21,21,11,20,0.5
uk-eu-1995,3437,3437,2003,0,14,14,6,13,0.4615384615384615
uk-eu-1995,3506,3506,2009,1,14,14,9,13,0.6153846153846154
uk-eu-1995,3509,3509,2007,0,18,18,10,17,0.5882352941176471
uk-eu-1995,3520,3520,2003,0,14,14,6,13,0.4615384615384615
uk-eu-1995,3523,3523,2013,1,17,17,10,16,0.5625
uk-eu-1995,3528,3528,2015,0,21,21,11,20,0.55
uk-eu-1995,3537,3537,2008,0,11,11,6,10,0.6
uk-eu-1995,3601,3601,2004,1,16,16,10,15,0.6
uk-eu-1995,3604,3604,2014,0,15,15,9,14,0.6428571428571429
uk-eu-1995,3611,3611,2011,0,15,15,5,14,0.3571428571428571
uk-eu-1995,3617,3617,2015,1,21,21,11,20,0.5
uk-eu-1995,3622,3622,2002,0,20,20,10,19,0.5263157894736842
uk-eu-1995,3627,3627,2002,1,20,20,10,19,0.4736842105263158
uk-eu-1995,3704,3704,2009,1,14,14,9,13,0.6153846153846154
uk-eu-1995,3707,3707,2014,1,15,15,9,14,0.5714285714285714
uk-eu-1995,3719,3719,2010,0,16,16,9,15,0.6
uk-eu-1995,3726,3726,2013,1,17,17,10,16,0.5625
uk-eu-1995,3727,3727,2015,1,21,21,11,20,0.5
uk-eu-1995,3732,3732,2015,0,21,21,11,20,0.55
uk-eu-1995,3733,3733,2012,1,11,11,9,10,0.8
uk-eu-1995,3737,3737,2013,1,17,17,10,16,0.5625
uk-eu-1995,3801,3801,2001,1,15,15,7,14,0.42857142857142855
uk-eu-1995,3819,3819,2006,0,16,16,10,15,0.6666666666666666
uk-eu-1995,3829,3829,2001,1,15,15,7,14,0.42857142857142855
uk-eu-1995,3832,3832,2005,0,15,15,7,14,0.5
uk-eu-1995,3837,3837,2008,1,11,11,6,10,0.5
uk-eu-1995,3901,3901,2001,0,15,15,7,14,0.5
uk-eu-1995,3913,3913,2007,1,18,18,10,17,0.5294117647058824
uk-eu-1995,3919,3919,2001,0,15,15,7,14,0.5
uk-eu-1995,3928,3928,2004,0,16,16,10,15,0.6666666666666666
uk-eu-1995,4004,4004,2002,0,20,20,10,19,0.5263157894736842
uk-eu-1995,4011,4011,2009,1,14,14,9,13,0.6153846153846154
uk-eu-1995,4016,4016,2006,1,16,16,10,15,0.6
uk-eu-1995,4017,4017,2011,0,15,15,5,14,0.3571428571428571
uk-eu-1995,4023,4023,2005,0,15,15,7,14,0.5
uk-eu-1995,4108,4108,2002,0,20,20,10,19,0.5263157894736842
uk-eu-1995,4121,4121,2001,0,15,15,7,14,0.5
uk-eu-1995,4123,4123,2002,0,20,20,10,19,0.5263157894736842
uk-eu-1995,4131,4131,2008,1,11,11,6,10,0.5
uk-eu-1995,4135,4135,2007,0,18,18,10,17,0.5882352941176471
uk-eu-1995,4202,4202,2002,1,20,20,10,19,0.4736842105263158
uk-eu-1995,4309,4309,2011,0,15,15,5,14,0.3571428571428571
uk-eu-1995,4316,4316,2099,0,4,4,1,3,0.33333333333333337
uk-eu-1995,4326,4326,2006,1,16,16,10,15,0.6
uk-eu-1995,4333,4333,2007,0,18,18,10,17,0.5882352941176471
uk-eu-1995,4427,4427,2015,1,21,21,11,20,0.5
uk-eu-1995,4433,4433,2012,1,11,11,9,10,0.8
uk-eu-1995,4434,4434,2007,1,18,18,10,17,0.5294117647058824
uk-eu-1995,4507,4507,2010,1,16,16,9,15,0.5333333333333333
uk-eu-1995,4510,4510,2010,0,16,16,9,15,0.6
uk-eu-1995,4512,4512,2009,0,14,14,9,13,0.6923076923076923
uk-eu-1995,4517,4517,2011,0,15,15,5,14,0.3571428571428571
uk-eu-1995,4537,4537,2011,0,15,15,5,14,0.3571428571428571
uk-eu-1995,4602,4602,2005,1,15,15,7,14,0.42857142857142855
uk-eu-1995,4604,4604,2011,1,15,15,5,14,0.2857142857142857
uk-eu-1995,4610,4610,2003,1,14,14,6,13,0.38461538461538464
uk-eu-1995,4622,4622,2001,1,15,15,7,14,0.42857142857142855
uk-eu-1995,4623,4623,2012,1,11,11,9,10,0.8
uk-eu-1995,4706,4706,2004,0,16,16,10,15,0.6666666666666666
uk-eu-1995,4732,4732,2003,1,14,14,6,13,0.38461538461538464
uk-eu-1995,4801,4801,2004,1,16,16,10,15,0.6
uk-eu-1995,4811,4811,2002,0,20,20,10,19,0.5263157894736842
uk-eu-1995,4820,4820,2009,1,14,14,9,13,0.6153846153846154
uk-eu-1995,4822,4822,2002,1,20,20,10,19,0.4736842105263158
uk-eu-1995,4908,4908,2004,1,16,16,10,15,0.6
uk-eu-1995,4916,4916,2002,1,20,20,10,19,0.4736842105263158
uk-eu-1995,4917,4917,2005,0,15,15,7,14,0.5
uk-eu-1995,4919,4919,2013,1,17,17,10,16,0.5625
uk-eu-1995,4922,4922,2006,1,16,16,10,15,0.6
uk-eu-1995,4923,4923,2005,0,15,15,7,14,0.5
uk-eu-1995,5004,5004,2014,1,15,15,9,14,0.5714285714285714
uk-eu-1995,5008,5008,2008,0,11,11,6,10,0.6
uk-eu-1995,5010,5010,2007,1,18,18,10,17,0.5294117647058824
uk-eu-1995,5022,5022,2099,0,4,4,1,3,0.33333333333333337
uk-eu-1995,5025,5025,2011,1,15,15,5,14,0.2857142857142857
uk-eu-1995,5026,5026,2013,1,17,17,10,16,0.5625
uk-eu-1995,5028,5028,2001,1,15,15,7,14,0.42857142857142855
uk-health-1998,2703,2703,2208,1,17,17,9,16,0.5
uk-health-1998,318,318,2203,1,16,16,10,15,0.6
uk-health-1998,2333,2333,2208,1,17,17,9,16,0.5
uk-health-1998,2214,2214,2203,1,16,16,10,15,0.6
uk-health-1998,3010,3010,2212,0,17,17,11,16,0.6875
uk-health-1998,1531,1531,2203,1,16,16,10,15,0.6
uk-health-1998,731,731,2211,1,16,16,8,15,0.4666666666666667
uk-health-1998,4909,4909,2215,0,15,15,9,14,0.6428571428571429
uk-health-1998,910,910,2212,1,17,17,11,16,0.625
uk-health-1998,612,612,2207,0,14,14,9,13,0.6923076923076923
uk-health-1998,5027,5027,2208,0,17,17,9,16,0.5625
uk-health-1998,803,803,2214,0,17,17,11,16,0.6875
uk-health-1998,4918,4918,2209,1,16,16,8,15,0.4666666666666667
uk-health-1998,5025,5025,2213,0,14,14,9,13,0.6923076923076923
uk-health-1998,1322,1322,2207,0,14,14,9,13,0.6923076923076923
uk-health-1998,3621,3621,2214,1,17,17,11,16,0.625
uk-health-1998,4314,4314,2205,1,15,15,9,14,0.5714285714285714
uk-health-1998,4710,4710,2207,1,14,14,9,13,0.6153846153846154
uk-health-1998,216,216,2205,1,15,15,9,14,0.5714285714285714
uk-health-1998,4831,4831,2214,0,17,17,11,16,0.6875
uk-health-1998,4632,4632,2204,1,15,15,10,14,0.6428571428571428
uk-health-1998,4407,4407,2206,1,16,16,10,15,0.6
uk-health-1998,3920,3920,2206,0,16,16,10,15,0.6666666666666666
uk-health-1998,2607,2607,2214,1,17,17,11,16,0.625
uk-health-1998,1414,1414,2206,1,16,16,10,15,0.6
uk-health-1998,3003,3003,2206,1,16,16,10,15,0.6
uk-health-1998,2922,2922,2214,1,17,17,11,16,0.625
uk-health-1998,1127,1127,2210,1,13,13,8,12,0.5833333333333334
uk-health-1998,1201,1201,2207,1,14,14,9,13,0.6153846153846154
uk-health-1998,4524,4524,2209,0,16,16,8,15,0.5333333333333333
uk-health-1998,119,119,2212,1,17,17,11,16,0.625
uk-health-1998,225,225,2214,1,17,17,11,16,0.625
uk-health-1998,4424,4424,2202,1,14,14,10,13,0.6923076923076923
uk-health-1998,128,128,2202,1,14,14,10,13,0.6923076923076923
uk-health-1998,504,504,2209,0,16,16,8,15,0.5333333333333333
uk-health-1998,3132,3132,2208,1,17,17,9,16,0.5
uk-health-1998,1025,1025,2212,1,17,17,11,16,0.625
uk-health-1998,204,204,2208,0,17,17,9,16,0.5625
uk-health-1998,2929,2929,2207,1,14,14,9,13,0.6153846153846154
uk-health-1998,1022,1022,2206,0,16,16,10,15,0.6666666666666666
uk-health-1998,3813,3813,2203,0,16,16,10,15,0.6666666666666666
uk-health-1998,708,708,2211,1,16,16,8,15,0.4666666666666667
uk-health-1998,1933,1933,2207,1,14,14,9,13,0.6153846153846154
uk-health-1998,220,220,2215,1,15,15,9,14,0.5714285714285714
uk-health-1998,3025,3025,2213,1,14,14,9,13,0.6153846153846154
uk-health-1998,501,501,2206,0,16,16,10,15,0.6666666666666666
uk-health-1998,3233,3233,2214,1,17,17,11,16,0.625
uk-health-1998,530,530,2211,1,16,16,8,15,0.4666666666666667
uk-health-1998,4920,4920,2206,1,16,16,10,15,0.6
uk-health-1998,3807,3807,2204,1,15,15,10,14,0.6428571428571428
uk-health-1998,4015,4015,2203,1,16,16,10,15,0.6
uk-health-1998,3309,3309,2207,1,14,14,9,13,0.6153846153846154
uk-health-1998,1015,1015,2213,0,14,14,9,13,0.6923076923076923
uk-health-1998,317,317,2211,0,16,16,8,15,0.5333333333333333
uk-health-1998,1901,1901,2212,0,17,17,11,16,0.6875
uk-health-1998,127,127,2215,0,15,15,9,14,0.6428571428571429
uk-health-1998,1304,1304,2205,1,15,15,9,14,0.5714285714285714
uk-health-1998,117,117,2213,1,14,14,9,13,0.6153846153846154
uk-health-1998,4416,4416,2214,1,17,17,11,16,0.625
uk-health-1998,4813,4813,2204,1,15,15,10,14,0.6428571428571428
uk-health-1998,1133,1133,2207,0,14,14,9,13,0.6923076923076923
uk-health-1998,4630,4630,2209,1,16,16,8,15,0.4666666666666667
uk-health-1998,1630,1630,2204,1,15,15,10,14,0.6428571428571428
uk-health-1998,4705,4705,2213,1,14,14,9,13,0.6153846153846154
uk-health-1998,4712,4712,2201,1,15,15,8,14,0.5
uk-health-1998,819,819,2202,1,14,14,10,13,0.6923076923076923
uk-health-1998,4722,4722,2215,0,15,15,9,14,0.6428571428571429
uk-health-1998,4531,4531,2204,1,15,15,10,14,0.6428571428571428
uk-health-1998,4121,4121,2201,0,15,15,8,14,0.5714285714285714
uk-health-1998,4733,4733,2201,1,15,15,8,14,0.5
uk-health-1998,3707,3707,2214,1,17,17,11,16,0.625
uk-health-1998,3433,3433,2214,0,17,17,11,16,0.6875
uk-health-1998,4324,4324,2210,0,13,13,8,12,0.6666666666666666
uk-health-1998,515,515,2203,0,16,16,10,15,0.6666666666666666
uk-health-1998,631,631,2211,0,16,16,8,15,0.5333333333333333
uk-health-1998,3932,3932,2211,1,16,16,8,15,0.4666666666666667
uk-health-1998,1623,1623,2204,0,15,15,10,14,0.7142857142857143
uk-health-1998,929,929,2208,0,17,17,9,16,0.5625
uk-health-1998,4125,4125,2204,1,15,15,10,14,0.6428571428571429
uk-health-1998,325,325,2203,1,16,16,10,15,0.6
uk-health-1998,4328,4328,2202,1,14,14,10,13,0.6923076923076923
uk-health-1998,2314,2314,2212,1,17,17,11,16,0.625
uk-health-1998,821,821,2214,1,17,17,11,16,0.625
uk-health-1998,1624,1624,2212,1,17,17,11,16,0.625
uk-health-1998,3830,3830,2208,0,17,17,9,16,0.5625
uk-health-1998,5022,5022,2208,1,17,17,9,16,0.5
uk-health-1998,4016,4016,2206,1,16,16,10,15,0.6
uk-health-1998,4406,4406,2208,1,17,17,9,16,0.5
uk-health-1998,2131,2131,2207,1,14,14,9,13,0.6153846153846154
uk-health-1998,3926,3926,2205,0,15,15,9,14,0.6428571428571429
uk-health-1998,3828,3828,2201,0,15,15,8,14,0.5714285714285714
uk-health-1998,3710,3710,2210,0,13,13,8,12,0.6666666666666666
uk-health-1998,3428,3428,2208,1,17,17,9,16,0.5
uk-health-1998,3005,3005,2210,0,13,13,8,12,0.6666666666666666
uk-health-1998,3202,3202,2211,0,16,16,8,15,0.5333333333333333
uk-health-1998,329,329,2208,1,17,17,9,16,0.5
uk-health-1998,2324,2324,2212,0,17,17,11,16,0.6875
uk-health-1998,4423,4423,2204,0,15,15,10,14,0.7142857142857143
uk-health-1998,4429,4429,2211,0,16,16,8,15,0.5333333333333333
uk-health-1998,3814,3814,2206,0,16,16,10,15,0.6666666666666666
uk-health-1998,4417,4417,2201,1,15,15,8,14,0.5
uk-health-1998,3809,3809,2208,1,17,17,9,16,0.5
uk-health-1998,3529,3529,2203,1,16,16,10,15,0.6
uk-health-1998,2116,2116,2211,0,16,16,8,15,0.5333333333333333
uk-health-1998,2918,2918,2212,1,17,17,11,16,0.625
uk-health-1998,928,928,2205,1,15,15,9,14,0.5714285714285714
uk-health-1998,4730,4730,2205,1,15,15,9,14,0.5714285714285714
uk-health-1998,4926,4926,2208,1,17,17,9,16,0.5
uk-health-1998,211,211,2215,1,15,15,9,14,0.5714285714285714
uk-health-1998,4821,4821,2206,0,16,16,10,15,0.6666666666666666
uk-health-1998,915,915,2215,1,15,15,9,14,0.5714285714285714
uk-health-1998,826,826,2214,1,17,17,11,16,0.625
uk-health-1998,4818,4818,2213,1,14,14,9,13,0.6153846153846154
uk-health-1998,3625,3625,2202,0,14,14,10,13,0.7692307692307693
uk-health-1998,4811,4811,2204,1,15,15,10,14,0.6428571428571429
uk-health-1998,1821,1821,2211,1,16,16,8,15,0.4666666666666667
uk-health-1998,726,726,2210,1,13,13,8,12,0.5833333333333334
uk-health-1998,4512,4512,2207,0,14,14,9,13,0.6923076923076923
uk-health-1998,3128,3128,2210,1,13,13,8,12,0.5833333333333334
uk-health-1998,4330,4330,2214,1,17,17,11,16,0.625
uk-health-1998,1117,1117,2202,1,14,14,10,13,0.6923076923076923
uk-health-1998,2318,2318,2209,1,16,16,8,15,0.4666666666666667
uk-health-1998,3412,3412,2203,1,16,16,10,15,0.6
uk-health-1998,2810,2810,2205,1,15,15,9,14,0.5714285714285714
uk-health-1998,630,630,2204,0,15,15,10,14,0.7142857142857143
uk-health-1998,3819,3819,2201,0,15,15,8,14,0.5714285714285714
uk-health-1998,5029,5029,2213,0,14,14,9,13,0.6923076923076923
uk-health-1998,5020,5020,2205,1,15,15,9,14,0.5714285714285714
uk-health-1998,2933,2933,2204,0,15,15,10,14,0.7142857142857143
uk-health-1998,3611,3611,2209,0,16,16,8,15,0.5333333333333333
uk-health-1998,2522,2522,2211,1,16,16,8,15,0.4666666666666667
uk-health-1998,3605,3605,2208,0,17,17,9,16,0.5625
uk-health-1998,3129,3129,2202,1,14,14,10,13,0.6923076923076923
uk-health-1998,3623,3623,2212,0,17,17,11,16,0.6875
uk-health-1998,2927,2927,2213,0,14,14,9,13,0.6923076923076923
uk-health-1998,4307,4307,2201,1,15,15,8,14,0.5
uk-health-1998,5005,5005,2213,1,14,14,9,13,0.6153846153846154
uk-health-1998,3731,3731,2210,1,13,13,8,12,0.5833333333333334
uk-health-1998,3327,3327,2202,1,14,14,10,13,0.6923076923076923
uk-health-1998,4803,4803,2213,1,14,14,9,13,0.6153846153846154
uk-health-1998,4231,4231,2206,0,16,16,10,15,0.6666666666666666
uk-health-1998,4208,4208,2209,0,16,16,8,15,0.5333333333333333
uk-health-1998,2323,2323,2215,0,15,15,9,14,0.6428571428571429
uk-health-1998,3001,3001,2210,0,13,13,8,12,0.6666666666666666
uk-health-1998,1409,1409,2215,1,15,15,9,14,0.5714285714285714
uk-health-1998,4305,4305,2215,1,15,15,9,14,0.5714285714285714
uk-health-1998,4430,4430,2210,1,13,13,8,12,0.5833333333333334
uk-health-1998,4622,4622,2206,1,16,16,10,15,0.6
uk-health-1998,5031,5031,2212,1,17,17,11,16,0.625
uk-health-1998,3224,3224,2215,1,15,15,9,14,0.5714285714285714
uk-health-1998,3220,3220,2214,0,17,17,11,16,0.6875
uk-health-1998,1328,1328,2212,1,17,17,11,16,0.625
uk-health-1998,2401,2401,2206,1,16,16,10,15,0.6
uk-health-1998,3212,3212,2211,0,16,16,8,15,0.5333333333333333
uk-health-1998,4028,4028,2203,0,16,16,10,15,0.6666666666666666
uk-health-1998,2118,2118,2207,0,14,14,9,13,0.6923076923076923
uk-health-1998,223,223,2210,1,13,13,8,12,0.5833333333333334
uk-health-1998,1902,1902,2213,1,14,14,9,13,0.6153846153846154
uk-health-1998,3118,3118,2203,1,16,16,10,15,0.6
uk-health-1998,1102,1102,2204,0,15,15,10,14,0.7142857142857143
uk-health-1998,1107,1107,2201,1,15,15,8,14,0.5
uk-health-1998,4823,4823,2205,0,15,15,9,14,0.6428571428571429
uk-health-1998,4929,4929,2202,0,14,14,10,13,0.7692307692307693
uk-health-1998,1216,1216,2205,1,15,15,9,14,0.5714285714285714
uk-health-1998,2329,2329,2207,1,14,14,9,13,0.6153846153846154
uk-health-1998,4714,4714,2204,1,15,15,10,14,0.6428571428571429
uk-health-1998,122,122,2209,1,16,16,8,15,0.4666666666666667
uk-health-1998,2216,2216,2206,1,16,16,10,15,0.6
uk-health-1998,3706,3706,2203,0,16,16,10,15,0.6666666666666666
uk-health-1998,702,702,2212,1,17,17,11,16,0.625
uk-health-1998,3126,3126,2213,0,14,14,9,13,0.6923076923076923
uk-health-1998,2721,2721,2204,1,15,15,10,14,0.6428571428571429
uk-health-1998,1919,1919,2215,0,15,15,9,14,0.6428571428571429
uk-health-1998,2124,2124,2208,0,17,17,9,16,0.5625
uk-health-1998,2029,2029,2203,1,16,16,10,15,0.6
uk-health-1998,4114,4114,2208,0,17,17,9,16,0.5625
uk-health-1998,409,409,2205,0,15,15,9,14,0.6428571428571429
uk-health-1998,709,709,2209,1,16,16,8,15,0.4666666666666667
uk-health-1998,1815,1815,2215,1,15,15,9,14,0.5714285714285714
uk-health-1998,2809,2809,2213,1,14,14,9,13,0.6153846153846154
uk-health-1998,3119,3119,2209,1,16,16,8,15,0.4666666666666667
uk-health-1998,4903,4903,2210,0,13,13,8,12,0.6666666666666666
uk-health-1998,4809,4809,2206,1,16,16,10,15,0.6
uk-health-1998,817,817,2202,1,14,14,10,13,0.6923076923076923
uk-health-1998,512,512,2207,1,14,14,9,13,0.6153846153846154
uk-health-1998,524,524,2206,1,16,16,10,15,0.6
uk-health-1998,2008,2008,2201,0,15,15,8,14,0.5714285714285714
uk-health-1998,3808,3808,2202,1,14,14,10,13,0.6923076923076923
uk-health-1998,3821,3821,2212,1,17,17,11,16,0.625
uk-health-1998,4110,4110,2215,1,15,15,9,14,0.5714285714285714
uk-health-1998,3608,3608,2211,1,16,16,8,15,0.4666666666666667
uk-health-1998,2432,2432,2203,1,16,16,10,15,0.6
uk-health-1998,2633,2633,2202,0,14,14,10,13,0.7692307692307693
uk-health-1998,3117,3117,2204,1,15,15,10,14,0.6428571428571429
uk-health-1998,3316,3316,2209,1,16,16,8,15,0.4666666666666667
uk-health-1998,2031,2031,2211,0,16,16,8,15,0.5333333333333333
uk-health-1998,3931,3931,2208,0,17,17,9,16,0.5625
uk-health-1998,1433,1433,2201,1,15,15,8,14,0.5
uk-health-1998,2622,2622,2209,1,16,16,8,15,0.4666666666666667
uk-health-1998,3330,3330,2209,0,16,16,8,15,0.5333333333333333
uk-health-1998,3102,3102,2203,0,16,16,10,15,0.6666666666666666
uk-health-1998,2614,2614,2214,0,17,17,11,16,0.6875
uk-health-1998,1804,1804,2212,0,17,17,11,16,0.6875
uk-health-1998,213,213,2205,0,15,15,9,14,0.6428571428571429
uk-health-1998,3622,3622,2201,0,15,15,8,14,0.5714285714285714
uk-health-1998,3230,3230,2201,0,15,15,8,14,0.5714285714285714
uk-health-1998,5032,5032,2211,1,16,16,8,15,0.4666666666666667
uk-health-1998,321,321,2209,0,16,16,8,15,0.5333333333333333
uk-health-1998,1620,1620,2207,1,14,14,9,13,0.6153846153846154
uk-health-1998,2302,2302,2215,0,15,15,9,14,0.6428571428571428
uk-health-1998,4133,4133,2201,0,15,15,8,14,0.5714285714285714
uk-health-1998,2632,2632,2202,0,14,14,10,13,0.7692307692307693
uk-health-1998,3626,3626,2210,1,13,13,8,12,0.5833333333333334
uk-health-1998,3606,3606,2205,0,15,15,9,14,0.6428571428571429
uk-health-1998,4010,4010,2209,0,16,16,8,15,0.5333333333333333
uk-health-1998,1016,1016,2214,1,17,17,11,16,0.625
uk-health-1998,3709,3709,2212,0,17,17,11,16,0.6875
uk-health-1998,716,716,2215,1,15,15,9,14,0.5714285714285714
uk-health-1998,2020,2020,2214,0,17,17,11,16,0.6875
uk-health-1998,503,503,2210,1,13,13,8,12,0.5833333333333334
uk-health-1998,3121,3121,2201,1,15,15,8,14,0.5
uk-health-1998,2330,2330,2213,1,14,14,9,13,0.6153846153846154
uk-health-1998,4002,4002,2212,1,17,17,11,16,0.625
uk-health-1998,1222,1222,2203,0,16,16,10,15,0.6666666666666666
uk-health-1998,2431,2431,2201,1,15,15,8,14,0.5
uk-health-1998,4018,4018,2205,0,15,15,9,14,0.6428571428571429
uk-health-1998,2224,2224,2211,0,16,16,8,15,0.5333333333333333
uk-health-1998,2306,2306,2202,1,14,14,10,13,0.6923076923076923
uk-health-1998,3208,3208,2209,0,16,16,8,15,0.5333333333333333
uk-health-1998,326,326,2205,1,15,15,9,14,0.5714285714285714
uk-monarchy-1996,cdd-uk-monarchy-1996-survey:source-row-600,1600,2303,0,18,18,8,17,0.4705882352941176
uk-monarchy-1996,cdd-uk-monarchy-1996-survey:source-row-601,1601,2309,0,19,19,10,18,0.5555555555555556
uk-monarchy-1996,cdd-uk-monarchy-1996-survey:source-row-602,1602,2310,0,15,15,7,14,0.5
uk-monarchy-1996,cdd-uk-monarchy-1996-survey:source-row-603,1603,2307,0,17,17,7,16,0.4375
uk-monarchy-1996,cdd-uk-monarchy-1996-survey:source-row-604,1604,2303,1,18,18,8,17,0.411764705882353
uk-monarchy-1996,cdd-uk-monarchy-1996-survey:source-row-605,1605,2303,1,18,18,8,17,0.411764705882353
uk-monarchy-1996,cdd-uk-monarchy-1996-survey:source-row-606,1606,2315,0,15,15,8,14,0.5714285714285714
uk-monarchy-1996,cdd-uk-monarchy-1996-survey:source-row-607,1607,2303,0,18,18,8,17,0.4705882352941176
uk-monarchy-1996,cdd-uk-monarchy-1996-survey:source-row-608,1608,2314,1,18,18,13,17,0.7058823529411765
uk-monarchy-1996,cdd-uk-monarchy-1996-survey:source-row-609,1609,2308,1,18,18,11,17,0.5882352941176471
uk-monarchy-1996,cdd-uk-monarchy-1996-survey:source-row-610,1610,2311,0,19,19,8,18,0.4444444444444444
uk-monarchy-1996,cdd-uk-monarchy-1996-survey:source-row-611,1611,2310,1,15,15,7,14,0.42857142857142855
uk-monarchy-1996,cdd-uk-monarchy-1996-survey:source-row-612,1612,2309,1,19,19,10,18,0.5
uk-monarchy-1996,cdd-uk-monarchy-1996-survey:source-row-613,1613,2314,0,18,18,13,17,0.7647058823529411
uk-monarchy-1996,cdd-uk-monarchy-1996-survey:source-row-614,1614,2303,0,18,18,8,17,0.4705882352941176
uk-monarchy-1996,cdd-uk-monarchy-1996-survey:source-row-615,1615,2314,1,18,18,13,17,0.7058823529411765
uk-monarchy-1996,cdd-uk-monarchy-1996-survey:source-row-616,1616,2305,0,13,13,7,12,0.5833333333333333
uk-monarchy-1996,cdd-uk-monarchy-1996-survey:source-row-617,1617,2315,0,15,15,8,14,0.5714285714285714
uk-monarchy-1996,cdd-uk-monarchy-1996-survey:source-row-618,1618,2309,0,19,19,10,18,0.5555555555555556
uk-monarchy-1996,cdd-uk-monarchy-1996-survey:source-row-619,1619,2307,0,17,17,7,16,0.4375
uk-monarchy-1996,cdd-uk-monarchy-1996-survey:source-row-620,1620,2306,1,19,19,10,18,0.5
uk-monarchy-1996,cdd-uk-monarchy-1996-survey:source-row-621,1621,2309,1,19,19,10,18,0.5
uk-monarchy-1996,cdd-uk-monarchy-1996-survey:source-row-622,1622,2302,0,18,18,11,17,0.6470588235294118
uk-monarchy-1996,cdd-uk-monarchy-1996-survey:source-row-623,1623,2310,1,15,15,7,14,0.42857142857142855
uk-monarchy-1996,cdd-uk-monarchy-1996-survey:source-row-624,1624,2303,0,18,18,8,17,0.4705882352941176
uk-monarchy-1996,cdd-uk-monarchy-1996-survey:source-row-625,1625,2306,0,19,19,10,18,0.5555555555555556
uk-monarchy-1996,cdd-uk-monarchy-1996-survey:source-row-626,1626,2305,1,13,13,7,12,0.5
uk-monarchy-1996,cdd-uk-monarchy-1996-survey:source-row-627,1627,2302,0,18,18,11,17,0.6470588235294118
uk-monarchy-1996,cdd-uk-monarchy-1996-survey:source-row-628,1628,2311,1,19,19,8,18,0.3888888888888889
uk-monarchy-1996,cdd-uk-monarchy-1996-survey:source-row-629,1629,2315,1,15,15,8,14,0.5
uk-monarchy-1996,cdd-uk-monarchy-1996-survey:source-row-630,1630,2314,1,18,18,13,17,0.7058823529411765
uk-monarchy-1996,cdd-uk-monarchy-1996-survey:source-row-631,1631,2311,0,19,19,8,18,0.4444444444444444
uk-monarchy-1996,cdd-uk-monarchy-1996-survey:source-row-632,1632,2309,1,19,19,10,18,0.5
uk-monarchy-1996,cdd-uk-monarchy-1996-survey:source-row-633,1633,2314,0,18,18,13,17,0.7647058823529411
uk-monarchy-1996,cdd-uk-monarchy-1996-survey:source-row-634,1634,2308,0,18,18,11,17,0.6470588235294118
uk-monarchy-1996,cdd-uk-monarchy-1996-survey:source-row-635,1635,2312,0,17,17,9,16,0.5625
uk-monarchy-1996,cdd-uk-monarchy-1996-survey:source-row-636,1636,2303,0,18,18,8,17,0.4705882352941176
uk-monarchy-1996,cdd-uk-monarchy-1996-survey:source-row-637,1637,2312,0,17,17,9,16,0.5625
uk-monarchy-1996,cdd-uk-monarchy-1996-survey:source-row-638,1638,2312,0,17,17,9,16,0.5625
uk-monarchy-1996,cdd-uk-monarchy-1996-survey:source-row-639,1639,2309,1,19,19,10,18,0.5
uk-monarchy-1996,cdd-uk-monarchy-1996-survey:source-row-640,1640,2309,0,19,19,10,18,0.5555555555555556
uk-monarchy-1996,cdd-uk-monarchy-1996-survey:source-row-641,1641,2314,1,18,18,13,17,0.7058823529411765
uk-monarchy-1996,cdd-uk-monarchy-1996-survey:source-row-642,1642,2313,1,16,16,7,15,0.4
uk-monarchy-1996,cdd-uk-monarchy-1996-survey:source-row-643,1643,2302,1,18,18,11,17,0.5882352941176471
uk-monarchy-1996,cdd-uk-monarchy-1996-survey:source-row-644,1644,2310,0,15,15,7,14,0.5
uk-monarchy-1996,cdd-uk-monarchy-1996-survey:source-row-645,1645,2302,1,18,18,11,17,0.5882352941176471
uk-monarchy-1996,cdd-uk-monarchy-1996-survey:source-row-646,1646,2315,0,15,15,8,14,0.5714285714285714
uk-monarchy-1996,cdd-uk-monarchy-1996-survey:source-row-647,1647,2316,1,19,19,9,18,0.4444444444444444
uk-monarchy-1996,cdd-uk-monarchy-1996-survey:source-row-648,1648,2309,1,19,19,10,18,0.5
uk-monarchy-1996,cdd-uk-monarchy-1996-survey:source-row-649,1649,2307,0,17,17,7,16,0.4375
uk-monarchy-1996,cdd-uk-monarchy-1996-survey:source-row-650,1650,2308,0,18,18,11,17,0.6470588235294118
uk-monarchy-1996,cdd-uk-monarchy-1996-survey:source-row-651,1651,2303,0,18,18,8,17,0.4705882352941176
uk-monarchy-1996,cdd-uk-monarchy-1996-survey:source-row-652,1652,2316,1,19,19,9,18,0.4444444444444444
uk-monarchy-1996,cdd-uk-monarchy-1996-survey:source-row-653,1653,2304,0,17,17,11,16,0.6875
uk-monarchy-1996,cdd-uk-monarchy-1996-survey:source-row-654,1654,2305,1,13,13,7,12,0.5
uk-monarchy-1996,cdd-uk-monarchy-1996-survey:source-row-655,1655,2315,0,15,15,8,14,0.5714285714285714
uk-monarchy-1996,cdd-uk-monarchy-1996-survey:source-row-656,1656,2304,1,17,17,11,16,0.625
uk-monarchy-1996,cdd-uk-monarchy-1996-survey:source-row-657,1657,2303,1,18,18,8,17,0.4117647058823529
uk-monarchy-1996,cdd-uk-monarchy-1996-survey:source-row-658,1658,2313,0,16,16,7,15,0.4666666666666667
uk-monarchy-1996,cdd-uk-monarchy-1996-survey:source-row-659,1659,2311,1,19,19,8,18,0.3888888888888889
uk-monarchy-1996,cdd-uk-monarchy-1996-survey:source-row-660,1660,2304,0,17,17,11,16,0.6875
uk-monarchy-1996,cdd-uk-monarchy-1996-survey:source-row-661,1661,2311,0,19,19,8,18,0.4444444444444444
uk-monarchy-1996,cdd-uk-monarchy-1996-survey:source-row-662,1662,2313,0,16,16,7,15,0.4666666666666667
uk-monarchy-1996,cdd-uk-monarchy-1996-survey:source-row-663,1663,2303,1,18,18,8,17,0.4117647058823529
uk-monarchy-1996,cdd-uk-monarchy-1996-survey:source-row-664,1664,2302,1,18,18,11,17,0.5882352941176471
uk-monarchy-1996,cdd-uk-monarchy-1996-survey:source-row-665,1665,2313,1,16,16,7,15,0.4
uk-monarchy-1996,cdd-uk-monarchy-1996-survey:source-row-666,1666,2313,1,16,16,7,15,0.4
uk-monarchy-1996,cdd-uk-monarchy-1996-survey:source-row-667,1667,2305,0,13,13,7,12,0.5833333333333333
uk-monarchy-1996,cdd-uk-monarchy-1996-survey:source-row-668,1668,2315,1,15,15,8,14,0.5
uk-monarchy-1996,cdd-uk-monarchy-1996-survey:source-row-669,1669,2310,0,15,15,7,14,0.5
uk-monarchy-1996,cdd-uk-monarchy-1996-survey:source-row-670,1670,2312,1,17,17,9,16,0.5
uk-monarchy-1996,cdd-uk-monarchy-1996-survey:source-row-671,1671,2312,1,17,17,9,16,0.5
uk-monarchy-1996,cdd-uk-monarchy-1996-survey:source-row-672,1672,2316,0,19,19,9,18,0.5
uk-monarchy-1996,cdd-uk-monarchy-1996-survey:source-row-673,1673,2304,1,17,17,11,16,0.625
uk-monarchy-1996,cdd-uk-monarchy-1996-survey:source-row-674,1674,2308,1,18,18,11,17,0.5882352941176471
uk-monarchy-1996,cdd-uk-monarchy-1996-survey:source-row-675,1675,2308,1,18,18,11,17,0.5882352941176471
uk-monarchy-1996,cdd-uk-monarchy-1996-survey:source-row-676,1676,2308,0,18,18,11,17,0.6470588235294118
uk-monarchy-1996,cdd-uk-monarchy-1996-survey:source-row-677,1677,2316,1,19,19,9,18,0.4444444444444444
uk-monarchy-1996,cdd-uk-monarchy-1996-survey:source-row-678,1678,2309,0,19,19,10,18,0.5555555555555556
uk-monarchy-1996,cdd-uk-monarchy-1996-survey:source-row-679,1679,2305,1,13,13,7,12,0.5
uk-monarchy-1996,cdd-uk-monarchy-1996-survey:source-row-680,1680,2314,1,18,18,13,17,0.7058823529411765
uk-monarchy-1996,cdd-uk-monarchy-1996-survey:source-row-681,1681,2315,0,15,15,8,14,0.5714285714285714
uk-monarchy-1996,cdd-uk-monarchy-1996-survey:source-row-682,1682,2303,1,18,18,8,17,0.4117647058823529
uk-monarchy-1996,cdd-uk-monarchy-1996-survey:source-row-683,1683,2305,1,13,13,7,12,0.5
uk-monarchy-1996,cdd-uk-monarchy-1996-survey:source-row-684,1684,2306,1,19,19,10,18,0.5
uk-monarchy-1996,cdd-uk-monarchy-1996-survey:source-row-685,1685,2313,0,16,16,7,15,0.4666666666666667
uk-monarchy-1996,cdd-uk-monarchy-1996-survey:source-row-686,1686,2310,0,15,15,7,14,0.5
uk-monarchy-1996,cdd-uk-monarchy-1996-survey:source-row-687,1687,2315,1,15,15,8,14,0.5
uk-monarchy-1996,cdd-uk-monarchy-1996-survey:source-row-688,1688,2311,1,19,19,8,18,0.3888888888888889
uk-monarchy-1996,cdd-uk-monarchy-1996-survey:source-row-689,1689,2315,1,15,15,8,14,0.5
uk-monarchy-1996,cdd-uk-monarchy-1996-survey:source-row-690,1690,2311,1,19,19,8,18,0.3888888888888889
uk-monarchy-1996,cdd-uk-monarchy-1996-survey:source-row-691,1691,2307,0,17,17,7,16,0.4375
uk-monarchy-1996,cdd-uk-monarchy-1996-survey:source-row-692,1692,2307,0,17,17,7,16,0.4375
uk-monarchy-1996,cdd-uk-monarchy-1996-survey:source-row-693,1693,2306,0,19,19,10,18,0.5555555555555556
uk-monarchy-1996,cdd-uk-monarchy-1996-survey:source-row-694,1694,2304,1,17,17,11,16,0.625
uk-monarchy-1996,cdd-uk-monarchy-1996-survey:source-row-695,1695,2303,0,18,18,8,17,0.4705882352941176
uk-monarchy-1996,cdd-uk-monarchy-1996-survey:source-row-696,1696,2307,0,17,17,7,16,0.4375
uk-monarchy-1996,cdd-uk-monarchy-1996-survey:source-row-697,1697,2313,0,16,16,7,15,0.4666666666666667
uk-monarchy-1996,cdd-uk-monarchy-1996-survey:source-row-698,1698,2312,0,17,17,9,16,0.5625
uk-monarchy-1996,cdd-uk-monarchy-1996-survey:source-row-699,1699,2302,1,18,18,11,17,0.5882352941176471
uk-monarchy-1996,cdd-uk-monarchy-1996-survey:source-row-700,1700,2310,1,15,15,7,14,0.42857142857142855
uk-monarchy-1996,cdd-uk-monarchy-1996-survey:source-row-701,1701,2307,1,17,17,7,16,0.375
uk-monarchy-1996,cdd-uk-monarchy-1996-survey:source-row-702,1702,2304,0,17,17,11,16,0.6875
uk-monarchy-1996,cdd-uk-monarchy-1996-survey:source-row-703,1703,2312,1,17,17,9,16,0.5
uk-monarchy-1996,cdd-uk-monarchy-1996-survey:source-row-704,1704,2309,0,19,19,10,18,0.5555555555555556
uk-monarchy-1996,cdd-uk-monarchy-1996-survey:source-row-705,1705,2316,0,19,19,9,18,0.5
uk-monarchy-1996,cdd-uk-monarchy-1996-survey:source-row-706,1706,2302,0,18,18,11,17,0.6470588235294118
uk-monarchy-1996,cdd-uk-monarchy-1996-survey:source-row-707,1707,2307,0,17,17,7,16,0.4375
uk-monarchy-1996,cdd-uk-monarchy-1996-survey:source-row-708,1708,2316,1,19,19,9,18,0.4444444444444444
uk-monarchy-1996,cdd-uk-monarchy-1996-survey:source-row-709,1709,2312,0,17,17,9,16,0.5625
uk-monarchy-1996,cdd-uk-monarchy-1996-survey:source-row-710,1710,2306,1,19,19,10,18,0.5
uk-monarchy-1996,cdd-uk-monarchy-1996-survey:source-row-711,1711,2311,0,19,19,8,18,0.4444444444444444
uk-monarchy-1996,cdd-uk-monarchy-1996-survey:source-row-712,1712,2311,0,19,19,8,18,0.4444444444444444
uk-monarchy-1996,cdd-uk-monarchy-1996-survey:source-row-713,1713,2302,1,18,18,11,17,0.5882352941176471
uk-monarchy-1996,cdd-uk-monarchy-1996-survey:source-row-714,1714,2307,1,17,17,7,16,0.375
uk-monarchy-1996,cdd-uk-monarchy-1996-survey:source-row-715,1715,2311,0,19,19,8,18,0.4444444444444444
uk-monarchy-1996,cdd-uk-monarchy-1996-survey:source-row-716,1716,2302,0,18,18,11,17,0.6470588235294118
uk-monarchy-1996,cdd-uk-monarchy-1996-survey:source-row-717,1717,2308,0,18,18,11,17,0.6470588235294118
uk-monarchy-1996,cdd-uk-monarchy-1996-survey:source-row-718,1718,2309,1,19,19,10,18,0.5
uk-monarchy-1996,cdd-uk-monarchy-1996-survey:source-row-719,1719,2305,1,13,13,7,12,0.5
uk-monarchy-1996,cdd-uk-monarchy-1996-survey:source-row-720,1720,2306,1,19,19,10,18,0.5
uk-monarchy-1996,cdd-uk-monarchy-1996-survey:source-row-721,1721,2308,0,18,18,11,17,0.6470588235294118
uk-monarchy-1996,cdd-uk-monarchy-1996-survey:source-row-722,1722,2312,0,17,17,9,16,0.5625
uk-monarchy-1996,cdd-uk-monarchy-1996-survey:source-row-723,1723,2306,0,19,19,10,18,0.5555555555555556
uk-monarchy-1996,cdd-uk-monarchy-1996-survey:source-row-724,1724,2313,0,16,16,7,15,0.4666666666666667
uk-monarchy-1996,cdd-uk-monarchy-1996-survey:source-row-725,1725,2306,0,19,19,10,18,0.5555555555555556
uk-monarchy-1996,cdd-uk-monarchy-1996-survey:source-row-726,1726,2311,0,19,19,8,18,0.4444444444444444
uk-monarchy-1996,cdd-uk-monarchy-1996-survey:source-row-727,1727,2311,0,19,19,8,18,0.4444444444444444
uk-monarchy-1996,cdd-uk-monarchy-1996-survey:source-row-728,1728,2314,0,18,18,13,17,0.7647058823529411
uk-monarchy-1996,cdd-uk-monarchy-1996-survey:source-row-729,1729,2307,1,17,17,7,16,0.375
uk-monarchy-1996,cdd-uk-monarchy-1996-survey:source-row-730,1730,2314,1,18,18,13,17,0.7058823529411765
uk-monarchy-1996,cdd-uk-monarchy-1996-survey:source-row-731,1731,2302,1,18,18,11,17,0.5882352941176471
uk-monarchy-1996,cdd-uk-monarchy-1996-survey:source-row-732,1732,2304,1,17,17,11,16,0.625
uk-monarchy-1996,cdd-uk-monarchy-1996-survey:source-row-733,1733,2303,1,18,18,8,17,0.4117647058823529
uk-monarchy-1996,cdd-uk-monarchy-1996-survey:source-row-734,1734,2311,1,19,19,8,18,0.3888888888888889
uk-monarchy-1996,cdd-uk-monarchy-1996-survey:source-row-735,1735,2310,0,15,15,7,14,0.5
uk-monarchy-1996,cdd-uk-monarchy-1996-survey:source-row-736,1736,2306,1,19,19,10,18,0.5
uk-monarchy-1996,cdd-uk-monarchy-1996-survey:source-row-737,1737,2315,1,15,15,8,14,0.5
uk-monarchy-1996,cdd-uk-monarchy-1996-survey:source-row-738,1738,2316,0,19,19,9,18,0.5
uk-monarchy-1996,cdd-uk-monarchy-1996-survey:source-row-739,1739,2309,0,19,19,10,18,0.5555555555555556
uk-monarchy-1996,cdd-uk-monarchy-1996-survey:source-row-740,1740,2315,1,15,15,8,14,0.5
uk-monarchy-1996,cdd-uk-monarchy-1996-survey:source-row-741,1741,2311,1,19,19,8,18,0.3888888888888889
uk-monarchy-1996,cdd-uk-monarchy-1996-survey:source-row-742,1742,2309,1,19,19,10,18,0.5
uk-monarchy-1996,cdd-uk-monarchy-1996-survey:source-row-743,1743,2309,1,19,19,10,18,0.5
uk-monarchy-1996,cdd-uk-monarchy-1996-survey:source-row-744,1744,2310,1,15,15,7,14,0.42857142857142855
uk-monarchy-1996,cdd-uk-monarchy-1996-survey:source-row-745,1745,2311,0,19,19,8,18,0.4444444444444444
uk-monarchy-1996,cdd-uk-monarchy-1996-survey:source-row-746,1746,2302,1,18,18,11,17,0.5882352941176471
uk-monarchy-1996,cdd-uk-monarchy-1996-survey:source-row-747,1747,2306,0,19,19,10,18,0.5555555555555556
uk-monarchy-1996,cdd-uk-monarchy-1996-survey:source-row-748,1748,2306,1,19,19,10,18,0.5
uk-monarchy-1996,cdd-uk-monarchy-1996-survey:source-row-749,1749,2307,0,17,17,7,16,0.4375
uk-monarchy-1996,cdd-uk-monarchy-1996-survey:source-row-750,1750,2304,0,17,17,11,16,0.6875
uk-monarchy-1996,cdd-uk-monarchy-1996-survey:source-row-751,1751,2305,0,13,13,7,12,0.5833333333333334
uk-monarchy-1996,cdd-uk-monarchy-1996-survey:source-row-752,1752,2302,0,18,18,11,17,0.6470588235294118
uk-monarchy-1996,cdd-uk-monarchy-1996-survey:source-row-753,1753,2310,0,15,15,7,14,0.5
uk-monarchy-1996,cdd-uk-monarchy-1996-survey:source-row-754,1754,2311,1,19,19,8,18,0.3888888888888889
uk-monarchy-1996,cdd-uk-monarchy-1996-survey:source-row-755,1755,2304,1,17,17,11,16,0.625
uk-monarchy-1996,cdd-uk-monarchy-1996-survey:source-row-756,1756,2308,1,18,18,11,17,0.5882352941176471
uk-monarchy-1996,cdd-uk-monarchy-1996-survey:source-row-757,1757,2313,0,16,16,7,15,0.4666666666666667
uk-monarchy-1996,cdd-uk-monarchy-1996-survey:source-row-758,1758,2311,1,19,19,8,18,0.3888888888888889
uk-monarchy-1996,cdd-uk-monarchy-1996-survey:source-row-759,1759,2307,1,17,17,7,16,0.375
uk-monarchy-1996,cdd-uk-monarchy-1996-survey:source-row-760,1760,2313,1,16,16,7,15,0.4
uk-monarchy-1996,cdd-uk-monarchy-1996-survey:source-row-761,1761,2307,0,17,17,7,16,0.4375
uk-monarchy-1996,cdd-uk-monarchy-1996-survey:source-row-762,1762,2304,1,17,17,11,16,0.625
uk-monarchy-1996,cdd-uk-monarchy-1996-survey:source-row-763,1763,2316,0,19,19,9,18,0.5
uk-monarchy-1996,cdd-uk-monarchy-1996-survey:source-row-764,1764,2309,0,19,19,10,18,0.5555555555555556
uk-monarchy-1996,cdd-uk-monarchy-1996-survey:source-row-765,1765,2314,1,18,18,13,17,0.7058823529411765
uk-monarchy-1996,cdd-uk-monarchy-1996-survey:source-row-766,1766,2314,1,18,18,13,17,0.7058823529411765
uk-monarchy-1996,cdd-uk-monarchy-1996-survey:source-row-767,1767,2302,1,18,18,11,17,0.5882352941176471
uk-monarchy-1996,cdd-uk-monarchy-1996-survey:source-row-768,1768,2312,1,17,17,9,16,0.5
uk-monarchy-1996,cdd-uk-monarchy-1996-survey:source-row-769,1769,2310,0,15,15,7,14,0.5
uk-monarchy-1996,cdd-uk-monarchy-1996-survey:source-row-770,1770,2308,1,18,18,11,17,0.5882352941176471
uk-monarchy-1996,cdd-uk-monarchy-1996-survey:source-row-771,1771,2314,1,18,18,13,17,0.7058823529411765
uk-monarchy-1996,cdd-uk-monarchy-1996-survey:source-row-772,1772,2302,0,18,18,11,17,0.6470588235294118
uk-monarchy-1996,cdd-uk-monarchy-1996-survey:source-row-773,1773,2303,1,18,18,8,17,0.4117647058823529
uk-monarchy-1996,cdd-uk-monarchy-1996-survey:source-row-774,1774,2303,0,18,18,8,17,0.4705882352941176
uk-monarchy-1996,cdd-uk-monarchy-1996-survey:source-row-775,1775,2311,0,19,19,8,18,0.4444444444444444
uk-monarchy-1996,cdd-uk-monarchy-1996-survey:source-row-776,1776,2303,0,18,18,8,17,0.4705882352941176
uk-monarchy-1996,cdd-uk-monarchy-1996-survey:source-row-777,1777,2316,0,19,19,9,18,0.5
uk-monarchy-1996,cdd-uk-monarchy-1996-survey:source-row-778,1778,2306,0,19,19,10,18,0.5555555555555556
uk-monarchy-1996,cdd-uk-monarchy-1996-survey:source-row-779,1779,2308,1,18,18,11,17,0.5882352941176471
uk-monarchy-1996,cdd-uk-monarchy-1996-survey:source-row-780,1780,2313,1,16,16,7,15,0.4
uk-monarchy-1996,cdd-uk-monarchy-1996-survey:source-row-781,1781,2303,1,18,18,8,17,0.4117647058823529
uk-monarchy-1996,cdd-uk-monarchy-1996-survey:source-row-782,1782,2316,1,19,19,9,18,0.4444444444444444
uk-monarchy-1996,cdd-uk-monarchy-1996-survey:source-row-783,1783,2306,1,19,19,10,18,0.5
uk-monarchy-1996,cdd-uk-monarchy-1996-survey:source-row-784,1784,2310,1,15,15,7,14,0.42857142857142855
uk-monarchy-1996,cdd-uk-monarchy-1996-survey:source-row-785,1785,2313,0,16,16,7,15,0.4666666666666667
uk-monarchy-1996,cdd-uk-monarchy-1996-survey:source-row-786,1786,2314,1,18,18,13,17,0.7058823529411765
uk-monarchy-1996,cdd-uk-monarchy-1996-survey:source-row-787,1787,2304,0,17,17,11,16,0.6875
uk-monarchy-1996,cdd-uk-monarchy-1996-survey:source-row-788,1788,2312,1,17,17,9,16,0.5
uk-monarchy-1996,cdd-uk-monarchy-1996-survey:source-row-789,1789,2316,0,19,19,9,18,0.5
uk-monarchy-1996,cdd-uk-monarchy-1996-survey:source-row-790,1790,2313,0,16,16,7,15,0.4666666666666667
uk-monarchy-1996,cdd-uk-monarchy-1996-survey:source-row-791,1791,2311,0,19,19,8,18,0.4444444444444444
uk-monarchy-1996,cdd-uk-monarchy-1996-survey:source-row-792,1792,2314,1,18,18,13,17,0.7058823529411765
uk-monarchy-1996,cdd-uk-monarchy-1996-survey:source-row-793,1793,2309,0,19,19,10,18,0.5555555555555556
uk-monarchy-1996,cdd-uk-monarchy-1996-survey:source-row-794,1794,2305,0,13,13,7,12,0.5833333333333334
uk-monarchy-1996,cdd-uk-monarchy-1996-survey:source-row-795,1795,2308,0,18,18,11,17,0.6470588235294118
uk-monarchy-1996,cdd-uk-monarchy-1996-survey:source-row-796,1796,2308,1,18,18,11,17,0.5882352941176471
uk-monarchy-1996,cdd-uk-monarchy-1996-survey:source-row-797,1797,2304,1,17,17,11,16,0.625
uk-monarchy-1996,cdd-uk-monarchy-1996-survey:source-row-798,1798,2315,0,15,15,8,14,0.5714285714285714
uk-monarchy-1996,cdd-uk-monarchy-1996-survey:source-row-799,1799,2316,0,19,19,9,18,0.5
uk-monarchy-1996,cdd-uk-monarchy-1996-survey:source-row-800,1800,2310,1,15,15,7,14,0.42857142857142855
uk-monarchy-1996,cdd-uk-monarchy-1996-survey:source-row-801,1801,2308,1,18,18,11,17,0.5882352941176471
uk-monarchy-1996,cdd-uk-monarchy-1996-survey:source-row-802,1802,2313,1,16,16,7,15,0.4
uk-monarchy-1996,cdd-uk-monarchy-1996-survey:source-row-803,1803,2306,0,19,19,10,18,0.5555555555555556
uk-monarchy-1996,cdd-uk-monarchy-1996-survey:source-row-804,1804,2315,1,15,15,8,14,0.5
uk-monarchy-1996,cdd-uk-monarchy-1996-survey:source-row-805,1805,2316,1,19,19,9,18,0.4444444444444444
uk-monarchy-1996,cdd-uk-monarchy-1996-survey:source-row-806,1806,2316,0,19,19,9,18,0.5
uk-monarchy-1996,cdd-uk-monarchy-1996-survey:source-row-807,1807,2302,1,18,18,11,17,0.5882352941176471
uk-monarchy-1996,cdd-uk-monarchy-1996-survey:source-row-808,1808,2315,1,15,15,8,14,0.5
uk-monarchy-1996,cdd-uk-monarchy-1996-survey:source-row-809,1809,2307,1,17,17,7,16,0.375
uk-monarchy-1996,cdd-uk-monarchy-1996-survey:source-row-810,1810,2316,1,19,19,9,18,0.4444444444444444
uk-monarchy-1996,cdd-uk-monarchy-1996-survey:source-row-811,1811,2306,1,19,19,10,18,0.5
uk-monarchy-1996,cdd-uk-monarchy-1996-survey:source-row-812,1812,2305,0,13,13,7,12,0.5833333333333334
uk-monarchy-1996,cdd-uk-monarchy-1996-survey:source-row-813,1813,2304,1,17,17,11,16,0.625
uk-monarchy-1996,cdd-uk-monarchy-1996-survey:source-row-814,1814,2314,0,18,18,13,17,0.7647058823529411
uk-monarchy-1996,cdd-uk-monarchy-1996-survey:source-row-815,1815,2308,1,18,18,11,17,0.5882352941176471
uk-monarchy-1996,cdd-uk-monarchy-1996-survey:source-row-816,1816,2310,1,15,15,7,14,0.42857142857142855
uk-monarchy-1996,cdd-uk-monarchy-1996-survey:source-row-817,1817,2306,1,19,19,10,18,0.5
uk-monarchy-1996,cdd-uk-monarchy-1996-survey:source-row-818,1818,2314,1,18,18,13,17,0.7058823529411765
uk-monarchy-1996,cdd-uk-monarchy-1996-survey:source-row-819,1819,2304,0,17,17,11,16,0.6875
uk-monarchy-1996,cdd-uk-monarchy-1996-survey:source-row-820,1820,2316,1,19,19,9,18,0.4444444444444444
uk-monarchy-1996,cdd-uk-monarchy-1996-survey:source-row-821,1821,2302,1,18,18,11,17,0.5882352941176471
uk-monarchy-1996,cdd-uk-monarchy-1996-survey:source-row-822,1822,2315,0,15,15,8,14,0.5714285714285714
uk-monarchy-1996,cdd-uk-monarchy-1996-survey:source-row-823,1823,2308,1,18,18,11,17,0.5882352941176471
uk-monarchy-1996,cdd-uk-monarchy-1996-survey:source-row-824,1824,2312,1,17,17,9,16,0.5
uk-monarchy-1996,cdd-uk-monarchy-1996-survey:source-row-825,1825,2312,0,17,17,9,16,0.5625
uk-monarchy-1996,cdd-uk-monarchy-1996-survey:source-row-826,1826,2302,0,18,18,11,17,0.6470588235294118
uk-monarchy-1996,cdd-uk-monarchy-1996-survey:source-row-827,1827,2316,0,19,19,9,18,0.5
uk-monarchy-1996,cdd-uk-monarchy-1996-survey:source-row-828,1828,2316,1,19,19,9,18,0.4444444444444444
uk-monarchy-1996,cdd-uk-monarchy-1996-survey:source-row-829,1829,2313,1,16,16,7,15,0.4
uk-monarchy-1996,cdd-uk-monarchy-1996-survey:source-row-830,1830,2306,0,19,19,10,18,0.5555555555555556
uk-monarchy-1996,cdd-uk-monarchy-1996-survey:source-row-831,1831,2309,0,19,19,10,18,0.5555555555555556
uk-monarchy-1996,cdd-uk-monarchy-1996-survey:source-row-832,1832,2312,1,17,17,9,16,0.5
uk-monarchy-1996,cdd-uk-monarchy-1996-survey:source-row-833,1833,2303,0,18,18,8,17,0.4705882352941176
uk-monarchy-1996,cdd-uk-monarchy-1996-survey:source-row-834,1834,2309,1,19,19,10,18,0.5
uk-monarchy-1996,cdd-uk-monarchy-1996-survey:source-row-835,1835,2312,1,17,17,9,16,0.5
uk-monarchy-1996,cdd-uk-monarchy-1996-survey:source-row-836,1836,2316,0,19,19,9,18,0.5
uk-monarchy-1996,cdd-uk-monarchy-1996-survey:source-row-837,1837,2302,1,18,18,11,17,0.5882352941176471
uk-monarchy-1996,cdd-uk-monarchy-1996-survey:source-row-838,1838,2304,1,17,17,11,16,0.625
uk-monarchy-1996,cdd-uk-monarchy-1996-survey:source-row-839,1839,2308,0,18,18,11,17,0.6470588235294118
uk-monarchy-1996,cdd-uk-monarchy-1996-survey:source-row-840,1840,2305,0,13,13,7,12,0.5833333333333334
uk-monarchy-1996,cdd-uk-monarchy-1996-survey:source-row-841,1841,2312,1,17,17,9,16,0.5
uk-monarchy-1996,cdd-uk-monarchy-1996-survey:source-row-842,1842,2307,0,17,17,7,16,0.4375
uk-monarchy-1996,cdd-uk-monarchy-1996-survey:source-row-843,1843,2309,1,19,19,10,18,0.5
uk-monarchy-1996,cdd-uk-monarchy-1996-survey:source-row-844,1844,2306,0,19,19,10,18,0.5555555555555556
uk-monarchy-1996,cdd-uk-monarchy-1996-survey:source-row-845,1845,2310,0,15,15,7,14,0.5
uk-monarchy-1996,cdd-uk-monarchy-1996-survey:source-row-846,1846,2313,0,16,16,7,15,0.4666666666666667
uk-monarchy-1996,cdd-uk-monarchy-1996-survey:source-row-847,1847,2314,1,18,18,13,17,0.7058823529411765
uk-monarchy-1996,cdd-uk-monarchy-1996-survey:source-row-848,1848,2304,1,17,17,11,16,0.625
uk-monarchy-1996,cdd-uk-monarchy-1996-survey:source-row-849,1849,2307,1,17,17,7,16,0.375
uk-monarchy-1996,cdd-uk-monarchy-1996-survey:source-row-850,1850,2304,1,17,17,11,16,0.625
uk-monarchy-1996,cdd-uk-monarchy-1996-survey:source-row-851,1851,2305,1,13,13,7,12,0.5
uk-monarchy-1996,cdd-uk-monarchy-1996-survey:source-row-852,1852,2307,1,17,17,7,16,0.375
uk-monarchy-1996,cdd-uk-monarchy-1996-survey:source-row-853,1853,2308,1,18,18,11,17,0.5882352941176471
uk-monarchy-1996,cdd-uk-monarchy-1996-survey:source-row-854,1854,2305,1,13,13,7,12,0.5
uk-monarchy-1996,cdd-uk-monarchy-1996-survey:source-row-855,1855,2306,1,19,19,10,18,0.5
uk-monarchy-1996,cdd-uk-monarchy-1996-survey:source-row-856,1856,2312,0,17,17,9,16,0.5625
uk-monarchy-1996,cdd-uk-monarchy-1996-survey:source-row-857,1857,2314,0,18,18,13,17,0.7647058823529411
uk-general-election-1997,8408,8408,2501,1,18,18,11,17,0.588235294117647
uk-general-election-1997,1117,1117,2501,1,18,18,11,17,0.588235294117647
uk-general-election-1997,5008,5008,2501,1,18,18,11,17,0.588235294117647
uk-general-election-1997,4710,4710,2501,1,18,18,11,17,0.588235294117647
uk-general-election-1997,4917,4917,2501,1,18,18,11,17,0.588235294117647
uk-general-election-1997,7914,7914,2501,1,18,18,11,17,0.588235294117647
uk-general-election-1997,504,504,2501,1,18,18,11,17,0.588235294117647
uk-general-election-1997,3508,3508,2501,1,18,18,11,17,0.588235294117647
uk-general-election-1997,3811,3811,2501,1,18,18,11,17,0.588235294117647
uk-general-election-1997,3917,3917,2501,1,18,18,11,17,0.588235294117647
uk-general-election-1997,4605,4605,2502,1,21,21,10,20,0.45
uk-general-election-1997,3724,3724,2502,1,21,21,10,20,0.45
uk-general-election-1997,6105,6105,2502,1,21,21,10,20,0.45
uk-general-election-1997,7014,7014,2502,1,21,21,10,20,0.45
uk-general-election-1997,6115,6115,2502,1,21,21,10,20,0.45
uk-general-election-1997,8723,8723,2502,1,21,21,10,20,0.45
uk-general-election-1997,4101,4101,2502,1,21,21,10,20,0.45
uk-general-election-1997,3318,3318,2502,1,21,21,10,20,0.45
uk-general-election-1997,8811,8811,2502,1,21,21,10,20,0.45
uk-general-election-1997,4811,4811,2502,1,21,21,10,20,0.45
uk-general-election-1997,6515,6515,2503,1,18,18,10,17,0.5294117647058824
uk-general-election-1997,8417,8417,2503,1,18,18,10,17,0.5294117647058824
uk-general-election-1997,1707,1707,2503,1,18,18,10,17,0.5294117647058824
uk-general-election-1997,5601,5601,2503,1,18,18,10,17,0.5294117647058824
uk-general-election-1997,5705,5705,2503,1,18,18,10,17,0.5294117647058824
uk-general-election-1997,4204,4204,2503,1,18,18,10,17,0.5294117647058824
uk-general-election-1997,7115,7115,2503,1,18,18,10,17,0.5294117647058824
uk-general-election-1997,7502,7502,2503,1,18,18,10,17,0.5294117647058824
uk-general-election-1997,5009,5009,2504,1,17,17,9,16,0.5
uk-general-election-1997,4816,4816,2504,1,17,17,9,16,0.5
uk-general-election-1997,1915,1915,2504,1,17,17,9,16,0.5
uk-general-election-1997,2114,2114,2504,1,17,17,9,16,0.5
uk-general-election-1997,2509,2509,2504,1,17,17,9,16,0.5
uk-general-election-1997,1324,1324,2504,1,17,17,9,16,0.5
uk-general-election-1997,7811,7811,2504,1,17,17,9,16,0.5
uk-general-election-1997,8705,8705,2504,1,17,17,9,16,0.5
uk-general-election-1997,4518,4518,2504,1,17,17,9,16,0.5
uk-general-election-1997,6223,6223,2505,1,19,19,9,18,0.4444444444444443
uk-general-election-1997,6911,6911,2505,1,19,19,9,18,0.4444444444444443
uk-general-election-1997,9019,9019,2505,1,19,19,9,18,0.4444444444444443
uk-general-election-1997,3814,3814,2505,1,19,19,9,18,0.4444444444444443
uk-general-election-1997,6620,6620,2505,1,19,19,9,18,0.4444444444444443
uk-general-election-1997,8720,8720,2505,1,19,19,9,18,0.4444444444444443
uk-general-election-1997,4424,4424,2505,1,19,19,9,18,0.4444444444444443
uk-general-election-1997,1408,1408,2505,1,19,19,9,18,0.4444444444444443
uk-general-election-1997,5414,5414,2505,1,19,19,9,18,0.4444444444444443
uk-general-election-1997,3423,3423,2506,1,19,19,10,18,0.5
uk-general-election-1997,512,512,2506,1,19,19,10,18,0.5
uk-general-election-1997,1910,1910,2506,1,19,19,10,18,0.5
uk-general-election-1997,5310,5310,2506,1,19,19,10,18,0.5
uk-general-election-1997,2819,2819,2506,1,19,19,10,18,0.5
uk-general-election-1997,2121,2121,2506,1,19,19,10,18,0.5
uk-general-election-1997,7121,7121,2506,1,19,19,10,18,0.5
uk-general-election-1997,3907,3907,2506,1,19,19,10,18,0.5
uk-general-election-1997,1514,1514,2506,1,19,19,10,18,0.5
uk-general-election-1997,7414,7414,2507,1,17,17,10,16,0.5625
uk-general-election-1997,5104,5104,2507,1,17,17,10,16,0.5625
uk-general-election-1997,4412,4412,2507,1,17,17,10,16,0.5625
uk-general-election-1997,901,901,2507,1,17,17,10,16,0.5625
uk-general-election-1997,6422,6422,2507,1,17,17,10,16,0.5625
uk-general-election-1997,1109,1109,2507,1,17,17,10,16,0.5625
uk-general-election-1997,4716,4716,2507,1,17,17,10,16,0.5625
uk-general-election-1997,1913,1913,2507,1,17,17,10,16,0.5625
uk-general-election-1997,8303,8303,2507,1,17,17,10,16,0.5625
uk-general-election-1997,7013,7013,2507,1,17,17,10,16,0.5625
uk-general-election-1997,4608,4608,2508,1,20,20,10,19,0.4736842105263157
uk-general-election-1997,4704,4704,2508,1,20,20,10,19,0.4736842105263157
uk-general-election-1997,3522,3522,2508,1,20,20,10,19,0.4736842105263157
uk-general-election-1997,5724,5724,2508,1,20,20,10,19,0.4736842105263157
uk-general-election-1997,8912,8912,2508,1,20,20,10,19,0.4736842105263157
uk-general-election-1997,7417,7417,2508,1,20,20,10,19,0.4736842105263157
uk-general-election-1997,6418,6418,2508,1,20,20,10,19,0.4736842105263157
uk-general-election-1997,7612,7612,2508,1,20,20,10,19,0.4736842105263157
uk-general-election-1997,3918,3918,2508,1,20,20,10,19,0.4736842105263157
uk-general-election-1997,5021,5021,2509,1,17,17,8,16,0.4375
uk-general-election-1997,4222,4222,2509,1,17,17,8,16,0.4375
uk-general-election-1997,7519,7519,2509,1,17,17,8,16,0.4375
uk-general-election-1997,5615,5615,2509,1,17,17,8,16,0.4375
uk-general-election-1997,1803,1803,2509,1,17,17,8,16,0.4375
uk-general-election-1997,1323,1323,2509,1,17,17,8,16,0.4375
uk-general-election-1997,2918,2918,2509,1,17,17,8,16,0.4375
uk-general-election-1997,1314,1314,2509,1,17,17,8,16,0.4375
uk-general-election-1997,3209,3209,2510,1,18,18,10,17,0.5294117647058824
uk-general-election-1997,6311,6311,2510,1,18,18,10,17,0.5294117647058824
uk-general-election-1997,208,208,2510,1,18,18,10,17,0.5294117647058824
uk-general-election-1997,1015,1015,2510,1,18,18,10,17,0.5294117647058824
uk-general-election-1997,2024,2024,2510,1,18,18,10,17,0.5294117647058824
uk-general-election-1997,4504,4504,2510,1,18,18,10,17,0.5294117647058824
uk-general-election-1997,8701,8701,2510,1,18,18,10,17,0.5294117647058824
uk-general-election-1997,7518,7518,2510,1,18,18,10,17,0.5294117647058824
uk-general-election-1997,119,119,2510,1,18,18,10,17,0.5294117647058824
uk-general-election-1997,8506,8506,2510,1,18,18,10,17,0.5294117647058824
uk-general-election-1997,7216,7216,2511,1,17,17,10,16,0.5625
uk-general-election-1997,7715,7715,2511,1,17,17,10,16,0.5625
uk-general-election-1997,6218,6218,2511,1,17,17,10,16,0.5625
uk-general-election-1997,5122,5122,2511,1,17,17,10,16,0.5625
uk-general-election-1997,922,922,2511,1,17,17,10,16,0.5625
uk-general-election-1997,4911,4911,2511,1,17,17,10,16,0.5625
uk-general-election-1997,1024,1024,2511,1,17,17,10,16,0.5625
uk-general-election-1997,2611,2611,2511,1,17,17,10,16,0.5625
uk-general-election-1997,7903,7903,2511,1,17,17,10,16,0.5625
uk-general-election-1997,2104,2104,2512,1,19,19,10,18,0.5
uk-general-election-1997,4008,4008,2512,1,19,19,10,18,0.5
uk-general-election-1997,4312,4312,2512,1,19,19,10,18,0.5
uk-general-election-1997,3711,3711,2512,1,19,19,10,18,0.5
uk-general-election-1997,5025,5025,2512,1,19,19,10,18,0.5
uk-general-election-1997,3821,3821,2512,1,19,19,10,18,0.5
uk-general-election-1997,3210,3210,2512,1,19,19,10,18,0.5
uk-general-election-1997,715,715,2512,1,19,19,10,18,0.5
uk-general-election-1997,9009,9009,2512,1,19,19,10,18,0.5
uk-general-election-1997,521,521,2513,1,19,19,11,18,0.5555555555555557
uk-general-election-1997,5014,5014,2513,1,19,19,11,18,0.5555555555555557
uk-general-election-1997,824,824,2513,1,19,19,11,18,0.5555555555555557
uk-general-election-1997,5001,5001,2513,1,19,19,11,18,0.5555555555555557
uk-general-election-1997,3417,3417,2513,1,19,19,11,18,0.5555555555555557
uk-general-election-1997,3019,3019,2513,1,19,19,11,18,0.5555555555555557
uk-general-election-1997,5022,5022,2513,1,19,19,11,18,0.5555555555555557
uk-general-election-1997,8324,8324,2513,1,19,19,11,18,0.5555555555555557
uk-general-election-1997,7615,7615,2513,1,19,19,11,18,0.5555555555555557
uk-general-election-1997,8910,8910,2513,1,19,19,11,18,0.5555555555555557
uk-general-election-1997,6405,6405,2513,1,19,19,11,18,0.5555555555555557
uk-general-election-1997,4502,4502,2514,1,20,20,13,19,0.631578947368421
uk-general-election-1997,1622,1622,2514,1,20,20,13,19,0.631578947368421
uk-general-election-1997,2511,2511,2514,1,20,20,13,19,0.631578947368421
uk-general-election-1997,6024,6024,2514,1,20,20,13,19,0.631578947368421
uk-general-election-1997,1305,1305,2514,1,20,20,13,19,0.631578947368421
uk-general-election-1997,3722,3722,2514,1,20,20,13,19,0.631578947368421
uk-general-election-1997,6609,6609,2514,1,20,20,13,19,0.631578947368421
uk-general-election-1997,1823,1823,2514,1,20,20,13,19,0.631578947368421
uk-general-election-1997,6616,6616,2514,1,20,20,13,19,0.631578947368421
uk-general-election-1997,1121,1121,2514,1,20,20,13,19,0.631578947368421
uk-general-election-1997,1901,1901,2514,1,20,20,13,19,0.631578947368421
uk-general-election-1997,4024,4024,2514,1,20,20,13,19,0.631578947368421
uk-general-election-1997,7322,7322,2515,1,16,16,7,15,0.4000000000000001
uk-general-election-1997,3614,3614,2515,1,16,16,7,15,0.4000000000000001
uk-general-election-1997,3822,3822,2515,1,16,16,7,15,0.4000000000000001
uk-general-election-1997,8825,8825,2515,1,16,16,7,15,0.4000000000000001
uk-general-election-1997,419,419,2515,1,16,16,7,15,0.4000000000000001
uk-general-election-1997,4413,4413,2515,1,16,16,7,15,0.4000000000000001
uk-general-election-1997,7909,7909,2515,1,16,16,7,15,0.4000000000000001
uk-general-election-1997,7211,7211,2501,1,18,18,11,17,0.588235294117647
uk-general-election-1997,6910,6910,2503,1,18,18,10,17,0.5294117647058824
uk-general-election-1997,6213,6213,2503,1,18,18,10,17,0.5294117647058824
uk-general-election-1997,1608,1608,2506,1,19,19,10,18,0.5
uk-general-election-1997,812,812,2511,1,17,17,10,16,0.5625
uk-general-election-1997,7809,7809,2512,1,19,19,10,18,0.5
uk-general-election-1997,8801,8801,2514,1,20,20,13,19,0.631578947368421
uk-general-election-1997,7703,7703,2508,1,20,20,10,19,0.4736842105263157
uk-general-election-1997,4521,4521,2501,0,18,18,11,17,0.6470588235294118
uk-general-election-1997,2905,2905,2501,0,18,18,11,17,0.6470588235294118
uk-general-election-1997,8306,8306,2501,0,18,18,11,17,0.6470588235294118
uk-general-election-1997,403,403,2501,0,18,18,11,17,0.6470588235294118
uk-general-election-1997,3415,3415,2501,0,18,18,11,17,0.6470588235294118
uk-general-election-1997,4702,4702,2501,0,18,18,11,17,0.6470588235294118
uk-general-election-1997,6804,6804,2502,0,21,21,10,20,0.5
uk-general-election-1997,3206,3206,2502,0,21,21,10,20,0.5
uk-general-election-1997,1207,1207,2502,0,21,21,10,20,0.5
uk-general-election-1997,7101,7101,2502,0,21,21,10,20,0.5
uk-general-election-1997,7619,7619,2502,0,21,21,10,20,0.5
uk-general-election-1997,8007,8007,2502,0,21,21,10,20,0.5
uk-general-election-1997,1013,1013,2502,0,21,21,10,20,0.5
uk-general-election-1997,4522,4522,2502,0,21,21,10,20,0.5
uk-general-election-1997,3915,3915,2503,0,18,18,10,17,0.588235294117647
uk-general-election-1997,6123,6123,2503,0,18,18,10,17,0.588235294117647
uk-general-election-1997,401,401,2503,0,18,18,10,17,0.588235294117647
uk-general-election-1997,6202,6202,2503,0,18,18,10,17,0.588235294117647
uk-general-election-1997,6011,6011,2503,0,18,18,10,17,0.588235294117647
uk-general-election-1997,4513,4513,2503,0,18,18,10,17,0.588235294117647
uk-general-election-1997,515,515,2503,0,18,18,10,17,0.588235294117647
uk-general-election-1997,5007,5007,2504,0,17,17,9,16,0.5625
uk-general-election-1997,5308,5308,2504,0,17,17,9,16,0.5625
uk-general-election-1997,1021,1021,2504,0,17,17,9,16,0.5625
uk-general-election-1997,316,316,2504,0,17,17,9,16,0.5625
uk-general-election-1997,4708,4708,2504,0,17,17,9,16,0.5625
uk-general-election-1997,5012,5012,2504,0,17,17,9,16,0.5625
uk-general-election-1997,2804,2804,2504,0,17,17,9,16,0.5625
uk-general-election-1997,3316,3316,2504,0,17,17,9,16,0.5625
uk-general-election-1997,2107,2107,2505,0,19,19,9,18,0.5
uk-general-election-1997,2923,2923,2505,0,19,19,9,18,0.5
uk-general-election-1997,6808,6808,2505,0,19,19,9,18,0.5
uk-general-election-1997,2406,2406,2505,0,19,19,9,18,0.5
uk-general-election-1997,1717,1717,2505,0,19,19,9,18,0.5
uk-general-election-1997,2321,2321,2505,0,19,19,9,18,0.5
uk-general-election-1997,7820,7820,2505,0,19,19,9,18,0.5
uk-general-election-1997,1425,1425,2505,0,19,19,9,18,0.5
uk-general-election-1997,4219,4219,2505,0,19,19,9,18,0.5
uk-general-election-1997,7602,7602,2505,0,19,19,9,18,0.5
uk-general-election-1997,6321,6321,2506,0,19,19,10,18,0.5555555555555557
uk-general-election-1997,4122,4122,2506,0,19,19,10,18,0.5555555555555557
uk-general-election-1997,8804,8804,2506,0,19,19,10,18,0.5555555555555557
uk-general-election-1997,7604,7604,2506,0,19,19,10,18,0.5555555555555557
uk-general-election-1997,1217,1217,2506,0,19,19,10,18,0.5555555555555557
uk-general-election-1997,3317,3317,2506,0,19,19,10,18,0.5555555555555557
uk-general-election-1997,103,103,2506,0,19,19,10,18,0.5555555555555557
uk-general-election-1997,7415,7415,2506,0,19,19,10,18,0.5555555555555557
uk-general-election-1997,7507,7507,2506,0,19,19,10,18,0.5555555555555557
uk-general-election-1997,6709,6709,2507,0,17,17,10,16,0.625
uk-general-election-1997,4317,4317,2507,0,17,17,10,16,0.625
uk-general-election-1997,6412,6412,2507,0,17,17,10,16,0.625
uk-general-election-1997,2421,2421,2507,0,17,17,10,16,0.625
uk-general-election-1997,3208,3208,2508,0,20,20,10,19,0.5263157894736843
uk-general-election-1997,2111,2111,2508,0,20,20,10,19,0.5263157894736843
uk-general-election-1997,7102,7102,2508,0,20,20,10,19,0.5263157894736843
uk-general-election-1997,1922,1922,2508,0,20,20,10,19,0.5263157894736843
uk-general-election-1997,8011,8011,2508,0,20,20,10,19,0.5263157894736843
uk-general-election-1997,3120,3120,2508,0,20,20,10,19,0.5263157894736843
uk-general-election-1997,2919,2919,2508,0,20,20,10,19,0.5263157894736843
uk-general-election-1997,1322,1322,2508,0,20,20,10,19,0.5263157894736843
uk-general-election-1997,2224,2224,2508,0,20,20,10,19,0.5263157894736843
uk-general-election-1997,2817,2817,2508,0,20,20,10,19,0.5263157894736843
uk-general-election-1997,5421,5421,2509,0,17,17,8,16,0.5
uk-general-election-1997,8018,8018,2509,0,17,17,8,16,0.5
uk-general-election-1997,1905,1905,2509,0,17,17,8,16,0.5
uk-general-election-1997,2616,2616,2509,0,17,17,8,16,0.5
uk-general-election-1997,2322,2322,2509,0,17,17,8,16,0.5
uk-general-election-1997,4610,4610,2509,0,17,17,8,16,0.5
uk-general-election-1997,5119,5119,2509,0,17,17,8,16,0.5
uk-general-election-1997,6511,6511,2510,0,18,18,10,17,0.588235294117647
uk-general-election-1997,2521,2521,2510,0,18,18,10,17,0.588235294117647
uk-general-election-1997,8614,8614,2510,0,18,18,10,17,0.588235294117647
uk-general-election-1997,8710,8710,2510,0,18,18,10,17,0.588235294117647
uk-general-election-1997,6020,6020,2510,0,18,18,10,17,0.588235294117647
uk-general-election-1997,8406,8406,2510,0,18,18,10,17,0.588235294117647
uk-general-election-1997,4725,4725,2510,0,18,18,10,17,0.588235294117647
uk-general-election-1997,2223,2223,2510,0,18,18,10,17,0.588235294117647
uk-general-election-1997,6302,6302,2511,0,17,17,10,16,0.625
uk-general-election-1997,1210,1210,2511,0,17,17,10,16,0.625
uk-general-election-1997,6603,6603,2511,0,17,17,10,16,0.625
uk-general-election-1997,5905,5905,2511,0,17,17,10,16,0.625
uk-general-election-1997,6525,6525,2511,0,17,17,10,16,0.625
uk-general-election-1997,7407,7407,2511,0,17,17,10,16,0.625
uk-general-election-1997,1401,1401,2511,0,17,17,10,16,0.625
uk-general-election-1997,5101,5101,2512,0,19,19,10,18,0.5555555555555557
uk-general-election-1997,4813,4813,2512,0,19,19,10,18,0.5555555555555557
uk-general-election-1997,7714,7714,2512,0,19,19,10,18,0.5555555555555557
uk-general-election-1997,8711,8711,2512,0,19,19,10,18,0.5555555555555557
uk-general-election-1997,6116,6116,2512,0,19,19,10,18,0.5555555555555557
uk-general-election-1997,4712,4712,2512,0,19,19,10,18,0.5555555555555557
uk-general-election-1997,3506,3506,2512,0,19,19,10,18,0.5555555555555557
uk-general-election-1997,4108,4108,2513,0,19,19,11,18,0.611111111111111
uk-general-election-1997,4206,4206,2513,0,19,19,11,18,0.611111111111111
uk-general-election-1997,7804,7804,2513,0,19,19,11,18,0.611111111111111
uk-general-election-1997,7825,7825,2513,0,19,19,11,18,0.611111111111111
uk-general-election-1997,2103,2103,2513,0,19,19,11,18,0.611111111111111
uk-general-election-1997,4804,4804,2513,0,19,19,11,18,0.611111111111111
uk-general-election-1997,8001,8001,2513,0,19,19,11,18,0.611111111111111
uk-general-election-1997,1206,1206,2513,0,19,19,11,18,0.611111111111111
uk-general-election-1997,5215,5215,2514,0,20,20,13,19,0.6842105263157895
uk-general-election-1997,2614,2614,2514,0,20,20,13,19,0.6842105263157895
uk-general-election-1997,511,511,2514,0,20,20,13,19,0.6842105263157895
uk-general-election-1997,6022,6022,2514,0,20,20,13,19,0.6842105263157895
uk-general-election-1997,7904,7904,2514,0,20,20,13,19,0.6842105263157895
uk-general-election-1997,5004,5004,2514,0,20,20,13,19,0.6842105263157895
uk-general-election-1997,8520,8520,2515,0,16,16,7,15,0.4666666666666666
uk-general-election-1997,1304,1304,2515,0,16,16,7,15,0.4666666666666666
uk-general-election-1997,8304,8304,2515,0,16,16,7,15,0.4666666666666666
uk-general-election-1997,7510,7510,2515,0,16,16,7,15,0.4666666666666666
uk-general-election-1997,2412,2412,2515,0,16,16,7,15,0.4666666666666666
uk-general-election-1997,4622,4622,2502,0,21,21,10,20,0.5
uk-general-election-1997,8822,8822,2503,0,18,18,10,17,0.588235294117647
uk-general-election-1997,3225,3225,2507,0,17,17,10,16,0.625
uk-general-election-1997,8815,8815,2509,0,17,17,8,16,0.5
uk-general-election-1997,8113,8113,2514,0,20,20,13,19,0.6842105263157895
uk-general-election-1997,7221,7221,2515,0,16,16,7,15,0.4666666666666666
uk-general-election-1997,4322,4322,2501,0,18,18,11,17,0.6470588235294118
uk-general-election-1997,319,319,2502,0,21,21,10,20,0.5
uk-general-election-1997,2118,2118,2502,0,21,21,10,20,0.5
uk-general-election-1997,3111,3111,2507,0,17,17,10,16,0.625
uk-general-election-1997,7802,7802,2507,0,17,17,10,16,0.625
uk-general-election-1997,3119,3119,2509,0,17,17,8,16,0.5
uk-general-election-1997,4010,4010,2512,0,19,19,10,18,0.5555555555555557
uk-general-election-1997,1625,1625,2512,0,19,19,10,18,0.5555555555555557
uk-general-election-1997,3706,3706,2515,0,16,16,7,15,0.4666666666666666
uk-general-election-1997,7924,7924,2515,0,16,16,7,15,0.4666666666666666
uk-general-election-1997,1414,1414,2515,0,16,16,7,15,0.4666666666666666
australia-republic-1999,1,1,2610,0,14,14,5,13,0.38461538461538464
australia-republic-1999,4,4,2617,0,14,14,6,13,0.4615384615384616
australia-republic-1999,5,5,2601,0,16,16,5,15,0.33333333333333337
australia-republic-1999,6,6,2615,0,14,14,8,13,0.6153846153846154
australia-republic-1999,8,8,2623,0,13,13,6,12,0.5
australia-republic-1999,11,11,2620,0,16,16,11,15,0.7333333333333334
australia-republic-1999,12,12,2622,0,15,15,8,14,0.5714285714285714
australia-republic-1999,17,17,2618,0,12,12,6,11,0.5454545454545454
australia-republic-1999,24,24,2619,0,15,15,9,14,0.6428571428571429
australia-republic-1999,25,25,2604,0,16,16,5,15,0.33333333333333337
australia-republic-1999,31,31,2616,0,15,15,4,14,0.28571428571428575
australia-republic-1999,32,32,2613,0,16,16,10,15,0.6666666666666667
australia-republic-1999,38,38,2621,0,13,13,8,12,0.6666666666666666
australia-republic-1999,39,39,2603,0,14,14,5,13,0.38461538461538464
australia-republic-1999,42,42,2618,0,12,12,6,11,0.5454545454545454
australia-republic-1999,43,43,2603,0,14,14,5,13,0.38461538461538464
australia-republic-1999,46,46,2616,0,15,15,4,14,0.28571428571428575
australia-republic-1999,49,49,2615,0,14,14,8,13,0.6153846153846154
australia-republic-1999,57,57,2617,0,14,14,6,13,0.4615384615384616
australia-republic-1999,61,61,2622,0,15,15,8,14,0.5714285714285714
australia-republic-1999,64,64,2620,0,16,16,11,15,0.7333333333333334
australia-republic-1999,68,68,2601,0,16,16,5,15,0.33333333333333337
australia-republic-1999,79,79,2602,0,17,17,10,16,0.625
australia-republic-1999,83,83,2613,0,16,16,10,15,0.6666666666666667
australia-republic-1999,86,86,2617,0,14,14,6,13,0.4615384615384616
australia-republic-1999,87,87,2623,0,13,13,6,12,0.5
australia-republic-1999,88,88,2604,0,16,16,5,15,0.33333333333333337
australia-republic-1999,90,90,2610,0,14,14,5,13,0.38461538461538464
australia-republic-1999,93,93,2604,0,16,16,5,15,0.33333333333333337
australia-republic-1999,95,95,2614,0,14,14,10,13,0.7692307692307693
australia-republic-1999,107,107,2607,0,15,15,7,14,0.5
australia-republic-1999,108,108,2610,0,14,14,5,13,0.38461538461538464
australia-republic-1999,110,110,2608,0,12,12,4,11,0.3636363636363637
australia-republic-1999,126,126,2601,0,16,16,5,15,0.33333333333333337
australia-republic-1999,127,127,2612,0,14,14,6,13,0.4615384615384616
australia-republic-1999,130,130,2617,1,14,14,6,13,0.38461538461538464
australia-republic-1999,133,133,2614,1,14,14,10,13,0.6923076923076923
australia-republic-1999,135,135,2607,1,15,15,7,14,0.42857142857142855
australia-republic-1999,137,137,2620,1,16,16,11,15,0.6666666666666667
australia-republic-1999,142,142,2606,1,16,16,6,15,0.33333333333333337
australia-republic-1999,143,143,2614,1,14,14,10,13,0.6923076923076923
australia-republic-1999,146,146,2608,1,12,12,4,11,0.2727272727272727
australia-republic-1999,152,152,2608,1,12,12,4,11,0.2727272727272727
australia-republic-1999,154,154,2611,1,14,14,7,13,0.4615384615384616
australia-republic-1999,155,155,2621,1,13,13,8,12,0.5833333333333334
australia-republic-1999,158,158,2604,1,16,16,5,15,0.2666666666666667
australia-republic-1999,164,164,2621,1,13,13,8,12,0.5833333333333334
australia-republic-1999,165,165,2611,1,14,14,7,13,0.4615384615384616
australia-republic-1999,167,167,2615,1,14,14,8,13,0.5384615384615384
australia-republic-1999,170,170,2623,1,13,13,6,12,0.41666666666666663
australia-republic-1999,174,174,2609,1,16,16,7,15,0.4
australia-republic-1999,177,177,2620,1,16,16,11,15,0.6666666666666667
australia-republic-1999,178,178,2622,1,15,15,8,14,0.5
australia-republic-1999,180,180,2612,1,14,14,6,13,0.38461538461538464
australia-republic-1999,182,182,2614,1,14,14,10,13,0.6923076923076923
australia-republic-1999,183,183,2617,1,14,14,6,13,0.38461538461538464
australia-republic-1999,186,186,2612,1,14,14,6,13,0.38461538461538464
australia-republic-1999,189,189,2618,1,12,12,6,11,0.4545454545454546
australia-republic-1999,199,199,2602,1,17,17,10,16,0.5625
australia-republic-1999,200,200,2623,1,13,13,6,12,0.41666666666666663
australia-republic-1999,205,205,2602,1,17,17,10,16,0.5625
australia-republic-1999,208,208,2606,1,16,16,6,15,0.33333333333333337
australia-republic-1999,210,210,2619,1,15,15,9,14,0.5714285714285714
australia-republic-1999,216,216,2603,1,14,14,5,13,0.3076923076923077
australia-republic-1999,224,224,2611,1,14,14,7,13,0.4615384615384616
australia-republic-1999,226,226,2622,1,15,15,8,14,0.5
australia-republic-1999,239,239,2624,1,13,13,5,12,0.33333333333333337
australia-republic-1999,240,240,2623,1,13,13,6,12,0.41666666666666663
australia-republic-1999,244,244,2615,1,14,14,8,13,0.5384615384615384
australia-republic-1999,248,248,2601,1,16,16,5,15,0.2666666666666667
australia-republic-1999,249,249,2619,1,15,15,9,14,0.5714285714285714
australia-republic-1999,252,252,2602,1,17,17,10,16,0.5625
australia-republic-1999,256,256,2613,1,16,16,10,15,0.6
australia-republic-1999,260,260,2621,1,13,13,8,12,0.5833333333333334
australia-republic-1999,262,262,2611,1,14,14,7,13,0.4615384615384616
australia-republic-1999,307,307,2612,0,14,14,6,13,0.4615384615384616
australia-republic-1999,309,309,2614,0,14,14,10,13,0.7692307692307693
australia-republic-1999,312,312,2601,0,16,16,5,15,0.33333333333333337
australia-republic-1999,313,313,2609,0,16,16,7,15,0.4666666666666667
australia-republic-1999,315,315,2620,0,16,16,11,15,0.7333333333333334
australia-republic-1999,321,321,2616,0,15,15,4,14,0.28571428571428575
australia-republic-1999,327,327,2613,0,16,16,10,15,0.6666666666666667
australia-republic-1999,329,329,2624,0,13,13,5,12,0.41666666666666663
australia-republic-1999,338,338,2616,0,15,15,4,14,0.28571428571428575
australia-republic-1999,340,340,2601,0,16,16,5,15,0.33333333333333337
australia-republic-1999,343,343,2616,0,15,15,4,14,0.28571428571428575
australia-republic-1999,344,344,2607,0,15,15,7,14,0.5
australia-republic-1999,352,352,2624,0,13,13,5,12,0.41666666666666663
australia-republic-1999,353,353,2614,0,14,14,10,13,0.7692307692307693
australia-republic-1999,357,357,2602,0,17,17,10,16,0.625
australia-republic-1999,358,358,2613,0,16,16,10,15,0.6666666666666667
australia-republic-1999,361,361,2611,0,14,14,7,13,0.5384615384615384
australia-republic-1999,364,364,2605,0,13,13,7,12,0.5833333333333334
australia-republic-1999,366,366,2604,0,16,16,5,15,0.33333333333333337
australia-republic-1999,370,370,2616,0,15,15,4,14,0.28571428571428575
australia-republic-1999,396,396,2608,1,12,12,4,11,0.2727272727272727
australia-republic-1999,397,397,2615,1,14,14,8,13,0.5384615384615384
australia-republic-1999,399,399,2619,1,15,15,9,14,0.5714285714285714
australia-republic-1999,403,403,2624,1,13,13,5,12,0.33333333333333337
australia-republic-1999,404,404,2614,1,14,14,10,13,0.6923076923076923
australia-republic-1999,417,417,2610,1,14,14,5,13,0.3076923076923077
australia-republic-1999,419,419,2617,1,14,14,6,13,0.38461538461538464
australia-republic-1999,420,420,2620,1,16,16,11,15,0.6666666666666667
australia-republic-1999,425,425,2618,1,12,12,6,11,0.4545454545454546
australia-republic-1999,430,430,2615,1,14,14,8,13,0.5384615384615384
australia-republic-1999,432,432,2619,1,15,15,9,14,0.5714285714285714
australia-republic-1999,433,433,2622,1,15,15,8,14,0.5
australia-republic-1999,480,480,2617,0,14,14,6,13,0.4615384615384616
australia-republic-1999,482,482,2605,1,13,13,7,12,0.5
australia-republic-1999,484,484,2609,1,16,16,7,15,0.4
australia-republic-1999,504,504,2604,0,16,16,5,15,0.33333333333333337
australia-republic-1999,512,512,2611,0,14,14,7,13,0.5384615384615384
australia-republic-1999,513,513,2622,0,15,15,8,14,0.5714285714285714
australia-republic-1999,514,514,2601,0,16,16,5,15,0.33333333333333337
australia-republic-1999,515,515,2606,0,16,16,6,15,0.4
australia-republic-1999,520,520,2612,0,14,14,6,13,0.4615384615384616
australia-republic-1999,521,521,2622,0,15,15,8,14,0.5714285714285714
australia-republic-1999,522,522,2617,0,14,14,6,13,0.4615384615384616
australia-republic-1999,523,523,2616,0,15,15,4,14,0.28571428571428575
australia-republic-1999,527,527,2602,0,17,17,10,16,0.625
australia-republic-1999,528,528,2609,0,16,16,7,15,0.4666666666666667
australia-republic-1999,530,530,2601,0,16,16,5,15,0.33333333333333337
australia-republic-1999,531,531,2608,0,12,12,4,11,0.3636363636363637
australia-republic-1999,532,532,2608,0,12,12,4,11,0.3636363636363637
australia-republic-1999,537,537,2612,0,14,14,6,13,0.4615384615384616
australia-republic-1999,538,538,2615,0,14,14,8,13,0.6153846153846154
australia-republic-1999,539,539,2607,0,15,15,7,14,0.5
australia-republic-1999,541,541,2622,0,15,15,8,14,0.5714285714285714
australia-republic-1999,542,542,2624,0,13,13,5,12,0.41666666666666663
australia-republic-1999,557,557,2612,0,14,14,6,13,0.4615384615384616
australia-republic-1999,565,565,2623,0,13,13,6,12,0.5
australia-republic-1999,566,566,2604,0,16,16,5,15,0.33333333333333337
australia-republic-1999,569,569,2609,0,16,16,7,15,0.4666666666666667
australia-republic-1999,570,570,2610,0,14,14,5,13,0.38461538461538464
australia-republic-1999,571,571,2608,0,12,12,4,11,0.3636363636363637
australia-republic-1999,572,572,2623,0,13,13,6,12,0.5
australia-republic-1999,573,573,2605,0,13,13,7,12,0.5833333333333334
australia-republic-1999,579,579,2606,0,16,16,6,15,0.4
australia-republic-1999,581,581,2619,0,15,15,9,14,0.6428571428571429
australia-republic-1999,582,582,2616,0,15,15,4,14,0.28571428571428575
australia-republic-1999,583,583,2611,0,14,14,7,13,0.5384615384615384
australia-republic-1999,585,585,2602,0,17,17,10,16,0.625
australia-republic-1999,591,591,2601,0,16,16,5,15,0.33333333333333337
australia-republic-1999,592,592,2621,0,13,13,8,12,0.6666666666666666
australia-republic-1999,596,596,2613,0,16,16,10,15,0.6666666666666667
australia-republic-1999,600,600,2623,0,13,13,6,12,0.5
australia-republic-1999,602,602,2620,0,16,16,11,15,0.7333333333333334
australia-republic-1999,605,605,2617,0,14,14,6,13,0.4615384615384616
australia-republic-1999,614,614,2617,1,14,14,6,13,0.38461538461538464
australia-republic-1999,621,621,2617,1,14,14,6,13,0.38461538461538464
australia-republic-1999,622,622,2607,1,15,15,7,14,0.42857142857142855
australia-republic-1999,624,624,2619,1,15,15,9,14,0.5714285714285714
australia-republic-1999,632,632,2602,1,17,17,10,16,0.5625
australia-republic-1999,640,640,2624,1,13,13,5,12,0.33333333333333337
australia-republic-1999,642,642,2613,1,16,16,10,15,0.6
australia-republic-1999,644,644,2624,1,13,13,5,12,0.33333333333333337
australia-republic-1999,648,648,2618,1,12,12,6,11,0.4545454545454546
australia-republic-1999,650,650,2606,1,16,16,6,15,0.33333333333333337
australia-republic-1999,655,655,2612,1,14,14,6,13,0.38461538461538464
australia-republic-1999,658,658,2615,1,14,14,8,13,0.5384615384615384
australia-republic-1999,664,664,2621,1,13,13,8,12,0.5833333333333334
australia-republic-1999,668,668,2601,1,16,16,5,15,0.2666666666666667
australia-republic-1999,683,683,2613,1,16,16,10,15,0.6
australia-republic-1999,684,684,2609,1,16,16,7,15,0.4
australia-republic-1999,685,685,2607,1,15,15,7,14,0.42857142857142855
australia-republic-1999,686,686,2620,1,16,16,11,15,0.6666666666666666
australia-republic-1999,687,687,2620,1,16,16,11,15,0.6666666666666666
australia-republic-1999,688,688,2609,1,16,16,7,15,0.4
australia-republic-1999,689,689,2614,1,14,14,10,13,0.6923076923076923
australia-republic-1999,692,692,2618,1,12,12,6,11,0.4545454545454546
australia-republic-1999,693,693,2604,1,16,16,5,15,0.26666666666666666
australia-republic-1999,699,699,2602,1,17,17,10,16,0.5625
australia-republic-1999,710,710,2613,1,16,16,10,15,0.6
australia-republic-1999,717,717,2605,1,13,13,7,12,0.5
australia-republic-1999,719,719,2614,1,14,14,10,13,0.6923076923076923
australia-republic-1999,720,720,2605,1,13,13,7,12,0.5
australia-republic-1999,721,721,2601,1,16,16,5,15,0.2666666666666667
australia-republic-1999,723,723,2617,1,14,14,6,13,0.38461538461538464
australia-republic-1999,757,757,2609,0,16,16,7,15,0.4666666666666667
australia-republic-1999,758,758,2606,0,16,16,6,15,0.4
australia-republic-1999,761,761,2603,0,14,14,5,13,0.38461538461538464
australia-republic-1999,764,764,2601,0,16,16,5,15,0.33333333333333337
australia-republic-1999,772,772,2604,0,16,16,5,15,0.33333333333333337
australia-republic-1999,779,779,2603,0,14,14,5,13,0.38461538461538464
australia-republic-1999,784,784,2615,0,14,14,8,13,0.6153846153846154
australia-republic-1999,786,786,2617,0,14,14,6,13,0.4615384615384616
australia-republic-1999,788,788,2601,0,16,16,5,15,0.33333333333333337
australia-republic-1999,790,790,2606,0,16,16,6,15,0.4
australia-republic-1999,791,791,2622,1,15,15,8,14,0.5
australia-republic-1999,798,798,2620,1,16,16,11,15,0.6666666666666666
australia-republic-1999,803,803,2613,1,16,16,10,15,0.6
australia-republic-1999,805,805,2619,1,15,15,9,14,0.5714285714285714
australia-republic-1999,812,812,2610,1,14,14,5,13,0.3076923076923077
australia-republic-1999,815,815,2615,1,14,14,8,13,0.5384615384615384
australia-republic-1999,816,816,2616,1,15,15,4,14,0.2142857142857143
australia-republic-1999,818,818,2616,1,15,15,4,14,0.2142857142857143
australia-republic-1999,820,820,2611,1,14,14,7,13,0.4615384615384615
australia-republic-1999,821,821,2622,1,15,15,8,14,0.5
australia-republic-1999,822,822,2613,1,16,16,10,15,0.6
australia-republic-1999,823,823,2613,1,16,16,10,15,0.6
australia-republic-1999,828,828,2602,1,17,17,10,16,0.5625
australia-republic-1999,830,830,2614,1,14,14,10,13,0.6923076923076923
australia-republic-1999,854,854,2616,0,15,15,4,14,0.28571428571428575
australia-republic-1999,858,858,2605,0,13,13,7,12,0.5833333333333334
australia-republic-1999,859,859,2604,0,16,16,5,15,0.33333333333333337
australia-republic-1999,863,863,2618,0,12,12,6,11,0.5454545454545454
australia-republic-1999,866,866,2605,0,13,13,7,12,0.5833333333333334
australia-republic-1999,867,867,2602,0,17,17,10,16,0.625
australia-republic-1999,868,868,2609,0,16,16,7,15,0.4666666666666667
australia-republic-1999,873,873,2606,0,16,16,6,15,0.4
australia-republic-1999,874,874,2605,0,13,13,7,12,0.5833333333333334
australia-republic-1999,875,875,2621,0,13,13,8,12,0.6666666666666666
australia-republic-1999,877,877,2606,0,16,16,6,15,0.4
australia-republic-1999,878,878,2607,0,15,15,7,14,0.5
australia-republic-1999,880,880,2610,0,14,14,5,13,0.38461538461538464
australia-republic-1999,881,881,2618,0,12,12,6,11,0.5454545454545454
australia-republic-1999,886,886,2609,1,16,16,7,15,0.4
australia-republic-1999,899,899,2619,1,15,15,9,14,0.5714285714285714
australia-republic-1999,903,903,2615,1,14,14,8,13,0.5384615384615384
australia-republic-1999,905,905,2602,1,17,17,10,16,0.5625
australia-republic-1999,909,909,2621,1,13,13,8,12,0.5833333333333334
australia-republic-1999,911,911,2613,1,16,16,10,15,0.6
australia-republic-1999,918,918,2603,1,14,14,5,13,0.3076923076923077
australia-republic-1999,956,956,2616,0,15,15,4,14,0.28571428571428575
australia-republic-1999,968,968,2609,1,16,16,7,15,0.4
australia-republic-1999,975,975,2618,1,12,12,6,11,0.4545454545454546
australia-republic-1999,1029,1029,2612,0,14,14,6,13,0.4615384615384616
australia-republic-1999,1032,1032,2607,0,15,15,7,14,0.5
australia-republic-1999,1033,1033,2617,0,14,14,6,13,0.4615384615384616
australia-republic-1999,1036,1036,2624,0,13,13,5,12,0.41666666666666663
australia-republic-1999,1038,1038,2615,0,14,14,8,13,0.6153846153846154
australia-republic-1999,1046,1046,2601,1,16,16,5,15,0.26666666666666666
australia-republic-1999,1051,1051,2607,1,15,15,7,14,0.42857142857142855
australia-republic-1999,1052,1052,2608,1,12,12,4,11,0.2727272727272727
australia-republic-1999,1059,1059,2621,1,13,13,8,12,0.5833333333333334
australia-republic-1999,1060,1060,2616,1,15,15,4,14,0.2142857142857143
australia-republic-1999,1063,1063,2603,1,14,14,5,13,0.3076923076923077
australia-republic-1999,1069,1069,2612,1,14,14,6,13,0.38461538461538464
australia-republic-1999,1071,1071,2604,1,16,16,5,15,0.26666666666666666
australia-republic-1999,1075,1075,2604,1,16,16,5,15,0.26666666666666666
australia-republic-1999,1081,1081,2621,1,13,13,8,12,0.5833333333333334
australia-republic-1999,1082,1082,2602,1,17,17,10,16,0.5625
australia-republic-1999,1084,1084,2620,1,16,16,11,15,0.6666666666666666
australia-republic-1999,1085,1085,2606,1,16,16,6,15,0.33333333333333337
australia-republic-1999,1087,1087,2611,1,14,14,7,13,0.4615384615384615
australia-republic-1999,1101,1101,2608,0,12,12,4,11,0.3636363636363637
australia-republic-1999,1106,1106,2603,0,14,14,5,13,0.38461538461538464
australia-republic-1999,1107,1107,2621,0,13,13,8,12,0.6666666666666666
australia-republic-1999,1108,1108,2604,0,16,16,5,15,0.33333333333333337
australia-republic-1999,1110,1110,2607,0,15,15,7,14,0.5
australia-republic-1999,1111,1111,2612,0,14,14,6,13,0.4615384615384616
australia-republic-1999,1112,1112,2611,0,14,14,7,13,0.5384615384615384
australia-republic-1999,1113,1113,2608,0,12,12,4,11,0.3636363636363637
australia-republic-1999,1115,1115,2624,0,13,13,5,12,0.41666666666666663
australia-republic-1999,1117,1117,2620,1,16,16,11,15,0.6666666666666666
australia-republic-1999,1118,1118,2606,1,16,16,6,15,0.33333333333333337
australia-republic-1999,1119,1119,2605,1,13,13,7,12,0.5
australia-republic-1999,1124,1124,2614,1,14,14,10,13,0.6923076923076923
australia-republic-1999,1130,1130,2623,1,13,13,6,12,0.41666666666666663
australia-republic-1999,1201,1201,2613,0,16,16,10,15,0.6666666666666667
australia-republic-1999,1202,1202,2621,0,13,13,8,12,0.6666666666666666
australia-republic-1999,1203,1203,2614,0,14,14,10,13,0.7692307692307693
australia-republic-1999,1204,1204,2618,0,12,12,6,11,0.5454545454545454
australia-republic-1999,1207,1207,2622,0,15,15,8,14,0.5714285714285714
australia-republic-1999,1212,1212,2612,0,14,14,6,13,0.4615384615384616
australia-republic-1999,1214,1214,2607,0,15,15,7,14,0.5
australia-republic-1999,1219,1219,2609,1,16,16,7,15,0.4
australia-republic-1999,1224,1224,2607,1,15,15,7,14,0.42857142857142855
australia-republic-1999,1226,1226,2610,1,14,14,5,13,0.3076923076923077
australia-republic-1999,1227,1227,2607,1,15,15,7,14,0.42857142857142855
australia-republic-1999,1230,1230,2620,1,16,16,11,15,0.6666666666666666
australia-republic-1999,1251,1251,2606,0,16,16,6,15,0.4
australia-republic-1999,1253,1253,2619,0,15,15,9,14,0.6428571428571429
australia-republic-1999,1254,1254,2619,0,15,15,9,14,0.6428571428571429
australia-republic-1999,1256,1256,2619,0,15,15,9,14,0.6428571428571429
australia-republic-1999,1260,1260,2615,1,14,14,8,13,0.5384615384615384
australia-republic-1999,1262,1262,2619,1,15,15,9,14,0.5714285714285714
australia-republic-1999,1301,1301,2602,0,17,17,10,16,0.625
australia-republic-1999,1306,1306,2622,0,15,15,8,14,0.5714285714285714
australia-republic-1999,1307,1307,2610,0,14,14,5,13,0.38461538461538464
australia-republic-1999,1314,1314,2611,0,14,14,7,13,0.5384615384615384
australia-republic-1999,1321,1321,2609,0,16,16,7,15,0.4666666666666667
australia-republic-1999,1324,1324,2608,0,12,12,4,11,0.3636363636363637
australia-republic-1999,1329,1329,2606,0,16,16,6,15,0.4
australia-republic-1999,1333,1333,2620,0,16,16,11,15,0.7333333333333333
australia-republic-1999,1335,1335,2603,0,14,14,5,13,0.38461538461538464
australia-republic-1999,1343,1343,2605,0,13,13,7,12,0.5833333333333334
australia-republic-1999,1344,1344,2603,0,14,14,5,13,0.38461538461538464
australia-republic-1999,1349,1349,2618,0,12,12,6,11,0.5454545454545454
australia-republic-1999,1353,1353,2622,1,15,15,8,14,0.5
australia-republic-1999,1356,1356,2605,1,13,13,7,12,0.5
australia-republic-1999,1359,1359,2621,1,13,13,8,12,0.5833333333333334
australia-republic-1999,1362,1362,2612,1,14,14,6,13,0.38461538461538464
australia-republic-1999,1364,1364,2624,1,13,13,5,12,0.33333333333333337
australia-republic-1999,1370,1370,2610,1,14,14,5,13,0.3076923076923077
australia-republic-1999,1372,1372,2603,1,14,14,5,13,0.3076923076923077
australia-republic-1999,1374,1374,2605,1,13,13,7,12,0.5
australia-republic-1999,1380,1380,2605,1,13,13,7,12,0.5
australia-republic-1999,1381,1381,2613,1,16,16,10,15,0.6
australia-republic-1999,1384,1384,2620,1,16,16,11,15,0.6666666666666666
australia-republic-1999,1386,1386,2616,1,15,15,4,14,0.2142857142857143
australia-republic-1999,1390,1390,2607,1,15,15,7,14,0.42857142857142855
australia-republic-1999,1391,1391,2620,1,16,16,11,15,0.6666666666666666
australia-republic-1999,1394,1394,2614,1,14,14,10,13,0.6923076923076923
australia-republic-1999,1395,1395,2619,1,15,15,9,14,0.5714285714285714
australia-republic-1999,1396,1396,2618,1,12,12,6,11,0.4545454545454545
australia-republic-1999,1397,1397,2610,1,14,14,5,13,0.3076923076923077
australia-republic-1999,1400,1400,2612,1,14,14,6,13,0.38461538461538464
australia-republic-1999,1502,1502,2623,0,13,13,6,12,0.5
australia-republic-1999,1505,1505,2624,0,13,13,5,12,0.41666666666666663
australia-republic-1999,1511,1511,2601,0,16,16,5,15,0.33333333333333337
australia-republic-1999,1512,1512,2609,0,16,16,7,15,0.4666666666666667
australia-republic-1999,1513,1513,2623,0,13,13,6,12,0.5
australia-republic-1999,1515,1515,2602,0,17,17,10,16,0.625
australia-republic-1999,1516,1516,2608,0,12,12,4,11,0.3636363636363637
australia-republic-1999,1518,1518,2610,0,14,14,5,13,0.38461538461538464
australia-republic-1999,1520,1520,2606,0,16,16,6,15,0.4
australia-republic-1999,1523,1523,2624,0,13,13,5,12,0.41666666666666663
australia-republic-1999,1525,1525,2604,0,16,16,5,15,0.33333333333333337
australia-republic-1999,1526,1526,2610,0,14,14,5,13,0.38461538461538464
australia-republic-1999,1527,1527,2615,0,14,14,8,13,0.6153846153846154
australia-republic-1999,1533,1533,2609,0,16,16,7,15,0.4666666666666667
australia-republic-1999,1536,1536,2619,0,15,15,9,14,0.6428571428571429
australia-republic-1999,1537,1537,2604,0,16,16,5,15,0.33333333333333337
australia-republic-1999,1540,1540,2603,0,14,14,5,13,0.38461538461538464
australia-republic-1999,1544,1544,2609,0,16,16,7,15,0.4666666666666667
australia-republic-1999,1545,1545,2611,0,14,14,7,13,0.5384615384615384
australia-republic-1999,1546,1546,2616,0,15,15,4,14,0.28571428571428575
australia-republic-1999,1547,1547,2610,0,14,14,5,13,0.38461538461538464
australia-republic-1999,1553,1553,2611,0,14,14,7,13,0.5384615384615384
australia-republic-1999,1554,1554,2624,0,13,13,5,12,0.41666666666666663
australia-republic-1999,1558,1558,2603,0,14,14,5,13,0.38461538461538464
australia-republic-1999,1560,1560,2607,0,15,15,7,14,0.5
australia-republic-1999,1561,1561,2606,0,16,16,6,15,0.4
australia-republic-1999,1565,1565,2602,1,17,17,10,16,0.5625
australia-republic-1999,1572,1572,2601,1,16,16,5,15,0.26666666666666666
australia-republic-1999,1578,1578,2603,1,14,14,5,13,0.3076923076923077
australia-republic-1999,1580,1580,2606,1,16,16,6,15,0.33333333333333337
australia-republic-1999,1582,1582,2613,1,16,16,10,15,0.6
australia-republic-1999,1585,1585,2623,1,13,13,6,12,0.41666666666666663
australia-republic-1999,1586,1586,2622,1,15,15,8,14,0.5
australia-republic-1999,1589,1589,2602,1,17,17,10,16,0.5625
australia-republic-1999,1590,1590,2604,1,16,16,5,15,0.26666666666666666
australia-republic-1999,1592,1592,2622,1,15,15,8,14,0.5
australia-republic-1999,1602,1602,2623,1,13,13,6,12,0.41666666666666663
australia-republic-1999,1604,1604,2614,1,14,14,10,13,0.6923076923076923
australia-republic-1999,1608,1608,2611,1,14,14,7,13,0.4615384615384615
uk-crime-1994,4,10004,2702,1,17,17,9,16,0.5
uk-crime-1994,5,10005,2703,1,17,17,9,16,0.5
uk-crime-1994,8,10008,2713,0,12,12,3,11,0.2727272727272727
uk-crime-1994,13,10013,2711,1,18,18,7,17,0.3529411764705882
uk-crime-1994,14,10014,2709,0,16,16,10,15,0.6666666666666667
uk-crime-1994,15,10015,2704,0,15,15,5,14,0.3571428571428571
uk-crime-1994,21,10021,2710,0,15,15,7,14,0.5
uk-crime-1994,26,10026,2714,0,18,18,6,17,0.3529411764705882
uk-crime-1994,28,10028,2702,1,17,17,9,16,0.5
uk-crime-1994,29,10029,2707,0,11,11,5,10,0.5
uk-crime-1994,32,10032,2717,1,13,13,6,12,0.41666666666666663
uk-crime-1994,35,10035,2706,1,14,14,8,13,0.5384615384615384
uk-crime-1994,37,10037,2704,0,15,15,5,14,0.3571428571428571
uk-crime-1994,40,10040,2705,0,16,16,9,15,0.6
uk-crime-1994,42,10042,2701,0,17,17,8,16,0.5
uk-crime-1994,45,10045,2718,0,17,17,7,16,0.4375
uk-crime-1994,50,10050,2708,1,13,13,5,12,0.33333333333333337
uk-crime-1994,53,10053,2710,1,15,15,7,14,0.42857142857142855
uk-crime-1994,54,10054,2701,1,17,17,8,16,0.4375
uk-crime-1994,56,10056,2707,1,11,11,5,10,0.4
uk-crime-1994,58,10058,2711,0,18,18,7,17,0.4117647058823529
uk-crime-1994,59,10059,2707,0,11,11,5,10,0.5
uk-crime-1994,61,10061,2710,1,15,15,7,14,0.42857142857142855
uk-crime-1994,72,10072,2718,1,17,17,7,16,0.375
uk-crime-1994,73,10073,2702,0,17,17,9,16,0.5625
uk-crime-1994,76,10076,2717,0,13,13,6,12,0.5
uk-crime-1994,78,10078,2720,1,14,14,9,13,0.6153846153846154
uk-crime-1994,86,10086,2715,1,16,16,11,15,0.6666666666666666
uk-crime-1994,88,10088,2719,1,13,13,9,12,0.6666666666666666
uk-crime-1994,89,10089,2720,1,14,14,9,13,0.6153846153846154
uk-crime-1994,91,10091,2711,0,18,18,7,17,0.4117647058823529
uk-crime-1994,93,10093,2716,1,12,12,7,11,0.5454545454545454
uk-crime-1994,100,10100,2712,1,15,15,9,14,0.5714285714285714
uk-crime-1994,101,10101,2718,0,17,17,7,16,0.4375
uk-crime-1994,102,10102,2719,0,13,13,9,12,0.75
uk-crime-1994,104,10104,2705,1,16,16,9,15,0.5333333333333333
uk-crime-1994,106,10106,2713,0,12,12,3,11,0.2727272727272727
uk-crime-1994,110,10110,2719,0,13,13,9,12,0.75
uk-crime-1994,118,10118,2703,1,17,17,9,16,0.5
uk-crime-1994,119,10119,2705,1,16,16,9,15,0.5333333333333333
uk-crime-1994,120,10120,2706,1,14,14,8,13,0.5384615384615384
uk-crime-1994,121,10121,2711,1,18,18,7,17,0.3529411764705882
uk-crime-1994,126,10126,2704,1,15,15,5,14,0.2857142857142857
uk-crime-1994,127,10127,2711,1,18,18,7,17,0.3529411764705882
uk-crime-1994,133,10133,2703,1,17,17,9,16,0.5
uk-crime-1994,134,10134,2714,1,18,18,6,17,0.2941176470588235
uk-crime-1994,135,10135,2701,0,17,17,8,16,0.5
uk-crime-1994,140,10140,2702,0,17,17,9,16,0.5625
uk-crime-1994,146,10146,2716,0,12,12,7,11,0.6363636363636364
uk-crime-1994,147,10147,2718,1,17,17,7,16,0.375
uk-crime-1994,148,10148,2718,0,17,17,7,16,0.4375
uk-crime-1994,153,10153,2704,1,15,15,5,14,0.2857142857142857
uk-crime-1994,154,10154,2705,1,16,16,9,15,0.5333333333333333
uk-crime-1994,155,10155,2706,1,14,14,8,13,0.5384615384615384
uk-crime-1994,156,10156,2702,1,17,17,9,16,0.5
uk-crime-1994,163,10163,2707,1,11,11,5,10,0.4
uk-crime-1994,166,10166,2703,1,17,17,9,16,0.5
uk-crime-1994,169,10169,2713,0,12,12,3,11,0.2727272727272727
uk-crime-1994,170,10170,2706,1,14,14,8,13,0.5384615384615384
uk-crime-1994,172,10172,2701,1,17,17,8,16,0.4375
uk-crime-1994,177,10177,2710,0,15,15,7,14,0.5
uk-crime-1994,188,10188,2718,0,17,17,7,16,0.4375
uk-crime-1994,189,10189,2714,1,18,18,6,17,0.2941176470588235
uk-crime-1994,195,10195,2712,0,15,15,9,14,0.6428571428571429
uk-crime-1994,198,10198,2711,0,18,18,7,17,0.4117647058823529
uk-crime-1994,204,10204,2702,1,17,17,9,16,0.5
uk-crime-1994,205,10205,2717,0,13,13,6,12,0.5
uk-crime-1994,206,10206,2704,1,15,15,5,14,0.2857142857142857
uk-crime-1994,209,10209,2719,0,13,13,9,12,0.75
uk-crime-1994,213,10213,2718,0,17,17,7,16,0.4375
uk-crime-1994,216,10216,2708,0,13,13,5,12,0.41666666666666663
uk-crime-1994,219,10219,2704,0,15,15,5,14,0.3571428571428571
uk-crime-1994,222,10222,2703,0,17,17,9,16,0.5625
uk-crime-1994,224,10224,2705,1,16,16,9,15,0.5333333333333333
uk-crime-1994,227,10227,2709,1,16,16,10,15,0.6
uk-crime-1994,228,10228,2708,0,13,13,5,12,0.41666666666666663
uk-crime-1994,229,10229,2714,1,18,18,6,17,0.2941176470588235
uk-crime-1994,234,10234,2705,0,16,16,9,15,0.6
uk-crime-1994,237,10237,2707,1,11,11,5,10,0.4
uk-crime-1994,241,10241,2719,1,13,13,9,12,0.6666666666666666
uk-crime-1994,242,10242,2711,0,18,18,7,17,0.4117647058823529
uk-crime-1994,244,10244,2710,1,15,15,7,14,0.42857142857142855
uk-crime-1994,245,10245,2702,1,17,17,9,16,0.5
uk-crime-1994,246,10246,2703,1,17,17,9,16,0.5
uk-crime-1994,247,10247,2706,0,14,14,8,13,0.6153846153846154
uk-crime-1994,253,10253,2701,1,17,17,8,16,0.4375
uk-crime-1994,255,10255,2715,0,16,16,11,15,0.7333333333333334
uk-crime-1994,262,10262,2716,1,12,12,7,11,0.5454545454545454
uk-crime-1994,263,10263,2709,0,16,16,10,15,0.6666666666666667
uk-crime-1994,264,10264,2704,0,15,15,5,14,0.3571428571428571
uk-crime-1994,265,10265,2713,0,12,12,3,11,0.2727272727272727
uk-crime-1994,266,10266,2703,0,17,17,9,16,0.5625
uk-crime-1994,270,10270,2708,0,13,13,5,12,0.41666666666666663
uk-crime-1994,271,10271,2712,1,15,15,9,14,0.5714285714285714
uk-crime-1994,274,10274,2711,0,18,18,7,17,0.4117647058823529
uk-crime-1994,276,10276,2715,1,16,16,11,15,0.6666666666666666
uk-crime-1994,277,10277,2717,1,13,13,6,12,0.41666666666666663
uk-crime-1994,282,10282,2718,1,17,17,7,16,0.375
uk-crime-1994,284,10284,2720,1,14,14,9,13,0.6153846153846154
uk-crime-1994,286,10286,2714,0,18,18,6,17,0.3529411764705882
uk-crime-1994,287,10287,2710,0,15,15,7,14,0.5
uk-crime-1994,289,10289,2701,0,17,17,8,16,0.5
uk-crime-1994,290,10290,2712,1,15,15,9,14,0.5714285714285714
uk-crime-1994,291,10291,2714,0,18,18,6,17,0.3529411764705882
uk-crime-1994,292,10292,2712,1,15,15,9,14,0.5714285714285714
uk-crime-1994,293,10293,2713,1,12,12,3,11,0.1818181818181818
uk-crime-1994,294,10294,2701,0,17,17,8,16,0.5
uk-crime-1994,295,10295,2718,0,17,17,7,16,0.4375
uk-crime-1994,296,10296,2710,1,15,15,7,14,0.42857142857142855
uk-crime-1994,300,10300,2713,0,12,12,3,11,0.2727272727272727
uk-crime-1994,301,10301,2716,1,12,12,7,11,0.5454545454545454
uk-crime-1994,304,10304,2707,0,11,11,5,10,0.5
uk-crime-1994,305,10305,2715,0,16,16,11,15,0.7333333333333334
uk-crime-1994,306,10306,2709,0,16,16,10,15,0.6666666666666667
uk-crime-1994,307,10307,2712,1,15,15,9,14,0.5714285714285714
uk-crime-1994,308,10308,2714,0,18,18,6,17,0.3529411764705882
uk-crime-1994,309,10309,2708,0,13,13,5,12,0.41666666666666663
uk-crime-1994,310,10310,2715,0,16,16,11,15,0.7333333333333334
uk-crime-1994,311,10311,2720,0,14,14,9,13,0.6923076923076923
uk-crime-1994,317,10317,2706,0,14,14,8,13,0.6153846153846154
uk-crime-1994,319,10319,2705,1,16,16,9,15,0.5333333333333333
uk-crime-1994,321,10321,2707,1,11,11,5,10,0.4
uk-crime-1994,324,10324,2706,1,14,14,8,13,0.5384615384615384
uk-crime-1994,327,10327,2709,0,16,16,10,15,0.6666666666666667
uk-crime-1994,329,10329,2714,0,18,18,6,17,0.3529411764705882
uk-crime-1994,332,10332,2714,0,18,18,6,17,0.3529411764705882
uk-crime-1994,333,10333,2716,0,12,12,7,11,0.6363636363636364
uk-crime-1994,335,10335,2720,1,14,14,9,13,0.6153846153846154
uk-crime-1994,338,10338,2702,1,17,17,9,16,0.5
uk-crime-1994,341,10341,2717,1,13,13,6,12,0.41666666666666663
uk-crime-1994,342,10342,2702,0,17,17,9,16,0.5625
uk-crime-1994,345,10345,2715,1,16,16,11,15,0.6666666666666666
uk-crime-1994,347,10347,2705,1,16,16,9,15,0.5333333333333333
uk-crime-1994,348,10348,2716,1,12,12,7,11,0.5454545454545454
uk-crime-1994,350,10350,2708,1,13,13,5,12,0.33333333333333337
uk-crime-1994,352,10352,2703,0,17,17,9,16,0.5625
uk-crime-1994,354,10354,2719,1,13,13,9,12,0.6666666666666666
uk-crime-1994,356,10356,2715,1,16,16,11,15,0.6666666666666666
uk-crime-1994,357,10357,2718,1,17,17,7,16,0.375
uk-crime-1994,358,10358,2711,1,18,18,7,17,0.3529411764705882
uk-crime-1994,361,10361,2716,1,12,12,7,11,0.5454545454545454
uk-crime-1994,363,10363,2702,1,17,17,9,16,0.5
uk-crime-1994,365,10365,2701,1,17,17,8,16,0.4375
uk-crime-1994,366,10366,2702,0,17,17,9,16,0.5625
uk-crime-1994,367,10367,2715,0,16,16,11,15,0.7333333333333333
uk-crime-1994,368,10368,2711,0,18,18,7,17,0.4117647058823529
uk-crime-1994,375,10375,2701,0,17,17,8,16,0.5
uk-crime-1994,376,10376,2710,0,15,15,7,14,0.5
uk-crime-1994,383,10383,2714,0,18,18,6,17,0.3529411764705882
uk-crime-1994,388,10388,2711,0,18,18,7,17,0.4117647058823529
uk-crime-1994,395,10395,2714,1,18,18,6,17,0.2941176470588235
uk-crime-1994,396,10396,2707,1,11,11,5,10,0.4
uk-crime-1994,397,10397,2715,1,16,16,11,15,0.6666666666666666
uk-crime-1994,398,10398,2717,0,13,13,6,12,0.5
uk-crime-1994,399,10399,2710,0,15,15,7,14,0.5
uk-crime-1994,400,10400,2706,0,14,14,8,13,0.6153846153846154
uk-crime-1994,402,10402,2709,1,16,16,10,15,0.6
uk-crime-1994,404,10404,2717,0,13,13,6,12,0.5
uk-crime-1994,406,10406,2705,0,16,16,9,15,0.6
uk-crime-1994,407,10407,2720,1,14,14,9,13,0.6153846153846154
uk-crime-1994,409,10409,2718,1,17,17,7,16,0.375
uk-crime-1994,410,10410,2706,0,14,14,8,13,0.6153846153846154
uk-crime-1994,411,10411,2713,0,12,12,3,11,0.2727272727272727
uk-crime-1994,412,10412,2719,1,13,13,9,12,0.6666666666666666
uk-crime-1994,418,10418,2708,1,13,13,5,12,0.33333333333333337
uk-crime-1994,420,10420,2704,0,15,15,5,14,0.3571428571428571
uk-crime-1994,421,10421,2702,1,17,17,9,16,0.5
uk-crime-1994,424,10424,2719,1,13,13,9,12,0.6666666666666666
uk-crime-1994,426,10426,2712,0,15,15,9,14,0.6428571428571428
uk-crime-1994,430,10430,2703,0,17,17,9,16,0.5625
uk-crime-1994,431,10431,2711,0,18,18,7,17,0.4117647058823529
uk-crime-1994,444,10444,2713,0,12,12,3,11,0.2727272727272727
uk-crime-1994,446,10446,2715,1,16,16,11,15,0.6666666666666666
uk-crime-1994,449,10449,2706,1,14,14,8,13,0.5384615384615384
uk-crime-1994,452,10452,2714,0,18,18,6,17,0.3529411764705882
uk-crime-1994,454,10454,2708,1,13,13,5,12,0.33333333333333337
uk-crime-1994,455,10455,2705,1,16,16,9,15,0.5333333333333333
uk-crime-1994,457,10457,2707,0,11,11,5,10,0.5
uk-crime-1994,463,10463,2710,1,15,15,7,14,0.42857142857142855
uk-crime-1994,464,10464,2709,0,16,16,10,15,0.6666666666666667
uk-crime-1994,467,10467,2712,1,15,15,9,14,0.5714285714285714
uk-crime-1994,474,10474,2718,0,17,17,7,16,0.4375
uk-crime-1994,484,10484,2701,0,17,17,8,16,0.5
uk-crime-1994,487,10487,2704,0,15,15,5,14,0.3571428571428571
uk-crime-1994,488,10488,2707,0,11,11,5,10,0.5
uk-crime-1994,489,10489,2719,1,13,13,9,12,0.6666666666666666
uk-crime-1994,497,10497,2703,1,17,17,9,16,0.5
uk-crime-1994,501,10501,2702,0,17,17,9,16,0.5625
uk-crime-1994,504,10504,2718,0,17,17,7,16,0.4375
uk-crime-1994,507,10507,2716,0,12,12,7,11,0.6363636363636364
uk-crime-1994,518,10518,2718,0,17,17,7,16,0.4375
uk-crime-1994,519,10519,2709,1,16,16,10,15,0.6
uk-crime-1994,520,10520,2718,0,17,17,7,16,0.4375
uk-crime-1994,521,10521,2707,0,11,11,5,10,0.5
uk-crime-1994,522,10522,2719,1,13,13,9,12,0.6666666666666666
uk-crime-1994,524,10524,2717,1,13,13,6,12,0.41666666666666663
uk-crime-1994,526,10526,2705,0,16,16,9,15,0.6
uk-crime-1994,531,10531,2708,0,13,13,5,12,0.41666666666666663
uk-crime-1994,532,10532,2714,1,18,18,6,17,0.2941176470588235
uk-crime-1994,534,10534,2720,0,14,14,9,13,0.6923076923076923
uk-crime-1994,536,10536,2715,1,16,16,11,15,0.6666666666666666
uk-crime-1994,542,10542,2712,0,15,15,9,14,0.6428571428571429
uk-crime-1994,546,10546,2713,0,12,12,3,11,0.2727272727272727
uk-crime-1994,549,10549,2718,1,17,17,7,16,0.375
uk-crime-1994,553,10553,2708,0,13,13,5,12,0.41666666666666663
uk-crime-1994,559,10559,2701,1,17,17,8,16,0.4375
uk-crime-1994,560,10560,2704,0,15,15,5,14,0.3571428571428571
uk-crime-1994,561,10561,2711,1,18,18,7,17,0.3529411764705882
uk-crime-1994,563,10563,2706,0,14,14,8,13,0.6153846153846154
uk-crime-1994,567,10567,2714,0,18,18,6,17,0.3529411764705882
uk-crime-1994,568,10568,2703,1,17,17,9,16,0.5
uk-crime-1994,570,10570,2705,0,16,16,9,15,0.6
uk-crime-1994,574,10574,2720,0,14,14,9,13,0.6923076923076923
uk-crime-1994,583,10583,2717,0,13,13,6,12,0.5
uk-crime-1994,584,10584,2706,1,14,14,8,13,0.5384615384615384
uk-crime-1994,585,10585,2704,0,15,15,5,14,0.3571428571428571
uk-crime-1994,587,10587,2705,0,16,16,9,15,0.6
uk-crime-1994,588,10588,2703,1,17,17,9,16,0.5
uk-crime-1994,589,10589,2714,0,18,18,6,17,0.3529411764705882
uk-crime-1994,591,10591,2704,0,15,15,5,14,0.3571428571428571
uk-crime-1994,592,10592,2710,1,15,15,7,14,0.42857142857142855
uk-crime-1994,594,10594,2713,1,12,12,3,11,0.1818181818181818
uk-crime-1994,595,10595,2705,1,16,16,9,15,0.5333333333333333
uk-crime-1994,596,10596,2706,1,14,14,8,13,0.5384615384615384
uk-crime-1994,597,10597,2720,1,14,14,9,13,0.6153846153846154
uk-crime-1994,599,10599,2715,1,16,16,11,15,0.6666666666666666
uk-crime-1994,601,10601,2711,0,18,18,7,17,0.4117647058823529
uk-crime-1994,602,10602,2703,1,17,17,9,16,0.5
uk-crime-1994,604,10604,2709,1,16,16,10,15,0.6
uk-crime-1994,605,10605,2720,0,14,14,9,13,0.6923076923076923
uk-crime-1994,616,10616,2708,1,13,13,5,12,0.33333333333333337
uk-crime-1994,623,10623,2701,1,17,17,8,16,0.4375
uk-crime-1994,627,10627,2717,1,13,13,6,12,0.41666666666666663
uk-crime-1994,630,10630,2717,0,13,13,6,12,0.5
uk-crime-1994,632,10632,2719,0,13,13,9,12,0.75
uk-crime-1994,635,10635,2703,0,17,17,9,16,0.5625
uk-crime-1994,637,10637,2702,0,17,17,9,16,0.5625
uk-crime-1994,638,10638,2720,1,14,14,9,13,0.6153846153846154
uk-crime-1994,643,10643,2701,0,17,17,8,16,0.5
uk-crime-1994,644,10644,2719,1,13,13,9,12,0.6666666666666666
uk-crime-1994,650,10650,2703,0,17,17,9,16,0.5625
uk-crime-1994,670,10670,2704,1,15,15,5,14,0.28571428571428575
uk-crime-1994,671,10671,2701,0,17,17,8,16,0.5
uk-crime-1994,676,10676,2709,1,16,16,10,15,0.6
uk-crime-1994,684,10684,2716,1,12,12,7,11,0.5454545454545454
uk-crime-1994,686,10686,2710,1,15,15,7,14,0.42857142857142855
uk-crime-1994,692,10692,2709,1,16,16,10,15,0.6
uk-crime-1994,695,10695,2705,0,16,16,9,15,0.6
uk-crime-1994,697,10697,2712,0,15,15,9,14,0.6428571428571429
uk-crime-1994,700,10700,2711,1,18,18,7,17,0.3529411764705882
uk-crime-1994,709,10709,2720,0,14,14,9,13,0.6923076923076923
uk-crime-1994,714,10714,2710,0,15,15,7,14,0.5
uk-crime-1994,719,10719,2716,1,12,12,7,11,0.5454545454545454
uk-crime-1994,723,10723,2702,1,17,17,9,16,0.5
uk-crime-1994,724,10724,2714,0,18,18,6,17,0.3529411764705882
uk-crime-1994,725,10725,2715,0,16,16,11,15,0.7333333333333333
uk-crime-1994,733,10733,2709,1,16,16,10,15,0.6
uk-crime-1994,734,10734,2714,0,18,18,6,17,0.3529411764705882
uk-crime-1994,735,10735,2713,1,12,12,3,11,0.1818181818181818
uk-crime-1994,737,10737,2701,1,17,17,8,16,0.4375
uk-crime-1994,738,10738,2708,0,13,13,5,12,0.41666666666666663
uk-crime-1994,741,10741,2709,1,16,16,10,15,0.6
uk-crime-1994,744,10744,2716,0,12,12,7,11,0.6363636363636364
uk-crime-1994,747,10747,2715,1,16,16,11,15,0.6666666666666666
uk-crime-1994,748,10748,2712,1,15,15,9,14,0.5714285714285714
uk-crime-1994,749,10749,2710,0,15,15,7,14,0.5
uk-crime-1994,756,10756,2717,0,13,13,6,12,0.5
uk-crime-1994,761,10761,2712,0,15,15,9,14,0.6428571428571429
uk-crime-1994,768,10768,2715,1,16,16,11,15,0.6666666666666666
uk-crime-1994,770,10770,2702,0,17,17,9,16,0.5625
uk-crime-1994,774,10774,2711,0,18,18,7,17,0.4117647058823529
uk-crime-1994,778,10778,2701,1,17,17,8,16,0.4375
uk-crime-1994,779,10779,2715,1,16,16,11,15,0.6666666666666666
uk-crime-1994,784,10784,2706,0,14,14,8,13,0.6153846153846154
uk-crime-1994,790,10790,2711,1,18,18,7,17,0.3529411764705882
uk-crime-1994,792,10792,2703,0,17,17,9,16,0.5625
uk-crime-1994,796,10796,2712,1,15,15,9,14,0.5714285714285714
uk-crime-1994,797,10797,2714,1,18,18,6,17,0.2941176470588235
uk-crime-1994,801,10801,2710,0,15,15,7,14,0.5
uk-crime-1994,803,10803,2720,1,14,14,9,13,0.6153846153846154
uk-crime-1994,808,10808,2712,0,15,15,9,14,0.6428571428571429
uk-crime-1994,811,10811,2713,0,12,12,3,11,0.2727272727272727
uk-crime-1994,814,10814,2709,0,16,16,10,15,0.6666666666666667
uk-crime-1994,829,10829,2716,0,12,12,7,11,0.6363636363636364
uk-crime-1994,830,10830,2717,1,13,13,6,12,0.41666666666666663
uk-crime-1994,833,10833,2712,1,15,15,9,14,0.5714285714285714
uk-crime-1994,834,10834,2705,1,16,16,9,15,0.5333333333333333
uk-crime-1994,835,10835,2719,1,13,13,9,12,0.6666666666666666
uk-crime-1994,836,10836,2702,0,17,17,9,16,0.5625
uk-crime-1994,842,10842,2701,0,17,17,8,16,0.5
uk-crime-1994,843,10843,2704,1,15,15,5,14,0.28571428571428575
uk-crime-1994,845,10845,2720,1,14,14,9,13,0.6153846153846154
uk-crime-1994,851,10851,2718,1,17,17,7,16,0.375
uk-crime-1994,856,10856,2704,0,15,15,5,14,0.3571428571428571
uk-crime-1994,864,10864,2709,1,16,16,10,15,0.6
uk-crime-1994,865,10865,2703,0,17,17,9,16,0.5625
uk-crime-1994,866,10866,2711,0,18,18,7,17,0.4117647058823529
uk-crime-1994,867,10867,2708,0,13,13,5,12,0.41666666666666663
uk-crime-1994,868,10868,2709,1,16,16,10,15,0.6
tomorrows-europe-2007,3037,3037,2801,0,21,21,8,20,0.4
tomorrows-europe-2007,3031,3031,2801,1,21,21,8,20,0.35
tomorrows-europe-2007,3007,3007,2802,0,20,20,8,19,0.42105263157894735
tomorrows-europe-2007,3028,3028,2801,1,21,21,8,20,0.35
tomorrows-europe-2007,3020,3020,2801,0,21,21,8,20,0.4
tomorrows-europe-2007,3003,3003,2801,0,21,21,8,20,0.4
tomorrows-europe-2007,2311,2311,2815,1,21,21,11,20,0.5
tomorrows-europe-2007,2767,2767,2802,0,20,20,8,19,0.42105263157894735
tomorrows-europe-2007,2763,2763,2802,1,20,20,8,19,0.36842105263157887
tomorrows-europe-2007,2733,2733,2802,1,20,20,8,19,0.36842105263157887
tomorrows-europe-2007,2606,2606,2802,1,20,20,8,19,0.36842105263157887
tomorrows-europe-2007,2726,2726,2802,1,20,20,8,19,0.36842105263157887
tomorrows-europe-2007,2670,2670,2802,1,20,20,8,19,0.36842105263157887
tomorrows-europe-2007,2675,2675,2802,0,20,20,8,19,0.42105263157894735
tomorrows-europe-2007,1231,1231,2802,1,20,20,8,19,0.3684210526315789
tomorrows-europe-2007,1253,1253,2802,0,20,20,8,19,0.42105263157894735
tomorrows-europe-2007,1250,1250,2802,0,20,20,8,19,0.42105263157894735
tomorrows-europe-2007,1759,1759,2803,1,20,20,7,19,0.31578947368421056
tomorrows-europe-2007,1757,1757,2803,1,20,20,7,19,0.31578947368421056
tomorrows-europe-2007,1754,1754,2803,1,20,20,7,19,0.31578947368421056
tomorrows-europe-2007,1730,1730,2803,0,20,20,7,19,0.3684210526315789
tomorrows-europe-2007,1784,1784,2803,0,20,20,7,19,0.3684210526315789
tomorrows-europe-2007,2466,2466,2804,1,17,17,8,16,0.4375
tomorrows-europe-2007,1735,1735,2804,1,17,17,8,16,0.4375
tomorrows-europe-2007,1710,1710,2804,0,17,17,8,16,0.5
tomorrows-europe-2007,1769,1769,2804,0,17,17,8,16,0.5
tomorrows-europe-2007,1707,1707,2804,1,17,17,8,16,0.4375
tomorrows-europe-2007,1785,1785,2804,0,17,17,8,16,0.5
tomorrows-europe-2007,1749,1749,2804,1,17,17,8,16,0.4375
tomorrows-europe-2007,2431,2431,2805,1,19,19,8,18,0.38888888888888895
tomorrows-europe-2007,2474,2474,2805,1,19,19,8,18,0.38888888888888895
tomorrows-europe-2007,2898,2898,2805,0,19,19,8,18,0.4444444444444444
tomorrows-europe-2007,2895,2895,2805,1,19,19,8,18,0.38888888888888895
tomorrows-europe-2007,2918,2918,2805,1,19,19,8,18,0.38888888888888895
tomorrows-europe-2007,2970,2970,2805,0,19,19,8,18,0.4444444444444444
tomorrows-europe-2007,2927,2927,2805,0,19,19,8,18,0.4444444444444444
tomorrows-europe-2007,2959,2959,2805,0,19,19,8,18,0.4444444444444444
tomorrows-europe-2007,2241,2241,2807,0,21,21,10,20,0.5
tomorrows-europe-2007,2244,2244,2807,1,21,21,10,20,0.45000000000000007
tomorrows-europe-2007,2195,2195,2807,0,21,21,10,20,0.5
tomorrows-europe-2007,2210,2210,2807,1,21,21,10,20,0.45000000000000007
tomorrows-europe-2007,2205,2205,2807,1,21,21,10,20,0.45000000000000007
tomorrows-europe-2007,2234,2234,2807,0,21,21,10,20,0.5
tomorrows-europe-2007,879,879,2810,0,20,20,8,19,0.42105263157894735
tomorrows-europe-2007,923,923,2810,0,20,20,8,19,0.42105263157894735
tomorrows-europe-2007,935,935,2811,0,20,20,7,19,0.3684210526315789
tomorrows-europe-2007,2925,2925,2813,0,21,21,10,20,0.5
tomorrows-europe-2007,2966,2966,2813,0,21,21,10,20,0.5
tomorrows-europe-2007,2923,2923,2813,0,21,21,10,20,0.5
tomorrows-europe-2007,2919,2919,2813,1,21,21,10,20,0.45
tomorrows-europe-2007,2903,2903,2813,0,21,21,10,20,0.5
tomorrows-europe-2007,2956,2956,2813,1,21,21,10,20,0.45
tomorrows-europe-2007,3154,3154,2814,1,17,17,10,16,0.5625
tomorrows-europe-2007,3122,3122,2814,1,17,17,10,16,0.5625
tomorrows-europe-2007,3159,3159,2814,0,17,17,10,16,0.625
tomorrows-europe-2007,3142,3142,2814,1,17,17,10,16,0.5625
tomorrows-europe-2007,100,100,2814,1,17,17,10,16,0.5625
tomorrows-europe-2007,2,2,2814,0,17,17,10,16,0.625
tomorrows-europe-2007,107,107,2814,0,17,17,10,16,0.625
tomorrows-europe-2007,24,24,2814,1,17,17,10,16,0.5625
tomorrows-europe-2007,51,51,2814,1,17,17,10,16,0.5625
tomorrows-europe-2007,104,104,2814,1,17,17,10,16,0.5625
tomorrows-europe-2007,67,67,2814,1,17,17,10,16,0.5625
tomorrows-europe-2007,90,90,2814,1,17,17,10,16,0.5625
tomorrows-europe-2007,3021,3021,2801,0,21,21,8,20,0.4
tomorrows-europe-2007,2699,2699,2815,1,21,21,11,20,0.5
tomorrows-europe-2007,2710,2710,2815,0,21,21,11,20,0.55
tomorrows-europe-2007,2741,2741,2815,1,21,21,11,20,0.5
tomorrows-europe-2007,2614,2614,2815,0,21,21,11,20,0.55
tomorrows-europe-2007,2789,2789,2815,0,21,21,11,20,0.55
tomorrows-europe-2007,2780,2780,2815,1,21,21,11,20,0.5
tomorrows-europe-2007,2669,2669,2815,1,21,21,11,20,0.5
tomorrows-europe-2007,2749,2749,2815,1,21,21,11,20,0.5
tomorrows-europe-2007,2604,2604,2815,0,21,21,11,20,0.55
tomorrows-europe-2007,2286,2286,2815,1,21,21,11,20,0.5
tomorrows-europe-2007,2319,2319,2815,1,21,21,11,20,0.5
tomorrows-europe-2007,2282,2282,2815,1,21,21,11,20,0.5
tomorrows-europe-2007,132,132,2816,1,16,16,7,15,0.4
tomorrows-europe-2007,41,41,2816,1,16,16,7,15,0.4
tomorrows-europe-2007,17,17,2816,1,16,16,7,15,0.4
tomorrows-europe-2007,146,146,2816,1,16,16,7,15,0.4
tomorrows-europe-2007,116,116,2816,0,16,16,7,15,0.4666666666666666
tomorrows-europe-2007,3,3,2816,0,16,16,7,15,0.4666666666666666
tomorrows-europe-2007,75,75,2816,1,16,16,7,15,0.4
tomorrows-europe-2007,2649,2649,2816,0,16,16,7,15,0.4666666666666666
tomorrows-europe-2007,2719,2719,2816,0,16,16,7,15,0.4666666666666666
tomorrows-europe-2007,2617,2617,2816,0,16,16,7,15,0.4666666666666666
tomorrows-europe-2007,2672,2672,2816,0,16,16,7,15,0.4666666666666666
tomorrows-europe-2007,2712,2712,2816,0,16,16,7,15,0.4666666666666666
tomorrows-europe-2007,2666,2666,2816,1,16,16,7,15,0.4
tomorrows-europe-2007,2616,2616,2816,1,16,16,7,15,0.4
tomorrows-europe-2007,799,799,2818,1,14,14,7,13,0.4615384615384615
tomorrows-europe-2007,845,845,2818,0,14,14,7,13,0.5384615384615384
tomorrows-europe-2007,808,808,2818,1,14,14,7,13,0.4615384615384615
tomorrows-europe-2007,842,842,2818,1,14,14,7,13,0.4615384615384615
tomorrows-europe-2007,796,796,2818,1,14,14,7,13,0.4615384615384615
tomorrows-europe-2007,809,809,2818,0,14,14,7,13,0.5384615384615384
tomorrows-europe-2007,3522,3522,2805,0,19,19,8,18,0.4444444444444444
tomorrows-europe-2007,3495,3495,2805,0,19,19,8,18,0.4444444444444444
tomorrows-europe-2007,2824,2824,2808,0,23,23,10,22,0.4545454545454546
tomorrows-europe-2007,625,625,2803,1,20,20,7,19,0.3157894736842105
tomorrows-europe-2007,516,516,2802,0,20,20,8,19,0.42105263157894735
tomorrows-europe-2007,693,693,2803,0,20,20,7,19,0.3684210526315789
tomorrows-europe-2007,374,374,2803,0,20,20,7,19,0.3684210526315789
tomorrows-europe-2007,225,225,2808,0,23,23,10,22,0.4545454545454546
tomorrows-europe-2007,148,148,2808,0,23,23,10,22,0.4545454545454546
tomorrows-europe-2007,3448,3448,2816,0,16,16,7,15,0.4666666666666666
tomorrows-europe-2007,517,517,2801,0,21,21,8,20,0.4
tomorrows-europe-2007,649,649,2801,0,21,21,8,20,0.4
tomorrows-europe-2007,489,489,2801,1,21,21,8,20,0.35
tomorrows-europe-2007,674,674,2801,1,21,21,8,20,0.35
tomorrows-europe-2007,358,358,2801,1,21,21,8,20,0.35
tomorrows-europe-2007,525,525,2801,0,21,21,8,20,0.4
tomorrows-europe-2007,515,515,2801,0,21,21,8,20,0.4
tomorrows-europe-2007,370,370,2801,1,21,21,8,20,0.35
tomorrows-europe-2007,397,397,2801,0,21,21,8,20,0.4
tomorrows-europe-2007,590,590,2801,0,21,21,8,20,0.4
tomorrows-europe-2007,654,654,2801,0,21,21,8,20,0.4
tomorrows-europe-2007,704,704,2801,0,21,21,8,20,0.4
tomorrows-europe-2007,734,734,2801,1,21,21,8,20,0.35000000000000003
tomorrows-europe-2007,728,728,2801,0,21,21,8,20,0.4
tomorrows-europe-2007,742,742,2801,1,21,21,8,20,0.35000000000000003
tomorrows-europe-2007,670,670,2802,0,20,20,8,19,0.42105263157894735
tomorrows-europe-2007,421,421,2802,0,20,20,8,19,0.42105263157894735
tomorrows-europe-2007,641,641,2802,1,20,20,8,19,0.3684210526315789
tomorrows-europe-2007,522,522,2802,1,20,20,8,19,0.3684210526315789
tomorrows-europe-2007,618,618,2802,0,20,20,8,19,0.42105263157894735
tomorrows-europe-2007,507,507,2802,0,20,20,8,19,0.42105263157894735
tomorrows-europe-2007,477,477,2802,0,20,20,8,19,0.42105263157894735
tomorrows-europe-2007,624,624,2802,0,20,20,8,19,0.42105263157894735
tomorrows-europe-2007,2381,2381,2803,0,20,20,7,19,0.3684210526315789
tomorrows-europe-2007,396,396,2803,0,20,20,7,19,0.3684210526315789
tomorrows-europe-2007,405,405,2803,0,20,20,7,19,0.3684210526315789
tomorrows-europe-2007,552,552,2803,1,20,20,7,19,0.3157894736842105
tomorrows-europe-2007,409,409,2803,0,20,20,7,19,0.3684210526315789
tomorrows-europe-2007,368,368,2803,0,20,20,7,19,0.3684210526315789
tomorrows-europe-2007,328,328,2803,0,20,20,7,19,0.3684210526315789
tomorrows-europe-2007,357,357,2803,0,20,20,7,19,0.3684210526315789
tomorrows-europe-2007,707,707,2803,1,20,20,7,19,0.3157894736842105
tomorrows-europe-2007,700,700,2803,0,20,20,7,19,0.3684210526315789
tomorrows-europe-2007,699,699,2803,1,20,20,7,19,0.3157894736842105
tomorrows-europe-2007,732,732,2803,0,20,20,7,19,0.3684210526315789
tomorrows-europe-2007,3473,3473,2804,1,17,17,8,16,0.4375
tomorrows-europe-2007,3281,3281,2804,1,17,17,8,16,0.4375
tomorrows-europe-2007,3493,3493,2804,0,17,17,8,16,0.5
tomorrows-europe-2007,3541,3541,2804,0,17,17,8,16,0.5
tomorrows-europe-2007,3305,3305,2804,0,17,17,8,16,0.5
tomorrows-europe-2007,3276,3276,2804,0,17,17,8,16,0.5
tomorrows-europe-2007,3277,3277,2804,0,17,17,8,16,0.5
tomorrows-europe-2007,3335,3335,2804,1,17,17,8,16,0.4375
tomorrows-europe-2007,1816,1816,2804,1,17,17,8,16,0.4375
tomorrows-europe-2007,1830,1830,2804,0,17,17,8,16,0.5
tomorrows-europe-2007,3288,3288,2805,1,19,19,8,18,0.38888888888888895
tomorrows-europe-2007,3331,3331,2805,0,19,19,8,18,0.4444444444444444
tomorrows-europe-2007,3469,3469,2805,0,19,19,8,18,0.4444444444444444
tomorrows-europe-2007,3445,3445,2805,0,19,19,8,18,0.4444444444444444
tomorrows-europe-2007,3256,3256,2805,1,19,19,8,18,0.38888888888888895
tomorrows-europe-2007,3268,3268,2805,1,19,19,8,18,0.38888888888888895
tomorrows-europe-2007,1866,1866,2805,1,19,19,8,18,0.38888888888888895
tomorrows-europe-2007,1833,1833,2805,0,19,19,8,18,0.4444444444444444
tomorrows-europe-2007,1812,1812,2805,0,19,19,8,18,0.4444444444444444
tomorrows-europe-2007,2390,2390,2806,1,19,19,8,18,0.3888888888888889
tomorrows-europe-2007,1889,1889,2806,1,19,19,8,18,0.3888888888888889
tomorrows-europe-2007,2095,2095,2806,1,19,19,8,18,0.3888888888888889
tomorrows-europe-2007,2050,2050,2806,0,19,19,8,18,0.4444444444444444
tomorrows-europe-2007,1946,1946,2806,0,19,19,8,18,0.4444444444444444
tomorrows-europe-2007,2043,2043,2806,0,19,19,8,18,0.4444444444444444
tomorrows-europe-2007,1998,1998,2806,0,19,19,8,18,0.4444444444444444
tomorrows-europe-2007,2024,2024,2806,1,19,19,8,18,0.3888888888888889
tomorrows-europe-2007,1888,1888,2806,0,19,19,8,18,0.4444444444444444
tomorrows-europe-2007,1572,1572,2806,0,19,19,8,18,0.4444444444444444
tomorrows-europe-2007,1556,1556,2806,1,19,19,8,18,0.38888888888888895
tomorrows-europe-2007,1493,1493,2806,1,19,19,8,18,0.38888888888888895
tomorrows-europe-2007,1500,1500,2806,0,19,19,8,18,0.4444444444444444
tomorrows-europe-2007,1417,1417,2806,0,19,19,8,18,0.4444444444444444
tomorrows-europe-2007,1507,1507,2806,0,19,19,8,18,0.4444444444444444
tomorrows-europe-2007,1395,1395,2806,1,19,19,8,18,0.38888888888888895
tomorrows-europe-2007,1516,1516,2806,0,19,19,8,18,0.4444444444444444
tomorrows-europe-2007,1518,1518,2806,1,19,19,8,18,0.38888888888888895
tomorrows-europe-2007,157,157,2806,0,19,19,8,18,0.4444444444444444
tomorrows-europe-2007,2497,2497,2807,1,21,21,10,20,0.45000000000000007
tomorrows-europe-2007,2508,2508,2807,0,21,21,10,20,0.5
tomorrows-europe-2007,2529,2529,2807,1,21,21,10,20,0.45000000000000007
tomorrows-europe-2007,2530,2530,2807,1,21,21,10,20,0.45000000000000007
tomorrows-europe-2007,2519,2519,2807,1,21,21,10,20,0.45000000000000007
tomorrows-europe-2007,2583,2583,2807,0,21,21,10,20,0.5
tomorrows-europe-2007,2570,2570,2807,0,21,21,10,20,0.5
tomorrows-europe-2007,2594,2594,2807,0,21,21,10,20,0.5
tomorrows-europe-2007,2845,2845,2807,1,21,21,10,20,0.45000000000000007
tomorrows-europe-2007,2817,2817,2807,0,21,21,10,20,0.5
tomorrows-europe-2007,2828,2828,2807,1,21,21,10,20,0.45000000000000007
tomorrows-europe-2007,2862,2862,2807,0,21,21,10,20,0.5
tomorrows-europe-2007,184,184,2807,1,21,21,10,20,0.45000000000000007
tomorrows-europe-2007,171,171,2807,0,21,21,10,20,0.5
tomorrows-europe-2007,223,223,2807,0,21,21,10,20,0.5
tomorrows-europe-2007,2857,2857,2808,0,23,23,10,22,0.4545454545454546
tomorrows-europe-2007,2809,2809,2808,1,23,23,10,22,0.40909090909090906
tomorrows-europe-2007,2844,2844,2808,0,23,23,10,22,0.4545454545454546
tomorrows-europe-2007,2852,2852,2808,0,23,23,10,22,0.4545454545454546
tomorrows-europe-2007,2821,2821,2808,1,23,23,10,22,0.40909090909090906
tomorrows-europe-2007,2880,2880,2808,1,23,23,10,22,0.40909090909090906
tomorrows-europe-2007,2832,2832,2808,1,23,23,10,22,0.40909090909090906
tomorrows-europe-2007,1310,1310,2808,0,23,23,10,22,0.4545454545454546
tomorrows-europe-2007,1520,1520,2808,1,23,23,10,22,0.40909090909090906
tomorrows-europe-2007,1450,1450,2808,1,23,23,10,22,0.40909090909090906
tomorrows-europe-2007,1432,1432,2808,0,23,23,10,22,0.4545454545454546
tomorrows-europe-2007,1340,1340,2808,0,23,23,10,22,0.4545454545454546
tomorrows-europe-2007,1491,1491,2808,1,23,23,10,22,0.40909090909090906
tomorrows-europe-2007,1605,1605,2808,1,23,23,10,22,0.40909090909090906
tomorrows-europe-2007,1485,1485,2808,0,23,23,10,22,0.4545454545454546
tomorrows-europe-2007,1587,1587,2808,1,23,23,10,22,0.40909090909090906
tomorrows-europe-2007,1383,1383,2808,0,23,23,10,22,0.4545454545454546
tomorrows-europe-2007,1576,1576,2808,0,23,23,10,22,0.4545454545454546
tomorrows-europe-2007,161,161,2808,0,23,23,10,22,0.4545454545454546
tomorrows-europe-2007,177,177,2808,1,23,23,10,22,0.40909090909090906
tomorrows-europe-2007,3363,3363,2809,1,13,13,6,12,0.41666666666666663
tomorrows-europe-2007,3299,3299,2809,0,13,13,6,12,0.5
tomorrows-europe-2007,1087,1087,2809,0,13,13,6,12,0.5
tomorrows-europe-2007,1154,1154,2809,0,13,13,6,12,0.5
tomorrows-europe-2007,1052,1052,2809,1,13,13,6,12,0.41666666666666663
tomorrows-europe-2007,1084,1084,2809,1,13,13,6,12,0.41666666666666663
tomorrows-europe-2007,1141,1141,2809,1,13,13,6,12,0.41666666666666663
tomorrows-europe-2007,511,511,2809,0,13,13,6,12,0.5
tomorrows-europe-2007,436,436,2809,0,13,13,6,12,0.5
tomorrows-europe-2007,441,441,2809,1,13,13,6,12,0.41666666666666663
tomorrows-europe-2007,559,559,2809,0,13,13,6,12,0.5
tomorrows-europe-2007,443,443,2809,1,13,13,6,12,0.41666666666666663
tomorrows-europe-2007,427,427,2809,0,13,13,6,12,0.5
tomorrows-europe-2007,1615,1615,2810,0,20,20,8,19,0.42105263157894735
tomorrows-europe-2007,1199,1199,2810,0,20,20,8,19,0.42105263157894735
tomorrows-europe-2007,1109,1109,2810,1,20,20,8,19,0.3684210526315789
tomorrows-europe-2007,1227,1227,2810,1,20,20,8,19,0.3684210526315789
tomorrows-europe-2007,1140,1140,2810,0,20,20,8,19,0.42105263157894735
tomorrows-europe-2007,1173,1173,2810,0,20,20,8,19,0.42105263157894735
tomorrows-europe-2007,1660,1660,2810,1,20,20,8,19,0.3684210526315789
tomorrows-europe-2007,1656,1656,2810,0,20,20,8,19,0.42105263157894735
tomorrows-europe-2007,1694,1694,2810,0,20,20,8,19,0.42105263157894735
tomorrows-europe-2007,1665,1665,2810,1,20,20,8,19,0.3684210526315789
tomorrows-europe-2007,1693,1693,2810,1,20,20,8,19,0.3684210526315789
tomorrows-europe-2007,1585,1585,2810,0,20,20,8,19,0.42105263157894735
tomorrows-europe-2007,1357,1357,2810,0,20,20,8,19,0.42105263157894735
tomorrows-europe-2007,1522,1522,2810,1,20,20,8,19,0.3684210526315789
tomorrows-europe-2007,1452,1452,2810,1,20,20,8,19,0.3684210526315789
tomorrows-europe-2007,1604,1604,2810,0,20,20,8,19,0.42105263157894735
tomorrows-europe-2007,1558,1558,2810,1,20,20,8,19,0.3684210526315789
tomorrows-europe-2007,1130,1130,2811,1,20,20,7,19,0.3157894736842105
tomorrows-europe-2007,1143,1143,2811,0,20,20,7,19,0.3684210526315789
tomorrows-europe-2007,1157,1157,2811,0,20,20,7,19,0.3684210526315789
tomorrows-europe-2007,1214,1214,2811,0,20,20,7,19,0.3684210526315789
tomorrows-europe-2007,1208,1208,2811,0,20,20,7,19,0.3684210526315789
tomorrows-europe-2007,1034,1034,2811,1,20,20,7,19,0.3157894736842105
tomorrows-europe-2007,1067,1067,2810,0,20,20,8,19,0.42105263157894735
tomorrows-europe-2007,1689,1689,2811,0,20,20,7,19,0.3684210526315789
tomorrows-europe-2007,1644,1644,2811,1,20,20,7,19,0.3157894736842105
tomorrows-europe-2007,1683,1683,2811,0,20,20,7,19,0.3684210526315789
tomorrows-europe-2007,1691,1691,2811,1,20,20,7,19,0.3157894736842105
tomorrows-europe-2007,1688,1688,2811,1,20,20,7,19,0.3157894736842105
tomorrows-europe-2007,1458,1458,2811,1,20,20,7,19,0.3157894736842105
tomorrows-europe-2007,1502,1502,2811,0,20,20,7,19,0.3684210526315789
tomorrows-europe-2007,1460,1460,2811,0,20,20,7,19,0.3684210526315789
tomorrows-europe-2007,1562,1562,2811,0,20,20,7,19,0.3684210526315789
tomorrows-europe-2007,1517,1517,2811,0,20,20,7,19,0.3684210526315789
tomorrows-europe-2007,1525,1525,2811,1,20,20,7,19,0.3157894736842105
tomorrows-europe-2007,1453,1453,2811,0,20,20,7,19,0.3684210526315789
tomorrows-europe-2007,1370,1370,2811,0,20,20,7,19,0.3684210526315789
tomorrows-europe-2007,2527,2527,2812,1,22,22,12,21,0.5238095238095238
tomorrows-europe-2007,2568,2568,2812,0,22,22,12,21,0.5714285714285714
tomorrows-europe-2007,2579,2579,2812,1,22,22,12,21,0.5238095238095238
tomorrows-europe-2007,2512,2512,2812,1,22,22,12,21,0.5238095238095238
tomorrows-europe-2007,2537,2537,2812,0,22,22,12,21,0.5714285714285714
tomorrows-europe-2007,2557,2557,2812,0,22,22,12,21,0.5714285714285714
tomorrows-europe-2007,2500,2500,2812,1,22,22,12,21,0.5238095238095238
tomorrows-europe-2007,3365,3365,2812,0,22,22,12,21,0.5714285714285714
tomorrows-europe-2007,3447,3447,2812,1,22,22,12,21,0.5238095238095238
tomorrows-europe-2007,3523,3523,2812,0,22,22,12,21,0.5714285714285714
tomorrows-europe-2007,3173,3173,2812,0,22,22,12,21,0.5714285714285714
tomorrows-europe-2007,3203,3203,2812,0,22,22,12,21,0.5714285714285714
tomorrows-europe-2007,3229,3229,2812,1,22,22,12,21,0.5238095238095238
tomorrows-europe-2007,3205,3205,2812,1,22,22,12,21,0.5238095238095238
tomorrows-europe-2007,3202,3202,2812,1,22,22,12,21,0.5238095238095238
tomorrows-europe-2007,3247,3247,2812,1,22,22,12,21,0.5238095238095238
tomorrows-europe-2007,3221,3221,2812,1,22,22,12,21,0.5238095238095238
tomorrows-europe-2007,3236,3236,2812,1,22,22,12,21,0.5238095238095238
tomorrows-europe-2007,3170,3170,2812,0,22,22,12,21,0.5714285714285714
tomorrows-europe-2007,207,207,2812,0,22,22,12,21,0.5714285714285714
tomorrows-europe-2007,191,191,2812,0,22,22,12,21,0.5714285714285714
tomorrows-europe-2007,211,211,2812,1,22,22,12,21,0.5238095238095238
tomorrows-europe-2007,2068,2068,2813,1,21,21,10,20,0.45
tomorrows-europe-2007,1936,1936,2813,1,21,21,10,20,0.45
tomorrows-europe-2007,2101,2101,2813,0,21,21,10,20,0.5
tomorrows-europe-2007,2044,2044,2813,1,21,21,10,20,0.45
tomorrows-europe-2007,1981,1981,2813,1,21,21,10,20,0.45
tomorrows-europe-2007,1907,1907,2813,0,21,21,10,20,0.5
tomorrows-europe-2007,1012,1012,2813,1,21,21,10,20,0.45
tomorrows-europe-2007,1024,1024,2813,0,21,21,10,20,0.5
tomorrows-europe-2007,1019,1019,2813,1,21,21,10,20,0.45
tomorrows-europe-2007,966,966,2813,0,21,21,10,20,0.5
tomorrows-europe-2007,1026,1026,2813,0,21,21,10,20,0.5
tomorrows-europe-2007,972,972,2813,0,21,21,10,20,0.5
tomorrows-europe-2007,1010,1010,2813,1,21,21,10,20,0.45
tomorrows-europe-2007,960,960,2813,0,21,21,10,20,0.5
tomorrows-europe-2007,1004,1004,2813,1,21,21,10,20,0.45
tomorrows-europe-2007,1904,1904,2814,0,17,17,10,16,0.625
tomorrows-europe-2007,1884,1884,2814,0,17,17,10,16,0.625
tomorrows-europe-2007,2170,2170,2814,0,17,17,10,16,0.625
tomorrows-europe-2007,2103,2103,2814,0,17,17,10,16,0.625
tomorrows-europe-2007,1871,1871,2814,1,17,17,10,16,0.5625
tomorrows-europe-2007,2395,2395,2815,1,21,21,11,20,0.5
tomorrows-europe-2007,1325,1325,2815,0,21,21,11,20,0.55
tomorrows-europe-2007,1373,1373,2815,0,21,21,11,20,0.55
tomorrows-europe-2007,1570,1570,2815,0,21,21,11,20,0.55
tomorrows-europe-2007,1486,1486,2815,1,21,21,11,20,0.5
tomorrows-europe-2007,1454,1454,2815,0,21,21,11,20,0.55
tomorrows-europe-2007,1608,1608,2815,0,21,21,11,20,0.55
tomorrows-europe-2007,1375,1375,2815,0,21,21,11,20,0.55
tomorrows-europe-2007,3378,3378,2816,0,16,16,7,15,0.4666666666666666
tomorrows-europe-2007,3302,3302,2817,0,20,20,8,19,0.42105263157894735
tomorrows-europe-2007,3472,3472,2817,0,20,20,8,19,0.42105263157894735
tomorrows-europe-2007,3534,3534,2817,0,20,20,8,19,0.42105263157894735
tomorrows-europe-2007,3512,3512,2817,1,20,20,8,19,0.3684210526315789
tomorrows-europe-2007,1921,1921,2817,0,20,20,8,19,0.42105263157894735
tomorrows-europe-2007,2128,2128,2817,0,20,20,8,19,0.42105263157894735
tomorrows-europe-2007,1967,1967,2817,0,20,20,8,19,0.42105263157894735
tomorrows-europe-2007,1987,1987,2817,1,20,20,8,19,0.3684210526315789
tomorrows-europe-2007,2061,2061,2817,1,20,20,8,19,0.3684210526315789
tomorrows-europe-2007,1930,1930,2817,0,20,20,8,19,0.42105263157894735
tomorrows-europe-2007,2071,2071,2817,0,20,20,8,19,0.42105263157894735
tomorrows-europe-2007,2154,2154,2817,0,20,20,8,19,0.42105263157894735
tomorrows-europe-2007,259,259,2817,1,20,20,8,19,0.3684210526315789
tomorrows-europe-2007,285,285,2817,0,20,20,8,19,0.42105263157894735
tomorrows-europe-2007,282,282,2817,1,20,20,8,19,0.3684210526315789
tomorrows-europe-2007,267,267,2817,1,20,20,8,19,0.3684210526315789
tomorrows-europe-2007,263,263,2817,1,20,20,8,19,0.3684210526315789
tomorrows-europe-2007,301,301,2817,0,20,20,8,19,0.42105263157894735
tomorrows-europe-2007,250,250,2817,1,20,20,8,19,0.3684210526315789
tomorrows-europe-2007,300,300,2817,0,20,20,8,19,0.42105263157894735
tomorrows-europe-2007,543,543,2818,0,14,14,7,13,0.5384615384615384
tomorrows-europe-2007,606,606,2818,0,14,14,7,13,0.5384615384615384
tomorrows-europe-2007,495,495,2818,0,14,14,7,13,0.5384615384615384
tomorrows-europe-2007,584,584,2818,0,14,14,7,13,0.5384615384615384
tomorrows-europe-2007,630,630,2818,0,14,14,7,13,0.5384615384615384
tomorrows-europe-2007,524,524,2818,1,14,14,7,13,0.4615384615384615
tomorrows-europe-2007,663,663,2818,1,14,14,7,13,0.4615384615384615
tomorrows-europe-2007,726,726,2818,1,14,14,7,13,0.4615384615384615
cpl-1996,10000010,2910001,29101,0,13,13,6,12,0.5
cpl-1996,10000020,2910002,29112,0,15,15,8,14,0.5714285714285714
cpl-1996,10000030,2910003,29114,0,16,16,10,15,0.6666666666666666
cpl-1996,10000040,2910004,29109,0,13,13,7,12,0.5833333333333334
cpl-1996,10000050,2910005,29108,0,15,15,8,14,0.5714285714285714
cpl-1996,10000060,2910006,29101,1,13,13,6,12,0.41666666666666663
cpl-1996,10000070,2910007,29108,0,15,15,8,14,0.5714285714285714
cpl-1996,10000080,2910008,29102,1,12,12,5,11,0.3636363636363637
cpl-1996,10000090,2910009,29115,1,16,16,8,15,0.4666666666666667
cpl-1996,10000100,2910010,29106,1,14,14,8,13,0.5384615384615384
cpl-1996,10000110,2910011,29116,0,13,13,5,12,0.41666666666666663
cpl-1996,10000120,2910012,29107,0,12,12,7,11,0.6363636363636364
cpl-1996,10000130,2910013,29106,0,14,14,8,13,0.6153846153846154
cpl-1996,10000140,2910014,29108,0,15,15,8,14,0.5714285714285714
cpl-1996,10000150,2910015,29109,1,13,13,7,12,0.5
cpl-1996,10000160,2910016,29110,0,13,13,5,12,0.41666666666666663
cpl-1996,10000170,2910017,29111,0,12,12,7,11,0.6363636363636364
cpl-1996,10000180,2910018,29112,1,15,15,8,14,0.5
cpl-1996,10000190,2910019,29114,1,16,16,10,15,0.6
cpl-1996,10000200,2910020,29110,0,13,13,5,12,0.41666666666666663
cpl-1996,10000210,2910021,29116,0,13,13,5,12,0.41666666666666663
cpl-1996,10000220,2910022,29103,1,12,12,8,11,0.6363636363636364
cpl-1996,10000230,2910023,29111,0,12,12,7,11,0.6363636363636364
cpl-1996,10000240,2910024,29103,1,12,12,8,11,0.6363636363636364
cpl-1996,10000250,2910025,29104,1,13,13,10,12,0.75
cpl-1996,10000260,2910026,29106,1,14,14,8,13,0.5384615384615384
cpl-1996,10000270,2910027,29107,0,12,12,7,11,0.6363636363636364
cpl-1996,10000280,2910028,29108,1,15,15,8,14,0.5
cpl-1996,10000290,2910029,29109,1,13,13,7,12,0.5
cpl-1996,10000300,2910030,29101,0,13,13,6,12,0.5
cpl-1996,10000310,2910031,29105,0,11,11,3,10,0.3
cpl-1996,10000320,2910032,29116,0,13,13,5,12,0.41666666666666663
cpl-1996,10000330,2910033,29101,1,13,13,6,12,0.41666666666666663
cpl-1996,10000340,2910034,29101,1,13,13,6,12,0.41666666666666663
cpl-1996,10000350,2910035,29112,0,15,15,8,14,0.5714285714285714
cpl-1996,10000360,2910036,29106,1,14,14,8,13,0.5384615384615384
cpl-1996,10000370,2910037,29107,0,12,12,7,11,0.6363636363636364
cpl-1996,10000380,2910038,29114,1,16,16,10,15,0.6
cpl-1996,10000390,2910039,29104,1,13,13,10,12,0.75
cpl-1996,10000400,2910040,29110,1,13,13,5,12,0.33333333333333337
cpl-1996,10000410,2910041,29113,1,16,16,9,15,0.5333333333333333
cpl-1996,10000420,2910042,29105,0,11,11,3,10,0.3
cpl-1996,10000430,2910043,29111,1,12,12,7,11,0.5454545454545454
cpl-1996,10000440,2910044,29102,0,12,12,5,11,0.4545454545454546
cpl-1996,10000450,2910045,29113,0,16,16,9,15,0.6
cpl-1996,10000460,2910046,29103,1,12,12,8,11,0.6363636363636364
cpl-1996,10000470,2910047,29109,0,13,13,7,12,0.5833333333333334
cpl-1996,10000480,2910048,29108,1,15,15,8,14,0.5
cpl-1996,10000490,2910049,29114,1,16,16,10,15,0.6
cpl-1996,10000500,2910050,29106,0,14,14,8,13,0.6153846153846154
cpl-1996,10000510,2910051,29113,1,16,16,9,15,0.5333333333333333
cpl-1996,10000520,2910052,29112,1,15,15,8,14,0.5
cpl-1996,10000530,2910053,29113,0,16,16,9,15,0.6
cpl-1996,10000540,2910054,29114,1,16,16,10,15,0.6
cpl-1996,10000550,2910055,29116,1,13,13,5,12,0.33333333333333337
cpl-1996,10000560,2910056,29103,0,12,12,8,11,0.7272727272727273
cpl-1996,10000570,2910057,29111,1,12,12,7,11,0.5454545454545454
cpl-1996,10000580,2910058,29107,1,12,12,7,11,0.5454545454545454
cpl-1996,10000590,2910059,29104,0,13,13,10,12,0.8333333333333334
cpl-1996,10000600,2910060,29115,0,16,16,8,15,0.5333333333333333
cpl-1996,10000610,2910061,29112,0,15,15,8,14,0.5714285714285714
cpl-1996,10000620,2910062,29114,1,16,16,10,15,0.6
cpl-1996,10000630,2910063,29106,0,14,14,8,13,0.6153846153846154
cpl-1996,10000640,2910064,29101,0,13,13,6,12,0.5
cpl-1996,10000650,2910065,29114,0,16,16,10,15,0.6666666666666666
cpl-1996,10000660,2910066,29110,0,13,13,5,12,0.41666666666666663
cpl-1996,10000670,2910067,29115,0,16,16,8,15,0.5333333333333333
cpl-1996,10000680,2910068,29111,0,12,12,7,11,0.6363636363636364
cpl-1996,10000690,2910069,29112,0,15,15,8,14,0.5714285714285714
cpl-1996,10000700,2910070,29114,1,16,16,10,15,0.6
cpl-1996,10000710,2910071,29113,1,16,16,9,15,0.5333333333333333
cpl-1996,10000720,2910072,29103,0,12,12,8,11,0.7272727272727273
cpl-1996,10000730,2910073,29116,1,13,13,5,12,0.33333333333333337
cpl-1996,10000740,2910074,29108,1,15,15,8,14,0.5
cpl-1996,10000750,2910075,29109,1,13,13,7,12,0.5
cpl-1996,10000760,2910076,29112,0,15,15,8,14,0.5714285714285714
cpl-1996,10000770,2910077,29115,1,16,16,8,15,0.4666666666666667
cpl-1996,10000780,2910078,29113,0,16,16,9,15,0.6
cpl-1996,10000790,2910079,29113,1,16,16,9,15,0.5333333333333333
cpl-1996,10000800,2910080,29105,0,11,11,3,10,0.3
cpl-1996,10000810,2910081,29111,1,12,12,7,11,0.5454545454545454
cpl-1996,10000820,2910082,29106,0,14,14,8,13,0.6153846153846154
cpl-1996,10000830,2910083,29107,1,12,12,7,11,0.5454545454545454
cpl-1996,10000840,2910084,29101,0,13,13,6,12,0.5
cpl-1996,10000850,2910085,29107,1,12,12,7,11,0.5454545454545454
cpl-1996,10000860,2910086,29102,1,12,12,5,11,0.3636363636363637
cpl-1996,10000870,2910087,29108,0,15,15,8,14,0.5714285714285714
cpl-1996,10000880,2910088,29103,1,12,12,8,11,0.6363636363636364
cpl-1996,10000890,2910089,29112,0,15,15,8,14,0.5714285714285714
cpl-1996,10000900,2910090,29104,1,13,13,10,12,0.75
cpl-1996,10000910,2910091,29114,0,16,16,10,15,0.6666666666666666
cpl-1996,10000920,2910092,29110,0,13,13,5,12,0.41666666666666663
cpl-1996,10000930,2910093,29113,1,16,16,9,15,0.5333333333333333
cpl-1996,10000940,2910094,29105,0,11,11,3,10,0.3
cpl-1996,10000950,2910095,29116,1,13,13,5,12,0.33333333333333337
cpl-1996,10000960,2910096,29103,1,12,12,8,11,0.6363636363636364
cpl-1996,10000970,2910097,29113,1,16,16,9,15,0.5333333333333333
cpl-1996,10000980,2910098,29106,1,14,14,8,13,0.5384615384615384
cpl-1996,10000990,2910099,29113,0,16,16,9,15,0.6
cpl-1996,10001000,2910100,29115,1,16,16,8,15,0.4666666666666667
cpl-1996,10001010,2910101,29115,1,16,16,8,15,0.4666666666666667
cpl-1996,10001020,2910102,29111,1,12,12,7,11,0.5454545454545454
cpl-1996,10001030,2910103,29114,1,16,16,10,15,0.6
cpl-1996,10001040,2910104,29114,1,16,16,10,15,0.6
cpl-1996,10001050,2910105,29114,0,16,16,10,15,0.6666666666666666
cpl-1996,10001060,2910106,29113,0,16,16,9,15,0.6
cpl-1996,10001070,2910107,29114,0,16,16,10,15,0.6666666666666666
cpl-1996,10001080,2910108,29116,0,13,13,5,12,0.41666666666666663
cpl-1996,10001090,2910109,29107,0,12,12,7,11,0.6363636363636364
cpl-1996,10001100,2910110,29108,0,15,15,8,14,0.5714285714285714
cpl-1996,10001110,2910111,29105,1,11,11,3,10,0.20000000000000004
cpl-1996,10001120,2910112,29106,0,14,14,8,13,0.6153846153846154
cpl-1996,10001130,2910113,29110,0,13,13,5,12,0.41666666666666663
cpl-1996,10001140,2910114,29106,1,14,14,8,13,0.5384615384615384
cpl-1996,10001150,2910115,29106,1,14,14,8,13,0.5384615384615384
cpl-1996,10001160,2910116,29108,0,15,15,8,14,0.5714285714285714
cpl-1996,10001170,2910117,29115,0,16,16,8,15,0.5333333333333333
cpl-1996,10001180,2910118,29109,0,13,13,7,12,0.5833333333333334
cpl-1996,10001190,2910119,29112,0,15,15,8,14,0.5714285714285714
cpl-1996,10001200,2910120,29113,1,16,16,9,15,0.5333333333333333
cpl-1996,10001210,2910121,29115,0,16,16,8,15,0.5333333333333333
cpl-1996,10001220,2910122,29115,1,16,16,8,15,0.4666666666666667
cpl-1996,10001230,2910123,29116,0,13,13,5,12,0.41666666666666663
cpl-1996,10001240,2910124,29101,1,13,13,6,12,0.41666666666666663
cpl-1996,10001250,2910125,29102,0,12,12,5,11,0.4545454545454546
cpl-1996,10001260,2910126,29104,1,13,13,10,12,0.75
cpl-1996,10001270,2910127,29114,1,16,16,10,15,0.6
cpl-1996,10001280,2910128,29105,0,11,11,3,10,0.3
cpl-1996,10001290,2910129,29109,0,13,13,7,12,0.5833333333333334
cpl-1996,10001300,2910130,29104,1,13,13,10,12,0.75
cpl-1996,10001310,2910131,29110,1,13,13,5,12,0.33333333333333337
cpl-1996,10001320,2910132,29111,0,12,12,7,11,0.6363636363636364
cpl-1996,10001330,2910133,29112,1,15,15,8,14,0.5
cpl-1996,10001340,2910134,29102,0,12,12,5,11,0.4545454545454546
cpl-1996,10001350,2910135,29104,1,13,13,10,12,0.75
cpl-1996,10001360,2910136,29109,1,13,13,7,12,0.5
cpl-1996,10001370,2910137,29103,1,12,12,8,11,0.6363636363636364
cpl-1996,10001380,2910138,29105,0,11,11,3,10,0.3
cpl-1996,10001390,2910139,29110,1,13,13,5,12,0.33333333333333337
cpl-1996,10001400,2910140,29108,1,15,15,8,14,0.5
cpl-1996,10001410,2910141,29106,1,14,14,8,13,0.5384615384615384
cpl-1996,10001420,2910142,29109,1,13,13,7,12,0.5
cpl-1996,10001430,2910143,29104,1,13,13,10,12,0.75
cpl-1996,10001440,2910144,29113,0,16,16,9,15,0.6
cpl-1996,10001450,2910145,29115,0,16,16,8,15,0.5333333333333333
cpl-1996,10001460,2910146,29104,1,13,13,10,12,0.75
cpl-1996,10001470,2910147,29104,1,13,13,10,12,0.75
cpl-1996,10001480,2910148,29116,0,13,13,5,12,0.41666666666666663
cpl-1996,10001490,2910149,29110,0,13,13,5,12,0.41666666666666663
cpl-1996,10001500,2910150,29102,0,12,12,5,11,0.4545454545454546
cpl-1996,10001510,2910151,29112,1,15,15,8,14,0.5
cpl-1996,10001520,2910152,29108,0,15,15,8,14,0.5714285714285714
cpl-1996,10001530,2910153,29112,1,15,15,8,14,0.5
cpl-1996,10001540,2910154,29105,0,11,11,3,10,0.3
cpl-1996,10001550,2910155,29102,1,12,12,5,11,0.3636363636363637
cpl-1996,10001560,2910156,29101,0,13,13,6,12,0.5
cpl-1996,10001570,2910157,29110,1,13,13,5,12,0.33333333333333337
cpl-1996,10001580,2910158,29102,0,12,12,5,11,0.4545454545454546
cpl-1996,10001590,2910159,29103,1,12,12,8,11,0.6363636363636364
cpl-1996,10001600,2910160,29109,1,13,13,7,12,0.5
cpl-1996,10001610,2910161,29102,0,12,12,5,11,0.4545454545454546
cpl-1996,10001620,2910162,29115,1,16,16,8,15,0.4666666666666667
cpl-1996,10001630,2910163,29105,1,11,11,3,10,0.2
cpl-1996,10001640,2910164,29111,1,12,12,7,11,0.5454545454545454
cpl-1996,10001650,2910165,29116,0,13,13,5,12,0.41666666666666663
cpl-1996,10001660,2910166,29107,1,12,12,7,11,0.5454545454545454
cpl-1996,10001670,2910167,29107,1,12,12,7,11,0.5454545454545454
cpl-1996,10001680,2910168,29109,0,13,13,7,12,0.5833333333333334
cpl-1996,10001690,2910169,29108,1,15,15,8,14,0.5
cpl-1996,10001700,2910170,29114,1,16,16,10,15,0.6
cpl-1996,10001710,2910171,29115,1,16,16,8,15,0.4666666666666667
cpl-1996,10001720,2910172,29113,1,16,16,9,15,0.5333333333333333
cpl-1996,10001730,2910173,29115,1,16,16,8,15,0.4666666666666667
cpl-1996,10001740,2910174,29116,1,13,13,5,12,0.33333333333333337
cpl-1996,10001750,2910175,29109,0,13,13,7,12,0.5833333333333334
cpl-1996,10001760,2910176,29103,0,12,12,8,11,0.7272727272727273
cpl-1996,10001770,2910177,29112,1,15,15,8,14,0.5
cpl-1996,10001780,2910178,29102,1,12,12,5,11,0.3636363636363637
cpl-1996,10001790,2910179,29105,1,11,11,3,10,0.2
cpl-1996,10001800,2910180,29108,1,15,15,8,14,0.5
cpl-1996,10001810,2910181,29103,0,12,12,8,11,0.7272727272727273
cpl-1996,10001820,2910182,29104,0,13,13,10,12,0.8333333333333334
cpl-1996,10001830,2910183,29105,0,11,11,3,10,0.3
cpl-1996,10001840,2910184,29107,1,12,12,7,11,0.5454545454545454
cpl-1996,10001850,2910185,29108,1,15,15,8,14,0.5
cpl-1996,10001860,2910186,29110,0,13,13,5,12,0.41666666666666663
cpl-1996,10001870,2910187,29111,1,12,12,7,11,0.5454545454545454
cpl-1996,10001880,2910188,29112,1,15,15,8,14,0.5
cpl-1996,10001890,2910189,29113,0,16,16,9,15,0.6
cpl-1996,10001900,2910190,29101,0,13,13,6,12,0.5
cpl-1996,10001910,2910191,29111,1,12,12,7,11,0.5454545454545454
cpl-1996,10001920,2910192,29115,0,16,16,8,15,0.5333333333333333
cpl-1996,10001930,2910193,29116,1,13,13,5,12,0.33333333333333337
cpl-1996,10001940,2910194,29113,1,16,16,9,15,0.5333333333333333
cpl-1996,10001950,2910195,29106,1,14,14,8,13,0.5384615384615384
cpl-1996,10001960,2910196,29114,0,16,16,10,15,0.6666666666666666
cpl-1996,10001970,2910197,29115,0,16,16,8,15,0.5333333333333333
cpl-1996,10001980,2910198,29112,1,15,15,8,14,0.5
cpl-1996,10001990,2910199,29116,0,13,13,5,12,0.41666666666666663
cpl-1996,10002000,2910200,29110,1,13,13,5,12,0.33333333333333337
cpl-1996,10002010,2910201,29111,0,12,12,7,11,0.6363636363636364
cpl-1996,10002020,2910202,29107,1,12,12,7,11,0.5454545454545454
cpl-1996,10002030,2910203,29101,1,13,13,6,12,0.41666666666666663
cpl-1996,10002040,2910204,29115,0,16,16,8,15,0.5333333333333333
cpl-1996,10002050,2910205,29101,1,13,13,6,12,0.41666666666666663
cpl-1996,10002060,2910206,29103,1,12,12,8,11,0.6363636363636364
cpl-1996,10002070,2910207,29104,0,13,13,10,12,0.8333333333333334
cpl-1996,10002080,2910208,29106,0,14,14,8,13,0.6153846153846154
cpl-1996,10002090,2910209,29110,0,13,13,5,12,0.41666666666666663
cpl-1996,10002100,2910210,29107,0,12,12,7,11,0.6363636363636364
cpl-1996,10002110,2910211,29101,0,13,13,6,12,0.5
cpl-1996,10002120,2910212,29104,1,13,13,10,12,0.75
cpl-1996,10002130,2910213,29102,0,12,12,5,11,0.4545454545454546
cpl-1996,10002140,2910214,29109,1,13,13,7,12,0.5
cpl-1996,10002150,2910215,29108,1,15,15,8,14,0.5
cpl-1996,10002160,2910216,29102,1,12,12,5,11,0.3636363636363637
zeguo-2005,15,52015,5202,0,15,15,3,14,0.21428571428571427
zeguo-2005,26,52026,5205,0,15,14,7,13,0.5384615384615384
zeguo-2005,262,52262,5212,NA,12,10,2,10,0.20000000000000004
zeguo-2005,40,52040,5210,0,11,11,3,10,0.3
zeguo-2005,39,52039,5211,1,17,16,4,15,0.2
zeguo-2005,243,52243,5206,0,16,15,6,14,0.42857142857142855
zeguo-2005,3,52003,5202,0,15,15,3,14,0.21428571428571427
zeguo-2005,258,52258,5215,1,15,15,5,14,0.28571428571428575
zeguo-2005,12,52012,5203,0,16,16,11,15,0.7333333333333333
zeguo-2005,32,52032,5210,0,11,11,3,10,0.3
zeguo-2005,21,52021,5208,0,15,15,6,14,0.42857142857142855
zeguo-2005,264,52264,5215,0,15,15,5,14,0.3571428571428571
zeguo-2005,257,52257,5202,0,15,15,3,14,0.21428571428571427
zeguo-2005,247,52247,5203,1,16,16,11,15,0.6666666666666666
zeguo-2005,42,52042,5215,1,15,15,5,14,0.28571428571428575
zeguo-2005,249,52249,5215,0,15,15,5,14,0.3571428571428571
zeguo-2005,263,52263,5203,1,16,16,11,15,0.6666666666666666
zeguo-2005,256,52256,5206,0,16,15,6,14,0.42857142857142855
zeguo-2005,248,52248,5205,1,15,14,7,13,0.4615384615384615
zeguo-2005,255,52255,5213,0,15,15,4,14,0.2857142857142857
zeguo-2005,261,52261,5210,0,11,11,3,10,0.3
zeguo-2005,43,52043,5202,0,15,15,3,14,0.21428571428571427
zeguo-2005,45,52045,5203,0,16,16,11,15,0.7333333333333333
zeguo-2005,20,52020,5204,1,14,14,7,13,0.4615384615384615
zeguo-2005,34,52034,5216,0,10,8,1,7,0.14285714285714288
zeguo-2005,4,52004,5211,0,17,16,4,15,0.26666666666666666
zeguo-2005,16,52016,5207,0,16,15,4,14,0.28571428571428575
zeguo-2005,267,52267,5205,NA,15,14,7,14,0.5
zeguo-2005,5,52005,5209,1,14,14,6,13,0.38461538461538464
zeguo-2005,18,52018,5208,0,15,15,6,14,0.42857142857142855
zeguo-2005,27,52027,5212,1,12,10,2,9,0.1111111111111111
zeguo-2005,10,52010,5209,0,14,14,6,13,0.4615384615384615
zeguo-2005,41,52041,5207,0,16,15,4,14,0.28571428571428575
zeguo-2005,251,52251,5212,0,12,10,2,9,0.2222222222222222
zeguo-2005,37,52037,5212,0,12,10,2,9,0.2222222222222222
zeguo-2005,2,52002,5210,1,11,11,3,10,0.2
zeguo-2005,28,52028,5210,1,11,11,3,10,0.2
zeguo-2005,6,52006,5208,0,15,15,6,14,0.42857142857142855
zeguo-2005,17,52017,5214,0,16,16,5,15,0.33333333333333337
zeguo-2005,25,52025,5203,1,16,16,11,15,0.6666666666666666
zeguo-2005,33,52033,5210,0,11,11,3,10,0.3
zeguo-2005,242,52242,5213,0,15,15,4,14,0.2857142857142857
zeguo-2005,250,52250,5204,0,14,14,7,13,0.5384615384615384
zeguo-2005,260,52260,5216,0,10,8,1,7,0.14285714285714288
zeguo-2005,9,52009,5210,1,11,11,3,10,0.2
zeguo-2005,19,52019,5213,0,15,15,4,14,0.2857142857142857
zeguo-2005,35,52035,5209,0,14,14,6,13,0.4615384615384615
zeguo-2005,252,52252,5211,0,17,16,4,15,0.26666666666666666
zeguo-2005,22,52022,5202,0,15,15,3,14,0.21428571428571427
zeguo-2005,30,52030,5207,0,16,15,4,14,0.28571428571428575
zeguo-2005,38,52038,5212,1,12,10,2,9,0.11111111111111108
zeguo-2005,253,52253,5215,0,15,15,5,14,0.3571428571428571
zeguo-2005,7,52007,5209,1,14,14,6,13,0.38461538461538464
zeguo-2005,13,52013,5206,0,16,15,6,14,0.42857142857142855
zeguo-2005,1,52001,5209,1,14,14,6,13,0.38461538461538464
zeguo-2005,8,52008,5203,1,16,16,11,15,0.6666666666666666
zeguo-2005,11,52011,5206,0,16,15,6,14,0.42857142857142855
zeguo-2005,268,52268,5216,0,10,8,1,7,0.14285714285714288
zeguo-2005,147,52147,5211,0,17,16,4,15,0.26666666666666666
zeguo-2005,194,52194,5203,1,16,16,11,15,0.6666666666666666
zeguo-2005,197,52197,5208,1,15,15,6,14,0.3571428571428571
zeguo-2005,208,52208,5214,0,16,16,5,15,0.33333333333333337
zeguo-2005,195,52195,5214,1,16,16,5,15,0.2666666666666667
zeguo-2005,186,52186,5211,0,17,16,4,15,0.26666666666666666
zeguo-2005,204,52204,5215,1,15,15,5,14,0.2857142857142857
zeguo-2005,156,52156,5205,0,15,14,7,13,0.5384615384615384
zeguo-2005,96,52096,5211,0,17,16,4,15,0.26666666666666666
zeguo-2005,201,52201,5206,1,16,15,6,14,0.3571428571428571
zeguo-2005,188,52188,5207,0,16,15,4,14,0.28571428571428575
zeguo-2005,183,52183,5205,1,15,14,7,13,0.4615384615384615
zeguo-2005,207,52207,5201,0,16,16,4,15,0.2666666666666667
zeguo-2005,189,52189,5204,1,14,14,7,13,0.4615384615384615
zeguo-2005,210,52210,5210,0,11,11,3,10,0.3
zeguo-2005,172,52172,5201,0,16,16,4,15,0.2666666666666667
zeguo-2005,206,52206,5211,0,17,16,4,15,0.26666666666666666
zeguo-2005,184,52184,5211,0,17,16,4,15,0.26666666666666666
zeguo-2005,203,52203,5215,1,15,15,5,14,0.2857142857142857
zeguo-2005,192,52192,5204,0,14,14,7,13,0.5384615384615384
zeguo-2005,202,52202,5204,0,14,14,7,13,0.5384615384615384
zeguo-2005,198,52198,5214,1,16,16,5,15,0.2666666666666667
zeguo-2005,190,52190,5211,1,17,16,4,15,0.2
zeguo-2005,200,52200,5209,1,14,14,6,13,0.38461538461538464
zeguo-2005,199,52199,5213,1,15,15,4,14,0.2142857142857143
zeguo-2005,205,52205,5215,0,15,15,5,14,0.3571428571428571
zeguo-2005,187,52187,5205,0,15,14,7,13,0.5384615384615384
zeguo-2005,196,52196,5214,1,16,16,5,15,0.2666666666666667
zeguo-2005,209,52209,5201,1,16,16,4,15,0.20000000000000004
zeguo-2005,185,52185,5205,0,15,14,7,13,0.5384615384615384
zeguo-2005,193,52193,5201,0,16,16,4,15,0.2666666666666667
zeguo-2005,229,52229,5209,0,14,14,6,13,0.4615384615384616
zeguo-2005,180,52180,5212,0,12,10,2,9,0.2222222222222222
zeguo-2005,77,52077,5208,1,15,15,6,14,0.3571428571428571
zeguo-2005,72,52072,5214,1,16,16,5,15,0.2666666666666667
zeguo-2005,165,52165,5215,1,15,15,5,14,0.28571428571428575
zeguo-2005,76,52076,5214,0,16,16,5,15,0.33333333333333337
zeguo-2005,121,52121,5206,1,16,15,6,14,0.3571428571428571
zeguo-2005,226,52226,5216,NA,10,8,1,8,0.125
zeguo-2005,142,52142,5204,1,14,14,7,13,0.4615384615384615
zeguo-2005,160,52160,5207,0,16,15,4,14,0.28571428571428575
zeguo-2005,149,52149,5201,0,16,16,4,15,0.2666666666666667
zeguo-2005,111,52111,5204,1,14,14,7,13,0.4615384615384615
zeguo-2005,236,52236,5207,NA,16,15,4,15,0.2666666666666667
zeguo-2005,239,52239,5202,0,15,15,3,14,0.21428571428571427
zeguo-2005,75,52075,5203,0,16,16,11,15,0.7333333333333333
zeguo-2005,110,52110,5211,1,17,16,4,15,0.2
zeguo-2005,177,52177,5202,0,15,15,3,14,0.21428571428571427
zeguo-2005,60,52060,5207,0,16,15,4,14,0.28571428571428575
zeguo-2005,126,52126,5201,0,16,16,4,15,0.2666666666666667
zeguo-2005,93,52093,5211,0,17,16,4,15,0.2666666666666667
zeguo-2005,83,52083,5208,0,15,15,6,14,0.42857142857142855
zeguo-2005,176,52176,5211,NA,17,16,4,16,0.25
zeguo-2005,106,52106,5213,0,15,15,4,14,0.2857142857142857
zeguo-2005,125,52125,5204,1,14,14,7,13,0.4615384615384615
zeguo-2005,157,52157,5213,0,15,15,4,14,0.2857142857142857
zeguo-2005,129,52129,5214,0,16,16,5,15,0.33333333333333337
zeguo-2005,52,52052,5215,0,15,15,5,14,0.3571428571428571
zeguo-2005,86,52086,5207,0,16,15,4,14,0.28571428571428575
zeguo-2005,79,52079,5214,0,16,16,5,15,0.33333333333333337
zeguo-2005,154,52154,5208,1,15,15,6,14,0.3571428571428571
zeguo-2005,68,52068,5209,0,14,14,6,13,0.4615384615384616
zeguo-2005,48,52048,5211,0,17,16,4,15,0.2666666666666667
zeguo-2005,134,52134,5207,0,16,15,4,14,0.28571428571428575
zeguo-2005,97,52097,5216,1,10,8,1,7,0
zeguo-2005,139,52139,5202,1,15,15,3,14,0.14285714285714288
zeguo-2005,171,52171,5212,0,12,10,2,9,0.2222222222222222
zeguo-2005,161,52161,5205,1,15,14,7,13,0.4615384615384616
zeguo-2005,85,52085,5214,0,16,16,5,15,0.33333333333333337
zeguo-2005,122,52122,5206,1,16,15,6,14,0.3571428571428571
zeguo-2005,59,52059,5211,0,17,16,4,15,0.2666666666666667
zeguo-2005,163,52163,5209,0,14,14,6,13,0.4615384615384616
zeguo-2005,89,52089,5207,0,16,15,4,14,0.28571428571428575
zeguo-2005,69,52069,5213,0,15,15,4,14,0.2857142857142857
zeguo-2005,62,52062,5212,0,12,10,2,9,0.2222222222222222
zeguo-2005,91,52091,5209,0,14,14,6,13,0.4615384615384616
zeguo-2005,223,52223,5205,0,15,14,7,13,0.5384615384615384
zeguo-2005,179,52179,5205,1,15,14,7,13,0.4615384615384616
zeguo-2005,150,52150,5203,1,16,16,11,15,0.6666666666666666
zeguo-2005,94,52094,5202,1,15,15,3,14,0.14285714285714288
zeguo-2005,95,52095,5205,1,15,14,7,13,0.4615384615384616
zeguo-2005,137,52137,5205,0,15,14,7,13,0.5384615384615384
zeguo-2005,153,52153,5206,0,16,15,6,14,0.42857142857142855
zeguo-2005,181,52181,5207,1,16,15,4,14,0.21428571428571433
zeguo-2005,98,52098,5201,0,16,16,4,15,0.2666666666666667
zeguo-2005,178,52178,5206,0,16,15,6,14,0.42857142857142855
zeguo-2005,50,52050,5207,1,16,15,4,14,0.21428571428571433
zeguo-2005,222,52222,5201,0,16,16,4,15,0.2666666666666667
zeguo-2005,61,52061,5206,0,16,15,6,14,0.42857142857142855
zeguo-2005,92,52092,5208,0,15,15,6,14,0.42857142857142855
zeguo-2005,109,52109,5213,0,15,15,4,14,0.2857142857142857
zeguo-2005,103,52103,5206,0,16,15,6,14,0.42857142857142855
zeguo-2005,84,52084,5204,1,14,14,7,13,0.4615384615384615
zeguo-2005,146,52146,5209,0,14,14,6,13,0.4615384615384616
zeguo-2005,159,52159,5208,0,15,15,6,14,0.42857142857142855
zeguo-2005,175,52175,5204,1,14,14,7,13,0.4615384615384615
zeguo-2005,90,52090,5208,0,15,15,6,14,0.42857142857142855
zeguo-2005,216,52216,5211,0,17,16,4,15,0.2666666666666667
zeguo-2005,123,52123,5205,1,15,14,7,13,0.4615384615384616
zeguo-2005,64,52064,5210,0,11,11,3,10,0.3
zeguo-2005,100,52100,5201,0,16,16,4,15,0.2666666666666667
zeguo-2005,214,52214,5212,NA,12,10,2,10,0.20000000000000004
zeguo-2005,220,52220,5216,0,10,8,1,7,0.14285714285714288
zeguo-2005,55,52055,5204,0,14,14,7,13,0.5384615384615384
zeguo-2005,132,52132,5213,0,15,15,4,14,0.2857142857142857
zeguo-2005,65,52065,5201,1,16,16,4,15,0.2
zeguo-2005,114,52114,5203,1,16,16,11,15,0.6666666666666666
zeguo-2005,174,52174,5205,0,15,14,7,13,0.5384615384615384
zeguo-2005,167,52167,5206,1,16,15,6,14,0.3571428571428571
zeguo-2005,235,52235,5208,0,15,15,6,14,0.42857142857142855
zeguo-2005,215,52215,5204,0,14,14,7,13,0.5384615384615384
zeguo-2005,217,52217,5215,0,15,15,5,14,0.3571428571428571
zeguo-2005,107,52107,5210,0,11,11,3,10,0.3
zeguo-2005,130,52130,5208,0,15,15,6,14,0.42857142857142855
zeguo-2005,254,52254,5202,0,15,15,3,14,0.21428571428571427
zeguo-2005,113,52113,5202,1,15,15,3,14,0.14285714285714288
zeguo-2005,133,52133,5206,0,16,15,6,14,0.42857142857142855
zeguo-2005,108,52108,5213,1,15,15,4,14,0.21428571428571427
zeguo-2005,131,52131,5214,0,16,16,5,15,0.33333333333333337
zeguo-2005,67,52067,5212,0,12,10,2,9,0.2222222222222222
zeguo-2005,141,52141,5203,1,16,16,11,15,0.6666666666666666
zeguo-2005,73,52073,5216,0,10,8,1,7,0.14285714285714288
zeguo-2005,101,52101,5214,0,16,16,5,15,0.33333333333333337
zeguo-2005,124,52124,5211,1,17,16,4,15,0.2
zeguo-2005,49,52049,5210,0,11,11,3,10,0.3
zeguo-2005,57,52057,5203,1,16,16,11,15,0.6666666666666666
zeguo-2005,230,52230,5216,0,10,8,1,7,0.14285714285714288
zeguo-2005,80,52080,5213,0,15,15,4,14,0.2857142857142857
zeguo-2005,74,52074,5202,0,15,15,3,14,0.21428571428571427
zeguo-2005,112,52112,5206,1,16,15,6,14,0.3571428571428571
zeguo-2005,168,52168,5215,0,15,15,5,14,0.3571428571428571
zeguo-2005,104,52104,5204,0,14,14,7,13,0.5384615384615384
zeguo-2005,151,52151,5204,0,14,14,7,13,0.5384615384615384
zeguo-2005,234,52234,5203,1,16,16,11,15,0.6666666666666666
zeguo-2005,117,52117,5201,0,16,16,4,15,0.2666666666666667
zeguo-2005,53,52053,5207,0,16,15,4,14,0.28571428571428575
zeguo-2005,152,52152,5201,1,16,16,4,15,0.2
zeguo-2005,237,52237,5214,0,16,16,5,15,0.33333333333333337
zeguo-2005,170,52170,5212,0,12,10,2,9,0.2222222222222222
zeguo-2005,136,52136,5213,0,15,15,4,14,0.2857142857142857
zeguo-2005,233,52233,5203,0,16,16,11,15,0.7333333333333333
zeguo-2005,118,52118,5214,0,16,16,5,15,0.33333333333333337
zeguo-2005,87,52087,5207,0,16,15,4,14,0.28571428571428575
zeguo-2005,145,52145,5211,0,17,16,4,15,0.2666666666666667
zeguo-2005,116,52116,5208,1,15,15,6,14,0.3571428571428571
zeguo-2005,227,52227,5215,0,15,15,5,14,0.3571428571428571
zeguo-2005,51,52051,5216,0,10,8,1,7,0.14285714285714288
zeguo-2005,47,52047,5213,1,15,15,4,14,0.21428571428571427
zeguo-2005,88,52088,5209,1,14,14,6,13,0.38461538461538464
zeguo-2005,218,52218,5208,1,15,15,6,14,0.3571428571428571
zeguo-2005,143,52143,5203,0,16,16,11,15,0.7333333333333333
zeguo-2005,212,52212,5209,0,14,14,6,13,0.4615384615384616
zeguo-2005,228,52228,5216,NA,10,8,1,8,0.125
zeguo-2005,119,52119,5201,0,16,16,4,15,0.2666666666666667
zeguo-2005,66,52066,5212,0,12,10,2,9,0.2222222222222222
zeguo-2005,148,52148,5215,0,15,15,5,14,0.3571428571428571
zeguo-2005,120,52120,5201,1,16,16,4,15,0.2
zeguo-2005,138,52138,5208,1,15,15,6,14,0.3571428571428571
zeguo-2005,105,52105,5203,1,16,16,11,15,0.6666666666666666
zeguo-2005,63,52063,5205,1,15,14,7,13,0.4615384615384616
zeguo-2005,81,52081,5201,0,16,16,4,15,0.2666666666666667
zeguo-2005,82,52082,5202,0,15,15,3,14,0.21428571428571427
zeguo-2005,135,52135,5202,0,15,15,3,14,0.21428571428571427
zeguo-2005,127,52127,5215,0,15,15,5,14,0.3571428571428571
zeguo-2005,58,52058,5214,0,16,16,5,15,0.33333333333333337
zeguo-2005,231,52231,5214,1,16,16,5,15,0.2666666666666667
zeguo-2005,78,52078,5206,NA,16,15,6,15,0.4
zeguo-2005,54,52054,5207,1,16,15,4,14,0.2142857142857143
zeguo-2005,56,52056,5206,1,16,15,6,14,0.3571428571428571
zeguo-2005,191,52191,5213,1,15,15,4,14,0.21428571428571427
zeguo-2005,14,52014,5202,0,15,15,3,14,0.21428571428571427
zeguo-2005,240,52240,5207,1,16,15,4,14,0.2142857142857143
zeguo-2005,24,52024,5209,1,14,14,6,13,0.38461538461538464
zeguo-2005,144,52144,5201,0,16,16,4,15,0.2666666666666667
zeguo-2005,23,52023,5213,0,15,15,4,14,0.2857142857142857
bulgaria-crime-2002,115,5310001,5301,0,17,17,8,16,0.5
bulgaria-crime-2002,1111,5310002,5311,0,17,17,6,16,0.375
bulgaria-crime-2002,1012,5310003,5310,0,17,17,10,16,0.625
bulgaria-crime-2002,213,5310004,5302,0,17,17,9,16,0.5625
bulgaria-crime-2002,1306,5310005,5313,0,18,18,8,17,0.4705882352941176
bulgaria-crime-2002,907,5310006,5309,1,17,17,12,16,0.6875
bulgaria-crime-2002,901,5310007,5309,1,17,17,12,16,0.6875
bulgaria-crime-2002,811,5310008,5308,0,17,17,7,16,0.4375
bulgaria-crime-2002,1009,5310009,5310,1,17,17,10,16,0.5625
bulgaria-crime-2002,414,5310010,5304,1,16,16,8,15,0.4666666666666666
bulgaria-crime-2002,1314,5310011,5313,0,18,18,8,17,0.4705882352941176
bulgaria-crime-2002,1117,5310012,5311,0,17,17,6,16,0.375
bulgaria-crime-2002,510,5310013,5305,0,17,17,9,16,0.5625
bulgaria-crime-2002,407,5310014,5304,0,16,16,8,15,0.5333333333333333
bulgaria-crime-2002,216,5310015,5302,0,17,17,9,16,0.5625
bulgaria-crime-2002,801,5310016,5308,0,17,17,7,16,0.4375
bulgaria-crime-2002,701,5310017,5307,0,15,15,4,14,0.2857142857142857
bulgaria-crime-2002,1604,5310018,5316,1,17,17,11,16,0.625
bulgaria-crime-2002,917,5310019,5309,0,17,17,12,16,0.75
bulgaria-crime-2002,1106,5310020,5311,1,17,17,6,16,0.3125
bulgaria-crime-2002,1701,5310021,5317,1,16,16,10,15,0.6
bulgaria-crime-2002,1501,5310022,5315,1,15,15,7,14,0.42857142857142855
bulgaria-crime-2002,1507,5310023,5315,0,15,15,7,14,0.5
bulgaria-crime-2002,711,5310024,5307,1,15,15,4,14,0.21428571428571427
bulgaria-crime-2002,1617,5310025,5316,0,17,17,11,16,0.6875
bulgaria-crime-2002,215,5310026,5302,1,17,17,9,16,0.5
bulgaria-crime-2002,1214,5310027,5312,0,15,15,8,14,0.5714285714285714
bulgaria-crime-2002,1212,5310028,5312,0,15,15,8,14,0.5714285714285714
bulgaria-crime-2002,601,5310029,5306,1,17,17,8,16,0.4375
bulgaria-crime-2002,1713,5310030,5317,1,16,16,10,15,0.6
bulgaria-crime-2002,404,5310031,5304,0,16,16,8,15,0.5333333333333333
bulgaria-crime-2002,1113,5310032,5311,0,17,17,6,16,0.375
bulgaria-crime-2002,503,5310033,5305,0,17,17,9,16,0.5625
bulgaria-crime-2002,317,5310034,5303,0,14,14,5,13,0.38461538461538464
bulgaria-crime-2002,113,5310035,5301,0,17,17,8,16,0.5
bulgaria-crime-2002,1414,5310036,5314,1,16,16,10,15,0.6
bulgaria-crime-2002,1305,5310037,5313,0,18,18,8,17,0.4705882352941176
bulgaria-crime-2002,807,5310038,5308,1,17,17,7,16,0.375
bulgaria-crime-2002,406,5310039,5304,0,16,16,8,15,0.5333333333333333
bulgaria-crime-2002,1208,5310040,5312,1,15,15,8,14,0.5
bulgaria-crime-2002,1008,5310041,5310,0,17,17,10,16,0.625
bulgaria-crime-2002,214,5310042,5302,1,17,17,9,16,0.5
bulgaria-crime-2002,107,5310043,5301,0,17,17,8,16,0.5
bulgaria-crime-2002,1711,5310044,5317,1,16,16,10,15,0.6
bulgaria-crime-2002,709,5310045,5307,0,15,15,4,14,0.2857142857142857
bulgaria-crime-2002,615,5310046,5306,0,17,17,8,16,0.5
bulgaria-crime-2002,413,5310047,5304,0,16,16,8,15,0.5333333333333333
bulgaria-crime-2002,1101,5310048,5311,1,17,17,6,16,0.3125
bulgaria-crime-2002,1409,5310049,5314,0,16,16,10,15,0.6666666666666666
bulgaria-crime-2002,1310,5310050,5313,0,18,18,8,17,0.4705882352941176
bulgaria-crime-2002,1602,5310051,5316,1,17,17,11,16,0.625
bulgaria-crime-2002,110,5310052,5301,1,17,17,8,16,0.4375
bulgaria-crime-2002,1608,5310053,5316,1,17,17,11,16,0.625
bulgaria-crime-2002,1710,5310054,5317,1,16,16,10,15,0.6
bulgaria-crime-2002,514,5310055,5305,0,17,17,9,16,0.5625
bulgaria-crime-2002,502,5310056,5305,1,17,17,9,16,0.5
bulgaria-crime-2002,1712,5310057,5317,0,16,16,10,15,0.6666666666666667
bulgaria-crime-2002,710,5310058,5307,1,15,15,4,14,0.21428571428571427
bulgaria-crime-2002,217,5310059,5302,1,17,17,9,16,0.5
bulgaria-crime-2002,809,5310060,5308,0,17,17,7,16,0.4375
bulgaria-crime-2002,517,5310061,5305,1,17,17,9,16,0.5
bulgaria-crime-2002,403,5310062,5304,1,16,16,8,15,0.4666666666666666
bulgaria-crime-2002,405,5310063,5304,0,16,16,8,15,0.5333333333333333
bulgaria-crime-2002,1108,5310064,5311,0,17,17,6,16,0.375
bulgaria-crime-2002,112,5310065,5301,0,17,17,8,16,0.5
bulgaria-crime-2002,812,5310066,5308,1,17,17,7,16,0.375
bulgaria-crime-2002,312,5310067,5303,0,14,14,5,13,0.38461538461538464
bulgaria-crime-2002,307,5310068,5303,1,14,14,5,13,0.3076923076923077
bulgaria-crime-2002,105,5310069,5301,1,17,17,8,16,0.4375
bulgaria-crime-2002,1704,5310070,5317,1,16,16,10,15,0.6
bulgaria-crime-2002,1313,5310071,5313,1,18,18,8,17,0.4117647058823529
bulgaria-crime-2002,1607,5310072,5316,1,17,17,11,16,0.625
bulgaria-crime-2002,304,5310073,5303,0,14,14,5,13,0.38461538461538464
bulgaria-crime-2002,416,5310074,5304,1,16,16,8,15,0.4666666666666666
bulgaria-crime-2002,613,5310075,5306,0,17,17,8,16,0.5
bulgaria-crime-2002,301,5310076,5303,0,14,14,5,13,0.38461538461538464
bulgaria-crime-2002,302,5310077,5303,0,14,14,5,13,0.38461538461538464
bulgaria-crime-2002,1411,5310078,5314,0,16,16,10,15,0.6666666666666666
bulgaria-crime-2002,606,5310079,5306,0,17,17,8,16,0.5
bulgaria-crime-2002,1706,5310080,5317,1,16,16,10,15,0.6
bulgaria-crime-2002,1110,5310081,5311,0,17,17,6,16,0.375
bulgaria-crime-2002,1114,5310082,5311,1,17,17,6,16,0.3125
bulgaria-crime-2002,614,5310083,5306,0,17,17,8,16,0.5
bulgaria-crime-2002,1311,5310084,5313,1,18,18,8,17,0.4117647058823529
bulgaria-crime-2002,717,5310085,5307,0,15,15,4,14,0.2857142857142857
bulgaria-crime-2002,1215,5310086,5312,1,15,15,8,14,0.5
bulgaria-crime-2002,411,5310087,5304,0,16,16,8,15,0.5333333333333333
bulgaria-crime-2002,210,5310088,5302,1,17,17,9,16,0.5
bulgaria-crime-2002,610,5310089,5306,1,17,17,8,16,0.4375
bulgaria-crime-2002,212,5310090,5302,1,17,17,9,16,0.5
bulgaria-crime-2002,911,5310091,5309,0,17,17,12,16,0.75
bulgaria-crime-2002,305,5310092,5303,1,14,14,5,13,0.3076923076923077
bulgaria-crime-2002,1316,5310093,5313,1,18,18,8,17,0.4117647058823529
bulgaria-crime-2002,1006,5310094,5310,0,17,17,10,16,0.625
bulgaria-crime-2002,1014,5310095,5310,1,17,17,10,16,0.5625
bulgaria-crime-2002,1312,5310096,5313,1,18,18,8,17,0.4117647058823529
bulgaria-crime-2002,508,5310097,5305,1,17,17,9,16,0.5
bulgaria-crime-2002,1601,5310098,5316,1,17,17,11,16,0.625
bulgaria-crime-2002,1017,5310099,5310,1,17,17,10,16,0.5625
bulgaria-crime-2002,716,5310100,5307,0,15,15,4,14,0.2857142857142857
bulgaria-crime-2002,313,5310101,5303,1,14,14,5,13,0.3076923076923077
bulgaria-crime-2002,1502,5310102,5315,0,15,15,7,14,0.5
bulgaria-crime-2002,1714,5310103,5317,0,16,16,10,15,0.6666666666666666
bulgaria-crime-2002,102,5310104,5301,1,17,17,8,16,0.4375
bulgaria-crime-2002,1513,5310105,5315,0,15,15,7,14,0.5
bulgaria-crime-2002,1609,5310106,5316,1,17,17,11,16,0.625
bulgaria-crime-2002,206,5310107,5302,0,17,17,9,16,0.5625
bulgaria-crime-2002,1318,5310108,5313,0,18,18,8,17,0.4705882352941176
bulgaria-crime-2002,1102,5310109,5311,0,17,17,6,16,0.375
bulgaria-crime-2002,1307,5310110,5313,0,18,18,8,17,0.4705882352941176
bulgaria-crime-2002,914,5310111,5309,1,17,17,12,16,0.6875
bulgaria-crime-2002,1506,5310112,5315,1,15,15,7,14,0.42857142857142855
bulgaria-crime-2002,712,5310113,5307,0,15,15,4,14,0.2857142857142857
bulgaria-crime-2002,814,5310114,5308,1,17,17,7,16,0.375
bulgaria-crime-2002,908,5310115,5309,0,17,17,12,16,0.75
bulgaria-crime-2002,612,5310116,5306,1,17,17,8,16,0.4375
bulgaria-crime-2002,808,5310117,5308,0,17,17,7,16,0.4375
bulgaria-crime-2002,303,5310118,5303,0,14,14,5,13,0.38461538461538464
bulgaria-crime-2002,506,5310119,5305,0,17,17,9,16,0.5625
bulgaria-crime-2002,803,5310120,5308,0,17,17,7,16,0.4375
bulgaria-crime-2002,401,5310121,5304,0,16,16,8,15,0.5333333333333333
bulgaria-crime-2002,1703,5310122,5317,0,16,16,10,15,0.6666666666666666
bulgaria-crime-2002,1417,5310123,5314,1,16,16,10,15,0.6
bulgaria-crime-2002,505,5310124,5305,1,17,17,9,16,0.5
bulgaria-crime-2002,916,5310125,5309,0,17,17,12,16,0.75
bulgaria-crime-2002,806,5310126,5308,1,17,17,7,16,0.375
bulgaria-crime-2002,1013,5310127,5310,0,17,17,10,16,0.625
bulgaria-crime-2002,408,5310128,5304,1,16,16,8,15,0.4666666666666666
bulgaria-crime-2002,703,5310129,5307,0,15,15,4,14,0.2857142857142857
bulgaria-crime-2002,1606,5310130,5316,0,17,17,11,16,0.6875
bulgaria-crime-2002,511,5310131,5305,0,17,17,9,16,0.5625
bulgaria-crime-2002,116,5310132,5301,1,17,17,8,16,0.4375
bulgaria-crime-2002,903,5310133,5309,1,17,17,12,16,0.6875
bulgaria-crime-2002,412,5310134,5304,1,16,16,8,15,0.4666666666666666
bulgaria-crime-2002,707,5310135,5307,0,15,15,4,14,0.2857142857142857
bulgaria-crime-2002,117,5310136,5301,0,17,17,8,16,0.5
bulgaria-crime-2002,1406,5310137,5314,0,16,16,10,15,0.6666666666666666
bulgaria-crime-2002,1416,5310138,5314,1,16,16,10,15,0.6
bulgaria-crime-2002,1301,5310139,5313,1,18,18,8,17,0.4117647058823529
bulgaria-crime-2002,1403,5310140,5314,1,16,16,10,15,0.6
bulgaria-crime-2002,913,5310141,5309,1,17,17,12,16,0.6875
bulgaria-crime-2002,103,5310142,5301,1,17,17,8,16,0.4375
bulgaria-crime-2002,1005,5310143,5310,0,17,17,10,16,0.625
bulgaria-crime-2002,1303,5310144,5313,1,18,18,8,17,0.4117647058823529
bulgaria-crime-2002,1211,5310145,5312,1,15,15,8,14,0.5
bulgaria-crime-2002,1204,5310146,5312,0,15,15,8,14,0.5714285714285714
bulgaria-crime-2002,203,5310147,5302,1,17,17,9,16,0.5
bulgaria-crime-2002,611,5310148,5306,0,17,17,8,16,0.5
bulgaria-crime-2002,1217,5310149,5312,1,15,15,8,14,0.5
bulgaria-crime-2002,1410,5310150,5314,0,16,16,10,15,0.6666666666666666
bulgaria-crime-2002,1705,5310151,5317,0,16,16,10,15,0.6666666666666666
bulgaria-crime-2002,1415,5310152,5314,1,16,16,10,15,0.6
bulgaria-crime-2002,306,5310153,5303,0,14,14,5,13,0.38461538461538464
bulgaria-crime-2002,603,5310154,5306,0,17,17,8,16,0.5
bulgaria-crime-2002,402,5310155,5304,1,16,16,8,15,0.4666666666666666
bulgaria-crime-2002,1605,5310156,5316,0,17,17,11,16,0.6875
bulgaria-crime-2002,1408,5310157,5314,1,16,16,10,15,0.6
bulgaria-crime-2002,211,5310158,5302,1,17,17,9,16,0.5
bulgaria-crime-2002,1216,5310159,5312,0,15,15,8,14,0.5714285714285714
bulgaria-crime-2002,817,5310160,5308,0,17,17,7,16,0.4375
bulgaria-crime-2002,316,5310161,5303,0,14,14,5,13,0.38461538461538464
bulgaria-crime-2002,905,5310162,5309,1,17,17,12,16,0.6875
bulgaria-crime-2002,1715,5310163,5317,1,16,16,10,15,0.6
bulgaria-crime-2002,1514,5310164,5315,0,15,15,7,14,0.5
bulgaria-crime-2002,904,5310165,5309,1,17,17,12,16,0.6875
bulgaria-crime-2002,1015,5310166,5310,0,17,17,10,16,0.625
bulgaria-crime-2002,101,5310167,5301,0,17,17,8,16,0.5
bulgaria-crime-2002,516,5310168,5305,1,17,17,9,16,0.5
bulgaria-crime-2002,1116,5310169,5311,0,17,17,6,16,0.375
bulgaria-crime-2002,1001,5310170,5310,1,17,17,10,16,0.5625
bulgaria-crime-2002,1209,5310171,5312,1,15,15,8,14,0.5
bulgaria-crime-2002,805,5310172,5308,0,17,17,7,16,0.4375
bulgaria-crime-2002,1402,5310173,5314,0,16,16,10,15,0.6666666666666666
bulgaria-crime-2002,1716,5310174,5317,0,16,16,10,15,0.6666666666666666
bulgaria-crime-2002,1404,5310175,5314,0,16,16,10,15,0.6666666666666666
bulgaria-crime-2002,509,5310176,5305,1,17,17,9,16,0.5
bulgaria-crime-2002,1407,5310177,5314,1,16,16,10,15,0.6
bulgaria-crime-2002,114,5310178,5301,0,17,17,8,16,0.5
bulgaria-crime-2002,816,5310179,5308,1,17,17,7,16,0.375
bulgaria-crime-2002,202,5310180,5302,0,17,17,9,16,0.5625
bulgaria-crime-2002,207,5310181,5302,0,17,17,9,16,0.5625
bulgaria-crime-2002,906,5310182,5309,1,17,17,12,16,0.6875
bulgaria-crime-2002,1615,5310183,5316,0,17,17,11,16,0.6875
bulgaria-crime-2002,1504,5310184,5315,0,15,15,7,14,0.5
bulgaria-crime-2002,902,5310185,5309,1,17,17,12,16,0.6875
bulgaria-crime-2002,308,5310186,5303,1,14,14,5,13,0.3076923076923077
bulgaria-crime-2002,1515,5310187,5315,0,15,15,7,14,0.5
bulgaria-crime-2002,912,5310188,5309,1,17,17,12,16,0.6875
bulgaria-crime-2002,1011,5310189,5310,1,17,17,10,16,0.5625
bulgaria-crime-2002,909,5310190,5309,1,17,17,12,16,0.6875
bulgaria-crime-2002,1612,5310191,5316,0,17,17,11,16,0.6875
bulgaria-crime-2002,1413,5310192,5314,1,16,16,10,15,0.6
bulgaria-crime-2002,108,5310193,5301,0,17,17,8,16,0.5
bulgaria-crime-2002,1007,5310194,5310,0,17,17,10,16,0.625
bulgaria-crime-2002,507,5310195,5305,0,17,17,9,16,0.5625
bulgaria-crime-2002,704,5310196,5307,1,15,15,4,14,0.21428571428571427
bulgaria-crime-2002,1004,5310197,5310,1,17,17,10,16,0.5625
bulgaria-crime-2002,1708,5310198,5317,1,16,16,10,15,0.6
bulgaria-crime-2002,1508,5310199,5315,1,15,15,7,14,0.42857142857142855
bulgaria-crime-2002,1405,5310200,5314,1,16,16,10,15,0.6
bulgaria-crime-2002,501,5310201,5305,0,17,17,9,16,0.5625
bulgaria-crime-2002,314,5310202,5303,0,14,14,5,13,0.38461538461538464
bulgaria-crime-2002,1302,5310203,5313,0,18,18,8,17,0.4705882352941176
bulgaria-crime-2002,602,5310204,5306,1,17,17,8,16,0.4375
bulgaria-crime-2002,715,5310205,5307,1,15,15,4,14,0.21428571428571427
bulgaria-crime-2002,1105,5310206,5311,1,17,17,6,16,0.3125
bulgaria-crime-2002,815,5310207,5308,1,17,17,7,16,0.375
bulgaria-crime-2002,1112,5310208,5311,0,17,17,6,16,0.375
bulgaria-crime-2002,109,5310209,5301,0,17,17,8,16,0.5
bulgaria-crime-2002,705,5310210,5307,0,15,15,4,14,0.2857142857142857
bulgaria-crime-2002,515,5310211,5305,1,17,17,9,16,0.5
bulgaria-crime-2002,1401,5310212,5314,1,16,16,10,15,0.6
bulgaria-crime-2002,1509,5310213,5315,1,15,15,7,14,0.42857142857142855
bulgaria-crime-2002,1202,5310214,5312,1,15,15,8,14,0.5
bulgaria-crime-2002,1511,5310215,5315,1,15,15,7,14,0.42857142857142855
bulgaria-crime-2002,802,5310216,5308,0,17,17,7,16,0.4375
bulgaria-crime-2002,504,5310217,5305,1,17,17,9,16,0.5
bulgaria-crime-2002,1702,5310218,5317,1,16,16,10,15,0.6
bulgaria-crime-2002,804,5310219,5308,0,17,17,7,16,0.4375
bulgaria-crime-2002,915,5310220,5309,1,17,17,12,16,0.6875
bulgaria-crime-2002,609,5310221,5306,1,17,17,8,16,0.4375
bulgaria-crime-2002,1107,5310222,5311,1,17,17,6,16,0.3125
bulgaria-crime-2002,1707,5310223,5317,1,16,16,10,15,0.6
bulgaria-crime-2002,1207,5310224,5312,1,15,15,8,14,0.5
bulgaria-crime-2002,1616,5310225,5316,0,17,17,11,16,0.6875
bulgaria-crime-2002,201,5310226,5302,1,17,17,9,16,0.5
bulgaria-crime-2002,616,5310227,5306,0,17,17,8,16,0.5
bulgaria-crime-2002,708,5310228,5307,0,15,15,4,14,0.2857142857142857
bulgaria-crime-2002,311,5310229,5303,1,14,14,5,13,0.3076923076923077
bulgaria-crime-2002,205,5310230,5302,1,17,17,9,16,0.5
bulgaria-crime-2002,1115,5310231,5311,0,17,17,6,16,0.375
bulgaria-crime-2002,1304,5310232,5313,0,18,18,8,17,0.4705882352941176
bulgaria-crime-2002,1308,5310233,5313,0,18,18,8,17,0.4705882352941176
bulgaria-crime-2002,1613,5310234,5316,1,17,17,11,16,0.625
bulgaria-crime-2002,111,5310235,5301,1,17,17,8,16,0.4375
bulgaria-crime-2002,813,5310236,5308,0,17,17,7,16,0.4375
bulgaria-crime-2002,1317,5310237,5313,1,18,18,8,17,0.4117647058823529
bulgaria-crime-2002,1010,5310238,5310,1,17,17,10,16,0.5625
bulgaria-crime-2002,106,5310239,5301,1,17,17,8,16,0.4375
bulgaria-crime-2002,209,5310240,5302,0,17,17,9,16,0.5625
bulgaria-crime-2002,706,5310241,5307,0,15,15,4,14,0.2857142857142857
bulgaria-crime-2002,512,5310242,5305,1,17,17,9,16,0.5
bulgaria-crime-2002,910,5310243,5309,0,17,17,12,16,0.75
bulgaria-crime-2002,1109,5310244,5311,0,17,17,6,16,0.375
bulgaria-crime-2002,1503,5310245,5315,0,15,15,7,14,0.5
bulgaria-crime-2002,1016,5310246,5310,1,17,17,10,16,0.5625
bulgaria-crime-2002,1206,5310247,5312,1,15,15,8,14,0.5
bulgaria-crime-2002,1717,5310248,5317,0,16,16,10,15,0.6666666666666666
bulgaria-crime-2002,104,5310249,5301,1,17,17,8,16,0.4375
bulgaria-crime-2002,1309,5310250,5313,0,18,18,8,17,0.4705882352941176
bulgaria-crime-2002,410,5310251,5304,1,16,16,8,15,0.4666666666666666
bulgaria-crime-2002,702,5310252,5307,0,15,15,4,14,0.2857142857142857
bulgaria-crime-2002,1213,5310253,5312,0,15,15,8,14,0.5714285714285714
bulgaria-crime-2002,607,5310254,5306,0,17,17,8,16,0.5
bulgaria-crime-2002,1512,5310255,5315,1,15,15,7,14,0.42857142857142855
bulgaria-crime-2002,409,5310256,5304,0,16,16,8,15,0.5333333333333334
bulgaria-crime-2002,1103,5310257,5311,1,17,17,6,16,0.3125
bulgaria-crime-2002,810,5310258,5308,1,17,17,7,16,0.375
bulgaria-crime-2002,617,5310259,5306,1,17,17,8,16,0.4375
bulgaria-crime-2002,204,5310260,5302,0,17,17,9,16,0.5625
bulgaria-crime-2002,513,5310261,5305,0,17,17,9,16,0.5625
bulgaria-crime-2002,1603,5310262,5316,1,17,17,11,16,0.625
bulgaria-crime-2002,1610,5310263,5316,1,17,17,11,16,0.625
bulgaria-crime-2002,415,5310264,5304,1,16,16,8,15,0.4666666666666666
bulgaria-crime-2002,1517,5310265,5315,1,15,15,7,14,0.42857142857142855
bulgaria-crime-2002,1210,5310266,5312,0,15,15,8,14,0.5714285714285714
bulgaria-crime-2002,1611,5310267,5316,1,17,17,11,16,0.625
bulgaria-crime-2002,604,5310268,5306,1,17,17,8,16,0.4375
bulgaria-crime-2002,1505,5310269,5315,0,15,15,7,14,0.5
bulgaria-crime-2002,1002,5310270,5310,1,17,17,10,16,0.5625
bulgaria-crime-2002,1203,5310271,5312,0,15,15,8,14,0.5714285714285714
bulgaria-crime-2002,1104,5310272,5311,0,17,17,6,16,0.375
bulgaria-crime-2002,1315,5310273,5313,1,18,18,8,17,0.4117647058823529
bulgaria-crime-2002,605,5310274,5306,1,17,17,8,16,0.4375
bulgaria-crime-2002,608,5310275,5306,0,17,17,8,16,0.5
bulgaria-crime-2002,208,5310276,5302,0,17,17,9,16,0.5625
bulgaria-crime-2002,1614,5310277,5316,1,17,17,11,16,0.625
bulgaria-crime-2002,1018,5310278,5310,1,17,17,10,16,0.5625
europolis-2009,100021097,71100021097,7110,1,14,14,7,13,0.4615384615384616
europolis-2009,100021355,71100021355,7123,0,14,14,5,13,0.38461538461538464
europolis-2009,100021399,71100021399,713,0,15,15,4,14,0.2857142857142857
europolis-2009,100021826,71100021826,713,1,15,15,4,14,0.21428571428571427
europolis-2009,100023063,71100023063,7123,0,14,14,5,13,0.38461538461538464
europolis-2009,200000059,71200000059,7119,1,16,16,7,15,0.4
europolis-2009,200000069,71200000069,7119,0,16,16,7,15,0.4666666666666667
europolis-2009,200000082,71200000082,7119,0,16,16,7,15,0.4666666666666667
europolis-2009,200000240,71200000240,7119,0,16,16,7,15,0.4666666666666667
europolis-2009,200000314,71200000314,7119,1,16,16,7,15,0.4
europolis-2009,300000050,71300000050,7124,1,13,13,6,12,0.41666666666666663
europolis-2009,300000054,71300000054,714,1,14,14,6,13,0.38461538461538464
europolis-2009,300000483,71300000483,7121,1,15,15,10,14,0.6428571428571429
europolis-2009,300000641,71300000641,7124,1,13,13,6,12,0.41666666666666663
europolis-2009,300000653,71300000653,7122,0,13,13,5,12,0.41666666666666663
europolis-2009,300000755,71300000755,7119,1,16,16,7,15,0.4
europolis-2009,300000831,71300000831,7124,0,13,13,6,12,0.5
europolis-2009,300000834,71300000834,7121,1,15,15,10,14,0.6428571428571429
europolis-2009,300001049,71300001049,7119,0,16,16,7,15,0.4666666666666667
europolis-2009,300001243,71300001243,719,0,15,15,8,14,0.5714285714285714
europolis-2009,300001262,71300001262,7121,0,15,15,10,14,0.7142857142857143
europolis-2009,300001388,71300001388,7121,1,15,15,10,14,0.6428571428571429
europolis-2009,300001617,71300001617,7125,0,17,17,8,16,0.5
europolis-2009,300001673,71300001673,7117,0,15,15,6,14,0.42857142857142855
europolis-2009,300001783,71300001783,7117,0,15,15,6,14,0.42857142857142855
europolis-2009,300002038,71300002038,7125,1,17,17,8,16,0.4375
europolis-2009,300002655,71300002655,7119,1,16,16,7,15,0.4
europolis-2009,300002681,71300002681,7120,0,16,16,9,15,0.6
europolis-2009,300002747,71300002747,7120,0,16,16,9,15,0.6
europolis-2009,300002837,71300002837,7121,1,15,15,10,14,0.6428571428571429
europolis-2009,300002935,71300002935,7122,1,13,13,5,12,0.33333333333333337
europolis-2009,300003051,71300003051,7117,1,15,15,6,14,0.3571428571428571
europolis-2009,300003068,71300003068,714,0,14,14,6,13,0.4615384615384616
europolis-2009,300003081,71300003081,7120,1,16,16,9,15,0.5333333333333333
europolis-2009,300003182,71300003182,7124,0,13,13,6,12,0.5
europolis-2009,300003253,71300003253,7120,1,16,16,9,15,0.5333333333333333
europolis-2009,300003445,71300003445,714,0,14,14,6,13,0.4615384615384616
europolis-2009,300003495,71300003495,714,1,14,14,6,13,0.38461538461538464
europolis-2009,300003559,71300003559,719,1,15,15,8,14,0.5
europolis-2009,300003839,71300003839,7122,0,13,13,5,12,0.41666666666666663
europolis-2009,300004254,71300004254,7117,1,15,15,6,14,0.3571428571428571
europolis-2009,300004377,71300004377,7125,0,17,17,8,16,0.5
europolis-2009,300004543,71300004543,7125,0,17,17,8,16,0.5
europolis-2009,300004560,71300004560,719,0,15,15,8,14,0.5714285714285714
europolis-2009,300004915,71300004915,7122,1,13,13,5,12,0.33333333333333337
europolis-2009,300005404,71300005404,7121,0,15,15,10,14,0.7142857142857143
europolis-2009,300005509,71300005509,7124,1,13,13,6,12,0.41666666666666663
europolis-2009,300005541,71300005541,7122,0,13,13,5,12,0.41666666666666663
europolis-2009,300005619,71300005619,7125,1,17,17,8,16,0.4375
europolis-2009,300005770,71300005770,714,0,14,14,6,13,0.4615384615384616
europolis-2009,300005825,71300005825,7117,0,15,15,6,14,0.42857142857142855
europolis-2009,300006067,71300006067,7125,1,17,17,8,16,0.4375
europolis-2009,300006426,71300006426,7124,0,13,13,6,12,0.5
europolis-2009,300006495,71300006495,714,1,14,14,6,13,0.38461538461538464
europolis-2009,300006723,71300006723,7125,0,17,17,8,16,0.5
europolis-2009,300006906,71300006906,714,1,14,14,6,13,0.38461538461538464
europolis-2009,300006962,71300006962,719,1,15,15,8,14,0.5
europolis-2009,300007176,71300007176,7117,0,15,15,6,14,0.42857142857142855
europolis-2009,300007387,71300007387,7119,0,16,16,7,15,0.4666666666666667
europolis-2009,300007529,71300007529,7120,0,16,16,9,15,0.6
europolis-2009,300007599,71300007599,7122,1,13,13,5,12,0.33333333333333337
europolis-2009,300007716,71300007716,7125,1,17,17,8,16,0.4375
europolis-2009,300007736,71300007736,7124,1,13,13,6,12,0.41666666666666663
europolis-2009,300007757,71300007757,7124,1,13,13,6,12,0.41666666666666663
europolis-2009,300007936,71300007936,7125,0,17,17,8,16,0.5
europolis-2009,300007976,71300007976,719,0,15,15,8,14,0.5714285714285714
europolis-2009,300008045,71300008045,719,1,15,15,8,14,0.5
europolis-2009,400000067,71400000067,7125,1,17,17,8,16,0.4375
europolis-2009,400000077,71400000077,7125,0,17,17,8,16,0.5
europolis-2009,400000094,71400000094,7125,1,17,17,8,16,0.4375
europolis-2009,400000114,71400000114,7124,0,13,13,6,12,0.5
europolis-2009,400000132,71400000132,7124,0,13,13,6,12,0.5
europolis-2009,400000154,71400000154,7124,0,13,13,6,12,0.5
europolis-2009,500000226,71500000226,7117,1,15,15,6,14,0.3571428571428571
europolis-2009,500000320,71500000320,7117,1,15,15,6,14,0.3571428571428571
europolis-2009,500001069,71500001069,7119,1,16,16,7,15,0.4
europolis-2009,500001334,71500001334,7112,0,15,15,8,14,0.5714285714285714
europolis-2009,500001458,71500001458,7117,0,15,15,6,14,0.42857142857142855
europolis-2009,500001621,71500001621,7117,1,15,15,6,14,0.3571428571428571
europolis-2009,500001655,71500001655,7117,1,15,15,6,14,0.3571428571428571
europolis-2009,500001892,71500001892,7119,0,16,16,7,15,0.4666666666666667
europolis-2009,500002813,71500002813,7110,1,14,14,7,13,0.4615384615384616
europolis-2009,500002909,71500002909,7110,1,14,14,7,13,0.4615384615384616
europolis-2009,500003227,71500003227,7120,0,16,16,9,15,0.6
europolis-2009,500003232,71500003232,7120,1,16,16,9,15,0.5333333333333333
europolis-2009,500003571,71500003571,7117,0,15,15,6,14,0.42857142857142855
europolis-2009,500003604,71500003604,7110,0,14,14,7,13,0.5384615384615384
europolis-2009,500004301,71500004301,7119,0,16,16,7,15,0.4666666666666667
europolis-2009,500004389,71500004389,7119,1,16,16,7,15,0.4
europolis-2009,500004449,71500004449,7110,0,14,14,7,13,0.5384615384615384
europolis-2009,500004517,71500004517,7110,1,14,14,7,13,0.4615384615384616
europolis-2009,500005072,71500005072,7110,1,14,14,7,13,0.4615384615384616
europolis-2009,500005257,71500005257,7112,0,15,15,8,14,0.5714285714285714
europolis-2009,500005898,71500005898,7112,1,15,15,8,14,0.5
europolis-2009,500006038,71500006038,7119,0,16,16,7,15,0.4666666666666667
europolis-2009,500006146,71500006146,7110,0,14,14,7,13,0.5384615384615384
europolis-2009,500006200,71500006200,7120,1,16,16,9,15,0.5333333333333333
europolis-2009,500006445,71500006445,7119,0,16,16,7,15,0.4666666666666667
europolis-2009,500006618,71500006618,7117,0,15,15,6,14,0.42857142857142855
europolis-2009,500007032,71500007032,7117,0,15,15,6,14,0.42857142857142855
europolis-2009,500008204,71500008204,7120,0,16,16,9,15,0.6
europolis-2009,500008248,71500008248,7120,1,16,16,9,15,0.5333333333333333
europolis-2009,500008273,71500008273,7119,1,16,16,7,15,0.4
europolis-2009,600000007,71600000007,7115,1,11,11,6,10,0.5
europolis-2009,600000010,71600000010,7115,0,11,11,6,10,0.6
europolis-2009,600000414,71600000414,7115,1,11,11,6,10,0.5
europolis-2009,600000539,71600000539,7115,0,11,11,6,10,0.6
europolis-2009,700000047,71700000047,7121,1,15,15,10,14,0.6428571428571429
europolis-2009,700000107,71700000107,7111,1,13,13,5,12,0.33333333333333337
europolis-2009,700000139,71700000139,7111,1,13,13,5,12,0.33333333333333337
europolis-2009,700000180,71700000180,7110,0,14,14,7,13,0.5384615384615384
europolis-2009,700000255,71700000255,712,0,15,15,8,14,0.5714285714285714
europolis-2009,700000321,71700000321,714,1,14,14,6,13,0.38461538461538464
europolis-2009,700000347,71700000347,7121,1,15,15,10,14,0.6428571428571429
europolis-2009,700000386,71700000386,714,0,14,14,6,13,0.4615384615384616
europolis-2009,700000538,71700000538,7121,1,15,15,10,14,0.6428571428571429
europolis-2009,700000550,71700000550,7110,1,14,14,7,13,0.4615384615384616
europolis-2009,700000558,71700000558,714,0,14,14,6,13,0.4615384615384616
europolis-2009,700000610,71700000610,713,0,15,15,4,14,0.2857142857142857
europolis-2009,700000612,71700000612,7121,0,15,15,10,14,0.7142857142857143
europolis-2009,700000743,71700000743,712,1,15,15,8,14,0.5
europolis-2009,700001060,71700001060,7121,0,15,15,10,14,0.7142857142857143
europolis-2009,700001103,71700001103,7110,1,14,14,7,13,0.4615384615384616
europolis-2009,700001178,71700001178,712,1,15,15,8,14,0.5
europolis-2009,700001274,71700001274,714,0,14,14,6,13,0.4615384615384616
europolis-2009,700001323,71700001323,7111,0,13,13,5,12,0.41666666666666663
europolis-2009,700001377,71700001377,7111,0,13,13,5,12,0.41666666666666663
europolis-2009,700001380,71700001380,712,1,15,15,8,14,0.5
europolis-2009,700001386,71700001386,711,0,14,14,5,13,0.38461538461538464
europolis-2009,700001431,71700001431,714,0,14,14,6,13,0.4615384615384616
europolis-2009,700001477,71700001477,711,0,14,14,5,13,0.38461538461538464
europolis-2009,700001486,71700001486,712,0,15,15,8,14,0.5714285714285714
europolis-2009,700001508,71700001508,713,0,15,15,4,14,0.2857142857142857
europolis-2009,700001523,71700001523,713,0,15,15,4,14,0.2857142857142857
europolis-2009,700001541,71700001541,7110,0,14,14,7,13,0.5384615384615384
europolis-2009,700001620,71700001620,713,0,15,15,4,14,0.2857142857142857
europolis-2009,700001653,71700001653,7110,0,14,14,7,13,0.5384615384615384
europolis-2009,700001659,71700001659,7111,0,13,13,5,12,0.41666666666666663
europolis-2009,700001692,71700001692,7121,1,15,15,10,14,0.6428571428571429
europolis-2009,700001715,71700001715,713,0,15,15,4,14,0.2857142857142857
europolis-2009,700001745,71700001745,7121,0,15,15,10,14,0.7142857142857143
europolis-2009,700001749,71700001749,7111,0,13,13,5,12,0.41666666666666663
europolis-2009,700001868,71700001868,713,1,15,15,4,14,0.21428571428571427
europolis-2009,700002121,71700002121,7110,0,14,14,7,13,0.5384615384615384
europolis-2009,700002139,71700002139,712,1,15,15,8,14,0.5
europolis-2009,700002185,71700002185,712,1,15,15,8,14,0.5
europolis-2009,700002195,71700002195,712,0,15,15,8,14,0.5714285714285714
europolis-2009,700002390,71700002390,714,1,14,14,6,13,0.38461538461538464
europolis-2009,700002486,71700002486,711,1,14,14,5,13,0.30769230769230765
europolis-2009,800000010,71800000010,7122,0,13,13,5,12,0.41666666666666663
europolis-2009,800000012,71800000012,715,1,14,14,7,13,0.4615384615384616
europolis-2009,800000037,71800000037,7111,0,13,13,5,12,0.41666666666666663
europolis-2009,800000056,71800000056,718,1,10,10,6,9,0.5555555555555556
europolis-2009,800000071,71800000071,716,1,15,15,7,14,0.42857142857142855
europolis-2009,800004947,71800004947,717,1,11,11,6,10,0.5
europolis-2009,900000079,71900000079,717,1,11,11,6,10,0.5
europolis-2009,900000178,71900000178,7114,1,14,14,6,13,0.38461538461538464
europolis-2009,900000386,71900000386,7112,1,15,15,8,14,0.5
europolis-2009,900000396,71900000396,717,0,11,11,6,10,0.6
europolis-2009,900000411,71900000411,7115,1,11,11,6,10,0.5
europolis-2009,900000452,71900000452,7115,1,11,11,6,10,0.5
europolis-2009,900000532,71900000532,7115,1,11,11,6,10,0.5
europolis-2009,900000579,71900000579,717,0,11,11,6,10,0.6
europolis-2009,900000823,71900000823,7115,0,11,11,6,10,0.6
europolis-2009,900000910,71900000910,7114,0,14,14,6,13,0.4615384615384616
europolis-2009,900001043,71900001043,717,1,11,11,6,10,0.5
europolis-2009,900001083,71900001083,7114,0,14,14,6,13,0.4615384615384616
europolis-2009,900001168,71900001168,7113,1,13,13,8,12,0.5833333333333333
europolis-2009,900001172,71900001172,717,1,11,11,6,10,0.5
europolis-2009,900001230,71900001230,717,0,11,11,6,10,0.6
europolis-2009,900001270,71900001270,7114,1,14,14,6,13,0.38461538461538464
europolis-2009,900001339,71900001339,7118,0,11,11,5,10,0.5
europolis-2009,900001359,71900001359,7112,1,15,15,8,14,0.5
europolis-2009,900001376,71900001376,7113,1,13,13,8,12,0.5833333333333333
europolis-2009,900001558,71900001558,7118,1,11,11,5,10,0.4
europolis-2009,900001622,71900001622,7112,1,15,15,8,14,0.5
europolis-2009,900001644,71900001644,7113,0,13,13,8,12,0.6666666666666666
europolis-2009,900001695,71900001695,7113,0,13,13,8,12,0.6666666666666666
europolis-2009,900001698,71900001698,7113,0,13,13,8,12,0.6666666666666666
europolis-2009,900001799,71900001799,7118,0,11,11,5,10,0.5
europolis-2009,900001856,71900001856,7125,0,17,17,8,16,0.5
europolis-2009,900001927,71900001927,7118,1,11,11,5,10,0.4
europolis-2009,900002498,71900002498,7125,1,17,17,8,16,0.4375
europolis-2009,900002586,71900002586,7125,0,17,17,8,16,0.5
europolis-2009,900002680,71900002680,7112,0,15,15,8,14,0.5714285714285714
europolis-2009,900002860,71900002860,7118,0,11,11,5,10,0.5
europolis-2009,900002923,71900002923,7112,0,15,15,8,14,0.5714285714285714
europolis-2009,900002951,71900002951,7112,0,15,15,8,14,0.5714285714285714
europolis-2009,900003004,71900003004,7113,0,13,13,8,12,0.6666666666666666
europolis-2009,900003015,71900003015,7115,0,11,11,6,10,0.6
europolis-2009,900003133,71900003133,717,0,11,11,6,10,0.6
europolis-2009,900003206,71900003206,7114,0,14,14,6,13,0.4615384615384616
europolis-2009,1000000483,711000000483,7121,1,15,15,10,14,0.6428571428571429
europolis-2009,1000000725,711000000725,7111,0,13,13,5,12,0.41666666666666663
europolis-2009,1100000290,711100000290,7123,1,14,14,5,13,0.3076923076923077
europolis-2009,1100000340,711100000340,7123,0,14,14,5,13,0.38461538461538464
europolis-2009,1100000520,711100000520,713,0,15,15,4,14,0.2857142857142857
europolis-2009,1100000652,711100000652,713,0,15,15,4,14,0.2857142857142857
europolis-2009,1100000909,711100000909,713,1,15,15,4,14,0.21428571428571427
europolis-2009,1100000940,711100000940,713,0,15,15,4,14,0.2857142857142857
europolis-2009,1100000990,711100000990,713,0,15,15,4,14,0.2857142857142857
europolis-2009,1100001042,711100001042,7123,0,14,14,5,13,0.38461538461538464
europolis-2009,1100001294,711100001294,7123,1,14,14,5,13,0.3076923076923077
europolis-2009,1100001813,711100001813,7123,0,14,14,5,13,0.38461538461538464
europolis-2009,1100002957,711100002957,713,1,15,15,4,14,0.21428571428571427
europolis-2009,1100003192,711100003192,713,0,15,15,4,14,0.2857142857142857
europolis-2009,1210002803,711210002803,7121,1,15,15,10,14,0.6428571428571429
europolis-2009,1210003133,711210003133,7117,0,15,15,6,14,0.42857142857142855
europolis-2009,1210003443,711210003443,7120,1,16,16,9,15,0.5333333333333333
europolis-2009,1210004515,711210004515,714,0,14,14,6,13,0.4615384615384616
europolis-2009,1210004583,711210004583,719,0,15,15,8,14,0.5714285714285714
europolis-2009,1210004615,711210004615,7124,0,13,13,6,12,0.5
europolis-2009,1300002885,711300002885,711,0,14,14,5,13,0.38461538461538464
europolis-2009,1300003067,711300003067,711,0,14,14,5,13,0.38461538461538464
europolis-2009,1300004554,711300004554,711,0,14,14,5,13,0.38461538461538464
europolis-2009,1300006606,711300006606,711,0,14,14,5,13,0.38461538461538464
europolis-2009,1300007979,711300007979,711,0,14,14,5,13,0.38461538461538464
europolis-2009,1300008232,711300008232,711,1,14,14,5,13,0.3076923076923077
europolis-2009,1400000005,711400000005,7112,1,15,15,8,14,0.5
europolis-2009,1400000076,711400000076,7112,1,15,15,8,14,0.5
europolis-2009,1400000252,711400000252,7112,1,15,15,8,14,0.5
europolis-2009,1400000257,711400000257,7112,1,15,15,8,14,0.5
europolis-2009,1400000273,711400000273,7112,0,15,15,8,14,0.5714285714285714
europolis-2009,1400000297,711400000297,7112,0,15,15,8,14,0.5714285714285714
europolis-2009,1500000019,711500000019,715,1,14,14,7,13,0.4615384615384616
europolis-2009,1500000286,711500000286,7114,0,14,14,6,13,0.4615384615384616
europolis-2009,1500000413,711500000413,7114,0,14,14,6,13,0.4615384615384616
europolis-2009,1500000450,711500000450,715,1,14,14,7,13,0.4615384615384616
europolis-2009,1500000578,711500000578,718,1,10,10,6,9,0.5555555555555556
europolis-2009,1500000594,711500000594,7111,0,13,13,5,12,0.41666666666666663
europolis-2009,1500000609,711500000609,7115,1,11,11,6,10,0.5
europolis-2009,1500000660,711500000660,717,1,11,11,6,10,0.5
europolis-2009,1500000669,711500000669,716,0,15,15,7,14,0.5
europolis-2009,1500000688,711500000688,716,0,15,15,7,14,0.5
europolis-2009,1500000929,711500000929,7111,1,13,13,5,12,0.33333333333333337
europolis-2009,1500000954,711500000954,716,0,15,15,7,14,0.5
europolis-2009,1500001006,711500001006,717,0,11,11,6,10,0.6
europolis-2009,1500001026,711500001026,7111,1,13,13,5,12,0.33333333333333337
europolis-2009,1500001237,711500001237,718,1,10,10,6,9,0.5555555555555556
europolis-2009,1500001245,711500001245,7115,0,11,11,6,10,0.6
europolis-2009,1500001365,711500001365,716,0,15,15,7,14,0.5
europolis-2009,1500001578,711500001578,715,0,14,14,7,13,0.5384615384615384
europolis-2009,1500001720,711500001720,715,0,14,14,7,13,0.5384615384615384
europolis-2009,1500001744,711500001744,716,1,15,15,7,14,0.42857142857142855
europolis-2009,1500001825,711500001825,7122,0,13,13,5,12,0.41666666666666663
europolis-2009,1500001873,711500001873,718,0,10,10,6,9,0.6666666666666666
europolis-2009,1500001932,711500001932,717,1,11,11,6,10,0.5
europolis-2009,1500002034,711500002034,716,0,15,15,7,14,0.5
europolis-2009,1500002072,711500002072,715,1,14,14,7,13,0.4615384615384616
europolis-2009,1500002172,711500002172,718,0,10,10,6,9,0.6666666666666666
europolis-2009,1500002205,711500002205,718,0,10,10,6,9,0.6666666666666666
europolis-2009,1500002213,711500002213,715,0,14,14,7,13,0.5384615384615384
europolis-2009,1500002244,711500002244,716,1,15,15,7,14,0.42857142857142855
europolis-2009,1500002249,711500002249,716,1,15,15,7,14,0.42857142857142855
europolis-2009,1500002275,711500002275,7122,0,13,13,5,12,0.41666666666666663
europolis-2009,1500002427,711500002427,7111,1,13,13,5,12,0.33333333333333337
europolis-2009,1500002435,711500002435,715,0,14,14,7,13,0.5384615384615384
europolis-2009,1500002456,711500002456,7122,1,13,13,5,12,0.33333333333333337
europolis-2009,3100000008,713100000008,718,1,10,10,6,9,0.5555555555555556
europolis-2009,3100000009,713100000009,718,1,10,10,6,9,0.5555555555555556
europolis-2009,3100000010,713100000010,718,0,10,10,6,9,0.6666666666666666
europolis-2009,3100000020,713100000020,718,1,10,10,6,9,0.5555555555555556
europolis-2009,3200000033,713200000033,7124,1,13,13,6,12,0.41666666666666663
europolis-2009,3200000563,713200000563,7125,1,17,17,8,16,0.4375
europolis-2009,3200000569,713200000569,7125,0,17,17,8,16,0.5
europolis-2009,3304049800,713304049800,7122,1,13,13,5,12,0.33333333333333337
europolis-2009,3304076100,713304076100,7122,0,13,13,5,12,0.41666666666666663
europolis-2009,3304136000,713304136000,7122,0,13,13,5,12,0.41666666666666663
europolis-2009,3400000031,713400000031,7114,1,14,14,6,13,0.38461538461538464
europolis-2009,3400000093,713400000093,7114,0,14,14,6,13,0.4615384615384616
europolis-2009,3400000119,713400000119,7114,1,14,14,6,13,0.38461538461538464
europolis-2009,3400000129,713400000129,7114,1,14,14,6,13,0.38461538461538464
europolis-2009,3400000155,713400000155,7114,1,14,14,6,13,0.38461538461538464
europolis-2009,3400000408,713400000408,7114,0,14,14,6,13,0.4615384615384616
europolis-2009,3500000060,713500000060,712,0,15,15,8,14,0.5714285714285714
europolis-2009,3500000107,713500000107,712,1,15,15,8,14,0.5
europolis-2009,3500000243,713500000243,712,1,15,15,8,14,0.5
europolis-2009,3500000349,713500000349,712,0,15,15,8,14,0.5714285714285714
europolis-2009,3500000446,713500000446,712,1,15,15,8,14,0.5
europolis-2009,3500000566,713500000566,712,0,15,15,8,14,0.5714285714285714
europolis-2009,3600016101,713600016101,715,0,14,14,7,13,0.5384615384615384
europolis-2009,3600018305,713600018305,715,1,14,14,7,13,0.4615384615384616
europolis-2009,3600018704,713600018704,715,1,14,14,7,13,0.4615384615384616
europolis-2009,3600028604,713600028604,715,1,14,14,7,13,0.4615384615384616
europolis-2009,3600061401,713600061401,715,0,14,14,7,13,0.5384615384615384
europolis-2009,3700000022,713700000022,7120,1,16,16,9,15,0.5333333333333333
europolis-2009,3700000027,713700000027,7120,1,16,16,9,15,0.5333333333333333
europolis-2009,3700000033,713700000033,7120,1,16,16,9,15,0.5333333333333333
europolis-2009,3700000042,713700000042,7120,0,16,16,9,15,0.6
europolis-2009,3700000046,713700000046,7120,0,16,16,9,15,0.6
europolis-2009,3800000007,713800000007,715,0,14,14,7,13,0.5384615384615384
europolis-2009,3800000015,713800000015,7114,0,14,14,6,13,0.4615384615384616
europolis-2009,3800000020,713800000020,7111,0,13,13,5,12,0.41666666666666663
europolis-2009,3900000069,713900000069,7123,0,14,14,5,13,0.38461538461538464
europolis-2009,3900000072,713900000072,719,0,15,15,8,14,0.5714285714285714
europolis-2009,3900000085,713900000085,719,0,15,15,8,14,0.5714285714285714
europolis-2009,3900000107,713900000107,7118,1,11,11,5,10,0.4
europolis-2009,3900000108,713900000108,719,1,15,15,8,14,0.5
europolis-2009,3900000109,713900000109,719,1,15,15,8,14,0.5
europolis-2009,3900000110,713900000110,7123,0,14,14,5,13,0.38461538461538464
europolis-2009,3900000118,713900000118,7123,0,14,14,5,13,0.38461538461538464
europolis-2009,3900000133,713900000133,7116,0,15,15,7,14,0.5
europolis-2009,3900000147,713900000147,7123,0,14,14,5,13,0.38461538461538464
europolis-2009,3900000172,713900000172,719,0,15,15,8,14,0.5714285714285714
europolis-2009,3900000203,713900000203,7116,1,15,15,7,14,0.42857142857142855
europolis-2009,3900000236,713900000236,7116,0,15,15,7,14,0.5
europolis-2009,3900000253,713900000253,7118,1,11,11,5,10,0.4
europolis-2009,3900000254,713900000254,7118,0,11,11,5,10,0.5
europolis-2009,3900000276,713900000276,7116,0,15,15,7,14,0.5
europolis-2009,3900000292,713900000292,7118,0,11,11,5,10,0.5
europolis-2009,3900000297,713900000297,719,1,15,15,8,14,0.5
europolis-2009,3900000298,713900000298,7116,1,15,15,7,14,0.42857142857142855
europolis-2009,3900000300,713900000300,719,1,15,15,8,14,0.5
europolis-2009,3900000345,713900000345,719,1,15,15,8,14,0.5
europolis-2009,3900000362,713900000362,7116,0,15,15,7,14,0.5
europolis-2009,3900000386,713900000386,7118,0,11,11,5,10,0.5
europolis-2009,3900000389,713900000389,7116,1,15,15,7,14,0.42857142857142855
europolis-2009,3900000411,713900000411,7116,0,15,15,7,14,0.5
europolis-2009,3900000422,713900000422,7123,1,14,14,5,13,0.3076923076923077
europolis-2009,3900000426,713900000426,7123,1,14,14,5,13,0.3076923076923077
europolis-2009,3900000427,713900000427,7123,1,14,14,5,13,0.3076923076923077
europolis-2009,3900000430,713900000430,7118,1,11,11,5,10,0.4
europolis-2009,3900000433,713900000433,7116,1,15,15,7,14,0.42857142857142855
europolis-2009,4000000010,714000000010,7113,1,13,13,8,12,0.5833333333333334
europolis-2009,4000000012,714000000012,7113,1,13,13,8,12,0.5833333333333334
europolis-2009,4000000014,714000000014,7113,1,13,13,8,12,0.5833333333333334
europolis-2009,4000000018,714000000018,712,0,15,15,8,14,0.5714285714285714
europolis-2009,4000000025,714000000025,711,1,14,14,5,13,0.3076923076923077
europolis-2009,4000000040,714000000040,711,1,14,14,5,13,0.3076923076923077
europolis-2009,4000000041,714000000041,711,0,14,14,5,13,0.38461538461538464
europolis-2009,4000000138,714000000138,7113,0,13,13,8,12,0.6666666666666667
europolis-2009,4000000139,714000000139,7113,1,13,13,8,12,0.5833333333333334
europolis-2009,4000000145,714000000145,7113,1,13,13,8,12,0.5833333333333334
europolis-2009,4000000147,714000000147,711,0,14,14,5,13,0.38461538461538464
europolis-2009,4000000149,714000000149,711,1,14,14,5,13,0.3076923076923077
europolis-2009,4000000150,714000000150,7113,1,13,13,8,12,0.5833333333333334
europolis-2009,4100000007,714100000007,716,0,15,15,7,14,0.5
europolis-2009,4100000009,714100000009,716,0,15,15,7,14,0.5
europolis-2009,4100000010,714100000010,716,1,15,15,7,14,0.42857142857142855
europolis-2009,4100000021,714100000021,716,1,15,15,7,14,0.42857142857142855
europolis-2009,4100000022,714100000022,716,1,15,15,7,14,0.42857142857142855
europolis-2009,4100000024,714100000024,716,0,15,15,7,14,0.5
europolis-2009,4200000127,714200000127,7116,1,15,15,7,14,0.42857142857142855
europolis-2009,4200000145,714200000145,7116,1,15,15,7,14,0.42857142857142855
europolis-2009,4200001284,714200001284,7116,0,15,15,7,14,0.5
europolis-2009,4200001292,714200001292,7116,0,15,15,7,14,0.5
europolis-2009,4200001405,714200001405,7116,0,15,15,7,14,0.5
europolis-2009,4200003424,714200003424,7116,1,15,15,7,14,0.42857142857142855
new-haven-2004,3002,910073,9109,1,9,9,5,8,0.5
new-haven-2004,3003,910102,9113,0,6,6,4,5,0.8
new-haven-2004,3004,910036,9105,0,10,10,4,9,0.4444444444444444
new-haven-2004,3006,910049,9107,1,10,10,6,9,0.5555555555555556
new-haven-2004,3009,910094,9112,0,8,8,4,7,0.5714285714285714
new-haven-2004,3010,910122,9115,0,13,13,4,12,0.33333333333333337
new-haven-2004,3011,910001,9101,0,6,6,1,5,0.2
new-haven-2004,3015,910127,9116,0,6,6,2,5,0.4
new-haven-2004,3022,910013,9102,1,7,7,6,6,0.8333333333333334
new-haven-2004,3025,910072,9109,1,9,9,5,8,0.5
new-haven-2004,3027,910068,9109,0,9,9,5,8,0.625
new-haven-2004,3029,910005,9101,1,6,6,1,5,0
new-haven-2004,3031,910022,9104,1,12,12,6,11,0.4545454545454545
new-haven-2004,3032,910117,9115,0,13,13,4,12,0.33333333333333337
new-haven-2004,3033,910083,9111,1,11,11,5,10,0.4
new-haven-2004,3040,910085,9111,1,11,11,5,10,0.4
new-haven-2004,3043,910041,9105,0,10,10,4,9,0.4444444444444444
new-haven-2004,3044,910098,9112,0,8,8,4,7,0.5714285714285714
new-haven-2004,3045,910074,9110,0,8,8,5,7,0.7142857142857143
new-haven-2004,3046,910016,9103,1,7,7,4,6,0.5
new-haven-2004,3047,910020,9103,0,7,7,4,6,0.6666666666666666
new-haven-2004,3049,910120,9115,0,13,13,4,12,0.33333333333333337
new-haven-2004,3054,910095,9112,1,8,8,4,7,0.42857142857142855
new-haven-2004,3056,910105,9113,1,6,6,4,5,0.6
new-haven-2004,3057,910107,9114,1,7,7,3,6,0.33333333333333337
new-haven-2004,3059,910096,9112,1,8,8,4,7,0.42857142857142855
new-haven-2004,3063,910035,9105,1,10,10,4,9,0.33333333333333337
new-haven-2004,3068,910028,9104,1,12,12,6,11,0.4545454545454545
new-haven-2004,3074,910023,9104,1,12,12,6,11,0.4545454545454545
new-haven-2004,3077,910044,9106,0,4,4,3,3,1
new-haven-2004,3078,910090,9111,1,11,11,5,10,0.4
new-haven-2004,3079,910100,9112,1,8,8,4,7,0.42857142857142855
new-haven-2004,3083,910057,9108,0,8,8,3,7,0.42857142857142855
new-haven-2004,3084,910111,9114,0,7,7,3,6,0.5
new-haven-2004,3089,910054,9107,1,10,10,6,9,0.5555555555555556
new-haven-2004,3094,910056,9107,1,10,10,6,9,0.5555555555555556
new-haven-2004,3096,910050,9107,0,10,10,6,9,0.6666666666666666
new-haven-2004,3106,910055,9107,0,10,10,6,9,0.6666666666666666
new-haven-2004,3108,910131,9116,1,6,6,2,5,0.2
new-haven-2004,3111,910104,9113,0,6,6,4,5,0.8
new-haven-2004,3112,910053,9107,1,10,10,6,9,0.5555555555555556
new-haven-2004,3113,910048,9107,1,10,10,6,9,0.5555555555555556
new-haven-2004,3116,910004,9101,0,6,6,1,5,0.2
new-haven-2004,3120,910010,9102,0,7,7,6,6,1
new-haven-2004,3121,910008,9102,1,7,7,6,6,0.8333333333333334
new-haven-2004,3124,910042,9105,1,10,10,4,9,0.33333333333333337
new-haven-2004,3127,910126,9115,0,13,13,4,12,0.33333333333333337
new-haven-2004,3128,910077,9110,1,8,8,5,7,0.5714285714285714
new-haven-2004,3130,910078,9110,0,8,8,5,7,0.7142857142857143
new-haven-2004,3133,910034,9105,0,10,10,4,9,0.4444444444444444
new-haven-2004,3134,910067,9109,1,9,9,5,8,0.5
new-haven-2004,3137,910114,9115,0,13,13,4,12,0.33333333333333337
new-haven-2004,3140,910130,9116,0,6,6,2,5,0.4
new-haven-2004,3142,910031,9104,0,12,12,6,11,0.5454545454545454
new-haven-2004,3143,910108,9114,1,7,7,3,6,0.33333333333333337
new-haven-2004,3146,910132,9116,1,6,6,2,5,0.2
new-haven-2004,3147,910079,9110,1,8,8,5,7,0.5714285714285714
new-haven-2004,3148,910003,9101,0,6,6,1,5,0.2
new-haven-2004,3149,910040,9105,1,10,10,4,9,0.33333333333333337
new-haven-2004,3150,910062,9108,0,8,8,3,7,0.42857142857142855
new-haven-2004,3153,910045,9106,1,4,4,3,3,0.6666666666666666
new-haven-2004,3157,910119,9115,0,13,13,4,12,0.33333333333333337
new-haven-2004,3160,910046,9106,1,4,4,3,3,0.6666666666666666
new-haven-2004,3162,910115,9115,1,13,13,4,12,0.25
new-haven-2004,3164,910080,9110,1,8,8,5,7,0.5714285714285714
new-haven-2004,3165,910081,9110,1,8,8,5,7,0.5714285714285714
new-haven-2004,3167,910112,9114,0,7,7,3,6,0.5
new-haven-2004,3169,910110,9114,1,7,7,3,6,0.33333333333333337
new-haven-2004,3172,910011,9102,1,7,7,6,6,0.8333333333333334
new-haven-2004,3174,910088,9111,0,11,11,5,10,0.5
new-haven-2004,3175,910024,9104,1,12,12,6,11,0.4545454545454545
new-haven-2004,3178,910089,9111,1,11,11,5,10,0.4
new-haven-2004,3184,910128,9116,0,6,6,2,5,0.4
new-haven-2004,3188,910064,9108,0,8,8,3,7,0.42857142857142855
new-haven-2004,3189,910124,9115,1,13,13,4,12,0.25
new-haven-2004,3191,910109,9114,0,7,7,3,6,0.5
new-haven-2004,3199,910051,9107,0,10,10,6,9,0.6666666666666666
new-haven-2004,3206,910076,9110,1,8,8,5,7,0.5714285714285714
new-haven-2004,3208,910021,9104,1,12,12,6,11,0.4545454545454545
new-haven-2004,3214,910106,9113,1,6,6,4,5,0.6
new-haven-2004,3215,910092,9111,0,11,11,5,10,0.5
new-haven-2004,3217,910061,9108,0,8,8,3,7,0.42857142857142855
new-haven-2004,3219,910015,9103,0,7,7,4,6,0.6666666666666666
new-haven-2004,3221,910038,9105,1,10,10,4,9,0.33333333333333337
new-haven-2004,3225,910093,9112,0,8,8,4,7,0.5714285714285714
new-haven-2004,3226,910030,9104,0,12,12,6,11,0.5454545454545454
new-haven-2004,3227,910002,9101,0,6,6,1,5,0.2
new-haven-2004,3228,910123,9115,0,13,13,4,12,0.33333333333333337
new-haven-2004,3229,910007,9102,1,7,7,6,6,0.8333333333333334
new-haven-2004,3230,910033,9105,0,10,10,4,9,0.4444444444444444
new-haven-2004,3232,910087,9111,0,11,11,5,10,0.5
new-haven-2004,3234,910063,9108,1,8,8,3,7,0.2857142857142857
new-haven-2004,3235,910084,9111,1,11,11,5,10,0.4
new-haven-2004,3237,910059,9108,1,8,8,3,7,0.2857142857142857
new-haven-2004,3240,910029,9104,1,12,12,6,11,0.4545454545454545
new-haven-2004,3241,910075,9110,0,8,8,5,7,0.7142857142857143
new-haven-2004,3242,910060,9108,1,8,8,3,7,0.2857142857142857
new-haven-2004,3247,910026,9104,0,12,12,6,11,0.5454545454545454
new-haven-2004,3248,910039,9105,0,10,10,4,9,0.4444444444444444
new-haven-2004,3250,910069,9109,1,9,9,5,8,0.5
new-haven-2004,3253,910006,9101,0,6,6,1,5,0.2
new-haven-2004,3255,910012,9102,1,7,7,6,6,0.8333333333333334
new-haven-2004,3256,910043,9106,1,4,4,3,3,0.6666666666666666
new-haven-2004,3261,910025,9104,0,12,12,6,11,0.5454545454545454
new-haven-2004,3263,910097,9112,1,8,8,4,7,0.42857142857142855
new-haven-2004,3265,910071,9109,0,9,9,5,8,0.625
new-haven-2004,3266,910129,9116,0,6,6,2,5,0.4
new-haven-2004,3268,910037,9105,0,10,10,4,9,0.4444444444444444
new-haven-2004,3269,910032,9104,0,12,12,6,11,0.5454545454545454
new-haven-2004,3270,910066,9109,0,9,9,5,8,0.625
new-haven-2004,3271,910086,9111,0,11,11,5,10,0.5
new-haven-2004,3278,910014,9103,0,7,7,4,6,0.6666666666666666
new-haven-2004,3279,910103,9113,1,6,6,4,5,0.6
new-haven-2004,3283,910018,9103,1,7,7,4,6,0.5
new-haven-2004,3285,910070,9109,0,9,9,5,8,0.625
new-haven-2004,3295,910027,9104,0,12,12,6,11,0.5454545454545454
new-haven-2004,3299,910017,9103,1,7,7,4,6,0.5
new-haven-2004,3317,910091,9111,0,11,11,5,10,0.5
new-haven-2004,3320,910047,9107,0,10,10,6,9,0.6666666666666666
new-haven-2004,3323,910052,9107,1,10,10,6,9,0.5555555555555556
new-haven-2004,3330,910065,9109,1,9,9,5,8,0.5
new-haven-2004,3331,910019,9103,1,7,7,4,6,0.5
new-haven-2004,3334,910009,9102,1,7,7,6,6,0.8333333333333334
new-haven-2004,3338,910118,9115,1,13,13,4,12,0.25
new-haven-2004,3345,910058,9108,0,8,8,3,7,0.42857142857142855
new-haven-2004,3346,910125,9115,0,13,13,4,12,0.33333333333333337
new-haven-2004,3349,910082,9111,0,11,11,5,10,0.5
new-haven-2004,3350,910121,9115,0,13,13,4,12,0.33333333333333337
new-haven-2004,3351,910099,9112,0,8,8,4,7,0.5714285714285714
new-haven-2004,3354,910116,9115,1,13,13,4,12,0.25
new-haven-2004,3356,910101,9113,1,6,6,4,5,0.6
new-haven-2004,3357,910113,9114,0,7,7,3,6,0.5
nic2-2003,243,920007,9201,0,15,15,8,14,0.5714285714285714
nic2-2003,253,920012,9201,1,15,15,8,14,0.5
nic2-2003,106,920002,9201,1,15,15,8,14,0.5
nic2-2003,162,920003,9201,0,15,15,8,14,0.5714285714285714
nic2-2003,233,920010,9201,0,15,15,8,14,0.5714285714285714
nic2-2003,157,920005,9201,0,15,15,8,14,0.5714285714285714
nic2-2003,275,920008,9201,1,15,15,8,14,0.5
nic2-2003,328,920009,9201,0,15,15,8,14,0.5714285714285714
nic2-2003,204,920013,9201,1,15,15,8,14,0.5
nic2-2003,359,920001,9201,1,15,15,8,14,0.5
nic2-2003,194,920014,9201,0,15,15,8,14,0.5714285714285714
nic2-2003,270,920011,9201,1,15,15,8,14,0.5
nic2-2003,334,920004,9201,1,15,15,8,14,0.5
nic2-2003,191,920006,9201,0,15,15,8,14,0.5714285714285714
nic2-2003,232,920015,9201,1,15,15,8,14,0.5
nic2-2003,339,920018,9202,1,15,15,6,14,0.3571428571428571
nic2-2003,360,920029,9202,1,15,15,6,14,0.3571428571428571
nic2-2003,412,920019,9202,0,15,15,6,14,0.42857142857142855
nic2-2003,147,920022,9202,1,15,15,6,14,0.3571428571428571
nic2-2003,163,920020,9202,0,15,15,6,14,0.42857142857142855
nic2-2003,167,920025,9202,0,15,15,6,14,0.42857142857142855
nic2-2003,225,920028,9202,0,15,15,6,14,0.42857142857142855
nic2-2003,110,920017,9202,0,15,15,6,14,0.42857142857142855
nic2-2003,317,920026,9202,0,15,15,6,14,0.42857142857142855
nic2-2003,296,920024,9202,0,15,15,6,14,0.42857142857142855
nic2-2003,107,920021,9202,1,15,15,6,14,0.3571428571428571
nic2-2003,240,920027,9202,1,15,15,6,14,0.3571428571428571
nic2-2003,205,920023,9202,0,15,15,6,14,0.42857142857142855
nic2-2003,152,920030,9202,0,15,15,6,14,0.42857142857142855
nic2-2003,346,920016,9202,1,15,15,6,14,0.3571428571428571
nic2-2003,310,920033,9203,1,16,16,9,15,0.5333333333333333
nic2-2003,171,920040,9203,0,16,16,9,15,0.6
nic2-2003,236,920036,9203,1,16,16,9,15,0.5333333333333333
nic2-2003,318,920032,9203,1,16,16,9,15,0.5333333333333333
nic2-2003,373,920041,9203,1,16,16,9,15,0.5333333333333333
nic2-2003,135,920044,9203,1,16,16,9,15,0.5333333333333333
nic2-2003,291,920039,9203,1,16,16,9,15,0.5333333333333333
nic2-2003,148,920035,9203,0,16,16,9,15,0.6
nic2-2003,281,920045,9203,0,16,16,9,15,0.6
nic2-2003,183,920031,9203,0,16,16,9,15,0.6
nic2-2003,324,920043,9203,0,16,16,9,15,0.6
nic2-2003,266,920034,9203,0,16,16,9,15,0.6
nic2-2003,154,920042,9203,1,16,16,9,15,0.5333333333333333
nic2-2003,150,920037,9203,1,16,16,9,15,0.5333333333333333
nic2-2003,294,920046,9203,0,16,16,9,15,0.6
nic2-2003,330,920038,9203,1,16,16,9,15,0.5333333333333333
nic2-2003,261,920055,9204,1,15,15,10,14,0.6428571428571428
nic2-2003,189,920051,9204,1,15,15,10,14,0.6428571428571428
nic2-2003,215,920057,9204,1,15,15,10,14,0.6428571428571428
nic2-2003,357,920061,9204,0,15,15,10,14,0.7142857142857143
nic2-2003,396,920050,9204,0,15,15,10,14,0.7142857142857143
nic2-2003,116,920049,9204,1,15,15,10,14,0.6428571428571428
nic2-2003,323,920052,9204,0,15,15,10,14,0.7142857142857143
nic2-2003,262,920053,9204,1,15,15,10,14,0.6428571428571428
nic2-2003,192,920056,9204,1,15,15,10,14,0.6428571428571428
nic2-2003,375,920054,9204,1,15,15,10,14,0.6428571428571428
nic2-2003,134,920058,9204,0,15,15,10,14,0.7142857142857143
nic2-2003,202,920047,9204,0,15,15,10,14,0.7142857142857143
nic2-2003,188,920060,9204,1,15,15,10,14,0.6428571428571428
nic2-2003,177,920059,9204,1,15,15,10,14,0.6428571428571428
nic2-2003,279,920048,9204,1,15,15,10,14,0.6428571428571428
nic2-2003,222,920074,9205,1,14,14,9,13,0.6153846153846154
nic2-2003,137,920073,9205,0,14,14,9,13,0.6923076923076923
nic2-2003,250,920062,9205,1,14,14,9,13,0.6153846153846154
nic2-2003,366,920067,9205,0,14,14,9,13,0.6923076923076923
nic2-2003,276,920063,9205,1,14,14,9,13,0.6153846153846154
nic2-2003,181,920065,9205,1,14,14,9,13,0.6153846153846154
nic2-2003,140,920070,9205,1,14,14,9,13,0.6153846153846154
nic2-2003,273,920071,9205,0,14,14,9,13,0.6923076923076923
nic2-2003,158,920064,9205,0,14,14,9,13,0.6923076923076923
nic2-2003,175,920069,9205,1,14,14,9,13,0.6153846153846154
nic2-2003,305,920075,9205,0,14,14,9,13,0.6923076923076923
nic2-2003,203,920072,9205,1,14,14,9,13,0.6153846153846154
nic2-2003,201,920066,9205,1,14,14,9,13,0.6153846153846154
nic2-2003,125,920068,9205,1,14,14,9,13,0.6153846153846154
nic2-2003,187,920085,9206,0,13,13,6,12,0.5
nic2-2003,113,920080,9206,1,13,13,6,12,0.41666666666666663
nic2-2003,368,920084,9206,0,13,13,6,12,0.5
nic2-2003,230,920083,9206,0,13,13,6,12,0.5
nic2-2003,214,920086,9206,1,13,13,6,12,0.41666666666666663
nic2-2003,242,920088,9206,0,13,13,6,12,0.5
nic2-2003,168,920079,9206,1,13,13,6,12,0.41666666666666663
nic2-2003,235,920077,9206,0,13,13,6,12,0.5
nic2-2003,131,920082,9206,1,13,13,6,12,0.41666666666666663
nic2-2003,212,920076,9206,0,13,13,6,12,0.5
nic2-2003,151,920087,9206,1,13,13,6,12,0.41666666666666663
nic2-2003,365,920081,9206,0,13,13,6,12,0.5
nic2-2003,304,920078,9206,1,13,13,6,12,0.41666666666666663
nic2-2003,249,920090,9207,1,16,16,10,15,0.6
nic2-2003,245,920101,9207,0,16,16,10,15,0.6666666666666666
nic2-2003,271,920102,9207,0,16,16,10,15,0.6666666666666666
nic2-2003,182,920096,9207,0,16,16,10,15,0.6666666666666666
nic2-2003,159,920103,9207,1,16,16,10,15,0.6
nic2-2003,138,920092,9207,1,16,16,10,15,0.6
nic2-2003,367,920104,9207,1,16,16,10,15,0.6
nic2-2003,155,920094,9207,1,16,16,10,15,0.6
nic2-2003,297,920097,9207,0,16,16,10,15,0.6666666666666666
nic2-2003,112,920093,9207,1,16,16,10,15,0.6
nic2-2003,208,920089,9207,1,16,16,10,15,0.6
nic2-2003,405,920099,9207,0,16,16,10,15,0.6666666666666666
nic2-2003,398,920091,9207,1,16,16,10,15,0.6
nic2-2003,386,920100,9207,1,16,16,10,15,0.6
nic2-2003,128,920095,9207,0,16,16,10,15,0.6666666666666666
nic2-2003,264,920098,9207,1,16,16,10,15,0.6
nic2-2003,133,920114,9208,1,13,13,7,12,0.5
nic2-2003,145,920115,9208,0,13,13,7,12,0.5833333333333334
nic2-2003,259,920106,9208,1,13,13,7,12,0.5
nic2-2003,251,920116,9208,0,13,13,7,12,0.5833333333333334
nic2-2003,211,920105,9208,0,13,13,7,12,0.5833333333333334
nic2-2003,193,920109,9208,0,13,13,7,12,0.5833333333333334
nic2-2003,329,920112,9208,1,13,13,7,12,0.5
nic2-2003,180,920107,9208,0,13,13,7,12,0.5833333333333334
nic2-2003,229,920117,9208,0,13,13,7,12,0.5833333333333334
nic2-2003,179,920108,9208,1,13,13,7,12,0.5
nic2-2003,170,920110,9208,1,13,13,7,12,0.5
nic2-2003,290,920111,9208,1,13,13,7,12,0.5
nic2-2003,234,920113,9208,1,13,13,7,12,0.5
nic2-2003,102,920131,9209,1,14,14,6,13,0.38461538461538464
nic2-2003,349,920129,9209,1,14,14,6,13,0.38461538461538464
nic2-2003,267,920128,9209,1,14,14,6,13,0.38461538461538464
nic2-2003,226,920130,9209,0,14,14,6,13,0.4615384615384615
nic2-2003,219,920126,9209,0,14,14,6,13,0.4615384615384615
nic2-2003,186,920123,9209,1,14,14,6,13,0.38461538461538464
nic2-2003,115,920118,9209,0,14,14,6,13,0.4615384615384616
nic2-2003,293,920125,9209,0,14,14,6,13,0.4615384615384616
nic2-2003,286,920124,9209,0,14,14,6,13,0.4615384615384616
nic2-2003,353,920120,9209,0,14,14,6,13,0.4615384615384616
nic2-2003,371,920119,9209,0,14,14,6,13,0.4615384615384616
nic2-2003,372,920122,9209,1,14,14,6,13,0.38461538461538464
nic2-2003,114,920127,9209,0,14,14,6,13,0.4615384615384616
nic2-2003,252,920121,9209,1,14,14,6,13,0.38461538461538464
nic2-2003,282,920144,9210,1,14,14,12,13,0.8461538461538461
nic2-2003,269,920140,9210,1,14,14,12,13,0.8461538461538461
nic2-2003,196,920145,9210,1,14,14,12,13,0.8461538461538461
nic2-2003,314,920135,9210,1,14,14,12,13,0.8461538461538461
nic2-2003,392,920132,9210,1,14,14,12,13,0.8461538461538461
nic2-2003,165,920136,9210,1,14,14,12,13,0.8461538461538461
nic2-2003,197,920139,9210,1,14,14,12,13,0.8461538461538461
nic2-2003,256,920143,9210,1,14,14,12,13,0.8461538461538461
nic2-2003,176,920137,9210,1,14,14,12,13,0.8461538461538461
nic2-2003,260,920142,9210,1,14,14,12,13,0.8461538461538461
nic2-2003,263,920138,9210,0,14,14,12,13,0.9230769230769232
nic2-2003,355,920141,9210,1,14,14,12,13,0.8461538461538461
nic2-2003,160,920133,9210,1,14,14,12,13,0.8461538461538461
nic2-2003,272,920134,9210,0,14,14,12,13,0.9230769230769232
nic2-2003,139,920150,9211,1,14,14,10,13,0.6923076923076923
nic2-2003,223,920147,9211,1,14,14,10,13,0.6923076923076923
nic2-2003,111,920158,9211,0,14,14,10,13,0.7692307692307693
nic2-2003,385,920153,9211,1,14,14,10,13,0.6923076923076923
nic2-2003,288,920156,9211,1,14,14,10,13,0.6923076923076923
nic2-2003,118,920159,9211,1,14,14,10,13,0.6923076923076923
nic2-2003,228,920148,9211,0,14,14,10,13,0.7692307692307693
nic2-2003,399,920157,9211,1,14,14,10,13,0.6923076923076923
nic2-2003,123,920151,9211,1,14,14,10,13,0.6923076923076923
nic2-2003,257,920154,9211,1,14,14,10,13,0.6923076923076923
nic2-2003,348,920149,9211,0,14,14,10,13,0.7692307692307693
nic2-2003,312,920155,9211,1,14,14,10,13,0.6923076923076923
nic2-2003,248,920152,9211,0,14,14,10,13,0.7692307692307693
nic2-2003,238,920146,9211,1,14,14,10,13,0.6923076923076923
nic2-2003,422,920165,9212,0,14,14,8,13,0.6153846153846154
nic2-2003,513,920168,9212,0,14,14,8,13,0.6153846153846154
nic2-2003,456,920166,9212,1,14,14,8,13,0.5384615384615384
nic2-2003,433,920161,9212,1,14,14,8,13,0.5384615384615384
nic2-2003,500,920171,9212,0,14,14,8,13,0.6153846153846154
nic2-2003,363,920160,9212,1,14,14,8,13,0.5384615384615384
nic2-2003,409,920163,9212,1,14,14,8,13,0.5384615384615384
nic2-2003,370,920167,9212,0,14,14,8,13,0.6153846153846154
nic2-2003,444,920173,9212,1,14,14,8,13,0.5384615384615384
nic2-2003,333,920164,9212,1,14,14,8,13,0.5384615384615384
nic2-2003,351,920169,9212,0,14,14,8,13,0.6153846153846154
nic2-2003,468,920170,9212,1,14,14,8,13,0.5384615384615384
nic2-2003,483,920162,9212,1,14,14,8,13,0.5384615384615384
nic2-2003,320,920172,9212,0,14,14,8,13,0.6153846153846154
nic2-2003,418,920176,9213,1,15,15,8,14,0.5
nic2-2003,362,920187,9213,0,15,15,8,14,0.5714285714285714
nic2-2003,379,920186,9213,1,15,15,8,14,0.5
nic2-2003,461,920175,9213,1,15,15,8,14,0.5
nic2-2003,449,920188,9213,0,15,15,8,14,0.5714285714285714
nic2-2003,522,920178,9213,0,15,15,8,14,0.5714285714285714
nic2-2003,494,920180,9213,0,15,15,8,14,0.5714285714285714
nic2-2003,505,920182,9213,0,15,15,8,14,0.5714285714285714
nic2-2003,472,920174,9213,1,15,15,8,14,0.5
nic2-2003,404,920183,9213,0,15,15,8,14,0.5714285714285714
nic2-2003,414,920179,9213,1,15,15,8,14,0.5
nic2-2003,426,920184,9213,1,15,15,8,14,0.5
nic2-2003,311,920185,9213,1,15,15,8,14,0.5
nic2-2003,440,920177,9213,1,15,15,8,14,0.5
nic2-2003,345,920181,9213,0,15,15,8,14,0.5714285714285714
nic2-2003,429,920191,9214,0,15,15,6,14,0.42857142857142855
nic2-2003,105,920190,9214,0,15,15,6,14,0.42857142857142855
nic2-2003,537,920192,9214,1,15,15,6,14,0.3571428571428571
nic2-2003,508,920197,9214,0,15,15,6,14,0.42857142857142855
nic2-2003,571,920193,9214,0,15,15,6,14,0.42857142857142855
nic2-2003,559,920198,9214,0,15,15,6,14,0.42857142857142855
nic2-2003,584,920196,9214,1,15,15,6,14,0.3571428571428571
nic2-2003,488,920200,9214,1,15,15,6,14,0.3571428571428571
nic2-2003,435,920199,9214,0,15,15,6,14,0.42857142857142855
nic2-2003,447,920203,9214,0,15,15,6,14,0.42857142857142855
nic2-2003,591,920194,9214,1,15,15,6,14,0.3571428571428571
nic2-2003,406,920189,9214,1,15,15,6,14,0.3571428571428571
nic2-2003,529,920202,9214,0,15,15,6,14,0.42857142857142855
nic2-2003,395,920195,9214,0,15,15,6,14,0.42857142857142855
nic2-2003,407,920201,9214,1,15,15,6,14,0.3571428571428571
nic2-2003,572,920217,9215,1,14,14,4,13,0.23076923076923075
nic2-2003,548,920208,9215,1,14,14,4,13,0.23076923076923075
nic2-2003,352,920216,9215,0,14,14,4,13,0.30769230769230765
nic2-2003,581,920207,9215,1,14,14,4,13,0.23076923076923075
nic2-2003,474,920211,9215,0,14,14,4,13,0.3076923076923077
nic2-2003,525,920213,9215,0,14,14,4,13,0.3076923076923077
nic2-2003,421,920204,9215,0,14,14,4,13,0.3076923076923077
nic2-2003,459,920212,9215,0,14,14,4,13,0.3076923076923077
nic2-2003,534,920214,9215,0,14,14,4,13,0.3076923076923077
nic2-2003,380,920209,9215,0,14,14,4,13,0.3076923076923077
nic2-2003,393,920215,9215,1,14,14,4,13,0.23076923076923073
nic2-2003,595,920205,9215,0,14,14,4,13,0.3076923076923077
nic2-2003,486,920206,9215,0,14,14,4,13,0.3076923076923077
nic2-2003,443,920210,9215,0,14,14,4,13,0.3076923076923077
nic2-2003,313,920221,9216,1,14,14,7,13,0.4615384615384616
nic2-2003,562,920222,9216,1,14,14,7,13,0.4615384615384616
nic2-2003,567,920218,9216,0,14,14,7,13,0.5384615384615384
nic2-2003,532,920224,9216,0,14,14,7,13,0.5384615384615384
nic2-2003,410,920226,9216,1,14,14,7,13,0.4615384615384616
nic2-2003,481,920223,9216,0,14,14,7,13,0.5384615384615384
nic2-2003,503,920228,9216,1,14,14,7,13,0.4615384615384616
nic2-2003,457,920231,9216,0,14,14,7,13,0.5384615384615384
nic2-2003,441,920225,9216,0,14,14,7,13,0.5384615384615384
nic2-2003,585,920219,9216,1,14,14,7,13,0.4615384615384616
nic2-2003,476,920229,9216,0,14,14,7,13,0.5384615384615384
nic2-2003,369,920220,9216,1,14,14,7,13,0.4615384615384616
nic2-2003,424,920230,9216,1,14,14,7,13,0.4615384615384616
nic2-2003,570,920227,9216,0,14,14,7,13,0.5384615384615384
nic2-2003,541,920236,9217,0,13,13,6,12,0.5
nic2-2003,523,920235,9217,0,13,13,6,12,0.5
nic2-2003,546,920238,9217,0,13,13,6,12,0.5
nic2-2003,326,920233,9217,0,13,13,6,12,0.5
nic2-2003,445,920242,9217,1,13,13,6,12,0.41666666666666663
nic2-2003,579,920243,9217,0,13,13,6,12,0.5
nic2-2003,419,920244,9217,0,13,13,6,12,0.5
nic2-2003,471,920234,9217,1,13,13,6,12,0.41666666666666663
nic2-2003,199,920237,9217,1,13,13,6,12,0.41666666666666663
nic2-2003,510,920240,9217,1,13,13,6,12,0.41666666666666663
nic2-2003,227,920232,9217,0,13,13,6,12,0.5
nic2-2003,401,920239,9217,1,13,13,6,12,0.41666666666666663
nic2-2003,565,920241,9217,1,13,13,6,12,0.41666666666666663
nic2-2003,425,920254,9218,0,13,13,8,12,0.6666666666666666
nic2-2003,543,920245,9218,0,13,13,8,12,0.6666666666666666
nic2-2003,550,920253,9218,1,13,13,8,12,0.5833333333333334
nic2-2003,109,920251,9218,1,13,13,8,12,0.5833333333333334
nic2-2003,469,920246,9218,1,13,13,8,12,0.5833333333333334
nic2-2003,573,920250,9218,0,13,13,8,12,0.6666666666666666
nic2-2003,458,920257,9218,1,13,13,8,12,0.5833333333333334
nic2-2003,178,920255,9218,0,13,13,8,12,0.6666666666666666
nic2-2003,119,920248,9218,0,13,13,8,12,0.6666666666666666
nic2-2003,358,920249,9218,1,13,13,8,12,0.5833333333333334
nic2-2003,588,920256,9218,1,13,13,8,12,0.5833333333333334
nic2-2003,512,920252,9218,1,13,13,8,12,0.5833333333333334
nic2-2003,432,920247,9218,1,13,13,8,12,0.5833333333333334
nic2-2003,560,920273,9219,1,16,16,11,15,0.6666666666666666
nic2-2003,566,920269,9219,1,16,16,11,15,0.6666666666666666
nic2-2003,504,920264,9219,0,16,16,11,15,0.7333333333333333
nic2-2003,254,920266,9219,1,16,16,11,15,0.6666666666666666
nic2-2003,403,920258,9219,1,16,16,11,15,0.6666666666666666
nic2-2003,480,920270,9219,1,16,16,11,15,0.6666666666666666
nic2-2003,451,920272,9219,1,16,16,11,15,0.6666666666666666
nic2-2003,592,920260,9219,0,16,16,11,15,0.7333333333333333
nic2-2003,580,920261,9219,1,16,16,11,15,0.6666666666666666
nic2-2003,475,920267,9219,0,16,16,11,15,0.7333333333333333
nic2-2003,136,920262,9219,0,16,16,11,15,0.7333333333333333
nic2-2003,416,920265,9219,1,16,16,11,15,0.6666666666666666
nic2-2003,438,920268,9219,1,16,16,11,15,0.6666666666666666
nic2-2003,536,920259,9219,1,16,16,11,15,0.6666666666666666
nic2-2003,130,920263,9219,1,16,16,11,15,0.6666666666666666
nic2-2003,516,920271,9219,0,16,16,11,15,0.7333333333333334
nic2-2003,101,920285,9220,1,14,14,10,13,0.6923076923076923
nic2-2003,506,920274,9220,1,14,14,10,13,0.6923076923076923
nic2-2003,555,920280,9220,1,14,14,10,13,0.6923076923076923
nic2-2003,594,920276,9220,0,14,14,10,13,0.7692307692307693
nic2-2003,590,920282,9220,1,14,14,10,13,0.6923076923076923
nic2-2003,400,920286,9220,0,14,14,10,13,0.7692307692307693
nic2-2003,533,920284,9220,0,14,14,10,13,0.7692307692307693
nic2-2003,462,920281,9220,1,14,14,10,13,0.6923076923076923
nic2-2003,479,920283,9220,1,14,14,10,13,0.6923076923076923
nic2-2003,146,920277,9220,0,14,14,10,13,0.7692307692307693
nic2-2003,526,920275,9220,1,14,14,10,13,0.6923076923076923
nic2-2003,381,920279,9220,1,14,14,10,13,0.6923076923076923
nic2-2003,430,920287,9220,1,14,14,10,13,0.6923076923076923
nic2-2003,464,920278,9220,1,14,14,10,13,0.6923076923076923
nic2-2003,542,920290,9221,0,15,15,8,14,0.5714285714285714
nic2-2003,391,920294,9221,1,15,15,8,14,0.5
nic2-2003,417,920292,9221,1,15,15,8,14,0.5
nic2-2003,496,920301,9221,1,15,15,8,14,0.5
nic2-2003,586,920300,9221,0,15,15,8,14,0.5714285714285714
nic2-2003,473,920299,9221,0,15,15,8,14,0.5714285714285714
nic2-2003,552,920293,9221,1,15,15,8,14,0.5
nic2-2003,460,920297,9221,1,15,15,8,14,0.5
nic2-2003,519,920288,9221,0,15,15,8,14,0.5714285714285714
nic2-2003,593,920298,9221,1,15,15,8,14,0.5
nic2-2003,343,920302,9221,0,15,15,8,14,0.5714285714285714
nic2-2003,563,920296,9221,1,15,15,8,14,0.5
nic2-2003,446,920289,9221,0,15,15,8,14,0.5714285714285714
nic2-2003,388,920291,9221,1,15,15,8,14,0.5
nic2-2003,509,920295,9221,0,15,15,8,14,0.5714285714285714
nic2-2003,556,920304,9222,0,12,12,6,11,0.5454545454545454
nic2-2003,576,920312,9222,1,12,12,6,11,0.4545454545454546
nic2-2003,527,920309,9222,1,12,12,6,11,0.4545454545454546
nic2-2003,413,920310,9222,1,12,12,6,11,0.4545454545454546
nic2-2003,511,920303,9222,0,12,12,6,11,0.5454545454545454
nic2-2003,439,920313,9222,0,12,12,6,11,0.5454545454545454
nic2-2003,364,920308,9222,1,12,12,6,11,0.4545454545454546
nic2-2003,289,920307,9222,0,12,12,6,11,0.5454545454545454
nic2-2003,482,920314,9222,0,12,12,6,11,0.5454545454545454
nic2-2003,535,920306,9222,1,12,12,6,11,0.4545454545454546
nic2-2003,342,920305,9222,0,12,12,6,11,0.5454545454545454
nic2-2003,589,920311,9222,1,12,12,6,11,0.4545454545454546
nic2-2003,484,920328,9223,0,14,14,5,13,0.38461538461538464
nic2-2003,587,920324,9223,0,14,14,5,13,0.38461538461538464
nic2-2003,499,920315,9223,1,14,14,5,13,0.3076923076923077
nic2-2003,448,920323,9223,0,14,14,5,13,0.38461538461538464
nic2-2003,549,920318,9223,1,14,14,5,13,0.3076923076923077
nic2-2003,477,920317,9223,0,14,14,5,13,0.38461538461538464
nic2-2003,319,920316,9223,1,14,14,5,13,0.3076923076923077
nic2-2003,437,920326,9223,1,14,14,5,13,0.3076923076923077
nic2-2003,356,920327,9223,0,14,14,5,13,0.38461538461538464
nic2-2003,577,920322,9223,0,14,14,5,13,0.38461538461538464
nic2-2003,335,920321,9223,0,14,14,5,13,0.38461538461538464
nic2-2003,420,920325,9223,0,14,14,5,13,0.38461538461538464
nic2-2003,408,920319,9223,1,14,14,5,13,0.3076923076923077
nic2-2003,520,920320,9223,0,14,14,5,13,0.38461538461538464
nic2-2003,582,920339,9224,0,12,12,4,11,0.3636363636363637
nic2-2003,495,920338,9224,1,12,12,4,11,0.2727272727272727
nic2-2003,442,920329,9224,0,12,12,4,11,0.3636363636363637
nic2-2003,376,920332,9224,0,12,12,4,11,0.3636363636363637
nic2-2003,561,920340,9224,0,12,12,4,11,0.3636363636363637
nic2-2003,325,920333,9224,0,12,12,4,11,0.3636363636363637
nic2-2003,467,920337,9224,1,12,12,4,11,0.2727272727272727
nic2-2003,423,920331,9224,0,12,12,4,11,0.3636363636363637
nic2-2003,574,920335,9224,1,12,12,4,11,0.2727272727272727
nic2-2003,452,920330,9224,0,12,12,4,11,0.3636363636363637
nic2-2003,518,920336,9224,0,12,12,4,11,0.3636363636363637
nic2-2003,501,920334,9224,1,12,12,4,11,0.2727272727272727
btp-national-2003,24,930001,9301,1,14,14,7,13,0.4615384615384616
btp-national-2003,286,930002,9301,0,14,14,7,13,0.5384615384615384
btp-national-2003,617,930003,9301,1,14,14,7,13,0.4615384615384616
btp-national-2003,161,930004,9301,0,14,14,7,13,0.5384615384615384
btp-national-2003,72,930005,9301,0,14,14,7,13,0.5384615384615384
btp-national-2003,187,930006,9301,1,14,14,7,13,0.4615384615384616
btp-national-2003,223,930007,9301,0,14,14,7,13,0.5384615384615384
btp-national-2003,543,930008,9301,1,14,14,7,13,0.4615384615384616
btp-national-2003,98,930009,9301,0,14,14,7,13,0.5384615384615384
btp-national-2003,531,930010,9301,1,14,14,7,13,0.4615384615384616
btp-national-2003,247,930011,9301,0,14,14,7,13,0.5384615384615384
btp-national-2003,438,930012,9301,1,14,14,7,13,0.4615384615384616
btp-national-2003,128,930013,9301,1,14,14,7,13,0.4615384615384616
btp-national-2003,271,930014,9301,0,14,14,7,13,0.5384615384615384
btp-national-2003,37,930015,9302,0,10,10,6,9,0.6666666666666666
btp-national-2003,306,930016,9302,0,10,10,6,9,0.6666666666666666
btp-national-2003,424,930017,9302,1,10,10,6,9,0.5555555555555556
btp-national-2003,672,930018,9302,0,10,10,6,9,0.6666666666666666
btp-national-2003,642,930019,9302,1,10,10,6,9,0.5555555555555556
btp-national-2003,64,930020,9302,1,10,10,6,9,0.5555555555555556
btp-national-2003,465,930021,9302,1,10,10,6,9,0.5555555555555556
btp-national-2003,362,930022,9302,0,10,10,6,9,0.6666666666666666
btp-national-2003,607,930023,9302,1,10,10,6,9,0.5555555555555556
btp-national-2003,112,930024,9302,1,10,10,6,9,0.5555555555555556
btp-national-2003,666,930025,9303,1,17,17,6,16,0.3125
btp-national-2003,326,930026,9303,1,17,17,6,16,0.3125
btp-national-2003,90,930027,9303,0,17,17,6,16,0.375
btp-national-2003,104,930028,9303,1,17,17,6,16,0.3125
btp-national-2003,267,930029,9303,0,17,17,6,16,0.375
btp-national-2003,482,930030,9303,1,17,17,6,16,0.3125
btp-national-2003,197,930031,9303,0,17,17,6,16,0.375
btp-national-2003,293,930032,9303,0,17,17,6,16,0.375
btp-national-2003,307,930033,9303,0,17,17,6,16,0.375
btp-national-2003,532,930034,9303,1,17,17,6,16,0.3125
btp-national-2003,380,930035,9303,1,17,17,6,16,0.3125
btp-national-2003,414,930036,9303,0,17,17,6,16,0.375
btp-national-2003,169,930037,9303,0,17,17,6,16,0.375
btp-national-2003,358,930038,9303,0,17,17,6,16,0.375
btp-national-2003,34,930039,9303,0,17,17,6,16,0.375
btp-national-2003,297,930040,9303,0,17,17,6,16,0.375
btp-national-2003,5,930041,9303,0,17,17,6,16,0.375
btp-national-2003,207,930042,9304,1,11,11,3,10,0.2
btp-national-2003,76,930043,9304,0,11,11,3,10,0.3
btp-national-2003,57,930044,9304,0,11,11,3,10,0.3
btp-national-2003,118,930045,9304,1,11,11,3,10,0.2
btp-national-2003,70,930046,9304,0,11,11,3,10,0.3
btp-national-2003,42,930047,9304,0,11,11,3,10,0.3
btp-national-2003,345,930048,9304,0,11,11,3,10,0.3
btp-national-2003,585,930049,9304,0,11,11,3,10,0.3
btp-national-2003,148,930050,9304,1,11,11,3,10,0.20000000000000004
btp-national-2003,11,930051,9304,0,11,11,3,10,0.3
btp-national-2003,132,930052,9304,0,11,11,3,10,0.3
btp-national-2003,183,930053,9305,1,12,12,6,11,0.4545454545454545
btp-national-2003,78,930054,9305,1,12,12,6,11,0.4545454545454545
btp-national-2003,28,930055,9305,0,12,12,6,11,0.5454545454545454
btp-national-2003,32,930056,9305,1,12,12,6,11,0.4545454545454545
btp-national-2003,485,930057,9305,1,12,12,6,11,0.4545454545454545
btp-national-2003,476,930058,9305,0,12,12,6,11,0.5454545454545454
btp-national-2003,584,930059,9305,1,12,12,6,11,0.4545454545454545
btp-national-2003,73,930060,9305,0,12,12,6,11,0.5454545454545454
btp-national-2003,61,930061,9305,1,12,12,6,11,0.4545454545454545
btp-national-2003,459,930062,9305,0,12,12,6,11,0.5454545454545454
btp-national-2003,405,930063,9305,0,12,12,6,11,0.5454545454545454
btp-national-2003,426,930064,9305,0,12,12,6,11,0.5454545454545454
btp-national-2003,619,930065,9306,1,17,17,10,16,0.5625
btp-national-2003,551,930066,9306,0,17,17,10,16,0.625
btp-national-2003,472,930067,9306,1,17,17,10,16,0.5625
btp-national-2003,156,930068,9306,0,17,17,10,16,0.625
btp-national-2003,145,930069,9306,1,17,17,10,16,0.5625
btp-national-2003,142,930070,9306,0,17,17,10,16,0.625
btp-national-2003,375,930071,9306,1,17,17,10,16,0.5625
btp-national-2003,486,930072,9306,1,17,17,10,16,0.5625
btp-national-2003,281,930073,9306,1,17,17,10,16,0.5625
btp-national-2003,514,930074,9306,0,17,17,10,16,0.625
btp-national-2003,199,930075,9306,0,17,17,10,16,0.625
btp-national-2003,428,930076,9306,0,17,17,10,16,0.625
btp-national-2003,600,930077,9306,1,17,17,10,16,0.5625
btp-national-2003,211,930078,9306,1,17,17,10,16,0.5625
btp-national-2003,671,930079,9306,1,17,17,10,16,0.5625
btp-national-2003,250,930080,9306,0,17,17,10,16,0.625
btp-national-2003,598,930081,9306,1,17,17,10,16,0.5625
btp-national-2003,48,930082,9307,0,18,18,8,17,0.4705882352941176
btp-national-2003,333,930083,9307,1,18,18,8,17,0.4117647058823529
btp-national-2003,662,930084,9307,0,18,18,8,17,0.4705882352941176
btp-national-2003,570,930085,9307,1,18,18,8,17,0.4117647058823529
btp-national-2003,378,930086,9307,1,18,18,8,17,0.4117647058823529
btp-national-2003,364,930087,9307,0,18,18,8,17,0.4705882352941176
btp-national-2003,436,930088,9307,0,18,18,8,17,0.4705882352941176
btp-national-2003,490,930089,9307,0,18,18,8,17,0.4705882352941176
btp-national-2003,433,930090,9307,1,18,18,8,17,0.4117647058823529
btp-national-2003,82,930091,9307,0,18,18,8,17,0.4705882352941176
btp-national-2003,521,930092,9307,1,18,18,8,17,0.4117647058823529
btp-national-2003,588,930093,9307,0,18,18,8,17,0.4705882352941176
btp-national-2003,46,930094,9307,0,18,18,8,17,0.4705882352941176
btp-national-2003,206,930095,9307,1,18,18,8,17,0.4117647058823529
btp-national-2003,59,930096,9307,0,18,18,8,17,0.4705882352941176
btp-national-2003,389,930097,9307,0,18,18,8,17,0.4705882352941176
btp-national-2003,227,930098,9307,1,18,18,8,17,0.4117647058823529
btp-national-2003,269,930099,9307,1,18,18,8,17,0.4117647058823529
btp-national-2003,296,930100,9308,1,14,14,4,13,0.23076923076923075
btp-national-2003,484,930101,9308,0,14,14,4,13,0.3076923076923077
btp-national-2003,391,930102,9308,1,14,14,4,13,0.23076923076923075
btp-national-2003,251,930103,9308,0,14,14,4,13,0.3076923076923077
btp-national-2003,262,930104,9308,0,14,14,4,13,0.3076923076923077
btp-national-2003,299,930105,9308,0,14,14,4,13,0.3076923076923077
btp-national-2003,122,930106,9308,1,14,14,4,13,0.23076923076923073
btp-national-2003,613,930107,9308,0,14,14,4,13,0.3076923076923077
btp-national-2003,621,930108,9308,0,14,14,4,13,0.3076923076923077
btp-national-2003,295,930109,9308,0,14,14,4,13,0.3076923076923077
btp-national-2003,498,930110,9308,0,14,14,4,13,0.3076923076923077
btp-national-2003,157,930111,9308,1,14,14,4,13,0.23076923076923073
btp-national-2003,516,930112,9308,0,14,14,4,13,0.3076923076923077
btp-national-2003,387,930113,9308,0,14,14,4,13,0.3076923076923077
btp-national-2003,168,930114,9309,0,12,12,6,11,0.5454545454545454
btp-national-2003,253,930115,9309,0,12,12,6,11,0.5454545454545454
btp-national-2003,571,930116,9309,1,12,12,6,11,0.4545454545454546
btp-national-2003,121,930117,9309,1,12,12,6,11,0.4545454545454546
btp-national-2003,127,930118,9309,1,12,12,6,11,0.4545454545454546
btp-national-2003,549,930119,9309,1,12,12,6,11,0.4545454545454546
btp-national-2003,149,930120,9309,0,12,12,6,11,0.5454545454545454
btp-national-2003,279,930121,9309,0,12,12,6,11,0.5454545454545454
btp-national-2003,462,930122,9309,1,12,12,6,11,0.4545454545454545
btp-national-2003,60,930123,9309,1,12,12,6,11,0.4545454545454545
btp-national-2003,500,930124,9309,0,12,12,6,11,0.5454545454545454
btp-national-2003,591,930125,9309,0,12,12,6,11,0.5454545454545454
btp-national-2003,43,930126,9310,0,18,18,5,17,0.2941176470588235
btp-national-2003,491,930127,9310,0,18,18,5,17,0.2941176470588235
btp-national-2003,238,930128,9310,0,18,18,5,17,0.2941176470588235
btp-national-2003,527,930129,9310,0,18,18,5,17,0.2941176470588235
btp-national-2003,259,930130,9310,0,18,18,5,17,0.2941176470588235
btp-national-2003,278,930131,9310,1,18,18,5,17,0.2352941176470588
btp-national-2003,569,930132,9310,0,18,18,5,17,0.2941176470588235
btp-national-2003,228,930133,9310,1,18,18,5,17,0.2352941176470588
btp-national-2003,291,930134,9310,0,18,18,5,17,0.2941176470588235
btp-national-2003,146,930135,9310,1,18,18,5,17,0.2352941176470588
btp-national-2003,509,930136,9310,0,18,18,5,17,0.2941176470588235
btp-national-2003,610,930137,9310,1,18,18,5,17,0.2352941176470588
btp-national-2003,432,930138,9310,1,18,18,5,17,0.2352941176470588
btp-national-2003,111,930139,9310,0,18,18,5,17,0.2941176470588235
btp-national-2003,395,930140,9310,0,18,18,5,17,0.2941176470588235
btp-national-2003,594,930141,9310,0,18,18,5,17,0.2941176470588235
btp-national-2003,477,930142,9310,0,18,18,5,17,0.2941176470588235
btp-national-2003,312,930143,9310,0,18,18,5,17,0.2941176470588235
btp-national-2003,87,930144,9311,1,21,21,9,20,0.4
btp-national-2003,528,930145,9311,1,21,21,9,20,0.4
btp-national-2003,657,930146,9311,0,21,21,9,20,0.45000000000000007
btp-national-2003,557,930147,9311,0,21,21,9,20,0.45000000000000007
btp-national-2003,107,930148,9311,1,21,21,9,20,0.4
btp-national-2003,8,930149,9311,0,21,21,9,20,0.45000000000000007
btp-national-2003,377,930150,9311,1,21,21,9,20,0.4
btp-national-2003,17,930151,9311,0,21,21,9,20,0.45000000000000007
btp-national-2003,285,930152,9311,0,21,21,9,20,0.45000000000000007
btp-national-2003,272,930153,9311,0,21,21,9,20,0.45000000000000007
btp-national-2003,79,930154,9311,0,21,21,9,20,0.45000000000000007
btp-national-2003,365,930155,9311,0,21,21,9,20,0.45000000000000007
btp-national-2003,96,930156,9311,0,21,21,9,20,0.45000000000000007
btp-national-2003,320,930157,9311,1,21,21,9,20,0.4
btp-national-2003,89,930158,9311,1,21,21,9,20,0.4
btp-national-2003,492,930159,9311,1,21,21,9,20,0.4
btp-national-2003,134,930160,9311,1,21,21,9,20,0.4
btp-national-2003,618,930161,9311,1,21,21,9,20,0.4
btp-national-2003,615,930162,9311,0,21,21,9,20,0.45000000000000007
btp-national-2003,624,930163,9311,0,21,21,9,20,0.45000000000000007
btp-national-2003,357,930164,9311,0,21,21,9,20,0.45000000000000007
btp-national-2003,170,930165,9312,0,23,23,7,22,0.31818181818181823
btp-national-2003,627,930166,9312,0,23,23,7,22,0.31818181818181823
btp-national-2003,51,930167,9312,0,23,23,7,22,0.31818181818181823
btp-national-2003,487,930168,9312,1,23,23,7,22,0.2727272727272727
btp-national-2003,632,930169,9312,1,23,23,7,22,0.2727272727272727
btp-national-2003,29,930170,9312,0,23,23,7,22,0.31818181818181823
btp-national-2003,440,930171,9312,0,23,23,7,22,0.31818181818181823
btp-national-2003,36,930172,9312,0,23,23,7,22,0.31818181818181823
btp-national-2003,616,930173,9312,1,23,23,7,22,0.2727272727272727
btp-national-2003,210,930174,9312,1,23,23,7,22,0.2727272727272727
btp-national-2003,243,930175,9312,0,23,23,7,22,0.3181818181818182
btp-national-2003,332,930176,9312,0,23,23,7,22,0.3181818181818182
btp-national-2003,504,930177,9312,0,23,23,7,22,0.3181818181818182
btp-national-2003,194,930178,9312,0,23,23,7,22,0.3181818181818182
btp-national-2003,182,930179,9312,1,23,23,7,22,0.2727272727272727
btp-national-2003,152,930180,9312,0,23,23,7,22,0.3181818181818182
btp-national-2003,553,930181,9312,0,23,23,7,22,0.3181818181818182
btp-national-2003,456,930182,9312,1,23,23,7,22,0.2727272727272727
btp-national-2003,301,930183,9312,1,23,23,7,22,0.2727272727272727
btp-national-2003,97,930184,9312,0,23,23,7,22,0.3181818181818182
btp-national-2003,137,930185,9312,0,23,23,7,22,0.3181818181818182
btp-national-2003,232,930186,9312,0,23,23,7,22,0.3181818181818182
btp-national-2003,399,930187,9312,0,23,23,7,22,0.3181818181818182
btp-national-2003,369,930188,9313,1,21,21,11,20,0.5
btp-national-2003,16,930189,9313,1,21,21,11,20,0.5
btp-national-2003,643,930190,9313,1,21,21,11,20,0.5
btp-national-2003,185,930191,9313,1,21,21,11,20,0.5
btp-national-2003,647,930192,9313,1,21,21,11,20,0.5
btp-national-2003,147,930193,9313,0,21,21,11,20,0.55
btp-national-2003,474,930194,9313,1,21,21,11,20,0.5
btp-national-2003,536,930195,9313,0,21,21,11,20,0.55
btp-national-2003,601,930196,9313,0,21,21,11,20,0.55
btp-national-2003,511,930197,9313,0,21,21,11,20,0.55
btp-national-2003,518,930198,9313,0,21,21,11,20,0.55
btp-national-2003,555,930199,9313,1,21,21,11,20,0.5
btp-national-2003,282,930200,9313,0,21,21,11,20,0.55
btp-national-2003,413,930201,9313,1,21,21,11,20,0.5
btp-national-2003,225,930202,9313,1,21,21,11,20,0.5
btp-national-2003,174,930203,9313,0,21,21,11,20,0.55
btp-national-2003,434,930204,9313,1,21,21,11,20,0.5
btp-national-2003,240,930205,9313,0,21,21,11,20,0.55
btp-national-2003,406,930206,9313,0,21,21,11,20,0.55
btp-national-2003,513,930207,9313,1,21,21,11,20,0.5
btp-national-2003,124,930208,9313,0,21,21,11,20,0.55
btp-national-2003,636,930209,9314,1,20,20,11,19,0.5263157894736842
btp-national-2003,596,930210,9314,1,20,20,11,19,0.5263157894736842
btp-national-2003,608,930211,9314,1,20,20,11,19,0.5263157894736842
btp-national-2003,273,930212,9314,0,20,20,11,19,0.5789473684210527
btp-national-2003,363,930213,9314,1,20,20,11,19,0.5263157894736842
btp-national-2003,328,930214,9314,0,20,20,11,19,0.5789473684210527
btp-national-2003,215,930215,9314,0,20,20,11,19,0.5789473684210527
btp-national-2003,330,930216,9314,0,20,20,11,19,0.5789473684210527
btp-national-2003,263,930217,9314,1,20,20,11,19,0.5263157894736842
btp-national-2003,625,930218,9314,0,20,20,11,19,0.5789473684210527
btp-national-2003,3,930219,9314,1,20,20,11,19,0.5263157894736842
btp-national-2003,290,930220,9314,0,20,20,11,19,0.5789473684210527
btp-national-2003,612,930221,9314,1,20,20,11,19,0.5263157894736842
btp-national-2003,453,930222,9314,0,20,20,11,19,0.5789473684210527
btp-national-2003,422,930223,9314,1,20,20,11,19,0.5263157894736842
btp-national-2003,41,930224,9314,1,20,20,11,19,0.5263157894736842
btp-national-2003,398,930225,9314,1,20,20,11,19,0.5263157894736842
btp-national-2003,664,930226,9314,0,20,20,11,19,0.5789473684210527
btp-national-2003,483,930227,9314,0,20,20,11,19,0.5789473684210527
btp-national-2003,655,930228,9314,1,20,20,11,19,0.5263157894736842
btp-national-2003,304,930229,9315,0,17,17,5,16,0.3125
btp-national-2003,650,930230,9315,0,17,17,5,16,0.3125
btp-national-2003,342,930231,9315,1,17,17,5,16,0.25
btp-national-2003,266,930232,9315,0,17,17,5,16,0.3125
btp-national-2003,75,930233,9315,0,17,17,5,16,0.3125
btp-national-2003,303,930234,9315,1,17,17,5,16,0.25
btp-national-2003,512,930235,9315,0,17,17,5,16,0.3125
btp-national-2003,545,930236,9315,0,17,17,5,16,0.3125
btp-national-2003,552,930237,9315,0,17,17,5,16,0.3125
btp-national-2003,560,930238,9315,0,17,17,5,16,0.3125
btp-national-2003,517,930239,9315,1,17,17,5,16,0.25
btp-national-2003,661,930240,9315,0,17,17,5,16,0.3125
btp-national-2003,277,930241,9315,0,17,17,5,16,0.3125
btp-national-2003,341,930242,9315,0,17,17,5,16,0.3125
btp-national-2003,568,930243,9315,1,17,17,5,16,0.25
btp-national-2003,606,930244,9315,1,17,17,5,16,0.25
btp-national-2003,464,930245,9315,0,17,17,5,16,0.3125
btp-general-election-2004,372,940001,9401,1,23,23,11,22,0.4545454545454546
btp-general-election-2004,1439,940002,9401,1,23,23,11,22,0.4545454545454546
btp-general-election-2004,2671,940003,9401,0,23,23,11,22,0.5
btp-general-election-2004,165,940004,9401,1,23,23,11,22,0.4545454545454546
btp-general-election-2004,1131,940005,9401,0,23,23,11,22,0.5
btp-general-election-2004,2586,940006,9401,0,23,23,11,22,0.5
btp-general-election-2004,1982,940007,9401,1,23,23,11,22,0.4545454545454545
btp-general-election-2004,1614,940009,9401,0,23,23,11,22,0.5
btp-general-election-2004,992,940010,9401,1,23,23,11,22,0.4545454545454545
btp-general-election-2004,1798,940011,9401,0,23,23,11,22,0.5
btp-general-election-2004,2236,940012,9401,1,23,23,11,22,0.4545454545454545
btp-general-election-2004,1546,940014,9401,1,23,23,11,22,0.4545454545454545
btp-general-election-2004,1553,940015,9401,0,23,23,11,22,0.5
btp-general-election-2004,630,940016,9401,1,23,23,11,22,0.4545454545454545
btp-general-election-2004,563,940017,9401,0,23,23,11,22,0.5
btp-general-election-2004,1259,940018,9401,0,23,23,11,22,0.5
btp-general-election-2004,478,940019,9401,0,23,23,11,22,0.5
btp-general-election-2004,2179,940020,9401,1,23,23,11,22,0.4545454545454545
btp-general-election-2004,2475,940021,9401,0,23,23,11,22,0.5
btp-general-election-2004,519,940022,9401,0,23,23,11,22,0.5
btp-general-election-2004,518,940023,9401,1,23,23,11,22,0.4545454545454545
btp-general-election-2004,2155,940024,9402,1,26,26,10,25,0.36000000000000004
btp-general-election-2004,1824,940025,9402,0,26,26,10,25,0.4
btp-general-election-2004,491,940026,9402,0,26,26,10,25,0.4
btp-general-election-2004,1493,940027,9402,1,26,26,10,25,0.36000000000000004
btp-general-election-2004,693,940028,9402,0,26,26,10,25,0.4
btp-general-election-2004,2308,940029,9402,1,26,26,10,25,0.36000000000000004
btp-general-election-2004,2478,940030,9402,0,26,26,10,25,0.4
btp-general-election-2004,303,940031,9402,0,26,26,10,25,0.4
btp-general-election-2004,1813,940032,9402,0,26,26,10,25,0.4
btp-general-election-2004,792,940033,9402,0,26,26,10,25,0.4
btp-general-election-2004,1110,940034,9402,0,26,26,10,25,0.4
btp-general-election-2004,2148,940035,9402,0,26,26,10,25,0.4
btp-general-election-2004,766,940036,9402,0,26,26,10,25,0.4
btp-general-election-2004,2565,940037,9402,0,26,26,10,25,0.4
btp-general-election-2004,2002,940038,9402,0,26,26,10,25,0.4
btp-general-election-2004,1966,940039,9402,1,26,26,10,25,0.36000000000000004
btp-general-election-2004,586,940040,9402,1,26,26,10,25,0.36000000000000004
btp-general-election-2004,2550,940041,9402,0,26,26,10,25,0.4
btp-general-election-2004,504,940042,9402,0,26,26,10,25,0.4
btp-general-election-2004,1967,940043,9402,0,26,26,10,25,0.4
btp-general-election-2004,1315,940044,9402,1,26,26,10,25,0.36000000000000004
btp-general-election-2004,2178,940045,9402,1,26,26,10,25,0.36000000000000004
btp-general-election-2004,376,940046,9402,1,26,26,10,25,0.36000000000000004
btp-general-election-2004,2265,940047,9402,1,26,26,10,25,0.36000000000000004
btp-general-election-2004,492,940048,9402,0,26,26,10,25,0.4
btp-general-election-2004,1652,940049,9402,1,26,26,10,25,0.36000000000000004
btp-general-election-2004,1876,940050,9403,0,24,24,10,23,0.4347826086956522
btp-general-election-2004,1158,940051,9403,1,24,24,10,23,0.391304347826087
btp-general-election-2004,552,940052,9403,0,24,24,10,23,0.4347826086956522
btp-general-election-2004,11,940053,9403,1,24,24,10,23,0.391304347826087
btp-general-election-2004,2273,940054,9403,0,24,24,10,23,0.4347826086956522
btp-general-election-2004,197,940055,9403,0,24,24,10,23,0.4347826086956522
btp-general-election-2004,1443,940056,9403,0,24,24,10,23,0.4347826086956522
btp-general-election-2004,1910,940057,9403,1,24,24,10,23,0.391304347826087
btp-general-election-2004,534,940059,9403,1,24,24,10,23,0.391304347826087
btp-general-election-2004,253,940060,9403,0,24,24,10,23,0.4347826086956522
btp-general-election-2004,668,940061,9403,0,24,24,10,23,0.4347826086956522
btp-general-election-2004,1234,940062,9403,1,24,24,10,23,0.391304347826087
btp-general-election-2004,2334,940063,9403,1,24,24,10,23,0.391304347826087
btp-general-election-2004,112,940064,9403,0,24,24,10,23,0.4347826086956522
btp-general-election-2004,2227,940065,9403,0,24,24,10,23,0.4347826086956522
btp-general-election-2004,1978,940066,9403,1,24,24,10,23,0.391304347826087
btp-general-election-2004,1382,940067,9403,1,24,24,10,23,0.391304347826087
btp-general-election-2004,414,940069,9403,1,24,24,10,23,0.391304347826087
btp-general-election-2004,973,940070,9403,1,24,24,10,23,0.391304347826087
btp-general-election-2004,238,940071,9403,0,24,24,10,23,0.4347826086956522
btp-general-election-2004,2681,940072,9403,0,24,24,10,23,0.4347826086956522
btp-general-election-2004,243,940073,9403,0,24,24,10,23,0.4347826086956522
btp-general-election-2004,2526,940074,9404,0,20,20,10,19,0.5263157894736843
btp-general-election-2004,369,940075,9404,1,20,20,10,19,0.4736842105263158
btp-general-election-2004,2142,940076,9404,1,20,20,10,19,0.4736842105263158
btp-general-election-2004,1746,940077,9404,1,20,20,10,19,0.4736842105263158
btp-general-election-2004,21,940078,9404,1,20,20,10,19,0.4736842105263158
btp-general-election-2004,846,940079,9404,1,20,20,10,19,0.4736842105263158
btp-general-election-2004,91,940080,9404,0,20,20,10,19,0.5263157894736843
btp-general-election-2004,1010,940081,9404,0,20,20,10,19,0.5263157894736843
btp-general-election-2004,985,940083,9404,0,20,20,10,19,0.5263157894736842
btp-general-election-2004,840,940085,9404,0,20,20,10,19,0.5263157894736842
btp-general-election-2004,121,940086,9404,0,20,20,10,19,0.5263157894736842
btp-general-election-2004,853,940087,9404,0,20,20,10,19,0.5263157894736842
btp-general-election-2004,59,940088,9404,0,20,20,10,19,0.5263157894736842
btp-general-election-2004,588,940089,9404,1,20,20,10,19,0.4736842105263158
btp-general-election-2004,632,940090,9404,0,20,20,10,19,0.5263157894736842
btp-general-election-2004,1971,940091,9404,0,20,20,10,19,0.5263157894736842
btp-general-election-2004,337,940093,9404,1,20,20,10,19,0.4736842105263158
btp-general-election-2004,1113,940094,9405,0,26,26,17,25,0.6799999999999999
btp-general-election-2004,358,940095,9405,1,26,26,17,25,0.64
btp-general-election-2004,427,940096,9405,0,26,26,17,25,0.6799999999999999
btp-general-election-2004,835,940097,9405,0,26,26,17,25,0.6799999999999999
btp-general-election-2004,581,940098,9405,0,26,26,17,25,0.6799999999999999
btp-general-election-2004,604,940099,9405,0,26,26,17,25,0.6799999999999999
btp-general-election-2004,401,940101,9405,1,26,26,17,25,0.64
btp-general-election-2004,1029,940102,9405,1,26,26,17,25,0.64
btp-general-election-2004,1164,940103,9405,1,26,26,17,25,0.64
btp-general-election-2004,56,940104,9405,1,26,26,17,25,0.64
btp-general-election-2004,152,940105,9405,1,26,26,17,25,0.64
btp-general-election-2004,765,940106,9405,1,26,26,17,25,0.64
btp-general-election-2004,1956,940107,9405,1,26,26,17,25,0.64
btp-general-election-2004,95,940108,9405,1,26,26,17,25,0.64
btp-general-election-2004,2683,940109,9405,1,26,26,17,25,0.64
btp-general-election-2004,231,940110,9405,1,26,26,17,25,0.64
btp-general-election-2004,2056,940112,9405,1,26,26,17,25,0.64
btp-general-election-2004,774,940113,9405,0,26,26,17,25,0.6799999999999999
btp-general-election-2004,70,940114,9405,1,26,26,17,25,0.64
btp-general-election-2004,2024,940115,9405,1,26,26,17,25,0.64
btp-general-election-2004,603,940116,9405,0,26,26,17,25,0.6799999999999999
btp-general-election-2004,2158,940117,9405,0,26,26,17,25,0.6799999999999999
btp-general-election-2004,977,940118,9405,1,26,26,17,25,0.64
btp-general-election-2004,2324,940119,9405,1,26,26,17,25,0.64
btp-general-election-2004,740,940120,9406,0,26,26,15,25,0.6
btp-general-election-2004,1285,940121,9406,1,26,26,15,25,0.56
btp-general-election-2004,456,940122,9406,1,26,26,15,25,0.56
btp-general-election-2004,2373,940123,9406,1,26,26,15,25,0.56
btp-general-election-2004,2199,940124,9406,1,26,26,15,25,0.56
btp-general-election-2004,1143,940125,9406,0,26,26,15,25,0.6
btp-general-election-2004,2625,940126,9406,1,26,26,15,25,0.56
btp-general-election-2004,891,940127,9406,1,26,26,15,25,0.56
btp-general-election-2004,441,940129,9406,1,26,26,15,25,0.56
btp-general-election-2004,947,940131,9406,0,26,26,15,25,0.6
btp-general-election-2004,1549,940133,9406,0,26,26,15,25,0.6
btp-general-election-2004,536,940134,9406,1,26,26,15,25,0.56
btp-general-election-2004,1353,940135,9406,0,26,26,15,25,0.6
btp-general-election-2004,2254,940136,9406,1,26,26,15,25,0.56
btp-general-election-2004,969,940137,9406,0,26,26,15,25,0.6
btp-general-election-2004,862,940138,9406,0,26,26,15,25,0.6
btp-general-election-2004,568,940139,9406,1,26,26,15,25,0.56
btp-general-election-2004,2105,940140,9406,1,26,26,15,25,0.56
btp-general-election-2004,2051,940141,9406,1,26,26,15,25,0.56
btp-general-election-2004,1853,940142,9406,0,26,26,15,25,0.6
btp-general-election-2004,437,940143,9406,0,26,26,15,25,0.6
btp-general-election-2004,1817,940145,9406,1,26,26,15,25,0.56
btp-general-election-2004,1294,940146,9407,0,27,27,6,26,0.23076923076923073
btp-general-election-2004,674,940147,9407,0,27,27,6,26,0.23076923076923073
btp-general-election-2004,2520,940148,9407,0,27,27,6,26,0.23076923076923073
btp-general-election-2004,443,940149,9407,0,27,27,6,26,0.23076923076923073
btp-general-election-2004,2426,940150,9407,0,27,27,6,26,0.23076923076923073
btp-general-election-2004,1600,940151,9407,0,27,27,6,26,0.23076923076923073
btp-general-election-2004,2692,940152,9407,0,27,27,6,26,0.23076923076923073
btp-general-election-2004,1731,940153,9407,0,27,27,6,26,0.23076923076923073
btp-general-election-2004,254,940156,9407,0,27,27,6,26,0.23076923076923073
btp-general-election-2004,1267,940158,9407,0,27,27,6,26,0.23076923076923073
btp-general-election-2004,1949,940159,9407,0,27,27,6,26,0.23076923076923073
btp-general-election-2004,2296,940160,9407,0,27,27,6,26,0.23076923076923073
btp-general-election-2004,777,940161,9407,1,27,27,6,26,0.19230769230769232
btp-general-election-2004,1820,940162,9407,0,27,27,6,26,0.23076923076923073
btp-general-election-2004,1737,940163,9407,0,27,27,6,26,0.23076923076923073
btp-general-election-2004,2346,940164,9407,0,27,27,6,26,0.23076923076923073
btp-general-election-2004,1381,940165,9407,0,27,27,6,26,0.23076923076923073
btp-general-election-2004,808,940166,9407,0,27,27,6,26,0.23076923076923073
btp-general-election-2004,2085,940167,9407,0,27,27,6,26,0.23076923076923073
btp-general-election-2004,2664,940168,9407,1,27,27,6,26,0.19230769230769232
btp-general-election-2004,1419,940170,9407,1,27,27,6,26,0.19230769230769232
btp-general-election-2004,1215,940171,9407,0,27,27,6,26,0.23076923076923073
btp-general-election-2004,1368,940172,9407,0,27,27,6,26,0.23076923076923073
btp-general-election-2004,2647,940173,9408,1,10,10,8,9,0.7777777777777778
btp-general-election-2004,2658,940176,9408,1,10,10,8,9,0.7777777777777778
btp-general-election-2004,2490,940177,9408,1,10,10,8,9,0.7777777777777778
btp-general-election-2004,1740,940178,9408,0,10,10,8,9,0.8888888888888888
btp-general-election-2004,1837,940180,9408,0,10,10,8,9,0.8888888888888888
btp-general-election-2004,1791,940183,9409,0,19,19,6,18,0.33333333333333337
btp-general-election-2004,41,940184,9409,0,19,19,6,18,0.33333333333333337
btp-general-election-2004,393,940185,9409,0,19,19,6,18,0.33333333333333337
btp-general-election-2004,2333,940186,9409,0,19,19,6,18,0.33333333333333337
btp-general-election-2004,1037,940187,9409,1,19,19,6,18,0.2777777777777778
btp-general-election-2004,1732,940188,9409,0,19,19,6,18,0.33333333333333337
btp-general-election-2004,130,940189,9409,1,19,19,6,18,0.2777777777777778
btp-general-election-2004,986,940190,9409,1,19,19,6,18,0.2777777777777778
btp-general-election-2004,430,940191,9409,1,19,19,6,18,0.2777777777777778
btp-general-election-2004,1049,940192,9409,0,19,19,6,18,0.33333333333333337
btp-general-election-2004,916,940194,9409,0,19,19,6,18,0.33333333333333337
btp-general-election-2004,261,940195,9409,0,19,19,6,18,0.33333333333333337
btp-general-election-2004,932,940196,9409,0,19,19,6,18,0.33333333333333337
btp-general-election-2004,701,940197,9409,0,19,19,6,18,0.33333333333333337
btp-general-election-2004,1907,940199,9409,1,19,19,6,18,0.2777777777777778
btp-general-election-2004,2206,940200,9409,0,19,19,6,18,0.33333333333333337
btp-general-election-2004,413,940202,9410,1,19,19,12,18,0.6111111111111112
btp-general-election-2004,2219,940203,9410,1,19,19,12,18,0.6111111111111112
btp-general-election-2004,266,940204,9410,0,19,19,12,18,0.6666666666666667
btp-general-election-2004,489,940206,9410,0,19,19,12,18,0.6666666666666667
btp-general-election-2004,1058,940207,9410,1,19,19,12,18,0.6111111111111112
btp-general-election-2004,1350,940208,9410,0,19,19,12,18,0.6666666666666667
btp-general-election-2004,1696,940210,9410,1,19,19,12,18,0.6111111111111112
btp-general-election-2004,1579,940211,9410,1,19,19,12,18,0.6111111111111112
btp-general-election-2004,1803,940213,9410,1,19,19,12,18,0.6111111111111112
btp-general-election-2004,2291,940214,9410,1,19,19,12,18,0.6111111111111112
btp-general-election-2004,1036,940215,9410,1,19,19,12,18,0.6111111111111112
btp-general-election-2004,2060,940217,9410,1,19,19,12,18,0.6111111111111112
btp-general-election-2004,2184,940219,9410,0,19,19,12,18,0.6666666666666667
btp-general-election-2004,1808,940220,9410,0,19,19,12,18,0.6666666666666667
btp-general-election-2004,1981,940221,9411,1,23,23,11,22,0.4545454545454545
btp-general-election-2004,644,940223,9411,1,23,23,11,22,0.4545454545454545
btp-general-election-2004,592,940224,9411,0,23,23,11,22,0.5
btp-general-election-2004,2480,940225,9411,1,23,23,11,22,0.4545454545454545
btp-general-election-2004,717,940226,9411,1,23,23,11,22,0.4545454545454545
btp-general-election-2004,2309,940228,9411,1,23,23,11,22,0.4545454545454545
btp-general-election-2004,1472,940229,9411,0,23,23,11,22,0.5
btp-general-election-2004,1973,940230,9411,0,23,23,11,22,0.5
btp-general-election-2004,739,940231,9411,0,23,23,11,22,0.5
btp-general-election-2004,1099,940232,9411,0,23,23,11,22,0.5
btp-general-election-2004,191,940234,9411,1,23,23,11,22,0.4545454545454545
btp-general-election-2004,1202,940235,9411,0,23,23,11,22,0.5
btp-general-election-2004,1065,940236,9411,0,23,23,11,22,0.5
btp-general-election-2004,464,940238,9411,0,23,23,11,22,0.5
btp-general-election-2004,2432,940240,9411,0,23,23,11,22,0.5
btp-general-election-2004,1900,940242,9411,0,23,23,11,22,0.5
btp-general-election-2004,2523,940243,9411,1,23,23,11,22,0.4545454545454545
btp-general-election-2004,582,940244,9412,0,12,12,6,11,0.5454545454545454
btp-general-election-2004,2609,940245,9412,1,12,12,6,11,0.4545454545454546
btp-general-election-2004,585,940246,9412,0,12,12,6,11,0.5454545454545454
btp-general-election-2004,2451,940249,9412,0,12,12,6,11,0.5454545454545454
btp-general-election-2004,334,940250,9412,1,12,12,6,11,0.4545454545454546
btp-general-election-2004,2460,940251,9412,0,12,12,6,11,0.5454545454545454
btp-general-election-2004,1536,940253,9412,0,12,12,6,11,0.5454545454545454
btp-general-election-2004,1767,940254,9412,1,12,12,6,11,0.4545454545454546
btp-general-election-2004,2673,940255,9412,1,12,12,6,11,0.4545454545454546
btp-general-election-2004,2637,940257,9413,0,10,10,5,9,0.5555555555555556
btp-general-election-2004,406,940258,9413,0,10,10,5,9,0.5555555555555556
btp-general-election-2004,2258,940259,9413,1,10,10,5,9,0.4444444444444444
btp-general-election-2004,683,940260,9413,0,10,10,5,9,0.5555555555555556
btp-general-election-2004,1550,940261,9413,0,10,10,5,9,0.5555555555555556
btp-general-election-2004,638,940262,9413,1,10,10,5,9,0.4444444444444444
btp-general-election-2004,809,940263,9413,1,10,10,5,9,0.4444444444444444
btp-general-election-2004,92,940267,9414,0,20,20,10,19,0.5263157894736843
btp-general-election-2004,1557,940268,9414,1,20,20,10,19,0.4736842105263158
btp-general-election-2004,540,940270,9414,1,20,20,10,19,0.4736842105263158
btp-general-election-2004,2102,940272,9414,1,20,20,10,19,0.4736842105263158
btp-general-election-2004,2436,940273,9414,0,20,20,10,19,0.5263157894736843
btp-general-election-2004,1300,940275,9414,0,20,20,10,19,0.5263157894736842
btp-general-election-2004,1925,940276,9414,1,20,20,10,19,0.4736842105263158
btp-general-election-2004,1067,940277,9414,0,20,20,10,19,0.5263157894736842
btp-general-election-2004,1591,940278,9414,1,20,20,10,19,0.4736842105263158
btp-general-election-2004,744,940279,9414,0,20,20,10,19,0.5263157894736842
btp-general-election-2004,1671,940280,9414,0,20,20,10,19,0.5263157894736842
btp-general-election-2004,1145,940281,9414,0,20,20,10,19,0.5263157894736842
btp-general-election-2004,1695,940282,9414,1,20,20,10,19,0.4736842105263158
btp-general-election-2004,1610,940285,9414,0,20,20,10,19,0.5263157894736842
btp-general-election-2004,507,940286,9415,1,14,14,6,13,0.38461538461538464
btp-general-election-2004,1224,940287,9415,0,14,14,6,13,0.4615384615384616
btp-general-election-2004,143,940288,9415,0,14,14,6,13,0.4615384615384616
btp-general-election-2004,2210,940291,9415,1,14,14,6,13,0.38461538461538464
btp-general-election-2004,2612,940292,9415,0,14,14,6,13,0.4615384615384616
btp-general-election-2004,640,940293,9415,1,14,14,6,13,0.38461538461538464
btp-general-election-2004,1857,940294,9415,0,14,14,6,13,0.4615384615384616
btp-general-election-2004,310,940295,9415,1,14,14,6,13,0.38461538461538464
btp-general-election-2004,258,940296,9415,1,14,14,6,13,0.38461538461538464
btp-general-election-2004,1389,940297,9415,0,14,14,6,13,0.4615384615384616
btp-general-election-2004,241,940299,9415,0,14,14,6,13,0.4615384615384616
btp-presidential-primaries-2004,950001,950001,9507,0,11,11,6,10,0.6
btp-presidential-primaries-2004,950002,950002,9516,1,11,11,5,10,0.4
btp-presidential-primaries-2004,950003,950003,9509,0,19,19,6,18,0.3333333333333333
btp-presidential-primaries-2004,950004,950004,9508,0,10,10,5,9,0.5555555555555556
btp-presidential-primaries-2004,950006,950006,9504,0,15,15,9,14,0.6428571428571429
btp-presidential-primaries-2004,950007,950007,9513,1,21,21,8,20,0.35
btp-presidential-primaries-2004,950008,950008,9505,0,13,13,7,12,0.5833333333333334
btp-presidential-primaries-2004,950009,950009,9512,1,9,9,4,8,0.375
btp-presidential-primaries-2004,950010,950010,9506,1,15,15,4,14,0.2142857142857143
btp-presidential-primaries-2004,950011,950011,9514,1,10,10,6,9,0.5555555555555556
btp-presidential-primaries-2004,950013,950013,9503,0,16,16,9,15,0.6
btp-presidential-primaries-2004,950014,950014,9509,1,19,19,6,18,0.2777777777777778
btp-presidential-primaries-2004,950015,950015,9505,1,13,13,7,12,0.5
btp-presidential-primaries-2004,950016,950016,9506,0,15,15,4,14,0.2857142857142857
btp-presidential-primaries-2004,950017,950017,9505,1,13,13,7,12,0.5
btp-presidential-primaries-2004,950018,950018,9505,0,13,13,7,12,0.5833333333333334
btp-presidential-primaries-2004,950019,950019,9514,0,10,10,6,9,0.6666666666666666
btp-presidential-primaries-2004,950020,950020,9511,1,14,14,7,13,0.4615384615384616
btp-presidential-primaries-2004,950021,950021,9513,1,21,21,8,20,0.35
btp-presidential-primaries-2004,950023,950023,9503,0,16,16,9,15,0.6
btp-presidential-primaries-2004,950024,950024,9503,1,16,16,9,15,0.5333333333333334
btp-presidential-primaries-2004,950025,950025,9515,0,13,13,4,12,0.33333333333333337
btp-presidential-primaries-2004,950026,950026,9515,0,13,13,4,12,0.33333333333333337
btp-presidential-primaries-2004,950027,950027,9510,0,10,10,3,9,0.33333333333333337
btp-presidential-primaries-2004,950028,950028,9505,0,13,13,7,12,0.5833333333333334
btp-presidential-primaries-2004,950029,950029,9509,1,19,19,6,18,0.2777777777777778
btp-presidential-primaries-2004,950031,950031,9504,0,15,15,9,14,0.6428571428571429
btp-presidential-primaries-2004,950032,950032,9506,0,15,15,4,14,0.2857142857142857
btp-presidential-primaries-2004,950033,950033,9507,1,11,11,6,10,0.5
btp-presidential-primaries-2004,950035,950035,9505,1,13,13,7,12,0.5
btp-presidential-primaries-2004,950036,950036,9506,0,15,15,4,14,0.2857142857142857
btp-presidential-primaries-2004,950037,950037,9502,0,16,16,5,15,0.33333333333333337
btp-presidential-primaries-2004,950041,950041,9516,1,11,11,5,10,0.4
btp-presidential-primaries-2004,950042,950042,9502,1,16,16,5,15,0.2666666666666667
btp-presidential-primaries-2004,950046,950046,9514,1,10,10,6,9,0.5555555555555556
btp-presidential-primaries-2004,950047,950047,9504,1,15,15,9,14,0.5714285714285714
btp-presidential-primaries-2004,950049,950049,9513,0,21,21,8,20,0.4000000000000001
btp-presidential-primaries-2004,950051,950051,9504,1,15,15,9,14,0.5714285714285714
btp-presidential-primaries-2004,950052,950052,9508,0,10,10,5,9,0.5555555555555556
btp-presidential-primaries-2004,950053,950053,9514,0,10,10,6,9,0.6666666666666666
btp-presidential-primaries-2004,950054,950054,9508,0,10,10,5,9,0.5555555555555556
btp-presidential-primaries-2004,950055,950055,9509,1,19,19,6,18,0.2777777777777778
btp-presidential-primaries-2004,950056,950056,9514,1,10,10,6,9,0.5555555555555556
btp-presidential-primaries-2004,950059,950059,9511,1,14,14,7,13,0.4615384615384616
btp-presidential-primaries-2004,950060,950060,9506,0,15,15,4,14,0.2857142857142857
btp-presidential-primaries-2004,950061,950061,9504,1,15,15,9,14,0.5714285714285714
btp-presidential-primaries-2004,950062,950062,9508,1,10,10,5,9,0.4444444444444444
btp-presidential-primaries-2004,950063,950063,9506,0,15,15,4,14,0.2857142857142857
btp-presidential-primaries-2004,950066,950066,9516,0,11,11,5,10,0.5
btp-presidential-primaries-2004,950067,950067,9513,1,21,21,8,20,0.35
btp-presidential-primaries-2004,950068,950068,9510,0,10,10,3,9,0.33333333333333337
btp-presidential-primaries-2004,950069,950069,9515,0,13,13,4,12,0.33333333333333337
btp-presidential-primaries-2004,950072,950072,9512,1,9,9,4,8,0.375
btp-presidential-primaries-2004,950073,950073,9513,1,21,21,8,20,0.35
btp-presidential-primaries-2004,950074,950074,9510,1,10,10,3,9,0.2222222222222222
btp-presidential-primaries-2004,950075,950075,9502,1,16,16,5,15,0.2666666666666667
btp-presidential-primaries-2004,950076,950076,9515,0,13,13,4,12,0.33333333333333337
btp-presidential-primaries-2004,950078,950078,9510,0,10,10,3,9,0.33333333333333337
btp-presidential-primaries-2004,950080,950080,9514,1,10,10,6,9,0.5555555555555556
btp-presidential-primaries-2004,950081,950081,9511,0,14,14,7,13,0.5384615384615384
btp-presidential-primaries-2004,950082,950082,9516,1,11,11,5,10,0.4
btp-presidential-primaries-2004,950083,950083,9511,1,14,14,7,13,0.4615384615384616
btp-presidential-primaries-2004,950084,950084,9511,0,14,14,7,13,0.5384615384615384
btp-presidential-primaries-2004,950085,950085,9502,0,16,16,5,15,0.33333333333333337
btp-presidential-primaries-2004,950086,950086,9508,0,10,10,5,9,0.5555555555555556
btp-presidential-primaries-2004,950087,950087,9506,0,15,15,4,14,0.2857142857142857
btp-presidential-primaries-2004,950088,950088,9504,0,15,15,9,14,0.6428571428571429
btp-presidential-primaries-2004,950089,950089,9509,1,19,19,6,18,0.2777777777777778
btp-presidential-primaries-2004,950090,950090,9512,0,9,9,4,8,0.5
btp-presidential-primaries-2004,950091,950091,9516,0,11,11,5,10,0.5
btp-presidential-primaries-2004,950092,950092,9509,0,19,19,6,18,0.33333333333333337
btp-presidential-primaries-2004,950093,950093,9515,1,13,13,4,12,0.25
btp-presidential-primaries-2004,950094,950094,9513,1,21,21,8,20,0.35
btp-presidential-primaries-2004,950095,950095,9502,0,16,16,5,15,0.33333333333333337
btp-presidential-primaries-2004,950096,950096,9503,0,16,16,9,15,0.6
btp-presidential-primaries-2004,950098,950098,9502,0,16,16,5,15,0.33333333333333337
btp-presidential-primaries-2004,950099,950099,9513,0,21,21,8,20,0.4000000000000001
btp-presidential-primaries-2004,950100,950100,9501,1,14,14,7,13,0.4615384615384615
btp-presidential-primaries-2004,950101,950101,9515,0,13,13,4,12,0.33333333333333337
btp-presidential-primaries-2004,950104,950104,9506,1,15,15,4,14,0.2142857142857143
btp-presidential-primaries-2004,950105,950105,9513,0,21,21,8,20,0.4000000000000001
btp-presidential-primaries-2004,950106,950106,9503,0,16,16,9,15,0.6
btp-presidential-primaries-2004,950107,950107,9505,1,13,13,7,12,0.5
btp-presidential-primaries-2004,950110,950110,9503,1,16,16,9,15,0.5333333333333334
btp-presidential-primaries-2004,950111,950111,9509,1,19,19,6,18,0.2777777777777778
btp-presidential-primaries-2004,950112,950112,9509,0,19,19,6,18,0.33333333333333337
btp-presidential-primaries-2004,950113,950113,9504,0,15,15,9,14,0.6428571428571429
btp-presidential-primaries-2004,950114,950114,9509,0,19,19,6,18,0.33333333333333337
btp-presidential-primaries-2004,950116,950116,9516,0,11,11,5,10,0.5
btp-presidential-primaries-2004,950117,950117,9501,0,14,14,7,13,0.5384615384615384
btp-presidential-primaries-2004,950118,950118,9504,0,15,15,9,14,0.6428571428571429
btp-presidential-primaries-2004,950119,950119,9501,0,14,14,7,13,0.5384615384615384
btp-presidential-primaries-2004,950120,950120,9513,0,21,21,8,20,0.4000000000000001
btp-presidential-primaries-2004,950121,950121,9502,0,16,16,5,15,0.33333333333333337
btp-presidential-primaries-2004,950122,950122,9509,0,19,19,6,18,0.33333333333333337
btp-presidential-primaries-2004,950123,950123,9516,1,11,11,5,10,0.4
btp-presidential-primaries-2004,950124,950124,9507,1,11,11,6,10,0.5
btp-presidential-primaries-2004,950125,950125,9502,0,16,16,5,15,0.33333333333333337
btp-presidential-primaries-2004,950126,950126,9501,1,14,14,7,13,0.4615384615384615
btp-presidential-primaries-2004,950127,950127,9503,0,16,16,9,15,0.6
btp-presidential-primaries-2004,950128,950128,9513,0,21,21,8,20,0.4000000000000001
btp-presidential-primaries-2004,950129,950129,9503,1,16,16,9,15,0.5333333333333334
btp-presidential-primaries-2004,950130,950130,9509,0,19,19,6,18,0.33333333333333337
btp-presidential-primaries-2004,950131,950131,9512,1,9,9,4,8,0.375
btp-presidential-primaries-2004,950132,950132,9506,0,15,15,4,14,0.2857142857142857
btp-presidential-primaries-2004,950133,950133,9513,1,21,21,8,20,0.3499999999999999
btp-presidential-primaries-2004,950134,950134,9508,1,10,10,5,9,0.4444444444444444
btp-presidential-primaries-2004,950135,950135,9514,1,10,10,6,9,0.5555555555555556
btp-presidential-primaries-2004,950136,950136,9513,1,21,21,8,20,0.3499999999999999
btp-presidential-primaries-2004,950137,950137,9509,0,19,19,6,18,0.33333333333333337
btp-presidential-primaries-2004,950138,950138,9511,1,14,14,7,13,0.4615384615384616
btp-presidential-primaries-2004,950139,950139,9510,0,10,10,3,9,0.33333333333333337
btp-presidential-primaries-2004,950140,950140,9507,1,11,11,6,10,0.5
btp-presidential-primaries-2004,950141,950141,9503,0,16,16,9,15,0.6
btp-presidential-primaries-2004,950142,950142,9502,1,16,16,5,15,0.2666666666666667
btp-presidential-primaries-2004,950144,950144,9509,0,19,19,6,18,0.33333333333333337
btp-presidential-primaries-2004,950145,950145,9512,0,9,9,4,8,0.5
btp-presidential-primaries-2004,950146,950146,9510,1,10,10,3,9,0.2222222222222222
btp-presidential-primaries-2004,950148,950148,9502,1,16,16,5,15,0.2666666666666667
btp-presidential-primaries-2004,950149,950149,9501,0,14,14,7,13,0.5384615384615384
btp-presidential-primaries-2004,950150,950150,9503,1,16,16,9,15,0.5333333333333334
btp-presidential-primaries-2004,950151,950151,9515,1,13,13,4,12,0.25
btp-presidential-primaries-2004,950152,950152,9504,0,15,15,9,14,0.6428571428571429
btp-presidential-primaries-2004,950154,950154,9505,1,13,13,7,12,0.5
btp-presidential-primaries-2004,950155,950155,9505,0,13,13,7,12,0.5833333333333334
btp-presidential-primaries-2004,950156,950156,9501,0,14,14,7,13,0.5384615384615384
btp-presidential-primaries-2004,950157,950157,9508,1,10,10,5,9,0.4444444444444444
btp-presidential-primaries-2004,950158,950158,9512,0,9,9,4,8,0.5
btp-presidential-primaries-2004,950159,950159,9501,0,14,14,7,13,0.5384615384615384
btp-presidential-primaries-2004,950160,950160,9513,0,21,21,8,20,0.4000000000000001
btp-presidential-primaries-2004,950161,950161,9506,0,15,15,4,14,0.2857142857142857
btp-presidential-primaries-2004,950163,950163,9509,1,19,19,6,18,0.27777777777777785
btp-presidential-primaries-2004,950165,950165,9509,0,19,19,6,18,0.33333333333333337
btp-presidential-primaries-2004,950166,950166,9511,1,14,14,7,13,0.4615384615384616
btp-presidential-primaries-2004,950167,950167,9512,1,9,9,4,8,0.375
btp-presidential-primaries-2004,950168,950168,9508,1,10,10,5,9,0.4444444444444444
btp-presidential-primaries-2004,950170,950170,9503,0,16,16,9,15,0.6
btp-presidential-primaries-2004,950171,950171,9507,1,11,11,6,10,0.5
btp-presidential-primaries-2004,950174,950174,9511,0,14,14,7,13,0.5384615384615384
btp-presidential-primaries-2004,950175,950175,9506,0,15,15,4,14,0.2857142857142857
btp-presidential-primaries-2004,950176,950176,9512,0,9,9,4,8,0.5
btp-presidential-primaries-2004,950177,950177,9511,0,14,14,7,13,0.5384615384615384
btp-presidential-primaries-2004,950178,950178,9516,0,11,11,5,10,0.5
btp-presidential-primaries-2004,950179,950179,9502,1,16,16,5,15,0.2666666666666667
btp-presidential-primaries-2004,950180,950180,9507,0,11,11,6,10,0.6
btp-presidential-primaries-2004,950181,950181,9504,1,15,15,9,14,0.5714285714285714
btp-presidential-primaries-2004,950183,950183,9515,0,13,13,4,12,0.33333333333333337
btp-presidential-primaries-2004,950184,950184,9502,0,16,16,5,15,0.33333333333333337
btp-presidential-primaries-2004,950185,950185,9516,0,11,11,5,10,0.5
btp-presidential-primaries-2004,950187,950187,9514,1,10,10,6,9,0.5555555555555556
btp-presidential-primaries-2004,950188,950188,9509,0,19,19,6,18,0.33333333333333337
btp-presidential-primaries-2004,950189,950189,9506,0,15,15,4,14,0.2857142857142857
btp-presidential-primaries-2004,950190,950190,9506,0,15,15,4,14,0.2857142857142857
btp-presidential-primaries-2004,950191,950191,9507,0,11,11,6,10,0.6
btp-presidential-primaries-2004,950192,950192,9511,0,14,14,7,13,0.5384615384615384
btp-presidential-primaries-2004,950193,950193,9513,0,21,21,8,20,0.4000000000000001
btp-presidential-primaries-2004,950194,950194,9502,0,16,16,5,15,0.33333333333333337
btp-presidential-primaries-2004,950195,950195,9504,1,15,15,9,14,0.5714285714285714
btp-presidential-primaries-2004,950196,950196,9501,1,14,14,7,13,0.4615384615384616
btp-presidential-primaries-2004,950197,950197,9505,0,13,13,7,12,0.5833333333333334
btp-presidential-primaries-2004,950198,950198,9505,1,13,13,7,12,0.5
btp-presidential-primaries-2004,950199,950199,9509,0,19,19,6,18,0.33333333333333337
btp-presidential-primaries-2004,950200,950200,9502,0,16,16,5,15,0.33333333333333337
btp-presidential-primaries-2004,950201,950201,9501,1,14,14,7,13,0.4615384615384616
btp-presidential-primaries-2004,950202,950202,9505,1,13,13,7,12,0.5
btp-presidential-primaries-2004,950203,950203,9504,1,15,15,9,14,0.5714285714285714
btp-presidential-primaries-2004,950204,950204,9513,0,21,21,8,20,0.4000000000000001
btp-presidential-primaries-2004,950205,950205,9507,0,11,11,6,10,0.6
btp-presidential-primaries-2004,950206,950206,9508,0,10,10,5,9,0.5555555555555556
btp-presidential-primaries-2004,950207,950207,9516,0,11,11,5,10,0.5
btp-presidential-primaries-2004,950208,950208,9504,1,15,15,9,14,0.5714285714285714
btp-presidential-primaries-2004,950209,950209,9511,1,14,14,7,13,0.4615384615384616
btp-presidential-primaries-2004,950210,950210,9511,0,14,14,7,13,0.5384615384615384
btp-presidential-primaries-2004,950212,950212,9515,0,13,13,4,12,0.33333333333333337
btp-presidential-primaries-2004,950213,950213,9515,1,13,13,4,12,0.25
btp-presidential-primaries-2004,950214,950214,9510,0,10,10,3,9,0.33333333333333337
btp-presidential-primaries-2004,950215,950215,9514,0,10,10,6,9,0.6666666666666666
btp-presidential-primaries-2004,950216,950216,9501,1,14,14,7,13,0.4615384615384616
btp-presidential-primaries-2004,950217,950217,9503,1,16,16,9,15,0.5333333333333334
btp-presidential-primaries-2004,950220,950220,9502,0,16,16,5,15,0.33333333333333337
btp-presidential-primaries-2004,950222,950222,9501,0,14,14,7,13,0.5384615384615384
btp-presidential-primaries-2004,950223,950223,9511,1,14,14,7,13,0.4615384615384616
btp-presidential-primaries-2004,950224,950224,9501,1,14,14,7,13,0.4615384615384616
btp-presidential-primaries-2004,950225,950225,9511,0,14,14,7,13,0.5384615384615384
btp-presidential-primaries-2004,950226,950226,9513,0,21,21,8,20,0.4000000000000001
btp-presidential-primaries-2004,950227,950227,9507,0,11,11,6,10,0.6
btp-presidential-primaries-2004,950228,950228,9505,0,13,13,7,12,0.5833333333333334
btp-presidential-primaries-2004,950229,950229,9513,0,21,21,8,20,0.4000000000000001
btp-presidential-primaries-2004,950230,950230,9507,1,11,11,6,10,0.5
btp-presidential-primaries-2004,950231,950231,9513,0,21,21,8,20,0.4000000000000001
btp-presidential-primaries-2004,950232,950232,9506,1,15,15,4,14,0.21428571428571427
btp-presidential-primaries-2004,950233,950233,9502,0,16,16,5,15,0.33333333333333337
btp-presidential-primaries-2004,950234,950234,9515,0,13,13,4,12,0.33333333333333337
btp-presidential-primaries-2004,950235,950235,9503,1,16,16,9,15,0.5333333333333334
btp-presidential-primaries-2004,950236,950236,9513,0,21,21,8,20,0.4000000000000001
btp-presidential-primaries-2004,950237,950237,9510,1,10,10,3,9,0.2222222222222222
btp-presidential-primaries-2004,950238,950238,9512,0,9,9,4,8,0.5
btp-presidential-primaries-2004,950240,950240,9507,1,11,11,6,10,0.5
btp-presidential-primaries-2004,950241,950241,9504,1,15,15,9,14,0.5714285714285714
btp-presidential-primaries-2004,950242,950242,9515,0,13,13,4,12,0.33333333333333337
btp-presidential-primaries-2004,950243,950243,9501,0,14,14,7,13,0.5384615384615384
btp-presidential-primaries-2004,950245,950245,9501,1,14,14,7,13,0.4615384615384616
btp-presidential-primaries-2004,950247,950247,9513,0,21,21,8,20,0.4000000000000001
btp-presidential-primaries-2004,950248,950248,9506,1,15,15,4,14,0.21428571428571427
btp-presidential-primaries-2004,950331,950331,9509,0,19,19,6,18,0.33333333333333337
btp-presidential-primaries-2004,950419,950419,9503,1,16,16,9,15,0.5333333333333334
btp-presidential-primaries-2004,950467,950467,9503,1,16,16,9,15,0.5333333333333334
btp-presidential-primaries-2004,950488,950488,9510,0,10,10,3,9,0.33333333333333337
btp-presidential-primaries-2004,950610,950610,9503,1,16,16,9,15,0.5333333333333334
btp-presidential-primaries-2004,950656,950656,9504,1,15,15,9,14,0.5714285714285714
btp-presidential-primaries-2004,950660,950660,9509,0,19,19,6,18,0.33333333333333337
btp-presidential-primaries-2004,950682,950682,9516,1,11,11,5,10,0.4
btp-presidential-primaries-2004,950838,950838,9515,1,13,13,4,12,0.25
btp-presidential-primaries-2004,950883,950883,9508,1,10,10,5,9,0.4444444444444444
btp-presidential-primaries-2004,950997,950997,9514,0,10,10,6,9,0.6666666666666666
btp-presidential-primaries-2004,951180,951180,9510,0,10,10,3,9,0.33333333333333337
btp-presidential-primaries-2004,951286,951286,9513,1,21,21,8,20,0.3499999999999999
san-mateo-2008,1493,960164,9621,1,5,5,3,4,0.5
san-mateo-2008,1271,960090,9602,0,13,13,3,12,0.25
san-mateo-2008,1025,960010,9605,1,11,11,3,10,0.20000000000000004
san-mateo-2008,1092,960031,9618,0,10,10,4,9,0.4444444444444444
san-mateo-2008,1480,960162,9615,0,8,8,3,7,0.42857142857142855
san-mateo-2008,1478,960160,9610,0,10,10,5,9,0.5555555555555556
san-mateo-2008,1155,960053,9622,0,12,12,9,11,0.8181818181818181
san-mateo-2008,1397,960133,9613,1,12,12,5,11,0.3636363636363637
san-mateo-2008,1668,960219,9622,1,12,12,9,11,0.7272727272727273
san-mateo-2008,1047,960016,9610,1,10,10,5,9,0.4444444444444444
san-mateo-2008,1294,960098,9601,0,6,6,2,5,0.4
san-mateo-2008,1121,960043,9603,0,8,8,5,7,0.7142857142857143
san-mateo-2008,1181,960060,9623,1,7,7,5,6,0.6666666666666666
san-mateo-2008,1697,960230,9625,1,10,10,5,9,0.4444444444444444
san-mateo-2008,1201,960064,9601,1,6,6,2,5,0.2
san-mateo-2008,1212,960070,9608,1,11,11,9,10,0.8
san-mateo-2008,1474,960159,9604,0,6,6,4,5,0.8
san-mateo-2008,1249,960086,9602,0,13,13,3,12,0.25
san-mateo-2008,1352,960116,9606,1,12,12,6,11,0.4545454545454546
san-mateo-2008,1311,960104,9603,1,8,8,5,7,0.5714285714285714
san-mateo-2008,1322,960109,9612,1,12,12,8,11,0.6363636363636364
san-mateo-2008,1241,960082,9609,0,8,8,5,7,0.7142857142857143
san-mateo-2008,1188,960062,9624,1,8,8,6,7,0.7142857142857143
san-mateo-2008,1296,960100,9602,1,13,13,3,12,0.16666666666666669
san-mateo-2008,1506,960172,9607,0,13,13,11,12,0.9166666666666666
san-mateo-2008,1004,960002,9623,1,7,7,5,6,0.6666666666666666
san-mateo-2008,1358,960119,9614,0,8,8,6,7,0.8571428571428571
san-mateo-2008,1613,960203,9604,1,6,6,4,5,0.6
san-mateo-2008,1530,960178,9613,0,12,12,5,11,0.4545454545454546
san-mateo-2008,1702,960233,9601,1,6,6,2,5,0.2
san-mateo-2008,1297,960101,9622,1,12,12,9,11,0.7272727272727273
san-mateo-2008,1223,960074,9615,1,8,8,3,7,0.2857142857142857
san-mateo-2008,1405,960135,9606,0,12,12,6,11,0.5454545454545454
san-mateo-2008,1242,960083,9620,1,11,11,6,10,0.5
san-mateo-2008,1310,960103,9609,1,8,8,5,7,0.5714285714285714
san-mateo-2008,1107,960036,9617,1,7,7,6,6,0.8333333333333334
san-mateo-2008,1472,960158,9611,1,11,11,9,10,0.8
san-mateo-2008,1131,960048,9626,1,4,4,4,3,1
san-mateo-2008,1497,960166,9624,1,8,8,6,7,0.7142857142857143
san-mateo-2008,1354,960117,9625,0,10,10,5,9,0.5555555555555556
san-mateo-2008,1116,960039,9606,1,12,12,6,11,0.4545454545454546
san-mateo-2008,1390,960131,9602,0,13,13,3,12,0.25
san-mateo-2008,1102,960035,9614,1,8,8,6,7,0.7142857142857143
san-mateo-2008,1324,960111,9611,1,11,11,9,10,0.8
san-mateo-2008,1267,960089,9624,1,8,8,6,7,0.7142857142857143
san-mateo-2008,1654,960216,9612,1,12,12,8,11,0.6363636363636364
san-mateo-2008,1034,960014,9619,0,9,9,6,8,0.75
san-mateo-2008,1234,960079,9625,0,10,10,5,9,0.5555555555555556
san-mateo-2008,1022,960009,9624,1,8,8,6,7,0.7142857142857143
san-mateo-2008,2001,960238,9608,1,11,11,9,10,0.8
san-mateo-2008,1380,960129,9613,1,12,12,5,11,0.3636363636363637
san-mateo-2008,1618,960205,9623,0,7,7,5,6,0.8333333333333334
san-mateo-2008,1698,960231,9622,1,12,12,9,11,0.7272727272727273
san-mateo-2008,1423,960142,9618,1,10,10,4,9,0.33333333333333337
san-mateo-2008,1175,960055,9601,0,6,6,2,5,0.4
san-mateo-2008,1229,960077,9604,1,6,6,4,5,0.6
san-mateo-2008,1078,960026,9613,1,12,12,5,11,0.3636363636363637
san-mateo-2008,1099,960033,9607,1,13,13,11,12,0.8333333333333333
san-mateo-2008,1221,960072,9622,1,12,12,9,11,0.7272727272727273
san-mateo-2008,1048,960017,9615,0,8,8,3,7,0.42857142857142855
san-mateo-2008,1074,960024,9609,1,8,8,5,7,0.5714285714285714
san-mateo-2008,1679,960224,9622,1,12,12,9,11,0.7272727272727273
san-mateo-2008,1449,960149,9603,1,8,8,5,7,0.5714285714285714
san-mateo-2008,1314,960105,9612,1,12,12,8,11,0.6363636363636364
san-mateo-2008,1276,960092,9604,1,6,6,4,5,0.6
san-mateo-2008,1049,960018,9610,1,10,10,5,9,0.4444444444444444
san-mateo-2008,1601,960200,9611,0,11,11,9,10,0.9
san-mateo-2008,1206,960067,9620,0,11,11,6,10,0.6
san-mateo-2008,1066,960020,9610,0,10,10,5,9,0.5555555555555556
san-mateo-2008,1548,960183,9612,0,12,12,8,11,0.7272727272727273
san-mateo-2008,1662,960218,9619,1,9,9,6,8,0.625
san-mateo-2008,1141,960050,9625,0,10,10,5,9,0.5555555555555556
san-mateo-2008,1370,960124,9613,0,12,12,5,11,0.4545454545454546
san-mateo-2008,1408,960136,9603,0,8,8,5,7,0.7142857142857143
san-mateo-2008,1562,960190,9618,1,10,10,4,9,0.33333333333333337
san-mateo-2008,1177,960057,9606,0,12,12,6,11,0.5454545454545454
san-mateo-2008,1689,960228,9611,1,11,11,9,10,0.8
san-mateo-2008,1129,960047,9605,0,11,11,3,10,0.29999999999999993
san-mateo-2008,1499,960167,9605,0,11,11,3,10,0.29999999999999993
san-mateo-2008,1228,960076,9608,0,11,11,9,10,0.9
san-mateo-2008,1561,960189,9611,1,11,11,9,10,0.8
san-mateo-2008,1693,960229,9610,1,10,10,5,9,0.4444444444444444
san-mateo-2008,1447,960148,9612,1,12,12,8,11,0.6363636363636364
san-mateo-2008,1687,960227,9613,0,12,12,5,11,0.4545454545454546
san-mateo-2008,1466,960155,9616,0,7,7,5,6,0.8333333333333334
san-mateo-2008,1588,960195,9602,0,13,13,3,12,0.25
san-mateo-2008,1608,960201,9616,1,7,7,5,6,0.6666666666666666
san-mateo-2008,1266,960088,9620,1,11,11,6,10,0.5
san-mateo-2008,1377,960127,9605,1,11,11,3,10,0.20000000000000004
san-mateo-2008,1295,960099,9606,1,12,12,6,11,0.4545454545454545
san-mateo-2008,1357,960118,9618,0,10,10,4,9,0.4444444444444444
san-mateo-2008,1205,960066,9612,1,12,12,8,11,0.6363636363636364
san-mateo-2008,1075,960025,9620,1,11,11,6,10,0.5
san-mateo-2008,1446,960147,9603,1,8,8,5,7,0.5714285714285714
san-mateo-2008,1016,960007,9611,1,11,11,9,10,0.8
san-mateo-2008,1617,960204,9617,0,7,7,6,6,1
san-mateo-2008,1180,960059,9616,1,7,7,5,6,0.6666666666666666
san-mateo-2008,1012,960005,9617,1,7,7,6,6,0.8333333333333334
san-mateo-2008,1672,960221,9613,0,12,12,5,11,0.4545454545454546
san-mateo-2008,1321,960108,9611,1,11,11,9,10,0.8
san-mateo-2008,1359,960120,9624,0,8,8,6,7,0.8571428571428571
san-mateo-2008,1470,960157,9622,1,12,12,9,11,0.7272727272727273
san-mateo-2008,1533,960180,9605,1,11,11,3,10,0.20000000000000004
san-mateo-2008,1178,960058,9607,1,13,13,11,12,0.8333333333333333
san-mateo-2008,1341,960113,9612,0,12,12,8,11,0.7272727272727273
san-mateo-2008,1084,960027,9621,0,5,5,3,4,0.75
san-mateo-2008,1594,960197,9625,1,10,10,5,9,0.4444444444444444
san-mateo-2008,1247,960085,9607,0,13,13,11,12,0.9166666666666666
san-mateo-2008,1706,960235,9611,1,11,11,9,10,0.8
san-mateo-2008,1437,960145,9607,1,13,13,11,12,0.8333333333333333
san-mateo-2008,1409,960137,9616,1,7,7,5,6,0.6666666666666666
san-mateo-2008,1013,960006,9622,1,12,12,9,11,0.7272727272727273
san-mateo-2008,1119,960041,9609,1,8,8,5,7,0.5714285714285714
san-mateo-2008,1624,960207,9607,1,13,13,11,12,0.8333333333333333
san-mateo-2008,1633,960210,9608,1,11,11,9,10,0.8
san-mateo-2008,1411,960138,9619,1,9,9,6,8,0.625
san-mateo-2008,1418,960139,9601,0,6,6,2,5,0.4
san-mateo-2008,1176,960056,9606,1,12,12,6,11,0.4545454545454545
san-mateo-2008,1502,960170,9608,0,11,11,9,10,0.9
san-mateo-2008,1086,960028,9623,1,7,7,5,6,0.6666666666666666
san-mateo-2008,1467,960156,9618,0,10,10,4,9,0.4444444444444444
san-mateo-2008,1598,960199,9602,1,13,13,3,12,0.16666666666666669
san-mateo-2008,1652,960215,9607,1,13,13,11,12,0.8333333333333333
san-mateo-2008,1572,960192,9606,0,12,12,6,11,0.5454545454545454
san-mateo-2008,1610,960202,9613,1,12,12,5,11,0.3636363636363637
san-mateo-2008,1704,960234,9615,0,8,8,3,7,0.42857142857142855
san-mateo-2008,1253,960087,9624,0,8,8,6,7,0.8571428571428571
san-mateo-2008,1537,960181,9602,0,13,13,3,12,0.25
san-mateo-2008,1236,960081,9625,0,10,10,5,9,0.5555555555555556
san-mateo-2008,1629,960209,9602,0,13,13,3,12,0.25
san-mateo-2008,1170,960054,9608,1,11,11,9,10,0.8
san-mateo-2008,1117,960040,9610,0,10,10,5,9,0.5555555555555556
san-mateo-2008,1182,960061,9620,1,11,11,6,10,0.5
san-mateo-2008,1283,960094,9603,1,8,8,5,7,0.5714285714285714
san-mateo-2008,1556,960186,9602,1,13,13,3,12,0.16666666666666669
san-mateo-2008,1026,960011,9605,0,11,11,3,10,0.3
san-mateo-2008,1544,960182,9613,0,12,12,5,11,0.4545454545454546
san-mateo-2008,1482,960163,9613,0,12,12,5,11,0.4545454545454546
san-mateo-2008,1319,960107,9609,0,8,8,5,7,0.7142857142857143
san-mateo-2008,1235,960080,9605,0,11,11,3,10,0.3
san-mateo-2008,1222,960073,9614,1,8,8,6,7,0.7142857142857143
san-mateo-2008,1366,960123,9606,1,12,12,6,11,0.4545454545454545
san-mateo-2008,1210,960069,9616,1,7,7,5,6,0.6666666666666666
san-mateo-2008,1065,960019,9614,1,8,8,6,7,0.7142857142857143
san-mateo-2008,1582,960193,9620,0,11,11,6,10,0.6
san-mateo-2008,1637,960212,9607,1,13,13,11,12,0.8333333333333333
san-mateo-2008,1559,960188,9623,1,7,7,5,6,0.6666666666666666
san-mateo-2008,1072,960023,9611,1,11,11,9,10,0.8
san-mateo-2008,1207,960068,9615,1,8,8,3,7,0.2857142857142857
san-mateo-2008,1148,960051,9603,0,8,8,5,7,0.7142857142857143
san-mateo-2008,1674,960222,9622,1,12,12,9,11,0.7272727272727273
san-mateo-2008,1101,960034,9607,1,13,13,11,12,0.8333333333333333
san-mateo-2008,1109,960037,9625,1,10,10,5,9,0.4444444444444444
san-mateo-2008,1339,960112,9610,1,10,10,5,9,0.4444444444444444
san-mateo-2008,1525,960177,9617,1,7,7,6,6,0.8333333333333334
san-mateo-2008,1500,960168,9621,0,5,5,3,4,0.75
san-mateo-2008,1495,960165,9614,1,8,8,6,7,0.7142857142857143
san-mateo-2008,1286,960095,9618,0,10,10,4,9,0.4444444444444444
san-mateo-2008,1566,960191,9623,1,7,7,5,6,0.6666666666666666
san-mateo-2008,1379,960128,9608,1,11,11,9,10,0.8
san-mateo-2008,1362,960122,9602,0,13,13,3,12,0.25
san-mateo-2008,1508,960174,9612,1,12,12,8,11,0.6363636363636364
san-mateo-2008,1215,960071,9619,1,9,9,6,8,0.625
san-mateo-2008,1225,960075,9617,1,7,7,6,6,0.8333333333333334
san-mateo-2008,1372,960125,9612,0,12,12,8,11,0.7272727272727273
san-mateo-2008,1389,960130,9619,0,9,9,6,8,0.75
san-mateo-2008,1435,960144,9609,1,8,8,5,7,0.5714285714285714
san-mateo-2008,1128,960046,9606,1,12,12,6,11,0.4545454545454545
san-mateo-2008,1699,960232,9606,0,12,12,6,11,0.5454545454545454
san-mateo-2008,1463,960152,9603,1,8,8,5,7,0.5714285714285714
san-mateo-2008,1232,960078,9608,1,11,11,9,10,0.8
san-mateo-2008,1707,960236,9613,1,12,12,5,11,0.3636363636363637
san-mateo-2008,1002,960001,9604,0,6,6,4,5,0.8
san-mateo-2008,1113,960038,9612,1,12,12,8,11,0.6363636363636364
san-mateo-2008,1659,960217,9607,1,13,13,11,12,0.8333333333333333
san-mateo-2008,1626,960208,9610,0,10,10,5,9,0.5555555555555556
san-mateo-2008,1291,960097,9611,0,11,11,9,10,0.9
san-mateo-2008,1643,960213,9620,0,11,11,6,10,0.6
san-mateo-2008,1009,960004,9618,0,10,10,4,9,0.4444444444444444
san-mateo-2008,1097,960032,9614,1,8,8,6,7,0.7142857142857143
san-mateo-2008,1346,960114,9602,0,13,13,3,12,0.25
san-mateo-2008,1443,960146,9619,1,9,9,6,8,0.625
san-mateo-2008,1067,960021,9606,0,12,12,6,11,0.5454545454545454
san-mateo-2008,1190,960063,9615,1,8,8,3,7,0.2857142857142857
san-mateo-2008,1647,960214,9615,0,8,8,3,7,0.42857142857142855
san-mateo-2008,1070,960022,9618,1,10,10,4,9,0.33333333333333337
san-mateo-2008,2000,960237,9618,1,10,10,4,9,0.33333333333333337
san-mateo-2008,1088,960030,9620,0,11,11,6,10,0.6
san-mateo-2008,1504,960171,9610,0,10,10,5,9,0.5555555555555556
san-mateo-2008,1464,960153,9602,0,13,13,3,12,0.25
san-mateo-2008,1479,960161,9619,1,9,9,6,8,0.625
san-mateo-2008,1636,960211,9624,1,8,8,6,7,0.7142857142857143
san-mateo-2008,1584,960194,9606,0,12,12,6,11,0.5454545454545454
san-mateo-2008,1277,960093,9625,1,10,10,5,9,0.4444444444444444
san-mateo-2008,1465,960154,9616,1,7,7,5,6,0.6666666666666666
san-mateo-2008,1555,960185,9626,1,4,4,4,3,1
san-mateo-2008,1153,960052,9626,1,4,4,4,3,1
san-mateo-2008,1318,960106,9611,1,11,11,9,10,0.8
san-mateo-2008,1685,960226,9620,1,11,11,6,10,0.5
san-mateo-2008,1431,960143,9605,0,11,11,3,10,0.3
san-mateo-2008,1595,960198,9607,1,13,13,11,12,0.8333333333333333
san-mateo-2008,1531,960179,9614,1,8,8,6,7,0.7142857142857143
san-mateo-2008,1027,960012,9614,0,8,8,6,7,0.8571428571428571
san-mateo-2008,1591,960196,9618,0,10,10,4,9,0.4444444444444444
san-mateo-2008,1298,960102,9608,1,11,11,9,10,0.8
san-mateo-2008,1323,960110,9610,1,10,10,5,9,0.4444444444444444
san-mateo-2008,1453,960150,9617,1,7,7,6,6,0.8333333333333334
san-mateo-2008,1374,960126,9605,0,11,11,3,10,0.3
san-mateo-2008,1019,960008,9609,0,8,8,5,7,0.7142857142857143
san-mateo-2008,1394,960132,9620,0,11,11,6,10,0.6
san-mateo-2008,1678,960223,9608,1,11,11,9,10,0.8
san-mateo-2008,1360,960121,9622,1,12,12,9,11,0.7272727272727273
san-mateo-2008,1399,960134,9623,0,7,7,5,6,0.8333333333333334
san-mateo-2008,1682,960225,9625,1,10,10,5,9,0.4444444444444444
san-mateo-2008,1031,960013,9619,1,9,9,6,8,0.625
san-mateo-2008,1087,960029,9605,0,11,11,3,10,0.3
san-mateo-2008,1042,960015,9621,1,5,5,3,4,0.5
san-mateo-2008,1419,960140,9613,0,12,12,5,11,0.4545454545454546
san-mateo-2008,1420,960141,9626,1,4,4,4,3,1
san-mateo-2008,1507,960173,9615,0,8,8,3,7,0.42857142857142855
san-mateo-2008,1204,960065,9607,1,13,13,11,12,0.8333333333333333
san-mateo-2008,1350,960115,9604,1,6,6,4,5,0.6
san-mateo-2008,2003,960239,9608,1,11,11,9,10,0.8
san-mateo-2008,1008,960003,9622,0,12,12,9,11,0.8181818181818182
san-mateo-2008,1557,960187,9607,1,13,13,11,12,0.8333333333333333
san-mateo-2008,1120,960042,9621,1,5,5,3,4,0.5
san-mateo-2008,1501,960169,9609,1,8,8,5,7,0.5714285714285714
san-mateo-2008,1550,960184,9601,0,6,6,2,5,0.4
san-mateo-2008,1136,960049,9612,0,12,12,8,11,0.7272727272727273
san-mateo-2008,1287,960096,9622,0,12,12,9,11,0.8181818181818182
san-mateo-2008,1275,960091,9620,1,11,11,6,10,0.5
san-mateo-2008,1669,960220,9619,0,9,9,6,8,0.75
san-mateo-2008,1521,960176,9616,0,7,7,5,6,0.8333333333333334
san-mateo-2008,1244,960084,9602,0,13,13,3,12,0.25
san-mateo-2008,1126,960045,9605,0,11,11,3,10,0.3
san-mateo-2008,1454,960151,9612,1,12,12,8,11,0.6363636363636364
san-mateo-2008,1620,960206,9617,1,7,7,6,6,0.8333333333333334
san-mateo-2008,1509,960175,9625,0,10,10,5,9,0.5555555555555556
san-mateo-2008,1124,960044,9624,1,8,8,6,7,0.7142857142857143
btp-health-education-2005,1,970001,9701,0,14,14,8,13,0.6153846153846154
btp-health-education-2005,2,970002,9701,0,14,14,8,13,0.6153846153846154
btp-health-education-2005,3,970003,9701,0,14,14,8,13,0.6153846153846154
btp-health-education-2005,4,970004,9701,1,14,14,8,13,0.5384615384615384
btp-health-education-2005,5,970005,9701,1,14,14,8,13,0.5384615384615384
btp-health-education-2005,6,970006,9701,0,14,14,8,13,0.6153846153846154
btp-health-education-2005,7,970007,9701,1,14,14,8,13,0.5384615384615384
btp-health-education-2005,8,970008,9701,1,14,14,8,13,0.5384615384615384
btp-health-education-2005,9,970009,9701,0,14,14,8,13,0.6153846153846154
btp-health-education-2005,10,970010,9701,1,14,14,8,13,0.5384615384615384
btp-health-education-2005,11,970011,9701,1,14,14,8,13,0.5384615384615384
btp-health-education-2005,12,970012,9701,0,14,14,8,13,0.6153846153846154
btp-health-education-2005,13,970013,9701,1,14,14,8,13,0.5384615384615384
btp-health-education-2005,14,970014,9701,1,14,14,8,13,0.5384615384615384
btp-health-education-2005,15,970015,9702,1,14,14,3,13,0.15384615384615383
btp-health-education-2005,16,970016,9702,0,14,14,3,13,0.23076923076923075
btp-health-education-2005,17,970017,9702,0,14,14,3,13,0.23076923076923075
btp-health-education-2005,18,970018,9702,0,14,14,3,13,0.23076923076923075
btp-health-education-2005,19,970019,9702,0,14,14,3,13,0.23076923076923075
btp-health-education-2005,20,970020,9702,0,14,14,3,13,0.23076923076923075
btp-health-education-2005,21,970021,9702,0,14,14,3,13,0.23076923076923075
btp-health-education-2005,22,970022,9702,1,14,14,3,13,0.15384615384615383
btp-health-education-2005,23,970023,9702,0,14,14,3,13,0.23076923076923075
btp-health-education-2005,24,970024,9702,0,14,14,3,13,0.23076923076923075
btp-health-education-2005,25,970025,9702,0,14,14,3,13,0.23076923076923075
btp-health-education-2005,26,970026,9702,0,14,14,3,13,0.23076923076923075
btp-health-education-2005,27,970027,9702,1,14,14,3,13,0.15384615384615383
btp-health-education-2005,28,970028,9702,0,14,14,3,13,0.23076923076923075
btp-health-education-2005,29,970029,9703,1,21,21,14,20,0.65
btp-health-education-2005,30,970030,9703,0,21,21,14,20,0.7
btp-health-education-2005,31,970031,9703,0,21,21,14,20,0.7
btp-health-education-2005,32,970032,9703,0,21,21,14,20,0.7
btp-health-education-2005,33,970033,9703,0,21,21,14,20,0.7
btp-health-education-2005,34,970034,9703,1,21,21,14,20,0.65
btp-health-education-2005,35,970035,9703,1,21,21,14,20,0.65
btp-health-education-2005,36,970036,9703,1,21,21,14,20,0.65
btp-health-education-2005,37,970037,9703,1,21,21,14,20,0.65
btp-health-education-2005,38,970038,9703,0,21,21,14,20,0.7
btp-health-education-2005,39,970039,9703,1,21,21,14,20,0.65
btp-health-education-2005,40,970040,9703,1,21,21,14,20,0.65
btp-health-education-2005,41,970041,9703,1,21,21,14,20,0.65
btp-health-education-2005,42,970042,9703,0,21,21,14,20,0.7
btp-health-education-2005,43,970043,9703,1,21,21,14,20,0.65
btp-health-education-2005,44,970044,9703,1,21,21,14,20,0.65
btp-health-education-2005,45,970045,9703,1,21,21,14,20,0.65
btp-health-education-2005,46,970046,9703,1,21,21,14,20,0.65
btp-health-education-2005,47,970047,9703,1,21,21,14,20,0.65
btp-health-education-2005,48,970048,9703,1,21,21,14,20,0.65
btp-health-education-2005,49,970049,9703,0,21,21,14,20,0.7
btp-health-education-2005,50,970050,9704,0,13,13,7,12,0.5833333333333333
btp-health-education-2005,51,970051,9704,0,13,13,7,12,0.5833333333333333
btp-health-education-2005,52,970052,9704,0,13,13,7,12,0.5833333333333333
btp-health-education-2005,53,970053,9704,1,13,13,7,12,0.5
btp-health-education-2005,54,970054,9704,0,13,13,7,12,0.5833333333333333
btp-health-education-2005,55,970055,9704,0,13,13,7,12,0.5833333333333333
btp-health-education-2005,56,970056,9704,1,13,13,7,12,0.5
btp-health-education-2005,57,970057,9704,1,13,13,7,12,0.5
btp-health-education-2005,58,970058,9704,0,13,13,7,12,0.5833333333333333
btp-health-education-2005,59,970059,9704,1,13,13,7,12,0.5
btp-health-education-2005,60,970060,9704,1,13,13,7,12,0.5
btp-health-education-2005,61,970061,9704,1,13,13,7,12,0.5
btp-health-education-2005,62,970062,9704,1,13,13,7,12,0.5
btp-health-education-2005,63,970063,9705,0,16,16,9,15,0.6
btp-health-education-2005,64,970064,9705,0,16,16,9,15,0.6
btp-health-education-2005,65,970065,9705,1,16,16,9,15,0.5333333333333333
btp-health-education-2005,66,970066,9705,0,16,16,9,15,0.6
btp-health-education-2005,67,970067,9705,1,16,16,9,15,0.5333333333333333
btp-health-education-2005,68,970068,9705,1,16,16,9,15,0.5333333333333333
btp-health-education-2005,69,970069,9705,0,16,16,9,15,0.6
btp-health-education-2005,70,970070,9705,1,16,16,9,15,0.5333333333333333
btp-health-education-2005,71,970071,9705,1,16,16,9,15,0.5333333333333333
btp-health-education-2005,72,970072,9705,0,16,16,9,15,0.6
btp-health-education-2005,73,970073,9705,0,16,16,9,15,0.6
btp-health-education-2005,74,970074,9705,0,16,16,9,15,0.6
btp-health-education-2005,75,970075,9705,1,16,16,9,15,0.5333333333333333
btp-health-education-2005,76,970076,9705,1,16,16,9,15,0.5333333333333333
btp-health-education-2005,77,970077,9705,1,16,16,9,15,0.5333333333333333
btp-health-education-2005,78,970078,9705,1,16,16,9,15,0.5333333333333333
btp-health-education-2005,79,970079,9706,0,13,13,4,12,0.33333333333333337
btp-health-education-2005,80,970080,9706,1,13,13,4,12,0.25
btp-health-education-2005,81,970081,9706,0,13,13,4,12,0.33333333333333337
btp-health-education-2005,82,970082,9706,0,13,13,4,12,0.33333333333333337
btp-health-education-2005,83,970083,9706,0,13,13,4,12,0.33333333333333337
btp-health-education-2005,84,970084,9706,0,13,13,4,12,0.33333333333333337
btp-health-education-2005,85,970085,9706,0,13,13,4,12,0.33333333333333337
btp-health-education-2005,86,970086,9706,0,13,13,4,12,0.33333333333333337
btp-health-education-2005,87,970087,9706,1,13,13,4,12,0.25
btp-health-education-2005,88,970088,9706,1,13,13,4,12,0.25
btp-health-education-2005,89,970089,9706,1,13,13,4,12,0.25
btp-health-education-2005,90,970090,9706,0,13,13,4,12,0.33333333333333337
btp-health-education-2005,91,970091,9706,0,13,13,4,12,0.33333333333333337
btp-health-education-2005,92,970092,9707,0,19,18,8,17,0.4705882352941176
btp-health-education-2005,93,970093,9707,0,19,18,8,17,0.4705882352941176
btp-health-education-2005,94,970094,9707,1,19,18,8,17,0.411764705882353
btp-health-education-2005,95,970095,9707,1,19,18,8,17,0.411764705882353
btp-health-education-2005,96,970096,9707,0,19,18,8,17,0.4705882352941176
btp-health-education-2005,97,970097,9707,1,19,18,8,17,0.411764705882353
btp-health-education-2005,98,970098,9707,0,19,18,8,17,0.4705882352941176
btp-health-education-2005,99,970099,9707,0,19,18,8,17,0.4705882352941176
btp-health-education-2005,100,970100,9707,0,19,18,8,17,0.4705882352941176
btp-health-education-2005,101,970101,9707,0,19,18,8,17,0.4705882352941176
btp-health-education-2005,102,970102,9707,1,19,18,8,17,0.4117647058823529
btp-health-education-2005,103,970103,9707,0,19,18,8,17,0.4705882352941176
btp-health-education-2005,104,970104,9707,NA,19,18,8,18,0.4444444444444444
btp-health-education-2005,105,970105,9707,0,19,18,8,17,0.4705882352941176
btp-health-education-2005,106,970106,9707,1,19,18,8,17,0.4117647058823529
btp-health-education-2005,107,970107,9707,1,19,18,8,17,0.4117647058823529
btp-health-education-2005,108,970108,9707,1,19,18,8,17,0.4117647058823529
btp-health-education-2005,109,970109,9707,1,19,18,8,17,0.4117647058823529
btp-health-education-2005,110,970110,9707,0,19,18,8,17,0.4705882352941176
btp-health-education-2005,111,970111,9708,0,18,18,8,17,0.4705882352941176
btp-health-education-2005,112,970112,9708,0,18,18,8,17,0.4705882352941176
btp-health-education-2005,113,970113,9708,0,18,18,8,17,0.4705882352941176
btp-health-education-2005,114,970114,9708,1,18,18,8,17,0.4117647058823529
btp-health-education-2005,115,970115,9708,1,18,18,8,17,0.4117647058823529
btp-health-education-2005,116,970116,9708,0,18,18,8,17,0.4705882352941176
btp-health-education-2005,117,970117,9708,1,18,18,8,17,0.4117647058823529
btp-health-education-2005,118,970118,9708,1,18,18,8,17,0.4117647058823529
btp-health-education-2005,119,970119,9708,1,18,18,8,17,0.4117647058823529
btp-health-education-2005,120,970120,9708,1,18,18,8,17,0.4117647058823529
btp-health-education-2005,121,970121,9708,0,18,18,8,17,0.4705882352941176
btp-health-education-2005,122,970122,9708,0,18,18,8,17,0.4705882352941176
btp-health-education-2005,123,970123,9708,0,18,18,8,17,0.4705882352941176
btp-health-education-2005,124,970124,9708,0,18,18,8,17,0.4705882352941176
btp-health-education-2005,125,970125,9708,0,18,18,8,17,0.4705882352941176
btp-health-education-2005,126,970126,9708,0,18,18,8,17,0.4705882352941176
btp-health-education-2005,127,970127,9708,1,18,18,8,17,0.4117647058823529
btp-health-education-2005,128,970128,9708,1,18,18,8,17,0.4117647058823529
btp-health-education-2005,129,970129,9709,1,17,17,13,16,0.75
btp-health-education-2005,130,970130,9709,1,17,17,13,16,0.75
btp-health-education-2005,131,970131,9709,1,17,17,13,16,0.75
btp-health-education-2005,132,970132,9709,1,17,17,13,16,0.75
btp-health-education-2005,133,970133,9709,0,17,17,13,16,0.8125
btp-health-education-2005,134,970134,9709,1,17,17,13,16,0.75
btp-health-education-2005,135,970135,9709,1,17,17,13,16,0.75
btp-health-education-2005,136,970136,9709,1,17,17,13,16,0.75
btp-health-education-2005,137,970137,9709,0,17,17,13,16,0.8125
btp-health-education-2005,138,970138,9709,0,17,17,13,16,0.8125
btp-health-education-2005,139,970139,9709,1,17,17,13,16,0.75
btp-health-education-2005,140,970140,9709,0,17,17,13,16,0.8125
btp-health-education-2005,141,970141,9709,1,17,17,13,16,0.75
btp-health-education-2005,142,970142,9709,1,17,17,13,16,0.75
btp-health-education-2005,143,970143,9709,1,17,17,13,16,0.75
btp-health-education-2005,144,970144,9709,1,17,17,13,16,0.75
btp-health-education-2005,145,970145,9709,1,17,17,13,16,0.75
btp-health-education-2005,146,970146,9710,1,15,15,8,14,0.5
btp-health-education-2005,147,970147,9710,0,15,15,8,14,0.5714285714285714
btp-health-education-2005,148,970148,9710,0,15,15,8,14,0.5714285714285714
btp-health-education-2005,149,970149,9710,1,15,15,8,14,0.5
btp-health-education-2005,150,970150,9710,1,15,15,8,14,0.5
btp-health-education-2005,151,970151,9710,0,15,15,8,14,0.5714285714285714
btp-health-education-2005,152,970152,9710,1,15,15,8,14,0.5
btp-health-education-2005,153,970153,9710,1,15,15,8,14,0.5
btp-health-education-2005,154,970154,9710,1,15,15,8,14,0.5
btp-health-education-2005,155,970155,9710,0,15,15,8,14,0.5714285714285714
btp-health-education-2005,156,970156,9710,0,15,15,8,14,0.5714285714285714
btp-health-education-2005,157,970157,9710,1,15,15,8,14,0.5
btp-health-education-2005,158,970158,9710,0,15,15,8,14,0.5714285714285714
btp-health-education-2005,159,970159,9710,0,15,15,8,14,0.5714285714285714
btp-health-education-2005,160,970160,9710,1,15,15,8,14,0.5
btp-health-education-2005,161,970161,9711,0,13,13,6,12,0.5
btp-health-education-2005,162,970162,9711,0,13,13,6,12,0.5
btp-health-education-2005,163,970163,9711,1,13,13,6,12,0.41666666666666663
btp-health-education-2005,164,970164,9711,0,13,13,6,12,0.5
btp-health-education-2005,165,970165,9711,0,13,13,6,12,0.5
btp-health-education-2005,166,970166,9711,1,13,13,6,12,0.41666666666666663
btp-health-education-2005,167,970167,9711,1,13,13,6,12,0.41666666666666663
btp-health-education-2005,168,970168,9711,0,13,13,6,12,0.5
btp-health-education-2005,169,970169,9711,0,13,13,6,12,0.5
btp-health-education-2005,170,970170,9711,1,13,13,6,12,0.41666666666666663
btp-health-education-2005,171,970171,9711,1,13,13,6,12,0.41666666666666663
btp-health-education-2005,172,970172,9711,1,13,13,6,12,0.41666666666666663
btp-health-education-2005,173,970173,9711,0,13,13,6,12,0.5
btp-health-education-2005,174,970174,9712,1,17,17,5,16,0.25
btp-health-education-2005,175,970175,9712,0,17,17,5,16,0.3125
btp-health-education-2005,176,970176,9712,0,17,17,5,16,0.3125
btp-health-education-2005,177,970177,9712,1,17,17,5,16,0.25
btp-health-education-2005,178,970178,9712,0,17,17,5,16,0.3125
btp-health-education-2005,179,970179,9712,0,17,17,5,16,0.3125
btp-health-education-2005,180,970180,9712,0,17,17,5,16,0.3125
btp-health-education-2005,181,970181,9712,0,17,17,5,16,0.3125
btp-health-education-2005,182,970182,9712,0,17,17,5,16,0.3125
btp-health-education-2005,183,970183,9712,1,17,17,5,16,0.25
btp-health-education-2005,184,970184,9712,1,17,17,5,16,0.25
btp-health-education-2005,185,970185,9712,0,17,17,5,16,0.3125
btp-health-education-2005,186,970186,9712,1,17,17,5,16,0.25
btp-health-education-2005,187,970187,9712,0,17,17,5,16,0.3125
btp-health-education-2005,188,970188,9712,0,17,17,5,16,0.3125
btp-health-education-2005,189,970189,9712,0,17,17,5,16,0.3125
btp-health-education-2005,190,970190,9712,0,17,17,5,16,0.3125
btp-health-education-2005,191,970191,9713,0,11,11,6,10,0.6
btp-health-education-2005,192,970192,9713,0,11,11,6,10,0.6
btp-health-education-2005,193,970193,9713,0,11,11,6,10,0.6
btp-health-education-2005,194,970194,9713,1,11,11,6,10,0.5
btp-health-education-2005,195,970195,9713,1,11,11,6,10,0.5
btp-health-education-2005,196,970196,9713,0,11,11,6,10,0.6
btp-health-education-2005,197,970197,9713,1,11,11,6,10,0.5
btp-health-education-2005,198,970198,9713,1,11,11,6,10,0.5
btp-health-education-2005,199,970199,9713,1,11,11,6,10,0.5
btp-health-education-2005,200,970200,9713,0,11,11,6,10,0.6
btp-health-education-2005,201,970201,9713,1,11,11,6,10,0.5
btp-health-education-2005,202,970202,9714,0,17,17,11,16,0.6875
btp-health-education-2005,203,970203,9714,0,17,17,11,16,0.6875
btp-health-education-2005,204,970204,9714,1,17,17,11,16,0.625
btp-health-education-2005,205,970205,9714,1,17,17,11,16,0.625
btp-health-education-2005,206,970206,9714,1,17,17,11,16,0.625
btp-health-education-2005,207,970207,9714,1,17,17,11,16,0.625
btp-health-education-2005,208,970208,9714,0,17,17,11,16,0.6875
btp-health-education-2005,209,970209,9714,1,17,17,11,16,0.625
btp-health-education-2005,210,970210,9714,1,17,17,11,16,0.625
btp-health-education-2005,211,970211,9714,1,17,17,11,16,0.625
btp-health-education-2005,212,970212,9714,1,17,17,11,16,0.625
btp-health-education-2005,213,970213,9714,0,17,17,11,16,0.6875
btp-health-education-2005,214,970214,9714,0,17,17,11,16,0.6875
btp-health-education-2005,215,970215,9714,0,17,17,11,16,0.6875
btp-health-education-2005,216,970216,9714,1,17,17,11,16,0.625
btp-health-education-2005,217,970217,9714,1,17,17,11,16,0.625
btp-health-education-2005,218,970218,9714,1,17,17,11,16,0.625
btp-health-education-2005,219,970219,9715,1,9,9,5,8,0.5
btp-health-education-2005,220,970220,9715,1,9,9,5,8,0.5
btp-health-education-2005,221,970221,9715,0,9,9,5,8,0.625
btp-health-education-2005,222,970222,9715,0,9,9,5,8,0.625
btp-health-education-2005,223,970223,9715,1,9,9,5,8,0.5
btp-health-education-2005,224,970224,9715,1,9,9,5,8,0.5
btp-health-education-2005,225,970225,9715,0,9,9,5,8,0.625
btp-health-education-2005,226,970226,9715,1,9,9,5,8,0.5
btp-health-education-2005,227,970227,9715,0,9,9,5,8,0.625
btp-health-education-2005,228,970228,9716,0,12,12,3,11,0.2727272727272727
btp-health-education-2005,229,970229,9716,1,12,12,3,11,0.1818181818181818
btp-health-education-2005,230,970230,9716,0,12,12,3,11,0.2727272727272727
btp-health-education-2005,231,970231,9716,0,12,12,3,11,0.2727272727272727
btp-health-education-2005,232,970232,9716,0,12,12,3,11,0.2727272727272727
btp-health-education-2005,233,970233,9716,0,12,12,3,11,0.2727272727272727
btp-health-education-2005,234,970234,9716,1,12,12,3,11,0.1818181818181818
btp-health-education-2005,235,970235,9716,0,12,12,3,11,0.2727272727272727
btp-health-education-2005,236,970236,9716,0,12,12,3,11,0.2727272727272727
btp-health-education-2005,237,970237,9716,0,12,12,3,11,0.2727272727272727
btp-health-education-2005,238,970238,9716,0,12,12,3,11,0.2727272727272727
btp-health-education-2005,239,970239,9716,1,12,12,3,11,0.1818181818181818
btp-health-education-2005,240,970240,9717,0,15,15,7,14,0.5
btp-health-education-2005,241,970241,9717,0,15,15,7,14,0.5
btp-health-education-2005,242,970242,9717,1,15,15,7,14,0.42857142857142855
btp-health-education-2005,243,970243,9717,0,15,15,7,14,0.5
btp-health-education-2005,244,970244,9717,1,15,15,7,14,0.42857142857142855
btp-health-education-2005,245,970245,9717,0,15,15,7,14,0.5
btp-health-education-2005,246,970246,9717,1,15,15,7,14,0.42857142857142855
btp-health-education-2005,247,970247,9717,0,15,15,7,14,0.5
btp-health-education-2005,248,970248,9717,0,15,15,7,14,0.5
btp-health-education-2005,249,970249,9717,1,15,15,7,14,0.42857142857142855
btp-health-education-2005,250,970250,9717,1,15,15,7,14,0.42857142857142855
btp-health-education-2005,251,970251,9717,0,15,15,7,14,0.5
btp-health-education-2005,252,970252,9717,1,15,15,7,14,0.42857142857142855
btp-health-education-2005,253,970253,9717,0,15,15,7,14,0.5
btp-health-education-2005,254,970254,9717,1,15,15,7,14,0.42857142857142855
btp-health-education-2005,255,970255,9718,1,11,11,8,10,0.7
btp-health-education-2005,256,970256,9718,1,11,11,8,10,0.7
btp-health-education-2005,257,970257,9718,1,11,11,8,10,0.7
btp-health-education-2005,258,970258,9718,1,11,11,8,10,0.7
btp-health-education-2005,259,970259,9718,1,11,11,8,10,0.7
btp-health-education-2005,260,970260,9718,1,11,11,8,10,0.7
btp-health-education-2005,261,970261,9718,1,11,11,8,10,0.7
btp-health-education-2005,262,970262,9718,0,11,11,8,10,0.8
btp-health-education-2005,263,970263,9718,0,11,11,8,10,0.8
btp-health-education-2005,264,970264,9718,1,11,11,8,10,0.7000000000000001
btp-health-education-2005,265,970265,9718,0,11,11,8,10,0.8
btp-health-education-2005,266,970266,9719,0,14,14,6,13,0.4615384615384615
btp-health-education-2005,267,970267,9719,0,14,14,6,13,0.4615384615384615
btp-health-education-2005,268,970268,9719,1,14,14,6,13,0.38461538461538464
btp-health-education-2005,269,970269,9719,0,14,14,6,13,0.4615384615384615
btp-health-education-2005,270,970270,9719,0,14,14,6,13,0.4615384615384615
btp-health-education-2005,271,970271,9719,1,14,14,6,13,0.38461538461538464
btp-health-education-2005,272,970272,9719,0,14,14,6,13,0.4615384615384615
btp-health-education-2005,273,970273,9719,1,14,14,6,13,0.38461538461538464
btp-health-education-2005,274,970274,9719,0,14,14,6,13,0.4615384615384615
btp-health-education-2005,275,970275,9719,0,14,14,6,13,0.4615384615384615
btp-health-education-2005,276,970276,9719,1,14,14,6,13,0.38461538461538464
btp-health-education-2005,277,970277,9719,0,14,14,6,13,0.4615384615384615
btp-health-education-2005,278,970278,9719,1,14,14,6,13,0.38461538461538464
btp-health-education-2005,279,970279,9719,1,14,14,6,13,0.38461538461538464
btp-health-education-2005,280,970280,9720,0,8,8,6,7,0.8571428571428571
btp-health-education-2005,281,970281,9720,1,8,8,6,7,0.7142857142857143
btp-health-education-2005,282,970282,9720,1,8,8,6,7,0.7142857142857143
btp-health-education-2005,283,970283,9720,1,8,8,6,7,0.7142857142857143
btp-health-education-2005,284,970284,9720,1,8,8,6,7,0.7142857142857143
btp-health-education-2005,285,970285,9720,1,8,8,6,7,0.7142857142857143
btp-health-education-2005,286,970286,9720,1,8,8,6,7,0.7142857142857143
btp-health-education-2005,287,970287,9720,0,8,8,6,7,0.8571428571428571
btp-health-education-2005,288,970288,9721,1,16,16,9,15,0.5333333333333333
btp-health-education-2005,289,970289,9721,0,16,16,9,15,0.6
btp-health-education-2005,290,970290,9721,0,16,16,9,15,0.6
btp-health-education-2005,291,970291,9721,1,16,16,9,15,0.5333333333333333
btp-health-education-2005,292,970292,9721,0,16,16,9,15,0.6
btp-health-education-2005,293,970293,9721,0,16,16,9,15,0.6
btp-health-education-2005,294,970294,9721,1,16,16,9,15,0.5333333333333333
btp-health-education-2005,295,970295,9721,1,16,16,9,15,0.5333333333333333
btp-health-education-2005,296,970296,9721,1,16,16,9,15,0.5333333333333333
btp-health-education-2005,297,970297,9721,0,16,16,9,15,0.6
btp-health-education-2005,298,970298,9721,1,16,16,9,15,0.5333333333333333
btp-health-education-2005,299,970299,9721,1,16,16,9,15,0.5333333333333333
btp-health-education-2005,300,970300,9721,1,16,16,9,15,0.5333333333333333
btp-health-education-2005,301,970301,9721,0,16,16,9,15,0.6
btp-health-education-2005,302,970302,9721,0,16,16,9,15,0.6
btp-health-education-2005,303,970303,9721,1,16,16,9,15,0.5333333333333333
btp-health-education-2005,304,970304,9722,0,14,14,5,13,0.38461538461538464
btp-health-education-2005,305,970305,9722,1,14,14,5,13,0.3076923076923077
btp-health-education-2005,306,970306,9722,0,14,14,5,13,0.38461538461538464
btp-health-education-2005,307,970307,9722,1,14,14,5,13,0.3076923076923077
btp-health-education-2005,308,970308,9722,0,14,14,5,13,0.38461538461538464
btp-health-education-2005,309,970309,9722,1,14,14,5,13,0.3076923076923077
btp-health-education-2005,310,970310,9722,0,14,14,5,13,0.38461538461538464
btp-health-education-2005,311,970311,9722,1,14,14,5,13,0.3076923076923077
btp-health-education-2005,312,970312,9722,0,14,14,5,13,0.38461538461538464
btp-health-education-2005,313,970313,9722,0,14,14,5,13,0.38461538461538464
btp-health-education-2005,314,970314,9722,1,14,14,5,13,0.3076923076923077
btp-health-education-2005,315,970315,9722,0,14,14,5,13,0.38461538461538464
btp-health-education-2005,316,970316,9722,0,14,14,5,13,0.38461538461538464
btp-health-education-2005,317,970317,9722,0,14,14,5,13,0.38461538461538464
btp-health-education-2005,318,970318,9723,1,19,19,10,18,0.5
btp-health-education-2005,319,970319,9723,1,19,19,10,18,0.5
btp-health-education-2005,320,970320,9723,0,19,19,10,18,0.5555555555555556
btp-health-education-2005,321,970321,9723,0,19,19,10,18,0.5555555555555556
btp-health-education-2005,322,970322,9723,0,19,19,10,18,0.5555555555555556
btp-health-education-2005,323,970323,9723,0,19,19,10,18,0.5555555555555556
btp-health-education-2005,324,970324,9723,1,19,19,10,18,0.5
btp-health-education-2005,325,970325,9723,0,19,19,10,18,0.5555555555555556
btp-health-education-2005,326,970326,9723,1,19,19,10,18,0.5
btp-health-education-2005,327,970327,9723,0,19,19,10,18,0.5555555555555556
btp-health-education-2005,328,970328,9723,0,19,19,10,18,0.5555555555555556
btp-health-education-2005,329,970329,9723,1,19,19,10,18,0.5
btp-health-education-2005,330,970330,9723,1,19,19,10,18,0.5
btp-health-education-2005,331,970331,9723,0,19,19,10,18,0.5555555555555556
btp-health-education-2005,332,970332,9723,0,19,19,10,18,0.5555555555555556
btp-health-education-2005,333,970333,9723,1,19,19,10,18,0.5
btp-health-education-2005,334,970334,9723,1,19,19,10,18,0.5
btp-health-education-2005,335,970335,9723,1,19,19,10,18,0.5
btp-health-education-2005,336,970336,9723,1,19,19,10,18,0.5
btp-health-education-2005,337,970337,9724,0,17,17,6,16,0.375
btp-health-education-2005,338,970338,9724,0,17,17,6,16,0.375
btp-health-education-2005,339,970339,9724,0,17,17,6,16,0.375
btp-health-education-2005,340,970340,9724,1,17,17,6,16,0.3125
btp-health-education-2005,341,970341,9724,0,17,17,6,16,0.375
btp-health-education-2005,342,970342,9724,0,17,17,6,16,0.375
btp-health-education-2005,343,970343,9724,0,17,17,6,16,0.375
btp-health-education-2005,344,970344,9724,1,17,17,6,16,0.3125
btp-health-education-2005,345,970345,9724,1,17,17,6,16,0.3125
btp-health-education-2005,346,970346,9724,0,17,17,6,16,0.375
btp-health-education-2005,347,970347,9724,1,17,17,6,16,0.3125
btp-health-education-2005,348,970348,9724,0,17,17,6,16,0.375
btp-health-education-2005,349,970349,9724,0,17,17,6,16,0.375
btp-health-education-2005,350,970350,9724,1,17,17,6,16,0.3125
btp-health-education-2005,351,970351,9724,1,17,17,6,16,0.3125
btp-health-education-2005,352,970352,9724,0,17,17,6,16,0.375
btp-health-education-2005,353,970353,9724,0,17,17,6,16,0.375
btp-health-education-2005,354,970354,9725,0,19,19,7,18,0.38888888888888895
btp-health-education-2005,355,970355,9725,1,19,19,7,18,0.33333333333333337
btp-health-education-2005,356,970356,9725,0,19,19,7,18,0.38888888888888895
btp-health-education-2005,357,970357,9725,1,19,19,7,18,0.33333333333333337
btp-health-education-2005,358,970358,9725,0,19,19,7,18,0.38888888888888895
btp-health-education-2005,359,970359,9725,1,19,19,7,18,0.33333333333333337
btp-health-education-2005,360,970360,9725,0,19,19,7,18,0.38888888888888895
btp-health-education-2005,361,970361,9725,1,19,19,7,18,0.33333333333333337
btp-health-education-2005,362,970362,9725,1,19,19,7,18,0.33333333333333337
btp-health-education-2005,363,970363,9725,0,19,19,7,18,0.38888888888888895
btp-health-education-2005,364,970364,9725,0,19,19,7,18,0.38888888888888895
btp-health-education-2005,365,970365,9725,1,19,19,7,18,0.33333333333333337
btp-health-education-2005,366,970366,9725,0,19,19,7,18,0.38888888888888895
btp-health-education-2005,367,970367,9725,0,19,19,7,18,0.38888888888888895
btp-health-education-2005,368,970368,9725,0,19,19,7,18,0.38888888888888895
btp-health-education-2005,369,970369,9725,0,19,19,7,18,0.38888888888888895
btp-health-education-2005,370,970370,9725,0,19,19,7,18,0.38888888888888895
btp-health-education-2005,371,970371,9725,1,19,19,7,18,0.33333333333333337
btp-health-education-2005,372,970372,9725,0,19,19,7,18,0.3888888888888889
btp-health-education-2005,373,970373,9726,1,16,16,8,15,0.4666666666666667
btp-health-education-2005,374,970374,9726,1,16,16,8,15,0.4666666666666667
btp-health-education-2005,375,970375,9726,1,16,16,8,15,0.4666666666666667
btp-health-education-2005,376,970376,9726,1,16,16,8,15,0.4666666666666667
btp-health-education-2005,377,970377,9726,0,16,16,8,15,0.5333333333333333
btp-health-education-2005,378,970378,9726,1,16,16,8,15,0.4666666666666667
btp-health-education-2005,379,970379,9726,0,16,16,8,15,0.5333333333333333
btp-health-education-2005,380,970380,9726,0,16,16,8,15,0.5333333333333333
btp-health-education-2005,381,970381,9726,1,16,16,8,15,0.4666666666666666
btp-health-education-2005,382,970382,9726,0,16,16,8,15,0.5333333333333333
btp-health-education-2005,383,970383,9726,0,16,16,8,15,0.5333333333333333
btp-health-education-2005,384,970384,9726,0,16,16,8,15,0.5333333333333333
btp-health-education-2005,385,970385,9726,1,16,16,8,15,0.4666666666666666
btp-health-education-2005,386,970386,9726,0,16,16,8,15,0.5333333333333333
btp-health-education-2005,387,970387,9726,0,16,16,8,15,0.5333333333333333
btp-health-education-2005,388,970388,9726,1,16,16,8,15,0.4666666666666666
btp-health-education-2005,389,970389,9727,0,16,15,6,14,0.42857142857142855
btp-health-education-2005,390,970390,9727,0,16,15,6,14,0.42857142857142855
btp-health-education-2005,391,970391,9727,1,16,15,6,14,0.3571428571428571
btp-health-education-2005,392,970392,9727,0,16,15,6,14,0.42857142857142855
btp-health-education-2005,393,970393,9727,0,16,15,6,14,0.42857142857142855
btp-health-education-2005,394,970394,9727,0,16,15,6,14,0.42857142857142855
btp-health-education-2005,395,970395,9727,1,16,15,6,14,0.3571428571428571
btp-health-education-2005,396,970396,9727,0,16,15,6,14,0.42857142857142855
btp-health-education-2005,397,970397,9727,0,16,15,6,14,0.42857142857142855
btp-health-education-2005,398,970398,9727,1,16,15,6,14,0.3571428571428571
btp-health-education-2005,399,970399,9727,0,16,15,6,14,0.42857142857142855
btp-health-education-2005,400,970400,9727,1,16,15,6,14,0.3571428571428571
btp-health-education-2005,401,970401,9727,1,16,15,6,14,0.3571428571428571
btp-health-education-2005,402,970402,9727,0,16,15,6,14,0.42857142857142855
btp-health-education-2005,403,970403,9727,1,16,15,6,14,0.3571428571428571
btp-health-education-2005,404,970404,9727,NA,16,15,6,15,0.4
btp-health-education-2005,405,970405,9728,1,14,14,7,13,0.4615384615384615
btp-health-education-2005,406,970406,9728,0,14,14,7,13,0.5384615384615384
btp-health-education-2005,407,970407,9728,1,14,14,7,13,0.4615384615384615
btp-health-education-2005,408,970408,9728,0,14,14,7,13,0.5384615384615384
btp-health-education-2005,409,970409,9728,0,14,14,7,13,0.5384615384615384
btp-health-education-2005,410,970410,9728,0,14,14,7,13,0.5384615384615384
btp-health-education-2005,411,970411,9728,0,14,14,7,13,0.5384615384615384
btp-health-education-2005,412,970412,9728,0,14,14,7,13,0.5384615384615384
btp-health-education-2005,413,970413,9728,1,14,14,7,13,0.4615384615384615
btp-health-education-2005,414,970414,9728,1,14,14,7,13,0.4615384615384615
btp-health-education-2005,415,970415,9728,1,14,14,7,13,0.4615384615384615
btp-health-education-2005,416,970416,9728,1,14,14,7,13,0.4615384615384615
btp-health-education-2005,417,970417,9728,1,14,14,7,13,0.4615384615384615
btp-health-education-2005,418,970418,9728,0,14,14,7,13,0.5384615384615384
btp-health-education-2005,419,970419,9729,0,19,19,11,18,0.6111111111111112
btp-health-education-2005,420,970420,9729,1,19,19,11,18,0.5555555555555556
btp-health-education-2005,421,970421,9729,1,19,19,11,18,0.5555555555555556
btp-health-education-2005,422,970422,9729,0,19,19,11,18,0.6111111111111112
btp-health-education-2005,423,970423,9729,0,19,19,11,18,0.6111111111111112
btp-health-education-2005,424,970424,9729,1,19,19,11,18,0.5555555555555556
btp-health-education-2005,425,970425,9729,1,19,19,11,18,0.5555555555555556
btp-health-education-2005,426,970426,9729,1,19,19,11,18,0.5555555555555556
btp-health-education-2005,427,970427,9729,1,19,19,11,18,0.5555555555555556
btp-health-education-2005,428,970428,9729,0,19,19,11,18,0.6111111111111112
btp-health-education-2005,429,970429,9729,1,19,19,11,18,0.5555555555555556
btp-health-education-2005,430,970430,9729,0,19,19,11,18,0.6111111111111112
btp-health-education-2005,431,970431,9729,0,19,19,11,18,0.6111111111111112
btp-health-education-2005,432,970432,9729,1,19,19,11,18,0.5555555555555556
btp-health-education-2005,433,970433,9729,1,19,19,11,18,0.5555555555555556
btp-health-education-2005,434,970434,9729,0,19,19,11,18,0.6111111111111112
btp-health-education-2005,435,970435,9729,1,19,19,11,18,0.5555555555555556
btp-health-education-2005,436,970436,9729,0,19,19,11,18,0.6111111111111112
btp-health-education-2005,437,970437,9729,1,19,19,11,18,0.5555555555555556
btp-health-education-2005,438,970438,9730,1,17,17,8,16,0.4375
btp-health-education-2005,439,970439,9730,1,17,17,8,16,0.4375
btp-health-education-2005,440,970440,9730,0,17,17,8,16,0.5
btp-health-education-2005,441,970441,9730,0,17,17,8,16,0.5
btp-health-education-2005,442,970442,9730,1,17,17,8,16,0.4375
btp-health-education-2005,443,970443,9730,1,17,17,8,16,0.4375
btp-health-education-2005,444,970444,9730,1,17,17,8,16,0.4375
btp-health-education-2005,445,970445,9730,0,17,17,8,16,0.5
btp-health-education-2005,446,970446,9730,1,17,17,8,16,0.4375
btp-health-education-2005,447,970447,9730,0,17,17,8,16,0.5
btp-health-education-2005,448,970448,9730,0,17,17,8,16,0.5
btp-health-education-2005,449,970449,9730,0,17,17,8,16,0.5
btp-health-education-2005,450,970450,9730,0,17,17,8,16,0.5
btp-health-education-2005,451,970451,9730,1,17,17,8,16,0.4375
btp-health-education-2005,452,970452,9730,0,17,17,8,16,0.5
btp-health-education-2005,453,970453,9730,0,17,17,8,16,0.5
btp-health-education-2005,454,970454,9730,1,17,17,8,16,0.4375
wtu-1996,20000010,20000010,986208,0,21,21,11,20,0.55
wtu-1996,20000020,20000020,986208,1,21,21,11,20,0.5
wtu-1996,20000030,20000030,986203,0,19,19,14,18,0.7777777777777778
wtu-1996,20000040,20000040,986203,0,19,19,14,18,0.7777777777777778
wtu-1996,20000050,20000050,986206,0,20,20,10,19,0.5263157894736842
wtu-1996,20000060,20000060,986203,1,19,19,14,18,0.7222222222222222
wtu-1996,20000070,20000070,986211,0,9,9,4,8,0.5
wtu-1996,20000080,20000080,986210,1,17,17,8,16,0.4375
wtu-1996,20000090,20000090,986205,1,19,19,9,18,0.4444444444444444
wtu-1996,20000100,20000100,986203,0,19,19,14,18,0.7777777777777778
wtu-1996,20000110,20000110,986204,1,19,19,12,18,0.6111111111111112
wtu-1996,20000120,20000120,986206,1,20,20,10,19,0.4736842105263158
wtu-1996,20000130,20000130,986209,1,17,17,9,16,0.5
wtu-1996,20000140,20000140,986202,0,20,20,9,19,0.4736842105263158
wtu-1996,20000150,20000150,986209,1,17,17,9,16,0.5
wtu-1996,20000160,20000160,986206,0,20,20,10,19,0.5263157894736842
wtu-1996,20000170,20000170,986202,0,20,20,9,19,0.4736842105263158
wtu-1996,20000180,20000180,986211,1,9,9,4,8,0.375
wtu-1996,20000190,20000190,986204,1,19,19,12,18,0.6111111111111112
wtu-1996,20000200,20000200,986211,1,9,9,4,8,0.375
wtu-1996,20000210,20000210,986202,0,20,20,9,19,0.4736842105263158
wtu-1996,20000220,20000220,986203,1,19,19,14,18,0.7222222222222222
wtu-1996,20000230,20000230,986203,0,19,19,14,18,0.7777777777777778
wtu-1996,20000240,20000240,986212,1,9,9,8,8,0.875
wtu-1996,20000250,20000250,986213,1,9,9,4,8,0.375
wtu-1996,20000260,20000260,986203,1,19,19,14,18,0.7222222222222222
wtu-1996,20000270,20000270,986204,0,19,19,12,18,0.6666666666666666
wtu-1996,20000280,20000280,986214,1,11,11,6,10,0.5
wtu-1996,20000290,20000290,986210,0,17,17,8,16,0.5
wtu-1996,20000300,20000300,986202,0,20,20,9,19,0.4736842105263158
wtu-1996,20000310,20000310,986202,1,20,20,9,19,0.42105263157894735
wtu-1996,20000320,20000320,986210,1,17,17,8,16,0.4375
wtu-1996,20000330,20000330,986212,1,9,9,8,8,0.875
wtu-1996,20000340,20000340,986201,0,21,21,12,20,0.6
wtu-1996,20000350,20000350,986207,1,19,19,12,18,0.6111111111111112
wtu-1996,20000360,20000360,986210,0,17,17,8,16,0.5
wtu-1996,20000370,20000370,986209,0,17,17,9,16,0.5625
wtu-1996,20000380,20000380,986205,1,19,19,9,18,0.4444444444444444
wtu-1996,20000390,20000390,986205,1,19,19,9,18,0.4444444444444444
wtu-1996,20000400,20000400,986209,0,17,17,9,16,0.5625
wtu-1996,20000410,20000410,986212,1,9,9,8,8,0.875
wtu-1996,20000420,20000420,986209,1,17,17,9,16,0.5
wtu-1996,20000430,20000430,986212,1,9,9,8,8,0.875
wtu-1996,20000440,20000440,986213,1,9,9,4,8,0.375
wtu-1996,20000450,20000450,986210,0,17,17,8,16,0.5
wtu-1996,20000460,20000460,986206,1,20,20,10,19,0.4736842105263158
wtu-1996,20000470,20000470,986206,1,20,20,10,19,0.4736842105263158
wtu-1996,20000480,20000480,986202,1,20,20,9,19,0.42105263157894735
wtu-1996,20000490,20000490,986208,1,21,21,11,20,0.5
wtu-1996,20000500,20000500,986207,1,19,19,12,18,0.6111111111111112
wtu-1996,20000510,20000510,986201,0,21,21,12,20,0.6
wtu-1996,20000520,20000520,986204,1,19,19,12,18,0.6111111111111112
wtu-1996,20000530,20000530,986205,0,19,19,9,18,0.5
wtu-1996,20000540,20000540,986209,1,17,17,9,16,0.5
wtu-1996,20000550,20000550,986207,1,19,19,12,18,0.6111111111111112
wtu-1996,20000560,20000560,986210,0,17,17,8,16,0.5
wtu-1996,20000570,20000570,986202,0,20,20,9,19,0.4736842105263158
wtu-1996,20000580,20000580,986208,0,21,21,11,20,0.55
wtu-1996,20000590,20000590,986213,0,9,9,4,8,0.5
wtu-1996,20000600,20000600,986204,1,19,19,12,18,0.6111111111111112
wtu-1996,20000610,20000610,986214,1,11,11,6,10,0.5
wtu-1996,20000620,20000620,986202,1,20,20,9,19,0.42105263157894735
wtu-1996,20000630,20000630,986210,0,17,17,8,16,0.5
wtu-1996,20000640,20000640,986209,0,17,17,9,16,0.5625
wtu-1996,20000650,20000650,986201,1,21,21,12,20,0.55
wtu-1996,20000660,20000660,986202,1,20,20,9,19,0.42105263157894735
wtu-1996,20000670,20000670,986207,1,19,19,12,18,0.6111111111111112
wtu-1996,20000680,20000680,986210,1,17,17,8,16,0.4375
wtu-1996,20000690,20000690,986205,1,19,19,9,18,0.4444444444444444
wtu-1996,20000700,20000700,986214,1,11,11,6,10,0.5
wtu-1996,20000710,20000710,986208,1,21,21,11,20,0.5
wtu-1996,20000720,20000720,986202,1,20,20,9,19,0.42105263157894735
wtu-1996,20000730,20000730,986204,1,19,19,12,18,0.6111111111111112
wtu-1996,20000740,20000740,986210,1,17,17,8,16,0.4375
wtu-1996,20000750,20000750,986208,1,21,21,11,20,0.5
wtu-1996,20000760,20000760,986206,0,20,20,10,19,0.5263157894736842
wtu-1996,20000770,20000770,986211,0,9,9,4,8,0.5
wtu-1996,20000780,20000780,986204,0,19,19,12,18,0.6666666666666666
wtu-1996,20000790,20000790,986205,0,19,19,9,18,0.5
wtu-1996,20000800,20000800,986208,1,21,21,11,20,0.5
wtu-1996,20000810,20000810,986213,1,9,9,4,8,0.375
wtu-1996,20000820,20000820,986207,0,19,19,12,18,0.6666666666666666
wtu-1996,20000830,20000830,986201,1,21,21,12,20,0.55
wtu-1996,20000840,20000840,986206,1,20,20,10,19,0.4736842105263158
wtu-1996,20000850,20000850,986205,0,19,19,9,18,0.5
wtu-1996,20000860,20000860,986212,1,9,9,8,8,0.875
wtu-1996,20000870,20000870,986207,0,19,19,12,18,0.6666666666666666
wtu-1996,20000880,20000880,986209,0,17,17,9,16,0.5625
wtu-1996,20000890,20000890,986205,1,19,19,9,18,0.4444444444444444
wtu-1996,20000900,20000900,986201,0,21,21,12,20,0.6
wtu-1996,20000910,20000910,986204,0,19,19,12,18,0.6666666666666666
wtu-1996,20000920,20000920,986206,1,20,20,10,19,0.4736842105263158
wtu-1996,20000930,20000930,986207,1,19,19,12,18,0.6111111111111112
wtu-1996,20000940,20000940,986201,1,21,21,12,20,0.55
wtu-1996,20000950,20000950,986206,0,20,20,10,19,0.5263157894736842
wtu-1996,20000960,20000960,986202,1,20,20,9,19,0.42105263157894735
wtu-1996,20000970,20000970,986205,0,19,19,9,18,0.5
wtu-1996,20000980,20000980,986211,1,9,9,4,8,0.375
wtu-1996,20000990,20000990,986205,1,19,19,9,18,0.4444444444444444
wtu-1996,20001000,20001000,986209,0,17,17,9,16,0.5625
wtu-1996,20001010,20001010,986207,1,19,19,12,18,0.6111111111111112
wtu-1996,20001020,20001020,986207,1,19,19,12,18,0.6111111111111112
wtu-1996,20001030,20001030,986212,1,9,9,8,8,0.875
wtu-1996,20001040,20001040,986210,1,17,17,8,16,0.4375
wtu-1996,20001050,20001050,986206,1,20,20,10,19,0.4736842105263158
wtu-1996,20001060,20001060,986208,1,21,21,11,20,0.5
wtu-1996,20001070,20001070,986210,0,17,17,8,16,0.5
wtu-1996,20001080,20001080,986201,1,21,21,12,20,0.55
wtu-1996,20001090,20001090,986201,1,21,21,12,20,0.55
wtu-1996,20001100,20001100,986206,0,20,20,10,19,0.5263157894736842
wtu-1996,20001110,20001110,986214,0,11,11,6,10,0.6
wtu-1996,20001120,20001120,986201,1,21,21,12,20,0.55
wtu-1996,20001130,20001130,986206,1,20,20,10,19,0.4736842105263158
wtu-1996,20001140,20001140,986203,1,19,19,14,18,0.7222222222222222
wtu-1996,20001150,20001150,986213,0,9,9,4,8,0.5
wtu-1996,20001160,20001160,986208,0,21,21,11,20,0.55
wtu-1996,20001170,20001170,986203,1,19,19,14,18,0.7222222222222222
wtu-1996,20001180,20001180,986210,0,17,17,8,16,0.5
wtu-1996,20001190,20001190,986203,1,19,19,14,18,0.7222222222222222
wtu-1996,20001200,20001200,986204,0,19,19,12,18,0.6666666666666666
wtu-1996,20001210,20001210,986209,0,17,17,9,16,0.5625
wtu-1996,20001220,20001220,986201,1,21,21,12,20,0.55
wtu-1996,20001230,20001230,986214,0,11,11,6,10,0.6
wtu-1996,20001240,20001240,986214,0,11,11,6,10,0.6
wtu-1996,20001250,20001250,986203,0,19,19,14,18,0.7777777777777778
wtu-1996,20001260,20001260,986209,1,17,17,9,16,0.5
wtu-1996,20001270,20001270,986208,1,21,21,11,20,0.5
wtu-1996,20001280,20001280,986211,0,9,9,4,8,0.5
wtu-1996,20001290,20001290,986208,0,21,21,11,20,0.55
wtu-1996,20001300,20001300,986207,0,19,19,12,18,0.6666666666666666
wtu-1996,20001310,20001310,986213,0,9,9,4,8,0.5
wtu-1996,20001320,20001320,986201,1,21,21,12,20,0.55
wtu-1996,20001330,20001330,986205,0,19,19,9,18,0.5
wtu-1996,20001340,20001340,986206,0,20,20,10,19,0.5263157894736842
wtu-1996,20001350,20001350,986202,0,20,20,9,19,0.4736842105263158
wtu-1996,20001360,20001360,986214,1,11,11,6,10,0.5
wtu-1996,20001370,20001370,986208,0,21,21,11,20,0.55
wtu-1996,20001380,20001380,986201,1,21,21,12,20,0.55
wtu-1996,20001390,20001390,986205,1,19,19,9,18,0.4444444444444444
wtu-1996,20001400,20001400,986210,1,17,17,8,16,0.4375
wtu-1996,20001410,20001410,986212,0,9,9,8,8,1
wtu-1996,20001420,20001420,986204,1,19,19,12,18,0.6111111111111112
wtu-1996,20001430,20001430,986201,1,21,21,12,20,0.55
wtu-1996,20001440,20001440,986205,0,19,19,9,18,0.5
wtu-1996,20001450,20001450,986203,1,19,19,14,18,0.7222222222222222
wtu-1996,20001460,20001460,986204,1,19,19,12,18,0.6111111111111112
wtu-1996,20001470,20001470,986204,1,19,19,12,18,0.6111111111111112
wtu-1996,20001480,20001480,986211,0,9,9,4,8,0.5
wtu-1996,20001490,20001490,986206,0,20,20,10,19,0.5263157894736842
wtu-1996,20001500,20001500,986204,1,19,19,12,18,0.6111111111111112
wtu-1996,20001510,20001510,986205,0,19,19,9,18,0.5
wtu-1996,20001520,20001520,986201,0,21,21,12,20,0.6
wtu-1996,20001530,20001530,986203,1,19,19,14,18,0.7222222222222222
wtu-1996,20001540,20001540,986214,1,11,11,6,10,0.5
wtu-1996,20001550,20001550,986201,0,21,21,12,20,0.6
wtu-1996,20001560,20001560,986204,1,19,19,12,18,0.6111111111111112
wtu-1996,20001570,20001570,986208,0,21,21,11,20,0.55
wtu-1996,20001580,20001580,986202,0,20,20,9,19,0.4736842105263158
wtu-1996,20001590,20001590,986207,1,19,19,12,18,0.6111111111111112
wtu-1996,20001600,20001600,986201,0,21,21,12,20,0.6
wtu-1996,20001610,20001610,986202,0,20,20,9,19,0.4736842105263158
wtu-1996,20001620,20001620,986214,1,11,11,6,10,0.5
wtu-1996,20001630,20001630,986202,0,20,20,9,19,0.4736842105263158
wtu-1996,20001640,20001640,986214,0,11,11,6,10,0.6
wtu-1996,20001650,20001650,986208,1,21,21,11,20,0.5
wtu-1996,20001660,20001660,986201,1,21,21,12,20,0.55
wtu-1996,20001670,20001670,986205,1,19,19,9,18,0.4444444444444444
wtu-1996,20001680,20001680,986208,1,21,21,11,20,0.5
wtu-1996,20001690,20001690,986207,0,19,19,12,18,0.6666666666666666
wtu-1996,20001700,20001700,986207,1,19,19,12,18,0.6111111111111112
wtu-1996,20001710,20001710,986208,1,21,21,11,20,0.5
wtu-1996,20001720,20001720,986201,1,21,21,12,20,0.55
wtu-1996,20001730,20001730,986203,1,19,19,14,18,0.7222222222222222
wtu-1996,20001740,20001740,986207,0,19,19,12,18,0.6666666666666666
wtu-1996,20001750,20001750,986211,0,9,9,4,8,0.5
wtu-1996,20001760,20001760,986208,0,21,21,11,20,0.55
wtu-1996,20001770,20001770,986208,0,21,21,11,20,0.55
wtu-1996,20001780,20001780,986210,1,17,17,8,16,0.4375
wtu-1996,20001790,20001790,986213,0,9,9,4,8,0.5
wtu-1996,20001800,20001800,986212,1,9,9,8,8,0.875
wtu-1996,20001810,20001810,986202,0,20,20,9,19,0.4736842105263158
wtu-1996,20001820,20001820,986207,1,19,19,12,18,0.6111111111111112
wtu-1996,20001830,20001830,986210,0,17,17,8,16,0.5
wtu-1996,20001840,20001840,986204,0,19,19,12,18,0.6666666666666666
wtu-1996,20001850,20001850,986201,0,21,21,12,20,0.6
wtu-1996,20001860,20001860,986209,1,17,17,9,16,0.5
wtu-1996,20001870,20001870,986202,0,20,20,9,19,0.4736842105263158
wtu-1996,20001880,20001880,986203,1,19,19,14,18,0.7222222222222222
wtu-1996,20001890,20001890,986206,1,20,20,10,19,0.4736842105263158
wtu-1996,20001900,20001900,986204,0,19,19,12,18,0.6666666666666666
wtu-1996,20001910,20001910,986206,0,20,20,10,19,0.5263157894736842
wtu-1996,20001920,20001920,986211,1,9,9,4,8,0.375
wtu-1996,20001930,20001930,986206,1,20,20,10,19,0.4736842105263158
wtu-1996,20001940,20001940,986202,1,20,20,9,19,0.42105263157894735
wtu-1996,20001950,20001950,986206,0,20,20,10,19,0.5263157894736842
wtu-1996,20001960,20001960,986204,1,19,19,12,18,0.6111111111111112
wtu-1996,20001970,20001970,986209,0,17,17,9,16,0.5625
wtu-1996,20001980,20001980,986209,1,17,17,9,16,0.5
wtu-1996,20001990,20001990,986202,1,20,20,9,19,0.42105263157894735
wtu-1996,20002000,20002000,986202,1,20,20,9,19,0.42105263157894735
wtu-1996,20002010,20002010,986204,0,19,19,12,18,0.6666666666666666
wtu-1996,20002020,20002020,986207,0,19,19,12,18,0.6666666666666666
wtu-1996,20002030,20002030,986208,1,21,21,11,20,0.5
wtu-1996,20002040,20002040,986207,0,19,19,12,18,0.6666666666666666
wtu-1996,20002050,20002050,986201,0,21,21,12,20,0.6
wtu-1996,20002060,20002060,986208,0,21,21,11,20,0.55
wtu-1996,20002070,20002070,986214,0,11,11,6,10,0.6
wtu-1996,20002080,20002080,986213,1,9,9,4,8,0.375
wtu-1996,20002090,20002090,986209,0,17,17,9,16,0.5625
wtu-1996,20002100,20002100,986203,1,19,19,14,18,0.7222222222222222
wtu-1996,20002110,20002110,986201,0,21,21,12,20,0.6
wtu-1996,20002120,20002120,986207,1,19,19,12,18,0.6111111111111112
wtu-1996,20002130,20002130,986206,1,20,20,10,19,0.4736842105263158
wtu-1996,20002140,20002140,986213,0,9,9,4,8,0.5
wtu-1996,20002150,20002150,986209,1,17,17,9,16,0.5
wtu-1996,20002160,20002160,986205,0,19,19,9,18,0.5
wtu-1996,20002170,20002170,986205,0,19,19,9,18,0.5
wtu-1996,20002180,20002180,986209,1,17,17,9,16,0.5
wtu-1996,20002190,20002190,986203,1,19,19,14,18,0.7222222222222222
wtu-1996,20002200,20002200,986210,1,17,17,8,16,0.4375
wtu-1996,20002210,20002210,986204,1,19,19,12,18,0.6111111111111112
wtu-1996,20002220,20002220,986212,1,9,9,8,8,0.875
wtu-1996,20002230,20002230,986206,0,20,20,10,19,0.5263157894736842
wtu-1996,20002240,20002240,986203,1,19,19,14,18,0.7222222222222222
wtu-1996,20002250,20002250,986205,0,19,19,9,18,0.5
wtu-1996,20002260,20002260,986205,1,19,19,9,18,0.4444444444444444
wtu-1996,20002270,20002270,986210,0,17,17,8,16,0.5
wtu-1996,20002280,20002280,986207,1,19,19,12,18,0.6111111111111112
wtu-1996,20002290,20002290,986203,1,19,19,14,18,0.7222222222222222
wtu-1996,20002300,20002300,986208,0,21,21,11,20,0.55
nic-1996,cdd-nic-1996-survey:source-row-1,NA,9544520,NA,14,13,9,13,0.6923076923076923
nic-1996,10000080,10000080,9544514,1,16,15,8,14,0.5
nic-1996,10000100,10000100,9544524,1,17,17,10,16,0.5625
nic-1996,10000110,10000110,9544518,0,17,17,9,16,0.5625
nic-1996,10000130,10000130,9544512,1,18,18,10,17,0.5294117647058825
nic-1996,10000160,10000160,9544506,0,18,18,11,17,0.6470588235294118
nic-1996,10000250,10000250,9544515,1,13,13,6,12,0.41666666666666663
nic-1996,10000270,10000270,9544506,0,18,18,11,17,0.6470588235294118
nic-1996,10000310,10000310,9544511,1,16,16,10,15,0.6
nic-1996,10000380,10000380,9544517,0,14,13,5,12,0.41666666666666663
nic-1996,10000400,10000400,9544519,1,17,17,10,16,0.5625
nic-1996,10000440,10000440,9544516,1,15,15,8,14,0.5
nic-1996,10000460,10000460,9544505,NA,15,14,6,14,0.42857142857142855
nic-1996,10000500,10000500,9544519,0,17,17,10,16,0.625
nic-1996,10000510,10000510,9544512,0,18,18,10,17,0.588235294117647
nic-1996,10000520,10000520,9544501,0,16,16,4,15,0.2666666666666667
nic-1996,10000570,10000570,9544521,1,16,16,8,15,0.4666666666666667
nic-1996,10000571,10000571,9544522,1,13,13,6,12,0.41666666666666663
nic-1996,10000590,10000590,9544519,0,17,17,10,16,0.625
nic-1996,10000610,10000610,9544523,1,12,12,8,11,0.6363636363636364
nic-1996,10000630,10000630,9544524,0,17,17,10,16,0.625
nic-1996,10000650,10000650,9544502,1,15,15,10,14,0.6428571428571429
nic-1996,10000670,10000670,9544508,0,18,18,10,17,0.5882352941176471
nic-1996,10000710,10000710,9544525,0,15,15,8,14,0.5714285714285714
nic-1996,10000740,10000740,9544526,0,18,18,11,17,0.6470588235294118
nic-1996,10000760,10000760,9544527,0,12,11,5,10,0.5
nic-1996,10000800,10000800,9544517,0,14,13,5,12,0.41666666666666663
nic-1996,10000830,10000830,9544502,1,15,15,10,14,0.6428571428571429
nic-1996,10000840,10000840,9544518,1,17,17,9,16,0.5
nic-1996,10000900,10000900,9544529,1,14,14,8,13,0.5384615384615384
nic-1996,10000920,10000920,9544525,1,15,15,8,14,0.5
nic-1996,10000940,10000940,9544519,1,17,17,10,16,0.5625
nic-1996,10000970,10000970,9544503,1,17,17,8,16,0.4375
nic-1996,10001000,10001000,9544530,0,15,15,6,14,0.42857142857142855
nic-1996,10001030,10001030,9544506,1,18,18,11,17,0.588235294117647
nic-1996,10001070,10001070,9544512,1,18,18,10,17,0.5294117647058825
nic-1996,10001130,10001130,9544506,0,18,18,11,17,0.6470588235294118
nic-1996,10001140,10001140,9544504,0,18,17,7,16,0.4375
nic-1996,10001150,10001150,9544514,1,16,15,8,14,0.5
nic-1996,10001170,10001170,9544505,0,15,14,6,13,0.4615384615384616
nic-1996,10001180,10001180,9544506,1,18,18,11,17,0.588235294117647
nic-1996,10001190,10001190,9544507,1,15,15,10,14,0.6428571428571428
nic-1996,10001220,10001220,9544515,0,13,13,6,12,0.5
nic-1996,10001230,10001230,9544509,1,18,18,7,17,0.3529411764705882
nic-1996,10001250,10001250,9544512,0,18,18,10,17,0.588235294117647
nic-1996,10001300,10001300,9544510,0,13,13,4,12,0.33333333333333337
nic-1996,10001320,10001320,9544527,0,12,11,5,10,0.5
nic-1996,10001400,10001400,9544511,1,16,16,10,15,0.6
nic-1996,10001420,10001420,9544503,0,17,17,8,16,0.5
nic-1996,10001470,10001470,9544504,0,18,17,7,16,0.4375
nic-1996,10001520,10001520,9544513,1,16,16,10,15,0.6
nic-1996,10001540,10001540,9544519,0,17,17,10,16,0.625
nic-1996,10001560,10001560,9544513,0,16,16,10,15,0.6666666666666667
nic-1996,10001570,10001570,9544514,1,16,15,8,14,0.5
nic-1996,10001590,10001590,9544515,0,13,13,6,12,0.5
nic-1996,10001620,10001620,9544516,1,15,15,8,14,0.5
nic-1996,10001820,10001820,9544518,0,17,17,9,16,0.5625
nic-1996,10001860,10001860,9544504,0,18,17,7,16,0.4375
nic-1996,10001870,10001870,9544508,1,18,18,10,17,0.5294117647058824
nic-1996,10001880,10001880,9544520,0,14,13,9,12,0.75
nic-1996,10001890,10001890,9544521,1,16,16,8,15,0.4666666666666667
nic-1996,10001900,10001900,9544522,1,13,13,6,12,0.41666666666666663
nic-1996,10001950,10001950,9544507,1,15,15,10,14,0.6428571428571428
nic-1996,10001960,10001960,9544501,0,16,16,4,15,0.2666666666666667
nic-1996,10002060,10002060,9544520,1,14,13,9,12,0.6666666666666666
nic-1996,10002070,10002070,9544509,1,18,18,7,17,0.3529411764705882
nic-1996,10002100,10002100,9544520,1,14,13,9,12,0.6666666666666666
nic-1996,10002120,10002120,9544521,1,16,16,8,15,0.4666666666666667
nic-1996,10002170,10002170,9544523,1,12,12,8,11,0.6363636363636364
nic-1996,10002180,10002180,9544505,0,15,14,6,13,0.4615384615384616
nic-1996,10002330,10002330,9544507,0,15,15,10,14,0.7142857142857143
nic-1996,10002350,10002350,9544521,1,16,16,8,15,0.4666666666666667
nic-1996,10002410,10002410,9544528,0,15,15,10,14,0.7142857142857143
nic-1996,10002420,10002420,9544524,0,17,17,10,16,0.625
nic-1996,10002490,10002490,9544523,1,12,12,8,11,0.6363636363636364
nic-1996,10002500,10002500,9544529,0,14,14,8,13,0.6153846153846154
nic-1996,10002530,10002530,9544517,1,14,13,5,12,0.33333333333333337
nic-1996,10002570,10002570,9544509,0,18,18,7,17,0.41176470588235303
nic-1996,10002620,10002620,9544505,1,15,14,6,13,0.38461538461538464
nic-1996,10002640,10002640,9544510,0,13,13,4,12,0.33333333333333337
nic-1996,10002720,10002720,9544524,0,17,17,10,16,0.625
nic-1996,10002730,10002730,9544519,0,17,17,10,16,0.625
nic-1996,10002770,10002770,9544502,0,15,15,10,14,0.7142857142857143
nic-1996,10002780,10002780,9544511,0,16,16,10,15,0.6666666666666666
nic-1996,10002800,10002800,9544503,0,17,17,8,16,0.5
nic-1996,10002810,10002810,9544512,0,18,18,10,17,0.588235294117647
nic-1996,10002820,10002820,9544526,1,18,18,11,17,0.5882352941176471
nic-1996,10002830,10002830,9544504,0,18,17,7,16,0.4375
nic-1996,10002870,10002870,9544522,1,13,13,6,12,0.41666666666666663
nic-1996,10002890,10002890,9544506,0,18,18,11,17,0.6470588235294118
nic-1996,10002940,10002940,9544513,1,16,16,10,15,0.6
nic-1996,10003000,10003000,9544513,1,16,16,10,15,0.6
nic-1996,10003020,10003020,9544508,0,18,18,10,17,0.5882352941176471
nic-1996,10003090,10003090,9544509,1,18,18,7,17,0.3529411764705882
nic-1996,10003120,10003120,9544506,1,18,18,11,17,0.5882352941176471
nic-1996,10003130,10003130,9544527,1,12,11,5,10,0.4
nic-1996,10003150,10003150,9544508,1,18,18,10,17,0.5294117647058824
nic-1996,10003260,10003260,9544528,1,15,15,10,14,0.6428571428571429
nic-1996,10003270,10003270,9544514,1,16,15,8,14,0.5
nic-1996,10003290,10003290,9544529,0,14,14,8,13,0.6153846153846154
nic-1996,10003330,10003330,9544528,0,15,15,10,14,0.7142857142857143
nic-1996,10003340,10003340,9544501,0,16,16,4,15,0.2666666666666667
nic-1996,10003350,10003350,9544502,1,15,15,10,14,0.6428571428571429
nic-1996,10003400,10003400,9544503,1,17,17,8,16,0.4375
nic-1996,10003410,10003410,9544504,0,18,17,7,16,0.4375
nic-1996,10003430,10003430,9544526,0,18,18,11,17,0.6470588235294118
nic-1996,10003440,10003440,9544529,1,14,14,8,13,0.5384615384615384
nic-1996,10003460,10003460,9544508,0,18,18,10,17,0.5882352941176471
nic-1996,10003500,10003500,9544521,0,16,16,8,15,0.5333333333333333
nic-1996,10003520,10003520,9544516,1,15,15,8,14,0.5
nic-1996,10003580,10003580,9544515,1,13,13,6,12,0.41666666666666663
nic-1996,10003610,10003610,9544524,0,17,17,10,16,0.625
nic-1996,10003620,10003620,9544501,0,16,16,4,15,0.2666666666666667
nic-1996,10003660,10003660,9544508,1,18,18,10,17,0.5294117647058824
nic-1996,10003690,10003690,9544502,1,15,15,10,14,0.6428571428571429
nic-1996,10003710,10003710,9544510,1,13,13,4,12,0.25
nic-1996,10003870,10003870,9544509,0,18,18,7,17,0.41176470588235303
nic-1996,10003880,10003880,9544503,1,17,17,8,16,0.4375
nic-1996,10003900,10003900,9544516,0,15,15,8,14,0.5714285714285714
nic-1996,10003930,10003930,9544521,1,16,16,8,15,0.4666666666666667
nic-1996,10004040,10004040,9544509,1,18,18,7,17,0.3529411764705882
nic-1996,10004080,10004080,9544525,0,15,15,8,14,0.5714285714285714
nic-1996,10004110,10004110,9544505,1,15,14,6,13,0.38461538461538464
nic-1996,10004150,10004150,9544511,1,16,16,10,15,0.6
nic-1996,10004160,10004160,9544506,0,18,18,11,17,0.6470588235294118
nic-1996,10004230,10004230,9544507,1,15,15,10,14,0.6428571428571428
nic-1996,10004250,10004250,9544518,1,17,17,9,16,0.5
nic-1996,10004270,10004270,9544509,0,18,18,7,17,0.411764705882353
nic-1996,10004280,10004280,9544510,0,13,13,4,12,0.33333333333333337
nic-1996,10004330,10004330,9544527,0,12,11,5,10,0.5
nic-1996,10004340,10004340,9544511,0,16,16,10,15,0.6666666666666666
nic-1996,10004380,10004380,9544511,1,16,16,10,15,0.6
nic-1996,10004420,10004420,9544525,1,15,15,8,14,0.5
nic-1996,10004460,10004460,9544505,0,15,14,6,13,0.4615384615384616
nic-1996,10004540,10004540,9544506,0,18,18,11,17,0.6470588235294118
nic-1996,10004630,10004630,9544528,1,15,15,10,14,0.6428571428571429
nic-1996,10004660,10004660,9544513,1,16,16,10,15,0.6
nic-1996,10004670,10004670,9544514,NA,16,15,8,15,0.5333333333333333
nic-1996,10004690,10004690,9544513,1,16,16,10,15,0.6
nic-1996,10004700,10004700,9544514,0,16,15,8,14,0.5714285714285714
nic-1996,10004710,10004710,9544517,0,14,13,5,12,0.41666666666666663
nic-1996,10004720,10004720,9544515,0,13,13,6,12,0.5
nic-1996,10004760,10004760,9544516,0,15,15,8,14,0.5714285714285714
nic-1996,10004850,10004850,9544515,0,13,13,6,12,0.5
nic-1996,10004860,10004860,9544516,1,15,15,8,14,0.5
nic-1996,10004930,10004930,9544519,1,17,17,10,16,0.5625
nic-1996,10004970,10004970,9544518,0,17,17,9,16,0.5625
nic-1996,10004980,10004980,9544517,0,14,13,5,12,0.41666666666666663
nic-1996,10005000,10005000,9544520,1,14,13,9,12,0.6666666666666666
nic-1996,10005010,10005010,9544518,1,17,17,9,16,0.5
nic-1996,10005030,10005030,9544509,0,18,18,7,17,0.411764705882353
nic-1996,10005040,10005040,9544521,0,16,16,8,15,0.5333333333333333
nic-1996,10005050,10005050,9544526,1,18,18,11,17,0.5882352941176471
nic-1996,10005150,10005150,9544529,0,14,14,8,13,0.6153846153846154
nic-1996,10005160,10005160,9544507,1,15,15,10,14,0.6428571428571428
nic-1996,10005180,10005180,9544525,0,15,15,8,14,0.5714285714285714
nic-1996,10005260,10005260,9544511,0,16,16,10,15,0.6666666666666666
nic-1996,10005270,10005270,9544526,1,18,18,11,17,0.5882352941176471
nic-1996,10005360,10005360,9544509,1,18,18,7,17,0.3529411764705882
nic-1996,10005400,10005400,9544509,0,18,18,7,17,0.411764705882353
nic-1996,10005410,10005410,9544527,0,12,11,5,10,0.5
nic-1996,10005420,10005420,9544519,1,17,17,10,16,0.5625
nic-1996,10005430,10005430,9544520,1,14,13,9,12,0.6666666666666666
nic-1996,10005440,10005440,9544520,0,14,13,9,12,0.75
nic-1996,10005450,10005450,9544510,0,13,13,4,12,0.33333333333333337
nic-1996,10005460,10005460,9544513,1,16,16,10,15,0.6
nic-1996,10005580,10005580,9544511,1,16,16,10,15,0.6
nic-1996,10005650,10005650,9544528,1,15,15,10,14,0.6428571428571429
nic-1996,10005691,10005691,9544516,1,15,15,8,14,0.5
nic-1996,10005730,10005730,9544514,0,16,15,8,14,0.5714285714285714
nic-1996,10005800,10005800,9544511,0,16,16,10,15,0.6666666666666666
nic-1996,10005810,10005810,9544513,0,16,16,10,15,0.6666666666666667
nic-1996,10005820,10005820,9544529,1,14,14,8,13,0.5384615384615384
nic-1996,10005830,10005830,9544529,1,14,14,8,13,0.5384615384615384
nic-1996,10005840,10005840,9544512,0,18,18,10,17,0.588235294117647
nic-1996,10005850,10005850,9544514,0,16,15,8,14,0.5714285714285714
nic-1996,10005860,10005860,9544521,0,16,16,8,15,0.5333333333333333
nic-1996,10005890,10005890,9544521,0,16,16,8,15,0.5333333333333333
nic-1996,10005920,10005920,9544512,0,18,18,10,17,0.588235294117647
nic-1996,10005930,10005930,9544515,0,13,13,6,12,0.5
nic-1996,10005960,10005960,9544501,0,16,16,4,15,0.2666666666666667
nic-1996,10006040,10006040,9544502,1,15,15,10,14,0.6428571428571429
nic-1996,10006070,10006070,9544513,1,16,16,10,15,0.6
nic-1996,10006110,10006110,9544514,1,16,15,8,14,0.5
nic-1996,10006200,10006200,9544523,0,12,12,8,11,0.7272727272727273
nic-1996,10006220,10006220,9544508,1,18,18,10,17,0.5294117647058824
nic-1996,10006280,10006280,9544513,1,16,16,10,15,0.6
nic-1996,10006310,10006310,9544516,0,15,15,8,14,0.5714285714285714
nic-1996,10006320,10006320,9544503,0,17,17,8,16,0.5
nic-1996,10006330,10006330,9544514,1,16,15,8,14,0.5
nic-1996,10006340,10006340,9544504,0,18,17,7,16,0.4375
nic-1996,10006350,10006350,9544517,0,14,13,5,12,0.41666666666666663
nic-1996,10006360,10006360,9544530,0,15,15,6,14,0.42857142857142855
nic-1996,10006390,10006390,9544501,0,16,16,4,15,0.2666666666666667
nic-1996,10006400,10006400,9544526,1,18,18,11,17,0.5882352941176471
nic-1996,10006430,10006430,9544518,1,17,17,9,16,0.5
nic-1996,10006500,10006500,9544522,0,13,13,6,12,0.5
nic-1996,10006510,10006510,9544502,1,15,15,10,14,0.6428571428571429
nic-1996,10006540,10006540,9544516,1,15,15,8,14,0.5
nic-1996,10006580,10006580,9544518,1,17,17,9,16,0.5
nic-1996,10006620,10006620,9544523,0,12,12,8,11,0.7272727272727273
nic-1996,10006660,10006660,9544525,0,15,15,8,14,0.5714285714285714
nic-1996,10006700,10006700,9544519,0,17,17,10,16,0.625
nic-1996,10006710,10006710,9544507,1,15,15,10,14,0.6428571428571428
nic-1996,10006740,10006740,9544508,0,18,18,10,17,0.5882352941176471
nic-1996,10006760,10006760,9544503,1,17,17,8,16,0.4375
nic-1996,10006780,10006780,9544511,1,16,16,10,15,0.6
nic-1996,10006790,10006790,9544515,0,13,13,6,12,0.5
nic-1996,10006800,10006800,9544509,1,18,18,7,17,0.3529411764705882
nic-1996,10006880,10006880,9544524,1,17,17,10,16,0.5625
nic-1996,10006900,10006900,9544520,0,14,13,9,12,0.75
nic-1996,10006920,10006920,9544504,0,18,17,7,16,0.4375
nic-1996,10006930,10006930,9544526,1,18,18,11,17,0.5882352941176471
nic-1996,10006960,10006960,9544528,1,15,15,10,14,0.6428571428571429
nic-1996,10007010,10007010,9544518,1,17,17,9,16,0.5
nic-1996,10007140,10007140,9544522,1,13,13,6,12,0.41666666666666663
nic-1996,10007160,10007160,9544522,0,13,13,6,12,0.5
nic-1996,10007170,10007170,9544513,0,16,16,10,15,0.6666666666666666
nic-1996,10007180,10007180,9544501,1,16,16,4,15,0.20000000000000004
nic-1996,10007190,10007190,9544514,0,16,15,8,14,0.5714285714285714
nic-1996,10007210,10007210,9544517,0,14,13,5,12,0.41666666666666663
nic-1996,10007220,10007220,9544505,0,15,14,6,13,0.4615384615384616
nic-1996,10007250,10007250,9544517,1,14,13,5,12,0.33333333333333337
nic-1996,10007390,10007390,9544524,1,17,17,10,16,0.5625
nic-1996,10007410,10007410,9544503,1,17,17,8,16,0.4375
nic-1996,10007430,10007430,9544506,1,18,18,11,17,0.5882352941176471
nic-1996,10007450,10007450,9544518,0,17,17,9,16,0.5625
nic-1996,10007471,10007471,9544519,0,17,17,10,16,0.625
nic-1996,10007520,10007520,9544520,1,14,13,9,12,0.6666666666666666
nic-1996,10007570,10007570,9544523,0,12,12,8,11,0.7272727272727273
nic-1996,10007580,10007580,9544507,0,15,15,10,14,0.7142857142857143
nic-1996,10007590,10007590,9544505,0,15,14,6,13,0.4615384615384616
nic-1996,10007620,10007620,9544522,0,13,13,6,12,0.5
nic-1996,10007640,10007640,9544524,1,17,17,10,16,0.5625
nic-1996,10007710,10007710,9544525,0,15,15,8,14,0.5714285714285714
nic-1996,10007720,10007720,9544518,0,17,17,9,16,0.5625
nic-1996,10007730,10007730,9544524,1,17,17,10,16,0.5625
nic-1996,10007750,10007750,9544525,1,15,15,8,14,0.5
nic-1996,10007760,10007760,9544525,0,15,15,8,14,0.5714285714285714
nic-1996,10007780,10007780,9544507,1,15,15,10,14,0.6428571428571428
nic-1996,10007840,10007840,9544526,0,18,18,11,17,0.6470588235294118
nic-1996,10007860,10007860,9544512,0,18,18,10,17,0.588235294117647
nic-1996,10007960,10007960,9544505,1,15,14,6,13,0.38461538461538464
nic-1996,10008030,10008030,9544528,1,15,15,10,14,0.6428571428571429
nic-1996,10008050,10008050,9544526,1,18,18,11,17,0.5882352941176471
nic-1996,10008060,10008060,9544529,0,14,14,8,13,0.6153846153846154
nic-1996,10008070,10008070,9544530,1,15,15,6,14,0.3571428571428571
nic-1996,10008080,10008080,9544527,1,12,11,5,10,0.4
nic-1996,10008090,10008090,9544501,0,16,16,4,15,0.2666666666666667
nic-1996,10008110,10008110,9544528,1,15,15,10,14,0.6428571428571429
nic-1996,10008120,10008120,9544512,0,18,18,10,17,0.588235294117647
nic-1996,10008130,10008130,9544503,1,17,17,8,16,0.4375
nic-1996,10008150,10008150,9544529,1,14,14,8,13,0.5384615384615384
nic-1996,10008210,10008210,9544504,1,18,17,7,16,0.375
nic-1996,10008220,10008220,9544505,0,15,14,6,13,0.4615384615384616
nic-1996,10008240,10008240,9544530,0,15,15,6,14,0.42857142857142855
nic-1996,10008260,10008260,9544528,0,15,15,10,14,0.7142857142857143
nic-1996,10008310,10008310,9544501,0,16,16,4,15,0.2666666666666667
nic-1996,10008320,10008320,9544529,1,14,14,8,13,0.5384615384615384
nic-1996,10008350,10008350,9544512,1,18,18,10,17,0.5294117647058824
nic-1996,10008380,10008380,9544502,0,15,15,10,14,0.7142857142857143
nic-1996,10008400,10008400,9544503,0,17,17,8,16,0.5
nic-1996,10008420,10008420,9544504,1,18,17,7,16,0.375
nic-1996,10008430,10008430,9544507,1,15,15,10,14,0.6428571428571428
nic-1996,10008440,10008440,9544519,1,17,17,10,16,0.5625
nic-1996,10008450,10008450,9544509,1,18,18,7,17,0.3529411764705882
nic-1996,10008451,10008451,9544530,1,15,15,6,14,0.3571428571428571
nic-1996,10008460,10008460,9544512,1,18,18,10,17,0.5294117647058824
nic-1996,10008580,10008580,9544509,0,18,18,7,17,0.411764705882353
nic-1996,10008590,10008590,9544510,1,13,13,4,12,0.25
nic-1996,10008640,10008640,9544508,1,18,18,10,17,0.5294117647058824
nic-1996,10008660,10008660,9544512,1,18,18,10,17,0.5294117647058824
nic-1996,10008690,10008690,9544501,1,16,16,4,15,0.20000000000000004
nic-1996,10008710,10008710,9544515,1,13,13,6,12,0.41666666666666663
nic-1996,10008740,10008740,9544517,1,14,13,5,12,0.33333333333333337
nic-1996,10008750,10008750,9544527,1,12,11,5,10,0.4
nic-1996,10008780,10008780,9544518,0,17,17,9,16,0.5625
nic-1996,10008840,10008840,9544509,0,18,18,7,17,0.411764705882353
nic-1996,10008890,10008890,9544511,1,16,16,10,15,0.6
nic-1996,10008930,10008930,9544510,1,13,13,4,12,0.25
nic-1996,10008940,10008940,9544521,1,16,16,8,15,0.4666666666666666
nic-1996,10009000,10009000,9544523,0,12,12,8,11,0.7272727272727273
nic-1996,10009030,10009030,9544503,1,17,17,8,16,0.4375
nic-1996,10009090,10009090,9544519,1,17,17,10,16,0.5625
nic-1996,10009150,10009150,9544524,1,17,17,10,16,0.5625
nic-1996,10009180,10009180,9544510,0,13,13,4,12,0.33333333333333337
nic-1996,10009251,10009251,9544504,0,18,17,7,16,0.4375
nic-1996,10009390,10009390,9544525,0,15,15,8,14,0.5714285714285714
nic-1996,10009440,10009440,9544518,1,17,17,9,16,0.5
nic-1996,10009460,10009460,9544524,1,17,17,10,16,0.5625
nic-1996,10009520,10009520,9544519,1,17,17,10,16,0.5625
nic-1996,10009530,10009530,9544525,1,15,15,8,14,0.5
nic-1996,10009590,10009590,9544506,1,18,18,11,17,0.5882352941176471
nic-1996,10009630,10009630,9544507,0,15,15,10,14,0.7142857142857143
nic-1996,10009650,10009650,9544508,0,18,18,10,17,0.5882352941176471
nic-1996,10009670,10009670,9544526,1,18,18,11,17,0.5882352941176471
nic-1996,10009750,10009750,9544530,0,15,15,6,14,0.42857142857142855
nic-1996,10009810,10009810,9544502,0,15,15,10,14,0.7142857142857143
nic-1996,10009840,10009840,9544516,0,15,15,8,14,0.5714285714285714
nic-1996,10009870,10009870,9544504,1,18,17,7,16,0.375
nic-1996,10009970,10009970,9544506,1,18,18,11,17,0.5882352941176471
nic-1996,10009990,10009990,9544526,1,18,18,11,17,0.5882352941176471
nic-1996,10010000,10010000,9544507,0,15,15,10,14,0.7142857142857143
nic-1996,10010030,10010030,9544519,1,17,17,10,16,0.5625
nic-1996,10010060,10010060,9544508,0,18,18,10,17,0.5882352941176471
nic-1996,10010080,10010080,9544517,NA,14,13,5,13,0.38461538461538464
nic-1996,10010110,10010110,9544509,0,18,18,7,17,0.411764705882353
nic-1996,10010120,10010120,9544510,0,13,13,4,12,0.33333333333333337
nic-1996,10010140,10010140,9544506,1,18,18,11,17,0.5882352941176471
nic-1996,10010160,10010160,9544512,1,18,18,10,17,0.5294117647058824
nic-1996,10010180,10010180,9544513,1,16,16,10,15,0.6
nic-1996,10010200,10010200,9544518,1,17,17,9,16,0.5
nic-1996,10010210,10010210,9544519,1,17,17,10,16,0.5625
nic-1996,10010220,10010220,9544513,0,16,16,10,15,0.6666666666666666
nic-1996,10010230,10010230,9544514,0,16,15,8,14,0.5714285714285714
nic-1996,10010250,10010250,9544515,1,13,13,6,12,0.41666666666666663
nic-1996,10010280,10010280,9544516,1,15,15,8,14,0.5
nic-1996,10010330,10010330,9544521,1,16,16,8,15,0.4666666666666666
nic-1996,10010340,10010340,9544526,0,18,18,11,17,0.6470588235294118
nic-1996,10010360,10010360,9544522,0,13,13,6,12,0.5
nic-1996,10010390,10010390,9544511,0,16,16,10,15,0.6666666666666666
nic-1996,10010520,10010520,9544517,0,14,13,5,12,0.41666666666666663
nic-1996,10010550,10010550,9544528,1,15,15,10,14,0.6428571428571429
nic-1996,10010580,10010580,9544501,1,16,16,4,15,0.20000000000000004
nic-1996,10010600,10010600,9544520,1,14,13,9,12,0.6666666666666666
nic-1996,10010620,10010620,9544508,1,18,18,10,17,0.5294117647058824
nic-1996,10010630,10010630,9544521,0,16,16,8,15,0.5333333333333333
nic-1996,10010640,10010640,9544522,0,13,13,6,12,0.5
nic-1996,10010650,10010650,9544523,1,12,12,8,11,0.6363636363636364
nic-1996,10010660,10010660,9544524,0,17,17,10,16,0.625
nic-1996,10010690,10010690,9544513,1,16,16,10,15,0.6
nic-1996,10010700,10010700,9544514,1,16,15,8,14,0.5
nic-1996,10010710,10010710,9544525,1,15,15,8,14,0.5
nic-1996,10010720,10010720,9544515,0,13,13,6,12,0.5
nic-1996,10010730,10010730,9544510,1,13,13,4,12,0.25
nic-1996,10010760,10010760,9544514,0,16,15,8,14,0.5714285714285714
nic-1996,10010770,10010770,9544527,0,12,11,5,10,0.5
nic-1996,10010850,10010850,9544516,0,15,15,8,14,0.5714285714285714
nic-1996,10010870,10010870,9544512,0,18,18,10,17,0.588235294117647
nic-1996,10010960,10010960,9544528,0,15,15,10,14,0.7142857142857143
nic-1996,10011020,10011020,9544518,0,17,17,9,16,0.5625
nic-1996,10011030,10011030,9544508,1,18,18,10,17,0.5294117647058824
nic-1996,10011040,10011040,9544524,0,17,17,10,16,0.625
nic-1996,10011120,10011120,9544514,1,16,15,8,14,0.5
nic-1996,10011130,10011130,9544515,1,13,13,6,12,0.41666666666666663
nic-1996,10011150,10011150,9544520,0,14,13,9,12,0.75
nic-1996,10011180,10011180,9544529,1,14,14,8,13,0.5384615384615384
nic-1996,10011200,10011200,9544529,0,14,14,8,13,0.6153846153846154
nic-1996,10011210,10011210,9544522,0,13,13,6,12,0.5
nic-1996,10011220,10011220,9544521,1,16,16,8,15,0.4666666666666666
nic-1996,10011230,10011230,9544523,1,12,12,8,11,0.6363636363636364
nic-1996,10011240,10011240,9544511,1,16,16,10,15,0.6
nic-1996,10011310,10011310,9544524,1,17,17,10,16,0.5625
nic-1996,10011320,10011320,9544530,0,15,15,6,14,0.42857142857142855
nic-1996,10011330,10011330,9544512,1,18,18,10,17,0.5294117647058824
nic-1996,10011370,10011370,9544515,1,13,13,6,12,0.41666666666666663
nic-1996,10011430,10011430,9544525,1,15,15,8,14,0.5
nic-1996,10011440,10011440,9544501,0,16,16,4,15,0.2666666666666667
nic-1996,10011450,10011450,9544502,1,15,15,10,14,0.6428571428571429
nic-1996,10011470,10011470,9544530,0,15,15,6,14,0.42857142857142855
nic-1996,10011490,10011490,9544526,1,18,18,11,17,0.5882352941176471
nic-1996,10011500,10011500,9544530,0,15,15,6,14,0.42857142857142855
nic-1996,10011510,10011510,9544502,1,15,15,10,14,0.6428571428571429
nic-1996,10011520,10011520,9544501,0,16,16,4,15,0.2666666666666667
nic-1996,10011550,10011550,9544502,1,15,15,10,14,0.6428571428571429
nic-1996,10011560,10011560,9544527,0,12,11,5,10,0.5
nic-1996,10011580,10011580,9544503,1,17,17,8,16,0.4375
nic-1996,10011630,10011630,9544501,0,16,16,4,15,0.2666666666666667
nic-1996,10011650,10011650,9544502,1,15,15,10,14,0.6428571428571429
nic-1996,10011660,10011660,9544503,0,17,17,8,16,0.5
nic-1996,10011680,10011680,9544504,NA,18,17,7,17,0.411764705882353
nic-1996,10011740,10011740,9544522,1,13,13,6,12,0.41666666666666663
nic-1996,10011900,10011900,9544503,0,17,17,8,16,0.5
nic-1996,10011960,10011960,9544506,1,18,18,11,17,0.5882352941176471
nic-1996,10012080,10012080,9544517,1,14,13,5,12,0.33333333333333337
nic-1996,10012090,10012090,9544504,1,18,17,7,16,0.375
nic-1996,10012092,10012092,9544524,0,17,17,10,16,0.625
nic-1996,10012120,10012120,9544528,1,15,15,10,14,0.6428571428571429
nic-1996,10012140,10012140,9544516,0,15,15,8,14,0.5714285714285714
nic-1996,10012170,10012170,9544529,1,14,14,8,13,0.5384615384615384
nic-1996,10012200,10012200,9544505,1,15,14,6,13,0.38461538461538464
nic-1996,10012220,10012220,9544517,1,14,13,5,12,0.33333333333333337
nic-1996,10012230,10012230,9544518,0,17,17,9,16,0.5625
nic-1996,10012240,10012240,9544508,0,18,18,10,17,0.5882352941176471
nic-1996,10012270,10012270,9544525,1,15,15,8,14,0.5
nic-1996,10012310,10012310,9544526,0,18,18,11,17,0.6470588235294118
nic-1996,10012320,10012320,9544526,0,18,18,11,17,0.6470588235294118
nic-1996,10012370,10012370,9544505,0,15,14,6,13,0.4615384615384616
nic-1996,10012390,10012390,9544527,1,12,11,5,10,0.4
nic-1996,10012470,10012470,9544520,1,14,13,9,12,0.6666666666666666
nic-1996,10012490,10012490,9544504,1,18,17,7,16,0.375
nic-1996,10012540,10012540,9544529,0,14,14,8,13,0.6153846153846154
nic-1996,10012580,10012580,9544521,0,16,16,8,15,0.5333333333333333
nic-1996,10012660,10012660,9544528,1,15,15,10,14,0.6428571428571429
nic-1996,10012680,10012680,9544508,0,18,18,10,17,0.5882352941176471
nic-1996,10012700,10012700,9544507,0,15,15,10,14,0.7142857142857143
nic-1996,10012740,10012740,9544530,0,15,15,6,14,0.42857142857142855
nic-1996,10012790,10012790,9544527,NA,12,11,5,11,0.4545454545454546
nic-1996,10012800,10012800,9544530,0,15,15,6,14,0.42857142857142855
nic-1996,10012810,10012810,9544520,1,14,13,9,12,0.6666666666666666
nic-1996,10012820,10012820,9544530,1,15,15,6,14,0.3571428571428571
nic-1996,10012830,10012830,9544523,1,12,12,8,11,0.6363636363636364
nic-1996,10012840,10012840,9544508,1,18,18,10,17,0.5294117647058824
nic-1996,10012850,10012850,9544505,1,15,14,6,13,0.38461538461538464
nic-1996,10012990,10012990,9544512,1,18,18,10,17,0.5294117647058824
nic-1996,10013030,10013030,9544513,0,16,16,10,15,0.6666666666666666
nic-1996,10013040,10013040,9544514,0,16,15,8,14,0.5714285714285714
nic-1996,10013041,10013041,9544512,1,18,18,10,17,0.5294117647058824
nic-1996,10013130,10013130,9544530,1,15,15,6,14,0.3571428571428571
nic-1996,10013270,10013270,9544501,0,16,16,4,15,0.2666666666666667
nic-1996,10013280,10013280,9544524,1,17,17,10,16,0.5625
nic-1996,10013350,10013350,9544518,1,17,17,9,16,0.5
nic-1996,10013380,10013380,9544526,0,18,18,11,17,0.6470588235294118
nic-1996,10013390,10013390,9544519,1,17,17,10,16,0.5625
nic-1996,10013430,10013430,9544501,1,16,16,4,15,0.20000000000000004
nic-1996,10013520,10013520,9544521,0,16,16,8,15,0.5333333333333333
nic-1996,10013540,10013540,9544502,0,15,15,10,14,0.7142857142857143
nic-1996,10013590,10013590,9544522,1,13,13,6,12,0.41666666666666663
nic-1996,10013620,10013620,9544503,0,17,17,8,16,0.5
nic-1996,10013630,10013630,9544520,1,14,13,9,12,0.6666666666666666
nic-1996,10013670,10013670,9544523,1,12,12,8,11,0.6363636363636364
nic-1996,10013710,10013710,9544507,1,15,15,10,14,0.6428571428571429
nic-1996,10013730,10013730,9544502,0,15,15,10,14,0.7142857142857143
nic-1996,10013760,10013760,9544524,1,17,17,10,16,0.5625
nic-1996,10013790,10013790,9544525,1,15,15,8,14,0.5
nic-1996,10013800,10013800,9544526,1,18,18,11,17,0.5882352941176471
nic-1996,10013810,10013810,9544527,1,12,11,5,10,0.4
nic-1996,10013830,10013830,9544528,0,15,15,10,14,0.7142857142857143
nic-1996,10013890,10013890,9544530,1,15,15,6,14,0.3571428571428571
nic-1996,10014010,10014010,9544526,1,18,18,11,17,0.5882352941176471
nic-1996,10014040,10014040,9544521,0,16,16,8,15,0.5333333333333333
nic-1996,10014190,10014190,9544509,0,18,18,7,17,0.411764705882353
nic-1996,10014281,10014281,9544504,1,18,17,7,16,0.375
nic-1996,10014282,10014282,9544505,0,15,14,6,13,0.4615384615384616
nic-1996,10014283,10014283,9544506,1,18,18,11,17,0.5882352941176471
nic-1996,10014320,10014320,9544503,0,17,17,8,16,0.5
nic-1996,10014330,10014330,9544506,0,18,18,11,17,0.6470588235294118
nic-1996,10014360,10014360,9544503,0,17,17,8,16,0.5
nic-1996,10014450,10014450,9544504,1,18,17,7,16,0.375
nic-1996,10014510,10014510,9544519,0,17,17,10,16,0.625
nic-1996,10014530,10014530,9544506,1,18,18,11,17,0.5882352941176471
nic-1996,10014550,10014550,9544528,1,15,15,10,14,0.6428571428571429
nic-1996,10014560,10014560,9544510,0,13,13,4,12,0.33333333333333337
nic-1996,10014570,10014570,9544511,0,16,16,10,15,0.6666666666666666
nic-1996,10014590,10014590,9544507,1,15,15,10,14,0.6428571428571429
nic-1996,10014610,10014610,9544504,0,18,17,7,16,0.4375
nic-1996,10014640,10014640,9544522,0,13,13,6,12,0.5
nic-1996,10014650,10014650,9544505,1,15,14,6,13,0.38461538461538464
nic-1996,10014670,10014670,9544506,1,18,18,11,17,0.5882352941176471
nic-1996,10014680,10014680,9544507,1,15,15,10,14,0.6428571428571429
nic-1996,10014690,10014690,9544523,1,12,12,8,11,0.6363636363636364
nic-1996,10014710,10014710,9544508,1,18,18,10,17,0.5294117647058824
nic-1996,10014720,10014720,9544509,0,18,18,7,17,0.411764705882353
nic-1996,10014750,10014750,9544508,1,18,18,10,17,0.5294117647058824
nic-1996,10014790,10014790,9544509,0,18,18,7,17,0.411764705882353
nic-1996,10014800,10014800,9544510,0,13,13,4,12,0.33333333333333337
nic-1996,10014810,10014810,9544510,0,13,13,4,12,0.33333333333333337
nic-1996,10014830,10014830,9544511,1,16,16,10,15,0.6
nic-1996,10014840,10014840,9544516,1,15,15,8,14,0.5
nic-1996,10014860,10014860,9544513,0,16,16,10,15,0.6666666666666666
nic-1996,10014930,10014930,9544530,1,15,15,6,14,0.3571428571428571
nic-1996,10014940,10014940,9544512,1,18,18,10,17,0.5294117647058824
nic-1996,10014950,10014950,9544516,0,15,15,8,14,0.5714285714285714
nic-1996,10014960,10014960,9544517,0,14,13,5,12,0.41666666666666663
nic-1996,10014980,10014980,9544504,0,18,17,7,16,0.4375
nic-1996,10014990,10014990,9544511,1,16,16,10,15,0.6
swepco-1996,30000010,30000010,3000304,0,18,18,9,17,0.5294117647058824
swepco-1996,30000020,30000020,3000312,1,17,17,11,16,0.625
swepco-1996,30000030,30000030,3000315,1,18,18,8,17,0.4117647058823529
swepco-1996,30000040,30000040,3000309,1,16,16,11,15,0.6666666666666666
swepco-1996,30000050,30000050,3000315,0,18,18,8,17,0.4705882352941176
swepco-1996,30000060,30000060,3000307,0,16,16,12,15,0.8
swepco-1996,30000070,30000070,3000303,0,17,17,7,16,0.4375
swepco-1996,30000080,30000080,3000303,0,17,17,7,16,0.4375
swepco-1996,30000090,30000090,3000308,0,18,18,9,17,0.5294117647058824
swepco-1996,30000100,30000100,3000313,1,16,16,7,15,0.4
swepco-1996,30000110,30000110,3000313,1,16,16,7,15,0.4
swepco-1996,30000120,30000120,3000310,1,18,18,11,17,0.5882352941176471
swepco-1996,30000130,30000130,3000303,0,17,17,7,16,0.4375
swepco-1996,30000140,30000140,3000302,1,15,15,10,14,0.6428571428571429
swepco-1996,30000150,30000150,3000314,1,17,17,13,16,0.75
swepco-1996,30000160,30000160,3000302,1,15,15,10,14,0.6428571428571429
swepco-1996,30000170,30000170,3000304,1,18,18,9,17,0.4705882352941176
swepco-1996,30000180,30000180,3000315,0,18,18,8,17,0.4705882352941176
swepco-1996,30000190,30000190,3000307,1,16,16,12,15,0.7333333333333333
swepco-1996,30000200,30000200,3000308,0,18,18,9,17,0.5294117647058824
swepco-1996,30000210,30000210,3000304,1,18,18,9,17,0.4705882352941176
swepco-1996,30000220,30000220,3000307,0,16,16,12,15,0.8
swepco-1996,30000230,30000230,3000305,1,16,16,11,15,0.6666666666666666
swepco-1996,30000240,30000240,3000312,1,17,17,11,16,0.625
swepco-1996,30000250,30000250,3000313,1,16,16,7,15,0.4
swepco-1996,30000260,30000260,3000303,0,17,17,7,16,0.4375
swepco-1996,30000270,30000270,3000307,1,16,16,12,15,0.7333333333333333
swepco-1996,30000280,30000280,3000311,0,16,16,6,15,0.4
swepco-1996,30000290,30000290,3000304,1,18,18,9,17,0.4705882352941176
swepco-1996,30000300,30000300,3000308,0,18,18,9,17,0.5294117647058824
swepco-1996,30000310,30000310,3000314,1,17,17,13,16,0.75
swepco-1996,30000320,30000320,3000311,0,16,16,6,15,0.4
swepco-1996,30000330,30000330,3000311,0,16,16,6,15,0.4
swepco-1996,30000340,30000340,3000314,1,17,17,13,16,0.75
swepco-1996,30000350,30000350,3000308,1,18,18,9,17,0.4705882352941176
swepco-1996,30000360,30000360,3000302,1,15,15,10,14,0.6428571428571429
swepco-1996,30000370,30000370,3000304,1,18,18,9,17,0.4705882352941176
swepco-1996,30000380,30000380,3000301,1,14,14,8,13,0.5384615384615384
swepco-1996,30000390,30000390,3000314,0,17,17,13,16,0.8125
swepco-1996,30000400,30000400,3000308,1,18,18,9,17,0.4705882352941176
swepco-1996,30000410,30000410,3000304,1,18,18,9,17,0.4705882352941176
swepco-1996,30000420,30000420,3000307,0,16,16,12,15,0.8
swepco-1996,30000430,30000430,3000305,1,16,16,11,15,0.6666666666666666
swepco-1996,30000440,30000440,3000310,0,18,18,11,17,0.6470588235294118
swepco-1996,30000450,30000450,3000314,0,17,17,13,16,0.8125
swepco-1996,30000460,30000460,3000312,0,17,17,11,16,0.6875
swepco-1996,30000470,30000470,3000305,0,16,16,11,15,0.7333333333333333
swepco-1996,30000480,30000480,3000305,0,16,16,11,15,0.7333333333333333
swepco-1996,30000490,30000490,3000303,1,17,17,7,16,0.375
swepco-1996,30000500,30000500,3000309,1,16,16,11,15,0.6666666666666666
swepco-1996,30000510,30000510,3000304,0,18,18,9,17,0.5294117647058824
swepco-1996,30000520,30000520,3000311,0,16,16,6,15,0.4
swepco-1996,30000530,30000530,3000308,0,18,18,9,17,0.5294117647058824
swepco-1996,30000540,30000540,3000302,0,15,15,10,14,0.7142857142857143
swepco-1996,30000550,30000550,3000315,0,18,18,8,17,0.4705882352941176
swepco-1996,30000560,30000560,3000308,0,18,18,9,17,0.5294117647058824
swepco-1996,30000570,30000570,3000311,1,16,16,6,15,0.33333333333333337
swepco-1996,30000580,30000580,3000313,1,16,16,7,15,0.4
swepco-1996,30000590,30000590,3000307,1,16,16,12,15,0.7333333333333334
swepco-1996,30000600,30000600,3000303,1,17,17,7,16,0.375
swepco-1996,30000610,30000610,3000310,1,18,18,11,17,0.5882352941176471
swepco-1996,30000620,30000620,3000303,1,17,17,7,16,0.375
swepco-1996,30000630,30000630,3000305,1,16,16,11,15,0.6666666666666666
swepco-1996,30000640,30000640,3000312,0,17,17,11,16,0.6875
swepco-1996,30000650,30000650,3000312,1,17,17,11,16,0.625
swepco-1996,30000660,30000660,3000313,0,16,16,7,15,0.4666666666666667
swepco-1996,30000670,30000670,3000305,1,16,16,11,15,0.6666666666666666
swepco-1996,30000680,30000680,3000313,0,16,16,7,15,0.4666666666666667
swepco-1996,30000690,30000690,3000308,0,18,18,9,17,0.5294117647058824
swepco-1996,30000700,30000700,3000307,1,16,16,12,15,0.7333333333333334
swepco-1996,30000710,30000710,3000314,1,17,17,13,16,0.75
swepco-1996,30000720,30000720,3000313,0,16,16,7,15,0.4666666666666667
swepco-1996,30000730,30000730,3000310,0,18,18,11,17,0.6470588235294118
swepco-1996,30000740,30000740,3000308,1,18,18,9,17,0.4705882352941176
swepco-1996,30000750,30000750,3000310,1,18,18,11,17,0.5882352941176471
swepco-1996,30000760,30000760,3000308,1,18,18,9,17,0.4705882352941176
swepco-1996,30000770,30000770,3000305,0,16,16,11,15,0.7333333333333333
swepco-1996,30000780,30000780,3000302,1,15,15,10,14,0.6428571428571428
swepco-1996,30000790,30000790,3000303,0,17,17,7,16,0.4375
swepco-1996,30000800,30000800,3000310,1,18,18,11,17,0.5882352941176471
swepco-1996,30000810,30000810,3000303,0,17,17,7,16,0.4375
swepco-1996,30000820,30000820,3000314,0,17,17,13,16,0.8125
swepco-1996,30000830,30000830,3000311,0,16,16,6,15,0.4
swepco-1996,30000840,30000840,3000302,0,15,15,10,14,0.7142857142857143
swepco-1996,30000850,30000850,3000301,0,14,14,8,13,0.6153846153846154
swepco-1996,30000860,30000860,3000303,1,17,17,7,16,0.375
swepco-1996,30000870,30000870,3000308,1,18,18,9,17,0.4705882352941176
swepco-1996,30000880,30000880,3000313,0,16,16,7,15,0.4666666666666667
swepco-1996,30000890,30000890,3000315,1,18,18,8,17,0.4117647058823529
swepco-1996,30000900,30000900,3000315,0,18,18,8,17,0.4705882352941176
swepco-1996,30000910,30000910,3000310,1,18,18,11,17,0.5882352941176471
swepco-1996,30000920,30000920,3000304,1,18,18,9,17,0.4705882352941176
swepco-1996,30000930,30000930,3000305,1,16,16,11,15,0.6666666666666666
swepco-1996,30000940,30000940,3000308,1,18,18,9,17,0.4705882352941176
swepco-1996,30000950,30000950,3000301,1,14,14,8,13,0.5384615384615384
swepco-1996,30000960,30000960,3000307,1,16,16,12,15,0.7333333333333334
swepco-1996,30000970,30000970,3000312,0,17,17,11,16,0.6875
swepco-1996,30000980,30000980,3000313,1,16,16,7,15,0.4
swepco-1996,30000990,30000990,3000302,0,15,15,10,14,0.7142857142857143
swepco-1996,30001000,30001000,3000315,1,18,18,8,17,0.4117647058823529
swepco-1996,30001010,30001010,3000304,1,18,18,9,17,0.4705882352941176
swepco-1996,30001020,30001020,3000309,1,16,16,11,15,0.6666666666666666
swepco-1996,30001030,30001030,3000307,1,16,16,12,15,0.7333333333333334
swepco-1996,30001040,30001040,3000313,0,16,16,7,15,0.4666666666666667
swepco-1996,30001050,30001050,3000308,1,18,18,9,17,0.4705882352941176
swepco-1996,30001060,30001060,3000308,1,18,18,9,17,0.4705882352941176
swepco-1996,30001070,30001070,3000303,0,17,17,7,16,0.4375
swepco-1996,30001080,30001080,3000307,1,16,16,12,15,0.7333333333333334
swepco-1996,30001090,30001090,3000315,0,18,18,8,17,0.4705882352941176
swepco-1996,30001100,30001100,3000314,1,17,17,13,16,0.75
swepco-1996,30001110,30001110,3000314,1,17,17,13,16,0.75
swepco-1996,30001120,30001120,3000310,1,18,18,11,17,0.5882352941176471
swepco-1996,30001130,30001130,3000304,0,18,18,9,17,0.5294117647058824
swepco-1996,30001140,30001140,3000301,0,14,14,8,13,0.6153846153846154
swepco-1996,30001150,30001150,3000305,1,16,16,11,15,0.6666666666666666
swepco-1996,30001160,30001160,3000315,1,18,18,8,17,0.4117647058823529
swepco-1996,30001170,30001170,3000311,1,16,16,6,15,0.33333333333333337
swepco-1996,30001180,30001180,3000307,1,16,16,12,15,0.7333333333333334
swepco-1996,30001190,30001190,3000315,1,18,18,8,17,0.4117647058823529
swepco-1996,30001200,30001200,3000314,1,17,17,13,16,0.75
swepco-1996,30001210,30001210,3000302,1,15,15,10,14,0.6428571428571428
swepco-1996,30001220,30001220,3000311,0,16,16,6,15,0.4
swepco-1996,30001230,30001230,3000302,1,15,15,10,14,0.6428571428571428
swepco-1996,30001240,30001240,3000312,1,17,17,11,16,0.625
swepco-1996,30001250,30001250,3000309,0,16,16,11,15,0.7333333333333333
swepco-1996,30001260,30001260,3000313,0,16,16,7,15,0.4666666666666667
swepco-1996,30001270,30001270,3000301,0,14,14,8,13,0.6153846153846154
swepco-1996,30001280,30001280,3000310,1,18,18,11,17,0.5882352941176471
swepco-1996,30001290,30001290,3000309,0,16,16,11,15,0.7333333333333333
swepco-1996,30001300,30001300,3000311,1,16,16,6,15,0.33333333333333337
swepco-1996,30001310,30001310,3000312,0,17,17,11,16,0.6875
swepco-1996,30001320,30001320,3000303,0,17,17,7,16,0.4375
swepco-1996,30001330,30001330,3000310,0,18,18,11,17,0.6470588235294118
swepco-1996,30001340,30001340,3000308,0,18,18,9,17,0.5294117647058824
swepco-1996,30001350,30001350,3000301,1,14,14,8,13,0.5384615384615384
swepco-1996,30001360,30001360,3000307,1,16,16,12,15,0.7333333333333334
swepco-1996,30001370,30001370,3000313,0,16,16,7,15,0.4666666666666667
swepco-1996,30001380,30001380,3000315,0,18,18,8,17,0.4705882352941176
swepco-1996,30001390,30001390,3000315,0,18,18,8,17,0.4705882352941176
swepco-1996,30001400,30001400,3000309,1,16,16,11,15,0.6666666666666666
swepco-1996,30001410,30001410,3000310,0,18,18,11,17,0.6470588235294118
swepco-1996,30001420,30001420,3000309,0,16,16,11,15,0.7333333333333333
swepco-1996,30001430,30001430,3000311,1,16,16,6,15,0.33333333333333337
swepco-1996,30001440,30001440,3000301,1,14,14,8,13,0.5384615384615384
swepco-1996,30001450,30001450,3000307,1,16,16,12,15,0.7333333333333334
swepco-1996,30001460,30001460,3000304,1,18,18,9,17,0.4705882352941176
swepco-1996,30001470,30001470,3000305,0,16,16,11,15,0.7333333333333334
swepco-1996,30001480,30001480,3000314,1,17,17,13,16,0.75
swepco-1996,30001490,30001490,3000312,1,17,17,11,16,0.625
swepco-1996,30001500,30001500,3000307,1,16,16,12,15,0.7333333333333334
swepco-1996,30001510,30001510,3000301,1,14,14,8,13,0.5384615384615384
swepco-1996,30001520,30001520,3000305,1,16,16,11,15,0.6666666666666666
swepco-1996,30001530,30001530,3000303,1,17,17,7,16,0.375
swepco-1996,30001540,30001540,3000314,1,17,17,13,16,0.75
swepco-1996,30001550,30001550,3000313,1,16,16,7,15,0.4
swepco-1996,30001560,30001560,3000301,0,14,14,8,13,0.6153846153846154
swepco-1996,30001570,30001570,3000304,0,18,18,9,17,0.5294117647058824
swepco-1996,30001580,30001580,3000304,0,18,18,9,17,0.5294117647058824
swepco-1996,30001590,30001590,3000309,1,16,16,11,15,0.6666666666666666
swepco-1996,30001600,30001600,3000313,0,16,16,7,15,0.4666666666666667
swepco-1996,30001610,30001610,3000311,1,16,16,6,15,0.33333333333333337
swepco-1996,30001620,30001620,3000303,1,17,17,7,16,0.375
swepco-1996,30001630,30001630,3000309,1,16,16,11,15,0.6666666666666666
swepco-1996,30001640,30001640,3000315,1,18,18,8,17,0.4117647058823529
swepco-1996,30001650,30001650,3000311,0,16,16,6,15,0.4
swepco-1996,30001660,30001660,3000302,1,15,15,10,14,0.6428571428571428
swepco-1996,30001670,30001670,3000314,1,17,17,13,16,0.75
swepco-1996,30001680,30001680,3000304,0,18,18,9,17,0.5294117647058824
swepco-1996,30001690,30001690,3000309,1,16,16,11,15,0.6666666666666666
swepco-1996,30001700,30001700,3000315,1,18,18,8,17,0.4117647058823529
swepco-1996,30001710,30001710,3000308,1,18,18,9,17,0.4705882352941176
swepco-1996,30001720,30001720,3000302,1,15,15,10,14,0.6428571428571428
swepco-1996,30001730,30001730,3000304,0,18,18,9,17,0.5294117647058824
swepco-1996,30001740,30001740,3000310,0,18,18,11,17,0.6470588235294118
swepco-1996,30001750,30001750,3000301,1,14,14,8,13,0.5384615384615384
swepco-1996,30001760,30001760,3000310,0,18,18,11,17,0.6470588235294118
swepco-1996,30001770,30001770,3000312,0,17,17,11,16,0.6875
swepco-1996,30001780,30001780,3000315,0,18,18,8,17,0.4705882352941176
swepco-1996,30001790,30001790,3000310,1,18,18,11,17,0.5882352941176471
swepco-1996,30001800,30001800,3000314,1,17,17,13,16,0.75
swepco-1996,30001810,30001810,3000312,0,17,17,11,16,0.6875
swepco-1996,30001820,30001820,3000304,0,18,18,9,17,0.5294117647058824
swepco-1996,30001830,30001830,3000305,1,16,16,11,15,0.6666666666666666
swepco-1996,30001840,30001840,3000302,0,15,15,10,14,0.7142857142857143
swepco-1996,30001850,30001850,3000312,1,17,17,11,16,0.625
swepco-1996,30001860,30001860,3000315,0,18,18,8,17,0.4705882352941176
swepco-1996,30001870,30001870,3000311,1,16,16,6,15,0.33333333333333337
swepco-1996,30001880,30001880,3000314,1,17,17,13,16,0.75
swepco-1996,30001890,30001890,3000313,0,16,16,7,15,0.4666666666666667
swepco-1996,30001900,30001900,3000310,0,18,18,11,17,0.6470588235294118
swepco-1996,30001910,30001910,3000305,0,16,16,11,15,0.7333333333333334
swepco-1996,30001920,30001920,3000309,1,16,16,11,15,0.6666666666666666
swepco-1996,30001930,30001930,3000312,1,17,17,11,16,0.625
swepco-1996,30001940,30001940,3000314,1,17,17,13,16,0.75
swepco-1996,30001950,30001950,3000301,1,14,14,8,13,0.5384615384615384
swepco-1996,30001960,30001960,3000312,1,17,17,11,16,0.625
swepco-1996,30001970,30001970,3000305,1,16,16,11,15,0.6666666666666666
swepco-1996,30001980,30001980,3000304,0,18,18,9,17,0.5294117647058824
swepco-1996,30001990,30001990,3000310,1,18,18,11,17,0.5882352941176471
swepco-1996,30002000,30002000,3000305,1,16,16,11,15,0.6666666666666666
swepco-1996,30002010,30002010,3000314,0,17,17,13,16,0.8125
swepco-1996,30002020,30002020,3000312,1,17,17,11,16,0.625
swepco-1996,30002030,30002030,3000305,1,16,16,11,15,0.6666666666666666
swepco-1996,30002040,30002040,3000301,1,14,14,8,13,0.5384615384615384
swepco-1996,30002050,30002050,3000303,0,17,17,7,16,0.4375
swepco-1996,30002060,30002060,3000310,1,18,18,11,17,0.5882352941176471
swepco-1996,30002070,30002070,3000303,1,17,17,7,16,0.375
swepco-1996,30002080,30002080,3000308,0,18,18,9,17,0.5294117647058824
swepco-1996,30002090,30002090,3000309,1,16,16,11,15,0.6666666666666666
swepco-1996,30002100,30002100,3000311,0,16,16,6,15,0.4
swepco-1996,30002110,30002110,3000303,0,17,17,7,16,0.4375
swepco-1996,30002120,30002120,3000302,1,15,15,10,14,0.6428571428571428
swepco-1996,30002130,30002130,3000309,1,16,16,11,15,0.6666666666666666
swepco-1996,30002140,30002140,3000311,0,16,16,6,15,0.4
swepco-1996,30002150,30002150,3000311,0,16,16,6,15,0.4
swepco-1996,30002160,30002160,3000310,1,18,18,11,17,0.5882352941176471
swepco-1996,30002170,30002170,3000307,0,16,16,12,15,0.8
swepco-1996,30002180,30002180,3000312,1,17,17,11,16,0.625
swepco-1996,30002190,30002190,3000315,1,18,18,8,17,0.4117647058823529
swepco-1996,30002200,30002200,3000309,1,16,16,11,15,0.6666666666666666
swepco-1996,30002210,30002210,3000309,0,16,16,11,15,0.7333333333333334
swepco-1996,30002220,30002220,3000309,0,16,16,11,15,0.7333333333333334
swepco-1996,30002230,30002230,3000315,0,18,18,8,17,0.4705882352941176
swepco-1996,30002240,30002240,3000308,0,18,18,9,17,0.5294117647058824
swepco-1996,30002250,30002250,3000302,0,15,15,10,14,0.7142857142857143
swepco-1996,30002260,30002260,3000313,1,16,16,7,15,0.4
swepco-1996,30002270,30002270,3000301,0,14,14,8,13,0.6153846153846154
swepco-1996,30002280,30002280,3000301,0,14,14,8,13,0.6153846153846154
swepco-1996,30002290,30002290,3000307,1,16,16,12,15,0.7333333333333334
swepco-1996,30002300,30002300,3000304,1,18,18,9,17,0.4705882352941176
swepco-1996,30002310,30002310,3000312,1,17,17,11,16,0.625
swepco-1996,30002320,30002320,3000302,1,15,15,10,14,0.6428571428571428
