legacy_field,caseid,historical_value,approved_value
grpgain,1,2,0.3846153846153847
grpgain,4,1.7202797202797206,0.5
grpgain,5,0.6293706293706294,0.46666666666666673
grpgain,6,2.9090909090909074,0.23076923076923073
grpgain,8,0.4484848484848485,0.3888888888888889
grpgain,11,0.5370629370629371,0.2533333333333333
grpgain,12,0.28571428571428575,0.2738095238095238
grpgain,17,0.5714285714285713,0.2878787878787879
grpgain,24,0.42727272727272736,0.3785714285714286
grpgain,25,0.45021645021645024,0.3925925925925926
grpgain,31,0.5874125874125874,0.34821428571428575
grpgain,32,0.10489510489510487,0.48333333333333334
grpgain,38,0.448051948051948,0.4375
grpgain,39,0.18842975206611573,0.46923076923076923
grpgain,42,0.607792207792208,0.3090909090909091
grpgain,43,0.7030303030303031,0.358974358974359
grpgain,46,0.5619834710743802,0.5476190476190476
grpgain,49,0.3776223776223776,0.34615384615384615
grpgain,57,1.0681818181818183,0.49999999999999994
grpgain,61,0.289044289044289,0.37301587301587297
grpgain,64,0.04958677685950415,0.4083333333333333
grpgain,68,0.22377622377622378,0.39999999999999997
grpgain,79,0.6293706293706293,0.34375
grpgain,83,0.15757575757575756,0.41111111111111115
grpgain,86,1.762237762237763,0.423076923076923
grpgain,87,0.1958041958041958,0.4351851851851853
grpgain,88,0.6293706293706294,0.35555555555555557
grpgain,90,0.6272727272727272,0.46153846153846156
grpgain,93,0.6818181818181818,0.39166666666666666
grpgain,95,0.4435564435564435,0.34065934065934067
grpgain,107,0.9230769230769231,0.42857142857142855
grpgain,108,1.5104895104895106,0.46153846153846156
grpgain,110,3.4181818181818175,0.36363636363636365
grpgain,126,0.2181818181818182,0.3866666666666666
grpgain,127,1.1157024793388428,0.326923076923077
grpgain,130,1.0000000000000002,0.5897435897435898
grpgain,133,1.2755244755244755,0.24615384615384617
grpgain,135,0.8330578512396694,0.4714285714285714
grpgain,137,0.17532467532467527,0.3583333333333333
grpgain,142,0.5963636363636364,0.5066666666666666
grpgain,143,0.21445221445221443,0.35897435897435903
grpgain,146,0.12121212121212117,0.38383838383838387
grpgain,152,0.1575757575757576,0.4393939393939394
grpgain,154,0.414725770097671,0.4405594405594405
grpgain,155,0.43388429752066127,0.42708333333333337
grpgain,158,0.1428571428571429,0.4222222222222222
grpgain,164,0.5672727272727273,0.4666666666666667
grpgain,165,0.11748251748251747,0.46153846153846156
grpgain,167,0.5714285714285716,0.4395604395604395
grpgain,170,0.24935064935064935,0.4
grpgain,174,0.1333333333333333,0.35555555555555557
grpgain,177,0.36363636363636387,0.4333333333333334
grpgain,178,0.38787878787878804,0.4047619047619047
grpgain,180,0.4848484848484847,0.4444444444444444
grpgain,182,0.0779220779220779,0.35897435897435903
grpgain,183,0.36363636363636365,0.5384615384615384
grpgain,186,0.42020202020202024,0.38461538461538464
grpgain,189,0.4363636363636363,0.3506493506493506
grpgain,199,0.17662337662337665,0.4107142857142857
grpgain,200,0.35431235431235436,0.5
grpgain,205,4.636363636363634,0.18749999999999997
grpgain,208,0.29090909090909095,0.5555555555555556
grpgain,210,0.597979797979798,0.32539682539682535
grpgain,216,0.5394605394605394,0.40659340659340654
grpgain,224,0.24335664335664337,0.4076923076923077
grpgain,226,0.4285714285714286,0.32142857142857145
grpgain,239,0.2613636363636363,0.513888888888889
grpgain,240,0.40330578512396703,0.47727272727272735
grpgain,244,0.9890909090909092,0.3692307692307692
grpgain,248,0.16161616161616163,0.4518518518518519
grpgain,249,0.3376623376623376,0.30952380952380953
grpgain,252,0.0568181818181818,0.39843750000000006
grpgain,256,0.7636363636363637,0.5111111111111112
grpgain,260,1.2587412587412585,0.31666666666666665
grpgain,262,0.6503496503496502,0.3653846153846154
grpgain,307,0.26666666666666666,0.49358974358974356
grpgain,309,0.7045454545454545,0.34615384615384615
grpgain,312,0.503030303030303,0.5
grpgain,313,0.7657342657342657,0.39166666666666666
grpgain,315,0.4075924075924076,0.37142857142857144
grpgain,321,0.3669421487603306,0.4357142857142857
grpgain,327,0.7272727272727273,0.33333333333333337
grpgain,329,5.818181818181817,0.5833333333333334
grpgain,338,0.6623376623376622,0.37500000000000006
grpgain,340,0.20606060606060597,0.37777777777777777
grpgain,343,0.37847866419295,0.4081632653061225
grpgain,344,0.35431235431235425,0.5158730158730159
grpgain,352,0.27012987012987016,0.5000000000000001
grpgain,353,0.36363636363636365,0.3173076923076923
grpgain,357,0.5785123966942151,0.3541666666666667
grpgain,358,1.0129870129870129,0.4444444444444445
grpgain,361,0.7552447552447551,0.3333333333333333
grpgain,364,1.027972027972028,0.5208333333333334
grpgain,366,0.6666666666666667,0.3111111111111111
grpgain,370,1.5324675324675325,0.3333333333333333
grpgain,396,0.17142857142857146,0.40909090909090906
grpgain,397,0.717948717948718,0.39316239316239315
grpgain,399,0.7070707070707068,0.3253968253968254
grpgain,403,0.7613636363636364,0.4583333333333334
grpgain,404,0.5545454545454545,0.3461538461538462
grpgain,417,0.1558441558441558,0.5604395604395604
grpgain,419,0.025174825174825183,0.5846153846153845
grpgain,420,0.5090909090909091,0.27999999999999997
grpgain,425,0.4282828282828283,0.42424242424242414
grpgain,430,0.18732782369146006,0.4358974358974359
grpgain,432,0.35844155844155845,0.2571428571428571
grpgain,433,0.151048951048951,0.3142857142857143
grpgain,480,1.863636363636364,0.34615384615384615
grpgain,482,0.3181818181818181,0.49999999999999994
grpgain,484,0.6713286713286711,0.3466666666666667
grpgain,504,0.3920454545454544,0.3416666666666667
grpgain,512,0.5606060606060607,0.2948717948717949
grpgain,513,0.5206611570247935,0.3831168831168831
grpgain,514,0.5034965034965033,0.41666666666666663
grpgain,515,2.2181818181818187,0.5
grpgain,520,0.2657342657342658,0.358974358974359
grpgain,521,0.6461538461538461,0.37142857142857144
grpgain,522,0.43156843156843155,0.5384615384615385
grpgain,523,1.0909090909090908,0.380952380952381
grpgain,527,0.4848484848484849,0.4375
grpgain,528,0.2121212121212122,0.2888888888888889
grpgain,530,0.618181818181818,0.5333333333333333
grpgain,531,0.31168831168831174,0.4181818181818181
grpgain,532,0.6331168831168833,0.39772727272727276
grpgain,537,1.0909090909090913,0.423076923076923
grpgain,538,0.25252525252525254,0.39316239316239326
grpgain,539,1.0181818181818179,0.7857142857142857
grpgain,541,1.1157024793388428,0.23214285714285718
grpgain,542,1.2867132867132867,0.4166666666666667
grpgain,557,0.386013986013986,0.3538461538461538
grpgain,565,0.2863636363636364,0.4166666666666667
grpgain,566,0.13506493506493508,0.30476190476190473
grpgain,569,0.49586776859504156,0.37142857142857144
grpgain,570,0.4615384615384614,0.2692307692307692
grpgain,571,0.5514485514485515,0.38961038961038963
grpgain,572,0.10714285714285716,0.4583333333333333
grpgain,573,1.0129870129870129,0.25
grpgain,579,Inf,NA
grpgain,581,0.8000000000000002,0.2285714285714286
grpgain,582,0.027272727272727285,0.4642857142857143
grpgain,583,0,0.34065934065934067
grpgain,585,0.5627705627705628,0.4236111111111111
grpgain,591,0.36363636363636387,0.36666666666666664
grpgain,592,0.33246753246753263,0.39285714285714285
grpgain,596,0.23376623376623373,0.35555555555555557
grpgain,600,3.7818181818181804,0.6666666666666666
grpgain,602,0.39669421487603296,0.5333333333333334
grpgain,605,0.33566433566433573,0.4945054945054944
grpgain,614,0.45554445554445566,0.5714285714285714
grpgain,621,0.9393939393939393,0.4358974358974359
grpgain,622,1.3090909090909097,0.32142857142857145
grpgain,624,1.0763636363636364,0.2
grpgain,632,0.40404040404040414,0.40277777777777785
grpgain,640,0.3673469387755103,0.47619047619047616
grpgain,642,0.2517482517482517,0.43333333333333335
grpgain,644,0.43636363636363634,0.25
grpgain,648,0.3896103896103897,0.2909090909090909
grpgain,650,0.27636363636363637,0.5599999999999999
grpgain,655,0.02424242424242425,0.4188034188034188
grpgain,658,0.8242424242424243,0.358974358974359
grpgain,664,1.1118881118881117,0.3333333333333333
grpgain,668,1.2167832167832167,0.31666666666666665
grpgain,683,0.44355644355644375,0.4476190476190476
grpgain,684,0.64,0.26666666666666666
grpgain,685,0.42597402597402606,0.42857142857142855
grpgain,686,0.9393939393939393,0.27777777777777773
grpgain,687,0.9090909090909091,0.22222222222222224
grpgain,688,1.4060606060606062,0.37777777777777777
grpgain,689,0.7545454545454545,0.3653846153846154
grpgain,692,0.5706293706293706,0.32727272727272727
grpgain,693,0.32727272727272727,0.32
grpgain,699,0.5113636363636365,0.4609375
grpgain,710,0.07628734901462174,0.496969696969697
grpgain,717,0.15454545454545446,0.53125
grpgain,719,0.5324675324675325,0.2307692307692308
grpgain,720,0.4415584415584416,0.4305555555555555
grpgain,721,0.5314685314685313,0.4000000000000001
grpgain,723,0.7272727272727273,0.4358974358974359
grpgain,757,0.26446280991735543,0.4484848484848485
grpgain,758,0.37762237762237777,0.5666666666666667
grpgain,761,0.6942148760330581,0.2923076923076923
grpgain,764,0.8181818181818185,0.37333333333333335
grpgain,772,1.8424242424242423,0.3111111111111111
grpgain,779,0.6293706293706293,0.46153846153846145
grpgain,784,0.7584415584415586,0.4945054945054944
grpgain,786,0.6477272727272729,0.5641025641025641
grpgain,788,0.6503496503496504,0.41666666666666674
grpgain,790,0.22727272727272718,0.41666666666666663
grpgain,791,0.4628099173553719,0.3831168831168831
grpgain,798,0.3636363636363636,0.38518518518518513
grpgain,803,1.0606060606060603,0.5444444444444444
grpgain,805,0.6857142857142856,0.27142857142857146
grpgain,812,0.8545454545454548,0.44615384615384623
grpgain,815,0.5818181818181818,0.43076923076923074
grpgain,816,0.6493506493506493,0.39285714285714285
grpgain,818,0.33566433566433573,0.44897959183673475
grpgain,820,0.13986013986013984,0.3076923076923077
grpgain,821,0.10909090909090906,0.3857142857142857
grpgain,822,1.5272727272727278,0.4
grpgain,823,0.03596403596403598,0.40952380952380957
grpgain,828,0.5162337662337663,0.4609375
grpgain,830,0.5064935064935067,0.3333333333333333
grpgain,854,0.448051948051948,0.44642857142857145
grpgain,858,0.8909090909090909,0.5
grpgain,859,0.8727272727272727,0.4222222222222222
grpgain,863,0.6103896103896106,0.3766233766233766
grpgain,866,3.4181818181818175,0.5
grpgain,867,0.5202797202797202,0.2875
grpgain,868,0.36363636363636354,0.45185185185185195
grpgain,873,1.930069930069929,0.19999999999999998
grpgain,874,0.3356643356643356,0.37499999999999994
grpgain,875,0.36734693877551017,0.380952380952381
grpgain,877,0.34545454545454535,0.5666666666666667
grpgain,878,0.5034965034965037,0.4591836734693878
grpgain,880,0.47933884297520657,0.5256410256410257
grpgain,881,1.762237762237762,0.5151515151515151
grpgain,886,1.1188811188811185,0.4444444444444445
grpgain,899,0.6060606060606061,0.30952380952380953
grpgain,903,0.23376623376623382,0.45299145299145294
grpgain,905,1.4318181818181819,0.40625
grpgain,909,1.7386363636363644,0.20833333333333334
grpgain,911,0.21590909090909086,0.44999999999999996
grpgain,918,0.4753246753246753,0.4461538461538461
grpgain,956,0.29090909090909095,0.3285714285714286
grpgain,968,0.15272727272727268,0.42000000000000004
grpgain,975,0.18909090909090906,0.42727272727272725
grpgain,1029,1.2662337662337662,0.38461538461538464
grpgain,1032,0.1333333333333333,0.4880952380952381
grpgain,1033,0.3333333333333333,0.641025641025641
grpgain,1036,0.33246753246753263,0.4642857142857143
grpgain,1038,0.6233766233766233,0.3406593406593406
grpgain,1046,0.2266824085005903,0.3904761904761905
grpgain,1051,0.15353535353535355,0.5079365079365079
grpgain,1052,0.5696969696969696,0.3333333333333333
grpgain,1059,0.29752066115702475,0.4166666666666667
grpgain,1060,0.19393939393939397,0.3730158730158731
grpgain,1063,1.159090909090909,0.28846153846153844
grpgain,1069,0.15454545454545446,0.3557692307692308
grpgain,1071,0.2545454545454545,0.36666666666666664
grpgain,1075,0.4615384615384615,0.3416666666666667
grpgain,1081,0.14805194805194805,0.5166666666666666
grpgain,1082,0.4055944055944056,0.4166666666666667
grpgain,1084,0.2571428571428572,0.38666666666666666
grpgain,1085,0.3428571428571429,0.5533333333333333
grpgain,1087,0.3506493506493506,0.467948717948718
grpgain,1101,0.44675324675324674,0.31168831168831174
grpgain,1106,0.1974025974025974,0.3736263736263736
grpgain,1107,0.7190082644628097,0.37499999999999994
grpgain,1108,0.060606060606060635,0.40740740740740744
grpgain,1110,1.478787878787879,0.38095238095238093
grpgain,1111,0.07272727272727275,0.3333333333333333
grpgain,1112,0.8181818181818183,0.30769230769230765
grpgain,1113,0.3232323232323232,0.37373737373737376
grpgain,1115,0.43831168831168826,0.46875000000000006
grpgain,1117,0.24085005903187726,0.3238095238095238
grpgain,1118,0.14545454545454548,0.5599999999999999
grpgain,1119,0.2762691853600944,0.5227272727272727
grpgain,1124,0.48671328671328673,0.4
grpgain,1130,1.0489510489510487,0.4444444444444445
grpgain,1201,0.393939393939394,0.4518518518518519
grpgain,1202,0.26013986013986007,0.5333333333333333
grpgain,1203,0.42597402597402595,0.3186813186813187
grpgain,1204,0.45336481700118064,0.4462809917355371
grpgain,1207,1.831168831168832,0.21428571428571433
grpgain,1212,2.818181818181819,0.3846153846153847
grpgain,1214,2.10909090909091,0.21428571428571433
grpgain,1219,0.1818181818181818,0.3703703703703704
grpgain,1224,0.5242030696576152,0.47959183673469397
grpgain,1226,0.8242424242424242,0.3333333333333333
grpgain,1227,0.6109090909090908,0.48571428571428565
grpgain,1230,0.4155844155844157,0.3238095238095238
grpgain,1251,2.2181818181818187,0.5666666666666667
grpgain,1253,0.30419580419580416,0.3392857142857143
grpgain,1254,0.5950413223140495,0.3253968253968254
grpgain,1256,0.10489510489510487,0.3035714285714286
grpgain,1260,0.15584415584415587,0.41758241758241754
grpgain,1262,0.27474747474747474,0.3333333333333333
grpgain,1301,0.2472727272727272,0.4
grpgain,1306,0.6545454545454545,0.3
grpgain,1307,0.7272727272727273,0.48717948717948706
grpgain,1314,0.9696969696969698,0.23076923076923075
grpgain,1321,0.681818181818182,0.3444444444444445
grpgain,1324,1.1188811188811192,0.2727272727272727
grpgain,1329,1.3818181818181816,0.43333333333333335
grpgain,1333,0.5034965034965034,0.3333333333333333
grpgain,1335,0.6611570247933883,0.2307692307692308
grpgain,1343,0.3886363636363637,0.5
grpgain,1344,0.23140495867768596,0.5128205128205128
grpgain,1349,0.43006993006993005,0.39772727272727276
grpgain,1353,0.3363636363636363,0.3482142857142857
grpgain,1356,0.6713286713286712,0.3958333333333333
grpgain,1359,0.2937062937062937,0.46875000000000006
grpgain,1362,0.34285714285714275,0.41538461538461535
grpgain,1364,0.4152892561983471,0.5303030303030303
grpgain,1370,0.6753246753246753,0.5128205128205129
grpgain,1372,0.32323232323232315,0.4188034188034188
grpgain,1374,0.08264462809917353,0.5606060606060607
grpgain,1380,0.06293706293706296,0.4583333333333333
grpgain,1381,0.3181818181818182,0.4083333333333333
grpgain,1384,0.17129977460555978,0.4606060606060606
grpgain,1386,0.4818181818181818,0.3571428571428572
grpgain,1390,0.6398601398601399,0.5267857142857143
grpgain,1391,0.16859504132231404,0.4066666666666666
grpgain,1394,0.0755244755244755,0.36923076923076925
grpgain,1395,0.2727272727272727,0.3303571428571429
grpgain,1396,0.7324675324675325,0.3636363636363636
grpgain,1397,0.7127272727272729,0.46153846153846156
grpgain,1400,0.3363636363636363,0.37499999999999994
grpgain,1502,0.37979797979797986,0.4351851851851853
grpgain,1505,0.12587412587412583,0.4583333333333334
grpgain,1511,0.28571428571428564,0.43703703703703706
grpgain,1512,0.284297520661157,0.44242424242424244
grpgain,1513,0.5527272727272726,0.38333333333333336
grpgain,1515,0.4710743801652893,0.44531250000000006
grpgain,1516,0.47933884297520657,0.3181818181818182
grpgain,1518,0.41414141414141414,0.5299145299145299
grpgain,1520,0.36363636363636365,0.5238095238095238
grpgain,1523,1.0909090909090913,0.41666666666666663
grpgain,1525,0.0859504132231405,0.42424242424242425
grpgain,1526,0.5298701298701299,0.6307692307692309
grpgain,1527,0.5454545454545454,0.4326923076923077
grpgain,1533,0.7012987012987014,0.38095238095238093
grpgain,1536,0.7987012987012984,0.2142857142857143
grpgain,1537,0.5174825174825174,0.41111111111111115
grpgain,1540,0.4805194805194806,0.3626373626373626
grpgain,1544,0.3798701298701298,0.37499999999999994
grpgain,1545,0.49675324675324695,0.3516483516483517
grpgain,1546,0.6690909090909093,0.31428571428571433
grpgain,1547,0.1727272727272727,0.5923076923076923
grpgain,1553,0.47272727272727266,0.35897435897435903
grpgain,1554,0.4321133412042503,0.5303030303030303
grpgain,1558,0.618181818181818,0.34615384615384615
grpgain,1560,0.8441558441558444,0.5238095238095237
grpgain,1561,0.47727272727272724,0.525
grpgain,1565,0.21818181818181817,0.41875
grpgain,1572,0.3333333333333334,0.4518518518518519
grpgain,1578,0.7132867132867133,0.3076923076923077
grpgain,1580,0.28571428571428564,0.5333333333333333
grpgain,1582,0.7272727272727273,0.37777777777777777
grpgain,1585,0.21445221445221443,0.4351851851851853
grpgain,1586,0.4597402597402596,0.37142857142857144
grpgain,1589,0.2136045772409409,0.4602272727272727
grpgain,1590,0.5788497217068647,0.38095238095238093
grpgain,1592,0.24935064935064938,0.35714285714285715
grpgain,1602,0.681818181818182,0.41666666666666663
grpgain,1604,0.37878787878787873,0.35897435897435903
grpgain,1608,0.29752066115702475,0.43076923076923074
loggain,1,0.6931471805599453,-0.9555114450274361
loggain,4,0.5424869056724557,-0.6931471805599453
loggain,5,-0.4630349599296422,-0.7621400520468966
loggain,6,1.0678406300013554,-1.4663370687934272
loggain,8,-0.8018803806964109,-0.9444616088408514
loggain,11,-0.6216399901062808,-1.37304913436987
loggain,12,-1.2527629684953678,-1.2953225829141641
loggain,17,-0.5596157879354229,-1.245215762859985
loggain,24,-0.8503327640823575,-0.9713505090571823
loggain,25,-0.7980268113804209,-0.9349828648863076
loggain,31,-0.5320278314165937,-1.054937225165448
loggain,32,-2.2547944291576973,-0.7270487322356266
loggain,38,-0.80284609781637,-0.8266785731844679
loggain,39,-1.669030009636346,-0.7566605862822712
loggain,42,-0.4979222189300825,-1.1741198411762548
loggain,43,-0.35235528279421585,-1.024504316514388
loggain,46,-0.5762828404206344,-0.6021754023542187
loggain,49,-0.973860583695633,-1.0608719606852628
loggain,57,0.06595796779179758,-0.6931471805599454
loggain,61,-1.2411753533229801,-0.9861343052414195
loggain,64,-3.004031076368686,-0.8956714446714193
loggain,68,-1.4971087274601806,-0.9162907318741551
loggain,79,-0.4630349599296424,-1.067840630001356
loggain,83,-1.8478489358790986,-0.8888917576860406
loggain,86,0.5665844572515164,-0.8602012652231117
loggain,87,-1.6306401200847034,-0.8319836254141608
loggain,88,-0.4630349599296422,-1.0340737675305385
loggain,90,-0.46637386119515695,-0.7731898882334817
loggain,93,-0.38299225225610584,-0.9373441410719874
loggain,95,-0.8129302168829959,-1.0768723020317037
loggain,107,-0.08004270767353637,-0.8472978603872037
loggain,108,0.4124337774242578,-0.7731898882334817
loggain,110,1.229108777597478,-1.0116009116784799
loggain,126,-1.5224265354444706,-0.9501922835498365
loggain,127,0.10948423284168822,-1.1180303745252111
loggain,130,2.2204460492503128e-16,-0.5280674302004967
loggain,133,0.24335744738032367,-1.4017985476558559
loggain,135,-0.18265218995947294,-0.7519876805828788
loggain,137,-1.7411157364093004,-1.0262916270884836
loggain,142,-0.5169046698423727,-0.6799019538099248
loggain,143,-1.5396683418789767,-1.0245043165143877
loggain,146,-2.11021320034659,-0.9575336904082041
loggain,152,-1.8478489358790984,-0.8223589120399515
loggain,154,-0.8801377721180162,-0.8197099038683747
loggain,155,-0.8349773759991628,-0.8507761247635284
loggain,158,-1.945910149055313,-0.8622235106038793
loggain,164,-0.5669150904170343,-0.7621400520468967
loggain,165,-2.141465743850694,-0.7731898882334817
loggain,167,-0.5596157879354223,-0.8219800524029138
loggain,170,-1.388895142819948,-0.916290731874155
loggain,174,-2.014903020542265,-1.0340737675305385
loggain,177,-1.0116009116784792,-0.8362480242006185
loggain,178,-0.9470623905409083,-0.9044562742271524
loggain,180,-0.7239188392266993,-0.8109302162163288
loggain,182,-2.552045952625629,-1.0245043165143877
loggain,183,-1.0116009116784799,-0.6190392084062235
loggain,186,-0.8670196828673722,-0.9555114450274363
loggain,189,-0.8292793548845254,-1.047968555849355
loggain,199,-1.7337356291116774,-0.8898574748059995
loggain,200,-1.0375763980817405,-0.6931471805599453
loggain,205,1.5339303599259546,-1.6739764335716716
loggain,208,-1.2347444629926896,-0.587786664902119
loggain,210,-0.51419830824463,-1.1227098402471702
loggain,216,-0.6171856397569007,-0.8999415938726257
loggain,224,-1.4132272434794786,-0.8972425369034606
loggain,226,-0.8472978603872036,-1.1349799328389845
loggain,239,-1.341842598549057,-0.6657482063718307
loggain,240,-0.9080602327376394,-0.739667196194838
loggain,244,-0.010969031370573822,-0.9963334395476916
loggain,248,-1.8225311278948086,-0.7944009142651182
loggain,249,-1.085708883832202,-1.1727202608218315
loggain,252,-2.8678989020441064,-0.9202046311952913
loggain,256,-0.2696635669491026,-0.67116827384117
loggain,260,0.23011222063030293,-1.1499055830556604
loggain,262,-0.4302451371066516,-1.0068047394149868
loggain,307,-1.3217558399823195,-0.7060505853958533
loggain,309,-0.350202429433115,-1.0608719606852628
loggain,312,-0.6871048661039827,-0.6931471805599453
loggain,313,-0.2669200810033518,-0.9373441410719874
loggain,315,-0.8974876049110588,-0.9903987040278769
loggain,321,-1.0025510761585619,-0.8307685584359931
loggain,327,-0.3184537311185346,-1.0986122886681096
loggain,329,1.760987810561301,-0.5389965007326869
loggain,338,-0.41197978912935823,-0.9808292530117261
loggain,340,-1.5795849492844196,-0.9734491457141037
loggain,343,-0.9715955770647805,-0.8960880245566355
loggain,344,-1.0375763980817407,-0.6618946370558407
loggain,352,-1.3088524351464115,-0.6931471805599451
loggain,353,-1.0116009116784799,-1.1478833376748925
loggain,357,-0.5472953035473818,-1.0379876668516748
loggain,358,0.012903404835907782,-0.8109302162163287
loggain,361,-0.28071340313568777,-1.0986122886681098
loggain,364,0.027587956518828963,-0.6523251860396901
loggain,366,-0.4054651081081643,-1.1676051601550612
loggain,370,0.426879202611981,-1.0986122886681098
loggain,396,-1.7635885922613586,-0.8938178760220965
loggain,397,-0.3313571359544425,-0.9335325383086611
loggain,399,-0.34662460808523127,-1.1227098402471702
loggain,403,-0.2726441950872404,-0.7801585575495749
loggain,404,-0.5896065016191051,-1.0608719606852626
loggain,417,-1.8588987720656838,-0.5790338737925242
loggain,419,-3.6819107847978425,-0.5368011101692515
loggain,420,-0.6751286750572669,-1.2729656758128876
loggain,425,-0.8479714878966778,-0.8574502318512218
loggain,430,-1.6748951290887442,-0.8303483020734304
loggain,432,-1.0259896491305796,-1.3581234841531944
loggain,433,-1.8901513155697882,-1.157452788691043
loggain,480,0.6225296133459921,-1.0608719606852628
loggain,482,-1.1451323043030028,-0.6931471805599454
loggain,484,-0.3984964387920713,-1.0593915755148284
loggain,504,-0.9363774904408927,-1.073919676077738
loggain,512,-0.578736829382201,-1.221214610760442
loggain,513,-0.6526558192052081,-0.9594151585079098
loggain,514,-0.6861785112438523,-0.8754687373539001
loggain,515,0.7966878595007859,-0.6931471805599453
loggain,520,-1.3252584705335213,-1.024504316514388
loggain,521,-0.43671765161226894,-0.9903987040278769
loggain,522,-0.8403291910711103,-0.6190392084062233
loggain,523,0.0870113769896297,-0.9650808960435869
loggain,527,-0.7239188392266989,-0.8266785731844679
loggain,528,-1.5505974124111666,-1.2417131323087829
loggain,530,-0.4809726606163097,-0.6286086594223742
loggain,531,-1.1657515915057381,-0.8718389693033214
loggain,532,-0.4571002244098274,-0.9219887529887927
loggain,537,0.0870113769896301,-0.8602012652231117
loggain,538,-1.376244025266389,-0.9335325383086609
loggain,539,0.018018505502677994,-0.2411620568168881
loggain,541,0.10948423284168822,-1.4604023332736122
loggain,542,0.2520911273490783,-0.8754687373538999
loggain,557,-0.9518816769768577,-1.0388930539664876
loggain,565,-1.2504928199608287,-0.8754687373538999
loggain,566,-2.0019996157063566,-1.188224447357797
loggain,569,-0.7014459833746399,-0.9903987040278769
loggain,570,-0.773189888233482,-1.3121863889661687
loggain,571,-0.5952067330381251,-0.9426080401915284
loggain,572,-2.2335922215070942,-0.7801585575495751
loggain,573,0.012903404835907782,-1.3862943611198906
loggain,579,Inf,NA
loggain,581,-0.22314355131420957,-1.4759065198095778
loggain,582,-3.601868077124306,-0.7672551527136672
loggain,583,-9.210340371976182,-1.0768723020317037
loggain,585,-0.574883260066211,-0.8589394354026894
loggain,591,-1.0116009116784792,-1.0033021088637848
loggain,592,-1.1012130703681666,-0.9343092373768334
loggain,596,-1.4534336639575194,-1.0340737675305385
loggain,600,1.3302048944688467,-0.40546510810816444
loggain,602,-0.9245895346888504,-0.628608659422374
loggain,605,-1.091643619352016,-0.7041970167465305
loggain,614,-0.7862619698008343,-0.5596157879354228
loggain,621,-0.06252035698133405,-0.8303483020734304
loggain,622,0.2693329337835849,-1.1349799328389845
loggain,624,0.07358835665748913,-1.6094379124341003
loggain,632,-0.9062403960206533,-0.9093702890295812
loggain,640,-1.0014485402144617,-0.7419373447293773
loggain,642,-1.3793256918037975,-0.8362480242006186
loggain,644,-0.8292793548845253,-1.3862943611198906
loggain,648,-0.9426080401915283,-1.2347444629926898
loggain,650,-1.2860377573802402,-0.5798184952529423
loggain,655,-3.7196511127806895,-0.8703536366871295
loggain,658,-0.1932905881645285,-1.024504316514388
loggain,664,0.10605957196032403,-1.0986122886681098
loggain,668,0.19621066895462164,-1.1499055830556604
loggain,683,-0.8129302168829954,-0.8038127484474649
loggain,684,-0.4462871026284195,-1.3217558399823195
loggain,685,-0.8533769064635855,-0.8472978603872037
loggain,686,-0.06252035698133405,-1.2809338454620645
loggain,687,-0.0953101798043249,-1.504077396776274
loggain,688,0.3407918977657295,-0.9734491457141037
loggain,689,-0.28163975799581836,-1.0068047394149868
loggain,692,-0.561015368289846,-1.1169614273363062
loggain,693,-1.1169614273363062,-1.1394342831883648
loggain,699,-0.6706743247078866,-0.7744928200138977
loggain,710,-2.573248160276232,-0.6992262266363274
loggain,717,-1.8672670217362006,-0.6325225587435105
loggain,719,-0.630233355149376,-1.466337068793427
loggain,720,-0.8174448972375223,-0.8426789145309092
loggain,721,-0.6321112899735765,-0.9162907318741549
loggain,723,-0.3184537311185346,-0.8303483020734304
loggain,757,-1.3300546427970144,-0.8018803806964109
loggain,758,-0.9738605836956326,-0.5679840376059393
loggain,761,-0.36497374675342714,-1.2299482907291965
loggain,764,-0.20067069546215083,-0.9852836033611064
loggain,772,0.611082227505641,-1.1676051601550612
loggain,779,-0.4630349599296424,-0.7731898882334819
loggain,784,-0.27648953201950227,-0.7041970167465305
loggain,786,-0.434285546643656,-0.5725191927713306
loggain,788,-0.43024513710665124,-0.8754687373538997
loggain,790,-1.4816045409242158,-0.8754687373539001
loggain,791,-0.7704388548615918,-0.9594151585079098
loggain,798,-1.01160091167848,-0.9540310598570022
loggain,803,0.05884050002293319,-0.6079893722196386
loggain,805,-0.3772942311414682,-1.3040562628829184
loggain,812,-0.157185583522412,-0.8070914399091629
loggain,815,-0.5415972824327444,-0.8421827597204332
loggain,816,-0.4317824164255378,-0.9343092373768334
loggain,818,-1.091643619352016,-0.8007778447523106
loggain,820,-1.9671123567059163,-1.1786549963416462
loggain,821,-2.215573716004416,-0.95265837604503
loggain,822,0.423483613610843,-0.916290731874155
loggain,823,-3.32523584085911,-0.8927602344639608
loggain,828,-0.6611955807533428,-0.7744928200138977
loggain,830,-0.680243775724037,-1.0986122886681098
loggain,854,-0.80284609781637,-0.8064758658669484
loggain,858,-0.11551288712184435,-0.6931471805599453
loggain,859,-0.13613217432458005,-0.8622235106038793
loggain,863,-0.4936578201436249,-0.97650959186721
loggain,866,1.229108777597478,-0.6931471805599453
loggain,867,-0.6533886884208612,-1.246532418744732
loggain,868,-1.01160091167848,-0.7944009142651179
loggain,873,0.6575562354572422,-1.6094379124341005
loggain,874,-1.0916436193520165,-0.9808292530117264
loggain,875,-1.001448540214462,-0.9650808960435869
loggain,877,-1.0628942060660307,-0.5679840376059393
loggain,878,-0.6861785112438517,-0.778304988900252
loggain,880,-0.7353475350503218,-0.6431367599852839
loggain,881,0.566584457251516,-0.6632942174102642
loggain,886,0.11232918497391932,-0.8109302162163287
loggain,899,-0.5007752879124893,-1.1727202608218315
loggain,903,-1.453433663957519,-0.7918820212456344
loggain,905,0.35894509247327155,-0.9007865453381898
loggain,909,0.5531011069142294,-1.5686159179138452
loggain,911,-1.5328978353117662,-0.7985076962177717
loggain,918,-0.7437571814463633,-0.8070914399091631
loggain,956,-1.2347444629926896,-1.1130010261202092
loggain,968,-1.8791014793832033,-0.867500567704723
loggain,975,-1.6655273790851441,-0.8503327640823577
loggain,1029,0.2360469561501176,-0.9555114450274363
loggain,1032,-2.014903020542265,-0.7172447321390059
loggain,1033,-1.0986122886681098,-0.4446858212614458
loggain,1036,-1.1012130703681666,-0.7672551527136672
loggain,1038,-0.47260441094579314,-1.076872302031704
loggain,1046,-1.4842053226242728,-0.9403882834532156
loggain,1051,-1.873824422282359,-0.6773988235918061
loggain,1052,-0.5626506916305769,-1.0986122886681098
loggain,1059,-1.2122716071406312,-0.8754687373538999
loggain,1060,-1.640209571100854,-0.9861343052414192
loggain,1063,0.14763599880606448,-1.2431935174792175
loggain,1069,-1.8672670217362006,-1.0334729864971481
loggain,1071,-1.3682758556172123,-1.0033021088637848
loggain,1075,-0.7731898882334818,-1.073919676077738
loggain,1081,-1.9101920664532341,-0.6603573577369546
loggain,1082,-0.9024016197134879,-0.8754687373538999
loggain,1084,-1.3581234841531942,-0.9501922835498364
loggain,1085,-1.0704414117014132,-0.5917946862996578
loggain,1087,-1.047968555849355,-0.7593965661011458
loggain,1101,-0.8057488574743312,-1.1657515915057381
loggain,1106,-1.6225099940014531,-0.9844989819006887
loggain,1107,-0.32988242694215764,-0.9808292530117264
loggain,1108,-2.8033603809065344,-0.8979415932059585
loggain,1110,0.3912227513926214,-0.9650808960435872
loggain,1111,-2.62103882411258,-1.0986122886681098
loggain,1112,-0.20067069546215097,-1.1786549963416462
loggain,1113,-1.1293839473348635,-0.9842019374903654
loggain,1115,-0.8248250045351452,-0.7576857016975164
loggain,1117,-1.4235807008078378,-1.127599825541362
loggain,1118,-1.9278916435526348,-0.5798184952529423
loggain,1119,-1.286379579294353,-0.6486954179891115
loggain,1124,-0.7200800629195333,-0.916290731874155
loggain,1130,0.047790663836348266,-0.8109302162163287
loggain,1201,-0.9315582040049434,-0.7944009142651182
loggain,1202,-1.3465358689808067,-0.6286086594223742
loggain,1203,-0.8533769064635859,-1.1435636765303758
loggain,1204,-0.7910581420643276,-0.8068064990324669
loggain,1207,0.6049544685244849,-1.5404450409471486
loggain,1212,1.0360919316867758,-0.9555114450274361
loggain,1214,0.7462570058738941,-1.5404450409471486
loggain,1219,-1.7047480922384253,-0.9932517730102833
loggain,1224,-0.6458761322198294,-0.7348198769605131
loggain,1226,-0.19329058816452863,-1.0986122886681098
loggain,1227,-0.49280711826331247,-0.7221347174331977
loggain,1230,-0.8780695190539569,-1.127599825541362
loggain,1251,0.7966878595007859,-0.5679840376059393
loggain,1253,-1.1900836921652689,-1.0809127115687087
loggain,1254,-0.5191244265806859,-1.1227098402471702
loggain,1256,-2.2547944291576973,-1.192138346678933
loggain,1260,-1.8588987720656833,-0.8732733467904644
loggain,1262,-1.2919028768326384,-1.0986122886681098
loggain,1301,-1.397263392490465,-0.916290731874155
loggain,1306,-0.4238142467763609,-1.2039728043259361
loggain,1307,-0.3184537311185346,-0.7191226669632063
loggain,1314,-0.030771658666753545,-1.4663370687934272
loggain,1321,-0.38299225225610556,-1.0658224658451187
loggain,1324,0.11232918497391992,-1.2992829841302609
loggain,1329,0.32340015505386,-0.8362480242006186
loggain,1333,-0.6861785112438521,-1.0986122886681098
loggain,1335,-0.41376391092285963,-1.466337068793427
loggain,1343,-0.9451111704096468,-0.6931471805599453
loggain,1344,-1.463586035421537,-0.6678293725756556
loggain,1349,-0.8438074554474352,-0.9219887529887927
loggain,1353,-1.089562453148192,-1.054937225165448
loggain,1356,-0.39849643879207114,-0.9267620317414506
loggain,1359,-1.225175011976539,-0.7576857016975164
loggain,1362,-1.0704414117014136,-0.8785504038913081
loggain,1364,-0.878779998657556,-0.6343066805370119
loggain,1370,-0.3925617032722565,-0.6678293725756553
loggain,1372,-1.1293839473348637,-0.8703536366871295
loggain,1374,-2.493205452602696,-0.578736829382201
loggain,1380,-2.7656200529236874,-0.7801585575495751
loggain,1381,-1.1451323043030026,-0.8956714446714193
loggain,1384,-1.7643401894406705,-0.7752121336142496
loggain,1386,-0.7301884522402944,-1.0296194171811581
loggain,1390,-0.4465056579784316,-0.6409614273893751
loggain,1391,-1.7802556447465705,-0.8997614299229446
loggain,1394,-2.583298496129734,-0.9963334395476915
loggain,1395,-1.2992829841302609,-1.10758095865087
loggain,1396,-0.31133626334967063,-1.01160091167848
loggain,1397,-0.33865643843605386,-0.7731898882334817
loggain,1400,-1.089562453148192,-0.9808292530117264
loggain,1502,-0.968115799738741,-0.8319836254141608
loggain,1505,-2.072472872363743,-0.7801585575495749
loggain,1511,-1.2527629684953683,-0.8277373345327099
loggain,1512,-1.2577339812173884,-0.8154860327521894
loggain,1513,-0.5928905768202951,-0.958850346292951
loggain,1515,-0.7527392777621909,-0.8089789960850668
loggain,1516,-0.7353475350503218,-1.1451323043030026
loggain,1518,-0.8815477834302822,-0.6350395497526645
loggain,1520,-1.0116009116784799,-0.6466271649250525
loggain,1523,0.0870113769896301,-0.8754687373539001
loggain,1525,-2.4539847394494143,-0.8574502318512216
loggain,1526,-0.6351233404435677,-0.4608152031913292
loggain,1527,-0.6061358035703156,-0.8377284093710529
loggain,1533,-0.35482137528940927,-0.9650808960435872
loggain,1536,-0.2247682470412121,-1.5404450409471488
loggain,1537,-0.6587795370557377,-0.8888917576860406
loggain,1540,-0.7328875092094592,-1.0143519450503697
loggain,1544,-0.9679258481758185,-0.9808292530117264
loggain,1545,-0.6996618615811386,-1.0451236037171234
loggain,1546,-0.40183534005758537,-1.157452788691043
loggain,1547,-1.7560413866259759,-0.5237290286018985
loggain,1553,-0.749236647210989,-1.0245043165143877
loggain,1554,-0.839067361250688,-0.6343066805370119
loggain,1558,-0.4809726606163097,-1.0608719606852628
loggain,1560,-0.1694181519580464,-0.6466271649250526
loggain,1561,-0.7396671961948382,-0.6443570163905132
loggain,1565,-1.5224265354444706,-0.8704811958428609
loggain,1572,-1.0986122886681093,-0.7944009142651182
loggain,1578,-0.3378718169756361,-1.1786549963416462
loggain,1580,-1.2527629684953683,-0.6286086594223742
loggain,1582,-0.3184537311185346,-0.9734491457141037
loggain,1585,-1.5396683418789767,-0.8319836254141608
loggain,1586,-0.7770936017139554,-0.9903987040278769
loggain,1589,-1.5436287430950735,-0.776034840365713
loggain,1590,-0.5467123830995146,-0.9650808960435872
loggain,1592,-1.3888951428199479,-1.0296194171811581
loggain,1602,-0.38299225225610556,-0.8754687373539001
loggain,1604,-0.970778917158225,-1.0245043165143877
loggain,1608,-1.2122716071406312,-0.8421827597204332
attextreme,1,0.291666666666667,0.19791666666666663
attextreme,4,0.15,0.13125
attextreme,5,0.5,0.3125
attextreme,6,0.25,0.25
attextreme,8,0.1,0.30625
attextreme,11,0.166666666666667,0.16666666666666666
attextreme,12,0.0833333333333334,0.27083333333333337
attextreme,17,0.25,0.1875
attextreme,24,0.125,0.125
attextreme,25,0.125,0.15625
attextreme,31,0.416666666666667,0.16666666666666666
attextreme,32,0.05,0.16875
attextreme,38,0.2,0.33125
attextreme,39,0.375,0.375
attextreme,42,0.125,0.21875
attextreme,43,0.2,0.20625
attextreme,46,0.5,0.28125
attextreme,49,0.0833333333333334,0.11458333333333334
attextreme,57,0.125,0.34375
attextreme,61,0.25,0.3125
attextreme,64,0.333333333333333,0.36458333333333337
attextreme,68,0.333333333333333,0.30208333333333337
attextreme,79,0.208333333333333,0.11458333333333331
attextreme,83,0.0833333333333334,0.11458333333333334
attextreme,86,0.25,0.1875
attextreme,87,0.416666666666667,0.2916666666666667
attextreme,88,0.4375,0.390625
attextreme,90,0.125,0.21875
attextreme,93,0.125,0.1875
attextreme,95,0,0.125
attextreme,107,0.25,0.3125
attextreme,108,0.0416666666666667,0.3229166666666667
attextreme,110,0.5,0.40625
attextreme,126,0.333333333333333,0.17708333333333334
attextreme,127,0.3,0.325
attextreme,130,0.0833333333333334,0.17708333333333334
attextreme,133,0.291666666666667,0.35416666666666663
attextreme,135,0.0416666666666666,0.10416666666666666
attextreme,137,0.208333333333333,0.08333333333333334
attextreme,142,0.05,0.16875
attextreme,143,0,0.125
attextreme,146,0.3,0.23125
attextreme,152,0.458333333333333,0.33333333333333337
attextreme,154,0.35,0.24375
attextreme,155,0.25,0.1875
attextreme,158,0,0.125
attextreme,164,0.166666666666667,0.29166666666666663
attextreme,165,0,0.25
attextreme,167,0.208333333333333,0.14583333333333334
attextreme,170,0.45,0.39375
attextreme,174,0.15,0.2875
attextreme,177,0.416666666666667,0.22916666666666663
attextreme,178,0.25,0.25
attextreme,180,0.166666666666667,0.2916666666666667
attextreme,182,0.3,0.325
attextreme,183,0.166666666666667,0.19791666666666663
attextreme,186,0.291666666666667,0.38541666666666663
attextreme,189,0.05,0.2
attextreme,199,0.125,0.15625
attextreme,200,0.25,0.375
attextreme,205,0.125,0.21875
attextreme,208,0.25,0.40625
attextreme,210,0.35,0.30625
attextreme,216,0.1,0.18125
attextreme,224,0.05,0.1375
attextreme,226,0.416666666666667,0.26041666666666663
attextreme,239,0,0.3125
attextreme,240,0.166666666666667,0.19791666666666669
attextreme,244,0.0416666666666666,0.26041666666666663
attextreme,248,0.0416666666666666,0.19791666666666663
attextreme,249,0.25,0.125
attextreme,252,0.25,0.3125
attextreme,256,0.333333333333333,0.23958333333333337
attextreme,260,0.208333333333333,0.17708333333333334
attextreme,262,0.2,0.26875
attextreme,307,0.2,0.31666666666666665
attextreme,309,0.333333333333333,0.20833333333333337
attextreme,312,NA,0.125
attextreme,313,0.208333333333333,0.36458333333333337
attextreme,315,0.25,0.28125
attextreme,321,0.333333333333333,0.17708333333333334
attextreme,327,0.166666666666667,0.22916666666666663
attextreme,329,0.291666666666667,0.26041666666666663
attextreme,338,0.458333333333333,0.20833333333333337
attextreme,340,0.333333333333333,0.36458333333333337
attextreme,343,0.166666666666667,0.16666666666666669
attextreme,344,0.0625,0.10416666666666669
attextreme,352,0,0.1875
attextreme,353,0.166666666666667,0.2604166666666667
attextreme,357,0.0833333333333333,0.23958333333333331
attextreme,358,0.25,0.25
attextreme,361,0.25,0.21875
attextreme,364,0.0833333333333333,0.23958333333333331
attextreme,366,0.45,0.2375
attextreme,370,0.208333333333333,0.27083333333333337
attextreme,396,0.125,0.1875
attextreme,397,0.0416666666666667,0.2604166666666667
attextreme,399,0.333333333333333,0.36458333333333337
attextreme,403,0.25,0.3125
attextreme,404,0.25,0.0625
attextreme,417,0.0833333333333334,0.23958333333333337
attextreme,419,0.0625,0.203125
attextreme,420,0,0.0625
attextreme,425,0.05,0.2
attextreme,430,0.25,0.375
attextreme,432,0.45,0.39375
attextreme,433,0.4,0.225
attextreme,480,0.166666666666667,0.38541666666666663
attextreme,482,0,0.15625
attextreme,484,0.166666666666667,0.16666666666666666
attextreme,504,0.208333333333333,0.36458333333333337
attextreme,512,0,0.1875
attextreme,513,0.166666666666667,0.2222222222222222
attextreme,514,0.25,0.25
attextreme,515,0.375,0.15625
attextreme,520,0.1,0.2125
attextreme,521,0.208333333333333,0.23958333333333337
attextreme,522,0.375,0.1875
attextreme,523,0.0833333333333333,0.3333333333333333
attextreme,527,0.291666666666667,0.32291666666666663
attextreme,528,0.333333333333333,0.39583333333333337
attextreme,530,0.0416666666666666,0.10416666666666666
attextreme,531,0.458333333333333,0.3020833333333333
attextreme,532,0.25,0.15625
attextreme,537,0.208333333333333,0.17708333333333334
attextreme,538,0.0833333333333334,0.20833333333333337
attextreme,539,0.333333333333333,0.14583333333333334
attextreme,541,0.25,0.21875
attextreme,542,0.333333333333333,0.20833333333333337
attextreme,557,0.5,0.40625
attextreme,565,0.166666666666667,0.16666666666666666
attextreme,566,0.25,0.25
attextreme,569,0.5,0.375
attextreme,570,0.5,0.28125
attextreme,571,0,0.28125
attextreme,572,0.0416666666666667,0.2916666666666667
attextreme,573,0.166666666666667,0.29166666666666663
attextreme,579,0.375,0.375
attextreme,581,0.291666666666667,0.38541666666666663
attextreme,582,0.125,0.34375
attextreme,583,0.125,0.28125
attextreme,585,0.35,0.30625
attextreme,591,0.208333333333333,0.23958333333333337
attextreme,592,0.5,0.34375
attextreme,596,0.166666666666667,0.13541666666666666
attextreme,600,0.25,0.125
attextreme,602,0.25,0.1875
attextreme,605,0.125,0.25
attextreme,614,0.166666666666667,0.22916666666666663
attextreme,621,0.458333333333333,0.30208333333333337
attextreme,622,0.45,0.33125
attextreme,624,0.166666666666667,0.22916666666666663
attextreme,632,0.3,0.35625
attextreme,640,0.166666666666667,0.3541666666666667
attextreme,642,0.125,0.34375
attextreme,644,0.333333333333333,0.17708333333333334
attextreme,648,0.291666666666667,0.26041666666666663
attextreme,650,0.291666666666667,0.19791666666666663
attextreme,655,0.125,0.28125
attextreme,658,0.25,0.21875
attextreme,664,0.3,0.1375
attextreme,668,0.416666666666667,0.22916666666666663
attextreme,683,0.291666666666667,0.35416666666666663
attextreme,684,0.125,0.28125
attextreme,685,0.0833333333333334,0.33333333333333337
attextreme,686,0.0833333333333334,0.30208333333333337
attextreme,687,0.4,0.38125
attextreme,688,0.291666666666667,0.16666666666666666
attextreme,689,0.0416666666666667,0.2916666666666667
attextreme,692,0.416666666666667,0.26041666666666663
attextreme,693,0.05,0.3875
attextreme,699,0.125,0.25
attextreme,710,0.3125,0.265625
attextreme,717,0.0416666666666667,0.22916666666666669
attextreme,719,0,0.28125
attextreme,720,0.25,0.34375
attextreme,721,0.0416666666666666,0.26041666666666663
attextreme,723,0.35,0.24375
attextreme,757,0.291666666666667,0.38541666666666663
attextreme,758,0.375,0.1875
attextreme,761,0.5,0.25
attextreme,764,0.208333333333333,0.23958333333333337
attextreme,772,0.25,0.34375
attextreme,779,0.1875,0.390625
attextreme,784,0.2,0.3
attextreme,786,0.125,0.34375
attextreme,788,0.125,0.34375
attextreme,790,0.15,0.13333333333333333
attextreme,791,0,0.25
attextreme,798,0.25,0.25
attextreme,803,0.0416666666666666,0.13541666666666666
attextreme,805,0.333333333333333,0.45833333333333337
attextreme,812,0.25,0.15625
attextreme,815,0.125,0.15625
attextreme,816,0.125,0.375
attextreme,818,0.375,0.375
attextreme,820,0.291666666666667,0.13541666666666666
attextreme,821,0,0.1875
attextreme,822,0.0833333333333334,0.27083333333333337
attextreme,823,0.3,0.23125
attextreme,828,0.4375,0.390625
attextreme,830,0.0416666666666667,0.13541666666666669
attextreme,854,0.5,0.40625
attextreme,858,0.375,0.25
attextreme,859,0.458333333333333,0.27083333333333337
attextreme,863,0.1,0.18125
attextreme,866,0.291666666666667,0.41666666666666663
attextreme,867,0.15,0.25625
attextreme,868,0.291666666666667,0.38541666666666663
attextreme,873,0.5,0.25
attextreme,874,0.0833333333333334,0.30208333333333337
attextreme,875,0.416666666666667,0.22916666666666669
attextreme,877,0.0416666666666666,0.22916666666666663
attextreme,878,0.25,0.21875
attextreme,880,0.0833333333333334,0.08333333333333334
attextreme,881,0.166666666666667,0.19791666666666669
attextreme,886,0.125,0.15625
attextreme,899,0.166666666666667,0.07291666666666666
attextreme,903,0,0.15625
attextreme,905,0.375,0.28125
attextreme,909,0.208333333333333,0.27083333333333337
attextreme,911,0.0833333333333333,0.20833333333333331
attextreme,918,0.0416666666666667,0.04166666666666667
attextreme,956,0.2,0.20625
attextreme,968,0,0.34375
attextreme,975,0.4,0.19375
attextreme,1029,0.291666666666667,0.22916666666666663
attextreme,1032,0.333333333333333,0.33333333333333337
attextreme,1033,0.0833333333333334,0.08333333333333334
attextreme,1036,0.125,0.28125
attextreme,1038,0,0.125
attextreme,1046,0,0.1875
attextreme,1051,0.291666666666667,0.44791666666666663
attextreme,1052,0.5,0.375
attextreme,1059,0.208333333333333,0.2708333333333333
attextreme,1060,0.25,0.28125
attextreme,1063,0.25,0.3125
attextreme,1069,0.0416666666666667,0.13541666666666669
attextreme,1071,0.125,0.21875
attextreme,1075,0.291666666666667,0.19791666666666663
attextreme,1081,0.15,0.25625
attextreme,1082,0.0833333333333334,0.33333333333333337
attextreme,1084,0.3,0.29375
attextreme,1085,0.375,0.4375
attextreme,1087,0.166666666666667,0.3229166666666667
attextreme,1101,0.291666666666667,0.22916666666666663
attextreme,1106,0.1,0.0875
attextreme,1107,0.416666666666667,0.35416666666666663
attextreme,1108,0.1,0.18125
attextreme,1110,0.208333333333333,0.3645833333333333
attextreme,1111,0.333333333333333,0.23611111111111113
attextreme,1112,0.166666666666667,0.29166666666666663
attextreme,1113,0.05,0.2625
attextreme,1115,0.05,0.2
attextreme,1117,0.166666666666667,0.16666666666666666
attextreme,1118,0.05,0.16875
attextreme,1119,0.166666666666667,0.3229166666666667
attextreme,1124,0,0.125
attextreme,1130,0.0416666666666666,0.26041666666666663
attextreme,1201,0,0.375
attextreme,1202,0.05,0.01249999999999999
attextreme,1203,0.1,0.3375
attextreme,1204,0.0833333333333333,0.2708333333333333
attextreme,1207,0,0.34375
attextreme,1212,0.416666666666667,0.19791666666666663
attextreme,1214,0.333333333333333,0.33333333333333337
attextreme,1219,0.0833333333333333,0.3333333333333333
attextreme,1224,0.25,0.28125
attextreme,1226,0.0833333333333334,0.23958333333333337
attextreme,1227,0.25,0.21875
attextreme,1230,0.3125,0.109375
attextreme,1251,0.458333333333333,0.20833333333333337
attextreme,1253,0.166666666666667,0.35416666666666663
attextreme,1254,0.0833333333333334,0.30208333333333337
attextreme,1256,0.5,0.21875
attextreme,1260,0.25,0.34375
attextreme,1262,0.3,0.2625
attextreme,1301,0.125,0.15625
attextreme,1306,0.0833333333333334,0.14583333333333334
attextreme,1307,0.25,0.125
attextreme,1314,0.166666666666667,0.26041666666666663
attextreme,1321,0.125,0.3125
attextreme,1324,0.45,0.3
attextreme,1329,0,0.28125
attextreme,1333,0.15,0.21666666666666667
attextreme,1335,0.45,0.26875
attextreme,1343,0,0
attextreme,1344,0.291666666666667,0.19791666666666663
attextreme,1349,0.458333333333333,0.20833333333333337
attextreme,1353,0.0833333333333334,0.30208333333333337
attextreme,1356,0.05,0.2
attextreme,1359,0.375,0.4583333333333333
attextreme,1362,0.166666666666667,0.16666666666666669
attextreme,1364,0.0833333333333333,0.05208333333333333
attextreme,1370,0.125,0.40625
attextreme,1372,0.125,0.09375
attextreme,1374,0.125,0.1875
attextreme,1380,0.3,0.35625
attextreme,1381,0.25,0.21875
attextreme,1384,0.166666666666667,0.2916666666666667
attextreme,1386,0.0416666666666666,0.26041666666666663
attextreme,1390,0.375,0.21875
attextreme,1391,0,0.34375
attextreme,1394,0.5,0.3125
attextreme,1395,0.375,0.3125
attextreme,1396,0.35,0.24375
attextreme,1397,0.416666666666667,0.32291666666666663
attextreme,1400,0.3,0.23125
attextreme,1502,0.25,0.40625
attextreme,1505,0.0833333333333334,0.11458333333333334
attextreme,1511,0.15,0.31875
attextreme,1512,0.416666666666667,0.22916666666666663
attextreme,1513,0.1875,0.296875
attextreme,1515,0.166666666666667,0.29166666666666663
attextreme,1516,0,0.15625
attextreme,1518,0.0833333333333334,0.23958333333333337
attextreme,1520,0.166666666666667,0.22916666666666663
attextreme,1523,0.291666666666667,0.19791666666666663
attextreme,1525,0,0.15625
attextreme,1526,0.3,0.2
attextreme,1527,0.15,0.1625
attextreme,1533,0.375,0.25
attextreme,1536,0.5,0.25
attextreme,1537,0.375,0.46875
attextreme,1540,0.5,0.3125
attextreme,1544,0.0416666666666666,0.19791666666666663
attextreme,1545,0.208333333333333,0.27083333333333337
attextreme,1546,0.0416666666666667,0.16666666666666669
attextreme,1547,0.45,0.3
attextreme,1553,0.4,0.225
attextreme,1554,0.416666666666667,0.22916666666666669
attextreme,1558,0.25,0.3125
attextreme,1560,0.45,0.175
attextreme,1561,0.25,0.25
attextreme,1565,0.05,0.29375
attextreme,1572,0.0833333333333333,0.2708333333333333
attextreme,1578,0.125,0.09375
attextreme,1580,0.0833333333333333,0.23958333333333331
attextreme,1582,0.291666666666667,0.29166666666666663
attextreme,1585,0.416666666666667,0.22916666666666663
attextreme,1586,0.0833333333333333,0.3645833333333333
attextreme,1589,0.125,0.21875
attextreme,1590,0.375,0.375
attextreme,1592,0.0416666666666667,0.16666666666666669
attextreme,1602,0,0.15625
attextreme,1604,0.333333333333333,0.33333333333333337
attextreme,1608,0.0416666666666666,0.22916666666666663
meanxtreme,1,0.220238095238095,0.23809523809523808
meanxtreme,4,0.191964285714286,0.23325892857142855
meanxtreme,5,0.204444444444444,0.24518229166666664
meanxtreme,6,0.138095238095238,0.21979166666666664
meanxtreme,8,0.210576923076923,0.2689903846153846
meanxtreme,11,0.215885416666667,0.23313802083333335
meanxtreme,12,0.154444444444444,0.2506481481481482
meanxtreme,17,0.228472222222222,0.2185763888888889
meanxtreme,24,0.292777777777778,0.2773611111111111
meanxtreme,25,0.226302083333333,0.26946614583333334
meanxtreme,31,0.255,0.2679166666666667
meanxtreme,32,0.176822916666667,0.23951822916666665
meanxtreme,38,0.265384615384615,0.25544871794871793
meanxtreme,39,0.249702380952381,0.22313988095238096
meanxtreme,42,0.228472222222222,0.2185763888888889
meanxtreme,43,0.249702380952381,0.22313988095238096
meanxtreme,46,0.255,0.2679166666666667
meanxtreme,49,0.138095238095238,0.21979166666666664
meanxtreme,57,0.191964285714286,0.23325892857142855
meanxtreme,61,0.154444444444444,0.2506481481481482
meanxtreme,64,0.215885416666667,0.23313802083333335
meanxtreme,68,0.204444444444444,0.24518229166666664
meanxtreme,79,0.19828431372549,0.26464460784313726
meanxtreme,83,0.176822916666667,0.23951822916666665
meanxtreme,86,0.191964285714286,0.23325892857142855
meanxtreme,87,0.210576923076923,0.2689903846153846
meanxtreme,88,0.226302083333333,0.26946614583333334
meanxtreme,90,0.220238095238095,0.23809523809523808
meanxtreme,93,0.226302083333333,0.26946614583333334
meanxtreme,95,0.168452380952381,0.23407738095238095
meanxtreme,107,0.264166666666667,0.2615277777777778
meanxtreme,108,0.220238095238095,0.23809523809523808
meanxtreme,110,0.281944444444444,0.26840277777777777
meanxtreme,126,0.204444444444444,0.24518229166666664
meanxtreme,127,0.245833333333333,0.2565972222222222
meanxtreme,130,0.191964285714286,0.23325892857142855
meanxtreme,133,0.168452380952381,0.23407738095238095
meanxtreme,135,0.264166666666667,0.2615277777777778
meanxtreme,137,0.215885416666667,0.23313802083333335
meanxtreme,142,0.236979166666667,0.244921875
meanxtreme,143,0.168452380952381,0.23407738095238095
meanxtreme,146,0.281944444444444,0.26840277777777777
meanxtreme,152,0.281944444444444,0.26840277777777777
meanxtreme,154,0.172619047619048,0.2373511904761905
meanxtreme,155,0.265384615384615,0.25544871794871793
meanxtreme,158,0.226302083333333,0.26946614583333334
meanxtreme,164,0.265384615384615,0.25544871794871793
meanxtreme,165,0.172619047619048,0.2373511904761905
meanxtreme,167,0.138095238095238,0.21979166666666664
meanxtreme,170,0.210576923076923,0.2689903846153846
meanxtreme,174,0.2203125,0.289453125
meanxtreme,177,0.215885416666667,0.23313802083333335
meanxtreme,178,0.154444444444444,0.2506481481481482
meanxtreme,180,0.245833333333333,0.2565972222222222
meanxtreme,182,0.168452380952381,0.23407738095238095
meanxtreme,183,0.191964285714286,0.23325892857142855
meanxtreme,186,0.245833333333333,0.2565972222222222
meanxtreme,189,0.228472222222222,0.2185763888888889
meanxtreme,199,0.19828431372549,0.26464460784313726
meanxtreme,200,0.210576923076923,0.2689903846153846
meanxtreme,205,0.19828431372549,0.26464460784313726
meanxtreme,208,0.236979166666667,0.244921875
meanxtreme,210,0.292777777777778,0.2773611111111111
meanxtreme,216,0.249702380952381,0.22313988095238096
meanxtreme,224,0.172619047619048,0.2373511904761905
meanxtreme,226,0.154444444444444,0.2506481481481482
meanxtreme,239,0.186538461538462,0.2221153846153846
meanxtreme,240,0.210576923076923,0.2689903846153846
meanxtreme,244,0.138095238095238,0.21979166666666664
meanxtreme,248,0.204444444444444,0.24518229166666664
meanxtreme,249,0.292777777777778,0.2773611111111111
meanxtreme,252,0.19828431372549,0.26464460784313726
meanxtreme,256,0.176822916666667,0.23951822916666665
meanxtreme,260,0.265384615384615,0.25544871794871793
meanxtreme,262,0.172619047619048,0.2373511904761905
meanxtreme,307,0.245833333333333,0.2565972222222222
meanxtreme,309,0.168452380952381,0.23407738095238095
meanxtreme,312,0.204444444444444,0.24518229166666664
meanxtreme,313,0.2203125,0.289453125
meanxtreme,315,0.215885416666667,0.23313802083333335
meanxtreme,321,0.255,0.2679166666666667
meanxtreme,327,0.176822916666667,0.23951822916666665
meanxtreme,329,0.186538461538462,0.2221153846153846
meanxtreme,338,0.255,0.2679166666666667
meanxtreme,340,0.204444444444444,0.24518229166666664
meanxtreme,343,0.255,0.2679166666666667
meanxtreme,344,0.264166666666667,0.2615277777777778
meanxtreme,352,0.186538461538462,0.2221153846153846
meanxtreme,353,0.168452380952381,0.23407738095238095
meanxtreme,357,0.19828431372549,0.26464460784313726
meanxtreme,358,0.176822916666667,0.23951822916666665
meanxtreme,361,0.172619047619048,0.2373511904761905
meanxtreme,364,0.148717948717949,0.253525641025641
meanxtreme,366,0.226302083333333,0.26946614583333334
meanxtreme,370,0.255,0.2679166666666667
meanxtreme,396,0.281944444444444,0.26840277777777777
meanxtreme,397,0.138095238095238,0.21979166666666664
meanxtreme,399,0.292777777777778,0.2773611111111111
meanxtreme,403,0.186538461538462,0.2221153846153846
meanxtreme,404,0.168452380952381,0.23407738095238095
meanxtreme,417,0.220238095238095,0.23809523809523808
meanxtreme,419,0.191964285714286,0.23325892857142855
meanxtreme,420,0.215885416666667,0.23313802083333335
meanxtreme,425,0.228472222222222,0.2185763888888889
meanxtreme,430,0.138095238095238,0.21979166666666664
meanxtreme,432,0.292777777777778,0.2773611111111111
meanxtreme,433,0.154444444444444,0.2506481481481482
meanxtreme,480,0.191964285714286,0.23325892857142855
meanxtreme,482,0.148717948717949,0.253525641025641
meanxtreme,484,0.2203125,0.289453125
meanxtreme,504,0.226302083333333,0.26946614583333334
meanxtreme,512,0.172619047619048,0.2373511904761905
meanxtreme,513,0.154444444444444,0.2506481481481482
meanxtreme,514,0.204444444444444,0.24518229166666664
meanxtreme,515,0.236979166666667,0.244921875
meanxtreme,520,0.245833333333333,0.2565972222222222
meanxtreme,521,0.154444444444444,0.2506481481481482
meanxtreme,522,0.191964285714286,0.23325892857142855
meanxtreme,523,0.255,0.2679166666666667
meanxtreme,527,0.19828431372549,0.26464460784313726
meanxtreme,528,0.2203125,0.289453125
meanxtreme,530,0.204444444444444,0.24518229166666664
meanxtreme,531,0.281944444444444,0.26840277777777777
meanxtreme,532,0.281944444444444,0.26840277777777777
meanxtreme,537,0.245833333333333,0.2565972222222222
meanxtreme,538,0.138095238095238,0.21979166666666664
meanxtreme,539,0.264166666666667,0.2615277777777778
meanxtreme,541,0.154444444444444,0.2506481481481482
meanxtreme,542,0.186538461538462,0.2221153846153846
meanxtreme,557,0.245833333333333,0.2565972222222222
meanxtreme,565,0.210576923076923,0.2689903846153846
meanxtreme,566,0.226302083333333,0.26946614583333334
meanxtreme,569,0.2203125,0.289453125
meanxtreme,570,0.220238095238095,0.23809523809523808
meanxtreme,571,0.281944444444444,0.26840277777777777
meanxtreme,572,0.210576923076923,0.2689903846153846
meanxtreme,573,0.148717948717949,0.253525641025641
meanxtreme,579,0.236979166666667,0.244921875
meanxtreme,581,0.292777777777778,0.2773611111111111
meanxtreme,582,0.255,0.2679166666666667
meanxtreme,583,0.172619047619048,0.2373511904761905
meanxtreme,585,0.19828431372549,0.26464460784313726
meanxtreme,591,0.204444444444444,0.24518229166666664
meanxtreme,592,0.265384615384615,0.25544871794871793
meanxtreme,596,0.176822916666667,0.23951822916666665
meanxtreme,600,0.210576923076923,0.2689903846153846
meanxtreme,602,0.215885416666667,0.23313802083333335
meanxtreme,605,0.191964285714286,0.23325892857142855
meanxtreme,614,0.191964285714286,0.23325892857142855
meanxtreme,621,0.191964285714286,0.23325892857142855
meanxtreme,622,0.264166666666667,0.2615277777777778
meanxtreme,624,0.292777777777778,0.2773611111111111
meanxtreme,632,0.19828431372549,0.26464460784313726
meanxtreme,640,0.186538461538462,0.2221153846153846
meanxtreme,642,0.176822916666667,0.23951822916666665
meanxtreme,644,0.186538461538462,0.2221153846153846
meanxtreme,648,0.228472222222222,0.2185763888888889
meanxtreme,650,0.236979166666667,0.244921875
meanxtreme,655,0.245833333333333,0.2565972222222222
meanxtreme,658,0.138095238095238,0.21979166666666664
meanxtreme,664,0.265384615384615,0.25544871794871793
meanxtreme,668,0.204444444444444,0.24518229166666664
meanxtreme,683,0.176822916666667,0.23951822916666665
meanxtreme,684,0.2203125,0.289453125
meanxtreme,685,0.264166666666667,0.2615277777777778
meanxtreme,686,0.215885416666667,0.23313802083333335
meanxtreme,687,0.215885416666667,0.23313802083333335
meanxtreme,688,0.2203125,0.289453125
meanxtreme,689,0.168452380952381,0.23407738095238095
meanxtreme,692,0.228472222222222,0.2185763888888889
meanxtreme,693,0.226302083333333,0.26946614583333334
meanxtreme,699,0.19828431372549,0.26464460784313726
meanxtreme,710,0.176822916666667,0.23951822916666665
meanxtreme,717,0.148717948717949,0.253525641025641
meanxtreme,719,0.168452380952381,0.23407738095238095
meanxtreme,720,0.148717948717949,0.253525641025641
meanxtreme,721,0.204444444444444,0.24518229166666664
meanxtreme,723,0.191964285714286,0.23325892857142855
meanxtreme,757,0.2203125,0.289453125
meanxtreme,758,0.236979166666667,0.244921875
meanxtreme,761,0.249702380952381,0.22313988095238096
meanxtreme,764,0.204444444444444,0.24518229166666664
meanxtreme,772,0.226302083333333,0.26946614583333334
meanxtreme,779,0.249702380952381,0.22313988095238096
meanxtreme,784,0.138095238095238,0.21979166666666664
meanxtreme,786,0.191964285714286,0.23325892857142855
meanxtreme,788,0.204444444444444,0.24518229166666664
meanxtreme,790,0.236979166666667,0.244921875
meanxtreme,791,0.154444444444444,0.2506481481481482
meanxtreme,798,0.215885416666667,0.23313802083333335
meanxtreme,803,0.176822916666667,0.23951822916666665
meanxtreme,805,0.292777777777778,0.2773611111111111
meanxtreme,812,0.220238095238095,0.23809523809523808
meanxtreme,815,0.138095238095238,0.21979166666666664
meanxtreme,816,0.255,0.2679166666666667
meanxtreme,818,0.255,0.2679166666666667
meanxtreme,820,0.172619047619048,0.2373511904761905
meanxtreme,821,0.154444444444444,0.2506481481481482
meanxtreme,822,0.176822916666667,0.23951822916666665
meanxtreme,823,0.176822916666667,0.23951822916666665
meanxtreme,828,0.19828431372549,0.26464460784313726
meanxtreme,830,0.168452380952381,0.23407738095238095
meanxtreme,854,0.255,0.2679166666666667
meanxtreme,858,0.148717948717949,0.253525641025641
meanxtreme,859,0.226302083333333,0.26946614583333334
meanxtreme,863,0.228472222222222,0.2185763888888889
meanxtreme,866,0.148717948717949,0.253525641025641
meanxtreme,867,0.19828431372549,0.26464460784313726
meanxtreme,868,0.2203125,0.289453125
meanxtreme,873,0.236979166666667,0.244921875
meanxtreme,874,0.148717948717949,0.253525641025641
meanxtreme,875,0.265384615384615,0.25544871794871793
meanxtreme,877,0.236979166666667,0.244921875
meanxtreme,878,0.264166666666667,0.2615277777777778
meanxtreme,880,0.220238095238095,0.23809523809523808
meanxtreme,881,0.228472222222222,0.2185763888888889
meanxtreme,886,0.2203125,0.289453125
meanxtreme,899,0.292777777777778,0.2773611111111111
meanxtreme,903,0.138095238095238,0.21979166666666664
meanxtreme,905,0.19828431372549,0.26464460784313726
meanxtreme,909,0.265384615384615,0.25544871794871793
meanxtreme,911,0.176822916666667,0.23951822916666665
meanxtreme,918,0.249702380952381,0.22313988095238096
meanxtreme,956,0.255,0.2679166666666667
meanxtreme,968,0.2203125,0.289453125
meanxtreme,975,0.228472222222222,0.2185763888888889
meanxtreme,1029,0.245833333333333,0.2565972222222222
meanxtreme,1032,0.264166666666667,0.2615277777777778
meanxtreme,1033,0.191964285714286,0.23325892857142855
meanxtreme,1036,0.186538461538462,0.2221153846153846
meanxtreme,1038,0.138095238095238,0.21979166666666664
meanxtreme,1046,0.204444444444444,0.24518229166666664
meanxtreme,1051,0.264166666666667,0.2615277777777778
meanxtreme,1052,0.281944444444444,0.26840277777777777
meanxtreme,1059,0.265384615384615,0.25544871794871793
meanxtreme,1060,0.255,0.2679166666666667
meanxtreme,1063,0.249702380952381,0.22313988095238096
meanxtreme,1069,0.245833333333333,0.2565972222222222
meanxtreme,1071,0.226302083333333,0.26946614583333334
meanxtreme,1075,0.226302083333333,0.26946614583333334
meanxtreme,1081,0.265384615384615,0.25544871794871793
meanxtreme,1082,0.19828431372549,0.26464460784313726
meanxtreme,1084,0.215885416666667,0.23313802083333335
meanxtreme,1085,0.236979166666667,0.244921875
meanxtreme,1087,0.172619047619048,0.2373511904761905
meanxtreme,1101,0.281944444444444,0.26840277777777777
meanxtreme,1106,0.249702380952381,0.22313988095238096
meanxtreme,1107,0.265384615384615,0.25544871794871793
meanxtreme,1108,0.226302083333333,0.26946614583333334
meanxtreme,1110,0.264166666666667,0.2615277777777778
meanxtreme,1111,0.245833333333333,0.2565972222222222
meanxtreme,1112,0.172619047619048,0.2373511904761905
meanxtreme,1113,0.281944444444444,0.26840277777777777
meanxtreme,1115,0.186538461538462,0.2221153846153846
meanxtreme,1117,0.215885416666667,0.23313802083333335
meanxtreme,1118,0.236979166666667,0.244921875
meanxtreme,1119,0.148717948717949,0.253525641025641
meanxtreme,1124,0.168452380952381,0.23407738095238095
meanxtreme,1130,0.210576923076923,0.2689903846153846
meanxtreme,1201,0.176822916666667,0.23951822916666665
meanxtreme,1202,0.265384615384615,0.25544871794871793
meanxtreme,1203,0.168452380952381,0.23407738095238095
meanxtreme,1204,0.228472222222222,0.2185763888888889
meanxtreme,1207,0.154444444444444,0.2506481481481482
meanxtreme,1212,0.245833333333333,0.2565972222222222
meanxtreme,1214,0.264166666666667,0.2615277777777778
meanxtreme,1219,0.2203125,0.289453125
meanxtreme,1224,0.264166666666667,0.2615277777777778
meanxtreme,1226,0.220238095238095,0.23809523809523808
meanxtreme,1227,0.264166666666667,0.2615277777777778
meanxtreme,1230,0.215885416666667,0.23313802083333335
meanxtreme,1251,0.236979166666667,0.244921875
meanxtreme,1253,0.292777777777778,0.2773611111111111
meanxtreme,1254,0.292777777777778,0.2773611111111111
meanxtreme,1256,0.292777777777778,0.2773611111111111
meanxtreme,1260,0.138095238095238,0.21979166666666664
meanxtreme,1262,0.292777777777778,0.2773611111111111
meanxtreme,1301,0.19828431372549,0.26464460784313726
meanxtreme,1306,0.154444444444444,0.2506481481481482
meanxtreme,1307,0.220238095238095,0.23809523809523808
meanxtreme,1314,0.172619047619048,0.2373511904761905
meanxtreme,1321,0.2203125,0.289453125
meanxtreme,1324,0.281944444444444,0.26840277777777777
meanxtreme,1329,0.236979166666667,0.244921875
meanxtreme,1333,0.215885416666667,0.23313802083333335
meanxtreme,1335,0.249702380952381,0.22313988095238096
meanxtreme,1343,0.148717948717949,0.253525641025641
meanxtreme,1344,0.249702380952381,0.22313988095238096
meanxtreme,1349,0.228472222222222,0.2185763888888889
meanxtreme,1353,0.154444444444444,0.2506481481481482
meanxtreme,1356,0.148717948717949,0.253525641025641
meanxtreme,1359,0.265384615384615,0.25544871794871793
meanxtreme,1362,0.245833333333333,0.2565972222222222
meanxtreme,1364,0.186538461538462,0.2221153846153846
meanxtreme,1370,0.220238095238095,0.23809523809523808
meanxtreme,1372,0.249702380952381,0.22313988095238096
meanxtreme,1374,0.148717948717949,0.253525641025641
meanxtreme,1380,0.148717948717949,0.253525641025641
meanxtreme,1381,0.176822916666667,0.23951822916666665
meanxtreme,1384,0.215885416666667,0.23313802083333335
meanxtreme,1386,0.255,0.2679166666666667
meanxtreme,1390,0.264166666666667,0.2615277777777778
meanxtreme,1391,0.215885416666667,0.23313802083333335
meanxtreme,1394,0.168452380952381,0.23407738095238095
meanxtreme,1395,0.292777777777778,0.2773611111111111
meanxtreme,1396,0.228472222222222,0.2185763888888889
meanxtreme,1397,0.220238095238095,0.23809523809523808
meanxtreme,1400,0.245833333333333,0.2565972222222222
meanxtreme,1502,0.210576923076923,0.2689903846153846
meanxtreme,1505,0.186538461538462,0.2221153846153846
meanxtreme,1511,0.204444444444444,0.24518229166666664
meanxtreme,1512,0.2203125,0.289453125
meanxtreme,1513,0.210576923076923,0.2689903846153846
meanxtreme,1515,0.19828431372549,0.26464460784313726
meanxtreme,1516,0.281944444444444,0.26840277777777777
meanxtreme,1518,0.220238095238095,0.23809523809523808
meanxtreme,1520,0.236979166666667,0.244921875
meanxtreme,1523,0.186538461538462,0.2221153846153846
meanxtreme,1525,0.226302083333333,0.26946614583333334
meanxtreme,1526,0.220238095238095,0.23809523809523808
meanxtreme,1527,0.138095238095238,0.21979166666666664
meanxtreme,1533,0.2203125,0.289453125
meanxtreme,1536,0.292777777777778,0.2773611111111111
meanxtreme,1537,0.226302083333333,0.26946614583333334
meanxtreme,1540,0.249702380952381,0.22313988095238096
meanxtreme,1544,0.2203125,0.289453125
meanxtreme,1545,0.172619047619048,0.2373511904761905
meanxtreme,1546,0.255,0.2679166666666667
meanxtreme,1547,0.220238095238095,0.23809523809523808
meanxtreme,1553,0.172619047619048,0.2373511904761905
meanxtreme,1554,0.186538461538462,0.2221153846153846
meanxtreme,1558,0.249702380952381,0.22313988095238096
meanxtreme,1560,0.264166666666667,0.2615277777777778
meanxtreme,1561,0.236979166666667,0.244921875
meanxtreme,1565,0.19828431372549,0.26464460784313726
meanxtreme,1572,0.204444444444444,0.24518229166666664
meanxtreme,1578,0.249702380952381,0.22313988095238096
meanxtreme,1580,0.236979166666667,0.244921875
meanxtreme,1582,0.176822916666667,0.23951822916666665
meanxtreme,1585,0.210576923076923,0.2689903846153846
meanxtreme,1586,0.154444444444444,0.2506481481481482
meanxtreme,1589,0.19828431372549,0.26464460784313726
meanxtreme,1590,0.226302083333333,0.26946614583333334
meanxtreme,1592,0.154444444444444,0.2506481481481482
meanxtreme,1602,0.210576923076923,0.2689903846153846
meanxtreme,1604,0.168452380952381,0.23407738095238095
meanxtreme,1608,0.172619047619048,0.2373511904761905
aus.popparl2,1,0,0
aus.popparl2,4,0.5,NA
aus.popparl2,5,0.75,0.75
aus.popparl2,6,0.75,0.75
aus.popparl2,8,NA,NA
aus.popparl2,11,0.75,0.75
aus.popparl2,12,0.25,0.25
aus.popparl2,17,0.25,0.25
aus.popparl2,24,0.75,0.75
aus.popparl2,25,0.25,0.25
aus.popparl2,31,0.25,0.25
aus.popparl2,32,NA,NA
aus.popparl2,38,0.25,0.25
aus.popparl2,39,NA,NA
aus.popparl2,42,0,0
aus.popparl2,43,0,0
aus.popparl2,46,0.25,0.25
aus.popparl2,49,0,0
aus.popparl2,57,0.25,0.25
aus.popparl2,61,NA,0.5
aus.popparl2,64,0.75,0.75
aus.popparl2,68,NA,NA
aus.popparl2,79,0.75,0.75
aus.popparl2,83,NA,0.5
aus.popparl2,86,0.25,0.25
aus.popparl2,87,0.75,0.75
aus.popparl2,88,0.5,0.5
aus.popparl2,90,NA,0.5
aus.popparl2,93,0.25,0.25
aus.popparl2,95,0.5,0.5
aus.popparl2,107,0.75,0.75
aus.popparl2,108,0.75,0.75
aus.popparl2,110,0.25,0.25
aus.popparl2,126,NA,0.5
aus.popparl2,127,0.25,0.25
aus.popparl2,130,0.75,0.75
aus.popparl2,133,NA,NA
aus.popparl2,135,0.25,0.25
aus.popparl2,137,0.25,0.25
aus.popparl2,142,0.25,0.25
aus.popparl2,143,0.5,0.5
aus.popparl2,146,0.25,0.25
aus.popparl2,152,0.25,0.25
aus.popparl2,154,0.75,0.75
aus.popparl2,155,0.5,0.5
aus.popparl2,158,0.25,0.25
aus.popparl2,164,0.25,0.25
aus.popparl2,165,0,0
aus.popparl2,167,0.75,0.75
aus.popparl2,170,0.25,0.25
aus.popparl2,174,0,0
aus.popparl2,177,0.25,0.25
aus.popparl2,178,0.25,0.25
aus.popparl2,180,NA,NA
aus.popparl2,182,0.25,0.25
aus.popparl2,183,0,0
aus.popparl2,186,0.75,0.75
aus.popparl2,189,NA,NA
aus.popparl2,199,0.25,0.25
aus.popparl2,200,0,0
aus.popparl2,205,0,0
aus.popparl2,208,NA,NA
aus.popparl2,210,0.25,0.25
aus.popparl2,216,0.25,0.25
aus.popparl2,224,0.25,0.25
aus.popparl2,226,0.25,0.25
aus.popparl2,239,0.75,0.75
aus.popparl2,240,0.25,0.25
aus.popparl2,244,0.75,0.75
aus.popparl2,248,0,0
aus.popparl2,249,0.75,0.75
aus.popparl2,252,0,0
aus.popparl2,256,0,0
aus.popparl2,260,0.25,0.25
aus.popparl2,262,0,0
aus.popparl2,307,NA,NA
aus.popparl2,309,0,0
aus.popparl2,312,NA,0.5
aus.popparl2,313,0.25,0.25
aus.popparl2,315,1,1
aus.popparl2,321,0,0
aus.popparl2,327,0.25,0.25
aus.popparl2,329,0.25,0.25
aus.popparl2,338,0.25,0.25
aus.popparl2,340,0,0
aus.popparl2,343,0.25,0.25
aus.popparl2,344,NA,NA
aus.popparl2,352,0.25,0.25
aus.popparl2,353,0.25,0.25
aus.popparl2,357,0.25,0.25
aus.popparl2,358,0.25,0.25
aus.popparl2,361,0,0
aus.popparl2,364,0.25,0.25
aus.popparl2,366,0.75,0.75
aus.popparl2,370,0.25,0.25
aus.popparl2,396,0,0
aus.popparl2,397,0.75,0.75
aus.popparl2,399,0,0
aus.popparl2,403,0.75,0.75
aus.popparl2,404,0,0
aus.popparl2,417,0,0
aus.popparl2,419,0.5,0.5
aus.popparl2,420,NA,NA
aus.popparl2,425,NA,NA
aus.popparl2,430,0.25,0.25
aus.popparl2,432,0.75,0.75
aus.popparl2,433,0.25,0.25
aus.popparl2,480,0.25,0.25
aus.popparl2,482,NA,NA
aus.popparl2,484,NA,0.5
aus.popparl2,504,0,0
aus.popparl2,512,NA,NA
aus.popparl2,513,0.25,0.25
aus.popparl2,514,0.25,0.25
aus.popparl2,515,0,0
aus.popparl2,520,0.25,0.25
aus.popparl2,521,0.75,0.75
aus.popparl2,522,0,0
aus.popparl2,523,0.25,0.25
aus.popparl2,527,0.25,0.25
aus.popparl2,528,0.25,0.25
aus.popparl2,530,0.25,0.25
aus.popparl2,531,0.5,0.5
aus.popparl2,532,0,0
aus.popparl2,537,0.5,0.75
aus.popparl2,538,0.25,0.25
aus.popparl2,539,0.25,0.25
aus.popparl2,541,0.25,0.25
aus.popparl2,542,0.25,0.25
aus.popparl2,557,0,0
aus.popparl2,565,0.75,0.75
aus.popparl2,566,0.25,0.25
aus.popparl2,569,0.25,0.25
aus.popparl2,570,0.25,0.25
aus.popparl2,571,0.75,0.75
aus.popparl2,572,0,0
aus.popparl2,573,0.25,0.25
aus.popparl2,579,0,0
aus.popparl2,581,0.25,0.25
aus.popparl2,582,0.25,0.25
aus.popparl2,583,0.25,0.25
aus.popparl2,585,NA,0.5
aus.popparl2,591,0,0
aus.popparl2,592,NA,NA
aus.popparl2,596,0.75,0.75
aus.popparl2,600,0.25,0.25
aus.popparl2,602,0,0
aus.popparl2,605,NA,NA
aus.popparl2,614,0.5,0.5
aus.popparl2,621,0.25,0.25
aus.popparl2,622,0.25,0.25
aus.popparl2,624,0.75,0.75
aus.popparl2,632,0.75,0.75
aus.popparl2,640,0.25,0.25
aus.popparl2,642,0.75,0.75
aus.popparl2,644,0,0
aus.popparl2,648,0.25,0.25
aus.popparl2,650,NA,0.5
aus.popparl2,655,0.25,0.25
aus.popparl2,658,0.75,0.75
aus.popparl2,664,0.25,0.25
aus.popparl2,668,0.25,0.25
aus.popparl2,683,0.75,0.75
aus.popparl2,684,0.25,0.25
aus.popparl2,685,NA,NA
aus.popparl2,686,0.5,0.75
aus.popparl2,687,NA,0.5
aus.popparl2,688,0.25,0.25
aus.popparl2,689,NA,NA
aus.popparl2,692,NA,NA
aus.popparl2,693,NA,NA
aus.popparl2,699,NA,NA
aus.popparl2,710,NA,NA
aus.popparl2,717,0.25,0.25
aus.popparl2,719,0.5,NA
aus.popparl2,720,0.75,0.75
aus.popparl2,721,0.75,0.75
aus.popparl2,723,0.25,0.25
aus.popparl2,757,0.5,NA
aus.popparl2,758,NA,NA
aus.popparl2,761,NA,0.5
aus.popparl2,764,NA,0.5
aus.popparl2,772,0.25,0.25
aus.popparl2,779,0.25,0.25
aus.popparl2,784,0.25,0.25
aus.popparl2,786,0,0
aus.popparl2,788,NA,NA
aus.popparl2,790,NA,NA
aus.popparl2,791,0.25,0.25
aus.popparl2,798,0.75,0.75
aus.popparl2,803,NA,NA
aus.popparl2,805,0.25,0.25
aus.popparl2,812,1,1
aus.popparl2,815,0.25,0.25
aus.popparl2,816,0.25,0.25
aus.popparl2,818,NA,NA
aus.popparl2,820,0,0
aus.popparl2,821,0.75,0.75
aus.popparl2,822,0.25,0.25
aus.popparl2,823,0.25,0.25
aus.popparl2,828,0.5,0.5
aus.popparl2,830,NA,0.5
aus.popparl2,854,0,0
aus.popparl2,858,NA,NA
aus.popparl2,859,0,0
aus.popparl2,863,0.25,0.25
aus.popparl2,866,1,1
aus.popparl2,867,NA,NA
aus.popparl2,868,0.25,0.25
aus.popparl2,873,0.25,0.25
aus.popparl2,874,0,0
aus.popparl2,875,0.25,0.25
aus.popparl2,877,0,0
aus.popparl2,878,0,0
aus.popparl2,880,0.25,0.25
aus.popparl2,881,NA,0.5
aus.popparl2,886,0.25,0.25
aus.popparl2,899,0.5,0.5
aus.popparl2,903,0.75,0.75
aus.popparl2,905,0.25,0.25
aus.popparl2,909,0.25,0.25
aus.popparl2,911,0.25,0.25
aus.popparl2,918,0.75,0.75
aus.popparl2,956,1,1
aus.popparl2,968,0.5,0.75
aus.popparl2,975,NA,NA
aus.popparl2,1029,0.25,0.25
aus.popparl2,1032,0.25,0.25
aus.popparl2,1033,0.25,0.25
aus.popparl2,1036,1,1
aus.popparl2,1038,0.25,0.25
aus.popparl2,1046,0.75,0.75
aus.popparl2,1051,0.75,0.75
aus.popparl2,1052,0.25,0.25
aus.popparl2,1059,0.25,0.25
aus.popparl2,1060,0.25,0.25
aus.popparl2,1063,0.25,0.25
aus.popparl2,1069,0.75,0.75
aus.popparl2,1071,NA,NA
aus.popparl2,1075,1,1
aus.popparl2,1081,0.25,0.25
aus.popparl2,1082,0,0
aus.popparl2,1084,0.25,0.25
aus.popparl2,1085,NA,NA
aus.popparl2,1087,NA,0.5
aus.popparl2,1101,0.5,0.5
aus.popparl2,1106,0.25,0.25
aus.popparl2,1107,0.25,0.25
aus.popparl2,1108,0.25,0.25
aus.popparl2,1110,0.25,0.25
aus.popparl2,1111,NA,NA
aus.popparl2,1112,0.25,0.25
aus.popparl2,1113,0.25,0.25
aus.popparl2,1115,0.5,0.5
aus.popparl2,1117,1,1
aus.popparl2,1118,NA,NA
aus.popparl2,1119,0.75,0.75
aus.popparl2,1124,0.25,0.25
aus.popparl2,1130,0.25,0.25
aus.popparl2,1201,0.25,0.25
aus.popparl2,1202,0.25,0.25
aus.popparl2,1203,0,0
aus.popparl2,1204,0.25,0.25
aus.popparl2,1207,0,0
aus.popparl2,1212,NA,NA
aus.popparl2,1214,0,0
aus.popparl2,1219,NA,0.5
aus.popparl2,1224,0.25,0.25
aus.popparl2,1226,0.75,0.75
aus.popparl2,1227,0,0
aus.popparl2,1230,0.25,0.25
aus.popparl2,1251,0.25,0.25
aus.popparl2,1253,0.25,0.25
aus.popparl2,1254,0.25,0.25
aus.popparl2,1256,1,1
aus.popparl2,1260,1,1
aus.popparl2,1262,0.25,0.25
aus.popparl2,1301,NA,NA
aus.popparl2,1306,1,1
aus.popparl2,1307,0.25,0.25
aus.popparl2,1314,0,0
aus.popparl2,1321,0.75,0.75
aus.popparl2,1324,0.25,0.25
aus.popparl2,1329,0.75,0.75
aus.popparl2,1333,0,0
aus.popparl2,1335,0.25,0.25
aus.popparl2,1343,0,0
aus.popparl2,1344,NA,NA
aus.popparl2,1349,0.25,0.25
aus.popparl2,1353,NA,0.5
aus.popparl2,1356,0,0
aus.popparl2,1359,NA,NA
aus.popparl2,1362,NA,0.5
aus.popparl2,1364,NA,NA
aus.popparl2,1370,0.75,0.75
aus.popparl2,1372,NA,NA
aus.popparl2,1374,0.5,0.5
aus.popparl2,1380,0.5,0.75
aus.popparl2,1381,NA,NA
aus.popparl2,1384,NA,NA
aus.popparl2,1386,0.25,0.25
aus.popparl2,1390,0,0
aus.popparl2,1391,0.75,0.75
aus.popparl2,1394,NA,0.5
aus.popparl2,1395,NA,0.5
aus.popparl2,1396,0.25,0.25
aus.popparl2,1397,0.25,0.25
aus.popparl2,1400,0.25,0.25
aus.popparl2,1502,0.75,0.75
aus.popparl2,1505,0,0
aus.popparl2,1511,0.75,0.75
aus.popparl2,1512,0.25,0.25
aus.popparl2,1513,0.25,0.25
aus.popparl2,1515,NA,NA
aus.popparl2,1516,0.25,0.25
aus.popparl2,1518,0.25,0.25
aus.popparl2,1520,0,0
aus.popparl2,1523,0,0
aus.popparl2,1525,0.75,0.75
aus.popparl2,1526,0.75,0.75
aus.popparl2,1527,NA,NA
aus.popparl2,1533,0.75,0.75
aus.popparl2,1536,0.25,0.25
aus.popparl2,1537,NA,0.5
aus.popparl2,1540,NA,NA
aus.popparl2,1544,0.75,0.75
aus.popparl2,1545,0.25,0.25
aus.popparl2,1546,0,0
aus.popparl2,1547,NA,NA
aus.popparl2,1553,0.25,0.25
aus.popparl2,1554,1,1
aus.popparl2,1558,NA,NA
aus.popparl2,1560,0.25,0.25
aus.popparl2,1561,1,1
aus.popparl2,1565,NA,0.5
aus.popparl2,1572,0.25,0.25
aus.popparl2,1578,0.5,0.5
aus.popparl2,1580,0.5,NA
aus.popparl2,1582,0.5,0.75
aus.popparl2,1585,0,0
aus.popparl2,1586,0.75,0.75
aus.popparl2,1589,0.25,0.25
aus.popparl2,1590,NA,NA
aus.popparl2,1592,0.25,0.25
aus.popparl2,1602,0.25,0.25
aus.popparl2,1604,NA,0.5
aus.popparl2,1608,NA,NA
ppage,1,41,41
ppage,4,53,53
ppage,5,58,58
ppage,6,56,56
ppage,8,52,52
ppage,11,26,26
ppage,12,38,38
ppage,17,46,46
ppage,24,43,43
ppage,25,45,45
ppage,31,48,48
ppage,32,40,40
ppage,38,39,39
ppage,39,53,53
ppage,42,27,27
ppage,43,37,37
ppage,46,43,43
ppage,49,22,22
ppage,57,69,69
ppage,61,43,43
ppage,64,62,62
ppage,68,40,40
ppage,79,63,63
ppage,83,47,47
ppage,86,33,33
ppage,87,42,42
ppage,88,28,28
ppage,90,28,28
ppage,93,37,37
ppage,95,49,49
ppage,107,60,60
ppage,108,53,53
ppage,110,53,53
ppage,126,53,53
ppage,127,45,45
ppage,130,49,49
ppage,133,63,63
ppage,135,36,36
ppage,137,44,44
ppage,142,75,75
ppage,143,43,43
ppage,146,71,71
ppage,152,71,71
ppage,154,54,54
ppage,155,57,57
ppage,158,54,54
ppage,164,63,63
ppage,165,42,42
ppage,167,47,47
ppage,170,38,38
ppage,174,53,53
ppage,177,31,31
ppage,178,38,38
ppage,180,50,50
ppage,182,79,79
ppage,183,42,42
ppage,186,46,46
ppage,189,29,29
ppage,199,98,NA
ppage,200,45,45
ppage,205,22,22
ppage,208,51,51
ppage,210,40,40
ppage,216,51,51
ppage,224,44,44
ppage,226,42,42
ppage,239,46,46
ppage,240,59,59
ppage,244,47,47
ppage,248,54,54
ppage,249,69,69
ppage,252,60,60
ppage,256,29,29
ppage,260,40,40
ppage,262,79,79
ppage,307,70,70
ppage,309,40,40
ppage,312,48,48
ppage,313,39,39
ppage,315,34,34
ppage,321,46,46
ppage,327,38,38
ppage,329,49,49
ppage,338,47,47
ppage,340,59,59
ppage,343,29,29
ppage,344,70,70
ppage,352,41,41
ppage,353,51,51
ppage,357,40,40
ppage,358,68,68
ppage,361,32,32
ppage,364,54,54
ppage,366,57,57
ppage,370,55,55
ppage,396,25,25
ppage,397,55,55
ppage,399,37,37
ppage,403,32,32
ppage,404,26,26
ppage,417,37,37
ppage,419,35,35
ppage,420,66,66
ppage,425,18,18
ppage,430,34,34
ppage,432,56,56
ppage,433,62,62
ppage,480,46,46
ppage,482,49,49
ppage,484,33,33
ppage,504,36,36
ppage,512,27,27
ppage,513,47,47
ppage,514,78,78
ppage,515,58,58
ppage,520,34,34
ppage,521,21,21
ppage,522,76,76
ppage,523,25,25
ppage,527,41,41
ppage,528,51,51
ppage,530,43,43
ppage,531,41,41
ppage,532,38,38
ppage,537,56,56
ppage,538,22,22
ppage,539,47,47
ppage,541,35,35
ppage,542,48,48
ppage,557,33,33
ppage,565,39,39
ppage,566,56,56
ppage,569,42,42
ppage,570,42,42
ppage,571,59,59
ppage,572,18,18
ppage,573,49,49
ppage,579,84,84
ppage,581,62,62
ppage,582,30,30
ppage,583,30,30
ppage,585,23,23
ppage,591,18,18
ppage,592,67,67
ppage,596,47,47
ppage,600,52,52
ppage,602,73,73
ppage,605,71,71
ppage,614,46,46
ppage,621,24,24
ppage,622,47,47
ppage,624,56,56
ppage,632,47,47
ppage,640,27,27
ppage,642,38,38
ppage,644,52,52
ppage,648,98,NA
ppage,650,64,64
ppage,655,30,30
ppage,658,76,76
ppage,664,48,48
ppage,668,46,46
ppage,683,38,38
ppage,684,46,46
ppage,685,68,68
ppage,686,46,46
ppage,687,68,68
ppage,688,48,48
ppage,689,50,50
ppage,692,49,49
ppage,693,77,77
ppage,699,39,39
ppage,710,68,68
ppage,717,53,53
ppage,719,33,33
ppage,720,37,37
ppage,721,50,50
ppage,723,56,56
ppage,757,33,33
ppage,758,56,56
ppage,761,40,40
ppage,764,50,50
ppage,772,33,33
ppage,779,76,76
ppage,784,71,71
ppage,786,56,56
ppage,788,50,50
ppage,790,57,57
ppage,791,32,32
ppage,798,55,55
ppage,803,59,59
ppage,805,50,50
ppage,812,37,37
ppage,815,31,31
ppage,816,39,39
ppage,818,63,63
ppage,820,46,46
ppage,821,25,25
ppage,822,47,47
ppage,823,45,45
ppage,828,54,54
ppage,830,26,26
ppage,854,40,40
ppage,858,41,41
ppage,859,27,27
ppage,863,32,32
ppage,866,64,64
ppage,867,67,67
ppage,868,58,58
ppage,873,41,41
ppage,874,29,29
ppage,875,53,53
ppage,877,50,50
ppage,878,36,36
ppage,880,25,25
ppage,881,52,52
ppage,886,49,49
ppage,899,48,48
ppage,903,19,19
ppage,905,49,49
ppage,909,39,39
ppage,911,30,30
ppage,918,28,28
ppage,956,41,41
ppage,968,46,46
ppage,975,43,43
ppage,1029,27,27
ppage,1032,42,42
ppage,1033,48,48
ppage,1036,37,37
ppage,1038,38,38
ppage,1046,54,54
ppage,1051,50,50
ppage,1052,71,71
ppage,1059,45,45
ppage,1060,20,20
ppage,1063,41,41
ppage,1069,51,51
ppage,1071,54,54
ppage,1075,55,55
ppage,1081,28,28
ppage,1082,24,24
ppage,1084,42,42
ppage,1085,75,75
ppage,1087,51,51
ppage,1101,28,28
ppage,1106,35,35
ppage,1107,50,50
ppage,1108,36,36
ppage,1110,34,34
ppage,1111,49,49
ppage,1112,40,40
ppage,1113,55,55
ppage,1115,42,42
ppage,1117,42,42
ppage,1118,57,57
ppage,1119,42,42
ppage,1124,40,40
ppage,1130,38,38
ppage,1201,33,33
ppage,1202,42,42
ppage,1203,31,31
ppage,1204,35,35
ppage,1207,58,58
ppage,1212,57,57
ppage,1214,35,35
ppage,1219,47,47
ppage,1224,40,40
ppage,1226,98,NA
ppage,1227,44,44
ppage,1230,31,31
ppage,1251,46,46
ppage,1253,24,24
ppage,1254,52,52
ppage,1256,55,55
ppage,1260,54,54
ppage,1262,41,41
ppage,1301,65,65
ppage,1306,28,28
ppage,1307,63,63
ppage,1314,60,60
ppage,1321,19,19
ppage,1324,43,43
ppage,1329,43,43
ppage,1333,29,29
ppage,1335,44,44
ppage,1343,26,26
ppage,1344,27,27
ppage,1349,50,50
ppage,1353,47,47
ppage,1356,23,23
ppage,1359,58,58
ppage,1362,33,33
ppage,1364,37,37
ppage,1370,56,56
ppage,1372,35,35
ppage,1374,56,56
ppage,1380,35,35
ppage,1381,56,56
ppage,1384,29,29
ppage,1386,18,18
ppage,1390,60,60
ppage,1391,59,59
ppage,1394,58,58
ppage,1395,80,80
ppage,1396,51,51
ppage,1397,40,40
ppage,1400,28,28
ppage,1502,37,37
ppage,1505,24,24
ppage,1511,23,23
ppage,1512,57,57
ppage,1513,59,59
ppage,1515,46,46
ppage,1516,34,34
ppage,1518,54,54
ppage,1520,19,19
ppage,1523,62,62
ppage,1525,25,25
ppage,1526,62,62
ppage,1527,33,33
ppage,1533,43,43
ppage,1536,39,39
ppage,1537,57,57
ppage,1540,70,70
ppage,1544,26,26
ppage,1545,30,30
ppage,1546,41,41
ppage,1547,43,43
ppage,1553,53,53
ppage,1554,56,56
ppage,1558,57,57
ppage,1560,37,37
ppage,1561,59,59
ppage,1565,31,31
ppage,1572,38,38
ppage,1578,65,65
ppage,1580,51,51
ppage,1582,56,56
ppage,1585,43,43
ppage,1586,32,32
ppage,1589,32,32
ppage,1590,70,70
ppage,1592,46,46
ppage,1602,58,58
ppage,1604,67,67
ppage,1608,79,79
meanage,1,48.5,44.69230769230769
meanage,4,50.2857142857143,50.285714285714285
meanage,5,47.625,47.625
meanage,6,43.2142857142857,43.214285714285715
meanage,8,44.6153846153846,44.61538461538461
meanage,11,46.0625,46.0625
meanage,12,39.6,39.6
meanage,17,44.1666666666667,39.27272727272727
meanage,24,50.1333333333333,50.13333333333333
meanage,25,46.6875,46.6875
meanage,31,39,39
meanage,32,46.1875,46.1875
meanage,38,48.3846153846154,48.38461538461539
meanage,39,47.0714285714286,47.07142857142857
meanage,42,44.1666666666667,39.27272727272727
meanage,43,47.0714285714286,47.07142857142857
meanage,46,39,39
meanage,49,43.2142857142857,43.214285714285715
meanage,57,50.2857142857143,50.285714285714285
meanage,61,39.6,39.6
meanage,64,46.0625,46.0625
meanage,68,47.625,47.625
meanage,79,47.1176470588235,43.9375
meanage,83,46.1875,46.1875
meanage,86,50.2857142857143,50.285714285714285
meanage,87,44.6153846153846,44.61538461538461
meanage,88,46.6875,46.6875
meanage,90,48.5,44.69230769230769
meanage,93,46.6875,46.6875
meanage,95,46.8571428571429,46.857142857142854
meanage,107,47.0666666666667,47.06666666666667
meanage,108,48.5,44.69230769230769
meanage,110,49.0833333333333,49.083333333333336
meanage,126,47.625,47.625
meanage,127,43.5,43.5
meanage,130,50.2857142857143,50.285714285714285
meanage,133,46.8571428571429,46.857142857142854
meanage,135,47.0666666666667,47.06666666666667
meanage,137,46.0625,46.0625
meanage,142,55.375,55.375
meanage,143,46.8571428571429,46.857142857142854
meanage,146,49.0833333333333,49.083333333333336
meanage,152,49.0833333333333,49.083333333333336
meanage,154,47.6428571428571,47.642857142857146
meanage,155,48.3846153846154,48.38461538461539
meanage,158,46.6875,46.6875
meanage,164,48.3846153846154,48.38461538461539
meanage,165,47.6428571428571,47.642857142857146
meanage,167,43.2142857142857,43.214285714285715
meanage,170,44.6153846153846,44.61538461538461
meanage,174,43.125,43.125
meanage,177,46.0625,46.0625
meanage,178,39.6,39.6
meanage,180,43.5,43.5
meanage,182,46.8571428571429,46.857142857142854
meanage,183,50.2857142857143,50.285714285714285
meanage,186,43.5,43.5
meanage,189,44.1666666666667,39.27272727272727
meanage,199,47.1176470588235,43.9375
meanage,200,44.6153846153846,44.61538461538461
meanage,205,47.1176470588235,43.9375
meanage,208,55.375,55.375
meanage,210,50.1333333333333,50.13333333333333
meanage,216,47.0714285714286,47.07142857142857
meanage,224,47.6428571428571,47.642857142857146
meanage,226,39.6,39.6
meanage,239,42.5384615384615,42.53846153846154
meanage,240,44.6153846153846,44.61538461538461
meanage,244,43.2142857142857,43.214285714285715
meanage,248,47.625,47.625
meanage,249,50.1333333333333,50.13333333333333
meanage,252,47.1176470588235,43.9375
meanage,256,46.1875,46.1875
meanage,260,48.3846153846154,48.38461538461539
meanage,262,47.6428571428571,47.642857142857146
meanage,307,43.5,43.5
meanage,309,46.8571428571429,46.857142857142854
meanage,312,47.625,47.625
meanage,313,43.125,43.125
meanage,315,46.0625,46.0625
meanage,321,39,39
meanage,327,46.1875,46.1875
meanage,329,42.5384615384615,42.53846153846154
meanage,338,39,39
meanage,340,47.625,47.625
meanage,343,39,39
meanage,344,47.0666666666667,47.06666666666667
meanage,352,42.5384615384615,42.53846153846154
meanage,353,46.8571428571429,46.857142857142854
meanage,357,47.1176470588235,43.9375
meanage,358,46.1875,46.1875
meanage,361,47.6428571428571,47.642857142857146
meanage,364,42.9230769230769,42.92307692307692
meanage,366,46.6875,46.6875
meanage,370,39,39
meanage,396,49.0833333333333,49.083333333333336
meanage,397,43.2142857142857,43.214285714285715
meanage,399,50.1333333333333,50.13333333333333
meanage,403,42.5384615384615,42.53846153846154
meanage,404,46.8571428571429,46.857142857142854
meanage,417,48.5,44.69230769230769
meanage,419,50.2857142857143,50.285714285714285
meanage,420,46.0625,46.0625
meanage,425,44.1666666666667,39.27272727272727
meanage,430,43.2142857142857,43.214285714285715
meanage,432,50.1333333333333,50.13333333333333
meanage,433,39.6,39.6
meanage,480,50.2857142857143,50.285714285714285
meanage,482,42.9230769230769,42.92307692307692
meanage,484,43.125,43.125
meanage,504,46.6875,46.6875
meanage,512,47.6428571428571,47.642857142857146
meanage,513,39.6,39.6
meanage,514,47.625,47.625
meanage,515,55.375,55.375
meanage,520,43.5,43.5
meanage,521,39.6,39.6
meanage,522,50.2857142857143,50.285714285714285
meanage,523,39,39
meanage,527,47.1176470588235,43.9375
meanage,528,43.125,43.125
meanage,530,47.625,47.625
meanage,531,49.0833333333333,49.083333333333336
meanage,532,49.0833333333333,49.083333333333336
meanage,537,43.5,43.5
meanage,538,43.2142857142857,43.214285714285715
meanage,539,47.0666666666667,47.06666666666667
meanage,541,39.6,39.6
meanage,542,42.5384615384615,42.53846153846154
meanage,557,43.5,43.5
meanage,565,44.6153846153846,44.61538461538461
meanage,566,46.6875,46.6875
meanage,569,43.125,43.125
meanage,570,48.5,44.69230769230769
meanage,571,49.0833333333333,49.083333333333336
meanage,572,44.6153846153846,44.61538461538461
meanage,573,42.9230769230769,42.92307692307692
meanage,579,55.375,55.375
meanage,581,50.1333333333333,50.13333333333333
meanage,582,39,39
meanage,583,47.6428571428571,47.642857142857146
meanage,585,47.1176470588235,43.9375
meanage,591,47.625,47.625
meanage,592,48.3846153846154,48.38461538461539
meanage,596,46.1875,46.1875
meanage,600,44.6153846153846,44.61538461538461
meanage,602,46.0625,46.0625
meanage,605,50.2857142857143,50.285714285714285
meanage,614,50.2857142857143,50.285714285714285
meanage,621,50.2857142857143,50.285714285714285
meanage,622,47.0666666666667,47.06666666666667
meanage,624,50.1333333333333,50.13333333333333
meanage,632,47.1176470588235,43.9375
meanage,640,42.5384615384615,42.53846153846154
meanage,642,46.1875,46.1875
meanage,644,42.5384615384615,42.53846153846154
meanage,648,44.1666666666667,39.27272727272727
meanage,650,55.375,55.375
meanage,655,43.5,43.5
meanage,658,43.2142857142857,43.214285714285715
meanage,664,48.3846153846154,48.38461538461539
meanage,668,47.625,47.625
meanage,683,46.1875,46.1875
meanage,684,43.125,43.125
meanage,685,47.0666666666667,47.06666666666667
meanage,686,46.0625,46.0625
meanage,687,46.0625,46.0625
meanage,688,43.125,43.125
meanage,689,46.8571428571429,46.857142857142854
meanage,692,44.1666666666667,39.27272727272727
meanage,693,46.6875,46.6875
meanage,699,47.1176470588235,43.9375
meanage,710,46.1875,46.1875
meanage,717,42.9230769230769,42.92307692307692
meanage,719,46.8571428571429,46.857142857142854
meanage,720,42.9230769230769,42.92307692307692
meanage,721,47.625,47.625
meanage,723,50.2857142857143,50.285714285714285
meanage,757,43.125,43.125
meanage,758,55.375,55.375
meanage,761,47.0714285714286,47.07142857142857
meanage,764,47.625,47.625
meanage,772,46.6875,46.6875
meanage,779,47.0714285714286,47.07142857142857
meanage,784,43.2142857142857,43.214285714285715
meanage,786,50.2857142857143,50.285714285714285
meanage,788,47.625,47.625
meanage,790,55.375,55.375
meanage,791,39.6,39.6
meanage,798,46.0625,46.0625
meanage,803,46.1875,46.1875
meanage,805,50.1333333333333,50.13333333333333
meanage,812,48.5,44.69230769230769
meanage,815,43.2142857142857,43.214285714285715
meanage,816,39,39
meanage,818,39,39
meanage,820,47.6428571428571,47.642857142857146
meanage,821,39.6,39.6
meanage,822,46.1875,46.1875
meanage,823,46.1875,46.1875
meanage,828,47.1176470588235,43.9375
meanage,830,46.8571428571429,46.857142857142854
meanage,854,39,39
meanage,858,42.9230769230769,42.92307692307692
meanage,859,46.6875,46.6875
meanage,863,44.1666666666667,39.27272727272727
meanage,866,42.9230769230769,42.92307692307692
meanage,867,47.1176470588235,43.9375
meanage,868,43.125,43.125
meanage,873,55.375,55.375
meanage,874,42.9230769230769,42.92307692307692
meanage,875,48.3846153846154,48.38461538461539
meanage,877,55.375,55.375
meanage,878,47.0666666666667,47.06666666666667
meanage,880,48.5,44.69230769230769
meanage,881,44.1666666666667,39.27272727272727
meanage,886,43.125,43.125
meanage,899,50.1333333333333,50.13333333333333
meanage,903,43.2142857142857,43.214285714285715
meanage,905,47.1176470588235,43.9375
meanage,909,48.3846153846154,48.38461538461539
meanage,911,46.1875,46.1875
meanage,918,47.0714285714286,47.07142857142857
meanage,956,39,39
meanage,968,43.125,43.125
meanage,975,44.1666666666667,39.27272727272727
meanage,1029,43.5,43.5
meanage,1032,47.0666666666667,47.06666666666667
meanage,1033,50.2857142857143,50.285714285714285
meanage,1036,42.5384615384615,42.53846153846154
meanage,1038,43.2142857142857,43.214285714285715
meanage,1046,47.625,47.625
meanage,1051,47.0666666666667,47.06666666666667
meanage,1052,49.0833333333333,49.083333333333336
meanage,1059,48.3846153846154,48.38461538461539
meanage,1060,39,39
meanage,1063,47.0714285714286,47.07142857142857
meanage,1069,43.5,43.5
meanage,1071,46.6875,46.6875
meanage,1075,46.6875,46.6875
meanage,1081,48.3846153846154,48.38461538461539
meanage,1082,47.1176470588235,43.9375
meanage,1084,46.0625,46.0625
meanage,1085,55.375,55.375
meanage,1087,47.6428571428571,47.642857142857146
meanage,1101,49.0833333333333,49.083333333333336
meanage,1106,47.0714285714286,47.07142857142857
meanage,1107,48.3846153846154,48.38461538461539
meanage,1108,46.6875,46.6875
meanage,1110,47.0666666666667,47.06666666666667
meanage,1111,43.5,43.5
meanage,1112,47.6428571428571,47.642857142857146
meanage,1113,49.0833333333333,49.083333333333336
meanage,1115,42.5384615384615,42.53846153846154
meanage,1117,46.0625,46.0625
meanage,1118,55.375,55.375
meanage,1119,42.9230769230769,42.92307692307692
meanage,1124,46.8571428571429,46.857142857142854
meanage,1130,44.6153846153846,44.61538461538461
meanage,1201,46.1875,46.1875
meanage,1202,48.3846153846154,48.38461538461539
meanage,1203,46.8571428571429,46.857142857142854
meanage,1204,44.1666666666667,39.27272727272727
meanage,1207,39.6,39.6
meanage,1212,43.5,43.5
meanage,1214,47.0666666666667,47.06666666666667
meanage,1219,43.125,43.125
meanage,1224,47.0666666666667,47.06666666666667
meanage,1226,48.5,44.69230769230769
meanage,1227,47.0666666666667,47.06666666666667
meanage,1230,46.0625,46.0625
meanage,1251,55.375,55.375
meanage,1253,50.1333333333333,50.13333333333333
meanage,1254,50.1333333333333,50.13333333333333
meanage,1256,50.1333333333333,50.13333333333333
meanage,1260,43.2142857142857,43.214285714285715
meanage,1262,50.1333333333333,50.13333333333333
meanage,1301,47.1176470588235,43.9375
meanage,1306,39.6,39.6
meanage,1307,48.5,44.69230769230769
meanage,1314,47.6428571428571,47.642857142857146
meanage,1321,43.125,43.125
meanage,1324,49.0833333333333,49.083333333333336
meanage,1329,55.375,55.375
meanage,1333,46.0625,46.0625
meanage,1335,47.0714285714286,47.07142857142857
meanage,1343,42.9230769230769,42.92307692307692
meanage,1344,47.0714285714286,47.07142857142857
meanage,1349,44.1666666666667,39.27272727272727
meanage,1353,39.6,39.6
meanage,1356,42.9230769230769,42.92307692307692
meanage,1359,48.3846153846154,48.38461538461539
meanage,1362,43.5,43.5
meanage,1364,42.5384615384615,42.53846153846154
meanage,1370,48.5,44.69230769230769
meanage,1372,47.0714285714286,47.07142857142857
meanage,1374,42.9230769230769,42.92307692307692
meanage,1380,42.9230769230769,42.92307692307692
meanage,1381,46.1875,46.1875
meanage,1384,46.0625,46.0625
meanage,1386,39,39
meanage,1390,47.0666666666667,47.06666666666667
meanage,1391,46.0625,46.0625
meanage,1394,46.8571428571429,46.857142857142854
meanage,1395,50.1333333333333,50.13333333333333
meanage,1396,44.1666666666667,39.27272727272727
meanage,1397,48.5,44.69230769230769
meanage,1400,43.5,43.5
meanage,1502,44.6153846153846,44.61538461538461
meanage,1505,42.5384615384615,42.53846153846154
meanage,1511,47.625,47.625
meanage,1512,43.125,43.125
meanage,1513,44.6153846153846,44.61538461538461
meanage,1515,47.1176470588235,43.9375
meanage,1516,49.0833333333333,49.083333333333336
meanage,1518,48.5,44.69230769230769
meanage,1520,55.375,55.375
meanage,1523,42.5384615384615,42.53846153846154
meanage,1525,46.6875,46.6875
meanage,1526,48.5,44.69230769230769
meanage,1527,43.2142857142857,43.214285714285715
meanage,1533,43.125,43.125
meanage,1536,50.1333333333333,50.13333333333333
meanage,1537,46.6875,46.6875
meanage,1540,47.0714285714286,47.07142857142857
meanage,1544,43.125,43.125
meanage,1545,47.6428571428571,47.642857142857146
meanage,1546,39,39
meanage,1547,48.5,44.69230769230769
meanage,1553,47.6428571428571,47.642857142857146
meanage,1554,42.5384615384615,42.53846153846154
meanage,1558,47.0714285714286,47.07142857142857
meanage,1560,47.0666666666667,47.06666666666667
meanage,1561,55.375,55.375
meanage,1565,47.1176470588235,43.9375
meanage,1572,47.625,47.625
meanage,1578,47.0714285714286,47.07142857142857
meanage,1580,55.375,55.375
meanage,1582,46.1875,46.1875
meanage,1585,44.6153846153846,44.61538461538461
meanage,1586,39.6,39.6
meanage,1589,47.1176470588235,43.9375
meanage,1590,46.6875,46.6875
meanage,1592,39.6,39.6
meanage,1602,44.6153846153846,44.61538461538461
meanage,1604,46.8571428571429,46.857142857142854
meanage,1608,47.6428571428571,47.642857142857146
numitems,1,11,12
numitems,4,11,12
numitems,5,11,12
numitems,6,11,12
numitems,8,11,12
numitems,11,11,12
numitems,12,11,12
numitems,17,11,12
numitems,24,11,12
numitems,25,11,12
numitems,31,11,12
numitems,32,11,12
numitems,38,11,12
numitems,39,11,12
numitems,42,11,12
numitems,43,11,12
numitems,46,11,12
numitems,49,11,12
numitems,57,11,12
numitems,61,11,12
numitems,64,11,12
numitems,68,11,12
numitems,79,11,12
numitems,83,11,12
numitems,86,11,12
numitems,87,11,12
numitems,88,11,12
numitems,90,11,12
numitems,93,11,12
numitems,95,11,12
numitems,107,11,12
numitems,108,11,12
numitems,110,11,12
numitems,126,11,12
numitems,127,11,12
numitems,130,11,12
numitems,133,11,12
numitems,135,11,12
numitems,137,11,12
numitems,142,11,12
numitems,143,11,12
numitems,146,11,12
numitems,152,11,12
numitems,154,11,12
numitems,155,11,12
numitems,158,11,12
numitems,164,11,12
numitems,165,11,12
numitems,167,11,12
numitems,170,11,12
numitems,174,11,12
numitems,177,11,12
numitems,178,11,12
numitems,180,11,12
numitems,182,11,12
numitems,183,11,12
numitems,186,11,12
numitems,189,11,12
numitems,199,11,12
numitems,200,11,12
numitems,205,11,12
numitems,208,11,12
numitems,210,11,12
numitems,216,11,12
numitems,224,11,12
numitems,226,11,12
numitems,239,11,12
numitems,240,11,12
numitems,244,11,12
numitems,248,11,12
numitems,249,11,12
numitems,252,11,12
numitems,256,11,12
numitems,260,11,12
numitems,262,11,12
numitems,307,11,12
numitems,309,11,12
numitems,312,11,12
numitems,313,11,12
numitems,315,11,12
numitems,321,11,12
numitems,327,11,12
numitems,329,11,12
numitems,338,11,12
numitems,340,11,12
numitems,343,11,12
numitems,344,11,12
numitems,352,11,12
numitems,353,11,12
numitems,357,11,12
numitems,358,11,12
numitems,361,11,12
numitems,364,11,12
numitems,366,11,12
numitems,370,11,12
numitems,396,11,12
numitems,397,11,12
numitems,399,11,12
numitems,403,11,12
numitems,404,11,12
numitems,417,11,12
numitems,419,11,12
numitems,420,11,12
numitems,425,11,12
numitems,430,11,12
numitems,432,11,12
numitems,433,11,12
numitems,480,11,12
numitems,482,11,12
numitems,484,11,12
numitems,504,11,12
numitems,512,11,12
numitems,513,11,12
numitems,514,11,12
numitems,515,11,12
numitems,520,11,12
numitems,521,11,12
numitems,522,11,12
numitems,523,11,12
numitems,527,11,12
numitems,528,11,12
numitems,530,11,12
numitems,531,11,12
numitems,532,11,12
numitems,537,11,12
numitems,538,11,12
numitems,539,11,12
numitems,541,11,12
numitems,542,11,12
numitems,557,11,12
numitems,565,11,12
numitems,566,11,12
numitems,569,11,12
numitems,570,11,12
numitems,571,11,12
numitems,572,11,12
numitems,573,11,12
numitems,579,11,12
numitems,581,11,12
numitems,582,11,12
numitems,583,11,12
numitems,585,11,12
numitems,591,11,12
numitems,592,11,12
numitems,596,11,12
numitems,600,11,12
numitems,602,11,12
numitems,605,11,12
numitems,614,11,12
numitems,621,11,12
numitems,622,11,12
numitems,624,11,12
numitems,632,11,12
numitems,640,11,12
numitems,642,11,12
numitems,644,11,12
numitems,648,11,12
numitems,650,11,12
numitems,655,11,12
numitems,658,11,12
numitems,664,11,12
numitems,668,11,12
numitems,683,11,12
numitems,684,11,12
numitems,685,11,12
numitems,686,11,12
numitems,687,11,12
numitems,688,11,12
numitems,689,11,12
numitems,692,11,12
numitems,693,11,12
numitems,699,11,12
numitems,710,11,12
numitems,717,11,12
numitems,719,11,12
numitems,720,11,12
numitems,721,11,12
numitems,723,11,12
numitems,757,11,12
numitems,758,11,12
numitems,761,11,12
numitems,764,11,12
numitems,772,11,12
numitems,779,11,12
numitems,784,11,12
numitems,786,11,12
numitems,788,11,12
numitems,790,11,12
numitems,791,11,12
numitems,798,11,12
numitems,803,11,12
numitems,805,11,12
numitems,812,11,12
numitems,815,11,12
numitems,816,11,12
numitems,818,11,12
numitems,820,11,12
numitems,821,11,12
numitems,822,11,12
numitems,823,11,12
numitems,828,11,12
numitems,830,11,12
numitems,854,11,12
numitems,858,11,12
numitems,859,11,12
numitems,863,11,12
numitems,866,11,12
numitems,867,11,12
numitems,868,11,12
numitems,873,11,12
numitems,874,11,12
numitems,875,11,12
numitems,877,11,12
numitems,878,11,12
numitems,880,11,12
numitems,881,11,12
numitems,886,11,12
numitems,899,11,12
numitems,903,11,12
numitems,905,11,12
numitems,909,11,12
numitems,911,11,12
numitems,918,11,12
numitems,956,11,12
numitems,968,11,12
numitems,975,11,12
numitems,1029,11,12
numitems,1032,11,12
numitems,1033,11,12
numitems,1036,11,12
numitems,1038,11,12
numitems,1046,11,12
numitems,1051,11,12
numitems,1052,11,12
numitems,1059,11,12
numitems,1060,11,12
numitems,1063,11,12
numitems,1069,11,12
numitems,1071,11,12
numitems,1075,11,12
numitems,1081,11,12
numitems,1082,11,12
numitems,1084,11,12
numitems,1085,11,12
numitems,1087,11,12
numitems,1101,11,12
numitems,1106,11,12
numitems,1107,11,12
numitems,1108,11,12
numitems,1110,11,12
numitems,1111,11,12
numitems,1112,11,12
numitems,1113,11,12
numitems,1115,11,12
numitems,1117,11,12
numitems,1118,11,12
numitems,1119,11,12
numitems,1124,11,12
numitems,1130,11,12
numitems,1201,11,12
numitems,1202,11,12
numitems,1203,11,12
numitems,1204,11,12
numitems,1207,11,12
numitems,1212,11,12
numitems,1214,11,12
numitems,1219,11,12
numitems,1224,11,12
numitems,1226,11,12
numitems,1227,11,12
numitems,1230,11,12
numitems,1251,11,12
numitems,1253,11,12
numitems,1254,11,12
numitems,1256,11,12
numitems,1260,11,12
numitems,1262,11,12
numitems,1301,11,12
numitems,1306,11,12
numitems,1307,11,12
numitems,1314,11,12
numitems,1321,11,12
numitems,1324,11,12
numitems,1329,11,12
numitems,1333,11,12
numitems,1335,11,12
numitems,1343,11,12
numitems,1344,11,12
numitems,1349,11,12
numitems,1353,11,12
numitems,1356,11,12
numitems,1359,11,12
numitems,1362,11,12
numitems,1364,11,12
numitems,1370,11,12
numitems,1372,11,12
numitems,1374,11,12
numitems,1380,11,12
numitems,1381,11,12
numitems,1384,11,12
numitems,1386,11,12
numitems,1390,11,12
numitems,1391,11,12
numitems,1394,11,12
numitems,1395,11,12
numitems,1396,11,12
numitems,1397,11,12
numitems,1400,11,12
numitems,1502,11,12
numitems,1505,11,12
numitems,1511,11,12
numitems,1512,11,12
numitems,1513,11,12
numitems,1515,11,12
numitems,1516,11,12
numitems,1518,11,12
numitems,1520,11,12
numitems,1523,11,12
numitems,1525,11,12
numitems,1526,11,12
numitems,1527,11,12
numitems,1533,11,12
numitems,1536,11,12
numitems,1537,11,12
numitems,1540,11,12
numitems,1544,11,12
numitems,1545,11,12
numitems,1546,11,12
numitems,1547,11,12
numitems,1553,11,12
numitems,1554,11,12
numitems,1558,11,12
numitems,1560,11,12
numitems,1561,11,12
numitems,1565,11,12
numitems,1572,11,12
numitems,1578,11,12
numitems,1580,11,12
numitems,1582,11,12
numitems,1585,11,12
numitems,1586,11,12
numitems,1589,11,12
numitems,1590,11,12
numitems,1592,11,12
numitems,1602,11,12
numitems,1604,11,12
numitems,1608,11,12
