legacy_field,source_row,caseid,historical_sample,first_preference,second_preference,previous_rank,approved_rank,previous_value,approved_value
aus.republican1,1,NA,FALSE,NA,NA,NA,NA,NA,NA
aus.republican1,2,NA,FALSE,NA,NA,NA,NA,NA,NA
aus.republican1,3,NA,FALSE,NA,NA,NA,NA,NA,NA
aus.republican1,4,NA,FALSE,NA,NA,NA,NA,NA,NA
aus.republican1,5,NA,FALSE,NA,NA,NA,NA,NA,NA
aus.republican1,6,NA,FALSE,NA,NA,NA,NA,NA,NA
aus.republican1,7,NA,FALSE,NA,NA,NA,NA,NA,NA
aus.republican1,8,NA,FALSE,NA,NA,NA,NA,NA,NA
aus.republican1,9,NA,FALSE,NA,NA,NA,NA,NA,NA
aus.republican1,10,NA,FALSE,NA,NA,NA,NA,NA,NA
aus.republican1,11,NA,FALSE,NA,NA,NA,NA,NA,NA
aus.republican1,12,NA,FALSE,NA,NA,NA,NA,NA,NA
aus.republican1,13,NA,FALSE,NA,NA,NA,NA,NA,NA
aus.republican1,14,NA,FALSE,NA,NA,NA,NA,NA,NA
aus.republican1,15,NA,FALSE,NA,NA,NA,NA,NA,NA
aus.republican1,16,NA,FALSE,NA,NA,NA,NA,NA,NA
aus.republican1,17,NA,FALSE,NA,NA,NA,NA,NA,NA
aus.republican1,18,NA,FALSE,NA,NA,NA,NA,NA,NA
aus.republican1,19,NA,FALSE,NA,NA,NA,NA,NA,NA
aus.republican1,20,NA,FALSE,NA,NA,NA,NA,NA,NA
aus.republican1,21,NA,FALSE,NA,NA,NA,NA,NA,NA
aus.republican1,22,NA,FALSE,NA,NA,NA,NA,NA,NA
aus.republican1,23,NA,FALSE,NA,NA,NA,NA,NA,NA
aus.republican1,24,NA,FALSE,NA,NA,NA,NA,NA,NA
aus.republican1,25,NA,FALSE,NA,NA,NA,NA,NA,NA
aus.republican1,26,NA,FALSE,NA,NA,NA,NA,NA,NA
aus.republican1,27,NA,FALSE,NA,NA,NA,NA,NA,NA
aus.republican1,28,NA,FALSE,NA,NA,NA,NA,NA,NA
aus.republican1,29,NA,FALSE,NA,NA,NA,NA,NA,NA
aus.republican1,30,NA,FALSE,NA,NA,NA,NA,NA,NA
aus.republican1,31,NA,FALSE,NA,NA,NA,NA,NA,NA
aus.republican1,32,NA,FALSE,NA,NA,NA,NA,NA,NA
aus.republican1,33,NA,FALSE,NA,NA,NA,NA,NA,NA
aus.republican1,34,NA,FALSE,NA,NA,NA,NA,NA,NA
aus.republican1,35,NA,FALSE,NA,NA,NA,NA,NA,NA
aus.republican1,36,NA,FALSE,NA,NA,NA,NA,NA,NA
aus.republican1,37,NA,FALSE,NA,NA,NA,NA,NA,NA
aus.republican1,38,NA,FALSE,NA,NA,NA,NA,NA,NA
aus.republican1,39,NA,FALSE,NA,NA,NA,NA,NA,NA
aus.republican1,40,NA,FALSE,NA,NA,NA,NA,NA,NA
aus.republican1,41,NA,FALSE,NA,NA,NA,NA,NA,NA
aus.republican1,42,NA,FALSE,NA,NA,NA,NA,NA,NA
aus.republican1,43,NA,FALSE,NA,NA,NA,NA,NA,NA
aus.republican1,44,NA,FALSE,NA,NA,NA,NA,NA,NA
aus.republican1,45,NA,FALSE,NA,NA,NA,NA,NA,NA
aus.republican1,46,NA,FALSE,NA,NA,NA,NA,NA,NA
aus.republican1,47,NA,FALSE,NA,NA,NA,NA,NA,NA
aus.republican1,48,NA,FALSE,NA,NA,NA,NA,NA,NA
aus.republican1,49,NA,FALSE,NA,NA,NA,NA,NA,NA
aus.republican1,50,NA,FALSE,NA,NA,NA,NA,NA,NA
aus.republican1,51,NA,FALSE,NA,NA,NA,NA,NA,NA
aus.republican1,52,NA,FALSE,NA,NA,NA,NA,NA,NA
aus.republican1,53,NA,FALSE,NA,NA,NA,NA,NA,NA
aus.republican1,54,NA,FALSE,NA,NA,NA,NA,NA,NA
aus.republican1,55,NA,FALSE,NA,NA,NA,NA,NA,NA
aus.republican1,56,NA,FALSE,NA,NA,NA,NA,NA,NA
aus.republican1,57,NA,FALSE,NA,NA,NA,NA,NA,NA
aus.republican1,58,NA,FALSE,NA,NA,NA,NA,NA,NA
aus.republican1,59,NA,FALSE,NA,NA,NA,NA,NA,NA
aus.republican1,60,NA,FALSE,NA,NA,NA,NA,NA,NA
aus.republican1,61,NA,FALSE,NA,NA,NA,NA,NA,NA
aus.republican1,62,NA,FALSE,NA,NA,NA,NA,NA,NA
aus.republican1,63,NA,FALSE,NA,NA,NA,NA,NA,NA
aus.republican1,64,NA,FALSE,NA,NA,NA,NA,NA,NA
aus.republican1,65,NA,FALSE,NA,NA,NA,NA,NA,NA
aus.republican1,66,NA,FALSE,NA,NA,NA,NA,NA,NA
aus.republican1,67,NA,FALSE,NA,NA,NA,NA,NA,NA
aus.republican1,68,NA,FALSE,NA,NA,NA,NA,NA,NA
aus.republican1,69,NA,FALSE,NA,NA,NA,NA,NA,NA
aus.republican1,70,NA,FALSE,NA,NA,NA,NA,NA,NA
aus.republican1,71,NA,FALSE,NA,NA,NA,NA,NA,NA
aus.republican1,72,NA,FALSE,NA,NA,NA,NA,NA,NA
aus.republican1,73,NA,FALSE,NA,NA,NA,NA,NA,NA
aus.republican1,74,NA,FALSE,NA,NA,NA,NA,NA,NA
aus.republican1,75,NA,FALSE,NA,NA,NA,NA,NA,NA
aus.republican1,76,NA,FALSE,NA,NA,NA,NA,NA,NA
aus.republican1,77,NA,FALSE,NA,NA,NA,NA,NA,NA
aus.republican1,78,NA,FALSE,NA,NA,NA,NA,NA,NA
aus.republican1,79,NA,FALSE,NA,NA,NA,NA,NA,NA
aus.republican1,80,NA,FALSE,NA,NA,NA,NA,NA,NA
aus.republican1,81,NA,FALSE,NA,NA,NA,NA,NA,NA
aus.republican1,82,NA,FALSE,NA,NA,NA,NA,NA,NA
aus.republican1,83,NA,FALSE,NA,NA,NA,NA,NA,NA
aus.republican1,84,NA,FALSE,NA,NA,NA,NA,NA,NA
aus.republican1,85,NA,FALSE,NA,NA,NA,NA,NA,NA
aus.republican1,86,NA,FALSE,NA,NA,NA,NA,NA,NA
aus.republican1,87,NA,FALSE,NA,NA,NA,NA,NA,NA
aus.republican1,88,NA,FALSE,NA,NA,NA,NA,NA,NA
aus.republican1,89,NA,FALSE,NA,NA,NA,NA,NA,NA
aus.republican1,90,NA,FALSE,NA,NA,NA,NA,NA,NA
aus.republican1,91,NA,FALSE,NA,NA,NA,NA,NA,NA
aus.republican1,92,NA,FALSE,NA,NA,NA,NA,NA,NA
aus.republican1,93,NA,FALSE,NA,NA,NA,NA,NA,NA
aus.republican1,94,NA,FALSE,NA,NA,NA,NA,NA,NA
aus.republican1,95,NA,FALSE,NA,NA,NA,NA,NA,NA
aus.republican1,96,NA,FALSE,NA,NA,NA,NA,NA,NA
aus.republican1,97,NA,FALSE,NA,NA,NA,NA,NA,NA
aus.republican1,98,NA,FALSE,NA,NA,NA,NA,NA,NA
aus.republican1,99,NA,FALSE,NA,NA,NA,NA,NA,NA
aus.republican1,100,NA,FALSE,NA,NA,NA,NA,NA,NA
aus.republican1,101,NA,FALSE,NA,NA,NA,NA,NA,NA
aus.republican1,102,NA,FALSE,NA,NA,NA,NA,NA,NA
aus.republican1,103,NA,FALSE,NA,NA,NA,NA,NA,NA
aus.republican1,104,NA,FALSE,NA,NA,NA,NA,NA,NA
aus.republican1,105,NA,FALSE,NA,NA,NA,NA,NA,NA
aus.republican1,106,NA,FALSE,NA,NA,NA,NA,NA,NA
aus.republican1,107,NA,FALSE,NA,NA,NA,NA,NA,NA
aus.republican1,108,NA,FALSE,NA,NA,NA,NA,NA,NA
aus.republican1,109,NA,FALSE,NA,NA,NA,NA,NA,NA
aus.republican1,110,NA,FALSE,NA,NA,NA,NA,NA,NA
aus.republican1,111,NA,FALSE,NA,NA,NA,NA,NA,NA
aus.republican1,112,NA,FALSE,NA,NA,NA,NA,NA,NA
aus.republican1,113,NA,FALSE,NA,NA,NA,NA,NA,NA
aus.republican1,114,NA,FALSE,NA,NA,NA,NA,NA,NA
aus.republican1,115,NA,FALSE,NA,NA,NA,NA,NA,NA
aus.republican1,116,NA,FALSE,NA,NA,NA,NA,NA,NA
aus.republican1,117,NA,FALSE,NA,NA,NA,NA,NA,NA
aus.republican1,118,NA,FALSE,NA,NA,NA,NA,NA,NA
aus.republican1,119,NA,FALSE,NA,NA,NA,NA,NA,NA
aus.republican1,120,NA,FALSE,NA,NA,NA,NA,NA,NA
aus.republican1,121,NA,FALSE,NA,NA,NA,NA,NA,NA
aus.republican1,122,NA,FALSE,NA,NA,NA,NA,NA,NA
aus.republican1,123,NA,FALSE,NA,NA,NA,NA,NA,NA
aus.republican1,124,NA,FALSE,NA,NA,NA,NA,NA,NA
aus.republican1,125,NA,FALSE,NA,NA,NA,NA,NA,NA
aus.republican1,126,NA,FALSE,NA,NA,NA,NA,NA,NA
aus.republican1,127,NA,FALSE,NA,NA,NA,NA,NA,NA
aus.republican1,128,NA,FALSE,NA,NA,NA,NA,NA,NA
aus.republican1,129,NA,FALSE,NA,NA,NA,NA,NA,NA
aus.republican1,130,NA,FALSE,NA,NA,NA,NA,NA,NA
aus.republican1,131,NA,FALSE,NA,NA,NA,NA,NA,NA
aus.republican1,132,NA,FALSE,NA,NA,NA,NA,NA,NA
aus.republican1,133,NA,FALSE,NA,NA,NA,NA,NA,NA
aus.republican1,134,NA,FALSE,NA,NA,NA,NA,NA,NA
aus.republican1,135,NA,FALSE,NA,NA,NA,NA,NA,NA
aus.republican1,136,NA,FALSE,NA,NA,NA,NA,NA,NA
aus.republican1,137,NA,FALSE,NA,NA,NA,NA,NA,NA
aus.republican1,138,NA,FALSE,NA,NA,NA,NA,NA,NA
aus.republican1,139,NA,FALSE,NA,NA,NA,NA,NA,NA
aus.republican1,140,NA,FALSE,NA,NA,NA,NA,NA,NA
aus.republican1,141,NA,FALSE,NA,NA,NA,NA,NA,NA
aus.republican1,142,NA,FALSE,NA,NA,NA,NA,NA,NA
aus.republican1,143,NA,FALSE,NA,NA,NA,NA,NA,NA
aus.republican1,144,NA,FALSE,NA,NA,NA,NA,NA,NA
aus.republican1,145,NA,FALSE,NA,NA,NA,NA,NA,NA
aus.republican1,146,NA,FALSE,NA,NA,NA,NA,NA,NA
aus.republican1,147,NA,FALSE,NA,NA,NA,NA,NA,NA
aus.republican1,148,NA,FALSE,NA,NA,NA,NA,NA,NA
aus.republican1,149,NA,FALSE,NA,NA,NA,NA,NA,NA
aus.republican1,150,NA,FALSE,NA,NA,NA,NA,NA,NA
aus.republican1,151,NA,FALSE,NA,NA,NA,NA,NA,NA
aus.republican1,152,NA,FALSE,NA,NA,NA,NA,NA,NA
aus.republican1,153,NA,FALSE,NA,NA,NA,NA,NA,NA
aus.republican1,154,NA,FALSE,NA,NA,NA,NA,NA,NA
aus.republican1,155,NA,FALSE,NA,NA,NA,NA,NA,NA
aus.republican1,156,NA,FALSE,NA,NA,NA,NA,NA,NA
aus.republican1,157,NA,FALSE,NA,NA,NA,NA,NA,NA
aus.republican1,158,NA,FALSE,NA,NA,NA,NA,NA,NA
aus.republican1,159,NA,FALSE,NA,NA,NA,NA,NA,NA
aus.republican1,160,NA,FALSE,NA,NA,NA,NA,NA,NA
aus.republican1,161,NA,FALSE,NA,NA,NA,NA,NA,NA
aus.republican1,162,NA,FALSE,NA,NA,NA,NA,NA,NA
aus.republican1,163,NA,FALSE,NA,NA,NA,NA,NA,NA
aus.republican1,164,NA,FALSE,NA,NA,NA,NA,NA,NA
aus.republican1,165,NA,FALSE,NA,NA,NA,NA,NA,NA
aus.republican1,166,NA,FALSE,NA,NA,NA,NA,NA,NA
aus.republican1,167,NA,FALSE,NA,NA,NA,NA,NA,NA
aus.republican1,168,NA,FALSE,NA,NA,NA,NA,NA,NA
aus.republican1,169,NA,FALSE,NA,NA,NA,NA,NA,NA
aus.republican1,170,NA,FALSE,NA,NA,NA,NA,NA,NA
aus.republican1,171,NA,FALSE,NA,NA,NA,NA,NA,NA
aus.republican1,172,NA,FALSE,NA,NA,NA,NA,NA,NA
aus.republican1,173,NA,FALSE,NA,NA,NA,NA,NA,NA
aus.republican1,174,NA,FALSE,NA,NA,NA,NA,NA,NA
aus.republican1,175,NA,FALSE,NA,NA,NA,NA,NA,NA
aus.republican1,176,NA,FALSE,NA,NA,NA,NA,NA,NA
aus.republican1,177,NA,FALSE,NA,NA,NA,NA,NA,NA
aus.republican1,178,NA,FALSE,NA,NA,NA,NA,NA,NA
aus.republican1,179,NA,FALSE,NA,NA,NA,NA,NA,NA
aus.republican1,180,NA,FALSE,NA,NA,NA,NA,NA,NA
aus.republican1,181,NA,FALSE,NA,NA,NA,NA,NA,NA
aus.republican1,182,NA,FALSE,NA,NA,NA,NA,NA,NA
aus.republican1,183,NA,FALSE,NA,NA,NA,NA,NA,NA
aus.republican1,184,NA,FALSE,NA,NA,NA,NA,NA,NA
aus.republican1,185,NA,FALSE,NA,NA,NA,NA,NA,NA
aus.republican1,186,NA,FALSE,NA,NA,NA,NA,NA,NA
aus.republican1,187,NA,FALSE,NA,NA,NA,NA,NA,NA
aus.republican1,188,NA,FALSE,NA,NA,NA,NA,NA,NA
aus.republican1,189,NA,FALSE,NA,NA,NA,NA,NA,NA
aus.republican1,190,NA,FALSE,NA,NA,NA,NA,NA,NA
aus.republican1,191,NA,FALSE,NA,NA,NA,NA,NA,NA
aus.republican1,192,NA,FALSE,NA,NA,NA,NA,NA,NA
aus.republican1,193,NA,FALSE,NA,NA,NA,NA,NA,NA
aus.republican1,194,NA,FALSE,NA,NA,NA,NA,NA,NA
aus.republican1,195,NA,FALSE,NA,NA,NA,NA,NA,NA
aus.republican1,196,NA,FALSE,NA,NA,NA,NA,NA,NA
aus.republican1,197,NA,FALSE,NA,NA,NA,NA,NA,NA
aus.republican1,198,NA,FALSE,NA,NA,NA,NA,NA,NA
aus.republican1,199,NA,FALSE,NA,NA,NA,NA,NA,NA
aus.republican1,200,NA,FALSE,NA,NA,NA,NA,NA,NA
aus.republican1,201,NA,FALSE,NA,NA,NA,NA,NA,NA
aus.republican1,202,NA,FALSE,NA,NA,NA,NA,NA,NA
aus.republican1,203,NA,FALSE,NA,NA,NA,NA,NA,NA
aus.republican1,204,NA,FALSE,NA,NA,NA,NA,NA,NA
aus.republican1,205,NA,FALSE,NA,NA,NA,NA,NA,NA
aus.republican1,206,NA,FALSE,NA,NA,NA,NA,NA,NA
aus.republican1,207,NA,FALSE,NA,NA,NA,NA,NA,NA
aus.republican1,208,NA,FALSE,NA,NA,NA,NA,NA,NA
aus.republican1,209,NA,FALSE,NA,NA,NA,NA,NA,NA
aus.republican1,210,NA,FALSE,NA,NA,NA,NA,NA,NA
aus.republican1,211,NA,FALSE,NA,NA,NA,NA,NA,NA
aus.republican1,212,NA,FALSE,NA,NA,NA,NA,NA,NA
aus.republican1,213,NA,FALSE,NA,NA,NA,NA,NA,NA
aus.republican1,214,NA,FALSE,NA,NA,NA,NA,NA,NA
aus.republican1,215,NA,FALSE,NA,NA,NA,NA,NA,NA
aus.republican1,216,NA,FALSE,NA,NA,NA,NA,NA,NA
aus.republican1,217,NA,FALSE,NA,NA,NA,NA,NA,NA
aus.republican1,218,NA,FALSE,NA,NA,NA,NA,NA,NA
aus.republican1,219,NA,FALSE,NA,NA,NA,NA,NA,NA
aus.republican1,220,NA,FALSE,NA,NA,NA,NA,NA,NA
aus.republican1,221,NA,FALSE,NA,NA,NA,NA,NA,NA
aus.republican1,222,NA,FALSE,NA,NA,NA,NA,NA,NA
aus.republican1,223,NA,FALSE,NA,NA,NA,NA,NA,NA
aus.republican1,224,NA,FALSE,NA,NA,NA,NA,NA,NA
aus.republican1,225,NA,FALSE,NA,NA,NA,NA,NA,NA
aus.republican1,226,NA,FALSE,NA,NA,NA,NA,NA,NA
aus.republican1,227,NA,FALSE,NA,NA,NA,NA,NA,NA
aus.republican1,228,NA,FALSE,NA,NA,NA,NA,NA,NA
aus.republican1,229,NA,FALSE,NA,NA,NA,NA,NA,NA
aus.republican1,230,NA,FALSE,NA,NA,NA,NA,NA,NA
aus.republican1,231,NA,FALSE,NA,NA,NA,NA,NA,NA
aus.republican1,232,NA,FALSE,NA,NA,NA,NA,NA,NA
aus.republican1,233,NA,FALSE,NA,NA,NA,NA,NA,NA
aus.republican1,234,NA,FALSE,NA,NA,NA,NA,NA,NA
aus.republican1,235,NA,FALSE,NA,NA,NA,NA,NA,NA
aus.republican1,236,NA,FALSE,NA,NA,NA,NA,NA,NA
aus.republican1,237,NA,FALSE,NA,NA,NA,NA,NA,NA
aus.republican1,238,NA,FALSE,NA,NA,NA,NA,NA,NA
aus.republican1,239,NA,FALSE,NA,NA,NA,NA,NA,NA
aus.republican1,240,NA,FALSE,NA,NA,NA,NA,NA,NA
aus.republican1,241,NA,FALSE,NA,NA,NA,NA,NA,NA
aus.republican1,242,NA,FALSE,NA,NA,NA,NA,NA,NA
aus.republican1,243,NA,FALSE,NA,NA,NA,NA,NA,NA
aus.republican1,244,NA,FALSE,NA,NA,NA,NA,NA,NA
aus.republican1,245,NA,FALSE,NA,NA,NA,NA,NA,NA
aus.republican1,246,NA,FALSE,NA,NA,NA,NA,NA,NA
aus.republican1,247,NA,FALSE,NA,NA,NA,NA,NA,NA
aus.republican1,248,NA,FALSE,NA,NA,NA,NA,NA,NA
aus.republican1,249,NA,FALSE,NA,NA,NA,NA,NA,NA
aus.republican1,250,NA,FALSE,NA,NA,NA,NA,NA,NA
aus.republican1,251,NA,FALSE,NA,NA,NA,NA,NA,NA
aus.republican1,252,NA,FALSE,NA,NA,NA,NA,NA,NA
aus.republican1,253,NA,FALSE,NA,NA,NA,NA,NA,NA
aus.republican1,254,NA,FALSE,NA,NA,NA,NA,NA,NA
aus.republican1,255,NA,FALSE,NA,NA,NA,NA,NA,NA
aus.republican1,256,NA,FALSE,NA,NA,NA,NA,NA,NA
aus.republican1,257,NA,FALSE,NA,NA,NA,NA,NA,NA
aus.republican1,258,NA,FALSE,NA,NA,NA,NA,NA,NA
aus.republican1,259,NA,FALSE,NA,NA,NA,NA,NA,NA
aus.republican1,260,NA,FALSE,NA,NA,NA,NA,NA,NA
aus.republican1,261,NA,FALSE,NA,NA,NA,NA,NA,NA
aus.republican1,262,NA,FALSE,NA,NA,NA,NA,NA,NA
aus.republican1,263,NA,FALSE,NA,NA,NA,NA,NA,NA
aus.republican1,264,NA,FALSE,NA,NA,NA,NA,NA,NA
aus.republican1,265,NA,FALSE,NA,NA,NA,NA,NA,NA
aus.republican1,266,NA,FALSE,NA,NA,NA,NA,NA,NA
aus.republican1,267,NA,FALSE,NA,NA,NA,NA,NA,NA
aus.republican1,268,NA,FALSE,NA,NA,NA,NA,NA,NA
aus.republican1,269,NA,FALSE,NA,NA,NA,NA,NA,NA
aus.republican1,270,NA,FALSE,NA,NA,NA,NA,NA,NA
aus.republican1,271,NA,FALSE,NA,NA,NA,NA,NA,NA
aus.republican1,272,NA,FALSE,NA,NA,NA,NA,NA,NA
aus.republican1,273,NA,FALSE,NA,NA,NA,NA,NA,NA
aus.republican1,274,NA,FALSE,NA,NA,NA,NA,NA,NA
aus.republican1,275,NA,FALSE,NA,NA,NA,NA,NA,NA
aus.republican1,276,NA,FALSE,NA,NA,NA,NA,NA,NA
aus.republican1,277,NA,FALSE,NA,NA,NA,NA,NA,NA
aus.republican1,278,NA,FALSE,NA,NA,NA,NA,NA,NA
aus.republican1,279,NA,FALSE,NA,NA,NA,NA,NA,NA
aus.republican1,280,NA,FALSE,NA,NA,NA,NA,NA,NA
aus.republican1,281,NA,FALSE,NA,NA,NA,NA,NA,NA
aus.republican1,282,NA,FALSE,NA,NA,NA,NA,NA,NA
aus.republican1,283,NA,FALSE,NA,NA,NA,NA,NA,NA
aus.republican1,284,NA,FALSE,NA,NA,NA,NA,NA,NA
aus.republican1,285,NA,FALSE,NA,NA,NA,NA,NA,NA
aus.republican1,286,NA,FALSE,NA,NA,NA,NA,NA,NA
aus.republican1,287,NA,FALSE,NA,NA,NA,NA,NA,NA
aus.republican1,288,NA,FALSE,NA,NA,NA,NA,NA,NA
aus.republican1,289,NA,FALSE,NA,NA,NA,NA,NA,NA
aus.republican1,290,NA,FALSE,NA,NA,NA,NA,NA,NA
aus.republican1,291,NA,FALSE,NA,NA,NA,NA,NA,NA
aus.republican1,292,NA,FALSE,NA,NA,NA,NA,NA,NA
aus.republican1,293,NA,FALSE,NA,NA,NA,NA,NA,NA
aus.republican1,294,NA,FALSE,NA,NA,NA,NA,NA,NA
aus.republican1,295,NA,FALSE,NA,NA,NA,NA,NA,NA
aus.republican1,296,NA,FALSE,NA,NA,NA,NA,NA,NA
aus.republican1,297,NA,FALSE,NA,NA,NA,NA,NA,NA
aus.republican1,298,NA,FALSE,NA,NA,NA,NA,NA,NA
aus.republican1,299,NA,FALSE,NA,NA,NA,NA,NA,NA
aus.republican1,300,NA,FALSE,NA,NA,NA,NA,NA,NA
aus.republican1,301,NA,FALSE,NA,NA,NA,NA,NA,NA
aus.republican1,302,NA,FALSE,NA,NA,NA,NA,NA,NA
aus.republican1,303,NA,FALSE,NA,NA,NA,NA,NA,NA
aus.republican1,304,NA,FALSE,NA,NA,NA,NA,NA,NA
aus.republican1,305,NA,FALSE,NA,NA,NA,NA,NA,NA
aus.republican1,306,NA,FALSE,NA,NA,NA,NA,NA,NA
aus.republican1,307,NA,FALSE,NA,NA,NA,NA,NA,NA
aus.republican1,308,NA,FALSE,NA,NA,NA,NA,NA,NA
aus.republican1,309,NA,FALSE,NA,NA,NA,NA,NA,NA
aus.republican1,310,NA,FALSE,NA,NA,NA,NA,NA,NA
aus.republican1,311,NA,FALSE,NA,NA,NA,NA,NA,NA
aus.republican1,312,NA,FALSE,NA,NA,NA,NA,NA,NA
aus.republican1,313,NA,FALSE,NA,NA,NA,NA,NA,NA
aus.republican1,314,NA,FALSE,NA,NA,NA,NA,NA,NA
aus.republican1,315,NA,FALSE,NA,NA,NA,NA,NA,NA
aus.republican1,316,NA,FALSE,NA,NA,NA,NA,NA,NA
aus.republican1,317,NA,FALSE,NA,NA,NA,NA,NA,NA
aus.republican1,318,NA,FALSE,NA,NA,NA,NA,NA,NA
aus.republican1,319,NA,FALSE,NA,NA,NA,NA,NA,NA
aus.republican1,320,NA,FALSE,NA,NA,NA,NA,NA,NA
aus.republican1,321,NA,FALSE,NA,NA,NA,NA,NA,NA
aus.republican1,322,NA,FALSE,NA,NA,NA,NA,NA,NA
aus.republican1,323,NA,FALSE,NA,NA,NA,NA,NA,NA
aus.republican1,324,NA,FALSE,NA,NA,NA,NA,NA,NA
aus.republican1,325,NA,FALSE,NA,NA,NA,NA,NA,NA
aus.republican1,326,NA,FALSE,NA,NA,NA,NA,NA,NA
aus.republican1,327,NA,FALSE,NA,NA,NA,NA,NA,NA
aus.republican1,328,NA,FALSE,NA,NA,NA,NA,NA,NA
aus.republican1,329,NA,FALSE,NA,NA,NA,NA,NA,NA
aus.republican1,330,NA,FALSE,NA,NA,NA,NA,NA,NA
aus.republican1,331,NA,FALSE,NA,NA,NA,NA,NA,NA
aus.republican1,332,NA,FALSE,NA,NA,NA,NA,NA,NA
aus.republican1,333,NA,FALSE,NA,NA,NA,NA,NA,NA
aus.republican1,334,NA,FALSE,NA,NA,NA,NA,NA,NA
aus.republican1,335,NA,FALSE,NA,NA,NA,NA,NA,NA
aus.republican1,336,NA,FALSE,NA,NA,NA,NA,NA,NA
aus.republican1,337,NA,FALSE,NA,NA,NA,NA,NA,NA
aus.republican1,338,NA,FALSE,NA,NA,NA,NA,NA,NA
aus.republican1,339,NA,FALSE,NA,NA,NA,NA,NA,NA
aus.republican1,340,NA,FALSE,NA,NA,NA,NA,NA,NA
aus.republican1,341,NA,FALSE,NA,NA,NA,NA,NA,NA
aus.republican1,342,NA,FALSE,NA,NA,NA,NA,NA,NA
aus.republican1,343,NA,FALSE,NA,NA,NA,NA,NA,NA
aus.republican1,344,NA,FALSE,NA,NA,NA,NA,NA,NA
aus.republican1,345,NA,FALSE,NA,NA,NA,NA,NA,NA
aus.republican1,346,NA,FALSE,NA,NA,NA,NA,NA,NA
aus.republican1,347,NA,FALSE,NA,NA,NA,NA,NA,NA
aus.republican1,348,NA,FALSE,NA,NA,NA,NA,NA,NA
aus.republican1,349,NA,FALSE,NA,NA,NA,NA,NA,NA
aus.republican1,350,NA,FALSE,NA,NA,NA,NA,NA,NA
aus.republican1,351,NA,FALSE,NA,NA,NA,NA,NA,NA
aus.republican1,352,NA,FALSE,NA,NA,NA,NA,NA,NA
aus.republican1,353,NA,FALSE,NA,NA,NA,NA,NA,NA
aus.republican1,354,NA,FALSE,NA,NA,NA,NA,NA,NA
aus.republican1,355,NA,FALSE,NA,NA,NA,NA,NA,NA
aus.republican1,356,NA,FALSE,NA,NA,NA,NA,NA,NA
aus.republican1,357,NA,FALSE,NA,NA,NA,NA,NA,NA
aus.republican1,358,NA,FALSE,NA,NA,NA,NA,NA,NA
aus.republican1,359,NA,FALSE,NA,NA,NA,NA,NA,NA
aus.republican1,360,NA,FALSE,NA,NA,NA,NA,NA,NA
aus.republican1,361,NA,FALSE,NA,NA,NA,NA,NA,NA
aus.republican1,362,NA,FALSE,NA,NA,NA,NA,NA,NA
aus.republican1,363,NA,FALSE,NA,NA,NA,NA,NA,NA
aus.republican1,364,NA,FALSE,NA,NA,NA,NA,NA,NA
aus.republican1,365,NA,FALSE,NA,NA,NA,NA,NA,NA
aus.republican1,366,NA,FALSE,NA,NA,NA,NA,NA,NA
aus.republican1,367,NA,FALSE,NA,NA,NA,NA,NA,NA
aus.republican1,368,NA,FALSE,NA,NA,NA,NA,NA,NA
aus.republican1,369,NA,FALSE,NA,NA,NA,NA,NA,NA
aus.republican1,370,NA,FALSE,NA,NA,NA,NA,NA,NA
aus.republican1,371,NA,FALSE,NA,NA,NA,NA,NA,NA
aus.republican1,372,NA,FALSE,NA,NA,NA,NA,NA,NA
aus.republican1,373,NA,FALSE,NA,NA,NA,NA,NA,NA
aus.republican1,374,NA,FALSE,NA,NA,NA,NA,NA,NA
aus.republican1,375,NA,FALSE,NA,NA,NA,NA,NA,NA
aus.republican1,376,NA,FALSE,NA,NA,NA,NA,NA,NA
aus.republican1,377,NA,FALSE,NA,NA,NA,NA,NA,NA
aus.republican1,378,NA,FALSE,NA,NA,NA,NA,NA,NA
aus.republican1,379,NA,FALSE,NA,NA,NA,NA,NA,NA
aus.republican1,380,NA,FALSE,NA,NA,NA,NA,NA,NA
aus.republican1,381,NA,FALSE,NA,NA,NA,NA,NA,NA
aus.republican1,382,NA,FALSE,NA,NA,NA,NA,NA,NA
aus.republican1,383,NA,FALSE,NA,NA,NA,NA,NA,NA
aus.republican1,384,NA,FALSE,NA,NA,NA,NA,NA,NA
aus.republican1,385,NA,FALSE,NA,NA,NA,NA,NA,NA
aus.republican1,386,NA,FALSE,NA,NA,NA,NA,NA,NA
aus.republican1,387,NA,FALSE,NA,NA,NA,NA,NA,NA
aus.republican1,388,NA,FALSE,NA,NA,NA,NA,NA,NA
aus.republican1,389,NA,FALSE,NA,NA,NA,NA,NA,NA
aus.republican1,390,NA,FALSE,NA,NA,NA,NA,NA,NA
aus.republican1,391,NA,FALSE,NA,NA,NA,NA,NA,NA
aus.republican1,392,NA,FALSE,NA,NA,NA,NA,NA,NA
aus.republican1,393,NA,FALSE,NA,NA,NA,NA,NA,NA
aus.republican1,394,NA,FALSE,NA,NA,NA,NA,NA,NA
aus.republican1,395,NA,FALSE,NA,NA,NA,NA,NA,NA
aus.republican1,396,NA,FALSE,NA,NA,NA,NA,NA,NA
aus.republican1,397,NA,FALSE,NA,NA,NA,NA,NA,NA
aus.republican1,398,NA,FALSE,NA,NA,NA,NA,NA,NA
aus.republican1,399,NA,FALSE,NA,NA,NA,NA,NA,NA
aus.republican1,400,NA,FALSE,NA,NA,NA,NA,NA,NA
aus.republican1,401,NA,FALSE,NA,NA,NA,NA,NA,NA
aus.republican1,402,NA,FALSE,NA,NA,NA,NA,NA,NA
aus.republican1,403,NA,FALSE,NA,NA,NA,NA,NA,NA
aus.republican1,404,NA,FALSE,NA,NA,NA,NA,NA,NA
aus.republican1,405,NA,FALSE,NA,NA,NA,NA,NA,NA
aus.republican1,406,NA,FALSE,NA,NA,NA,NA,NA,NA
aus.republican1,407,NA,FALSE,NA,NA,NA,NA,NA,NA
aus.republican1,408,NA,FALSE,NA,NA,NA,NA,NA,NA
aus.republican1,409,NA,FALSE,NA,NA,NA,NA,NA,NA
aus.republican1,410,NA,FALSE,NA,NA,NA,NA,NA,NA
aus.republican1,411,NA,FALSE,NA,NA,NA,NA,NA,NA
aus.republican1,412,NA,FALSE,NA,NA,NA,NA,NA,NA
aus.republican1,413,NA,FALSE,NA,NA,NA,NA,NA,NA
aus.republican1,414,NA,FALSE,NA,NA,NA,NA,NA,NA
aus.republican1,415,NA,FALSE,NA,NA,NA,NA,NA,NA
aus.republican1,416,NA,FALSE,NA,NA,NA,NA,NA,NA
aus.republican1,417,NA,FALSE,NA,NA,NA,NA,NA,NA
aus.republican1,418,NA,FALSE,NA,NA,NA,NA,NA,NA
aus.republican1,419,NA,FALSE,NA,NA,NA,NA,NA,NA
aus.republican1,420,NA,FALSE,NA,NA,NA,NA,NA,NA
aus.republican1,421,NA,FALSE,NA,NA,NA,NA,NA,NA
aus.republican1,422,NA,FALSE,NA,NA,NA,NA,NA,NA
aus.republican1,423,NA,FALSE,NA,NA,NA,NA,NA,NA
aus.republican1,424,NA,FALSE,NA,NA,NA,NA,NA,NA
aus.republican1,425,NA,FALSE,NA,NA,NA,NA,NA,NA
aus.republican1,426,NA,FALSE,NA,NA,NA,NA,NA,NA
aus.republican1,427,NA,FALSE,NA,NA,NA,NA,NA,NA
aus.republican1,428,NA,FALSE,NA,NA,NA,NA,NA,NA
aus.republican1,429,NA,FALSE,NA,NA,NA,NA,NA,NA
aus.republican1,430,NA,FALSE,NA,NA,NA,NA,NA,NA
aus.republican1,431,NA,FALSE,NA,NA,NA,NA,NA,NA
aus.republican1,432,NA,FALSE,NA,NA,NA,NA,NA,NA
aus.republican1,433,NA,FALSE,NA,NA,NA,NA,NA,NA
aus.republican1,434,NA,FALSE,NA,NA,NA,NA,NA,NA
aus.republican1,435,NA,FALSE,NA,NA,NA,NA,NA,NA
aus.republican1,436,NA,FALSE,NA,NA,NA,NA,NA,NA
aus.republican1,437,NA,FALSE,NA,NA,NA,NA,NA,NA
aus.republican1,438,NA,FALSE,NA,NA,NA,NA,NA,NA
aus.republican1,439,NA,FALSE,NA,NA,NA,NA,NA,NA
aus.republican1,440,NA,FALSE,NA,NA,NA,NA,NA,NA
aus.republican1,441,NA,FALSE,NA,NA,NA,NA,NA,NA
aus.republican1,442,NA,FALSE,NA,NA,NA,NA,NA,NA
aus.republican1,443,NA,FALSE,NA,NA,NA,NA,NA,NA
aus.republican1,444,NA,FALSE,NA,NA,NA,NA,NA,NA
aus.republican1,445,NA,FALSE,NA,NA,NA,NA,NA,NA
aus.republican1,446,NA,FALSE,NA,NA,NA,NA,NA,NA
aus.republican1,447,NA,FALSE,NA,NA,NA,NA,NA,NA
aus.republican1,448,NA,FALSE,NA,NA,NA,NA,NA,NA
aus.republican1,449,NA,FALSE,NA,NA,NA,NA,NA,NA
aus.republican1,450,NA,FALSE,NA,NA,NA,NA,NA,NA
aus.republican1,451,NA,FALSE,NA,NA,NA,NA,NA,NA
aus.republican1,452,NA,FALSE,NA,NA,NA,NA,NA,NA
aus.republican1,453,NA,FALSE,NA,NA,NA,NA,NA,NA
aus.republican1,454,NA,FALSE,NA,NA,NA,NA,NA,NA
aus.republican1,455,NA,FALSE,NA,NA,NA,NA,NA,NA
aus.republican1,456,NA,FALSE,NA,NA,NA,NA,NA,NA
aus.republican1,457,NA,FALSE,NA,NA,NA,NA,NA,NA
aus.republican1,458,NA,FALSE,NA,NA,NA,NA,NA,NA
aus.republican1,459,NA,FALSE,NA,NA,NA,NA,NA,NA
aus.republican1,460,NA,FALSE,NA,NA,NA,NA,NA,NA
aus.republican1,461,NA,FALSE,NA,NA,NA,NA,NA,NA
aus.republican1,462,NA,FALSE,NA,NA,NA,NA,NA,NA
aus.republican1,463,NA,FALSE,NA,NA,NA,NA,NA,NA
aus.republican1,464,NA,FALSE,NA,NA,NA,NA,NA,NA
aus.republican1,465,NA,FALSE,NA,NA,NA,NA,NA,NA
aus.republican1,466,NA,FALSE,NA,NA,NA,NA,NA,NA
aus.republican1,467,NA,FALSE,NA,NA,NA,NA,NA,NA
aus.republican1,468,NA,FALSE,NA,NA,NA,NA,NA,NA
aus.republican1,469,NA,FALSE,NA,NA,NA,NA,NA,NA
aus.republican1,470,NA,FALSE,NA,NA,NA,NA,NA,NA
aus.republican1,471,NA,FALSE,NA,NA,NA,NA,NA,NA
aus.republican1,472,NA,FALSE,NA,NA,NA,NA,NA,NA
aus.republican1,473,NA,FALSE,NA,NA,NA,NA,NA,NA
aus.republican1,474,NA,FALSE,NA,NA,NA,NA,NA,NA
aus.republican1,475,NA,FALSE,NA,NA,NA,NA,NA,NA
aus.republican1,476,NA,FALSE,NA,NA,NA,NA,NA,NA
aus.republican1,477,NA,FALSE,NA,NA,NA,NA,NA,NA
aus.republican1,478,NA,FALSE,NA,NA,NA,NA,NA,NA
aus.republican1,479,NA,FALSE,NA,NA,NA,NA,NA,NA
aus.republican1,480,NA,FALSE,NA,NA,NA,NA,NA,NA
aus.republican1,481,NA,FALSE,NA,NA,NA,NA,NA,NA
aus.republican1,482,NA,FALSE,NA,NA,NA,NA,NA,NA
aus.republican1,483,NA,FALSE,NA,NA,NA,NA,NA,NA
aus.republican1,484,NA,FALSE,NA,NA,NA,NA,NA,NA
aus.republican1,485,NA,FALSE,NA,NA,NA,NA,NA,NA
aus.republican1,486,NA,FALSE,NA,NA,NA,NA,NA,NA
aus.republican1,487,NA,FALSE,NA,NA,NA,NA,NA,NA
aus.republican1,488,NA,FALSE,NA,NA,NA,NA,NA,NA
aus.republican1,489,NA,FALSE,NA,NA,NA,NA,NA,NA
aus.republican1,490,NA,FALSE,NA,NA,NA,NA,NA,NA
aus.republican1,491,NA,FALSE,NA,NA,NA,NA,NA,NA
aus.republican1,492,NA,FALSE,NA,NA,NA,NA,NA,NA
aus.republican1,493,NA,FALSE,NA,NA,NA,NA,NA,NA
aus.republican1,494,NA,FALSE,NA,NA,NA,NA,NA,NA
aus.republican1,495,NA,FALSE,NA,NA,NA,NA,NA,NA
aus.republican1,496,NA,FALSE,NA,NA,NA,NA,NA,NA
aus.republican1,497,NA,FALSE,NA,NA,NA,NA,NA,NA
aus.republican1,498,NA,FALSE,NA,NA,NA,NA,NA,NA
aus.republican1,499,NA,FALSE,NA,NA,NA,NA,NA,NA
aus.republican1,500,NA,FALSE,NA,NA,NA,NA,NA,NA
aus.republican1,501,NA,FALSE,NA,NA,NA,NA,NA,NA
aus.republican1,502,NA,FALSE,NA,NA,NA,NA,NA,NA
aus.republican1,503,NA,FALSE,NA,NA,NA,NA,NA,NA
aus.republican1,504,NA,FALSE,NA,NA,NA,NA,NA,NA
aus.republican1,505,NA,FALSE,NA,NA,NA,NA,NA,NA
aus.republican1,506,NA,FALSE,NA,NA,NA,NA,NA,NA
aus.republican1,507,NA,FALSE,NA,NA,NA,NA,NA,NA
aus.republican1,508,NA,FALSE,NA,NA,NA,NA,NA,NA
aus.republican1,509,NA,FALSE,NA,NA,NA,NA,NA,NA
aus.republican1,510,NA,FALSE,NA,NA,NA,NA,NA,NA
aus.republican1,511,NA,FALSE,NA,NA,NA,NA,NA,NA
aus.republican1,512,NA,FALSE,NA,NA,NA,NA,NA,NA
aus.republican1,513,NA,FALSE,NA,NA,NA,NA,NA,NA
aus.republican1,514,NA,FALSE,NA,NA,NA,NA,NA,NA
aus.republican1,515,NA,FALSE,NA,NA,NA,NA,NA,NA
aus.republican1,516,NA,FALSE,NA,NA,NA,NA,NA,NA
aus.republican1,517,NA,FALSE,NA,NA,NA,NA,NA,NA
aus.republican1,518,NA,FALSE,NA,NA,NA,NA,NA,NA
aus.republican1,519,NA,FALSE,NA,NA,NA,NA,NA,NA
aus.republican1,520,NA,FALSE,NA,NA,NA,NA,NA,NA
aus.republican1,521,NA,FALSE,NA,NA,NA,NA,NA,NA
aus.republican1,522,NA,FALSE,NA,NA,NA,NA,NA,NA
aus.republican1,523,NA,FALSE,NA,NA,NA,NA,NA,NA
aus.republican1,524,NA,FALSE,NA,NA,NA,NA,NA,NA
aus.republican1,525,NA,FALSE,NA,NA,NA,NA,NA,NA
aus.republican1,526,NA,FALSE,NA,NA,NA,NA,NA,NA
aus.republican1,527,NA,FALSE,NA,NA,NA,NA,NA,NA
aus.republican1,528,NA,FALSE,NA,NA,NA,NA,NA,NA
aus.republican1,529,NA,FALSE,NA,NA,NA,NA,NA,NA
aus.republican1,530,NA,FALSE,NA,NA,NA,NA,NA,NA
aus.republican1,531,NA,FALSE,NA,NA,NA,NA,NA,NA
aus.republican1,532,NA,FALSE,NA,NA,NA,NA,NA,NA
aus.republican1,533,NA,FALSE,NA,NA,NA,NA,NA,NA
aus.republican1,534,NA,FALSE,NA,NA,NA,NA,NA,NA
aus.republican1,535,NA,FALSE,NA,NA,NA,NA,NA,NA
aus.republican1,536,NA,FALSE,NA,NA,NA,NA,NA,NA
aus.republican1,537,NA,FALSE,NA,NA,NA,NA,NA,NA
aus.republican1,538,NA,FALSE,NA,NA,NA,NA,NA,NA
aus.republican1,539,NA,FALSE,NA,NA,NA,NA,NA,NA
aus.republican1,540,NA,FALSE,NA,NA,NA,NA,NA,NA
aus.republican1,541,NA,FALSE,NA,NA,NA,NA,NA,NA
aus.republican1,542,NA,FALSE,NA,NA,NA,NA,NA,NA
aus.republican1,543,NA,FALSE,NA,NA,NA,NA,NA,NA
aus.republican1,544,NA,FALSE,NA,NA,NA,NA,NA,NA
aus.republican1,545,NA,FALSE,NA,NA,NA,NA,NA,NA
aus.republican1,546,NA,FALSE,NA,NA,NA,NA,NA,NA
aus.republican1,547,NA,FALSE,NA,NA,NA,NA,NA,NA
aus.republican1,548,NA,FALSE,NA,NA,NA,NA,NA,NA
aus.republican1,549,NA,FALSE,NA,NA,NA,NA,NA,NA
aus.republican1,550,NA,FALSE,NA,NA,NA,NA,NA,NA
aus.republican1,551,NA,FALSE,NA,NA,NA,NA,NA,NA
aus.republican1,552,NA,FALSE,NA,NA,NA,NA,NA,NA
aus.republican1,553,NA,FALSE,NA,NA,NA,NA,NA,NA
aus.republican1,554,NA,FALSE,NA,NA,NA,NA,NA,NA
aus.republican1,555,NA,FALSE,NA,NA,NA,NA,NA,NA
aus.republican1,556,NA,FALSE,NA,NA,NA,NA,NA,NA
aus.republican1,557,NA,FALSE,NA,NA,NA,NA,NA,NA
aus.republican1,558,NA,FALSE,NA,NA,NA,NA,NA,NA
aus.republican1,559,NA,FALSE,NA,NA,NA,NA,NA,NA
aus.republican1,560,NA,FALSE,NA,NA,NA,NA,NA,NA
aus.republican1,561,NA,FALSE,NA,NA,NA,NA,NA,NA
aus.republican1,562,NA,FALSE,NA,NA,NA,NA,NA,NA
aus.republican1,563,NA,FALSE,NA,NA,NA,NA,NA,NA
aus.republican1,564,NA,FALSE,NA,NA,NA,NA,NA,NA
aus.republican1,565,NA,FALSE,NA,NA,NA,NA,NA,NA
aus.republican1,566,NA,FALSE,NA,NA,NA,NA,NA,NA
aus.republican1,567,NA,FALSE,NA,NA,NA,NA,NA,NA
aus.republican1,568,NA,FALSE,NA,NA,NA,NA,NA,NA
aus.republican1,569,NA,FALSE,NA,NA,NA,NA,NA,NA
aus.republican1,570,NA,FALSE,NA,NA,NA,NA,NA,NA
aus.republican1,571,NA,FALSE,NA,NA,NA,NA,NA,NA
aus.republican1,572,NA,FALSE,NA,NA,NA,NA,NA,NA
aus.republican1,573,NA,FALSE,NA,NA,NA,NA,NA,NA
aus.republican1,574,NA,FALSE,NA,NA,NA,NA,NA,NA
aus.republican1,575,NA,FALSE,NA,NA,NA,NA,NA,NA
aus.republican1,576,NA,FALSE,NA,NA,NA,NA,NA,NA
aus.republican1,577,NA,FALSE,NA,NA,NA,NA,NA,NA
aus.republican1,578,NA,FALSE,NA,NA,NA,NA,NA,NA
aus.republican1,579,NA,FALSE,NA,NA,NA,NA,NA,NA
aus.republican1,580,NA,FALSE,NA,NA,NA,NA,NA,NA
aus.republican1,581,NA,FALSE,NA,NA,NA,NA,NA,NA
aus.republican1,582,NA,FALSE,NA,NA,NA,NA,NA,NA
aus.republican1,583,NA,FALSE,NA,NA,NA,NA,NA,NA
aus.republican1,584,NA,FALSE,NA,NA,NA,NA,NA,NA
aus.republican1,585,NA,FALSE,NA,NA,NA,NA,NA,NA
aus.republican1,586,NA,FALSE,NA,NA,NA,NA,NA,NA
aus.republican1,587,NA,FALSE,NA,NA,NA,NA,NA,NA
aus.republican1,588,NA,FALSE,NA,NA,NA,NA,NA,NA
aus.republican1,589,NA,FALSE,NA,NA,NA,NA,NA,NA
aus.republican1,590,NA,FALSE,NA,NA,NA,NA,NA,NA
aus.republican1,591,NA,FALSE,NA,NA,NA,NA,NA,NA
aus.republican1,592,NA,FALSE,NA,NA,NA,NA,NA,NA
aus.republican1,593,NA,FALSE,NA,NA,NA,NA,NA,NA
aus.republican1,594,NA,FALSE,NA,NA,NA,NA,NA,NA
aus.republican1,595,NA,FALSE,NA,NA,NA,NA,NA,NA
aus.republican1,596,NA,FALSE,NA,NA,NA,NA,NA,NA
aus.republican1,597,NA,FALSE,NA,NA,NA,NA,NA,NA
aus.republican1,598,NA,FALSE,NA,NA,NA,NA,NA,NA
aus.republican1,599,NA,FALSE,NA,NA,NA,NA,NA,NA
aus.republican1,600,NA,FALSE,NA,NA,NA,NA,NA,NA
aus.republican1,601,NA,FALSE,NA,NA,NA,NA,NA,NA
aus.republican1,602,NA,FALSE,NA,NA,NA,NA,NA,NA
aus.republican1,603,NA,FALSE,NA,NA,NA,NA,NA,NA
aus.republican1,604,NA,FALSE,NA,NA,NA,NA,NA,NA
aus.republican1,605,NA,FALSE,NA,NA,NA,NA,NA,NA
aus.republican1,606,NA,FALSE,NA,NA,NA,NA,NA,NA
aus.republican1,607,NA,FALSE,NA,NA,NA,NA,NA,NA
aus.republican1,608,NA,FALSE,NA,NA,NA,NA,NA,NA
aus.republican1,609,NA,FALSE,NA,NA,NA,NA,NA,NA
aus.republican1,610,NA,FALSE,NA,NA,NA,NA,NA,NA
aus.republican1,611,NA,FALSE,NA,NA,NA,NA,NA,NA
aus.republican1,612,NA,FALSE,NA,NA,NA,NA,NA,NA
aus.republican1,613,NA,FALSE,NA,NA,NA,NA,NA,NA
aus.republican1,614,NA,FALSE,NA,NA,NA,NA,NA,NA
aus.republican1,615,NA,FALSE,NA,NA,NA,NA,NA,NA
aus.republican1,616,NA,FALSE,NA,NA,NA,NA,NA,NA
aus.republican1,617,NA,FALSE,NA,NA,NA,NA,NA,NA
aus.republican1,618,NA,FALSE,NA,NA,NA,NA,NA,NA
aus.republican1,619,NA,FALSE,NA,NA,NA,NA,NA,NA
aus.republican1,620,NA,FALSE,NA,NA,NA,NA,NA,NA
aus.republican1,621,NA,FALSE,NA,NA,NA,NA,NA,NA
aus.republican1,622,NA,FALSE,NA,NA,NA,NA,NA,NA
aus.republican1,623,NA,FALSE,NA,NA,NA,NA,NA,NA
aus.republican1,624,NA,FALSE,NA,NA,NA,NA,NA,NA
aus.republican1,625,NA,FALSE,NA,NA,NA,NA,NA,NA
aus.republican1,626,NA,FALSE,NA,NA,NA,NA,NA,NA
aus.republican1,627,NA,FALSE,NA,NA,NA,NA,NA,NA
aus.republican1,628,NA,FALSE,NA,NA,NA,NA,NA,NA
aus.republican1,629,NA,FALSE,NA,NA,NA,NA,NA,NA
aus.republican1,630,NA,FALSE,NA,NA,NA,NA,NA,NA
aus.republican1,631,NA,FALSE,NA,NA,NA,NA,NA,NA
aus.republican1,632,NA,FALSE,NA,NA,NA,NA,NA,NA
aus.republican1,633,NA,FALSE,NA,NA,NA,NA,NA,NA
aus.republican1,634,NA,FALSE,NA,NA,NA,NA,NA,NA
aus.republican1,635,NA,FALSE,NA,NA,NA,NA,NA,NA
aus.republican1,636,NA,FALSE,NA,NA,NA,NA,NA,NA
aus.republican1,637,NA,FALSE,NA,NA,NA,NA,NA,NA
aus.republican1,638,NA,FALSE,NA,NA,NA,NA,NA,NA
aus.republican1,639,NA,FALSE,NA,NA,NA,NA,NA,NA
aus.republican1,640,NA,FALSE,NA,NA,NA,NA,NA,NA
aus.republican1,641,NA,FALSE,NA,NA,NA,NA,NA,NA
aus.republican1,642,NA,FALSE,NA,NA,NA,NA,NA,NA
aus.republican1,643,NA,FALSE,NA,NA,NA,NA,NA,NA
aus.republican1,644,NA,FALSE,NA,NA,NA,NA,NA,NA
aus.republican1,645,NA,FALSE,NA,NA,NA,NA,NA,NA
aus.republican1,646,NA,FALSE,NA,NA,NA,NA,NA,NA
aus.republican1,647,NA,FALSE,NA,NA,NA,NA,NA,NA
aus.republican1,648,NA,FALSE,NA,NA,NA,NA,NA,NA
aus.republican1,649,NA,FALSE,NA,NA,NA,NA,NA,NA
aus.republican1,650,NA,FALSE,NA,NA,NA,NA,NA,NA
aus.republican1,651,NA,FALSE,NA,NA,NA,NA,NA,NA
aus.republican1,652,NA,FALSE,NA,NA,NA,NA,NA,NA
aus.republican1,653,NA,FALSE,NA,NA,NA,NA,NA,NA
aus.republican1,654,NA,FALSE,NA,NA,NA,NA,NA,NA
aus.republican1,655,NA,FALSE,NA,NA,NA,NA,NA,NA
aus.republican1,656,NA,FALSE,NA,NA,NA,NA,NA,NA
aus.republican1,657,NA,FALSE,NA,NA,NA,NA,NA,NA
aus.republican1,658,NA,FALSE,NA,NA,NA,NA,NA,NA
aus.republican1,659,NA,FALSE,NA,NA,NA,NA,NA,NA
aus.republican1,660,NA,FALSE,NA,NA,NA,NA,NA,NA
aus.republican1,661,NA,FALSE,NA,NA,NA,NA,NA,NA
aus.republican1,662,NA,FALSE,NA,NA,NA,NA,NA,NA
aus.republican1,663,NA,FALSE,NA,NA,NA,NA,NA,NA
aus.republican1,664,NA,FALSE,NA,NA,NA,NA,NA,NA
aus.republican1,665,NA,FALSE,NA,NA,NA,NA,NA,NA
aus.republican1,666,NA,FALSE,NA,NA,NA,NA,NA,NA
aus.republican1,667,NA,FALSE,NA,NA,NA,NA,NA,NA
aus.republican1,668,NA,FALSE,NA,NA,NA,NA,NA,NA
aus.republican1,669,NA,FALSE,NA,NA,NA,NA,NA,NA
aus.republican1,670,NA,FALSE,NA,NA,NA,NA,NA,NA
aus.republican1,671,NA,FALSE,NA,NA,NA,NA,NA,NA
aus.republican1,672,NA,FALSE,NA,NA,NA,NA,NA,NA
aus.republican1,673,NA,FALSE,NA,NA,NA,NA,NA,NA
aus.republican1,674,NA,FALSE,NA,NA,NA,NA,NA,NA
aus.republican1,675,NA,FALSE,NA,NA,NA,NA,NA,NA
aus.republican1,676,NA,FALSE,NA,NA,NA,NA,NA,NA
aus.republican1,677,NA,FALSE,NA,NA,NA,NA,NA,NA
aus.republican1,678,NA,FALSE,NA,NA,NA,NA,NA,NA
aus.republican1,679,NA,FALSE,NA,NA,NA,NA,NA,NA
aus.republican1,680,NA,FALSE,NA,NA,NA,NA,NA,NA
aus.republican1,681,NA,FALSE,NA,NA,NA,NA,NA,NA
aus.republican1,682,NA,FALSE,NA,NA,NA,NA,NA,NA
aus.republican1,683,NA,FALSE,NA,NA,NA,NA,NA,NA
aus.republican1,684,NA,FALSE,NA,NA,NA,NA,NA,NA
aus.republican1,685,NA,FALSE,NA,NA,NA,NA,NA,NA
aus.republican1,686,NA,FALSE,NA,NA,NA,NA,NA,NA
aus.republican1,687,NA,FALSE,NA,NA,NA,NA,NA,NA
aus.republican1,688,NA,FALSE,NA,NA,NA,NA,NA,NA
aus.republican1,689,NA,FALSE,NA,NA,NA,NA,NA,NA
aus.republican1,690,NA,FALSE,NA,NA,NA,NA,NA,NA
aus.republican1,691,NA,FALSE,NA,NA,NA,NA,NA,NA
aus.republican1,692,NA,FALSE,NA,NA,NA,NA,NA,NA
aus.republican1,693,NA,FALSE,NA,NA,NA,NA,NA,NA
aus.republican1,694,NA,FALSE,NA,NA,NA,NA,NA,NA
aus.republican1,695,NA,FALSE,NA,NA,NA,NA,NA,NA
aus.republican1,696,NA,FALSE,NA,NA,NA,NA,NA,NA
aus.republican1,697,NA,FALSE,NA,NA,NA,NA,NA,NA
aus.republican1,698,NA,FALSE,NA,NA,NA,NA,NA,NA
aus.republican1,699,NA,FALSE,NA,NA,NA,NA,NA,NA
aus.republican1,700,NA,FALSE,NA,NA,NA,NA,NA,NA
aus.republican1,701,NA,FALSE,NA,NA,NA,NA,NA,NA
aus.republican1,702,NA,FALSE,NA,NA,NA,NA,NA,NA
aus.republican1,703,NA,FALSE,NA,NA,NA,NA,NA,NA
aus.republican1,704,NA,FALSE,NA,NA,NA,NA,NA,NA
aus.republican1,705,NA,FALSE,NA,NA,NA,NA,NA,NA
aus.republican1,706,NA,FALSE,NA,NA,NA,NA,NA,NA
aus.republican1,707,NA,FALSE,NA,NA,NA,NA,NA,NA
aus.republican1,708,NA,FALSE,NA,NA,NA,NA,NA,NA
aus.republican1,709,NA,FALSE,NA,NA,NA,NA,NA,NA
aus.republican1,710,NA,FALSE,NA,NA,NA,NA,NA,NA
aus.republican1,711,NA,FALSE,NA,NA,NA,NA,NA,NA
aus.republican1,712,NA,FALSE,NA,NA,NA,NA,NA,NA
aus.republican1,713,NA,FALSE,NA,NA,NA,NA,NA,NA
aus.republican1,714,NA,FALSE,NA,NA,NA,NA,NA,NA
aus.republican1,715,NA,FALSE,NA,NA,NA,NA,NA,NA
aus.republican1,716,NA,FALSE,NA,NA,NA,NA,NA,NA
aus.republican1,717,NA,FALSE,NA,NA,NA,NA,NA,NA
aus.republican1,718,NA,FALSE,NA,NA,NA,NA,NA,NA
aus.republican1,719,NA,FALSE,NA,NA,NA,NA,NA,NA
aus.republican1,720,NA,FALSE,NA,NA,NA,NA,NA,NA
aus.republican1,721,NA,FALSE,NA,NA,NA,NA,NA,NA
aus.republican1,722,NA,FALSE,NA,NA,NA,NA,NA,NA
aus.republican1,723,NA,FALSE,NA,NA,NA,NA,NA,NA
aus.republican1,724,NA,FALSE,NA,NA,NA,NA,NA,NA
aus.republican1,725,NA,FALSE,NA,NA,NA,NA,NA,NA
aus.republican1,726,NA,FALSE,NA,NA,NA,NA,NA,NA
aus.republican1,727,NA,FALSE,NA,NA,NA,NA,NA,NA
aus.republican1,728,NA,FALSE,NA,NA,NA,NA,NA,NA
aus.republican1,729,NA,FALSE,NA,NA,NA,NA,NA,NA
aus.republican1,730,NA,FALSE,NA,NA,NA,NA,NA,NA
aus.republican1,731,NA,FALSE,NA,NA,NA,NA,NA,NA
aus.republican1,732,NA,FALSE,NA,NA,NA,NA,NA,NA
aus.republican1,733,NA,FALSE,NA,NA,NA,NA,NA,NA
aus.republican1,734,NA,FALSE,NA,NA,NA,NA,NA,NA
aus.republican1,735,NA,FALSE,NA,NA,NA,NA,NA,NA
aus.republican1,736,NA,FALSE,NA,NA,NA,NA,NA,NA
aus.republican1,737,NA,FALSE,NA,NA,NA,NA,NA,NA
aus.republican1,738,NA,FALSE,NA,NA,NA,NA,NA,NA
aus.republican1,739,NA,FALSE,NA,NA,NA,NA,NA,NA
aus.republican1,740,NA,FALSE,NA,NA,NA,NA,NA,NA
aus.republican1,741,NA,FALSE,NA,NA,NA,NA,NA,NA
aus.republican1,742,NA,FALSE,NA,NA,NA,NA,NA,NA
aus.republican1,743,NA,FALSE,NA,NA,NA,NA,NA,NA
aus.republican1,744,NA,FALSE,NA,NA,NA,NA,NA,NA
aus.republican1,745,NA,FALSE,NA,NA,NA,NA,NA,NA
aus.republican1,746,NA,FALSE,NA,NA,NA,NA,NA,NA
aus.republican1,747,NA,FALSE,NA,NA,NA,NA,NA,NA
aus.republican1,748,NA,FALSE,NA,NA,NA,NA,NA,NA
aus.republican1,749,NA,FALSE,NA,NA,NA,NA,NA,NA
aus.republican1,750,NA,FALSE,NA,NA,NA,NA,NA,NA
aus.republican1,751,NA,FALSE,NA,NA,NA,NA,NA,NA
aus.republican1,752,NA,FALSE,NA,NA,NA,NA,NA,NA
aus.republican1,753,NA,FALSE,NA,NA,NA,NA,NA,NA
aus.republican1,754,NA,FALSE,NA,NA,NA,NA,NA,NA
aus.republican1,755,NA,FALSE,NA,NA,NA,NA,NA,NA
aus.republican1,756,NA,FALSE,NA,NA,NA,NA,NA,NA
aus.republican1,757,NA,FALSE,NA,NA,NA,NA,NA,NA
aus.republican1,758,NA,FALSE,NA,NA,NA,NA,NA,NA
aus.republican1,759,NA,FALSE,NA,NA,NA,NA,NA,NA
aus.republican1,760,NA,FALSE,NA,NA,NA,NA,NA,NA
aus.republican1,761,NA,FALSE,NA,NA,NA,NA,NA,NA
aus.republican1,762,NA,FALSE,NA,NA,NA,NA,NA,NA
aus.republican1,763,NA,FALSE,NA,NA,NA,NA,NA,NA
aus.republican1,764,NA,FALSE,NA,NA,NA,NA,NA,NA
aus.republican1,765,NA,FALSE,NA,NA,NA,NA,NA,NA
aus.republican1,766,NA,FALSE,NA,NA,NA,NA,NA,NA
aus.republican1,767,NA,FALSE,NA,NA,NA,NA,NA,NA
aus.republican1,768,NA,FALSE,NA,NA,NA,NA,NA,NA
aus.republican1,769,NA,FALSE,NA,NA,NA,NA,NA,NA
aus.republican1,770,NA,FALSE,NA,NA,NA,NA,NA,NA
aus.republican1,771,NA,FALSE,NA,NA,NA,NA,NA,NA
aus.republican1,772,NA,FALSE,NA,NA,NA,NA,NA,NA
aus.republican1,773,NA,FALSE,NA,NA,NA,NA,NA,NA
aus.republican1,774,NA,FALSE,NA,NA,NA,NA,NA,NA
aus.republican1,775,NA,FALSE,NA,NA,NA,NA,NA,NA
aus.republican1,776,NA,FALSE,NA,NA,NA,NA,NA,NA
aus.republican1,777,NA,FALSE,NA,NA,NA,NA,NA,NA
aus.republican1,778,NA,FALSE,NA,NA,NA,NA,NA,NA
aus.republican1,779,NA,FALSE,NA,NA,NA,NA,NA,NA
aus.republican1,780,NA,FALSE,NA,NA,NA,NA,NA,NA
aus.republican1,781,NA,FALSE,NA,NA,NA,NA,NA,NA
aus.republican1,782,NA,FALSE,NA,NA,NA,NA,NA,NA
aus.republican1,783,NA,FALSE,NA,NA,NA,NA,NA,NA
aus.republican1,784,NA,FALSE,NA,NA,NA,NA,NA,NA
aus.republican1,785,NA,FALSE,NA,NA,NA,NA,NA,NA
aus.republican1,786,NA,FALSE,NA,NA,NA,NA,NA,NA
aus.republican1,787,NA,FALSE,NA,NA,NA,NA,NA,NA
aus.republican1,788,NA,FALSE,NA,NA,NA,NA,NA,NA
aus.republican1,789,NA,FALSE,NA,NA,NA,NA,NA,NA
aus.republican1,790,NA,FALSE,NA,NA,NA,NA,NA,NA
aus.republican1,791,NA,FALSE,NA,NA,NA,NA,NA,NA
aus.republican1,792,NA,FALSE,NA,NA,NA,NA,NA,NA
aus.republican1,793,NA,FALSE,NA,NA,NA,NA,NA,NA
aus.republican1,794,NA,FALSE,NA,NA,NA,NA,NA,NA
aus.republican1,795,NA,FALSE,NA,NA,NA,NA,NA,NA
aus.republican1,796,NA,FALSE,NA,NA,NA,NA,NA,NA
aus.republican1,797,NA,FALSE,NA,NA,NA,NA,NA,NA
aus.republican1,798,NA,FALSE,NA,NA,NA,NA,NA,NA
aus.republican1,799,NA,FALSE,NA,NA,NA,NA,NA,NA
aus.republican1,800,NA,FALSE,NA,NA,NA,NA,NA,NA
aus.republican1,801,NA,FALSE,NA,NA,NA,NA,NA,NA
aus.republican1,802,NA,FALSE,NA,NA,NA,NA,NA,NA
aus.republican1,803,NA,FALSE,NA,NA,NA,NA,NA,NA
aus.republican1,804,NA,FALSE,NA,NA,NA,NA,NA,NA
aus.republican1,805,NA,FALSE,NA,NA,NA,NA,NA,NA
aus.republican1,806,NA,FALSE,NA,NA,NA,NA,NA,NA
aus.republican1,807,NA,FALSE,NA,NA,NA,NA,NA,NA
aus.republican1,808,NA,FALSE,NA,NA,NA,NA,NA,NA
aus.republican1,809,NA,FALSE,NA,NA,NA,NA,NA,NA
aus.republican1,810,NA,FALSE,NA,NA,NA,NA,NA,NA
aus.republican1,811,NA,FALSE,NA,NA,NA,NA,NA,NA
aus.republican1,812,NA,FALSE,NA,NA,NA,NA,NA,NA
aus.republican1,813,NA,FALSE,NA,NA,NA,NA,NA,NA
aus.republican1,814,NA,FALSE,NA,NA,NA,NA,NA,NA
aus.republican1,815,NA,FALSE,NA,NA,NA,NA,NA,NA
aus.republican1,816,NA,FALSE,NA,NA,NA,NA,NA,NA
aus.republican1,817,NA,FALSE,NA,NA,NA,NA,NA,NA
aus.republican1,818,NA,FALSE,NA,NA,NA,NA,NA,NA
aus.republican1,819,NA,FALSE,NA,NA,NA,NA,NA,NA
aus.republican1,820,NA,FALSE,NA,NA,NA,NA,NA,NA
aus.republican1,821,NA,FALSE,NA,NA,NA,NA,NA,NA
aus.republican1,822,NA,FALSE,NA,NA,NA,NA,NA,NA
aus.republican1,823,NA,FALSE,NA,NA,NA,NA,NA,NA
aus.republican1,824,NA,FALSE,NA,NA,NA,NA,NA,NA
aus.republican1,825,NA,FALSE,NA,NA,NA,NA,NA,NA
aus.republican1,826,NA,FALSE,NA,NA,NA,NA,NA,NA
aus.republican1,827,NA,FALSE,NA,NA,NA,NA,NA,NA
aus.republican1,828,NA,FALSE,NA,NA,NA,NA,NA,NA
aus.republican1,829,NA,FALSE,NA,NA,NA,NA,NA,NA
aus.republican1,830,NA,FALSE,NA,NA,NA,NA,NA,NA
aus.republican1,831,NA,FALSE,NA,NA,NA,NA,NA,NA
aus.republican1,832,NA,FALSE,NA,NA,NA,NA,NA,NA
aus.republican1,833,NA,FALSE,NA,NA,NA,NA,NA,NA
aus.republican1,834,NA,FALSE,NA,NA,NA,NA,NA,NA
aus.republican1,835,NA,FALSE,NA,NA,NA,NA,NA,NA
aus.republican1,836,NA,FALSE,NA,NA,NA,NA,NA,NA
aus.republican1,837,NA,FALSE,NA,NA,NA,NA,NA,NA
aus.republican1,838,NA,FALSE,NA,NA,NA,NA,NA,NA
aus.republican1,839,NA,FALSE,NA,NA,NA,NA,NA,NA
aus.republican1,840,NA,FALSE,NA,NA,NA,NA,NA,NA
aus.republican1,841,NA,FALSE,NA,NA,NA,NA,NA,NA
aus.republican1,842,NA,FALSE,NA,NA,NA,NA,NA,NA
aus.republican1,843,NA,FALSE,NA,NA,NA,NA,NA,NA
aus.republican1,844,NA,FALSE,NA,NA,NA,NA,NA,NA
aus.republican1,845,NA,FALSE,NA,NA,NA,NA,NA,NA
aus.republican1,846,NA,FALSE,NA,NA,NA,NA,NA,NA
aus.republican1,847,NA,FALSE,NA,NA,NA,NA,NA,NA
aus.republican1,848,NA,FALSE,NA,NA,NA,NA,NA,NA
aus.republican1,849,NA,FALSE,NA,NA,NA,NA,NA,NA
aus.republican1,850,NA,FALSE,NA,NA,NA,NA,NA,NA
aus.republican1,851,NA,FALSE,NA,NA,NA,NA,NA,NA
aus.republican1,852,NA,FALSE,NA,NA,NA,NA,NA,NA
aus.republican1,853,NA,FALSE,NA,NA,NA,NA,NA,NA
aus.republican1,854,NA,FALSE,NA,NA,NA,NA,NA,NA
aus.republican1,855,NA,FALSE,NA,NA,NA,NA,NA,NA
aus.republican1,856,NA,FALSE,NA,NA,NA,NA,NA,NA
aus.republican1,857,NA,FALSE,NA,NA,NA,NA,NA,NA
aus.republican1,858,NA,FALSE,NA,NA,NA,NA,NA,NA
aus.republican1,859,NA,FALSE,NA,NA,NA,NA,NA,NA
aus.republican1,860,NA,FALSE,NA,NA,NA,NA,NA,NA
aus.republican1,861,NA,FALSE,NA,NA,NA,NA,NA,NA
aus.republican1,862,NA,FALSE,NA,NA,NA,NA,NA,NA
aus.republican1,863,NA,FALSE,NA,NA,NA,NA,NA,NA
aus.republican1,864,NA,FALSE,NA,NA,NA,NA,NA,NA
aus.republican1,865,NA,FALSE,NA,NA,NA,NA,NA,NA
aus.republican1,866,NA,FALSE,NA,NA,NA,NA,NA,NA
aus.republican1,867,NA,FALSE,NA,NA,NA,NA,NA,NA
aus.republican1,868,NA,FALSE,NA,NA,NA,NA,NA,NA
aus.republican1,869,NA,FALSE,NA,NA,NA,NA,NA,NA
aus.republican1,870,NA,FALSE,NA,NA,NA,NA,NA,NA
aus.republican1,871,NA,FALSE,NA,NA,NA,NA,NA,NA
aus.republican1,872,NA,FALSE,NA,NA,NA,NA,NA,NA
aus.republican1,873,NA,FALSE,NA,NA,NA,NA,NA,NA
aus.republican1,874,NA,FALSE,NA,NA,NA,NA,NA,NA
aus.republican1,875,NA,FALSE,NA,NA,NA,NA,NA,NA
aus.republican1,876,NA,FALSE,NA,NA,NA,NA,NA,NA
aus.republican1,877,NA,FALSE,NA,NA,NA,NA,NA,NA
aus.republican1,878,NA,FALSE,NA,NA,NA,NA,NA,NA
aus.republican1,879,NA,FALSE,NA,NA,NA,NA,NA,NA
aus.republican1,880,NA,FALSE,NA,NA,NA,NA,NA,NA
aus.republican1,881,NA,FALSE,NA,NA,NA,NA,NA,NA
aus.republican1,882,NA,FALSE,NA,NA,NA,NA,NA,NA
aus.republican1,883,NA,FALSE,NA,NA,NA,NA,NA,NA
aus.republican1,884,NA,FALSE,NA,NA,NA,NA,NA,NA
aus.republican1,885,NA,FALSE,NA,NA,NA,NA,NA,NA
aus.republican1,886,NA,FALSE,NA,NA,NA,NA,NA,NA
aus.republican1,887,NA,FALSE,NA,NA,NA,NA,NA,NA
aus.republican1,888,NA,FALSE,NA,NA,NA,NA,NA,NA
aus.republican1,889,NA,FALSE,NA,NA,NA,NA,NA,NA
aus.republican1,890,NA,FALSE,NA,NA,NA,NA,NA,NA
aus.republican1,891,NA,FALSE,NA,NA,NA,NA,NA,NA
aus.republican1,892,NA,FALSE,NA,NA,NA,NA,NA,NA
aus.republican1,893,NA,FALSE,NA,NA,NA,NA,NA,NA
aus.republican1,894,NA,FALSE,NA,NA,NA,NA,NA,NA
aus.republican1,895,NA,FALSE,NA,NA,NA,NA,NA,NA
aus.republican1,896,NA,FALSE,NA,NA,NA,NA,NA,NA
aus.republican1,897,NA,FALSE,NA,NA,NA,NA,NA,NA
aus.republican1,898,NA,FALSE,NA,NA,NA,NA,NA,NA
aus.republican1,899,NA,FALSE,NA,NA,NA,NA,NA,NA
aus.republican1,900,NA,FALSE,NA,NA,NA,NA,NA,NA
aus.republican1,901,NA,FALSE,NA,NA,NA,NA,NA,NA
aus.republican1,902,NA,FALSE,NA,NA,NA,NA,NA,NA
aus.republican1,903,NA,FALSE,NA,NA,NA,NA,NA,NA
aus.republican1,904,NA,FALSE,NA,NA,NA,NA,NA,NA
aus.republican1,905,NA,FALSE,NA,NA,NA,NA,NA,NA
aus.republican1,906,NA,FALSE,NA,NA,NA,NA,NA,NA
aus.republican1,907,NA,FALSE,NA,NA,NA,NA,NA,NA
aus.republican1,908,NA,FALSE,NA,NA,NA,NA,NA,NA
aus.republican1,909,NA,FALSE,NA,NA,NA,NA,NA,NA
aus.republican1,910,NA,FALSE,NA,NA,NA,NA,NA,NA
aus.republican1,911,NA,FALSE,NA,NA,NA,NA,NA,NA
aus.republican1,912,NA,FALSE,NA,NA,NA,NA,NA,NA
aus.republican1,913,NA,FALSE,NA,NA,NA,NA,NA,NA
aus.republican1,914,NA,FALSE,NA,NA,NA,NA,NA,NA
aus.republican1,915,NA,FALSE,NA,NA,NA,NA,NA,NA
aus.republican1,916,NA,FALSE,NA,NA,NA,NA,NA,NA
aus.republican1,917,NA,FALSE,NA,NA,NA,NA,NA,NA
aus.republican1,918,NA,FALSE,NA,NA,NA,NA,NA,NA
aus.republican1,919,NA,FALSE,NA,NA,NA,NA,NA,NA
aus.republican1,920,NA,FALSE,NA,NA,NA,NA,NA,NA
aus.republican1,921,NA,FALSE,NA,NA,NA,NA,NA,NA
aus.republican1,922,NA,FALSE,NA,NA,NA,NA,NA,NA
aus.republican1,923,NA,FALSE,NA,NA,NA,NA,NA,NA
aus.republican1,924,NA,FALSE,NA,NA,NA,NA,NA,NA
aus.republican1,925,NA,FALSE,NA,NA,NA,NA,NA,NA
aus.republican1,926,NA,FALSE,NA,NA,NA,NA,NA,NA
aus.republican1,927,NA,FALSE,NA,NA,NA,NA,NA,NA
aus.republican1,928,NA,FALSE,NA,NA,NA,NA,NA,NA
aus.republican1,929,NA,FALSE,NA,NA,NA,NA,NA,NA
aus.republican1,930,NA,FALSE,NA,NA,NA,NA,NA,NA
aus.republican1,931,NA,FALSE,NA,NA,NA,NA,NA,NA
aus.republican1,932,NA,FALSE,NA,NA,NA,NA,NA,NA
aus.republican1,933,NA,FALSE,NA,NA,NA,NA,NA,NA
aus.republican1,934,NA,FALSE,NA,NA,NA,NA,NA,NA
aus.republican1,935,NA,FALSE,NA,NA,NA,NA,NA,NA
aus.republican1,936,NA,FALSE,NA,NA,NA,NA,NA,NA
aus.republican1,937,NA,FALSE,NA,NA,NA,NA,NA,NA
aus.republican1,938,NA,FALSE,NA,NA,NA,NA,NA,NA
aus.republican1,939,NA,FALSE,NA,NA,NA,NA,NA,NA
aus.republican1,940,NA,FALSE,NA,NA,NA,NA,NA,NA
aus.republican1,941,NA,FALSE,NA,NA,NA,NA,NA,NA
aus.republican1,942,NA,FALSE,NA,NA,NA,NA,NA,NA
aus.republican1,943,NA,FALSE,NA,NA,NA,NA,NA,NA
aus.republican1,944,NA,FALSE,NA,NA,NA,NA,NA,NA
aus.republican1,945,NA,FALSE,NA,NA,NA,NA,NA,NA
aus.republican1,946,NA,FALSE,NA,NA,NA,NA,NA,NA
aus.republican1,947,NA,FALSE,NA,NA,NA,NA,NA,NA
aus.republican1,948,NA,FALSE,NA,NA,NA,NA,NA,NA
aus.republican1,949,NA,FALSE,NA,NA,NA,NA,NA,NA
aus.republican1,950,NA,FALSE,NA,NA,NA,NA,NA,NA
aus.republican1,951,NA,FALSE,NA,NA,NA,NA,NA,NA
aus.republican1,952,NA,FALSE,NA,NA,NA,NA,NA,NA
aus.republican1,953,NA,FALSE,NA,NA,NA,NA,NA,NA
aus.republican1,954,NA,FALSE,NA,NA,NA,NA,NA,NA
aus.republican1,955,NA,FALSE,NA,NA,NA,NA,NA,NA
aus.republican1,956,NA,FALSE,NA,NA,NA,NA,NA,NA
aus.republican1,957,NA,FALSE,NA,NA,NA,NA,NA,NA
aus.republican1,958,NA,FALSE,NA,NA,NA,NA,NA,NA
aus.republican1,959,NA,FALSE,NA,NA,NA,NA,NA,NA
aus.republican1,960,NA,FALSE,NA,NA,NA,NA,NA,NA
aus.republican1,961,NA,FALSE,NA,NA,NA,NA,NA,NA
aus.republican1,962,NA,FALSE,NA,NA,NA,NA,NA,NA
aus.republican1,963,NA,FALSE,NA,NA,NA,NA,NA,NA
aus.republican1,964,NA,FALSE,NA,NA,NA,NA,NA,NA
aus.republican1,965,NA,FALSE,NA,NA,NA,NA,NA,NA
aus.republican1,966,NA,FALSE,NA,NA,NA,NA,NA,NA
aus.republican1,967,NA,FALSE,NA,NA,NA,NA,NA,NA
aus.republican1,968,NA,FALSE,NA,NA,NA,NA,NA,NA
aus.republican1,969,NA,FALSE,NA,NA,NA,NA,NA,NA
aus.republican1,970,NA,FALSE,NA,NA,NA,NA,NA,NA
aus.republican1,971,NA,FALSE,NA,NA,NA,NA,NA,NA
aus.republican1,972,NA,FALSE,NA,NA,NA,NA,NA,NA
aus.republican1,973,NA,FALSE,NA,NA,NA,NA,NA,NA
aus.republican1,974,NA,FALSE,NA,NA,NA,NA,NA,NA
aus.republican1,975,NA,FALSE,NA,NA,NA,NA,NA,NA
aus.republican1,976,NA,FALSE,NA,NA,NA,NA,NA,NA
aus.republican1,977,NA,FALSE,NA,NA,NA,NA,NA,NA
aus.republican1,978,NA,FALSE,NA,NA,NA,NA,NA,NA
aus.republican1,979,NA,FALSE,NA,NA,NA,NA,NA,NA
aus.republican1,980,NA,FALSE,NA,NA,NA,NA,NA,NA
aus.republican1,981,NA,FALSE,NA,NA,NA,NA,NA,NA
aus.republican1,982,NA,FALSE,NA,NA,NA,NA,NA,NA
aus.republican1,983,NA,FALSE,NA,NA,NA,NA,NA,NA
aus.republican1,984,NA,FALSE,NA,NA,NA,NA,NA,NA
aus.republican1,985,NA,FALSE,NA,NA,NA,NA,NA,NA
aus.republican1,986,NA,FALSE,NA,NA,NA,NA,NA,NA
aus.republican1,987,NA,FALSE,NA,NA,NA,NA,NA,NA
aus.republican1,988,NA,FALSE,NA,NA,NA,NA,NA,NA
aus.republican1,989,NA,FALSE,NA,NA,NA,NA,NA,NA
aus.republican1,990,NA,FALSE,NA,NA,NA,NA,NA,NA
aus.republican1,991,NA,FALSE,NA,NA,NA,NA,NA,NA
aus.republican1,992,NA,FALSE,NA,NA,NA,NA,NA,NA
aus.republican1,993,NA,FALSE,NA,NA,NA,NA,NA,NA
aus.republican1,994,NA,FALSE,NA,NA,NA,NA,NA,NA
aus.republican1,995,NA,FALSE,NA,NA,NA,NA,NA,NA
aus.republican1,996,NA,FALSE,NA,NA,NA,NA,NA,NA
aus.republican1,997,NA,FALSE,NA,NA,NA,NA,NA,NA
aus.republican1,998,NA,FALSE,NA,NA,NA,NA,NA,NA
aus.republican1,999,NA,FALSE,NA,NA,NA,NA,NA,NA
aus.republican1,1000,NA,FALSE,NA,NA,NA,NA,NA,NA
aus.republican1,1001,NA,FALSE,NA,NA,NA,NA,NA,NA
aus.republican1,1002,NA,FALSE,NA,NA,NA,NA,NA,NA
aus.republican1,1003,NA,FALSE,NA,NA,NA,NA,NA,NA
aus.republican1,1004,NA,FALSE,NA,NA,NA,NA,NA,NA
aus.republican1,1005,NA,FALSE,NA,NA,NA,NA,NA,NA
aus.republican1,1006,NA,FALSE,NA,NA,NA,NA,NA,NA
aus.republican1,1007,NA,FALSE,NA,NA,NA,NA,NA,NA
aus.republican1,1008,NA,FALSE,NA,NA,NA,NA,NA,NA
aus.republican1,1009,NA,FALSE,NA,NA,NA,NA,NA,NA
aus.republican1,1010,NA,FALSE,NA,NA,NA,NA,NA,NA
aus.republican1,1011,NA,FALSE,NA,NA,NA,NA,NA,NA
aus.republican1,1012,NA,FALSE,NA,NA,NA,NA,NA,NA
aus.republican1,1013,NA,FALSE,NA,NA,NA,NA,NA,NA
aus.republican1,1014,NA,FALSE,NA,NA,NA,NA,NA,NA
aus.republican1,1015,NA,FALSE,NA,NA,NA,NA,NA,NA
aus.republican1,1016,NA,FALSE,NA,NA,NA,NA,NA,NA
aus.republican1,1017,NA,FALSE,NA,NA,NA,NA,NA,NA
aus.republican1,1018,NA,FALSE,NA,NA,NA,NA,NA,NA
aus.republican1,1019,NA,FALSE,NA,NA,NA,NA,NA,NA
aus.republican1,1020,NA,FALSE,NA,NA,NA,NA,NA,NA
aus.republican1,1021,NA,FALSE,NA,NA,NA,NA,NA,NA
aus.republican1,1022,NA,FALSE,NA,NA,NA,NA,NA,NA
aus.republican1,1023,NA,FALSE,NA,NA,NA,NA,NA,NA
aus.republican1,1024,NA,FALSE,NA,NA,NA,NA,NA,NA
aus.republican1,1025,NA,FALSE,NA,NA,NA,NA,NA,NA
aus.republican1,1026,NA,FALSE,NA,NA,NA,NA,NA,NA
aus.republican1,1027,NA,FALSE,NA,NA,NA,NA,NA,NA
aus.republican1,1028,NA,FALSE,NA,NA,NA,NA,NA,NA
aus.republican1,1029,NA,FALSE,NA,NA,NA,NA,NA,NA
aus.republican1,1030,NA,FALSE,NA,NA,NA,NA,NA,NA
aus.republican1,1031,NA,FALSE,NA,NA,NA,NA,NA,NA
aus.republican1,1032,NA,FALSE,NA,NA,NA,NA,NA,NA
aus.republican1,1033,NA,FALSE,NA,NA,NA,NA,NA,NA
aus.republican1,1034,NA,FALSE,NA,NA,NA,NA,NA,NA
aus.republican1,1035,NA,FALSE,NA,NA,NA,NA,NA,NA
aus.republican1,1036,NA,FALSE,NA,NA,NA,NA,NA,NA
aus.republican1,1037,NA,FALSE,NA,NA,NA,NA,NA,NA
aus.republican1,1038,NA,FALSE,NA,NA,NA,NA,NA,NA
aus.republican1,1039,NA,FALSE,NA,NA,NA,NA,NA,NA
aus.republican1,1040,NA,FALSE,NA,NA,NA,NA,NA,NA
aus.republican1,1041,NA,FALSE,NA,NA,NA,NA,NA,NA
aus.republican1,1042,NA,FALSE,NA,NA,NA,NA,NA,NA
aus.republican1,1043,NA,FALSE,NA,NA,NA,NA,NA,NA
aus.republican1,1044,NA,FALSE,NA,NA,NA,NA,NA,NA
aus.republican1,1045,NA,FALSE,NA,NA,NA,NA,NA,NA
aus.republican1,1046,NA,FALSE,NA,NA,NA,NA,NA,NA
aus.republican1,1047,NA,FALSE,NA,NA,NA,NA,NA,NA
aus.republican1,1048,NA,FALSE,NA,NA,NA,NA,NA,NA
aus.republican1,1049,NA,FALSE,NA,NA,NA,NA,NA,NA
aus.republican1,1050,NA,FALSE,NA,NA,NA,NA,NA,NA
aus.republican1,1051,NA,FALSE,NA,NA,NA,NA,NA,NA
aus.republican1,1052,NA,FALSE,NA,NA,NA,NA,NA,NA
aus.republican1,1053,NA,FALSE,NA,NA,NA,NA,NA,NA
aus.republican1,1054,NA,FALSE,NA,NA,NA,NA,NA,NA
aus.republican1,1055,NA,FALSE,NA,NA,NA,NA,NA,NA
aus.republican1,1056,NA,FALSE,NA,NA,NA,NA,NA,NA
aus.republican1,1057,NA,FALSE,NA,NA,NA,NA,NA,NA
aus.republican1,1058,NA,FALSE,NA,NA,NA,NA,NA,NA
aus.republican1,1059,NA,FALSE,NA,NA,NA,NA,NA,NA
aus.republican1,1060,NA,FALSE,NA,NA,NA,NA,NA,NA
aus.republican1,1061,NA,FALSE,NA,NA,NA,NA,NA,NA
aus.republican1,1062,NA,FALSE,NA,NA,NA,NA,NA,NA
aus.republican1,1063,NA,FALSE,NA,NA,NA,NA,NA,NA
aus.republican1,1064,NA,FALSE,NA,NA,NA,NA,NA,NA
aus.republican1,1065,NA,FALSE,NA,NA,NA,NA,NA,NA
aus.republican1,1066,NA,FALSE,NA,NA,NA,NA,NA,NA
aus.republican1,1067,NA,FALSE,NA,NA,NA,NA,NA,NA
aus.republican1,1068,NA,FALSE,NA,NA,NA,NA,NA,NA
aus.republican1,1069,NA,FALSE,NA,NA,NA,NA,NA,NA
aus.republican1,1070,NA,FALSE,NA,NA,NA,NA,NA,NA
aus.republican1,1071,NA,FALSE,NA,NA,NA,NA,NA,NA
aus.republican1,1072,NA,FALSE,NA,NA,NA,NA,NA,NA
aus.republican1,1073,NA,FALSE,NA,NA,NA,NA,NA,NA
aus.republican1,1074,NA,FALSE,NA,NA,NA,NA,NA,NA
aus.republican1,1075,NA,FALSE,NA,NA,NA,NA,NA,NA
aus.republican1,1076,NA,FALSE,NA,NA,NA,NA,NA,NA
aus.republican1,1077,NA,FALSE,NA,NA,NA,NA,NA,NA
aus.republican1,1078,NA,FALSE,NA,NA,NA,NA,NA,NA
aus.republican1,1079,NA,FALSE,NA,NA,NA,NA,NA,NA
aus.republican1,1080,NA,FALSE,NA,NA,NA,NA,NA,NA
aus.republican1,1081,NA,FALSE,NA,NA,NA,NA,NA,NA
aus.republican1,1082,NA,FALSE,NA,NA,NA,NA,NA,NA
aus.republican1,1083,NA,FALSE,NA,NA,NA,NA,NA,NA
aus.republican1,1084,NA,FALSE,NA,NA,NA,NA,NA,NA
aus.republican1,1085,NA,FALSE,NA,NA,NA,NA,NA,NA
aus.republican1,1086,NA,FALSE,NA,NA,NA,NA,NA,NA
aus.republican1,1087,NA,FALSE,NA,NA,NA,NA,NA,NA
aus.republican1,1088,NA,FALSE,NA,NA,NA,NA,NA,NA
aus.republican1,1089,NA,FALSE,NA,NA,NA,NA,NA,NA
aus.republican1,1090,NA,FALSE,NA,NA,NA,NA,NA,NA
aus.republican1,1091,NA,FALSE,NA,NA,NA,NA,NA,NA
aus.republican1,1092,NA,FALSE,NA,NA,NA,NA,NA,NA
aus.republican1,1093,NA,FALSE,NA,NA,NA,NA,NA,NA
aus.republican1,1094,NA,FALSE,NA,NA,NA,NA,NA,NA
aus.republican1,1095,NA,FALSE,NA,NA,NA,NA,NA,NA
aus.republican1,1096,NA,FALSE,NA,NA,NA,NA,NA,NA
aus.republican1,1097,NA,FALSE,NA,NA,NA,NA,NA,NA
aus.republican1,1098,NA,FALSE,NA,NA,NA,NA,NA,NA
aus.republican1,1099,NA,FALSE,NA,NA,NA,NA,NA,NA
aus.republican1,1100,NA,FALSE,NA,NA,NA,NA,NA,NA
aus.republican1,1101,NA,FALSE,NA,NA,NA,NA,NA,NA
aus.republican1,1102,NA,FALSE,NA,NA,NA,NA,NA,NA
aus.republican1,1103,NA,FALSE,NA,NA,NA,NA,NA,NA
aus.republican1,1104,NA,FALSE,NA,NA,NA,NA,NA,NA
aus.republican1,1105,NA,FALSE,NA,NA,NA,NA,NA,NA
aus.republican1,1106,NA,FALSE,NA,NA,NA,NA,NA,NA
aus.republican1,1107,NA,FALSE,NA,NA,NA,NA,NA,NA
aus.republican1,1108,NA,FALSE,NA,NA,NA,NA,NA,NA
aus.republican1,1109,NA,FALSE,NA,NA,NA,NA,NA,NA
aus.republican1,1110,NA,FALSE,NA,NA,NA,NA,NA,NA
aus.republican1,1111,NA,FALSE,NA,NA,NA,NA,NA,NA
aus.republican1,1112,NA,FALSE,NA,NA,NA,NA,NA,NA
aus.republican1,1113,NA,FALSE,NA,NA,NA,NA,NA,NA
aus.republican1,1114,NA,FALSE,NA,NA,NA,NA,NA,NA
aus.republican1,1115,NA,FALSE,NA,NA,NA,NA,NA,NA
aus.republican1,1116,NA,FALSE,NA,NA,NA,NA,NA,NA
aus.republican1,1117,NA,FALSE,NA,NA,NA,NA,NA,NA
aus.republican1,1118,NA,FALSE,NA,NA,NA,NA,NA,NA
aus.republican1,1119,NA,FALSE,NA,NA,NA,NA,NA,NA
aus.republican1,1120,NA,FALSE,NA,NA,NA,NA,NA,NA
aus.republican1,1121,NA,FALSE,NA,NA,NA,NA,NA,NA
aus.republican1,1122,NA,FALSE,NA,NA,NA,NA,NA,NA
aus.republican1,1123,NA,FALSE,NA,NA,NA,NA,NA,NA
aus.republican1,1124,NA,FALSE,NA,NA,NA,NA,NA,NA
aus.republican1,1125,NA,FALSE,NA,NA,NA,NA,NA,NA
aus.republican1,1126,NA,FALSE,NA,NA,NA,NA,NA,NA
aus.republican1,1127,NA,FALSE,NA,NA,NA,NA,NA,NA
aus.republican1,1128,NA,FALSE,NA,NA,NA,NA,NA,NA
aus.republican1,1129,NA,FALSE,NA,NA,NA,NA,NA,NA
aus.republican1,1130,NA,FALSE,NA,NA,NA,NA,NA,NA
aus.republican1,1131,NA,FALSE,NA,NA,NA,NA,NA,NA
aus.republican1,1132,NA,FALSE,NA,NA,NA,NA,NA,NA
aus.republican1,1133,NA,FALSE,NA,NA,NA,NA,NA,NA
aus.republican1,1134,NA,FALSE,NA,NA,NA,NA,NA,NA
aus.republican1,1135,NA,FALSE,NA,NA,NA,NA,NA,NA
aus.republican1,1136,NA,FALSE,NA,NA,NA,NA,NA,NA
aus.republican1,1137,NA,FALSE,NA,NA,NA,NA,NA,NA
aus.republican1,1138,NA,FALSE,NA,NA,NA,NA,NA,NA
aus.republican1,1139,NA,FALSE,NA,NA,NA,NA,NA,NA
aus.republican1,1140,NA,FALSE,NA,NA,NA,NA,NA,NA
aus.republican1,1141,NA,FALSE,NA,NA,NA,NA,NA,NA
aus.republican1,1142,NA,FALSE,NA,NA,NA,NA,NA,NA
aus.republican1,1143,NA,FALSE,NA,NA,NA,NA,NA,NA
aus.republican1,1144,NA,FALSE,NA,NA,NA,NA,NA,NA
aus.republican1,1145,NA,FALSE,NA,NA,NA,NA,NA,NA
aus.republican1,1146,NA,FALSE,NA,NA,NA,NA,NA,NA
aus.republican1,1147,NA,FALSE,NA,NA,NA,NA,NA,NA
aus.republican1,1148,NA,FALSE,NA,NA,NA,NA,NA,NA
aus.republican1,1149,NA,FALSE,NA,NA,NA,NA,NA,NA
aus.republican1,1150,NA,FALSE,NA,NA,NA,NA,NA,NA
aus.republican1,1151,NA,FALSE,NA,NA,NA,NA,NA,NA
aus.republican1,1152,NA,FALSE,NA,NA,NA,NA,NA,NA
aus.republican1,1153,NA,FALSE,NA,NA,NA,NA,NA,NA
aus.republican1,1154,NA,FALSE,NA,NA,NA,NA,NA,NA
aus.republican1,1155,NA,FALSE,NA,NA,NA,NA,NA,NA
aus.republican1,1156,NA,FALSE,NA,NA,NA,NA,NA,NA
aus.republican1,1157,NA,FALSE,NA,NA,NA,NA,NA,NA
aus.republican1,1158,NA,FALSE,NA,NA,NA,NA,NA,NA
aus.republican1,1159,NA,FALSE,NA,NA,NA,NA,NA,NA
aus.republican1,1160,NA,FALSE,NA,NA,NA,NA,NA,NA
aus.republican1,1161,NA,FALSE,NA,NA,NA,NA,NA,NA
aus.republican1,1162,NA,FALSE,NA,NA,NA,NA,NA,NA
aus.republican1,1163,NA,FALSE,NA,NA,NA,NA,NA,NA
aus.republican1,1164,NA,FALSE,NA,NA,NA,NA,NA,NA
aus.republican1,1165,NA,FALSE,NA,NA,NA,NA,NA,NA
aus.republican1,1166,NA,FALSE,NA,NA,NA,NA,NA,NA
aus.republican1,1167,NA,FALSE,NA,NA,NA,NA,NA,NA
aus.republican1,1168,NA,FALSE,NA,NA,NA,NA,NA,NA
aus.republican1,1169,NA,FALSE,NA,NA,NA,NA,NA,NA
aus.republican1,1170,NA,FALSE,NA,NA,NA,NA,NA,NA
aus.republican1,1171,NA,FALSE,NA,NA,NA,NA,NA,NA
aus.republican1,1172,NA,FALSE,NA,NA,NA,NA,NA,NA
aus.republican1,1173,NA,FALSE,NA,NA,NA,NA,NA,NA
aus.republican1,1174,NA,FALSE,NA,NA,NA,NA,NA,NA
aus.republican1,1175,NA,FALSE,NA,NA,NA,NA,NA,NA
aus.republican1,1176,NA,FALSE,NA,NA,NA,NA,NA,NA
aus.republican1,1177,NA,FALSE,NA,NA,NA,NA,NA,NA
aus.republican1,1178,NA,FALSE,NA,NA,NA,NA,NA,NA
aus.republican1,1179,NA,FALSE,NA,NA,NA,NA,NA,NA
aus.republican1,1180,NA,FALSE,NA,NA,NA,NA,NA,NA
aus.republican1,1181,NA,FALSE,NA,NA,NA,NA,NA,NA
aus.republican1,1182,NA,FALSE,NA,NA,NA,NA,NA,NA
aus.republican1,1183,NA,FALSE,NA,NA,NA,NA,NA,NA
aus.republican1,1184,NA,FALSE,NA,NA,NA,NA,NA,NA
aus.republican1,1185,NA,FALSE,NA,NA,NA,NA,NA,NA
aus.republican1,1186,NA,FALSE,NA,NA,NA,NA,NA,NA
aus.republican1,1187,NA,FALSE,NA,NA,NA,NA,NA,NA
aus.republican1,1188,NA,FALSE,NA,NA,NA,NA,NA,NA
aus.republican1,1189,NA,FALSE,NA,NA,NA,NA,NA,NA
aus.republican1,1190,NA,FALSE,NA,NA,NA,NA,NA,NA
aus.republican1,1191,NA,FALSE,NA,NA,NA,NA,NA,NA
aus.republican1,1192,NA,FALSE,NA,NA,NA,NA,NA,NA
aus.republican1,1193,NA,FALSE,NA,NA,NA,NA,NA,NA
aus.republican1,1194,NA,FALSE,NA,NA,NA,NA,NA,NA
aus.republican1,1195,NA,FALSE,NA,NA,NA,NA,NA,NA
aus.republican1,1196,NA,FALSE,NA,NA,NA,NA,NA,NA
aus.republican1,1197,NA,FALSE,NA,NA,NA,NA,NA,NA
aus.republican1,1198,NA,FALSE,NA,NA,NA,NA,NA,NA
aus.republican1,1199,NA,FALSE,NA,NA,NA,NA,NA,NA
aus.republican1,1200,NA,FALSE,NA,NA,NA,NA,NA,NA
aus.republican1,1201,NA,FALSE,NA,NA,NA,NA,NA,NA
aus.republican1,1202,NA,FALSE,NA,NA,NA,NA,NA,NA
aus.republican1,1203,NA,FALSE,NA,NA,NA,NA,NA,NA
aus.republican1,1204,NA,FALSE,NA,NA,NA,NA,NA,NA
aus.republican1,1205,NA,FALSE,NA,NA,NA,NA,NA,NA
aus.republican1,1206,NA,FALSE,NA,NA,NA,NA,NA,NA
aus.republican1,1207,NA,FALSE,NA,NA,NA,NA,NA,NA
aus.republican1,1208,NA,FALSE,NA,NA,NA,NA,NA,NA
aus.republican1,1209,NA,FALSE,NA,NA,NA,NA,NA,NA
aus.republican1,1210,NA,FALSE,NA,NA,NA,NA,NA,NA
aus.republican1,1211,NA,FALSE,NA,NA,NA,NA,NA,NA
aus.republican1,1212,NA,FALSE,NA,NA,NA,NA,NA,NA
aus.republican1,1213,NA,FALSE,NA,NA,NA,NA,NA,NA
aus.republican1,1214,NA,FALSE,NA,NA,NA,NA,NA,NA
aus.republican1,1215,NA,FALSE,NA,NA,NA,NA,NA,NA
aus.republican1,1216,NA,FALSE,NA,NA,NA,NA,NA,NA
aus.republican1,1217,NA,FALSE,NA,NA,NA,NA,NA,NA
aus.republican1,1218,NA,FALSE,NA,NA,NA,NA,NA,NA
aus.republican1,1219,NA,FALSE,NA,NA,NA,NA,NA,NA
aus.republican1,1220,NA,FALSE,NA,NA,NA,NA,NA,NA
aus.republican1,1221,NA,FALSE,NA,NA,NA,NA,NA,NA
aus.republican1,1222,NA,FALSE,NA,NA,NA,NA,NA,NA
aus.republican1,1223,NA,FALSE,NA,NA,NA,NA,NA,NA
aus.republican1,1224,NA,FALSE,NA,NA,NA,NA,NA,NA
aus.republican1,1225,NA,FALSE,NA,NA,NA,NA,NA,NA
aus.republican1,1226,NA,FALSE,NA,NA,NA,NA,NA,NA
aus.republican1,1227,NA,FALSE,NA,NA,NA,NA,NA,NA
aus.republican1,1228,NA,FALSE,NA,NA,NA,NA,NA,NA
aus.republican1,1229,NA,FALSE,NA,NA,NA,NA,NA,NA
aus.republican1,1230,NA,FALSE,NA,NA,NA,NA,NA,NA
aus.republican1,1231,NA,FALSE,NA,NA,NA,NA,NA,NA
aus.republican1,1232,NA,FALSE,NA,NA,NA,NA,NA,NA
aus.republican1,1233,NA,FALSE,NA,NA,NA,NA,NA,NA
aus.republican1,1234,NA,FALSE,NA,NA,NA,NA,NA,NA
aus.republican1,1235,NA,FALSE,NA,NA,NA,NA,NA,NA
aus.republican1,1236,NA,FALSE,NA,NA,NA,NA,NA,NA
aus.republican1,1237,NA,FALSE,NA,NA,NA,NA,NA,NA
aus.republican1,1238,NA,FALSE,NA,NA,NA,NA,NA,NA
aus.republican1,1239,NA,FALSE,NA,NA,NA,NA,NA,NA
aus.republican1,1240,NA,FALSE,NA,NA,NA,NA,NA,NA
aus.republican1,1241,NA,FALSE,NA,NA,NA,NA,NA,NA
aus.republican1,1242,NA,FALSE,NA,NA,NA,NA,NA,NA
aus.republican1,1243,NA,FALSE,NA,NA,NA,NA,NA,NA
aus.republican1,1244,NA,FALSE,NA,NA,NA,NA,NA,NA
aus.republican1,1245,NA,FALSE,NA,NA,NA,NA,NA,NA
aus.republican1,1246,NA,FALSE,NA,NA,NA,NA,NA,NA
aus.republican1,1247,NA,FALSE,NA,NA,NA,NA,NA,NA
aus.republican1,1248,NA,FALSE,NA,NA,NA,NA,NA,NA
aus.republican1,1249,NA,FALSE,NA,NA,NA,NA,NA,NA
aus.republican1,1250,NA,FALSE,NA,NA,NA,NA,NA,NA
aus.republican1,1251,NA,FALSE,NA,NA,NA,NA,NA,NA
aus.republican1,1252,NA,FALSE,NA,NA,NA,NA,NA,NA
aus.republican1,1253,NA,FALSE,NA,NA,NA,NA,NA,NA
aus.republican1,1254,NA,FALSE,NA,NA,NA,NA,NA,NA
aus.republican1,1255,NA,FALSE,NA,NA,NA,NA,NA,NA
aus.republican1,1256,NA,FALSE,NA,NA,NA,NA,NA,NA
aus.republican1,1257,NA,FALSE,NA,NA,NA,NA,NA,NA
aus.republican1,1258,NA,FALSE,NA,NA,NA,NA,NA,NA
aus.republican1,1259,NA,FALSE,NA,NA,NA,NA,NA,NA
aus.republican1,1260,NA,FALSE,NA,NA,NA,NA,NA,NA
aus.republican1,1261,NA,FALSE,NA,NA,NA,NA,NA,NA
aus.republican1,1262,NA,FALSE,NA,NA,NA,NA,NA,NA
aus.republican1,1263,NA,FALSE,NA,NA,NA,NA,NA,NA
aus.republican1,1264,NA,FALSE,NA,NA,NA,NA,NA,NA
aus.republican1,1265,NA,FALSE,NA,NA,NA,NA,NA,NA
aus.republican1,1266,NA,FALSE,NA,NA,NA,NA,NA,NA
aus.republican1,1267,NA,FALSE,NA,NA,NA,NA,NA,NA
aus.republican1,1268,NA,FALSE,NA,NA,NA,NA,NA,NA
aus.republican1,1269,NA,FALSE,NA,NA,NA,NA,NA,NA
aus.republican1,1270,NA,FALSE,NA,NA,NA,NA,NA,NA
aus.republican1,1271,NA,FALSE,NA,NA,NA,NA,NA,NA
aus.republican1,1272,NA,FALSE,NA,NA,NA,NA,NA,NA
aus.republican1,1273,NA,FALSE,NA,NA,NA,NA,NA,NA
aus.republican1,1274,NA,FALSE,NA,NA,NA,NA,NA,NA
aus.republican1,1275,NA,FALSE,NA,NA,NA,NA,NA,NA
aus.republican1,1276,NA,FALSE,NA,NA,NA,NA,NA,NA
aus.republican1,1277,NA,FALSE,NA,NA,NA,NA,NA,NA
aus.republican1,1278,NA,FALSE,NA,NA,NA,NA,NA,NA
aus.republican1,1279,NA,FALSE,NA,NA,NA,NA,NA,NA
aus.republican1,1280,NA,FALSE,NA,NA,NA,NA,NA,NA
aus.republican1,1281,NA,FALSE,NA,NA,NA,NA,NA,NA
aus.republican1,1282,NA,FALSE,NA,NA,NA,NA,NA,NA
aus.republican1,1283,NA,FALSE,NA,NA,NA,NA,NA,NA
aus.republican1,1284,NA,FALSE,NA,NA,NA,NA,NA,NA
aus.republican1,1285,NA,FALSE,NA,NA,NA,NA,NA,NA
aus.republican1,1286,NA,FALSE,NA,NA,NA,NA,NA,NA
aus.republican1,1287,NA,FALSE,NA,NA,NA,NA,NA,NA
aus.republican1,1288,NA,FALSE,NA,NA,NA,NA,NA,NA
aus.republican1,1289,NA,FALSE,NA,NA,NA,NA,NA,NA
aus.republican1,1290,NA,FALSE,NA,NA,NA,NA,NA,NA
aus.republican1,1291,NA,FALSE,NA,NA,NA,NA,NA,NA
aus.republican1,1292,NA,FALSE,NA,NA,NA,NA,NA,NA
aus.republican1,1293,NA,FALSE,NA,NA,NA,NA,NA,NA
aus.republican1,1294,NA,FALSE,NA,NA,NA,NA,NA,NA
aus.republican1,1295,NA,FALSE,NA,NA,NA,NA,NA,NA
aus.republican1,1296,NA,FALSE,NA,NA,NA,NA,NA,NA
aus.republican1,1297,NA,FALSE,NA,NA,NA,NA,NA,NA
aus.republican1,1298,NA,FALSE,NA,NA,NA,NA,NA,NA
aus.republican1,1299,NA,FALSE,NA,NA,NA,NA,NA,NA
aus.republican1,1300,NA,FALSE,NA,NA,NA,NA,NA,NA
aus.republican1,1301,NA,FALSE,NA,NA,NA,NA,NA,NA
aus.republican1,1302,NA,FALSE,NA,NA,NA,NA,NA,NA
aus.republican1,1303,NA,FALSE,NA,NA,NA,NA,NA,NA
aus.republican1,1304,NA,FALSE,NA,NA,NA,NA,NA,NA
aus.republican1,1305,NA,FALSE,NA,NA,NA,NA,NA,NA
aus.republican1,1306,NA,FALSE,NA,NA,NA,NA,NA,NA
aus.republican1,1307,NA,FALSE,NA,NA,NA,NA,NA,NA
aus.republican1,1308,NA,FALSE,NA,NA,NA,NA,NA,NA
aus.republican1,1309,NA,FALSE,NA,NA,NA,NA,NA,NA
aus.republican1,1310,NA,FALSE,NA,NA,NA,NA,NA,NA
aus.republican1,1311,NA,FALSE,NA,NA,NA,NA,NA,NA
aus.republican1,1312,NA,FALSE,NA,NA,NA,NA,NA,NA
aus.republican1,1313,NA,FALSE,NA,NA,NA,NA,NA,NA
aus.republican1,1314,NA,FALSE,NA,NA,NA,NA,NA,NA
aus.republican1,1315,NA,FALSE,NA,NA,NA,NA,NA,NA
aus.republican1,1316,NA,FALSE,NA,NA,NA,NA,NA,NA
aus.republican1,1317,NA,FALSE,NA,NA,NA,NA,NA,NA
aus.republican1,1318,NA,FALSE,NA,NA,NA,NA,NA,NA
aus.republican1,1319,NA,FALSE,NA,NA,NA,NA,NA,NA
aus.republican1,1320,NA,FALSE,NA,NA,NA,NA,NA,NA
aus.republican1,1321,NA,FALSE,NA,NA,NA,NA,NA,NA
aus.republican1,1322,NA,FALSE,NA,NA,NA,NA,NA,NA
aus.republican1,1323,NA,FALSE,NA,NA,NA,NA,NA,NA
aus.republican1,1324,NA,FALSE,NA,NA,NA,NA,NA,NA
aus.republican1,1325,NA,FALSE,NA,NA,NA,NA,NA,NA
aus.republican1,1326,NA,FALSE,NA,NA,NA,NA,NA,NA
aus.republican1,1327,NA,FALSE,NA,NA,NA,NA,NA,NA
aus.republican1,1328,NA,FALSE,NA,NA,NA,NA,NA,NA
aus.republican1,1329,NA,FALSE,NA,NA,NA,NA,NA,NA
aus.republican1,1330,NA,FALSE,NA,NA,NA,NA,NA,NA
aus.republican1,1331,NA,FALSE,NA,NA,NA,NA,NA,NA
aus.republican1,1332,NA,FALSE,NA,NA,NA,NA,NA,NA
aus.republican1,1333,NA,FALSE,NA,NA,NA,NA,NA,NA
aus.republican1,1334,NA,FALSE,NA,NA,NA,NA,NA,NA
aus.republican1,1335,NA,FALSE,NA,NA,NA,NA,NA,NA
aus.republican1,1336,NA,FALSE,NA,NA,NA,NA,NA,NA
aus.republican1,1337,NA,FALSE,NA,NA,NA,NA,NA,NA
aus.republican1,1338,NA,FALSE,NA,NA,NA,NA,NA,NA
aus.republican1,1339,NA,FALSE,NA,NA,NA,NA,NA,NA
aus.republican1,1340,NA,FALSE,NA,NA,NA,NA,NA,NA
aus.republican1,1341,NA,FALSE,NA,NA,NA,NA,NA,NA
aus.republican1,1342,NA,FALSE,NA,NA,NA,NA,NA,NA
aus.republican1,1343,NA,FALSE,NA,NA,NA,NA,NA,NA
aus.republican1,1344,NA,FALSE,NA,NA,NA,NA,NA,NA
aus.republican1,1345,NA,FALSE,NA,NA,NA,NA,NA,NA
aus.republican1,1346,NA,FALSE,NA,NA,NA,NA,NA,NA
aus.republican1,1347,NA,FALSE,NA,NA,NA,NA,NA,NA
aus.republican1,1348,NA,FALSE,NA,NA,NA,NA,NA,NA
aus.republican1,1349,NA,FALSE,NA,NA,NA,NA,NA,NA
aus.republican1,1350,NA,FALSE,NA,NA,NA,NA,NA,NA
aus.republican1,1351,NA,FALSE,NA,NA,NA,NA,NA,NA
aus.republican1,1352,NA,FALSE,NA,NA,NA,NA,NA,NA
aus.republican1,1353,NA,FALSE,NA,NA,NA,NA,NA,NA
aus.republican1,1354,NA,FALSE,NA,NA,NA,NA,NA,NA
aus.republican1,1355,NA,FALSE,NA,NA,NA,NA,NA,NA
aus.republican1,1356,NA,FALSE,NA,NA,NA,NA,NA,NA
aus.republican1,1357,NA,FALSE,NA,NA,NA,NA,NA,NA
aus.republican1,1358,NA,FALSE,NA,NA,NA,NA,NA,NA
aus.republican1,1359,NA,FALSE,NA,NA,NA,NA,NA,NA
aus.republican1,1360,NA,FALSE,NA,NA,NA,NA,NA,NA
aus.republican1,1361,NA,FALSE,NA,NA,NA,NA,NA,NA
aus.republican1,1362,NA,FALSE,NA,NA,NA,NA,NA,NA
aus.republican1,1363,NA,FALSE,NA,NA,NA,NA,NA,NA
aus.republican1,1364,NA,FALSE,NA,NA,NA,NA,NA,NA
aus.republican1,1365,NA,FALSE,NA,NA,NA,NA,NA,NA
aus.republican1,1366,NA,FALSE,NA,NA,NA,NA,NA,NA
aus.republican1,1367,NA,FALSE,NA,NA,NA,NA,NA,NA
aus.republican1,1368,NA,FALSE,NA,NA,NA,NA,NA,NA
aus.republican1,1369,NA,FALSE,NA,NA,NA,NA,NA,NA
aus.republican1,1370,NA,FALSE,NA,NA,NA,NA,NA,NA
aus.republican1,1371,NA,FALSE,NA,NA,NA,NA,NA,NA
aus.republican1,1372,NA,FALSE,NA,NA,NA,NA,NA,NA
aus.republican1,1373,NA,FALSE,NA,NA,NA,NA,NA,NA
aus.republican1,1374,NA,FALSE,NA,NA,NA,NA,NA,NA
aus.republican1,1375,NA,FALSE,NA,NA,NA,NA,NA,NA
aus.republican1,1376,NA,FALSE,NA,NA,NA,NA,NA,NA
aus.republican1,1377,NA,FALSE,NA,NA,NA,NA,NA,NA
aus.republican1,1378,NA,FALSE,NA,NA,NA,NA,NA,NA
aus.republican1,1379,NA,FALSE,NA,NA,NA,NA,NA,NA
aus.republican1,1380,NA,FALSE,NA,NA,NA,NA,NA,NA
aus.republican1,1381,NA,FALSE,NA,NA,NA,NA,NA,NA
aus.republican1,1382,NA,FALSE,NA,NA,NA,NA,NA,NA
aus.republican1,1383,NA,FALSE,NA,NA,NA,NA,NA,NA
aus.republican1,1384,NA,FALSE,NA,NA,NA,NA,NA,NA
aus.republican1,1385,NA,FALSE,NA,NA,NA,NA,NA,NA
aus.republican1,1386,NA,FALSE,NA,NA,NA,NA,NA,NA
aus.republican1,1387,NA,FALSE,NA,NA,NA,NA,NA,NA
aus.republican1,1388,NA,FALSE,NA,NA,NA,NA,NA,NA
aus.republican1,1389,NA,FALSE,NA,NA,NA,NA,NA,NA
aus.republican1,1390,NA,FALSE,NA,NA,NA,NA,NA,NA
aus.republican1,1391,NA,FALSE,NA,NA,NA,NA,NA,NA
aus.republican1,1392,NA,FALSE,NA,NA,NA,NA,NA,NA
aus.republican1,1393,NA,FALSE,NA,NA,NA,NA,NA,NA
aus.republican1,1394,NA,FALSE,NA,NA,NA,NA,NA,NA
aus.republican1,1395,NA,FALSE,NA,NA,NA,NA,NA,NA
aus.republican1,1396,NA,FALSE,NA,NA,NA,NA,NA,NA
aus.republican1,1397,NA,FALSE,NA,NA,NA,NA,NA,NA
aus.republican1,1398,NA,FALSE,NA,NA,NA,NA,NA,NA
aus.republican1,1399,NA,FALSE,NA,NA,NA,NA,NA,NA
aus.republican1,1400,NA,FALSE,NA,NA,NA,NA,NA,NA
aus.republican1,1401,NA,FALSE,NA,NA,NA,NA,NA,NA
aus.republican1,1402,NA,FALSE,NA,NA,NA,NA,NA,NA
aus.republican1,1403,NA,FALSE,NA,NA,NA,NA,NA,NA
aus.republican1,1404,NA,FALSE,NA,NA,NA,NA,NA,NA
aus.republican1,1405,NA,FALSE,NA,NA,NA,NA,NA,NA
aus.republican1,1406,NA,FALSE,NA,NA,NA,NA,NA,NA
aus.republican1,1407,NA,FALSE,NA,NA,NA,NA,NA,NA
aus.republican1,1408,NA,FALSE,NA,NA,NA,NA,NA,NA
aus.republican1,1409,NA,FALSE,NA,NA,NA,NA,NA,NA
aus.republican1,1410,NA,FALSE,NA,NA,NA,NA,NA,NA
aus.republican1,1411,NA,FALSE,NA,NA,NA,NA,NA,NA
aus.republican1,1412,NA,FALSE,NA,NA,NA,NA,NA,NA
aus.republican1,1413,NA,FALSE,NA,NA,NA,NA,NA,NA
aus.republican1,1414,NA,FALSE,NA,NA,NA,NA,NA,NA
aus.republican1,1415,NA,FALSE,NA,NA,NA,NA,NA,NA
aus.republican1,1416,NA,FALSE,NA,NA,NA,NA,NA,NA
aus.republican1,1417,NA,FALSE,NA,NA,NA,NA,NA,NA
aus.republican1,1418,NA,FALSE,NA,NA,NA,NA,NA,NA
aus.republican1,1419,NA,FALSE,NA,NA,NA,NA,NA,NA
aus.republican1,1420,NA,FALSE,NA,NA,NA,NA,NA,NA
aus.republican1,1421,NA,FALSE,NA,NA,NA,NA,NA,NA
aus.republican1,1422,NA,FALSE,NA,NA,NA,NA,NA,NA
aus.republican1,1423,NA,FALSE,NA,NA,NA,NA,NA,NA
aus.republican1,1424,NA,FALSE,NA,NA,NA,NA,NA,NA
aus.republican1,1425,NA,FALSE,NA,NA,NA,NA,NA,NA
aus.republican1,1426,NA,FALSE,NA,NA,NA,NA,NA,NA
aus.republican1,1427,NA,FALSE,NA,NA,NA,NA,NA,NA
aus.republican1,1428,NA,FALSE,NA,NA,NA,NA,NA,NA
aus.republican1,1429,NA,FALSE,NA,NA,NA,NA,NA,NA
aus.republican1,1430,NA,FALSE,NA,NA,NA,NA,NA,NA
aus.republican1,1431,NA,FALSE,NA,NA,NA,NA,NA,NA
aus.republican1,1432,NA,FALSE,NA,NA,NA,NA,NA,NA
aus.republican1,1433,NA,FALSE,NA,NA,NA,NA,NA,NA
aus.republican1,1434,NA,FALSE,NA,NA,NA,NA,NA,NA
aus.republican1,1435,NA,FALSE,NA,NA,NA,NA,NA,NA
aus.republican1,1436,NA,FALSE,NA,NA,NA,NA,NA,NA
aus.republican1,1437,NA,FALSE,NA,NA,NA,NA,NA,NA
aus.republican1,1438,NA,FALSE,NA,NA,NA,NA,NA,NA
aus.republican1,1439,NA,FALSE,NA,NA,NA,NA,NA,NA
aus.republican1,1440,NA,FALSE,NA,NA,NA,NA,NA,NA
aus.republican1,1441,NA,FALSE,NA,NA,NA,NA,NA,NA
aus.republican1,1442,NA,FALSE,NA,NA,NA,NA,NA,NA
aus.republican1,1443,NA,FALSE,NA,NA,NA,NA,NA,NA
aus.republican1,1444,NA,FALSE,NA,NA,NA,NA,NA,NA
aus.republican1,1445,NA,FALSE,NA,NA,NA,NA,NA,NA
aus.republican1,1446,NA,FALSE,NA,NA,NA,NA,NA,NA
aus.republican1,1447,NA,FALSE,NA,NA,NA,NA,NA,NA
aus.republican1,1448,NA,FALSE,NA,NA,NA,NA,NA,NA
aus.republican1,1449,NA,FALSE,NA,NA,NA,NA,NA,NA
aus.republican1,1450,NA,FALSE,NA,NA,NA,NA,NA,NA
aus.republican1,1451,NA,FALSE,NA,NA,NA,NA,NA,NA
aus.republican1,1452,NA,FALSE,NA,NA,NA,NA,NA,NA
aus.republican1,1453,NA,FALSE,NA,NA,NA,NA,NA,NA
aus.republican1,1454,NA,FALSE,NA,NA,NA,NA,NA,NA
aus.republican1,1455,NA,FALSE,NA,NA,NA,NA,NA,NA
aus.republican1,1456,NA,FALSE,NA,NA,NA,NA,NA,NA
aus.republican1,1457,NA,FALSE,NA,NA,NA,NA,NA,NA
aus.republican1,1458,NA,FALSE,NA,NA,NA,NA,NA,NA
aus.republican1,1459,NA,FALSE,NA,NA,NA,NA,NA,NA
aus.republican1,1460,NA,FALSE,NA,NA,NA,NA,NA,NA
aus.republican1,1461,NA,FALSE,NA,NA,NA,NA,NA,NA
aus.republican1,1462,NA,FALSE,NA,NA,NA,NA,NA,NA
aus.republican1,1463,NA,FALSE,NA,NA,NA,NA,NA,NA
aus.republican1,1464,NA,FALSE,NA,NA,NA,NA,NA,NA
aus.republican1,1465,NA,FALSE,NA,NA,NA,NA,NA,NA
aus.republican1,1466,NA,FALSE,NA,NA,NA,NA,NA,NA
aus.republican1,1467,NA,FALSE,NA,NA,NA,NA,NA,NA
aus.republican1,1468,NA,FALSE,NA,NA,NA,NA,NA,NA
aus.republican1,1469,NA,FALSE,NA,NA,NA,NA,NA,NA
aus.republican1,1470,NA,FALSE,NA,NA,NA,NA,NA,NA
aus.republican1,1471,NA,FALSE,NA,NA,NA,NA,NA,NA
aus.republican1,1472,NA,FALSE,NA,NA,NA,NA,NA,NA
aus.republican1,1473,NA,FALSE,NA,NA,NA,NA,NA,NA
aus.republican1,1474,NA,FALSE,NA,NA,NA,NA,NA,NA
aus.republican1,1475,NA,FALSE,NA,NA,NA,NA,NA,NA
aus.republican1,1476,NA,FALSE,NA,NA,NA,NA,NA,NA
aus.republican1,1477,NA,FALSE,NA,NA,NA,NA,NA,NA
aus.republican1,1478,NA,FALSE,NA,NA,NA,NA,NA,NA
aus.republican1,1479,NA,FALSE,NA,NA,NA,NA,NA,NA
aus.republican1,1480,NA,FALSE,NA,NA,NA,NA,NA,NA
aus.republican1,1481,NA,FALSE,NA,NA,NA,NA,NA,NA
aus.republican1,1482,NA,FALSE,NA,NA,NA,NA,NA,NA
aus.republican1,1483,NA,FALSE,NA,NA,NA,NA,NA,NA
aus.republican1,1484,NA,FALSE,NA,NA,NA,NA,NA,NA
aus.republican1,1485,NA,FALSE,NA,NA,NA,NA,NA,NA
aus.republican1,1486,NA,FALSE,NA,NA,NA,NA,NA,NA
aus.republican1,1487,NA,FALSE,NA,NA,NA,NA,NA,NA
aus.republican1,1488,NA,FALSE,NA,NA,NA,NA,NA,NA
aus.republican1,1489,NA,FALSE,NA,NA,NA,NA,NA,NA
aus.republican1,1490,NA,FALSE,NA,NA,NA,NA,NA,NA
aus.republican1,1491,NA,FALSE,NA,NA,NA,NA,NA,NA
aus.republican1,1492,NA,FALSE,NA,NA,NA,NA,NA,NA
aus.republican1,1493,NA,FALSE,NA,NA,NA,NA,NA,NA
aus.republican1,1494,NA,FALSE,NA,NA,NA,NA,NA,NA
aus.republican1,1495,NA,FALSE,NA,NA,NA,NA,NA,NA
aus.republican1,1496,NA,FALSE,NA,NA,NA,NA,NA,NA
aus.republican1,1497,NA,FALSE,NA,NA,NA,NA,NA,NA
aus.republican1,1498,NA,FALSE,NA,NA,NA,NA,NA,NA
aus.republican1,1499,NA,FALSE,NA,NA,NA,NA,NA,NA
aus.republican1,1500,NA,FALSE,NA,NA,NA,NA,NA,NA
aus.republican1,1501,NA,FALSE,NA,NA,NA,NA,NA,NA
aus.republican1,1502,NA,FALSE,NA,NA,NA,NA,NA,NA
aus.republican1,1503,NA,FALSE,NA,NA,NA,NA,NA,NA
aus.republican1,1504,NA,FALSE,NA,NA,NA,NA,NA,NA
aus.republican1,1505,NA,FALSE,NA,NA,NA,NA,NA,NA
aus.republican1,1506,NA,FALSE,NA,NA,NA,NA,NA,NA
aus.republican1,1507,NA,FALSE,NA,NA,NA,NA,NA,NA
aus.republican1,1508,NA,FALSE,NA,NA,NA,NA,NA,NA
aus.republican1,1509,NA,FALSE,NA,NA,NA,NA,NA,NA
aus.republican1,1510,NA,FALSE,NA,NA,NA,NA,NA,NA
aus.republican1,1511,NA,FALSE,NA,NA,NA,NA,NA,NA
aus.republican1,1512,NA,FALSE,NA,NA,NA,NA,NA,NA
aus.republican1,1513,NA,FALSE,NA,NA,NA,NA,NA,NA
aus.republican1,1514,NA,FALSE,NA,NA,NA,NA,NA,NA
aus.republican1,1515,NA,FALSE,NA,NA,NA,NA,NA,NA
aus.republican1,1516,NA,FALSE,NA,NA,NA,NA,NA,NA
aus.republican1,1517,NA,FALSE,NA,NA,NA,NA,NA,NA
aus.republican1,1518,NA,FALSE,NA,NA,NA,NA,NA,NA
aus.republican1,1519,NA,FALSE,NA,NA,NA,NA,NA,NA
aus.republican1,1520,NA,FALSE,NA,NA,NA,NA,NA,NA
aus.republican1,1521,NA,FALSE,NA,NA,NA,NA,NA,NA
aus.republican1,1522,NA,FALSE,NA,NA,NA,NA,NA,NA
aus.republican1,1523,NA,FALSE,NA,NA,NA,NA,NA,NA
aus.republican1,1524,NA,FALSE,NA,NA,NA,NA,NA,NA
aus.republican1,1525,NA,FALSE,NA,NA,NA,NA,NA,NA
aus.republican1,1526,NA,FALSE,NA,NA,NA,NA,NA,NA
aus.republican1,1527,NA,FALSE,NA,NA,NA,NA,NA,NA
aus.republican1,1528,NA,FALSE,NA,NA,NA,NA,NA,NA
aus.republican1,1529,NA,FALSE,NA,NA,NA,NA,NA,NA
aus.republican1,1530,NA,FALSE,NA,NA,NA,NA,NA,NA
aus.republican1,1531,NA,FALSE,NA,NA,NA,NA,NA,NA
aus.republican1,1532,NA,FALSE,NA,NA,NA,NA,NA,NA
aus.republican1,1533,NA,FALSE,NA,NA,NA,NA,NA,NA
aus.republican1,1534,NA,FALSE,NA,NA,NA,NA,NA,NA
aus.republican1,1535,NA,FALSE,NA,NA,NA,NA,NA,NA
aus.republican1,1536,NA,FALSE,NA,NA,NA,NA,NA,NA
aus.republican1,1537,NA,FALSE,NA,NA,NA,NA,NA,NA
aus.republican1,1538,NA,FALSE,NA,NA,NA,NA,NA,NA
aus.republican1,1539,NA,FALSE,NA,NA,NA,NA,NA,NA
aus.republican1,1540,NA,FALSE,NA,NA,NA,NA,NA,NA
aus.republican1,1541,NA,FALSE,NA,NA,NA,NA,NA,NA
aus.republican1,1542,NA,FALSE,NA,NA,NA,NA,NA,NA
aus.republican1,1543,NA,FALSE,NA,NA,NA,NA,NA,NA
aus.republican1,1544,NA,FALSE,NA,NA,NA,NA,NA,NA
aus.republican1,1545,NA,FALSE,NA,NA,NA,NA,NA,NA
aus.republican1,1546,NA,FALSE,NA,NA,NA,NA,NA,NA
aus.republican1,1547,NA,FALSE,NA,NA,NA,NA,NA,NA
aus.republican1,1548,NA,FALSE,NA,NA,NA,NA,NA,NA
aus.republican1,1549,NA,FALSE,NA,NA,NA,NA,NA,NA
aus.republican1,1550,NA,FALSE,NA,NA,NA,NA,NA,NA
aus.republican1,1551,NA,FALSE,NA,NA,NA,NA,NA,NA
aus.republican1,1552,NA,FALSE,NA,NA,NA,NA,NA,NA
aus.republican1,1553,NA,FALSE,NA,NA,NA,NA,NA,NA
aus.republican1,1554,NA,FALSE,NA,NA,NA,NA,NA,NA
aus.republican1,1555,NA,FALSE,NA,NA,NA,NA,NA,NA
aus.republican1,1556,NA,FALSE,NA,NA,NA,NA,NA,NA
aus.republican1,1557,NA,FALSE,NA,NA,NA,NA,NA,NA
aus.republican1,1558,NA,FALSE,NA,NA,NA,NA,NA,NA
aus.republican1,1559,NA,FALSE,NA,NA,NA,NA,NA,NA
aus.republican1,1560,NA,FALSE,NA,NA,NA,NA,NA,NA
aus.republican1,1561,NA,FALSE,NA,NA,NA,NA,NA,NA
aus.republican1,1562,NA,FALSE,NA,NA,NA,NA,NA,NA
aus.republican1,1563,NA,FALSE,NA,NA,NA,NA,NA,NA
aus.republican1,1564,NA,FALSE,NA,NA,NA,NA,NA,NA
aus.republican1,1565,NA,FALSE,NA,NA,NA,NA,NA,NA
aus.republican1,1566,NA,FALSE,NA,NA,NA,NA,NA,NA
aus.republican1,1567,NA,FALSE,NA,NA,NA,NA,NA,NA
aus.republican1,1568,NA,FALSE,NA,NA,NA,NA,NA,NA
aus.republican1,1569,NA,FALSE,NA,NA,NA,NA,NA,NA
aus.republican1,1570,NA,FALSE,NA,NA,NA,NA,NA,NA
aus.republican1,1571,NA,FALSE,NA,NA,NA,NA,NA,NA
aus.republican1,1572,NA,FALSE,NA,NA,NA,NA,NA,NA
aus.republican1,1573,NA,FALSE,NA,NA,NA,NA,NA,NA
aus.republican1,1574,NA,FALSE,NA,NA,NA,NA,NA,NA
aus.republican1,1575,NA,FALSE,NA,NA,NA,NA,NA,NA
aus.republican1,1576,NA,FALSE,NA,NA,NA,NA,NA,NA
aus.republican1,1577,NA,FALSE,NA,NA,NA,NA,NA,NA
aus.republican1,1578,NA,FALSE,NA,NA,NA,NA,NA,NA
aus.republican1,1579,NA,FALSE,NA,NA,NA,NA,NA,NA
aus.republican1,1580,NA,FALSE,NA,NA,NA,NA,NA,NA
aus.republican1,1581,NA,FALSE,NA,NA,NA,NA,NA,NA
aus.republican1,1582,NA,FALSE,NA,NA,NA,NA,NA,NA
aus.republican1,1583,NA,FALSE,NA,NA,NA,NA,NA,NA
aus.republican1,1584,NA,FALSE,NA,NA,NA,NA,NA,NA
aus.republican1,1585,NA,FALSE,NA,NA,NA,NA,NA,NA
aus.republican1,1586,NA,FALSE,NA,NA,NA,NA,NA,NA
aus.republican1,1587,NA,FALSE,NA,NA,NA,NA,NA,NA
aus.republican1,1588,NA,FALSE,NA,NA,NA,NA,NA,NA
aus.republican1,1589,NA,FALSE,NA,NA,NA,NA,NA,NA
aus.republican1,1590,NA,FALSE,NA,NA,NA,NA,NA,NA
aus.republican1,1591,NA,FALSE,NA,NA,NA,NA,NA,NA
aus.republican1,1592,NA,FALSE,NA,NA,NA,NA,NA,NA
aus.republican1,1593,NA,FALSE,NA,NA,NA,NA,NA,NA
aus.republican1,1594,NA,FALSE,NA,NA,NA,NA,NA,NA
aus.republican1,1595,NA,FALSE,NA,NA,NA,NA,NA,NA
aus.republican1,1596,NA,FALSE,NA,NA,NA,NA,NA,NA
aus.republican1,1597,NA,FALSE,NA,NA,NA,NA,NA,NA
aus.republican1,1598,NA,FALSE,NA,NA,NA,NA,NA,NA
aus.republican1,1599,NA,FALSE,NA,NA,NA,NA,NA,NA
aus.republican1,1600,NA,FALSE,NA,NA,NA,NA,NA,NA
aus.republican1,1601,NA,FALSE,NA,NA,NA,NA,NA,NA
aus.republican1,1602,NA,FALSE,NA,NA,NA,NA,NA,NA
aus.republican1,1603,NA,FALSE,NA,NA,NA,NA,NA,NA
aus.republican1,1604,NA,FALSE,NA,NA,NA,NA,NA,NA
aus.republican1,1605,NA,FALSE,NA,NA,NA,NA,NA,NA
aus.republican1,1606,NA,FALSE,NA,NA,NA,NA,NA,NA
aus.republican1,1607,NA,FALSE,NA,NA,NA,NA,NA,NA
aus.republican1,1608,NA,FALSE,NA,NA,NA,NA,NA,NA
aus.republican1,1609,NA,FALSE,NA,NA,NA,NA,NA,NA
aus.republican1,1610,NA,FALSE,NA,NA,NA,NA,NA,NA
aus.republican1,1611,NA,FALSE,NA,NA,NA,NA,NA,NA
aus.republican1,1612,NA,FALSE,NA,NA,NA,NA,NA,NA
aus.republican1,1613,NA,FALSE,NA,NA,NA,NA,NA,NA
aus.republican1,1614,NA,FALSE,NA,NA,NA,NA,NA,NA
aus.republican1,1615,NA,FALSE,NA,NA,NA,NA,NA,NA
aus.republican1,1616,NA,FALSE,NA,NA,NA,NA,NA,NA
aus.republican1,1617,NA,FALSE,NA,NA,NA,NA,NA,NA
aus.republican1,1618,NA,FALSE,NA,NA,NA,NA,NA,NA
aus.republican1,1619,NA,FALSE,NA,NA,NA,NA,NA,NA
aus.republican1,1620,NA,FALSE,NA,NA,NA,NA,NA,NA
aus.republican1,1621,NA,FALSE,NA,NA,NA,NA,NA,NA
aus.republican1,1622,NA,FALSE,NA,NA,NA,NA,NA,NA
aus.republican1,1623,NA,FALSE,NA,NA,NA,NA,NA,NA
aus.republican1,1624,NA,FALSE,NA,NA,NA,NA,NA,NA
aus.republican1,1625,NA,FALSE,NA,NA,NA,NA,NA,NA
aus.republican1,1626,NA,FALSE,NA,NA,NA,NA,NA,NA
aus.republican1,1627,NA,FALSE,NA,NA,NA,NA,NA,NA
aus.republican1,1628,NA,FALSE,NA,NA,NA,NA,NA,NA
aus.republican1,1629,NA,FALSE,NA,NA,NA,NA,NA,NA
aus.republican1,1630,NA,FALSE,NA,NA,NA,NA,NA,NA
aus.republican1,1631,NA,FALSE,NA,NA,NA,NA,NA,NA
aus.republican1,1632,NA,FALSE,NA,NA,NA,NA,NA,NA
aus.republican1,1633,NA,FALSE,NA,NA,NA,NA,NA,NA
aus.republican1,1634,NA,FALSE,NA,NA,NA,NA,NA,NA
aus.republican1,1635,NA,FALSE,NA,NA,NA,NA,NA,NA
aus.republican1,1636,NA,FALSE,NA,NA,NA,NA,NA,NA
aus.republican1,1637,NA,FALSE,NA,NA,NA,NA,NA,NA
aus.republican1,1638,NA,FALSE,NA,NA,NA,NA,NA,NA
aus.republican1,1639,NA,FALSE,NA,NA,NA,NA,NA,NA
aus.republican1,1640,NA,FALSE,NA,NA,NA,NA,NA,NA
aus.republican1,1641,NA,FALSE,NA,NA,NA,NA,NA,NA
aus.republican1,1642,NA,FALSE,NA,NA,NA,NA,NA,NA
aus.republican1,1643,NA,FALSE,NA,NA,NA,NA,NA,NA
aus.republican1,1644,NA,FALSE,NA,NA,NA,NA,NA,NA
aus.republican1,1645,NA,FALSE,NA,NA,NA,NA,NA,NA
aus.republican1,1646,NA,FALSE,NA,NA,NA,NA,NA,NA
aus.republican1,1647,NA,FALSE,NA,NA,NA,NA,NA,NA
aus.republican1,1648,NA,FALSE,NA,NA,NA,NA,NA,NA
aus.republican1,1649,NA,FALSE,NA,NA,NA,NA,NA,NA
aus.republican1,1650,NA,FALSE,NA,NA,NA,NA,NA,NA
aus.republican1,1651,NA,FALSE,NA,NA,NA,NA,NA,NA
aus.republican1,1652,NA,FALSE,NA,NA,NA,NA,NA,NA
aus.republican1,1653,NA,FALSE,NA,NA,NA,NA,NA,NA
aus.republican1,1654,NA,FALSE,NA,NA,NA,NA,NA,NA
aus.republican1,1655,NA,FALSE,NA,NA,NA,NA,NA,NA
aus.republican1,1656,NA,FALSE,NA,NA,NA,NA,NA,NA
aus.republican1,1657,NA,FALSE,NA,NA,NA,NA,NA,NA
aus.republican1,1658,NA,FALSE,NA,NA,NA,NA,NA,NA
aus.republican1,1659,NA,FALSE,NA,NA,NA,NA,NA,NA
aus.republican1,1660,NA,FALSE,NA,NA,NA,NA,NA,NA
aus.republican1,1661,NA,FALSE,NA,NA,NA,NA,NA,NA
aus.republican1,1662,NA,FALSE,NA,NA,NA,NA,NA,NA
aus.republican1,1663,NA,FALSE,NA,NA,NA,NA,NA,NA
aus.republican1,1664,NA,FALSE,NA,NA,NA,NA,NA,NA
aus.republican1,1665,NA,FALSE,NA,NA,NA,NA,NA,NA
aus.republican1,1666,NA,FALSE,NA,NA,NA,NA,NA,NA
aus.republican1,1667,NA,FALSE,NA,NA,NA,NA,NA,NA
aus.republican1,1668,NA,FALSE,NA,NA,NA,NA,NA,NA
aus.republican1,1669,NA,FALSE,NA,NA,NA,NA,NA,NA
aus.republican1,1670,NA,FALSE,NA,NA,NA,NA,NA,NA
aus.republican1,1671,NA,FALSE,NA,NA,NA,NA,NA,NA
aus.republican1,1672,NA,FALSE,NA,NA,NA,NA,NA,NA
aus.republican1,1673,NA,FALSE,NA,NA,NA,NA,NA,NA
aus.republican1,1674,NA,FALSE,NA,NA,NA,NA,NA,NA
aus.republican1,1675,NA,FALSE,NA,NA,NA,NA,NA,NA
aus.republican1,1676,NA,FALSE,NA,NA,NA,NA,NA,NA
aus.republican1,1677,NA,FALSE,NA,NA,NA,NA,NA,NA
aus.republican1,1678,NA,FALSE,NA,NA,NA,NA,NA,NA
aus.republican1,1679,NA,FALSE,NA,NA,NA,NA,NA,NA
aus.republican1,1680,NA,FALSE,NA,NA,NA,NA,NA,NA
aus.republican1,1681,NA,FALSE,NA,NA,NA,NA,NA,NA
aus.republican1,1682,NA,FALSE,NA,NA,NA,NA,NA,NA
aus.republican1,1683,NA,FALSE,NA,NA,NA,NA,NA,NA
aus.republican1,1684,NA,FALSE,NA,NA,NA,NA,NA,NA
aus.republican1,1685,NA,FALSE,NA,NA,NA,NA,NA,NA
aus.republican1,1686,NA,FALSE,NA,NA,NA,NA,NA,NA
aus.republican1,1687,NA,FALSE,NA,NA,NA,NA,NA,NA
aus.republican1,1688,NA,FALSE,NA,NA,NA,NA,NA,NA
aus.republican1,1689,NA,FALSE,NA,NA,NA,NA,NA,NA
aus.republican1,1690,NA,FALSE,NA,NA,NA,NA,NA,NA
aus.republican1,1691,NA,FALSE,NA,NA,NA,NA,NA,NA
aus.republican1,1692,NA,FALSE,NA,NA,NA,NA,NA,NA
aus.republican1,1693,NA,FALSE,NA,NA,NA,NA,NA,NA
aus.republican1,1694,NA,FALSE,NA,NA,NA,NA,NA,NA
aus.republican1,1695,NA,FALSE,NA,NA,NA,NA,NA,NA
aus.republican1,1696,NA,FALSE,NA,NA,NA,NA,NA,NA
aus.republican1,1697,NA,FALSE,NA,NA,NA,NA,NA,NA
aus.republican1,1698,NA,FALSE,NA,NA,NA,NA,NA,NA
aus.republican1,1699,NA,FALSE,NA,NA,NA,NA,NA,NA
aus.republican1,1700,NA,FALSE,NA,NA,NA,NA,NA,NA
aus.republican1,1701,NA,FALSE,NA,NA,NA,NA,NA,NA
aus.republican1,1702,NA,FALSE,NA,NA,NA,NA,NA,NA
aus.republican1,1703,NA,FALSE,NA,NA,NA,NA,NA,NA
aus.republican1,1704,NA,FALSE,NA,NA,NA,NA,NA,NA
aus.republican1,1705,NA,FALSE,NA,NA,NA,NA,NA,NA
aus.republican1,1706,NA,FALSE,NA,NA,NA,NA,NA,NA
aus.republican1,1707,NA,FALSE,NA,NA,NA,NA,NA,NA
aus.republican1,1708,NA,FALSE,NA,NA,NA,NA,NA,NA
aus.republican1,1709,NA,FALSE,NA,NA,NA,NA,NA,NA
aus.republican1,1710,NA,FALSE,NA,NA,NA,NA,NA,NA
aus.republican1,1711,NA,FALSE,NA,NA,NA,NA,NA,NA
aus.republican1,1712,NA,FALSE,NA,NA,NA,NA,NA,NA
aus.republican1,1713,NA,FALSE,NA,NA,NA,NA,NA,NA
aus.republican1,1714,NA,FALSE,NA,NA,NA,NA,NA,NA
aus.republican1,1715,NA,FALSE,NA,NA,NA,NA,NA,NA
aus.republican1,1716,NA,FALSE,NA,NA,NA,NA,NA,NA
aus.republican1,1717,NA,FALSE,NA,NA,NA,NA,NA,NA
aus.republican1,1718,NA,FALSE,NA,NA,NA,NA,NA,NA
aus.republican1,1719,NA,FALSE,NA,NA,NA,NA,NA,NA
aus.republican1,1720,NA,FALSE,NA,NA,NA,NA,NA,NA
aus.republican1,1721,NA,FALSE,NA,NA,NA,NA,NA,NA
aus.republican1,1722,NA,FALSE,NA,NA,NA,NA,NA,NA
aus.republican1,1723,NA,FALSE,NA,NA,NA,NA,NA,NA
aus.republican1,1724,NA,FALSE,NA,NA,NA,NA,NA,NA
aus.republican1,1725,NA,FALSE,NA,NA,NA,NA,NA,NA
aus.republican1,1726,NA,FALSE,NA,NA,NA,NA,NA,NA
aus.republican1,1727,NA,FALSE,NA,NA,NA,NA,NA,NA
aus.republican1,1728,NA,FALSE,NA,NA,NA,NA,NA,NA
aus.republican1,1729,NA,FALSE,NA,NA,NA,NA,NA,NA
aus.republican1,1730,NA,FALSE,NA,NA,NA,NA,NA,NA
aus.republican1,1731,NA,FALSE,NA,NA,NA,NA,NA,NA
aus.republican1,1732,NA,FALSE,NA,NA,NA,NA,NA,NA
aus.republican1,1733,NA,FALSE,NA,NA,NA,NA,NA,NA
aus.republican1,1734,NA,FALSE,NA,NA,NA,NA,NA,NA
aus.republican1,1735,NA,FALSE,NA,NA,NA,NA,NA,NA
aus.republican1,1736,NA,FALSE,NA,NA,NA,NA,NA,NA
aus.republican1,1737,NA,FALSE,NA,NA,NA,NA,NA,NA
aus.republican1,1738,NA,FALSE,NA,NA,NA,NA,NA,NA
aus.republican1,1739,NA,FALSE,NA,NA,NA,NA,NA,NA
aus.republican1,1740,NA,FALSE,NA,NA,NA,NA,NA,NA
aus.republican1,1741,NA,FALSE,NA,NA,NA,NA,NA,NA
aus.republican1,1742,NA,FALSE,NA,NA,NA,NA,NA,NA
aus.republican1,1743,NA,FALSE,NA,NA,NA,NA,NA,NA
aus.republican1,1744,NA,FALSE,NA,NA,NA,NA,NA,NA
aus.republican1,1745,NA,FALSE,NA,NA,NA,NA,NA,NA
aus.republican1,1746,NA,FALSE,NA,NA,NA,NA,NA,NA
aus.republican1,1747,NA,FALSE,NA,NA,NA,NA,NA,NA
aus.republican1,1748,NA,FALSE,NA,NA,NA,NA,NA,NA
aus.republican1,1749,NA,FALSE,NA,NA,NA,NA,NA,NA
aus.republican1,1750,NA,FALSE,NA,NA,NA,NA,NA,NA
aus.republican1,1751,NA,FALSE,NA,NA,NA,NA,NA,NA
aus.republican1,1752,NA,FALSE,NA,NA,NA,NA,NA,NA
aus.republican1,1753,NA,FALSE,NA,NA,NA,NA,NA,NA
aus.republican1,1754,NA,FALSE,NA,NA,NA,NA,NA,NA
aus.republican1,1755,NA,FALSE,NA,NA,NA,NA,NA,NA
aus.republican1,1756,NA,FALSE,NA,NA,NA,NA,NA,NA
aus.republican1,1757,NA,FALSE,NA,NA,NA,NA,NA,NA
aus.republican1,1758,NA,FALSE,NA,NA,NA,NA,NA,NA
aus.republican1,1759,NA,FALSE,NA,NA,NA,NA,NA,NA
aus.republican1,1760,NA,FALSE,NA,NA,NA,NA,NA,NA
aus.republican1,1761,NA,FALSE,NA,NA,NA,NA,NA,NA
aus.republican1,1762,NA,FALSE,NA,NA,NA,NA,NA,NA
aus.republican1,1763,NA,FALSE,NA,NA,NA,NA,NA,NA
aus.republican1,1764,NA,FALSE,NA,NA,NA,NA,NA,NA
aus.republican1,1765,NA,FALSE,NA,NA,NA,NA,NA,NA
aus.republican1,1766,NA,FALSE,NA,NA,NA,NA,NA,NA
aus.republican1,1767,NA,FALSE,NA,NA,NA,NA,NA,NA
aus.republican1,1768,NA,FALSE,NA,NA,NA,NA,NA,NA
aus.republican1,1769,NA,FALSE,NA,NA,NA,NA,NA,NA
aus.republican1,1770,NA,FALSE,NA,NA,NA,NA,NA,NA
aus.republican1,1771,NA,FALSE,NA,NA,NA,NA,NA,NA
aus.republican1,1772,NA,FALSE,NA,NA,NA,NA,NA,NA
aus.republican1,1773,NA,FALSE,NA,NA,NA,NA,NA,NA
aus.republican1,1774,NA,FALSE,NA,NA,NA,NA,NA,NA
aus.republican1,1775,NA,FALSE,NA,NA,NA,NA,NA,NA
aus.republican1,1776,NA,FALSE,NA,NA,NA,NA,NA,NA
aus.republican1,1777,NA,FALSE,NA,NA,NA,NA,NA,NA
aus.republican1,1778,NA,FALSE,NA,NA,NA,NA,NA,NA
aus.republican1,1779,NA,FALSE,NA,NA,NA,NA,NA,NA
aus.republican1,1780,NA,FALSE,NA,NA,NA,NA,NA,NA
aus.republican1,1781,NA,FALSE,NA,NA,NA,NA,NA,NA
aus.republican1,1782,NA,FALSE,NA,NA,NA,NA,NA,NA
aus.republican1,1783,NA,FALSE,NA,NA,NA,NA,NA,NA
aus.republican1,1784,NA,FALSE,NA,NA,NA,NA,NA,NA
aus.republican1,1785,NA,FALSE,NA,NA,NA,NA,NA,NA
aus.republican1,1786,NA,FALSE,NA,NA,NA,NA,NA,NA
aus.republican1,1787,NA,FALSE,NA,NA,NA,NA,NA,NA
aus.republican1,1788,NA,FALSE,NA,NA,NA,NA,NA,NA
aus.republican1,1789,NA,FALSE,NA,NA,NA,NA,NA,NA
aus.republican1,1790,NA,FALSE,NA,NA,NA,NA,NA,NA
aus.republican1,1791,NA,FALSE,NA,NA,NA,NA,NA,NA
aus.republican1,1792,NA,FALSE,NA,NA,NA,NA,NA,NA
aus.republican1,1793,NA,FALSE,NA,NA,NA,NA,NA,NA
aus.republican1,1794,NA,FALSE,NA,NA,NA,NA,NA,NA
aus.republican1,1795,NA,FALSE,NA,NA,NA,NA,NA,NA
aus.republican1,1796,NA,FALSE,NA,NA,NA,NA,NA,NA
aus.republican1,1797,NA,FALSE,NA,NA,NA,NA,NA,NA
aus.republican1,1798,NA,FALSE,NA,NA,NA,NA,NA,NA
aus.republican1,1799,NA,FALSE,NA,NA,NA,NA,NA,NA
aus.republican1,1800,NA,FALSE,NA,NA,NA,NA,NA,NA
aus.republican1,1801,NA,FALSE,NA,NA,NA,NA,NA,NA
aus.republican1,1802,NA,FALSE,NA,NA,NA,NA,NA,NA
aus.republican1,1803,NA,FALSE,NA,NA,NA,NA,NA,NA
aus.republican1,1804,NA,FALSE,NA,NA,NA,NA,NA,NA
aus.republican1,1805,NA,FALSE,NA,NA,NA,NA,NA,NA
aus.republican1,1806,NA,FALSE,NA,NA,NA,NA,NA,NA
aus.republican1,1807,NA,FALSE,NA,NA,NA,NA,NA,NA
aus.republican1,1808,NA,FALSE,NA,NA,NA,NA,NA,NA
aus.republican1,1809,NA,FALSE,NA,NA,NA,NA,NA,NA
aus.republican1,1810,NA,FALSE,NA,NA,NA,NA,NA,NA
aus.republican1,1811,NA,FALSE,NA,NA,NA,NA,NA,NA
aus.republican1,1812,NA,FALSE,NA,NA,NA,NA,NA,NA
aus.republican1,1813,NA,FALSE,NA,NA,NA,NA,NA,NA
aus.republican1,1814,NA,FALSE,NA,NA,NA,NA,NA,NA
aus.republican1,1815,NA,FALSE,NA,NA,NA,NA,NA,NA
aus.republican1,1816,NA,FALSE,NA,NA,NA,NA,NA,NA
aus.republican1,1817,NA,FALSE,NA,NA,NA,NA,NA,NA
aus.republican1,1818,NA,FALSE,NA,NA,NA,NA,NA,NA
aus.republican1,1819,NA,FALSE,NA,NA,NA,NA,NA,NA
aus.republican1,1820,NA,FALSE,NA,NA,NA,NA,NA,NA
aus.republican1,1821,NA,FALSE,NA,NA,NA,NA,NA,NA
aus.republican1,1822,NA,FALSE,NA,NA,NA,NA,NA,NA
aus.republican1,1823,NA,FALSE,NA,NA,NA,NA,NA,NA
aus.republican1,1824,NA,FALSE,NA,NA,NA,NA,NA,NA
aus.republican1,1825,NA,FALSE,NA,NA,NA,NA,NA,NA
aus.republican1,1826,NA,FALSE,NA,NA,NA,NA,NA,NA
aus.republican1,1827,NA,FALSE,NA,NA,NA,NA,NA,NA
aus.republican1,1828,NA,FALSE,NA,NA,NA,NA,NA,NA
aus.republican1,1829,NA,FALSE,NA,NA,NA,NA,NA,NA
aus.republican1,1830,NA,FALSE,NA,NA,NA,NA,NA,NA
aus.republican1,1831,NA,FALSE,NA,NA,NA,NA,NA,NA
aus.republican1,1832,NA,FALSE,NA,NA,NA,NA,NA,NA
aus.republican1,1833,NA,FALSE,NA,NA,NA,NA,NA,NA
aus.republican1,1834,NA,FALSE,NA,NA,NA,NA,NA,NA
aus.republican1,1835,NA,FALSE,NA,NA,NA,NA,NA,NA
aus.republican1,1836,NA,FALSE,NA,NA,NA,NA,NA,NA
aus.republican1,1837,NA,FALSE,NA,NA,NA,NA,NA,NA
aus.republican1,1838,NA,FALSE,NA,NA,NA,NA,NA,NA
aus.republican1,1839,NA,FALSE,NA,NA,NA,NA,NA,NA
aus.republican1,1840,NA,FALSE,NA,NA,NA,NA,NA,NA
aus.republican1,1841,NA,FALSE,NA,NA,NA,NA,NA,NA
aus.republican1,1842,NA,FALSE,NA,NA,NA,NA,NA,NA
aus.republican1,1843,NA,FALSE,NA,NA,NA,NA,NA,NA
aus.republican1,1844,NA,FALSE,NA,NA,NA,NA,NA,NA
aus.republican1,1845,NA,FALSE,NA,NA,NA,NA,NA,NA
aus.republican1,1846,NA,FALSE,NA,NA,NA,NA,NA,NA
aus.republican1,1847,NA,FALSE,NA,NA,NA,NA,NA,NA
aus.republican1,1848,NA,FALSE,NA,NA,NA,NA,NA,NA
aus.republican1,1849,NA,FALSE,NA,NA,NA,NA,NA,NA
aus.republican1,1850,NA,FALSE,NA,NA,NA,NA,NA,NA
aus.republican1,1851,NA,FALSE,NA,NA,NA,NA,NA,NA
aus.republican1,1852,NA,FALSE,NA,NA,NA,NA,NA,NA
aus.republican1,1853,NA,FALSE,NA,NA,NA,NA,NA,NA
aus.republican1,1854,NA,FALSE,NA,NA,NA,NA,NA,NA
aus.republican1,1855,NA,FALSE,NA,NA,NA,NA,NA,NA
aus.republican1,1856,NA,FALSE,NA,NA,NA,NA,NA,NA
aus.republican1,1857,NA,FALSE,NA,NA,NA,NA,NA,NA
aus.republican1,1858,NA,FALSE,NA,NA,NA,NA,NA,NA
aus.republican1,1859,NA,FALSE,NA,NA,NA,NA,NA,NA
aus.republican1,1860,NA,FALSE,NA,NA,NA,NA,NA,NA
aus.republican1,1861,NA,FALSE,NA,NA,NA,NA,NA,NA
aus.republican1,1862,NA,FALSE,NA,NA,NA,NA,NA,NA
aus.republican1,1863,NA,FALSE,NA,NA,NA,NA,NA,NA
aus.republican1,1864,NA,FALSE,NA,NA,NA,NA,NA,NA
aus.republican1,1865,NA,FALSE,NA,NA,NA,NA,NA,NA
aus.republican1,1866,NA,FALSE,NA,NA,NA,NA,NA,NA
aus.republican1,1867,NA,FALSE,NA,NA,NA,NA,NA,NA
aus.republican1,1868,NA,FALSE,NA,NA,NA,NA,NA,NA
aus.republican1,1869,NA,FALSE,NA,NA,NA,NA,NA,NA
aus.republican1,1870,NA,FALSE,NA,NA,NA,NA,NA,NA
aus.republican1,1871,NA,FALSE,NA,NA,NA,NA,NA,NA
aus.republican1,1872,NA,FALSE,NA,NA,NA,NA,NA,NA
aus.republican1,1873,NA,FALSE,NA,NA,NA,NA,NA,NA
aus.republican1,1874,NA,FALSE,NA,NA,NA,NA,NA,NA
aus.republican1,1875,NA,FALSE,NA,NA,NA,NA,NA,NA
aus.republican1,1876,NA,FALSE,NA,NA,NA,NA,NA,NA
aus.republican1,1877,NA,FALSE,NA,NA,NA,NA,NA,NA
aus.republican1,1878,NA,FALSE,NA,NA,NA,NA,NA,NA
aus.republican1,1879,NA,FALSE,NA,NA,NA,NA,NA,NA
aus.republican1,1880,NA,FALSE,NA,NA,NA,NA,NA,NA
aus.republican1,1881,NA,FALSE,NA,NA,NA,NA,NA,NA
aus.republican1,1882,NA,FALSE,NA,NA,NA,NA,NA,NA
aus.republican1,1883,NA,FALSE,NA,NA,NA,NA,NA,NA
aus.republican1,1884,NA,FALSE,NA,NA,NA,NA,NA,NA
aus.republican1,1885,NA,FALSE,NA,NA,NA,NA,NA,NA
aus.republican1,1886,NA,FALSE,NA,NA,NA,NA,NA,NA
aus.republican1,1887,NA,FALSE,NA,NA,NA,NA,NA,NA
aus.republican1,1888,NA,FALSE,NA,NA,NA,NA,NA,NA
aus.republican1,1889,NA,FALSE,NA,NA,NA,NA,NA,NA
aus.republican1,1890,NA,FALSE,NA,NA,NA,NA,NA,NA
aus.republican1,1891,NA,FALSE,NA,NA,NA,NA,NA,NA
aus.republican1,1892,NA,FALSE,NA,NA,NA,NA,NA,NA
aus.republican1,1893,NA,FALSE,NA,NA,NA,NA,NA,NA
aus.republican1,1894,NA,FALSE,NA,NA,NA,NA,NA,NA
aus.republican1,1895,NA,FALSE,NA,NA,NA,NA,NA,NA
aus.republican1,1896,NA,FALSE,NA,NA,NA,NA,NA,NA
aus.republican1,1897,NA,FALSE,NA,NA,NA,NA,NA,NA
aus.republican1,1898,NA,FALSE,NA,NA,NA,NA,NA,NA
aus.republican1,1899,NA,FALSE,NA,NA,NA,NA,NA,NA
aus.republican1,1900,NA,FALSE,NA,NA,NA,NA,NA,NA
aus.republican1,1901,NA,FALSE,NA,NA,NA,NA,NA,NA
aus.republican1,1902,NA,FALSE,NA,NA,NA,NA,NA,NA
aus.republican1,1903,NA,FALSE,NA,NA,NA,NA,NA,NA
aus.republican1,1904,NA,FALSE,NA,NA,NA,NA,NA,NA
aus.republican1,1905,NA,FALSE,NA,NA,NA,NA,NA,NA
aus.republican1,1906,NA,FALSE,NA,NA,NA,NA,NA,NA
aus.republican1,1907,NA,FALSE,NA,NA,NA,NA,NA,NA
aus.republican1,1908,NA,FALSE,NA,NA,NA,NA,NA,NA
aus.republican1,1909,NA,FALSE,NA,NA,NA,NA,NA,NA
aus.republican1,1910,NA,FALSE,NA,NA,NA,NA,NA,NA
aus.republican1,1911,NA,FALSE,NA,NA,NA,NA,NA,NA
aus.republican1,1912,NA,FALSE,NA,NA,NA,NA,NA,NA
aus.republican1,1913,NA,FALSE,NA,NA,NA,NA,NA,NA
aus.republican1,1914,NA,FALSE,NA,NA,NA,NA,NA,NA
aus.republican1,1915,NA,FALSE,NA,NA,NA,NA,NA,NA
aus.republican1,1916,NA,FALSE,NA,NA,NA,NA,NA,NA
aus.republican1,1917,NA,FALSE,NA,NA,NA,NA,NA,NA
aus.republican1,1918,NA,FALSE,NA,NA,NA,NA,NA,NA
aus.republican1,1919,NA,FALSE,NA,NA,NA,NA,NA,NA
aus.republican1,1920,NA,FALSE,NA,NA,NA,NA,NA,NA
aus.republican1,1921,NA,FALSE,NA,NA,NA,NA,NA,NA
aus.republican1,1922,NA,FALSE,NA,NA,NA,NA,NA,NA
aus.republican1,1923,NA,FALSE,NA,NA,NA,NA,NA,NA
aus.republican1,1924,NA,FALSE,NA,NA,NA,NA,NA,NA
aus.republican1,1925,NA,FALSE,NA,NA,NA,NA,NA,NA
aus.republican1,1926,NA,FALSE,NA,NA,NA,NA,NA,NA
aus.republican1,1927,NA,FALSE,NA,NA,NA,NA,NA,NA
aus.republican1,1928,NA,FALSE,NA,NA,NA,NA,NA,NA
aus.republican1,1929,NA,FALSE,NA,NA,NA,NA,NA,NA
aus.republican1,1930,NA,FALSE,NA,NA,NA,NA,NA,NA
aus.republican1,1931,NA,FALSE,NA,NA,NA,NA,NA,NA
aus.republican1,1932,NA,FALSE,NA,NA,NA,NA,NA,NA
aus.republican1,1933,NA,FALSE,NA,NA,NA,NA,NA,NA
aus.republican1,1934,NA,FALSE,NA,NA,NA,NA,NA,NA
aus.republican1,1935,NA,FALSE,NA,NA,NA,NA,NA,NA
aus.republican1,1936,NA,FALSE,NA,NA,NA,NA,NA,NA
aus.republican1,1937,NA,FALSE,NA,NA,NA,NA,NA,NA
aus.republican1,1938,NA,FALSE,NA,NA,NA,NA,NA,NA
aus.republican1,1939,NA,FALSE,NA,NA,NA,NA,NA,NA
aus.republican1,1940,NA,FALSE,NA,NA,NA,NA,NA,NA
aus.republican1,1941,NA,FALSE,NA,NA,NA,NA,NA,NA
aus.republican1,1942,NA,FALSE,NA,NA,NA,NA,NA,NA
aus.republican1,1943,NA,FALSE,NA,NA,NA,NA,NA,NA
aus.republican1,1944,NA,FALSE,NA,NA,NA,NA,NA,NA
aus.republican1,1945,NA,FALSE,NA,NA,NA,NA,NA,NA
aus.republican1,1946,NA,FALSE,NA,NA,NA,NA,NA,NA
aus.republican1,1947,NA,FALSE,NA,NA,NA,NA,NA,NA
aus.republican1,1948,NA,FALSE,NA,NA,NA,NA,NA,NA
aus.republican1,1949,NA,FALSE,NA,NA,NA,NA,NA,NA
aus.republican1,1950,NA,FALSE,NA,NA,NA,NA,NA,NA
aus.republican1,1951,NA,FALSE,NA,NA,NA,NA,NA,NA
aus.republican1,1952,NA,FALSE,NA,NA,NA,NA,NA,NA
aus.republican1,1953,NA,FALSE,NA,NA,NA,NA,NA,NA
aus.republican1,1954,NA,FALSE,NA,NA,NA,NA,NA,NA
aus.republican1,1955,NA,FALSE,NA,NA,NA,NA,NA,NA
aus.republican1,1956,NA,FALSE,NA,NA,NA,NA,NA,NA
aus.republican1,1957,NA,FALSE,NA,NA,NA,NA,NA,NA
aus.republican1,1958,NA,FALSE,NA,NA,NA,NA,NA,NA
aus.republican1,1959,NA,FALSE,NA,NA,NA,NA,NA,NA
aus.republican1,1960,NA,FALSE,NA,NA,NA,NA,NA,NA
aus.republican1,1961,NA,FALSE,NA,NA,NA,NA,NA,NA
aus.republican1,1962,NA,FALSE,NA,NA,NA,NA,NA,NA
aus.republican1,1963,NA,FALSE,NA,NA,NA,NA,NA,NA
aus.republican1,1964,NA,FALSE,NA,NA,NA,NA,NA,NA
aus.republican1,1965,NA,FALSE,NA,NA,NA,NA,NA,NA
aus.republican1,1966,NA,FALSE,NA,NA,NA,NA,NA,NA
aus.republican1,1967,NA,FALSE,NA,NA,NA,NA,NA,NA
aus.republican1,1968,NA,FALSE,NA,NA,NA,NA,NA,NA
aus.republican1,1969,NA,FALSE,NA,NA,NA,NA,NA,NA
aus.republican1,1970,NA,FALSE,NA,NA,NA,NA,NA,NA
aus.republican1,1971,NA,FALSE,NA,NA,NA,NA,NA,NA
aus.republican1,1972,NA,FALSE,NA,NA,NA,NA,NA,NA
aus.republican1,1973,NA,FALSE,NA,NA,NA,NA,NA,NA
aus.republican1,1974,NA,FALSE,NA,NA,NA,NA,NA,NA
aus.republican1,1975,NA,FALSE,NA,NA,NA,NA,NA,NA
aus.republican1,1976,NA,FALSE,NA,NA,NA,NA,NA,NA
aus.republican1,1977,NA,FALSE,NA,NA,NA,NA,NA,NA
aus.republican1,1978,NA,FALSE,NA,NA,NA,NA,NA,NA
aus.republican1,1979,NA,FALSE,NA,NA,NA,NA,NA,NA
aus.republican1,1980,NA,FALSE,NA,NA,NA,NA,NA,NA
aus.republican1,1981,NA,FALSE,NA,NA,NA,NA,NA,NA
aus.republican1,1982,NA,FALSE,NA,NA,NA,NA,NA,NA
aus.republican1,1983,NA,FALSE,NA,NA,NA,NA,NA,NA
aus.republican1,1984,NA,FALSE,NA,NA,NA,NA,NA,NA
aus.republican1,1985,NA,FALSE,NA,NA,NA,NA,NA,NA
aus.republican1,1986,NA,FALSE,NA,NA,NA,NA,NA,NA
aus.republican1,1987,NA,FALSE,NA,NA,NA,NA,NA,NA
aus.republican1,1988,NA,FALSE,NA,NA,NA,NA,NA,NA
aus.republican1,1989,NA,FALSE,NA,NA,NA,NA,NA,NA
aus.republican1,1990,NA,FALSE,NA,NA,NA,NA,NA,NA
aus.republican1,1991,NA,FALSE,NA,NA,NA,NA,NA,NA
aus.republican1,1992,NA,FALSE,NA,NA,NA,NA,NA,NA
aus.republican1,1993,NA,FALSE,NA,NA,NA,NA,NA,NA
aus.republican1,1994,NA,FALSE,NA,NA,NA,NA,NA,NA
aus.republican1,1995,NA,FALSE,NA,NA,NA,NA,NA,NA
aus.republican1,1996,NA,FALSE,NA,NA,NA,NA,NA,NA
aus.republican1,1997,NA,FALSE,NA,NA,NA,NA,NA,NA
aus.republican1,1998,NA,FALSE,NA,NA,NA,NA,NA,NA
aus.republican1,1999,NA,FALSE,NA,NA,NA,NA,NA,NA
aus.republican1,2000,NA,FALSE,NA,NA,NA,NA,NA,NA
aus.republican1,2001,NA,FALSE,NA,NA,NA,NA,NA,NA
aus.republican1,2002,NA,FALSE,NA,NA,NA,NA,NA,NA
aus.republican1,2003,NA,FALSE,NA,NA,NA,NA,NA,NA
aus.republican1,2004,NA,FALSE,NA,NA,NA,NA,NA,NA
aus.republican1,2005,NA,FALSE,NA,NA,NA,NA,NA,NA
aus.republican1,2006,NA,FALSE,NA,NA,NA,NA,NA,NA
aus.republican1,2007,NA,FALSE,NA,NA,NA,NA,NA,NA
aus.republican1,2008,NA,FALSE,NA,NA,NA,NA,NA,NA
aus.republican1,2009,NA,FALSE,NA,NA,NA,NA,NA,NA
aus.republican1,2010,NA,FALSE,NA,NA,NA,NA,NA,NA
aus.republican1,2011,NA,FALSE,NA,NA,NA,NA,NA,NA
aus.republican1,2012,NA,FALSE,NA,NA,NA,NA,NA,NA
aus.republican1,2013,NA,FALSE,NA,NA,NA,NA,NA,NA
aus.republican1,2014,NA,FALSE,NA,NA,NA,NA,NA,NA
aus.republican1,2015,NA,FALSE,NA,NA,NA,NA,NA,NA
aus.republican1,2016,NA,FALSE,NA,NA,NA,NA,NA,NA
aus.republican1,2017,NA,FALSE,NA,NA,NA,NA,NA,NA
aus.republican1,2018,NA,FALSE,NA,NA,NA,NA,NA,NA
aus.republican1,2019,NA,FALSE,NA,NA,NA,NA,NA,NA
aus.republican1,2020,NA,FALSE,NA,NA,NA,NA,NA,NA
aus.republican1,2021,NA,FALSE,NA,NA,NA,NA,NA,NA
aus.republican1,2022,NA,FALSE,NA,NA,NA,NA,NA,NA
aus.republican1,2023,NA,FALSE,NA,NA,NA,NA,NA,NA
aus.republican1,2024,NA,FALSE,NA,NA,NA,NA,NA,NA
aus.republican1,2025,NA,FALSE,NA,NA,NA,NA,NA,NA
aus.republican1,2026,NA,FALSE,NA,NA,NA,NA,NA,NA
aus.republican1,2027,NA,FALSE,NA,NA,NA,NA,NA,NA
aus.republican1,2028,NA,FALSE,NA,NA,NA,NA,NA,NA
aus.republican1,2029,NA,FALSE,NA,NA,NA,NA,NA,NA
aus.republican1,2030,NA,FALSE,NA,NA,NA,NA,NA,NA
aus.republican1,2031,NA,FALSE,NA,NA,NA,NA,NA,NA
aus.republican1,2032,NA,FALSE,NA,NA,NA,NA,NA,NA
aus.republican1,2033,NA,FALSE,NA,NA,NA,NA,NA,NA
aus.republican1,2034,NA,FALSE,NA,NA,NA,NA,NA,NA
aus.republican1,2035,NA,FALSE,NA,NA,NA,NA,NA,NA
aus.republican1,2036,NA,FALSE,NA,NA,NA,NA,NA,NA
aus.republican1,2037,NA,FALSE,NA,NA,NA,NA,NA,NA
aus.republican1,2038,NA,FALSE,NA,NA,NA,NA,NA,NA
aus.republican1,2039,NA,FALSE,NA,NA,NA,NA,NA,NA
aus.republican1,2040,NA,FALSE,NA,NA,NA,NA,NA,NA
aus.republican1,2041,NA,FALSE,NA,NA,NA,NA,NA,NA
aus.republican1,2042,NA,FALSE,NA,NA,NA,NA,NA,NA
aus.republican1,2043,NA,FALSE,NA,NA,NA,NA,NA,NA
aus.republican1,2044,NA,FALSE,NA,NA,NA,NA,NA,NA
aus.republican1,2045,NA,FALSE,NA,NA,NA,NA,NA,NA
aus.republican1,2046,NA,FALSE,NA,NA,NA,NA,NA,NA
aus.republican1,2047,NA,FALSE,NA,NA,NA,NA,NA,NA
aus.republican1,2048,NA,FALSE,NA,NA,NA,NA,NA,NA
aus.republican1,2049,NA,FALSE,NA,NA,NA,NA,NA,NA
aus.republican1,2050,NA,FALSE,NA,NA,NA,NA,NA,NA
aus.republican1,2051,NA,FALSE,NA,NA,NA,NA,NA,NA
aus.republican1,2052,NA,FALSE,NA,NA,NA,NA,NA,NA
aus.republican1,2053,NA,FALSE,NA,NA,NA,NA,NA,NA
aus.republican1,2054,NA,FALSE,NA,NA,NA,NA,NA,NA
aus.republican1,2055,NA,FALSE,NA,NA,NA,NA,NA,NA
aus.republican1,2056,NA,FALSE,NA,NA,NA,NA,NA,NA
aus.republican1,2057,NA,FALSE,NA,NA,NA,NA,NA,NA
aus.republican1,2058,NA,FALSE,NA,NA,NA,NA,NA,NA
aus.republican1,2059,NA,FALSE,NA,NA,NA,NA,NA,NA
aus.republican1,2060,NA,FALSE,NA,NA,NA,NA,NA,NA
aus.republican1,2061,NA,FALSE,NA,NA,NA,NA,NA,NA
aus.republican1,2062,NA,FALSE,NA,NA,NA,NA,NA,NA
aus.republican1,2063,NA,FALSE,NA,NA,NA,NA,NA,NA
aus.republican1,2064,NA,FALSE,NA,NA,NA,NA,NA,NA
aus.republican1,2065,NA,FALSE,NA,NA,NA,NA,NA,NA
aus.republican1,2066,NA,FALSE,NA,NA,NA,NA,NA,NA
aus.republican1,2067,NA,FALSE,NA,NA,NA,NA,NA,NA
aus.republican1,2068,NA,FALSE,NA,NA,NA,NA,NA,NA
aus.republican1,2069,NA,FALSE,NA,NA,NA,NA,NA,NA
aus.republican1,2070,NA,FALSE,NA,NA,NA,NA,NA,NA
aus.republican1,2071,NA,FALSE,NA,NA,NA,NA,NA,NA
aus.republican1,2072,NA,FALSE,NA,NA,NA,NA,NA,NA
aus.republican1,2073,NA,FALSE,NA,NA,NA,NA,NA,NA
aus.republican1,2074,NA,FALSE,NA,NA,NA,NA,NA,NA
aus.republican1,2075,NA,FALSE,NA,NA,NA,NA,NA,NA
aus.republican1,2076,NA,FALSE,NA,NA,NA,NA,NA,NA
aus.republican1,2077,NA,FALSE,NA,NA,NA,NA,NA,NA
aus.republican1,2078,NA,FALSE,NA,NA,NA,NA,NA,NA
aus.republican1,2079,NA,FALSE,NA,NA,NA,NA,NA,NA
aus.republican1,2080,NA,FALSE,NA,NA,NA,NA,NA,NA
aus.republican1,2081,NA,FALSE,NA,NA,NA,NA,NA,NA
aus.republican1,2082,NA,FALSE,NA,NA,NA,NA,NA,NA
aus.republican1,2083,NA,FALSE,NA,NA,NA,NA,NA,NA
aus.republican1,2084,NA,FALSE,NA,NA,NA,NA,NA,NA
aus.republican1,2085,NA,FALSE,NA,NA,NA,NA,NA,NA
aus.republican1,2086,NA,FALSE,NA,NA,NA,NA,NA,NA
aus.republican1,2087,NA,FALSE,NA,NA,NA,NA,NA,NA
aus.republican1,2088,NA,FALSE,NA,NA,NA,NA,NA,NA
aus.republican1,2089,NA,FALSE,NA,NA,NA,NA,NA,NA
aus.republican1,2090,NA,FALSE,NA,NA,NA,NA,NA,NA
aus.republican1,2091,NA,FALSE,NA,NA,NA,NA,NA,NA
aus.republican1,2092,NA,FALSE,NA,NA,NA,NA,NA,NA
aus.republican1,2093,NA,FALSE,NA,NA,NA,NA,NA,NA
aus.republican1,2094,NA,FALSE,NA,NA,NA,NA,NA,NA
aus.republican1,2095,NA,FALSE,NA,NA,NA,NA,NA,NA
aus.republican1,2096,NA,FALSE,NA,NA,NA,NA,NA,NA
aus.republican1,2097,NA,FALSE,NA,NA,NA,NA,NA,NA
aus.republican1,2098,NA,FALSE,NA,NA,NA,NA,NA,NA
aus.republican1,2099,NA,FALSE,NA,NA,NA,NA,NA,NA
aus.republican1,2100,NA,FALSE,NA,NA,NA,NA,NA,NA
aus.republican1,2101,NA,FALSE,NA,NA,NA,NA,NA,NA
aus.republican1,2102,NA,FALSE,NA,NA,NA,NA,NA,NA
aus.republican1,2103,NA,FALSE,NA,NA,NA,NA,NA,NA
aus.republican1,2104,NA,FALSE,NA,NA,NA,NA,NA,NA
aus.republican1,2105,NA,FALSE,NA,NA,NA,NA,NA,NA
aus.republican1,2106,NA,FALSE,NA,NA,NA,NA,NA,NA
aus.republican1,2107,NA,FALSE,NA,NA,NA,NA,NA,NA
aus.republican1,2108,NA,FALSE,NA,NA,NA,NA,NA,NA
aus.republican1,2109,NA,FALSE,NA,NA,NA,NA,NA,NA
aus.republican1,2110,NA,FALSE,NA,NA,NA,NA,NA,NA
aus.republican1,2111,NA,FALSE,NA,NA,NA,NA,NA,NA
aus.republican1,2112,NA,FALSE,NA,NA,NA,NA,NA,NA
aus.republican1,2113,NA,FALSE,NA,NA,NA,NA,NA,NA
aus.republican1,2114,NA,FALSE,NA,NA,NA,NA,NA,NA
aus.republican1,2115,NA,FALSE,NA,NA,NA,NA,NA,NA
aus.republican1,2116,NA,FALSE,NA,NA,NA,NA,NA,NA
aus.republican1,2117,NA,FALSE,NA,NA,NA,NA,NA,NA
aus.republican1,2118,NA,FALSE,NA,NA,NA,NA,NA,NA
aus.republican1,2119,NA,FALSE,NA,NA,NA,NA,NA,NA
aus.republican1,2120,NA,FALSE,NA,NA,NA,NA,NA,NA
aus.republican1,2121,NA,FALSE,NA,NA,NA,NA,NA,NA
aus.republican1,2122,NA,FALSE,NA,NA,NA,NA,NA,NA
aus.republican1,2123,NA,FALSE,NA,NA,NA,NA,NA,NA
aus.republican1,2124,NA,FALSE,NA,NA,NA,NA,NA,NA
aus.republican1,2125,NA,FALSE,NA,NA,NA,NA,NA,NA
aus.republican1,2126,NA,FALSE,NA,NA,NA,NA,NA,NA
aus.republican1,2127,NA,FALSE,NA,NA,NA,NA,NA,NA
aus.republican1,2128,NA,FALSE,NA,NA,NA,NA,NA,NA
aus.republican1,2129,NA,FALSE,NA,NA,NA,NA,NA,NA
aus.republican1,2130,NA,FALSE,NA,NA,NA,NA,NA,NA
aus.republican1,2131,NA,FALSE,NA,NA,NA,NA,NA,NA
aus.republican1,2132,NA,FALSE,NA,NA,NA,NA,NA,NA
aus.republican1,2133,NA,FALSE,NA,NA,NA,NA,NA,NA
aus.republican1,2134,NA,FALSE,NA,NA,NA,NA,NA,NA
aus.republican1,2135,NA,FALSE,NA,NA,NA,NA,NA,NA
aus.republican1,2136,NA,FALSE,NA,NA,NA,NA,NA,NA
aus.republican1,2137,NA,FALSE,NA,NA,NA,NA,NA,NA
aus.republican1,2138,NA,FALSE,NA,NA,NA,NA,NA,NA
aus.republican1,2139,NA,FALSE,NA,NA,NA,NA,NA,NA
aus.republican1,2140,NA,FALSE,NA,NA,NA,NA,NA,NA
aus.republican1,2141,NA,FALSE,NA,NA,NA,NA,NA,NA
aus.republican1,2142,NA,FALSE,NA,NA,NA,NA,NA,NA
aus.republican1,2143,NA,FALSE,NA,NA,NA,NA,NA,NA
aus.republican1,2144,NA,FALSE,NA,NA,NA,NA,NA,NA
aus.republican1,2145,NA,FALSE,NA,NA,NA,NA,NA,NA
aus.republican1,2146,NA,FALSE,NA,NA,NA,NA,NA,NA
aus.republican1,2147,NA,FALSE,NA,NA,NA,NA,NA,NA
aus.republican1,2148,NA,FALSE,NA,NA,NA,NA,NA,NA
aus.republican1,2149,NA,FALSE,NA,NA,NA,NA,NA,NA
aus.republican1,2150,NA,FALSE,NA,NA,NA,NA,NA,NA
aus.republican1,2151,NA,FALSE,NA,NA,NA,NA,NA,NA
aus.republican1,2152,NA,FALSE,NA,NA,NA,NA,NA,NA
aus.republican1,2153,NA,FALSE,NA,NA,NA,NA,NA,NA
aus.republican1,2154,NA,FALSE,NA,NA,NA,NA,NA,NA
aus.republican1,2155,NA,FALSE,NA,NA,NA,NA,NA,NA
aus.republican1,2156,NA,FALSE,NA,NA,NA,NA,NA,NA
aus.republican1,2157,NA,FALSE,NA,NA,NA,NA,NA,NA
aus.republican1,2158,NA,FALSE,NA,NA,NA,NA,NA,NA
aus.republican1,2159,NA,FALSE,NA,NA,NA,NA,NA,NA
aus.republican1,2160,NA,FALSE,NA,NA,NA,NA,NA,NA
aus.republican1,2161,NA,FALSE,NA,NA,NA,NA,NA,NA
aus.republican1,2162,NA,FALSE,NA,NA,NA,NA,NA,NA
aus.republican1,2163,NA,FALSE,NA,NA,NA,NA,NA,NA
aus.republican1,2164,NA,FALSE,NA,NA,NA,NA,NA,NA
aus.republican1,2165,NA,FALSE,NA,NA,NA,NA,NA,NA
aus.republican1,2166,NA,FALSE,NA,NA,NA,NA,NA,NA
aus.republican1,2167,NA,FALSE,NA,NA,NA,NA,NA,NA
aus.republican1,2168,NA,FALSE,NA,NA,NA,NA,NA,NA
aus.republican1,2169,NA,FALSE,NA,NA,NA,NA,NA,NA
aus.republican1,2170,NA,FALSE,NA,NA,NA,NA,NA,NA
aus.republican1,2171,NA,FALSE,NA,NA,NA,NA,NA,NA
aus.republican1,2172,NA,FALSE,NA,NA,NA,NA,NA,NA
aus.republican1,2173,NA,FALSE,NA,NA,NA,NA,NA,NA
aus.republican1,2174,NA,FALSE,NA,NA,NA,NA,NA,NA
aus.republican1,2175,NA,FALSE,NA,NA,NA,NA,NA,NA
aus.republican1,2176,NA,FALSE,NA,NA,NA,NA,NA,NA
aus.republican1,2177,NA,FALSE,NA,NA,NA,NA,NA,NA
aus.republican1,2178,NA,FALSE,NA,NA,NA,NA,NA,NA
aus.republican1,2179,NA,FALSE,NA,NA,NA,NA,NA,NA
aus.republican1,2180,NA,FALSE,NA,NA,NA,NA,NA,NA
aus.republican1,2181,NA,FALSE,NA,NA,NA,NA,NA,NA
aus.republican1,2182,NA,FALSE,NA,NA,NA,NA,NA,NA
aus.republican1,2183,NA,FALSE,NA,NA,NA,NA,NA,NA
aus.republican1,2184,NA,FALSE,NA,NA,NA,NA,NA,NA
aus.republican1,2185,NA,FALSE,NA,NA,NA,NA,NA,NA
aus.republican1,2186,NA,FALSE,NA,NA,NA,NA,NA,NA
aus.republican1,2187,NA,FALSE,NA,NA,NA,NA,NA,NA
aus.republican1,2188,NA,FALSE,NA,NA,NA,NA,NA,NA
aus.republican1,2189,NA,FALSE,NA,NA,NA,NA,NA,NA
aus.republican1,2190,NA,FALSE,NA,NA,NA,NA,NA,NA
aus.republican1,2191,NA,FALSE,NA,NA,NA,NA,NA,NA
aus.republican1,2192,NA,FALSE,NA,NA,NA,NA,NA,NA
aus.republican1,2193,NA,FALSE,NA,NA,NA,NA,NA,NA
aus.republican1,2194,NA,FALSE,NA,NA,NA,NA,NA,NA
aus.republican1,2195,NA,FALSE,NA,NA,NA,NA,NA,NA
aus.republican1,2196,NA,FALSE,NA,NA,NA,NA,NA,NA
aus.republican1,2197,NA,FALSE,NA,NA,NA,NA,NA,NA
aus.republican1,2198,NA,FALSE,NA,NA,NA,NA,NA,NA
aus.republican1,2199,NA,FALSE,NA,NA,NA,NA,NA,NA
aus.republican1,2200,NA,FALSE,NA,NA,NA,NA,NA,NA
aus.republican1,2201,NA,FALSE,NA,NA,NA,NA,NA,NA
aus.republican1,2202,NA,FALSE,NA,NA,NA,NA,NA,NA
aus.republican1,2203,NA,FALSE,NA,NA,NA,NA,NA,NA
aus.republican1,2204,NA,FALSE,NA,NA,NA,NA,NA,NA
aus.republican1,2205,NA,FALSE,NA,NA,NA,NA,NA,NA
aus.republican1,2206,NA,FALSE,NA,NA,NA,NA,NA,NA
aus.republican1,2207,NA,FALSE,NA,NA,NA,NA,NA,NA
aus.republican1,2208,NA,FALSE,NA,NA,NA,NA,NA,NA
aus.republican1,2209,NA,FALSE,NA,NA,NA,NA,NA,NA
aus.republican1,2210,NA,FALSE,NA,NA,NA,NA,NA,NA
aus.republican1,2211,NA,FALSE,NA,NA,NA,NA,NA,NA
aus.republican1,2212,NA,FALSE,NA,NA,NA,NA,NA,NA
aus.republican1,2213,NA,FALSE,NA,NA,NA,NA,NA,NA
aus.republican1,2214,NA,FALSE,NA,NA,NA,NA,NA,NA
aus.republican1,2215,NA,FALSE,NA,NA,NA,NA,NA,NA
aus.republican1,2216,NA,FALSE,NA,NA,NA,NA,NA,NA
aus.republican1,2217,NA,FALSE,NA,NA,NA,NA,NA,NA
aus.republican1,2218,NA,FALSE,NA,NA,NA,NA,NA,NA
aus.republican1,2219,NA,FALSE,NA,NA,NA,NA,NA,NA
aus.republican1,2220,NA,FALSE,NA,NA,NA,NA,NA,NA
aus.republican1,2221,NA,FALSE,NA,NA,NA,NA,NA,NA
aus.republican1,2222,NA,FALSE,NA,NA,NA,NA,NA,NA
aus.republican1,2223,NA,FALSE,NA,NA,NA,NA,NA,NA
aus.republican1,2224,NA,FALSE,NA,NA,NA,NA,NA,NA
aus.republican1,2225,NA,FALSE,NA,NA,NA,NA,NA,NA
aus.republican1,2226,NA,FALSE,NA,NA,NA,NA,NA,NA
aus.republican1,2227,NA,FALSE,NA,NA,NA,NA,NA,NA
aus.republican1,2228,NA,FALSE,NA,NA,NA,NA,NA,NA
aus.republican1,2229,NA,FALSE,NA,NA,NA,NA,NA,NA
aus.republican1,2230,NA,FALSE,NA,NA,NA,NA,NA,NA
aus.republican1,2231,NA,FALSE,NA,NA,NA,NA,NA,NA
aus.republican1,2232,NA,FALSE,NA,NA,NA,NA,NA,NA
aus.republican1,2233,NA,FALSE,NA,NA,NA,NA,NA,NA
aus.republican1,2234,NA,FALSE,NA,NA,NA,NA,NA,NA
aus.republican1,2235,NA,FALSE,NA,NA,NA,NA,NA,NA
aus.republican1,2236,NA,FALSE,NA,NA,NA,NA,NA,NA
aus.republican1,2237,NA,FALSE,NA,NA,NA,NA,NA,NA
aus.republican1,2238,NA,FALSE,NA,NA,NA,NA,NA,NA
aus.republican1,2239,NA,FALSE,NA,NA,NA,NA,NA,NA
aus.republican1,2240,NA,FALSE,NA,NA,NA,NA,NA,NA
aus.republican1,2241,NA,FALSE,NA,NA,NA,NA,NA,NA
aus.republican1,2242,NA,FALSE,NA,NA,NA,NA,NA,NA
aus.republican1,2243,NA,FALSE,NA,NA,NA,NA,NA,NA
aus.republican1,2244,NA,FALSE,NA,NA,NA,NA,NA,NA
aus.republican1,2245,NA,FALSE,NA,NA,NA,NA,NA,NA
aus.republican1,2246,NA,FALSE,NA,NA,NA,NA,NA,NA
aus.republican1,2247,NA,FALSE,NA,NA,NA,NA,NA,NA
aus.republican1,2248,NA,FALSE,NA,NA,NA,NA,NA,NA
aus.republican1,2249,NA,FALSE,NA,NA,NA,NA,NA,NA
aus.republican1,2250,NA,FALSE,NA,NA,NA,NA,NA,NA
aus.republican1,2251,NA,FALSE,NA,NA,NA,NA,NA,NA
aus.republican1,2252,NA,FALSE,NA,NA,NA,NA,NA,NA
aus.republican1,2253,NA,FALSE,NA,NA,NA,NA,NA,NA
aus.republican1,2254,NA,FALSE,NA,NA,NA,NA,NA,NA
aus.republican1,2255,NA,FALSE,NA,NA,NA,NA,NA,NA
aus.republican1,2256,NA,FALSE,NA,NA,NA,NA,NA,NA
aus.republican1,2257,NA,FALSE,NA,NA,NA,NA,NA,NA
aus.republican1,2258,NA,FALSE,NA,NA,NA,NA,NA,NA
aus.republican1,2259,NA,FALSE,NA,NA,NA,NA,NA,NA
aus.republican1,2260,NA,FALSE,NA,NA,NA,NA,NA,NA
aus.republican1,2261,NA,FALSE,NA,NA,NA,NA,NA,NA
aus.republican1,2262,NA,FALSE,NA,NA,NA,NA,NA,NA
aus.republican1,2263,NA,FALSE,NA,NA,NA,NA,NA,NA
aus.republican1,2264,NA,FALSE,NA,NA,NA,NA,NA,NA
aus.republican1,2265,NA,FALSE,NA,NA,NA,NA,NA,NA
aus.republican1,2266,NA,FALSE,NA,NA,NA,NA,NA,NA
aus.republican1,2267,NA,FALSE,NA,NA,NA,NA,NA,NA
aus.republican1,2268,NA,FALSE,NA,NA,NA,NA,NA,NA
aus.republican1,2269,NA,FALSE,NA,NA,NA,NA,NA,NA
aus.republican1,2270,NA,FALSE,NA,NA,NA,NA,NA,NA
aus.republican1,2271,NA,FALSE,NA,NA,NA,NA,NA,NA
aus.republican1,2272,NA,FALSE,NA,NA,NA,NA,NA,NA
aus.republican1,2273,NA,FALSE,NA,NA,NA,NA,NA,NA
aus.republican1,2274,NA,FALSE,NA,NA,NA,NA,NA,NA
aus.republican1,2275,NA,FALSE,NA,NA,NA,NA,NA,NA
aus.republican1,2276,NA,FALSE,NA,NA,NA,NA,NA,NA
aus.republican1,2277,NA,FALSE,NA,NA,NA,NA,NA,NA
aus.republican1,2278,NA,FALSE,NA,NA,NA,NA,NA,NA
aus.republican1,2279,NA,FALSE,NA,NA,NA,NA,NA,NA
aus.republican1,2280,NA,FALSE,NA,NA,NA,NA,NA,NA
aus.republican1,2281,NA,FALSE,NA,NA,NA,NA,NA,NA
aus.republican1,2282,NA,FALSE,NA,NA,NA,NA,NA,NA
aus.republican1,2283,NA,FALSE,NA,NA,NA,NA,NA,NA
aus.republican1,2284,NA,FALSE,NA,NA,NA,NA,NA,NA
aus.republican1,2285,NA,FALSE,NA,NA,NA,NA,NA,NA
aus.republican1,2286,NA,FALSE,NA,NA,NA,NA,NA,NA
aus.republican1,2287,NA,FALSE,NA,NA,NA,NA,NA,NA
aus.republican1,2288,NA,FALSE,NA,NA,NA,NA,NA,NA
aus.republican1,2289,NA,FALSE,NA,NA,NA,NA,NA,NA
aus.republican1,2290,NA,FALSE,NA,NA,NA,NA,NA,NA
aus.republican1,2291,NA,FALSE,NA,NA,NA,NA,NA,NA
aus.republican1,2292,NA,FALSE,NA,NA,NA,NA,NA,NA
aus.republican1,2293,NA,FALSE,NA,NA,NA,NA,NA,NA
aus.republican1,2294,NA,FALSE,NA,NA,NA,NA,NA,NA
aus.republican1,2295,NA,FALSE,NA,NA,NA,NA,NA,NA
aus.republican1,2296,NA,FALSE,NA,NA,NA,NA,NA,NA
aus.republican1,2297,NA,FALSE,NA,NA,NA,NA,NA,NA
aus.republican1,2298,NA,FALSE,NA,NA,NA,NA,NA,NA
aus.republican1,2299,NA,FALSE,NA,NA,NA,NA,NA,NA
aus.republican1,2300,NA,FALSE,NA,NA,NA,NA,NA,NA
aus.republican1,2301,NA,FALSE,NA,NA,NA,NA,NA,NA
aus.republican1,2302,NA,FALSE,NA,NA,NA,NA,NA,NA
aus.republican1,2303,NA,FALSE,NA,NA,NA,NA,NA,NA
aus.republican1,2304,NA,FALSE,NA,NA,NA,NA,NA,NA
aus.republican1,2305,NA,FALSE,NA,NA,NA,NA,NA,NA
aus.republican1,2306,NA,FALSE,NA,NA,NA,NA,NA,NA
aus.republican1,2307,NA,FALSE,NA,NA,NA,NA,NA,NA
aus.republican1,2308,NA,FALSE,NA,NA,NA,NA,NA,NA
aus.republican1,2309,NA,FALSE,NA,NA,NA,NA,NA,NA
aus.republican1,2310,NA,FALSE,NA,NA,NA,NA,NA,NA
aus.republican1,2311,NA,FALSE,NA,NA,NA,NA,NA,NA
aus.republican1,2312,NA,FALSE,NA,NA,NA,NA,NA,NA
aus.republican1,2313,NA,FALSE,NA,NA,NA,NA,NA,NA
aus.republican1,2314,NA,FALSE,NA,NA,NA,NA,NA,NA
aus.republican1,2315,NA,FALSE,NA,NA,NA,NA,NA,NA
aus.republican1,2316,NA,FALSE,NA,NA,NA,NA,NA,NA
aus.republican1,2317,NA,FALSE,NA,NA,NA,NA,NA,NA
aus.republican1,2318,NA,FALSE,NA,NA,NA,NA,NA,NA
aus.republican1,2319,NA,FALSE,NA,NA,NA,NA,NA,NA
aus.republican1,2320,NA,FALSE,NA,NA,NA,NA,NA,NA
aus.republican1,2321,NA,FALSE,NA,NA,NA,NA,NA,NA
aus.republican1,2322,NA,FALSE,NA,NA,NA,NA,NA,NA
aus.republican1,2323,NA,FALSE,NA,NA,NA,NA,NA,NA
aus.republican1,2324,NA,FALSE,NA,NA,NA,NA,NA,NA
aus.republican1,2325,NA,FALSE,NA,NA,NA,NA,NA,NA
aus.republican1,2326,NA,FALSE,NA,NA,NA,NA,NA,NA
aus.republican1,2327,NA,FALSE,NA,NA,NA,NA,NA,NA
aus.republican1,2328,NA,FALSE,NA,NA,NA,NA,NA,NA
aus.republican1,2329,NA,FALSE,NA,NA,NA,NA,NA,NA
aus.republican1,2330,NA,FALSE,NA,NA,NA,NA,NA,NA
aus.republican1,2331,NA,FALSE,NA,NA,NA,NA,NA,NA
aus.republican1,2332,NA,FALSE,NA,NA,NA,NA,NA,NA
aus.republican1,2333,NA,FALSE,NA,NA,NA,NA,NA,NA
aus.republican1,2334,NA,FALSE,NA,NA,NA,NA,NA,NA
aus.republican1,2335,NA,FALSE,NA,NA,NA,NA,NA,NA
aus.republican1,2336,NA,FALSE,NA,NA,NA,NA,NA,NA
aus.republican1,2337,NA,FALSE,NA,NA,NA,NA,NA,NA
aus.republican1,2338,NA,FALSE,NA,NA,NA,NA,NA,NA
aus.republican1,2339,NA,FALSE,NA,NA,NA,NA,NA,NA
aus.republican1,2340,NA,FALSE,NA,NA,NA,NA,NA,NA
aus.republican1,2341,NA,FALSE,NA,NA,NA,NA,NA,NA
aus.republican1,2342,NA,FALSE,NA,NA,NA,NA,NA,NA
aus.republican1,2343,NA,FALSE,NA,NA,NA,NA,NA,NA
aus.republican1,2344,NA,FALSE,NA,NA,NA,NA,NA,NA
aus.republican1,2345,NA,FALSE,NA,NA,NA,NA,NA,NA
aus.republican1,2346,NA,FALSE,NA,NA,NA,NA,NA,NA
aus.republican1,2347,NA,FALSE,NA,NA,NA,NA,NA,NA
aus.republican1,2348,NA,FALSE,NA,NA,NA,NA,NA,NA
aus.republican1,2349,NA,FALSE,NA,NA,NA,NA,NA,NA
aus.republican1,2350,NA,FALSE,NA,NA,NA,NA,NA,NA
aus.republican1,2351,NA,FALSE,NA,NA,NA,NA,NA,NA
aus.republican1,2352,NA,FALSE,NA,NA,NA,NA,NA,NA
aus.republican1,2353,NA,FALSE,NA,NA,NA,NA,NA,NA
aus.republican1,2354,NA,FALSE,NA,NA,NA,NA,NA,NA
aus.republican1,2355,NA,FALSE,NA,NA,NA,NA,NA,NA
aus.republican1,2356,NA,FALSE,NA,NA,NA,NA,NA,NA
aus.republican1,2357,NA,FALSE,NA,NA,NA,NA,NA,NA
aus.republican1,2358,NA,FALSE,NA,NA,NA,NA,NA,NA
aus.republican1,2359,NA,FALSE,NA,NA,NA,NA,NA,NA
aus.republican1,2360,NA,FALSE,NA,NA,NA,NA,NA,NA
aus.republican1,2361,NA,FALSE,NA,NA,NA,NA,NA,NA
aus.republican1,2362,NA,FALSE,NA,NA,NA,NA,NA,NA
aus.republican1,2363,NA,FALSE,NA,NA,NA,NA,NA,NA
aus.republican1,2364,NA,FALSE,NA,NA,NA,NA,NA,NA
aus.republican1,2365,NA,FALSE,NA,NA,NA,NA,NA,NA
aus.republican1,2366,NA,FALSE,NA,NA,NA,NA,NA,NA
aus.republican1,2367,NA,FALSE,NA,NA,NA,NA,NA,NA
aus.republican1,2368,NA,FALSE,NA,NA,NA,NA,NA,NA
aus.republican1,2369,NA,FALSE,NA,NA,NA,NA,NA,NA
aus.republican1,2370,NA,FALSE,NA,NA,NA,NA,NA,NA
aus.republican1,2371,NA,FALSE,NA,NA,NA,NA,NA,NA
aus.republican1,2372,NA,FALSE,NA,NA,NA,NA,NA,NA
aus.republican1,2373,NA,FALSE,NA,NA,NA,NA,NA,NA
aus.republican1,2374,NA,FALSE,NA,NA,NA,NA,NA,NA
aus.republican1,2375,NA,FALSE,NA,NA,NA,NA,NA,NA
aus.republican1,2376,NA,FALSE,NA,NA,NA,NA,NA,NA
aus.republican1,2377,NA,FALSE,NA,NA,NA,NA,NA,NA
aus.republican1,2378,NA,FALSE,NA,NA,NA,NA,NA,NA
aus.republican1,2379,NA,FALSE,NA,NA,NA,NA,NA,NA
aus.republican1,2380,NA,FALSE,NA,NA,NA,NA,NA,NA
aus.republican1,2381,NA,FALSE,NA,NA,NA,NA,NA,NA
aus.republican1,2382,NA,FALSE,NA,NA,NA,NA,NA,NA
aus.republican1,2383,NA,FALSE,NA,NA,NA,NA,NA,NA
aus.republican1,2384,NA,FALSE,NA,NA,NA,NA,NA,NA
aus.republican1,2385,NA,FALSE,NA,NA,NA,NA,NA,NA
aus.republican1,2386,NA,FALSE,NA,NA,NA,NA,NA,NA
aus.republican1,2387,NA,FALSE,NA,NA,NA,NA,NA,NA
aus.republican1,2388,NA,FALSE,NA,NA,NA,NA,NA,NA
aus.republican1,2389,NA,FALSE,NA,NA,NA,NA,NA,NA
aus.republican1,2390,NA,FALSE,NA,NA,NA,NA,NA,NA
aus.republican1,2391,NA,FALSE,NA,NA,NA,NA,NA,NA
aus.republican1,2392,NA,FALSE,NA,NA,NA,NA,NA,NA
aus.republican1,2393,NA,FALSE,NA,NA,NA,NA,NA,NA
aus.republican1,2394,NA,FALSE,NA,NA,NA,NA,NA,NA
aus.republican1,2395,NA,FALSE,NA,NA,NA,NA,NA,NA
aus.republican1,2396,NA,FALSE,NA,NA,NA,NA,NA,NA
aus.republican1,2397,NA,FALSE,NA,NA,NA,NA,NA,NA
aus.republican1,2398,NA,FALSE,NA,NA,NA,NA,NA,NA
aus.republican1,2399,NA,FALSE,NA,NA,NA,NA,NA,NA
aus.republican1,2400,NA,FALSE,NA,NA,NA,NA,NA,NA
aus.republican1,2401,NA,FALSE,NA,NA,NA,NA,NA,NA
aus.republican1,2402,NA,FALSE,NA,NA,NA,NA,NA,NA
aus.republican1,2403,NA,FALSE,NA,NA,NA,NA,NA,NA
aus.republican1,2404,NA,FALSE,NA,NA,NA,NA,NA,NA
aus.republican1,2405,NA,FALSE,NA,NA,NA,NA,NA,NA
aus.republican1,2406,NA,FALSE,NA,NA,NA,NA,NA,NA
aus.republican1,2407,NA,FALSE,NA,NA,NA,NA,NA,NA
aus.republican1,2408,NA,FALSE,NA,NA,NA,NA,NA,NA
aus.republican1,2409,NA,FALSE,NA,NA,NA,NA,NA,NA
aus.republican1,2410,NA,FALSE,NA,NA,NA,NA,NA,NA
aus.republican1,2411,NA,FALSE,NA,NA,NA,NA,NA,NA
aus.republican1,2412,NA,FALSE,NA,NA,NA,NA,NA,NA
aus.republican1,2413,NA,FALSE,NA,NA,NA,NA,NA,NA
aus.republican1,2414,NA,FALSE,NA,NA,NA,NA,NA,NA
aus.republican1,2415,NA,FALSE,NA,NA,NA,NA,NA,NA
aus.republican1,2416,NA,FALSE,NA,NA,NA,NA,NA,NA
aus.republican1,2417,NA,FALSE,NA,NA,NA,NA,NA,NA
aus.republican1,2418,NA,FALSE,NA,NA,NA,NA,NA,NA
aus.republican1,2419,NA,FALSE,NA,NA,NA,NA,NA,NA
aus.republican1,2420,NA,FALSE,NA,NA,NA,NA,NA,NA
aus.republican1,2421,NA,FALSE,NA,NA,NA,NA,NA,NA
aus.republican1,2422,NA,FALSE,NA,NA,NA,NA,NA,NA
aus.republican1,2423,NA,FALSE,NA,NA,NA,NA,NA,NA
aus.republican1,2424,NA,FALSE,NA,NA,NA,NA,NA,NA
aus.republican1,2425,NA,FALSE,NA,NA,NA,NA,NA,NA
aus.republican1,2426,NA,FALSE,NA,NA,NA,NA,NA,NA
aus.republican1,2427,NA,FALSE,NA,NA,NA,NA,NA,NA
aus.republican1,2428,NA,FALSE,NA,NA,NA,NA,NA,NA
aus.republican1,2429,NA,FALSE,NA,NA,NA,NA,NA,NA
aus.republican1,2430,NA,FALSE,NA,NA,NA,NA,NA,NA
aus.republican1,2431,NA,FALSE,NA,NA,NA,NA,NA,NA
aus.republican1,2432,NA,FALSE,NA,NA,NA,NA,NA,NA
aus.republican1,2433,NA,FALSE,NA,NA,NA,NA,NA,NA
aus.republican1,2434,NA,FALSE,NA,NA,NA,NA,NA,NA
aus.republican1,2435,NA,FALSE,NA,NA,NA,NA,NA,NA
aus.republican1,2436,NA,FALSE,NA,NA,NA,NA,NA,NA
aus.republican1,2437,NA,FALSE,NA,NA,NA,NA,NA,NA
aus.republican1,2438,NA,FALSE,NA,NA,NA,NA,NA,NA
aus.republican1,2439,NA,FALSE,NA,NA,NA,NA,NA,NA
aus.republican1,2440,NA,FALSE,NA,NA,NA,NA,NA,NA
aus.republican1,2441,NA,FALSE,NA,NA,NA,NA,NA,NA
aus.republican1,2442,NA,FALSE,NA,NA,NA,NA,NA,NA
aus.republican1,2443,NA,FALSE,NA,NA,NA,NA,NA,NA
aus.republican1,2444,NA,FALSE,NA,NA,NA,NA,NA,NA
aus.republican1,2445,NA,FALSE,NA,NA,NA,NA,NA,NA
aus.republican1,2446,NA,FALSE,NA,NA,NA,NA,NA,NA
aus.republican1,2447,NA,FALSE,NA,NA,NA,NA,NA,NA
aus.republican1,2448,NA,FALSE,NA,NA,NA,NA,NA,NA
aus.republican1,2449,NA,FALSE,NA,NA,NA,NA,NA,NA
aus.republican1,2450,NA,FALSE,NA,NA,NA,NA,NA,NA
aus.republican1,2451,NA,FALSE,NA,NA,NA,NA,NA,NA
aus.republican1,2452,NA,FALSE,NA,NA,NA,NA,NA,NA
aus.republican1,2453,NA,FALSE,NA,NA,NA,NA,NA,NA
aus.republican1,2454,NA,FALSE,NA,NA,NA,NA,NA,NA
aus.republican1,2455,NA,FALSE,NA,NA,NA,NA,NA,NA
aus.republican1,2456,NA,FALSE,NA,NA,NA,NA,NA,NA
aus.republican1,2457,NA,FALSE,NA,NA,NA,NA,NA,NA
aus.republican1,2458,NA,FALSE,NA,NA,NA,NA,NA,NA
aus.republican1,2459,NA,FALSE,NA,NA,NA,NA,NA,NA
aus.republican1,2460,NA,FALSE,NA,NA,NA,NA,NA,NA
aus.republican1,2461,NA,FALSE,NA,NA,NA,NA,NA,NA
aus.republican1,2462,NA,FALSE,NA,NA,NA,NA,NA,NA
aus.republican1,2463,NA,FALSE,NA,NA,NA,NA,NA,NA
aus.republican1,2464,NA,FALSE,NA,NA,NA,NA,NA,NA
aus.republican1,2465,NA,FALSE,NA,NA,NA,NA,NA,NA
aus.republican1,2466,NA,FALSE,NA,NA,NA,NA,NA,NA
aus.republican1,2467,NA,FALSE,NA,NA,NA,NA,NA,NA
aus.republican1,2468,NA,FALSE,NA,NA,NA,NA,NA,NA
aus.republican1,2469,NA,FALSE,NA,NA,NA,NA,NA,NA
aus.republican1,2470,NA,FALSE,NA,NA,NA,NA,NA,NA
aus.republican1,2471,NA,FALSE,NA,NA,NA,NA,NA,NA
aus.republican1,2472,NA,FALSE,NA,NA,NA,NA,NA,NA
aus.republican1,2473,NA,FALSE,NA,NA,NA,NA,NA,NA
aus.republican1,2474,NA,FALSE,NA,NA,NA,NA,NA,NA
aus.republican1,2475,NA,FALSE,NA,NA,NA,NA,NA,NA
aus.republican1,2476,NA,FALSE,NA,NA,NA,NA,NA,NA
aus.republican1,2477,NA,FALSE,NA,NA,NA,NA,NA,NA
aus.republican1,2478,NA,FALSE,NA,NA,NA,NA,NA,NA
aus.republican1,2479,NA,FALSE,NA,NA,NA,NA,NA,NA
aus.republican1,2480,NA,FALSE,NA,NA,NA,NA,NA,NA
aus.republican1,2481,NA,FALSE,NA,NA,NA,NA,NA,NA
aus.republican1,2482,NA,FALSE,NA,NA,NA,NA,NA,NA
aus.republican1,2483,NA,FALSE,NA,NA,NA,NA,NA,NA
aus.republican1,2484,NA,FALSE,NA,NA,NA,NA,NA,NA
aus.republican1,2485,NA,FALSE,NA,NA,NA,NA,NA,NA
aus.republican1,2486,NA,FALSE,NA,NA,NA,NA,NA,NA
aus.republican1,2487,NA,FALSE,NA,NA,NA,NA,NA,NA
aus.republican1,2488,NA,FALSE,NA,NA,NA,NA,NA,NA
aus.republican1,2489,NA,FALSE,NA,NA,NA,NA,NA,NA
aus.republican1,2490,NA,FALSE,NA,NA,NA,NA,NA,NA
aus.republican1,2491,NA,FALSE,NA,NA,NA,NA,NA,NA
aus.republican1,2492,NA,FALSE,NA,NA,NA,NA,NA,NA
aus.republican1,2493,NA,FALSE,NA,NA,NA,NA,NA,NA
aus.republican1,2494,NA,FALSE,NA,NA,NA,NA,NA,NA
aus.republican1,2495,NA,FALSE,NA,NA,NA,NA,NA,NA
aus.republican1,2496,NA,FALSE,NA,NA,NA,NA,NA,NA
aus.republican1,2497,NA,FALSE,NA,NA,NA,NA,NA,NA
aus.republican1,2498,NA,FALSE,NA,NA,NA,NA,NA,NA
aus.republican1,2499,NA,FALSE,NA,NA,NA,NA,NA,NA
aus.republican1,2500,NA,FALSE,NA,NA,NA,NA,NA,NA
aus.republican1,2501,NA,FALSE,NA,NA,NA,NA,NA,NA
aus.republican1,2502,NA,FALSE,NA,NA,NA,NA,NA,NA
aus.republican1,2503,NA,FALSE,NA,NA,NA,NA,NA,NA
aus.republican1,2504,NA,FALSE,NA,NA,NA,NA,NA,NA
aus.republican1,2505,NA,FALSE,NA,NA,NA,NA,NA,NA
aus.republican1,2506,NA,FALSE,NA,NA,NA,NA,NA,NA
aus.republican1,2507,NA,FALSE,NA,NA,NA,NA,NA,NA
aus.republican1,2508,NA,FALSE,NA,NA,NA,NA,NA,NA
aus.republican1,2509,NA,FALSE,NA,NA,NA,NA,NA,NA
aus.republican1,2510,NA,FALSE,NA,NA,NA,NA,NA,NA
aus.republican1,2511,NA,FALSE,NA,NA,NA,NA,NA,NA
aus.republican1,2512,NA,FALSE,NA,NA,NA,NA,NA,NA
aus.republican1,2513,NA,FALSE,NA,NA,NA,NA,NA,NA
aus.republican1,2514,NA,FALSE,NA,NA,NA,NA,NA,NA
aus.republican1,2515,NA,FALSE,NA,NA,NA,NA,NA,NA
aus.republican1,2516,NA,FALSE,NA,NA,NA,NA,NA,NA
aus.republican1,2517,NA,FALSE,NA,NA,NA,NA,NA,NA
aus.republican1,2518,NA,FALSE,NA,NA,NA,NA,NA,NA
aus.republican1,2519,NA,FALSE,NA,NA,NA,NA,NA,NA
aus.republican1,2520,NA,FALSE,NA,NA,NA,NA,NA,NA
aus.republican1,2521,NA,FALSE,NA,NA,NA,NA,NA,NA
aus.republican1,2522,NA,FALSE,NA,NA,NA,NA,NA,NA
aus.republican1,2523,NA,FALSE,NA,NA,NA,NA,NA,NA
aus.republican1,2524,NA,FALSE,NA,NA,NA,NA,NA,NA
aus.republican1,2525,NA,FALSE,NA,NA,NA,NA,NA,NA
aus.republican1,2526,NA,FALSE,NA,NA,NA,NA,NA,NA
aus.republican1,2527,NA,FALSE,NA,NA,NA,NA,NA,NA
aus.republican1,2528,NA,FALSE,NA,NA,NA,NA,NA,NA
aus.republican1,2529,NA,FALSE,NA,NA,NA,NA,NA,NA
aus.republican1,2530,NA,FALSE,NA,NA,NA,NA,NA,NA
aus.republican1,2531,NA,FALSE,NA,NA,NA,NA,NA,NA
aus.republican1,2532,NA,FALSE,NA,NA,NA,NA,NA,NA
aus.republican1,2533,NA,FALSE,NA,NA,NA,NA,NA,NA
aus.republican1,2534,NA,FALSE,NA,NA,NA,NA,NA,NA
aus.republican1,2535,NA,FALSE,NA,NA,NA,NA,NA,NA
aus.republican1,2536,NA,FALSE,NA,NA,NA,NA,NA,NA
aus.republican1,2537,NA,FALSE,NA,NA,NA,NA,NA,NA
aus.republican1,2538,NA,FALSE,NA,NA,NA,NA,NA,NA
aus.republican1,2539,NA,FALSE,NA,NA,NA,NA,NA,NA
aus.republican1,2540,NA,FALSE,NA,NA,NA,NA,NA,NA
aus.republican1,2541,NA,FALSE,NA,NA,NA,NA,NA,NA
aus.republican1,2542,NA,FALSE,NA,NA,NA,NA,NA,NA
aus.republican1,2543,NA,FALSE,NA,NA,NA,NA,NA,NA
aus.republican1,2544,NA,FALSE,NA,NA,NA,NA,NA,NA
aus.republican1,2545,NA,FALSE,NA,NA,NA,NA,NA,NA
aus.republican1,2546,NA,FALSE,NA,NA,NA,NA,NA,NA
aus.republican1,2547,NA,FALSE,NA,NA,NA,NA,NA,NA
aus.republican1,2548,NA,FALSE,NA,NA,NA,NA,NA,NA
aus.republican1,2549,NA,FALSE,NA,NA,NA,NA,NA,NA
aus.republican1,2550,NA,FALSE,NA,NA,NA,NA,NA,NA
aus.republican1,2551,NA,FALSE,NA,NA,NA,NA,NA,NA
aus.republican1,2552,NA,FALSE,NA,NA,NA,NA,NA,NA
aus.republican1,2553,NA,FALSE,NA,NA,NA,NA,NA,NA
aus.republican1,2554,NA,FALSE,NA,NA,NA,NA,NA,NA
aus.republican1,2555,NA,FALSE,NA,NA,NA,NA,NA,NA
aus.republican1,2556,NA,FALSE,NA,NA,NA,NA,NA,NA
aus.republican1,2557,NA,FALSE,NA,NA,NA,NA,NA,NA
aus.republican1,2558,NA,FALSE,NA,NA,NA,NA,NA,NA
aus.republican1,2559,NA,FALSE,NA,NA,NA,NA,NA,NA
aus.republican1,2560,NA,FALSE,NA,NA,NA,NA,NA,NA
aus.republican1,2561,NA,FALSE,NA,NA,NA,NA,NA,NA
aus.republican1,2562,NA,FALSE,NA,NA,NA,NA,NA,NA
aus.republican1,2563,NA,FALSE,NA,NA,NA,NA,NA,NA
aus.republican1,2564,NA,FALSE,NA,NA,NA,NA,NA,NA
aus.republican1,2565,NA,FALSE,NA,NA,NA,NA,NA,NA
aus.republican1,2566,NA,FALSE,NA,NA,NA,NA,NA,NA
aus.republican1,2567,NA,FALSE,NA,NA,NA,NA,NA,NA
aus.republican1,2568,NA,FALSE,NA,NA,NA,NA,NA,NA
aus.republican1,2569,NA,FALSE,NA,NA,NA,NA,NA,NA
aus.republican1,2570,NA,FALSE,NA,NA,NA,NA,NA,NA
aus.republican1,2571,NA,FALSE,NA,NA,NA,NA,NA,NA
aus.republican1,2572,NA,FALSE,NA,NA,NA,NA,NA,NA
aus.republican1,2573,NA,FALSE,NA,NA,NA,NA,NA,NA
aus.republican1,2574,NA,FALSE,NA,NA,NA,NA,NA,NA
aus.republican1,2575,NA,FALSE,NA,NA,NA,NA,NA,NA
aus.republican1,2576,NA,FALSE,NA,NA,NA,NA,NA,NA
aus.republican1,2577,NA,FALSE,NA,NA,NA,NA,NA,NA
aus.republican1,2578,NA,FALSE,NA,NA,NA,NA,NA,NA
aus.republican1,2579,NA,FALSE,NA,NA,NA,NA,NA,NA
aus.republican1,2580,NA,FALSE,NA,NA,NA,NA,NA,NA
aus.republican1,2581,NA,FALSE,NA,NA,NA,NA,NA,NA
aus.republican1,2582,NA,FALSE,NA,NA,NA,NA,NA,NA
aus.republican1,2583,NA,FALSE,NA,NA,NA,NA,NA,NA
aus.republican1,2584,NA,FALSE,NA,NA,NA,NA,NA,NA
aus.republican1,2585,NA,FALSE,NA,NA,NA,NA,NA,NA
aus.republican1,2586,NA,FALSE,NA,NA,NA,NA,NA,NA
aus.republican1,2587,NA,FALSE,NA,NA,NA,NA,NA,NA
aus.republican1,2588,NA,FALSE,NA,NA,NA,NA,NA,NA
aus.republican1,2589,NA,FALSE,NA,NA,NA,NA,NA,NA
aus.republican1,2590,NA,FALSE,NA,NA,NA,NA,NA,NA
aus.republican1,2591,NA,FALSE,NA,NA,NA,NA,NA,NA
aus.republican1,2592,NA,FALSE,NA,NA,NA,NA,NA,NA
aus.republican1,2593,NA,FALSE,NA,NA,NA,NA,NA,NA
aus.republican1,2594,NA,FALSE,NA,NA,NA,NA,NA,NA
aus.republican1,2595,NA,FALSE,NA,NA,NA,NA,NA,NA
aus.republican1,2596,NA,FALSE,NA,NA,NA,NA,NA,NA
aus.republican1,2597,NA,FALSE,NA,NA,NA,NA,NA,NA
aus.republican1,2598,NA,FALSE,NA,NA,NA,NA,NA,NA
aus.republican1,2599,NA,FALSE,NA,NA,NA,NA,NA,NA
aus.republican1,2600,NA,FALSE,NA,NA,NA,NA,NA,NA
aus.republican1,2601,NA,FALSE,NA,NA,NA,NA,NA,NA
aus.republican1,2602,NA,FALSE,NA,NA,NA,NA,NA,NA
aus.republican1,2603,NA,FALSE,NA,NA,NA,NA,NA,NA
aus.republican1,2604,NA,FALSE,NA,NA,NA,NA,NA,NA
aus.republican1,2605,NA,FALSE,NA,NA,NA,NA,NA,NA
aus.republican1,2606,NA,FALSE,NA,NA,NA,NA,NA,NA
aus.republican1,2607,NA,FALSE,NA,NA,NA,NA,NA,NA
aus.republican1,2608,NA,FALSE,NA,NA,NA,NA,NA,NA
aus.republican1,2609,NA,FALSE,NA,NA,NA,NA,NA,NA
aus.republican1,2610,NA,FALSE,NA,NA,NA,NA,NA,NA
aus.republican1,2611,NA,FALSE,NA,NA,NA,NA,NA,NA
aus.republican1,2612,NA,FALSE,NA,NA,NA,NA,NA,NA
aus.republican1,2613,NA,FALSE,NA,NA,NA,NA,NA,NA
aus.republican1,2614,NA,FALSE,NA,NA,NA,NA,NA,NA
aus.republican1,2615,NA,FALSE,NA,NA,NA,NA,NA,NA
aus.republican1,2616,NA,FALSE,NA,NA,NA,NA,NA,NA
aus.republican1,2617,NA,FALSE,NA,NA,NA,NA,NA,NA
aus.republican1,2618,NA,FALSE,NA,NA,NA,NA,NA,NA
aus.republican1,2619,NA,FALSE,NA,NA,NA,NA,NA,NA
aus.republican1,2620,NA,FALSE,NA,NA,NA,NA,NA,NA
aus.republican1,2621,NA,FALSE,NA,NA,NA,NA,NA,NA
aus.republican1,2622,NA,FALSE,NA,NA,NA,NA,NA,NA
aus.republican1,2623,NA,FALSE,NA,NA,NA,NA,NA,NA
aus.republican1,2624,NA,FALSE,NA,NA,NA,NA,NA,NA
aus.republican1,2625,NA,FALSE,NA,NA,NA,NA,NA,NA
aus.republican1,2626,NA,FALSE,NA,NA,NA,NA,NA,NA
aus.republican1,2627,NA,FALSE,NA,NA,NA,NA,NA,NA
aus.republican1,2628,NA,FALSE,NA,NA,NA,NA,NA,NA
aus.republican1,2629,NA,FALSE,NA,NA,NA,NA,NA,NA
aus.republican1,2630,NA,FALSE,NA,NA,NA,NA,NA,NA
aus.republican1,2631,NA,FALSE,NA,NA,NA,NA,NA,NA
aus.republican1,2632,NA,FALSE,NA,NA,NA,NA,NA,NA
aus.republican1,2633,NA,FALSE,NA,NA,NA,NA,NA,NA
aus.republican1,2634,NA,FALSE,NA,NA,NA,NA,NA,NA
aus.republican1,2635,NA,FALSE,NA,NA,NA,NA,NA,NA
aus.republican1,2636,NA,FALSE,NA,NA,NA,NA,NA,NA
aus.republican1,2637,NA,FALSE,NA,NA,NA,NA,NA,NA
aus.republican1,2638,NA,FALSE,NA,NA,NA,NA,NA,NA
aus.republican1,2639,NA,FALSE,NA,NA,NA,NA,NA,NA
aus.republican1,2640,NA,FALSE,NA,NA,NA,NA,NA,NA
aus.republican1,2641,NA,FALSE,NA,NA,NA,NA,NA,NA
aus.republican1,2642,NA,FALSE,NA,NA,NA,NA,NA,NA
aus.republican1,2643,NA,FALSE,NA,NA,NA,NA,NA,NA
aus.republican1,2644,NA,FALSE,NA,NA,NA,NA,NA,NA
aus.republican1,2645,NA,FALSE,NA,NA,NA,NA,NA,NA
aus.republican1,2646,NA,FALSE,NA,NA,NA,NA,NA,NA
aus.republican1,2647,NA,FALSE,NA,NA,NA,NA,NA,NA
aus.republican1,2648,NA,FALSE,NA,NA,NA,NA,NA,NA
aus.republican1,2649,NA,FALSE,NA,NA,NA,NA,NA,NA
aus.republican1,2650,NA,FALSE,NA,NA,NA,NA,NA,NA
aus.republican1,2651,NA,FALSE,NA,NA,NA,NA,NA,NA
aus.republican1,2652,NA,FALSE,NA,NA,NA,NA,NA,NA
aus.republican1,2653,NA,FALSE,NA,NA,NA,NA,NA,NA
aus.republican1,2654,NA,FALSE,NA,NA,NA,NA,NA,NA
aus.republican1,2655,NA,FALSE,NA,NA,NA,NA,NA,NA
aus.republican1,2656,NA,FALSE,NA,NA,NA,NA,NA,NA
aus.republican1,2657,NA,FALSE,NA,NA,NA,NA,NA,NA
aus.republican1,2658,NA,FALSE,NA,NA,NA,NA,NA,NA
aus.republican1,2659,NA,FALSE,NA,NA,NA,NA,NA,NA
aus.republican1,2660,NA,FALSE,NA,NA,NA,NA,NA,NA
aus.republican1,2661,NA,FALSE,NA,NA,NA,NA,NA,NA
aus.republican1,2662,NA,FALSE,NA,NA,NA,NA,NA,NA
aus.republican1,2663,NA,FALSE,NA,NA,NA,NA,NA,NA
aus.republican1,2664,NA,FALSE,NA,NA,NA,NA,NA,NA
aus.republican1,2665,NA,FALSE,NA,NA,NA,NA,NA,NA
aus.republican1,2666,NA,FALSE,NA,NA,NA,NA,NA,NA
aus.republican1,2667,NA,FALSE,NA,NA,NA,NA,NA,NA
aus.republican1,2668,NA,FALSE,NA,NA,NA,NA,NA,NA
aus.republican1,2669,NA,FALSE,NA,NA,NA,NA,NA,NA
aus.republican1,2670,NA,FALSE,NA,NA,NA,NA,NA,NA
aus.republican1,2671,NA,FALSE,NA,NA,NA,NA,NA,NA
aus.republican1,2672,NA,FALSE,NA,NA,NA,NA,NA,NA
aus.republican1,2673,NA,FALSE,NA,NA,NA,NA,NA,NA
aus.republican1,2674,NA,FALSE,NA,NA,NA,NA,NA,NA
aus.republican1,2675,NA,FALSE,NA,NA,NA,NA,NA,NA
aus.republican1,2676,NA,FALSE,NA,NA,NA,NA,NA,NA
aus.republican1,2677,NA,FALSE,NA,NA,NA,NA,NA,NA
aus.republican1,2678,NA,FALSE,NA,NA,NA,NA,NA,NA
aus.republican1,2679,NA,FALSE,NA,NA,NA,NA,NA,NA
aus.republican1,2680,NA,FALSE,NA,NA,NA,NA,NA,NA
aus.republican1,2681,NA,FALSE,NA,NA,NA,NA,NA,NA
aus.republican1,2682,NA,FALSE,NA,NA,NA,NA,NA,NA
aus.republican1,2683,NA,FALSE,NA,NA,NA,NA,NA,NA
aus.republican1,2684,NA,FALSE,NA,NA,NA,NA,NA,NA
aus.republican1,2685,NA,FALSE,NA,NA,NA,NA,NA,NA
aus.republican1,2686,NA,FALSE,NA,NA,NA,NA,NA,NA
aus.republican1,2687,NA,FALSE,NA,NA,NA,NA,NA,NA
aus.republican1,2688,NA,FALSE,NA,NA,NA,NA,NA,NA
aus.republican1,2689,NA,FALSE,NA,NA,NA,NA,NA,NA
aus.republican1,2690,NA,FALSE,NA,NA,NA,NA,NA,NA
aus.republican1,2691,NA,FALSE,NA,NA,NA,NA,NA,NA
aus.republican1,2692,NA,FALSE,NA,NA,NA,NA,NA,NA
aus.republican1,2693,NA,FALSE,NA,NA,NA,NA,NA,NA
aus.republican1,2694,NA,FALSE,NA,NA,NA,NA,NA,NA
aus.republican1,2695,NA,FALSE,NA,NA,NA,NA,NA,NA
aus.republican1,2696,NA,FALSE,NA,NA,NA,NA,NA,NA
aus.republican1,2697,NA,FALSE,NA,NA,NA,NA,NA,NA
aus.republican1,2698,NA,FALSE,NA,NA,NA,NA,NA,NA
aus.republican1,2699,NA,FALSE,NA,NA,NA,NA,NA,NA
aus.republican1,2700,NA,FALSE,NA,NA,NA,NA,NA,NA
aus.republican1,2701,NA,FALSE,NA,NA,NA,NA,NA,NA
aus.republican1,2702,NA,FALSE,NA,NA,NA,NA,NA,NA
aus.republican1,2703,NA,FALSE,NA,NA,NA,NA,NA,NA
aus.republican1,2704,NA,FALSE,NA,NA,NA,NA,NA,NA
aus.republican1,2705,NA,FALSE,NA,NA,NA,NA,NA,NA
aus.republican1,2706,NA,FALSE,NA,NA,NA,NA,NA,NA
aus.republican1,2707,NA,FALSE,NA,NA,NA,NA,NA,NA
aus.republican1,2708,NA,FALSE,NA,NA,NA,NA,NA,NA
aus.republican1,2709,NA,FALSE,NA,NA,NA,NA,NA,NA
aus.republican1,2710,NA,FALSE,NA,NA,NA,NA,NA,NA
aus.republican1,2711,NA,FALSE,NA,NA,NA,NA,NA,NA
aus.republican1,2712,NA,FALSE,NA,NA,NA,NA,NA,NA
aus.republican1,2713,NA,FALSE,NA,NA,NA,NA,NA,NA
aus.republican1,2714,NA,FALSE,NA,NA,NA,NA,NA,NA
aus.republican1,2715,NA,FALSE,NA,NA,NA,NA,NA,NA
aus.republican1,2716,NA,FALSE,NA,NA,NA,NA,NA,NA
aus.republican1,2717,NA,FALSE,NA,NA,NA,NA,NA,NA
aus.republican1,2718,NA,FALSE,NA,NA,NA,NA,NA,NA
aus.republican1,2719,NA,FALSE,NA,NA,NA,NA,NA,NA
aus.republican1,2720,NA,FALSE,NA,NA,NA,NA,NA,NA
aus.republican1,2721,NA,FALSE,NA,NA,NA,NA,NA,NA
aus.republican1,2722,NA,FALSE,NA,NA,NA,NA,NA,NA
aus.republican1,2723,NA,FALSE,NA,NA,NA,NA,NA,NA
aus.republican1,2724,NA,FALSE,NA,NA,NA,NA,NA,NA
aus.republican1,2725,NA,FALSE,NA,NA,NA,NA,NA,NA
aus.republican1,2726,NA,FALSE,NA,NA,NA,NA,NA,NA
aus.republican1,2727,NA,FALSE,NA,NA,NA,NA,NA,NA
aus.republican1,2728,NA,FALSE,NA,NA,NA,NA,NA,NA
aus.republican1,2729,NA,FALSE,NA,NA,NA,NA,NA,NA
aus.republican1,2730,NA,FALSE,NA,NA,NA,NA,NA,NA
aus.republican1,2731,NA,FALSE,NA,NA,NA,NA,NA,NA
aus.republican1,2732,NA,FALSE,NA,NA,NA,NA,NA,NA
aus.republican1,2733,NA,FALSE,NA,NA,NA,NA,NA,NA
aus.republican1,2734,NA,FALSE,NA,NA,NA,NA,NA,NA
aus.republican1,2735,NA,FALSE,NA,NA,NA,NA,NA,NA
aus.republican1,2736,NA,FALSE,NA,NA,NA,NA,NA,NA
aus.republican1,2737,NA,FALSE,NA,NA,NA,NA,NA,NA
aus.republican1,2738,NA,FALSE,NA,NA,NA,NA,NA,NA
aus.republican1,2739,NA,FALSE,NA,NA,NA,NA,NA,NA
aus.republican1,2740,NA,FALSE,NA,NA,NA,NA,NA,NA
aus.republican1,2741,NA,FALSE,NA,NA,NA,NA,NA,NA
aus.republican1,2742,NA,FALSE,NA,NA,NA,NA,NA,NA
aus.republican1,2743,NA,FALSE,NA,NA,NA,NA,NA,NA
aus.republican1,2744,NA,FALSE,NA,NA,NA,NA,NA,NA
aus.republican1,2745,NA,FALSE,NA,NA,NA,NA,NA,NA
aus.republican1,2746,NA,FALSE,NA,NA,NA,NA,NA,NA
aus.republican1,2747,NA,FALSE,NA,NA,NA,NA,NA,NA
aus.republican1,2748,NA,FALSE,NA,NA,NA,NA,NA,NA
aus.republican1,2749,NA,FALSE,NA,NA,NA,NA,NA,NA
aus.republican1,2750,NA,FALSE,NA,NA,NA,NA,NA,NA
aus.republican1,2751,NA,FALSE,NA,NA,NA,NA,NA,NA
aus.republican1,2752,NA,FALSE,NA,NA,NA,NA,NA,NA
aus.republican1,2753,NA,FALSE,NA,NA,NA,NA,NA,NA
aus.republican1,2754,NA,FALSE,NA,NA,NA,NA,NA,NA
aus.republican1,2755,NA,FALSE,NA,NA,NA,NA,NA,NA
aus.republican1,2756,NA,FALSE,NA,NA,NA,NA,NA,NA
aus.republican1,2757,NA,FALSE,NA,NA,NA,NA,NA,NA
aus.republican1,2758,NA,FALSE,NA,NA,NA,NA,NA,NA
aus.republican1,2759,NA,FALSE,NA,NA,NA,NA,NA,NA
aus.republican1,2760,NA,FALSE,NA,NA,NA,NA,NA,NA
aus.republican1,2761,NA,FALSE,NA,NA,NA,NA,NA,NA
aus.republican1,2762,NA,FALSE,NA,NA,NA,NA,NA,NA
aus.republican1,2763,NA,FALSE,NA,NA,NA,NA,NA,NA
aus.republican1,2764,NA,FALSE,NA,NA,NA,NA,NA,NA
aus.republican1,2765,NA,FALSE,NA,NA,NA,NA,NA,NA
aus.republican1,2766,NA,FALSE,NA,NA,NA,NA,NA,NA
aus.republican1,2767,NA,FALSE,NA,NA,NA,NA,NA,NA
aus.republican1,2768,NA,FALSE,NA,NA,NA,NA,NA,NA
aus.republican1,2769,NA,FALSE,NA,NA,NA,NA,NA,NA
aus.republican1,2770,NA,FALSE,NA,NA,NA,NA,NA,NA
aus.republican1,2771,NA,FALSE,NA,NA,NA,NA,NA,NA
aus.republican1,2772,NA,FALSE,NA,NA,NA,NA,NA,NA
aus.republican1,2773,NA,FALSE,NA,NA,NA,NA,NA,NA
aus.republican1,2774,NA,FALSE,NA,NA,NA,NA,NA,NA
aus.republican1,2775,NA,FALSE,NA,NA,NA,NA,NA,NA
aus.republican1,2776,NA,FALSE,NA,NA,NA,NA,NA,NA
aus.republican1,2777,NA,FALSE,NA,NA,NA,NA,NA,NA
aus.republican1,2778,NA,FALSE,NA,NA,NA,NA,NA,NA
aus.republican1,2779,NA,FALSE,NA,NA,NA,NA,NA,NA
aus.republican1,2780,NA,FALSE,NA,NA,NA,NA,NA,NA
aus.republican1,2781,NA,FALSE,NA,NA,NA,NA,NA,NA
aus.republican1,2782,NA,FALSE,NA,NA,NA,NA,NA,NA
aus.republican1,2783,NA,FALSE,NA,NA,NA,NA,NA,NA
aus.republican1,2784,NA,FALSE,NA,NA,NA,NA,NA,NA
aus.republican1,2785,NA,FALSE,NA,NA,NA,NA,NA,NA
aus.republican1,2786,NA,FALSE,NA,NA,NA,NA,NA,NA
aus.republican1,2787,NA,FALSE,NA,NA,NA,NA,NA,NA
aus.republican1,2788,NA,FALSE,NA,NA,NA,NA,NA,NA
aus.republican1,2789,NA,FALSE,NA,NA,NA,NA,NA,NA
aus.republican1,2790,NA,FALSE,NA,NA,NA,NA,NA,NA
aus.republican1,2791,NA,FALSE,NA,NA,NA,NA,NA,NA
aus.republican1,2792,NA,FALSE,NA,NA,NA,NA,NA,NA
aus.republican1,2793,NA,FALSE,NA,NA,NA,NA,NA,NA
aus.republican1,2794,NA,FALSE,NA,NA,NA,NA,NA,NA
aus.republican1,2795,NA,FALSE,NA,NA,NA,NA,NA,NA
aus.republican1,2796,NA,FALSE,NA,NA,NA,NA,NA,NA
aus.republican1,2797,NA,FALSE,NA,NA,NA,NA,NA,NA
aus.republican1,2798,NA,FALSE,NA,NA,NA,NA,NA,NA
aus.republican1,2799,NA,FALSE,NA,NA,NA,NA,NA,NA
aus.republican1,2800,NA,FALSE,NA,NA,NA,NA,NA,NA
aus.republican1,2801,NA,FALSE,NA,NA,NA,NA,NA,NA
aus.republican1,2802,NA,FALSE,NA,NA,NA,NA,NA,NA
aus.republican1,2803,NA,FALSE,NA,NA,NA,NA,NA,NA
aus.republican1,2804,NA,FALSE,NA,NA,NA,NA,NA,NA
aus.republican1,2805,NA,FALSE,NA,NA,NA,NA,NA,NA
aus.republican1,2806,NA,FALSE,NA,NA,NA,NA,NA,NA
aus.republican1,2807,NA,FALSE,NA,NA,NA,NA,NA,NA
aus.republican1,2808,NA,FALSE,NA,NA,NA,NA,NA,NA
aus.republican1,2809,NA,FALSE,NA,NA,NA,NA,NA,NA
aus.republican1,2810,NA,FALSE,NA,NA,NA,NA,NA,NA
aus.republican1,2811,NA,FALSE,NA,NA,NA,NA,NA,NA
aus.republican1,2812,NA,FALSE,NA,NA,NA,NA,NA,NA
aus.republican1,2813,NA,FALSE,NA,NA,NA,NA,NA,NA
aus.republican1,2814,NA,FALSE,NA,NA,NA,NA,NA,NA
aus.republican1,2815,NA,FALSE,NA,NA,NA,NA,NA,NA
aus.republican1,2816,NA,FALSE,NA,NA,NA,NA,NA,NA
aus.republican1,2817,NA,FALSE,NA,NA,NA,NA,NA,NA
aus.republican1,2818,NA,FALSE,NA,NA,NA,NA,NA,NA
aus.republican1,2819,NA,FALSE,NA,NA,NA,NA,NA,NA
aus.republican1,2820,NA,FALSE,NA,NA,NA,NA,NA,NA
aus.republican1,2821,NA,FALSE,NA,NA,NA,NA,NA,NA
aus.republican1,2822,NA,FALSE,NA,NA,NA,NA,NA,NA
aus.republican1,2823,NA,FALSE,NA,NA,NA,NA,NA,NA
aus.republican1,2824,NA,FALSE,NA,NA,NA,NA,NA,NA
aus.republican1,2825,NA,FALSE,NA,NA,NA,NA,NA,NA
aus.republican1,2826,NA,FALSE,NA,NA,NA,NA,NA,NA
aus.republican1,2827,NA,FALSE,NA,NA,NA,NA,NA,NA
aus.republican1,2828,NA,FALSE,NA,NA,NA,NA,NA,NA
aus.republican1,2829,NA,FALSE,NA,NA,NA,NA,NA,NA
aus.republican1,2830,NA,FALSE,NA,NA,NA,NA,NA,NA
aus.republican1,2831,NA,FALSE,NA,NA,NA,NA,NA,NA
aus.republican1,2832,NA,FALSE,NA,NA,NA,NA,NA,NA
aus.republican1,2833,NA,FALSE,NA,NA,NA,NA,NA,NA
aus.republican1,2834,NA,FALSE,NA,NA,NA,NA,NA,NA
aus.republican1,2835,NA,FALSE,NA,NA,NA,NA,NA,NA
aus.republican1,2836,NA,FALSE,NA,NA,NA,NA,NA,NA
aus.republican1,2837,NA,FALSE,NA,NA,NA,NA,NA,NA
aus.republican1,2838,NA,FALSE,NA,NA,NA,NA,NA,NA
aus.republican1,2839,NA,FALSE,NA,NA,NA,NA,NA,NA
aus.republican1,2840,NA,FALSE,NA,NA,NA,NA,NA,NA
aus.republican1,2841,NA,FALSE,NA,NA,NA,NA,NA,NA
aus.republican1,2842,NA,FALSE,NA,NA,NA,NA,NA,NA
aus.republican1,2843,NA,FALSE,NA,NA,NA,NA,NA,NA
aus.republican1,2844,NA,FALSE,NA,NA,NA,NA,NA,NA
aus.republican1,2845,NA,FALSE,NA,NA,NA,NA,NA,NA
aus.republican1,2846,NA,FALSE,NA,NA,NA,NA,NA,NA
aus.republican1,2847,NA,FALSE,NA,NA,NA,NA,NA,NA
aus.republican1,2848,NA,FALSE,NA,NA,NA,NA,NA,NA
aus.republican1,2849,NA,FALSE,NA,NA,NA,NA,NA,NA
aus.republican1,2850,NA,FALSE,NA,NA,NA,NA,NA,NA
aus.republican1,2851,NA,FALSE,NA,NA,NA,NA,NA,NA
aus.republican1,2852,NA,FALSE,NA,NA,NA,NA,NA,NA
aus.republican1,2853,NA,FALSE,NA,NA,NA,NA,NA,NA
aus.republican1,2854,NA,FALSE,NA,NA,NA,NA,NA,NA
aus.republican1,2855,NA,FALSE,NA,NA,NA,NA,NA,NA
aus.republican1,2856,NA,FALSE,NA,NA,NA,NA,NA,NA
aus.republican1,2857,NA,FALSE,NA,NA,NA,NA,NA,NA
aus.republican1,2858,NA,FALSE,NA,NA,NA,NA,NA,NA
aus.republican1,2859,NA,FALSE,NA,NA,NA,NA,NA,NA
aus.republican1,2860,NA,FALSE,NA,NA,NA,NA,NA,NA
aus.republican1,2861,NA,FALSE,NA,NA,NA,NA,NA,NA
aus.republican1,2862,NA,FALSE,NA,NA,NA,NA,NA,NA
aus.republican1,2863,NA,FALSE,NA,NA,NA,NA,NA,NA
aus.republican1,2864,NA,FALSE,NA,NA,NA,NA,NA,NA
aus.republican1,2865,NA,FALSE,NA,NA,NA,NA,NA,NA
aus.republican1,2866,NA,FALSE,NA,NA,NA,NA,NA,NA
aus.republican1,2867,NA,FALSE,NA,NA,NA,NA,NA,NA
aus.republican1,2868,NA,FALSE,NA,NA,NA,NA,NA,NA
aus.republican1,2869,NA,FALSE,NA,NA,NA,NA,NA,NA
aus.republican1,2870,NA,FALSE,NA,NA,NA,NA,NA,NA
aus.republican1,2871,NA,FALSE,NA,NA,NA,NA,NA,NA
aus.republican1,2872,NA,FALSE,NA,NA,NA,NA,NA,NA
aus.republican1,2873,NA,FALSE,NA,NA,NA,NA,NA,NA
aus.republican1,2874,NA,FALSE,NA,NA,NA,NA,NA,NA
aus.republican1,2875,NA,FALSE,NA,NA,NA,NA,NA,NA
aus.republican1,2876,NA,FALSE,NA,NA,NA,NA,NA,NA
aus.republican1,2877,NA,FALSE,NA,NA,NA,NA,NA,NA
aus.republican1,2878,NA,FALSE,NA,NA,NA,NA,NA,NA
aus.republican1,2879,NA,FALSE,NA,NA,NA,NA,NA,NA
aus.republican1,2880,NA,FALSE,NA,NA,NA,NA,NA,NA
aus.republican1,2881,NA,FALSE,NA,NA,NA,NA,NA,NA
aus.republican1,2882,NA,FALSE,NA,NA,NA,NA,NA,NA
aus.republican1,2883,NA,FALSE,NA,NA,NA,NA,NA,NA
aus.republican1,2884,NA,FALSE,NA,NA,NA,NA,NA,NA
aus.republican1,2885,NA,FALSE,NA,NA,NA,NA,NA,NA
aus.republican1,2886,NA,FALSE,NA,NA,NA,NA,NA,NA
aus.republican1,2887,NA,FALSE,NA,NA,NA,NA,NA,NA
aus.republican1,2888,NA,FALSE,NA,NA,NA,NA,NA,NA
aus.republican1,2889,NA,FALSE,NA,NA,NA,NA,NA,NA
aus.republican1,2890,NA,FALSE,NA,NA,NA,NA,NA,NA
aus.republican1,2891,NA,FALSE,NA,NA,NA,NA,NA,NA
aus.republican1,2892,NA,FALSE,NA,NA,NA,NA,NA,NA
aus.republican1,2893,NA,FALSE,NA,NA,NA,NA,NA,NA
aus.republican1,2894,NA,FALSE,NA,NA,NA,NA,NA,NA
aus.republican1,2895,NA,FALSE,NA,NA,NA,NA,NA,NA
aus.republican1,2896,NA,FALSE,NA,NA,NA,NA,NA,NA
aus.republican1,2897,NA,FALSE,NA,NA,NA,NA,NA,NA
aus.republican1,2898,NA,FALSE,NA,NA,NA,NA,NA,NA
aus.republican1,2899,NA,FALSE,NA,NA,NA,NA,NA,NA
aus.republican1,2900,NA,FALSE,NA,NA,NA,NA,NA,NA
aus.republican1,2901,NA,FALSE,NA,NA,NA,NA,NA,NA
aus.republican1,2902,NA,FALSE,NA,NA,NA,NA,NA,NA
aus.republican1,2903,NA,FALSE,NA,NA,NA,NA,NA,NA
aus.republican1,2904,NA,FALSE,NA,NA,NA,NA,NA,NA
aus.republican1,2905,NA,FALSE,NA,NA,NA,NA,NA,NA
aus.republican1,2906,NA,FALSE,NA,NA,NA,NA,NA,NA
aus.republican1,2907,NA,FALSE,NA,NA,NA,NA,NA,NA
aus.republican1,2908,NA,FALSE,NA,NA,NA,NA,NA,NA
aus.republican1,2909,NA,FALSE,NA,NA,NA,NA,NA,NA
aus.republican1,2910,NA,FALSE,NA,NA,NA,NA,NA,NA
aus.republican1,2911,NA,FALSE,NA,NA,NA,NA,NA,NA
aus.republican1,2912,NA,FALSE,NA,NA,NA,NA,NA,NA
aus.republican1,2913,NA,FALSE,NA,NA,NA,NA,NA,NA
aus.republican1,2914,NA,FALSE,NA,NA,NA,NA,NA,NA
aus.republican1,2915,NA,FALSE,NA,NA,NA,NA,NA,NA
aus.republican1,2916,NA,FALSE,NA,NA,NA,NA,NA,NA
aus.republican1,2917,NA,FALSE,NA,NA,NA,NA,NA,NA
aus.republican1,2918,NA,FALSE,NA,NA,NA,NA,NA,NA
aus.republican1,2919,NA,FALSE,NA,NA,NA,NA,NA,NA
aus.republican1,2920,NA,FALSE,NA,NA,NA,NA,NA,NA
aus.republican1,2921,NA,FALSE,NA,NA,NA,NA,NA,NA
aus.republican1,2922,NA,FALSE,NA,NA,NA,NA,NA,NA
aus.republican1,2923,NA,FALSE,NA,NA,NA,NA,NA,NA
aus.republican1,2924,NA,FALSE,NA,NA,NA,NA,NA,NA
aus.republican1,2925,NA,FALSE,NA,NA,NA,NA,NA,NA
aus.republican1,2926,NA,FALSE,NA,NA,NA,NA,NA,NA
aus.republican1,2927,NA,FALSE,NA,NA,NA,NA,NA,NA
aus.republican1,2928,NA,FALSE,NA,NA,NA,NA,NA,NA
aus.republican1,2929,NA,FALSE,NA,NA,NA,NA,NA,NA
aus.republican1,2930,NA,FALSE,NA,NA,NA,NA,NA,NA
aus.republican1,2931,NA,FALSE,NA,NA,NA,NA,NA,NA
aus.republican1,2932,NA,FALSE,NA,NA,NA,NA,NA,NA
aus.republican1,2933,NA,FALSE,NA,NA,NA,NA,NA,NA
aus.republican1,2934,NA,FALSE,NA,NA,NA,NA,NA,NA
aus.republican1,2935,NA,FALSE,NA,NA,NA,NA,NA,NA
aus.republican1,2936,NA,FALSE,NA,NA,NA,NA,NA,NA
aus.republican1,2937,NA,FALSE,NA,NA,NA,NA,NA,NA
aus.republican1,2938,NA,FALSE,NA,NA,NA,NA,NA,NA
aus.republican1,2939,NA,FALSE,NA,NA,NA,NA,NA,NA
aus.republican1,2940,NA,FALSE,NA,NA,NA,NA,NA,NA
aus.republican1,2941,NA,FALSE,NA,NA,NA,NA,NA,NA
aus.republican1,2942,NA,FALSE,NA,NA,NA,NA,NA,NA
aus.republican1,2943,NA,FALSE,NA,NA,NA,NA,NA,NA
aus.republican1,2944,NA,FALSE,NA,NA,NA,NA,NA,NA
aus.republican1,2945,NA,FALSE,NA,NA,NA,NA,NA,NA
aus.republican1,2946,NA,FALSE,NA,NA,NA,NA,NA,NA
aus.republican1,2947,NA,FALSE,NA,NA,NA,NA,NA,NA
aus.republican1,2948,NA,FALSE,NA,NA,NA,NA,NA,NA
aus.republican1,2949,NA,FALSE,NA,NA,NA,NA,NA,NA
aus.republican1,2950,NA,FALSE,NA,NA,NA,NA,NA,NA
aus.republican1,2951,NA,FALSE,NA,NA,NA,NA,NA,NA
aus.republican1,2952,NA,FALSE,NA,NA,NA,NA,NA,NA
aus.republican1,2953,NA,FALSE,NA,NA,NA,NA,NA,NA
aus.republican1,2954,NA,FALSE,NA,NA,NA,NA,NA,NA
aus.republican1,2955,NA,FALSE,NA,NA,NA,NA,NA,NA
aus.republican1,2956,NA,FALSE,NA,NA,NA,NA,NA,NA
aus.republican1,2957,NA,FALSE,NA,NA,NA,NA,NA,NA
aus.republican1,2958,NA,FALSE,NA,NA,NA,NA,NA,NA
aus.republican1,2959,NA,FALSE,NA,NA,NA,NA,NA,NA
aus.republican1,2960,NA,FALSE,NA,NA,NA,NA,NA,NA
aus.republican1,2961,NA,FALSE,NA,NA,NA,NA,NA,NA
aus.republican1,2962,NA,FALSE,NA,NA,NA,NA,NA,NA
aus.republican1,2963,NA,FALSE,NA,NA,NA,NA,NA,NA
aus.republican1,2964,NA,FALSE,NA,NA,NA,NA,NA,NA
aus.republican1,2965,NA,FALSE,NA,NA,NA,NA,NA,NA
aus.republican1,2966,NA,FALSE,NA,NA,NA,NA,NA,NA
aus.republican1,2967,NA,FALSE,NA,NA,NA,NA,NA,NA
aus.republican1,2968,NA,FALSE,NA,NA,NA,NA,NA,NA
aus.republican1,2969,NA,FALSE,NA,NA,NA,NA,NA,NA
aus.republican1,2970,NA,FALSE,NA,NA,NA,NA,NA,NA
aus.republican1,2971,NA,FALSE,NA,NA,NA,NA,NA,NA
aus.republican1,2972,NA,FALSE,NA,NA,NA,NA,NA,NA
aus.republican1,2973,NA,FALSE,NA,NA,NA,NA,NA,NA
aus.republican1,2974,NA,FALSE,NA,NA,NA,NA,NA,NA
aus.republican1,2975,NA,FALSE,NA,NA,NA,NA,NA,NA
aus.republican1,2976,NA,FALSE,NA,NA,NA,NA,NA,NA
aus.republican1,2977,NA,FALSE,NA,NA,NA,NA,NA,NA
aus.republican1,2978,NA,FALSE,NA,NA,NA,NA,NA,NA
aus.republican1,2979,NA,FALSE,NA,NA,NA,NA,NA,NA
aus.republican1,2980,NA,FALSE,NA,NA,NA,NA,NA,NA
aus.republican1,2981,NA,FALSE,NA,NA,NA,NA,NA,NA
aus.republican1,2982,NA,FALSE,NA,NA,NA,NA,NA,NA
aus.republican1,2983,NA,FALSE,NA,NA,NA,NA,NA,NA
aus.republican1,2984,NA,FALSE,NA,NA,NA,NA,NA,NA
aus.republican1,2985,NA,FALSE,NA,NA,NA,NA,NA,NA
aus.republican1,2986,NA,FALSE,NA,NA,NA,NA,NA,NA
aus.republican1,2987,NA,FALSE,NA,NA,NA,NA,NA,NA
aus.republican1,2988,NA,FALSE,NA,NA,NA,NA,NA,NA
aus.republican1,2989,NA,FALSE,NA,NA,NA,NA,NA,NA
aus.republican1,2990,NA,FALSE,NA,NA,NA,NA,NA,NA
aus.republican1,2991,NA,FALSE,NA,NA,NA,NA,NA,NA
aus.republican1,2992,NA,FALSE,NA,NA,NA,NA,NA,NA
aus.republican1,2993,NA,FALSE,NA,NA,NA,NA,NA,NA
aus.republican1,2994,NA,FALSE,NA,NA,NA,NA,NA,NA
aus.republican1,2995,NA,FALSE,NA,NA,NA,NA,NA,NA
aus.republican1,2996,NA,FALSE,NA,NA,NA,NA,NA,NA
aus.republican1,2997,NA,FALSE,NA,NA,NA,NA,NA,NA
aus.republican1,2998,NA,FALSE,NA,NA,NA,NA,NA,NA
aus.republican1,2999,NA,FALSE,NA,NA,NA,NA,NA,NA
aus.republican1,3000,NA,FALSE,NA,NA,NA,NA,NA,NA
aus.republican1,3001,NA,FALSE,NA,NA,NA,NA,NA,NA
aus.republican1,3002,NA,FALSE,NA,NA,NA,NA,NA,NA
aus.republican1,3003,NA,FALSE,NA,NA,NA,NA,NA,NA
aus.republican1,3004,NA,FALSE,NA,NA,NA,NA,NA,NA
aus.republican1,3005,NA,FALSE,NA,NA,NA,NA,NA,NA
aus.republican1,3006,NA,FALSE,NA,NA,NA,NA,NA,NA
aus.republican1,3007,NA,FALSE,NA,NA,NA,NA,NA,NA
aus.republican1,3008,NA,FALSE,NA,NA,NA,NA,NA,NA
aus.republican1,3009,NA,FALSE,NA,NA,NA,NA,NA,NA
aus.republican1,3010,NA,FALSE,NA,NA,NA,NA,NA,NA
aus.republican1,3011,NA,FALSE,NA,NA,NA,NA,NA,NA
aus.republican1,3012,NA,FALSE,NA,NA,NA,NA,NA,NA
aus.republican1,3013,NA,FALSE,NA,NA,NA,NA,NA,NA
aus.republican1,3014,NA,FALSE,NA,NA,NA,NA,NA,NA
aus.republican1,3015,NA,FALSE,NA,NA,NA,NA,NA,NA
aus.republican1,3016,NA,FALSE,NA,NA,NA,NA,NA,NA
aus.republican1,3017,NA,FALSE,NA,NA,NA,NA,NA,NA
aus.republican1,3018,NA,FALSE,NA,NA,NA,NA,NA,NA
aus.republican1,3019,NA,FALSE,NA,NA,NA,NA,NA,NA
aus.republican1,3020,NA,FALSE,NA,NA,NA,NA,NA,NA
aus.republican1,3021,NA,FALSE,NA,NA,NA,NA,NA,NA
aus.republican1,3022,NA,FALSE,NA,NA,NA,NA,NA,NA
aus.republican1,3023,NA,FALSE,NA,NA,NA,NA,NA,NA
aus.republican1,3024,NA,FALSE,NA,NA,NA,NA,NA,NA
aus.republican1,3025,NA,FALSE,NA,NA,NA,NA,NA,NA
aus.republican1,3026,NA,FALSE,NA,NA,NA,NA,NA,NA
aus.republican1,3027,NA,FALSE,NA,NA,NA,NA,NA,NA
aus.republican1,3028,NA,FALSE,NA,NA,NA,NA,NA,NA
aus.republican1,3029,NA,FALSE,NA,NA,NA,NA,NA,NA
aus.republican1,3030,NA,FALSE,NA,NA,NA,NA,NA,NA
aus.republican1,3031,NA,FALSE,NA,NA,NA,NA,NA,NA
aus.republican1,3032,NA,FALSE,NA,NA,NA,NA,NA,NA
aus.republican1,3033,NA,FALSE,NA,NA,NA,NA,NA,NA
aus.republican1,3034,NA,FALSE,NA,NA,NA,NA,NA,NA
aus.republican1,3035,NA,FALSE,NA,NA,NA,NA,NA,NA
aus.republican1,3036,NA,FALSE,NA,NA,NA,NA,NA,NA
aus.republican1,3037,NA,FALSE,NA,NA,NA,NA,NA,NA
aus.republican1,3038,NA,FALSE,NA,NA,NA,NA,NA,NA
aus.republican1,3039,NA,FALSE,NA,NA,NA,NA,NA,NA
aus.republican1,3040,NA,FALSE,NA,NA,NA,NA,NA,NA
aus.republican1,3041,NA,FALSE,NA,NA,NA,NA,NA,NA
aus.republican1,3042,NA,FALSE,NA,NA,NA,NA,NA,NA
aus.republican1,3043,NA,FALSE,NA,NA,NA,NA,NA,NA
aus.republican1,3044,NA,FALSE,NA,NA,NA,NA,NA,NA
aus.republican1,3045,NA,FALSE,NA,NA,NA,NA,NA,NA
aus.republican1,3046,NA,FALSE,NA,NA,NA,NA,NA,NA
aus.republican1,3047,NA,FALSE,NA,NA,NA,NA,NA,NA
aus.republican1,3048,NA,FALSE,NA,NA,NA,NA,NA,NA
aus.republican1,3049,NA,FALSE,NA,NA,NA,NA,NA,NA
aus.republican1,3050,NA,FALSE,NA,NA,NA,NA,NA,NA
aus.republican1,3051,NA,FALSE,NA,NA,NA,NA,NA,NA
aus.republican1,3052,NA,FALSE,NA,NA,NA,NA,NA,NA
aus.republican1,3053,NA,FALSE,NA,NA,NA,NA,NA,NA
aus.republican1,3054,NA,FALSE,NA,NA,NA,NA,NA,NA
aus.republican1,3055,NA,FALSE,NA,NA,NA,NA,NA,NA
aus.republican1,3056,NA,FALSE,NA,NA,NA,NA,NA,NA
aus.republican1,3057,NA,FALSE,NA,NA,NA,NA,NA,NA
aus.republican1,3058,NA,FALSE,NA,NA,NA,NA,NA,NA
aus.republican1,3059,NA,FALSE,NA,NA,NA,NA,NA,NA
aus.republican1,3060,NA,FALSE,NA,NA,NA,NA,NA,NA
aus.republican1,3061,NA,FALSE,NA,NA,NA,NA,NA,NA
aus.republican1,3062,NA,FALSE,NA,NA,NA,NA,NA,NA
aus.republican1,3063,NA,FALSE,NA,NA,NA,NA,NA,NA
aus.republican1,3064,NA,FALSE,NA,NA,NA,NA,NA,NA
aus.republican1,3065,NA,FALSE,NA,NA,NA,NA,NA,NA
aus.republican1,3066,NA,FALSE,NA,NA,NA,NA,NA,NA
aus.republican1,3067,NA,FALSE,NA,NA,NA,NA,NA,NA
aus.republican1,3068,NA,FALSE,NA,NA,NA,NA,NA,NA
aus.republican1,3069,NA,FALSE,NA,NA,NA,NA,NA,NA
aus.republican1,3070,NA,FALSE,NA,NA,NA,NA,NA,NA
aus.republican1,3071,NA,FALSE,NA,NA,NA,NA,NA,NA
aus.republican1,3072,NA,FALSE,NA,NA,NA,NA,NA,NA
aus.republican1,3073,NA,FALSE,NA,NA,NA,NA,NA,NA
aus.republican1,3074,NA,FALSE,NA,NA,NA,NA,NA,NA
aus.republican1,3075,NA,FALSE,NA,NA,NA,NA,NA,NA
aus.republican1,3076,NA,FALSE,NA,NA,NA,NA,NA,NA
aus.republican1,3077,NA,FALSE,NA,NA,NA,NA,NA,NA
aus.republican1,3078,NA,FALSE,NA,NA,NA,NA,NA,NA
aus.republican1,3079,NA,FALSE,NA,NA,NA,NA,NA,NA
aus.republican1,3080,NA,FALSE,NA,NA,NA,NA,NA,NA
aus.republican1,3081,NA,FALSE,NA,NA,NA,NA,NA,NA
aus.republican1,3082,NA,FALSE,NA,NA,NA,NA,NA,NA
aus.republican1,3083,NA,FALSE,NA,NA,NA,NA,NA,NA
aus.republican1,3084,NA,FALSE,NA,NA,NA,NA,NA,NA
aus.republican1,3085,NA,FALSE,NA,NA,NA,NA,NA,NA
aus.republican1,3086,NA,FALSE,NA,NA,NA,NA,NA,NA
aus.republican1,3087,NA,FALSE,NA,NA,NA,NA,NA,NA
aus.republican1,3088,NA,FALSE,NA,NA,NA,NA,NA,NA
aus.republican1,3089,NA,FALSE,NA,NA,NA,NA,NA,NA
aus.republican1,3090,NA,FALSE,NA,NA,NA,NA,NA,NA
aus.republican1,3091,NA,FALSE,NA,NA,NA,NA,NA,NA
aus.republican1,3092,NA,FALSE,NA,NA,NA,NA,NA,NA
aus.republican1,3093,NA,FALSE,NA,NA,NA,NA,NA,NA
aus.republican1,3094,NA,FALSE,NA,NA,NA,NA,NA,NA
aus.republican1,3095,NA,FALSE,NA,NA,NA,NA,NA,NA
aus.republican1,3096,NA,FALSE,NA,NA,NA,NA,NA,NA
aus.republican1,3097,NA,FALSE,NA,NA,NA,NA,NA,NA
aus.republican1,3098,NA,FALSE,NA,NA,NA,NA,NA,NA
aus.republican1,3099,NA,FALSE,NA,NA,NA,NA,NA,NA
aus.republican1,3100,NA,FALSE,NA,NA,NA,NA,NA,NA
aus.republican1,3101,NA,FALSE,NA,NA,NA,NA,NA,NA
aus.republican1,3102,NA,FALSE,NA,NA,NA,NA,NA,NA
aus.republican1,3103,NA,FALSE,NA,NA,NA,NA,NA,NA
aus.republican1,3104,NA,FALSE,NA,NA,NA,NA,NA,NA
aus.republican1,3105,NA,FALSE,NA,NA,NA,NA,NA,NA
aus.republican1,3106,NA,FALSE,NA,NA,NA,NA,NA,NA
aus.republican1,3107,NA,FALSE,NA,NA,NA,NA,NA,NA
aus.republican1,3108,NA,FALSE,NA,NA,NA,NA,NA,NA
aus.republican1,3109,NA,FALSE,NA,NA,NA,NA,NA,NA
aus.republican1,3110,NA,FALSE,NA,NA,NA,NA,NA,NA
aus.republican1,3111,NA,FALSE,NA,NA,NA,NA,NA,NA
aus.republican1,3112,NA,FALSE,NA,NA,NA,NA,NA,NA
aus.republican1,3113,NA,FALSE,NA,NA,NA,NA,NA,NA
aus.republican1,3114,NA,FALSE,NA,NA,NA,NA,NA,NA
aus.republican1,3115,NA,FALSE,NA,NA,NA,NA,NA,NA
aus.republican1,3116,NA,FALSE,NA,NA,NA,NA,NA,NA
aus.republican1,3117,NA,FALSE,NA,NA,NA,NA,NA,NA
aus.republican1,3118,NA,FALSE,NA,NA,NA,NA,NA,NA
aus.republican1,3119,NA,FALSE,NA,NA,NA,NA,NA,NA
aus.republican1,3120,NA,FALSE,NA,NA,NA,NA,NA,NA
aus.republican1,3121,NA,FALSE,NA,NA,NA,NA,NA,NA
aus.republican1,3122,NA,FALSE,NA,NA,NA,NA,NA,NA
aus.republican1,3123,NA,FALSE,NA,NA,NA,NA,NA,NA
aus.republican1,3124,NA,FALSE,NA,NA,NA,NA,NA,NA
aus.republican1,3125,NA,FALSE,NA,NA,NA,NA,NA,NA
aus.republican1,3126,NA,FALSE,NA,NA,NA,NA,NA,NA
aus.republican1,3127,NA,FALSE,NA,NA,NA,NA,NA,NA
aus.republican1,3128,NA,FALSE,NA,NA,NA,NA,NA,NA
aus.republican1,3129,NA,FALSE,NA,NA,NA,NA,NA,NA
aus.republican1,3130,NA,FALSE,NA,NA,NA,NA,NA,NA
aus.republican1,3131,NA,FALSE,NA,NA,NA,NA,NA,NA
aus.republican1,3132,NA,FALSE,NA,NA,NA,NA,NA,NA
aus.republican1,3133,NA,FALSE,NA,NA,NA,NA,NA,NA
aus.republican1,3134,NA,FALSE,NA,NA,NA,NA,NA,NA
aus.republican1,3135,NA,FALSE,NA,NA,NA,NA,NA,NA
aus.republican1,3136,NA,FALSE,NA,NA,NA,NA,NA,NA
aus.republican1,3137,NA,FALSE,NA,NA,NA,NA,NA,NA
aus.republican1,3138,NA,FALSE,NA,NA,NA,NA,NA,NA
aus.republican1,3139,NA,FALSE,NA,NA,NA,NA,NA,NA
aus.republican1,3140,NA,FALSE,NA,NA,NA,NA,NA,NA
aus.republican1,3141,NA,FALSE,NA,NA,NA,NA,NA,NA
aus.republican1,3142,NA,FALSE,NA,NA,NA,NA,NA,NA
aus.republican1,3143,NA,FALSE,NA,NA,NA,NA,NA,NA
aus.republican1,3144,NA,FALSE,NA,NA,NA,NA,NA,NA
aus.republican1,3145,NA,FALSE,NA,NA,NA,NA,NA,NA
aus.republican1,3146,NA,FALSE,NA,NA,NA,NA,NA,NA
aus.republican1,3147,NA,FALSE,NA,NA,NA,NA,NA,NA
aus.republican1,3148,NA,FALSE,NA,NA,NA,NA,NA,NA
aus.republican1,3149,NA,FALSE,NA,NA,NA,NA,NA,NA
aus.republican1,3150,NA,FALSE,NA,NA,NA,NA,NA,NA
aus.republican1,3151,NA,FALSE,NA,NA,NA,NA,NA,NA
aus.republican1,3152,NA,FALSE,NA,NA,NA,NA,NA,NA
aus.republican1,3153,NA,FALSE,NA,NA,NA,NA,NA,NA
aus.republican1,3154,NA,FALSE,NA,NA,NA,NA,NA,NA
aus.republican1,3155,NA,FALSE,NA,NA,NA,NA,NA,NA
aus.republican1,3156,NA,FALSE,NA,NA,NA,NA,NA,NA
aus.republican1,3157,NA,FALSE,NA,NA,NA,NA,NA,NA
aus.republican1,3158,NA,FALSE,NA,NA,NA,NA,NA,NA
aus.republican1,3159,NA,FALSE,NA,NA,NA,NA,NA,NA
aus.republican1,3160,NA,FALSE,NA,NA,NA,NA,NA,NA
aus.republican1,3161,NA,FALSE,NA,NA,NA,NA,NA,NA
aus.republican1,3162,NA,FALSE,NA,NA,NA,NA,NA,NA
aus.republican1,3163,NA,FALSE,NA,NA,NA,NA,NA,NA
aus.republican1,3164,NA,FALSE,NA,NA,NA,NA,NA,NA
aus.republican1,3165,NA,FALSE,NA,NA,NA,NA,NA,NA
aus.republican1,3166,NA,FALSE,NA,NA,NA,NA,NA,NA
aus.republican1,3167,NA,FALSE,NA,NA,NA,NA,NA,NA
aus.republican1,3168,NA,FALSE,NA,NA,NA,NA,NA,NA
aus.republican1,3169,NA,FALSE,NA,NA,NA,NA,NA,NA
aus.republican1,3170,NA,FALSE,NA,NA,NA,NA,NA,NA
aus.republican1,3171,NA,FALSE,NA,NA,NA,NA,NA,NA
aus.republican1,3172,NA,FALSE,NA,NA,NA,NA,NA,NA
aus.republican1,3173,NA,FALSE,NA,NA,NA,NA,NA,NA
aus.republican1,3174,NA,FALSE,NA,NA,NA,NA,NA,NA
aus.republican1,3175,NA,FALSE,NA,NA,NA,NA,NA,NA
aus.republican1,3176,NA,FALSE,NA,NA,NA,NA,NA,NA
aus.republican1,3177,NA,FALSE,NA,NA,NA,NA,NA,NA
aus.republican1,3178,NA,FALSE,NA,NA,NA,NA,NA,NA
aus.republican1,3179,NA,FALSE,NA,NA,NA,NA,NA,NA
aus.republican1,3180,NA,FALSE,NA,NA,NA,NA,NA,NA
aus.republican1,3181,NA,FALSE,NA,NA,NA,NA,NA,NA
aus.republican1,3182,NA,FALSE,NA,NA,NA,NA,NA,NA
aus.republican1,3183,NA,FALSE,NA,NA,NA,NA,NA,NA
aus.republican1,3184,NA,FALSE,NA,NA,NA,NA,NA,NA
aus.republican1,3185,NA,FALSE,NA,NA,NA,NA,NA,NA
aus.republican1,3186,NA,FALSE,NA,NA,NA,NA,NA,NA
aus.republican1,3187,NA,FALSE,NA,NA,NA,NA,NA,NA
aus.republican1,3188,NA,FALSE,NA,NA,NA,NA,NA,NA
aus.republican1,3189,NA,FALSE,NA,NA,NA,NA,NA,NA
aus.republican1,3190,NA,FALSE,NA,NA,NA,NA,NA,NA
aus.republican1,3191,NA,FALSE,NA,NA,NA,NA,NA,NA
aus.republican1,3192,NA,FALSE,NA,NA,NA,NA,NA,NA
aus.republican1,3193,NA,FALSE,NA,NA,NA,NA,NA,NA
aus.republican1,3194,NA,FALSE,NA,NA,NA,NA,NA,NA
aus.republican1,3195,NA,FALSE,NA,NA,NA,NA,NA,NA
aus.republican1,3196,NA,FALSE,NA,NA,NA,NA,NA,NA
aus.republican1,3197,NA,FALSE,NA,NA,NA,NA,NA,NA
aus.republican1,3198,NA,FALSE,NA,NA,NA,NA,NA,NA
aus.republican1,3199,NA,FALSE,NA,NA,NA,NA,NA,NA
aus.republican1,3200,NA,FALSE,NA,NA,NA,NA,NA,NA
aus.republican1,3201,NA,FALSE,NA,NA,NA,NA,NA,NA
aus.republican1,3202,NA,FALSE,NA,NA,NA,NA,NA,NA
aus.republican1,3203,NA,FALSE,NA,NA,NA,NA,NA,NA
aus.republican1,3204,NA,FALSE,NA,NA,NA,NA,NA,NA
aus.republican1,3205,NA,FALSE,NA,NA,NA,NA,NA,NA
aus.republican1,3206,NA,FALSE,NA,NA,NA,NA,NA,NA
aus.republican1,3207,NA,FALSE,NA,NA,NA,NA,NA,NA
aus.republican1,3208,NA,FALSE,NA,NA,NA,NA,NA,NA
aus.republican1,3209,NA,FALSE,NA,NA,NA,NA,NA,NA
aus.republican1,3210,NA,FALSE,NA,NA,NA,NA,NA,NA
aus.republican1,3211,NA,FALSE,NA,NA,NA,NA,NA,NA
aus.republican1,3212,NA,FALSE,NA,NA,NA,NA,NA,NA
aus.republican1,3213,NA,FALSE,NA,NA,NA,NA,NA,NA
aus.republican1,3214,NA,FALSE,NA,NA,NA,NA,NA,NA
aus.republican1,3215,NA,FALSE,NA,NA,NA,NA,NA,NA
aus.republican1,3216,NA,FALSE,NA,NA,NA,NA,NA,NA
aus.republican1,3217,NA,FALSE,NA,NA,NA,NA,NA,NA
aus.republican1,3218,NA,FALSE,NA,NA,NA,NA,NA,NA
aus.republican1,3219,NA,FALSE,NA,NA,NA,NA,NA,NA
aus.republican1,3220,NA,FALSE,NA,NA,NA,NA,NA,NA
aus.republican1,3221,NA,FALSE,NA,NA,NA,NA,NA,NA
aus.republican1,3222,NA,FALSE,NA,NA,NA,NA,NA,NA
aus.republican1,3223,NA,FALSE,NA,NA,NA,NA,NA,NA
aus.republican1,3224,NA,FALSE,NA,NA,NA,NA,NA,NA
aus.republican1,3225,NA,FALSE,NA,NA,NA,NA,NA,NA
aus.republican1,3226,NA,FALSE,NA,NA,NA,NA,NA,NA
aus.republican1,3227,NA,FALSE,NA,NA,NA,NA,NA,NA
aus.republican1,3228,NA,FALSE,NA,NA,NA,NA,NA,NA
aus.republican1,3229,NA,FALSE,NA,NA,NA,NA,NA,NA
aus.republican1,3230,NA,FALSE,NA,NA,NA,NA,NA,NA
aus.republican1,3231,NA,FALSE,NA,NA,NA,NA,NA,NA
aus.republican1,3232,NA,FALSE,NA,NA,NA,NA,NA,NA
aus.republican1,3233,NA,FALSE,NA,NA,NA,NA,NA,NA
aus.republican1,3234,NA,FALSE,NA,NA,NA,NA,NA,NA
aus.republican1,3235,NA,FALSE,NA,NA,NA,NA,NA,NA
aus.republican1,3236,NA,FALSE,NA,NA,NA,NA,NA,NA
aus.republican1,3237,NA,FALSE,NA,NA,NA,NA,NA,NA
aus.republican1,3238,NA,FALSE,NA,NA,NA,NA,NA,NA
aus.republican1,3239,NA,FALSE,NA,NA,NA,NA,NA,NA
aus.republican1,3240,NA,FALSE,NA,NA,NA,NA,NA,NA
aus.republican1,3241,NA,FALSE,NA,NA,NA,NA,NA,NA
aus.republican1,3242,NA,FALSE,NA,NA,NA,NA,NA,NA
aus.republican1,3243,NA,FALSE,NA,NA,NA,NA,NA,NA
aus.republican1,3244,NA,FALSE,NA,NA,NA,NA,NA,NA
aus.republican1,3245,NA,FALSE,NA,NA,NA,NA,NA,NA
aus.republican1,3246,NA,FALSE,NA,NA,NA,NA,NA,NA
aus.republican1,3247,NA,FALSE,NA,NA,NA,NA,NA,NA
aus.republican1,3248,NA,FALSE,NA,NA,NA,NA,NA,NA
aus.republican1,3249,NA,FALSE,NA,NA,NA,NA,NA,NA
aus.republican1,3250,NA,FALSE,NA,NA,NA,NA,NA,NA
aus.republican1,3251,NA,FALSE,NA,NA,NA,NA,NA,NA
aus.republican1,3252,NA,FALSE,NA,NA,NA,NA,NA,NA
aus.republican1,3253,NA,FALSE,NA,NA,NA,NA,NA,NA
aus.republican1,3254,NA,FALSE,NA,NA,NA,NA,NA,NA
aus.republican1,3255,NA,FALSE,NA,NA,NA,NA,NA,NA
aus.republican1,3256,NA,FALSE,NA,NA,NA,NA,NA,NA
aus.republican1,3257,NA,FALSE,NA,NA,NA,NA,NA,NA
aus.republican1,3258,NA,FALSE,NA,NA,NA,NA,NA,NA
aus.republican1,3259,NA,FALSE,NA,NA,NA,NA,NA,NA
aus.republican1,3260,NA,FALSE,NA,NA,NA,NA,NA,NA
aus.republican1,3261,NA,FALSE,NA,NA,NA,NA,NA,NA
aus.republican1,3262,NA,FALSE,NA,NA,NA,NA,NA,NA
aus.republican1,3263,NA,FALSE,NA,NA,NA,NA,NA,NA
aus.republican1,3264,NA,FALSE,NA,NA,NA,NA,NA,NA
aus.republican1,3265,NA,FALSE,NA,NA,NA,NA,NA,NA
aus.republican1,3266,NA,FALSE,NA,NA,NA,NA,NA,NA
aus.republican1,3267,NA,FALSE,NA,NA,NA,NA,NA,NA
aus.republican1,3268,NA,FALSE,NA,NA,NA,NA,NA,NA
aus.republican1,3269,NA,FALSE,NA,NA,NA,NA,NA,NA
aus.republican1,3270,NA,FALSE,NA,NA,NA,NA,NA,NA
aus.republican1,3271,NA,FALSE,NA,NA,NA,NA,NA,NA
aus.republican1,3272,NA,FALSE,NA,NA,NA,NA,NA,NA
aus.republican1,3273,NA,FALSE,NA,NA,NA,NA,NA,NA
aus.republican1,3274,NA,FALSE,NA,NA,NA,NA,NA,NA
aus.republican1,3275,NA,FALSE,NA,NA,NA,NA,NA,NA
aus.republican1,3276,NA,FALSE,NA,NA,NA,NA,NA,NA
aus.republican1,3277,NA,FALSE,NA,NA,NA,NA,NA,NA
aus.republican1,3278,NA,FALSE,NA,NA,NA,NA,NA,NA
aus.republican1,3279,NA,FALSE,NA,NA,NA,NA,NA,NA
aus.republican1,3280,NA,FALSE,NA,NA,NA,NA,NA,NA
aus.republican1,3281,NA,FALSE,NA,NA,NA,NA,NA,NA
aus.republican1,3282,NA,FALSE,NA,NA,NA,NA,NA,NA
aus.republican1,3283,NA,FALSE,NA,NA,NA,NA,NA,NA
aus.republican1,3284,NA,FALSE,NA,NA,NA,NA,NA,NA
aus.republican1,3285,NA,FALSE,NA,NA,NA,NA,NA,NA
aus.republican1,3286,NA,FALSE,NA,NA,NA,NA,NA,NA
aus.republican1,3287,NA,FALSE,NA,NA,NA,NA,NA,NA
aus.republican1,3288,NA,FALSE,NA,NA,NA,NA,NA,NA
aus.republican1,3289,NA,FALSE,NA,NA,NA,NA,NA,NA
aus.republican1,3290,NA,FALSE,NA,NA,NA,NA,NA,NA
aus.republican1,3291,NA,FALSE,NA,NA,NA,NA,NA,NA
aus.republican1,3292,NA,FALSE,NA,NA,NA,NA,NA,NA
aus.republican1,3293,NA,FALSE,NA,NA,NA,NA,NA,NA
aus.republican1,3294,NA,FALSE,NA,NA,NA,NA,NA,NA
aus.republican1,3295,NA,FALSE,NA,NA,NA,NA,NA,NA
aus.republican1,3296,NA,FALSE,NA,NA,NA,NA,NA,NA
aus.republican1,3297,NA,FALSE,NA,NA,NA,NA,NA,NA
aus.republican1,3298,NA,FALSE,NA,NA,NA,NA,NA,NA
aus.republican1,3299,NA,FALSE,NA,NA,NA,NA,NA,NA
aus.republican1,3300,NA,FALSE,NA,NA,NA,NA,NA,NA
aus.republican1,3301,NA,FALSE,NA,NA,NA,NA,NA,NA
aus.republican1,3302,NA,FALSE,NA,NA,NA,NA,NA,NA
aus.republican1,3303,NA,FALSE,NA,NA,NA,NA,NA,NA
aus.republican1,3304,NA,FALSE,NA,NA,NA,NA,NA,NA
aus.republican1,3305,NA,FALSE,NA,NA,NA,NA,NA,NA
aus.republican1,3306,NA,FALSE,NA,NA,NA,NA,NA,NA
aus.republican1,3307,NA,FALSE,NA,NA,NA,NA,NA,NA
aus.republican1,3308,NA,FALSE,NA,NA,NA,NA,NA,NA
aus.republican1,3309,NA,FALSE,NA,NA,NA,NA,NA,NA
aus.republican1,3310,NA,FALSE,NA,NA,NA,NA,NA,NA
aus.republican1,3311,NA,FALSE,NA,NA,NA,NA,NA,NA
aus.republican1,3312,NA,FALSE,NA,NA,NA,NA,NA,NA
aus.republican1,3313,NA,FALSE,NA,NA,NA,NA,NA,NA
aus.republican1,3314,NA,FALSE,NA,NA,NA,NA,NA,NA
aus.republican1,3315,NA,FALSE,NA,NA,NA,NA,NA,NA
aus.republican1,3316,NA,FALSE,NA,NA,NA,NA,NA,NA
aus.republican1,3317,NA,FALSE,NA,NA,NA,NA,NA,NA
aus.republican1,3318,NA,FALSE,NA,NA,NA,NA,NA,NA
aus.republican1,3319,NA,FALSE,NA,NA,NA,NA,NA,NA
aus.republican1,3320,NA,FALSE,NA,NA,NA,NA,NA,NA
aus.republican1,3321,NA,FALSE,NA,NA,NA,NA,NA,NA
aus.republican1,3322,NA,FALSE,NA,NA,NA,NA,NA,NA
aus.republican1,3323,NA,FALSE,NA,NA,NA,NA,NA,NA
aus.republican1,3324,NA,FALSE,NA,NA,NA,NA,NA,NA
aus.republican1,3325,NA,FALSE,NA,NA,NA,NA,NA,NA
aus.republican1,3326,NA,FALSE,NA,NA,NA,NA,NA,NA
aus.republican1,3327,NA,FALSE,NA,NA,NA,NA,NA,NA
aus.republican1,3328,NA,FALSE,NA,NA,NA,NA,NA,NA
aus.republican1,3329,NA,FALSE,NA,NA,NA,NA,NA,NA
aus.republican1,3330,NA,FALSE,NA,NA,NA,NA,NA,NA
aus.republican1,3331,NA,FALSE,NA,NA,NA,NA,NA,NA
aus.republican1,3332,NA,FALSE,NA,NA,NA,NA,NA,NA
aus.republican1,3333,NA,FALSE,NA,NA,NA,NA,NA,NA
aus.republican1,3334,NA,FALSE,NA,NA,NA,NA,NA,NA
aus.republican1,3335,NA,FALSE,NA,NA,NA,NA,NA,NA
aus.republican1,3336,NA,FALSE,NA,NA,NA,NA,NA,NA
aus.republican1,3337,NA,FALSE,NA,NA,NA,NA,NA,NA
aus.republican1,3338,NA,FALSE,NA,NA,NA,NA,NA,NA
aus.republican1,3339,NA,FALSE,NA,NA,NA,NA,NA,NA
aus.republican1,3340,NA,FALSE,NA,NA,NA,NA,NA,NA
aus.republican1,3341,NA,FALSE,NA,NA,NA,NA,NA,NA
aus.republican1,3342,NA,FALSE,NA,NA,NA,NA,NA,NA
aus.republican1,3343,NA,FALSE,NA,NA,NA,NA,NA,NA
aus.republican1,3344,NA,FALSE,NA,NA,NA,NA,NA,NA
aus.republican1,3345,NA,FALSE,NA,NA,NA,NA,NA,NA
aus.republican1,3346,NA,FALSE,NA,NA,NA,NA,NA,NA
aus.republican1,3347,NA,FALSE,NA,NA,NA,NA,NA,NA
aus.republican1,3348,NA,FALSE,NA,NA,NA,NA,NA,NA
aus.republican1,3349,NA,FALSE,NA,NA,NA,NA,NA,NA
aus.republican1,3350,NA,FALSE,NA,NA,NA,NA,NA,NA
aus.republican1,3351,NA,FALSE,NA,NA,NA,NA,NA,NA
aus.republican1,3352,NA,FALSE,NA,NA,NA,NA,NA,NA
aus.republican1,3353,NA,FALSE,NA,NA,NA,NA,NA,NA
aus.republican1,3354,NA,FALSE,NA,NA,NA,NA,NA,NA
aus.republican1,3355,NA,FALSE,NA,NA,NA,NA,NA,NA
aus.republican1,3356,NA,FALSE,NA,NA,NA,NA,NA,NA
aus.republican1,3357,NA,FALSE,NA,NA,NA,NA,NA,NA
aus.republican1,3358,NA,FALSE,NA,NA,NA,NA,NA,NA
aus.republican1,3359,NA,FALSE,NA,NA,NA,NA,NA,NA
aus.republican1,3360,NA,FALSE,NA,NA,NA,NA,NA,NA
aus.republican1,3361,NA,FALSE,NA,NA,NA,NA,NA,NA
aus.republican1,3362,NA,FALSE,NA,NA,NA,NA,NA,NA
aus.republican1,3363,NA,FALSE,NA,NA,NA,NA,NA,NA
aus.republican1,3364,NA,FALSE,NA,NA,NA,NA,NA,NA
aus.republican1,3365,NA,FALSE,NA,NA,NA,NA,NA,NA
aus.republican1,3366,NA,FALSE,NA,NA,NA,NA,NA,NA
aus.republican1,3367,NA,FALSE,NA,NA,NA,NA,NA,NA
aus.republican1,3368,NA,FALSE,NA,NA,NA,NA,NA,NA
aus.republican1,3369,NA,FALSE,NA,NA,NA,NA,NA,NA
aus.republican1,3370,NA,FALSE,NA,NA,NA,NA,NA,NA
aus.republican1,3371,NA,FALSE,NA,NA,NA,NA,NA,NA
aus.republican1,3372,NA,FALSE,NA,NA,NA,NA,NA,NA
aus.republican1,3373,NA,FALSE,NA,NA,NA,NA,NA,NA
aus.republican1,3374,NA,FALSE,NA,NA,NA,NA,NA,NA
aus.republican1,3375,NA,FALSE,NA,NA,NA,NA,NA,NA
aus.republican1,3376,NA,FALSE,NA,NA,NA,NA,NA,NA
aus.republican1,3377,NA,FALSE,NA,NA,NA,NA,NA,NA
aus.republican1,3378,NA,FALSE,NA,NA,NA,NA,NA,NA
aus.republican1,3379,NA,FALSE,NA,NA,NA,NA,NA,NA
aus.republican1,3380,NA,FALSE,NA,NA,NA,NA,NA,NA
aus.republican1,3381,NA,FALSE,NA,NA,NA,NA,NA,NA
aus.republican1,3382,NA,FALSE,NA,NA,NA,NA,NA,NA
aus.republican1,3383,NA,FALSE,NA,NA,NA,NA,NA,NA
aus.republican1,3384,NA,FALSE,NA,NA,NA,NA,NA,NA
aus.republican1,3385,NA,FALSE,NA,NA,NA,NA,NA,NA
aus.republican1,3386,NA,FALSE,NA,NA,NA,NA,NA,NA
aus.republican1,3387,NA,FALSE,NA,NA,NA,NA,NA,NA
aus.republican1,3388,NA,FALSE,NA,NA,NA,NA,NA,NA
aus.republican1,3389,NA,FALSE,NA,NA,NA,NA,NA,NA
aus.republican1,3390,NA,FALSE,NA,NA,NA,NA,NA,NA
aus.republican1,3391,NA,FALSE,NA,NA,NA,NA,NA,NA
aus.republican1,3392,NA,FALSE,NA,NA,NA,NA,NA,NA
aus.republican1,3393,NA,FALSE,NA,NA,NA,NA,NA,NA
aus.republican1,3394,NA,FALSE,NA,NA,NA,NA,NA,NA
aus.republican1,3395,NA,FALSE,NA,NA,NA,NA,NA,NA
aus.republican1,3396,NA,FALSE,NA,NA,NA,NA,NA,NA
aus.republican1,3397,NA,FALSE,NA,NA,NA,NA,NA,NA
aus.republican1,3398,NA,FALSE,NA,NA,NA,NA,NA,NA
aus.republican1,3399,NA,FALSE,NA,NA,NA,NA,NA,NA
aus.republican1,3400,NA,FALSE,NA,NA,NA,NA,NA,NA
aus.republican1,3401,NA,FALSE,NA,NA,NA,NA,NA,NA
aus.republican1,3402,NA,FALSE,NA,NA,NA,NA,NA,NA
aus.republican1,3403,NA,FALSE,NA,NA,NA,NA,NA,NA
aus.republican1,3404,NA,FALSE,NA,NA,NA,NA,NA,NA
aus.republican1,3405,NA,FALSE,NA,NA,NA,NA,NA,NA
aus.republican1,3406,NA,FALSE,NA,NA,NA,NA,NA,NA
aus.republican1,3407,NA,FALSE,NA,NA,NA,NA,NA,NA
aus.republican1,3408,NA,FALSE,NA,NA,NA,NA,NA,NA
aus.republican1,3409,NA,FALSE,NA,NA,NA,NA,NA,NA
aus.republican1,3410,NA,FALSE,NA,NA,NA,NA,NA,NA
aus.republican1,3411,NA,FALSE,NA,NA,NA,NA,NA,NA
aus.republican1,3412,NA,FALSE,NA,NA,NA,NA,NA,NA
aus.republican1,3413,NA,FALSE,NA,NA,NA,NA,NA,NA
aus.republican1,3414,NA,FALSE,NA,NA,NA,NA,NA,NA
aus.republican1,3415,NA,FALSE,NA,NA,NA,NA,NA,NA
aus.republican1,3416,NA,FALSE,NA,NA,NA,NA,NA,NA
aus.republican1,3417,NA,FALSE,NA,NA,NA,NA,NA,NA
aus.republican1,3418,NA,FALSE,NA,NA,NA,NA,NA,NA
aus.republican1,3419,NA,FALSE,NA,NA,NA,NA,NA,NA
aus.republican1,3420,NA,FALSE,NA,NA,NA,NA,NA,NA
aus.republican1,3421,NA,FALSE,NA,NA,NA,NA,NA,NA
aus.republican1,3422,NA,FALSE,NA,NA,NA,NA,NA,NA
aus.republican1,3423,NA,FALSE,NA,NA,NA,NA,NA,NA
aus.republican1,3424,NA,FALSE,NA,NA,NA,NA,NA,NA
aus.republican1,3425,NA,FALSE,NA,NA,NA,NA,NA,NA
aus.republican1,3426,NA,FALSE,NA,NA,NA,NA,NA,NA
aus.republican1,3427,NA,FALSE,NA,NA,NA,NA,NA,NA
aus.republican1,3428,NA,FALSE,NA,NA,NA,NA,NA,NA
aus.republican1,3429,NA,FALSE,NA,NA,NA,NA,NA,NA
aus.republican1,3430,NA,FALSE,NA,NA,NA,NA,NA,NA
aus.republican1,3431,NA,FALSE,NA,NA,NA,NA,NA,NA
aus.republican1,3432,NA,FALSE,NA,NA,NA,NA,NA,NA
aus.republican1,3433,NA,FALSE,NA,NA,NA,NA,NA,NA
aus.republican1,3434,NA,FALSE,NA,NA,NA,NA,NA,NA
aus.republican1,3435,NA,FALSE,NA,NA,NA,NA,NA,NA
aus.republican1,3436,NA,FALSE,NA,NA,NA,NA,NA,NA
aus.republican1,3437,NA,FALSE,NA,NA,NA,NA,NA,NA
aus.republican1,3438,NA,FALSE,NA,NA,NA,NA,NA,NA
aus.republican1,3439,NA,FALSE,NA,NA,NA,NA,NA,NA
aus.republican1,3440,1,TRUE,2,1,1,1,0.9166666666666666,0.9166666666666666
aus.republican1,3441,2,FALSE,3,1,0,0,0.5833333333333334,0.5833333333333334
aus.republican1,3442,3,FALSE,97,100,0.5,0.5,0.75,0.75
aus.republican1,3443,4,TRUE,2,3,0.5,0.5,0.5,0.5
aus.republican1,3444,5,TRUE,1,2,1,1,0.6666666666666666,0.6666666666666666
aus.republican1,3445,6,TRUE,2,1,1,1,1,1
aus.republican1,3446,7,FALSE,3,1,0,0,0.3333333333333333,0.3333333333333333
aus.republican1,3447,8,TRUE,1,3,0.5,0.5,0.5833333333333334,0.5833333333333334
aus.republican1,3448,9,FALSE,3,1,0,0,0.3333333333333333,0.3333333333333333
aus.republican1,3449,10,FALSE,1,2,1,1,0.8333333333333334,0.8333333333333334
aus.republican1,3450,11,TRUE,3,1,0,0,0.4166666666666667,0.4166666666666667
aus.republican1,3451,12,TRUE,3,1,0,0,0.3333333333333333,0.3333333333333333
aus.republican1,3452,13,FALSE,1,3,0.5,0.5,0.75,0.75
aus.republican1,3453,14,FALSE,2,3,0.5,0.5,0.5,0.5
aus.republican1,3454,15,FALSE,1,2,1,1,0.6666666666666666,0.6666666666666666
aus.republican1,3455,16,FALSE,2,1,1,1,0.9166666666666666,0.9166666666666666
aus.republican1,3456,17,TRUE,1,2,1,1,0.9166666666666666,0.9166666666666666
aus.republican1,3457,18,FALSE,1,3,0.5,0.5,0.75,0.75
aus.republican1,3458,19,FALSE,1,3,0.5,0.5,0.6666666666666666,0.6666666666666666
aus.republican1,3459,20,FALSE,2,1,1,1,0.9166666666666666,0.9166666666666666
aus.republican1,3460,21,FALSE,2,1,1,1,0.9166666666666666,0.9166666666666666
aus.republican1,3461,22,FALSE,97,100,0.5,0.5,0.75,0.75
aus.republican1,3462,23,FALSE,1,2,1,1,1,1
aus.republican1,3463,24,TRUE,3,1,0,0,0.3333333333333333,0.3333333333333333
aus.republican1,3464,25,TRUE,97,100,0.5,0.5,0.75,0.75
aus.republican1,3465,26,FALSE,2,1,1,1,0.75,0.75
aus.republican1,3466,27,FALSE,3,1,0,0,0.6666666666666666,0.6666666666666666
aus.republican1,3467,28,FALSE,1,3,0.5,0.5,0.5,0.5
aus.republican1,3468,29,FALSE,1,2,1,1,0.8333333333333334,0.8333333333333334
aus.republican1,3469,30,FALSE,3,2,0,0,0.3333333333333333,0.3333333333333333
aus.republican1,3470,31,TRUE,1,3,0.5,0.5,0.5,0.5
aus.republican1,3471,32,TRUE,1,97,0.5,0.5,0.8333333333333334,0.8333333333333334
aus.republican1,3472,33,FALSE,3,97,0.5,0,0.16666666666666666,0
aus.republican1,3473,34,FALSE,2,1,1,1,0.75,0.75
aus.republican1,3474,35,FALSE,97,100,0.5,0.5,0.5,0.5
aus.republican1,3475,36,FALSE,1,2,1,1,0.6666666666666666,0.6666666666666666
aus.republican1,3476,37,FALSE,1,2,1,1,1,1
aus.republican1,3477,38,TRUE,1,2,1,1,0.9166666666666666,0.9166666666666666
aus.republican1,3478,39,TRUE,3,2,0,0,0.3333333333333333,0.3333333333333333
aus.republican1,3479,40,FALSE,1,2,1,1,0.75,0.75
aus.republican1,3480,41,FALSE,2,1,1,1,0.75,0.75
aus.republican1,3481,42,TRUE,2,3,0.5,0.5,0.5833333333333334,0.5833333333333334
aus.republican1,3482,43,TRUE,2,3,0.5,0.5,0.5833333333333334,0.5833333333333334
aus.republican1,3483,44,FALSE,3,1,0,0,0.6666666666666666,0.6666666666666666
aus.republican1,3484,45,FALSE,1,2,1,1,0.6666666666666666,0.6666666666666666
aus.republican1,3485,46,TRUE,1,2,1,1,1,1
aus.republican1,3486,47,FALSE,1,3,0.5,0.5,0.5833333333333334,0.5833333333333334
aus.republican1,3487,48,FALSE,3,97,0.5,0,0.5,0.3333333333333333
aus.republican1,3488,49,TRUE,3,1,0,0,0.25,0.25
aus.republican1,3489,50,FALSE,1,2,1,1,0.75,0.75
aus.republican1,3490,51,FALSE,3,97,0.5,0,0.5,0.3333333333333333
aus.republican1,3491,52,FALSE,2,1,1,1,0.9166666666666666,0.9166666666666666
aus.republican1,3492,53,FALSE,1,2,1,1,0.75,0.75
aus.republican1,3493,54,FALSE,2,1,1,1,0.8333333333333334,0.8333333333333334
aus.republican1,3494,55,FALSE,1,3,0.5,0.5,0.75,0.75
aus.republican1,3495,56,FALSE,2,1,1,1,0.75,0.75
aus.republican1,3496,57,TRUE,1,2,1,1,1,1
aus.republican1,3497,58,FALSE,2,3,0.5,0.5,0.8333333333333334,0.8333333333333334
aus.republican1,3498,59,FALSE,1,97,0.5,0.5,0.375,0.375
aus.republican1,3499,60,FALSE,1,2,1,1,1,1
aus.republican1,3500,61,TRUE,2,1,1,1,1,1
aus.republican1,3501,62,FALSE,1,2,1,1,0.6666666666666666,0.6666666666666666
aus.republican1,3502,63,FALSE,1,2,1,1,0.8333333333333334,0.8333333333333334
aus.republican1,3503,64,TRUE,3,97,0.5,0,0.25,0.08333333333333333
aus.republican1,3504,65,FALSE,1,2,1,1,0.6666666666666666,0.6666666666666666
aus.republican1,3505,66,FALSE,2,1,1,1,1,1
aus.republican1,3506,67,FALSE,1,2,1,1,1,1
aus.republican1,3507,68,TRUE,1,3,0.5,0.5,0.75,0.75
aus.republican1,3508,69,FALSE,1,3,0.5,0.5,0.5833333333333334,0.5833333333333334
aus.republican1,3509,70,FALSE,97,100,0.5,0.5,0.5,0.5
aus.republican1,3510,71,FALSE,3,1,0,0,0.3333333333333333,0.3333333333333333
aus.republican1,3511,72,FALSE,1,2,1,1,1,1
aus.republican1,3512,73,FALSE,1,2,1,1,1,1
aus.republican1,3513,74,FALSE,1,2,1,1,1,1
aus.republican1,3514,75,FALSE,2,1,1,1,0.9166666666666666,0.9166666666666666
aus.republican1,3515,76,FALSE,3,1,0,0,0.3333333333333333,0.3333333333333333
aus.republican1,3516,77,FALSE,3,1,0,0,0.3333333333333333,0.3333333333333333
aus.republican1,3517,78,FALSE,3,1,0,0,0.25,0.25
aus.republican1,3518,79,TRUE,3,1,0,0,0.4166666666666667,0.4166666666666667
aus.republican1,3519,80,FALSE,2,1,1,1,1,1
aus.republican1,3520,81,FALSE,1,2,1,1,1,1
aus.republican1,3521,82,FALSE,1,2,1,1,0.8333333333333334,0.8333333333333334
aus.republican1,3522,83,TRUE,3,97,0.5,0,0.5,0.3333333333333333
aus.republican1,3523,84,FALSE,3,1,0,0,0.4166666666666667,0.4166666666666667
aus.republican1,3524,85,FALSE,3,1,0,0,0.5,0.5
aus.republican1,3525,86,TRUE,1,2,1,1,1,1
aus.republican1,3526,87,TRUE,1,3,0.5,0.5,0.5833333333333334,0.5833333333333334
aus.republican1,3527,88,TRUE,1,2,1,1,1,1
aus.republican1,3528,89,FALSE,2,3,0.5,0.5,0.8333333333333334,0.8333333333333334
aus.republican1,3529,90,TRUE,2,3,0.5,0.5,0.5833333333333334,0.5833333333333334
aus.republican1,3530,91,FALSE,3,1,0,0,0.16666666666666666,0.16666666666666666
aus.republican1,3531,92,FALSE,1,2,1,1,1,1
aus.republican1,3532,93,TRUE,1,2,1,1,1,1
aus.republican1,3533,94,FALSE,3,1,0,0,0.16666666666666666,0.16666666666666666
aus.republican1,3534,95,TRUE,2,1,1,1,0.9166666666666666,0.9166666666666666
aus.republican1,3535,96,FALSE,3,1,0,0,0.5,0.5
aus.republican1,3536,97,FALSE,3,97,0.5,0,0.16666666666666666,0
aus.republican1,3537,98,FALSE,1,2,1,1,0.9166666666666666,0.9166666666666666
aus.republican1,3538,99,FALSE,3,97,0.5,0,0.5833333333333334,0.4166666666666667
aus.republican1,3539,100,FALSE,3,1,0,0,0.4166666666666667,0.4166666666666667
aus.republican1,3540,101,FALSE,1,2,1,1,0.9166666666666666,0.9166666666666666
aus.republican1,3541,102,FALSE,1,2,1,1,0.75,0.75
aus.republican1,3542,103,FALSE,1,2,1,1,0.9166666666666666,0.9166666666666666
aus.republican1,3543,104,FALSE,1,2,1,1,1,1
aus.republican1,3544,105,FALSE,1,3,0.5,0.5,0.6666666666666666,0.6666666666666666
aus.republican1,3545,106,FALSE,1,3,0.5,0.5,0.75,0.75
aus.republican1,3546,107,TRUE,3,1,0,0,0.3333333333333333,0.3333333333333333
aus.republican1,3547,108,TRUE,3,1,0,0,0.3333333333333333,0.3333333333333333
aus.republican1,3548,109,FALSE,97,100,0.5,0.5,0.75,0.75
aus.republican1,3549,110,TRUE,2,97,0.5,0.5,0.75,0.75
aus.republican1,3550,111,FALSE,1,3,0.5,0.5,0.5,0.5
aus.republican1,3551,112,FALSE,1,2,1,1,0.75,0.75
aus.republican1,3552,113,FALSE,1,2,1,1,1,1
aus.republican1,3553,114,FALSE,1,2,1,1,1,1
aus.republican1,3554,115,FALSE,1,3,0.5,0.5,0.5,0.5
aus.republican1,3555,116,FALSE,3,1,0,0,0.3333333333333333,0.3333333333333333
aus.republican1,3556,117,FALSE,1,2,1,1,1,1
aus.republican1,3557,118,FALSE,3,2,0,0,0.5833333333333334,0.5833333333333334
aus.republican1,3558,119,FALSE,1,2,1,1,0.9166666666666666,0.9166666666666666
aus.republican1,3559,120,FALSE,2,1,1,1,1,1
aus.republican1,3560,121,FALSE,1,3,0.5,0.5,0.5,0.5
aus.republican1,3561,122,FALSE,1,3,0.5,0.5,0.6666666666666666,0.6666666666666666
aus.republican1,3562,123,FALSE,2,1,1,1,0.75,0.75
aus.republican1,3563,124,FALSE,1,2,1,1,0.75,0.75
aus.republican1,3564,125,FALSE,1,3,0.5,0.5,0.5833333333333334,0.5833333333333334
aus.republican1,3565,126,TRUE,1,3,0.5,0.5,0.6666666666666666,0.6666666666666666
aus.republican1,3566,127,TRUE,1,2,1,1,1,1
aus.republican1,3567,128,FALSE,1,3,0.5,0.5,0.5833333333333334,0.5833333333333334
aus.republican1,3568,129,FALSE,1,2,1,1,1,1
aus.republican1,3569,130,TRUE,3,1,0,0,0.4166666666666667,0.4166666666666667
aus.republican1,3570,131,FALSE,3,1,0,0,0.3333333333333333,0.3333333333333333
aus.republican1,3571,132,FALSE,1,3,0.5,0.5,0.5,0.5
aus.republican1,3572,133,TRUE,2,1,1,1,1,1
aus.republican1,3573,134,FALSE,3,1,0,0,0.4166666666666667,0.4166666666666667
aus.republican1,3574,135,TRUE,1,2,1,1,0.9166666666666666,0.9166666666666666
aus.republican1,3575,136,FALSE,1,2,1,1,1,1
aus.republican1,3576,137,TRUE,1,2,1,1,0.75,0.75
aus.republican1,3577,138,FALSE,1,3,0.5,0.5,0.75,0.75
aus.republican1,3578,139,FALSE,1,3,0.5,0.5,0.6666666666666666,0.6666666666666666
aus.republican1,3579,140,FALSE,1,2,1,1,1,1
aus.republican1,3580,141,FALSE,3,1,0,0,0.25,0.25
aus.republican1,3581,142,TRUE,2,1,1,1,1,1
aus.republican1,3582,143,TRUE,1,2,1,1,0.6666666666666666,0.6666666666666666
aus.republican1,3583,144,FALSE,3,1,0,0,0.25,0.25
aus.republican1,3584,145,FALSE,97,100,0.5,0.5,0.5,0.5
aus.republican1,3585,146,TRUE,3,1,0,0,0.3333333333333333,0.3333333333333333
aus.republican1,3586,147,FALSE,1,2,1,1,1,1
aus.republican1,3587,148,FALSE,1,2,1,1,0.75,0.75
aus.republican1,3588,149,FALSE,1,2,1,1,0.9166666666666666,0.9166666666666666
aus.republican1,3589,150,FALSE,2,1,1,1,0.6666666666666666,0.6666666666666666
aus.republican1,3590,151,FALSE,2,3,0.5,0.5,0.6666666666666666,0.6666666666666666
aus.republican1,3591,152,TRUE,2,1,1,1,0.9166666666666666,0.9166666666666666
aus.republican1,3592,153,FALSE,1,2,1,1,0.8333333333333334,0.8333333333333334
aus.republican1,3593,154,TRUE,1,3,0.5,0.5,0.25,0.25
aus.republican1,3594,155,TRUE,1,3,0.5,0.5,0.6666666666666666,0.6666666666666666
aus.republican1,3595,156,FALSE,1,3,0.5,0.5,0.75,0.75
aus.republican1,3596,157,FALSE,1,2,1,1,0.9166666666666666,0.9166666666666666
aus.republican1,3597,158,TRUE,3,2,0,0,0.4166666666666667,0.4166666666666667
aus.republican1,3598,159,FALSE,3,1,0,0,0.25,0.25
aus.republican1,3599,160,FALSE,1,3,0.5,0.5,0.75,0.75
aus.republican1,3600,161,FALSE,2,3,0.5,0.5,0.75,0.75
aus.republican1,3601,162,FALSE,1,2,1,1,0.625,0.625
aus.republican1,3602,163,FALSE,2,1,1,1,1,1
aus.republican1,3603,164,TRUE,1,2,1,1,0.75,0.75
aus.republican1,3604,165,TRUE,2,1,1,1,1,1
aus.republican1,3605,166,FALSE,1,3,0.5,0.5,0.8333333333333334,0.8333333333333334
aus.republican1,3606,167,TRUE,1,3,0.5,0.5,0.5,0.5
aus.republican1,3607,168,FALSE,3,1,0,0,0.3333333333333333,0.3333333333333333
aus.republican1,3608,169,FALSE,1,3,0.5,0.5,0.6666666666666666,0.6666666666666666
aus.republican1,3609,170,TRUE,1,2,1,1,0.9166666666666666,0.9166666666666666
aus.republican1,3610,171,FALSE,2,1,1,1,0.9166666666666666,0.9166666666666666
aus.republican1,3611,172,FALSE,1,3,0.5,0.5,0.5833333333333334,0.5833333333333334
aus.republican1,3612,173,FALSE,1,3,0.5,0.5,0.5833333333333334,0.5833333333333334
aus.republican1,3613,174,TRUE,1,2,1,1,0.75,0.75
aus.republican1,3614,175,FALSE,97,100,0.5,0.5,0.6666666666666666,0.6666666666666666
aus.republican1,3615,176,FALSE,3,97,0.5,0,0.5,0.3333333333333333
aus.republican1,3616,177,TRUE,2,1,1,1,1,1
aus.republican1,3617,178,TRUE,1,2,1,1,1,1
aus.republican1,3618,179,FALSE,3,1,0,0,0.3333333333333333,0.3333333333333333
aus.republican1,3619,180,TRUE,3,1,0,0,0.3333333333333333,0.3333333333333333
aus.republican1,3620,181,FALSE,3,1,0,0,0.5833333333333334,0.5833333333333334
aus.republican1,3621,182,TRUE,1,2,1,1,0.75,0.75
aus.republican1,3622,183,TRUE,2,1,1,1,0.9166666666666666,0.9166666666666666
aus.republican1,3623,184,FALSE,1,3,0.5,0.5,0.75,0.75
aus.republican1,3624,185,FALSE,1,2,1,1,0.8333333333333334,0.8333333333333334
aus.republican1,3625,186,TRUE,1,3,0.5,0.5,0.5,0.5
aus.republican1,3626,187,FALSE,1,2,1,1,0.6666666666666666,0.6666666666666666
aus.republican1,3627,188,FALSE,1,2,1,1,1,1
aus.republican1,3628,189,TRUE,1,2,1,1,0.75,0.75
aus.republican1,3629,190,FALSE,1,3,0.5,0.5,0.5833333333333334,0.5833333333333334
aus.republican1,3630,191,FALSE,3,1,0,0,0.6666666666666666,0.6666666666666666
aus.republican1,3631,192,FALSE,3,1,0,0,0.3333333333333333,0.3333333333333333
aus.republican1,3632,193,FALSE,2,3,0.5,0.5,0.5833333333333334,0.5833333333333334
aus.republican1,3633,194,FALSE,1,2,1,1,0.6666666666666666,0.6666666666666666
aus.republican1,3634,195,FALSE,3,1,0,0,0.3333333333333333,0.3333333333333333
aus.republican1,3635,196,FALSE,1,3,0.5,0.5,0.6666666666666666,0.6666666666666666
aus.republican1,3636,197,FALSE,3,1,0,0,0.3333333333333333,0.3333333333333333
aus.republican1,3637,198,FALSE,3,2,0,0,0.4166666666666667,0.4166666666666667
aus.republican1,3638,199,TRUE,3,2,0,0,0.25,0.25
aus.republican1,3639,200,TRUE,3,1,0,0,0.3333333333333333,0.3333333333333333
aus.republican1,3640,201,FALSE,1,2,1,1,0.8333333333333334,0.8333333333333334
aus.republican1,3641,202,FALSE,3,1,0,0,0.5,0.5
aus.republican1,3642,203,FALSE,3,1,0,0,0.375,0.375
aus.republican1,3643,204,FALSE,1,97,0.5,0.5,0.75,0.75
aus.republican1,3644,205,TRUE,2,1,1,1,0.9166666666666666,0.9166666666666666
aus.republican1,3645,206,FALSE,3,1,0,0,0.3333333333333333,0.3333333333333333
aus.republican1,3646,207,FALSE,2,1,1,1,1,1
aus.republican1,3647,208,TRUE,1,2,1,1,1,1
aus.republican1,3648,209,FALSE,1,97,0.5,0.5,0.6666666666666666,0.6666666666666666
aus.republican1,3649,210,TRUE,3,2,0,0,0.3333333333333333,0.3333333333333333
aus.republican1,3650,211,FALSE,3,1,0,0,0.3333333333333333,0.3333333333333333
aus.republican1,3651,212,FALSE,1,2,1,1,1,1
aus.republican1,3652,213,FALSE,1,3,0.5,0.5,0.5833333333333334,0.5833333333333334
aus.republican1,3653,214,FALSE,3,1,0,0,0.4166666666666667,0.4166666666666667
aus.republican1,3654,215,FALSE,3,1,0,0,0.16666666666666666,0.16666666666666666
aus.republican1,3655,216,TRUE,3,1,0,0,0.3333333333333333,0.3333333333333333
aus.republican1,3656,217,FALSE,1,3,0.5,0.5,0.6666666666666666,0.6666666666666666
aus.republican1,3657,218,FALSE,97,100,0.5,0.5,0.75,0.75
aus.republican1,3658,219,FALSE,3,1,0,0,0.4166666666666667,0.4166666666666667
aus.republican1,3659,220,FALSE,1,3,0.5,0.5,0.75,0.75
aus.republican1,3660,221,FALSE,1,2,1,1,1,1
aus.republican1,3661,222,FALSE,1,3,0.5,0.5,0.5833333333333334,0.5833333333333334
aus.republican1,3662,223,FALSE,1,3,0.5,0.5,0.5,0.5
aus.republican1,3663,224,TRUE,1,3,0.5,0.5,0.75,0.75
aus.republican1,3664,225,FALSE,1,2,1,1,1,1
aus.republican1,3665,226,TRUE,2,3,0.5,0.5,0.8333333333333334,0.8333333333333334
aus.republican1,3666,227,FALSE,1,2,1,1,0.75,0.75
aus.republican1,3667,228,FALSE,3,1,0,0,0.3333333333333333,0.3333333333333333
aus.republican1,3668,229,FALSE,1,3,0.5,0.5,0.8333333333333334,0.8333333333333334
aus.republican1,3669,230,FALSE,1,2,1,1,0.6666666666666666,0.6666666666666666
aus.republican1,3670,231,FALSE,3,1,0,0,0.3333333333333333,0.3333333333333333
aus.republican1,3671,232,FALSE,1,2,1,1,0.6666666666666666,0.6666666666666666
aus.republican1,3672,233,FALSE,3,1,0,0,0.3333333333333333,0.3333333333333333
aus.republican1,3673,234,FALSE,1,2,1,1,0.9166666666666666,0.9166666666666666
aus.republican1,3674,235,FALSE,1,3,0.5,0.5,0.5833333333333334,0.5833333333333334
aus.republican1,3675,236,FALSE,1,3,0.5,0.5,0.75,0.75
aus.republican1,3676,237,FALSE,2,3,0.5,0.5,0.75,0.75
aus.republican1,3677,238,FALSE,3,1,0,0,0.4166666666666667,0.4166666666666667
aus.republican1,3678,239,TRUE,3,1,0,0,0.3333333333333333,0.3333333333333333
aus.republican1,3679,240,TRUE,3,1,0,0,0.4166666666666667,0.4166666666666667
aus.republican1,3680,241,FALSE,3,1,0,0,0.4166666666666667,0.4166666666666667
aus.republican1,3681,242,FALSE,3,1,0,0,0.5,0.5
aus.republican1,3682,243,FALSE,1,2,1,1,0.9166666666666666,0.9166666666666666
aus.republican1,3683,244,TRUE,1,2,1,1,0.625,0.625
aus.republican1,3684,245,FALSE,1,2,1,1,0.75,0.75
aus.republican1,3685,246,FALSE,2,3,0.5,0.5,0.75,0.75
aus.republican1,3686,247,FALSE,1,3,0.5,0.5,0.8333333333333334,0.8333333333333334
aus.republican1,3687,248,TRUE,1,3,0.5,0.5,0.5833333333333334,0.5833333333333334
aus.republican1,3688,249,TRUE,3,1,0,0,0.3333333333333333,0.3333333333333333
aus.republican1,3689,250,FALSE,1,3,0.5,0.5,0.75,0.75
aus.republican1,3690,251,FALSE,1,3,0.5,0.5,0.8333333333333334,0.8333333333333334
aus.republican1,3691,252,TRUE,3,1,0,0,0.4166666666666667,0.4166666666666667
aus.republican1,3692,253,FALSE,2,1,1,1,1,1
aus.republican1,3693,254,FALSE,1,3,0.5,0.5,0.5833333333333334,0.5833333333333334
aus.republican1,3694,255,FALSE,1,2,1,1,0.6666666666666666,0.6666666666666666
aus.republican1,3695,256,TRUE,97,100,0.5,0.5,0.75,0.75
aus.republican1,3696,257,FALSE,1,2,1,1,1,1
aus.republican1,3697,258,FALSE,3,1,0,0,0.25,0.25
aus.republican1,3698,259,FALSE,1,3,0.5,0.5,0.75,0.75
aus.republican1,3699,260,TRUE,1,3,0.5,0.5,0.5833333333333334,0.5833333333333334
aus.republican1,3700,261,FALSE,1,3,0.5,0.5,0.6666666666666666,0.6666666666666666
aus.republican1,3701,262,TRUE,1,2,1,1,1,1
aus.republican1,3702,263,FALSE,3,2,0,0,0.4166666666666667,0.4166666666666667
aus.republican1,3703,301,FALSE,1,2,1,1,0.9166666666666666,0.9166666666666666
aus.republican1,3704,302,FALSE,1,3,0.5,0.5,0.75,0.75
aus.republican1,3705,303,FALSE,1,2,1,1,0.8333333333333334,0.8333333333333334
aus.republican1,3706,304,FALSE,1,3,0.5,0.5,0.75,0.75
aus.republican1,3707,305,FALSE,3,2,0,0,0.3333333333333333,0.3333333333333333
aus.republican1,3708,306,FALSE,2,1,1,1,1,1
aus.republican1,3709,307,TRUE,3,97,0.5,0,0.5,0.3333333333333333
aus.republican1,3710,308,FALSE,1,2,1,1,1,1
aus.republican1,3711,309,TRUE,2,3,0.5,0.5,0.75,0.75
aus.republican1,3712,310,FALSE,2,1,1,1,0.9166666666666666,0.9166666666666666
aus.republican1,3713,311,FALSE,97,100,0.5,0.5,0.5,0.5
aus.republican1,3714,312,TRUE,1,2,1,1,1,1
aus.republican1,3715,313,TRUE,3,1,0,0,0.4166666666666667,0.4166666666666667
aus.republican1,3716,314,FALSE,1,2,1,1,1,1
aus.republican1,3717,315,TRUE,3,1,0,0,0.3333333333333333,0.3333333333333333
aus.republican1,3718,316,FALSE,3,2,0,0,0.4166666666666667,0.4166666666666667
aus.republican1,3719,317,FALSE,3,1,0,0,0.4166666666666667,0.4166666666666667
aus.republican1,3720,318,FALSE,2,1,1,1,0.6666666666666666,0.6666666666666666
aus.republican1,3721,319,FALSE,1,2,1,1,0.75,0.75
aus.republican1,3722,320,FALSE,1,2,1,1,0.6666666666666666,0.6666666666666666
aus.republican1,3723,321,TRUE,1,2,1,1,0.75,0.75
aus.republican1,3724,322,FALSE,1,3,0.5,0.5,0.5,0.5
aus.republican1,3725,323,FALSE,1,2,1,1,0.9166666666666666,0.9166666666666666
aus.republican1,3726,324,FALSE,1,2,1,1,0.9166666666666666,0.9166666666666666
aus.republican1,3727,325,FALSE,3,97,0.5,0,0.5,0.3333333333333333
aus.republican1,3728,326,FALSE,1,2,1,1,0.75,0.75
aus.republican1,3729,327,TRUE,3,1,0,0,0.16666666666666666,0.16666666666666666
aus.republican1,3730,328,FALSE,1,2,1,1,0.75,0.75
aus.republican1,3731,329,TRUE,2,1,1,1,0.9166666666666666,0.9166666666666666
aus.republican1,3732,330,FALSE,3,1,0,0,0.4166666666666667,0.4166666666666667
aus.republican1,3733,331,FALSE,3,97,0.5,0,0.4166666666666667,0.25
aus.republican1,3734,332,FALSE,1,3,0.5,0.5,0.8333333333333334,0.8333333333333334
aus.republican1,3735,333,FALSE,1,3,0.5,0.5,0.5833333333333334,0.5833333333333334
aus.republican1,3736,334,FALSE,3,1,0,0,0.3333333333333333,0.3333333333333333
aus.republican1,3737,335,FALSE,1,3,0.5,0.5,0.5833333333333334,0.5833333333333334
aus.republican1,3738,336,FALSE,97,100,0.5,0.5,0.4166666666666667,0.4166666666666667
aus.republican1,3739,337,FALSE,3,1,0,0,0.4166666666666667,0.4166666666666667
aus.republican1,3740,338,TRUE,1,2,1,1,0.6666666666666666,0.6666666666666666
aus.republican1,3741,339,FALSE,2,1,1,1,1,1
aus.republican1,3742,340,TRUE,97,100,0.5,0.5,0.75,0.75
aus.republican1,3743,341,FALSE,3,1,0,0,0.6666666666666666,0.6666666666666666
aus.republican1,3744,342,FALSE,3,1,0,0,0.4166666666666667,0.4166666666666667
aus.republican1,3745,343,TRUE,3,1,0,0,0.08333333333333333,0.08333333333333333
aus.republican1,3746,344,TRUE,2,1,1,1,1,1
aus.republican1,3747,345,FALSE,1,3,0.5,0.5,0.5833333333333334,0.5833333333333334
aus.republican1,3748,346,FALSE,3,2,0,0,0.4166666666666667,0.4166666666666667
aus.republican1,3749,347,FALSE,1,2,1,1,1,1
aus.republican1,3750,348,FALSE,1,2,1,1,1,1
aus.republican1,3751,349,FALSE,2,1,1,1,0.6666666666666666,0.6666666666666666
aus.republican1,3752,350,FALSE,1,2,1,1,0.75,0.75
aus.republican1,3753,351,FALSE,1,2,1,1,1,1
aus.republican1,3754,352,TRUE,97,100,0.5,0.5,0.5,0.5
aus.republican1,3755,353,TRUE,3,2,0,0,0.5,0.5
aus.republican1,3756,354,FALSE,3,1,0,0,0,0
aus.republican1,3757,355,FALSE,1,2,1,1,0.8333333333333334,0.8333333333333334
aus.republican1,3758,356,FALSE,3,1,0,0,0.4166666666666667,0.4166666666666667
aus.republican1,3759,357,TRUE,3,1,0,0,0.4166666666666667,0.4166666666666667
aus.republican1,3760,358,TRUE,1,2,1,1,1,1
aus.republican1,3761,359,FALSE,2,1,1,1,0.6666666666666666,0.6666666666666666
aus.republican1,3762,360,FALSE,3,1,0,0,0.3333333333333333,0.3333333333333333
aus.republican1,3763,361,TRUE,2,1,1,1,0.9166666666666666,0.9166666666666666
aus.republican1,3764,362,FALSE,3,2,0,0,0.3333333333333333,0.3333333333333333
aus.republican1,3765,363,FALSE,3,1,0,0,0.4166666666666667,0.4166666666666667
aus.republican1,3766,364,TRUE,3,1,0,0,0.3333333333333333,0.3333333333333333
aus.republican1,3767,365,FALSE,1,2,1,1,0.9166666666666666,0.9166666666666666
aus.republican1,3768,366,TRUE,1,2,1,1,1,1
aus.republican1,3769,367,FALSE,2,1,1,1,0.9166666666666666,0.9166666666666666
aus.republican1,3770,368,FALSE,1,3,0.5,0.5,0.75,0.75
aus.republican1,3771,369,FALSE,3,2,0,0,0.3333333333333333,0.3333333333333333
aus.republican1,3772,370,TRUE,1,2,1,1,1,1
aus.republican1,3773,371,FALSE,1,97,0.5,0.5,0.75,0.75
aus.republican1,3774,372,FALSE,3,2,0,0,0.4166666666666667,0.4166666666666667
aus.republican1,3775,373,FALSE,2,1,1,1,1,1
aus.republican1,3776,374,FALSE,1,97,0.5,0.5,0.75,0.75
aus.republican1,3777,375,FALSE,97,100,0.5,0.5,0.5833333333333334,0.5833333333333334
aus.republican1,3778,376,FALSE,3,1,0,0,0.3333333333333333,0.3333333333333333
aus.republican1,3779,377,FALSE,3,1,0,0,0.3333333333333333,0.3333333333333333
aus.republican1,3780,378,FALSE,1,3,0.5,0.5,0.75,0.75
aus.republican1,3781,379,FALSE,97,100,0.5,0.5,0.75,0.75
aus.republican1,3782,380,FALSE,3,1,0,0,0.3333333333333333,0.3333333333333333
aus.republican1,3783,381,FALSE,1,2,1,1,0.75,0.75
aus.republican1,3784,382,FALSE,1,2,1,1,0.9166666666666666,0.9166666666666666
aus.republican1,3785,383,FALSE,3,97,0.5,0,0.8333333333333334,0.6666666666666666
aus.republican1,3786,384,FALSE,3,1,0,0,0.3333333333333333,0.3333333333333333
aus.republican1,3787,385,FALSE,3,1,0,0,0.4166666666666667,0.4166666666666667
aus.republican1,3788,386,FALSE,3,1,0,0,0.3333333333333333,0.3333333333333333
aus.republican1,3789,387,FALSE,2,1,1,1,1,1
aus.republican1,3790,388,FALSE,1,3,0.5,0.5,0.5,0.5
aus.republican1,3791,389,FALSE,3,97,0.5,0,0.5,0.3333333333333333
aus.republican1,3792,390,FALSE,3,1,0,0,0.4166666666666667,0.4166666666666667
aus.republican1,3793,391,FALSE,1,3,0.5,0.5,0.6666666666666666,0.6666666666666666
aus.republican1,3794,392,FALSE,3,1,0,0,0.4166666666666667,0.4166666666666667
aus.republican1,3795,393,FALSE,1,3,0.5,0.5,0.75,0.75
aus.republican1,3796,394,FALSE,1,3,0.5,0.5,0.5833333333333334,0.5833333333333334
aus.republican1,3797,395,FALSE,1,3,0.5,0.5,0.75,0.75
aus.republican1,3798,396,TRUE,1,3,0.5,0.5,0.8333333333333334,0.8333333333333334
aus.republican1,3799,397,TRUE,1,2,1,1,0.6666666666666666,0.6666666666666666
aus.republican1,3800,398,FALSE,3,1,0,0,0.3333333333333333,0.3333333333333333
aus.republican1,3801,399,TRUE,1,2,1,1,0.9166666666666666,0.9166666666666666
aus.republican1,3802,400,FALSE,3,1,0,0,0.4166666666666667,0.4166666666666667
aus.republican1,3803,401,FALSE,3,1,0,0,0.4166666666666667,0.4166666666666667
aus.republican1,3804,402,FALSE,1,2,1,1,1,1
aus.republican1,3805,403,TRUE,3,1,0,0,0.3333333333333333,0.3333333333333333
aus.republican1,3806,404,TRUE,1,2,1,1,0.9166666666666666,0.9166666666666666
aus.republican1,3807,405,FALSE,1,3,0.5,0.5,0.5833333333333334,0.5833333333333334
aus.republican1,3808,406,FALSE,1,3,0.5,0.5,0.6666666666666666,0.6666666666666666
aus.republican1,3809,407,FALSE,1,2,1,1,0.6666666666666666,0.6666666666666666
aus.republican1,3810,408,FALSE,1,3,0.5,0.5,0.6666666666666666,0.6666666666666666
aus.republican1,3811,409,FALSE,1,3,0.5,0.5,0.5833333333333334,0.5833333333333334
aus.republican1,3812,410,FALSE,1,2,1,1,1,1
aus.republican1,3813,411,FALSE,3,1,0,0,0.3333333333333333,0.3333333333333333
aus.republican1,3814,412,FALSE,97,100,0.5,0.5,0.625,0.625
aus.republican1,3815,413,FALSE,3,1,0,0,0.5833333333333334,0.5833333333333334
aus.republican1,3816,414,FALSE,2,1,1,1,1,1
aus.republican1,3817,415,FALSE,3,2,0,0,0.6666666666666666,0.6666666666666666
aus.republican1,3818,416,FALSE,3,2,0,0,0.5,0.5
aus.republican1,3819,417,TRUE,2,1,1,1,0.75,0.75
aus.republican1,3820,418,FALSE,2,1,1,1,1,1
aus.republican1,3821,419,TRUE,1,3,0.5,0.5,0.5833333333333334,0.5833333333333334
aus.republican1,3822,420,TRUE,3,1,0,0,0.3333333333333333,0.3333333333333333
aus.republican1,3823,421,FALSE,1,97,0.5,0.5,0.8333333333333334,0.8333333333333334
aus.republican1,3824,422,FALSE,3,1,0,0,0.3333333333333333,0.3333333333333333
aus.republican1,3825,423,FALSE,1,2,1,1,0.9166666666666666,0.9166666666666666
aus.republican1,3826,424,FALSE,1,3,0.5,0.5,0.5833333333333334,0.5833333333333334
aus.republican1,3827,425,TRUE,1,3,0.5,0.5,0.75,0.75
aus.republican1,3828,426,FALSE,1,2,1,1,0.75,0.75
aus.republican1,3829,427,FALSE,2,3,0.5,0.5,0.5,0.5
aus.republican1,3830,428,FALSE,1,3,0.5,0.5,0.8333333333333334,0.8333333333333334
aus.republican1,3831,429,FALSE,1,2,1,1,0.9166666666666666,0.9166666666666666
aus.republican1,3832,430,TRUE,1,2,1,1,0.8333333333333334,0.8333333333333334
aus.republican1,3833,431,FALSE,3,1,0,0,0.4166666666666667,0.4166666666666667
aus.republican1,3834,432,TRUE,3,1,0,0,0.4166666666666667,0.4166666666666667
aus.republican1,3835,433,TRUE,97,100,0.5,0.5,0.75,0.75
aus.republican1,3836,434,FALSE,2,1,1,1,0.9166666666666666,0.9166666666666666
aus.republican1,3837,435,FALSE,97,100,0.5,0.5,0.75,0.75
aus.republican1,3838,436,FALSE,3,1,0,0,0.4166666666666667,0.4166666666666667
aus.republican1,3839,437,FALSE,3,1,0,0,0.4166666666666667,0.4166666666666667
aus.republican1,3840,438,FALSE,3,1,0,0,0.4166666666666667,0.4166666666666667
aus.republican1,3841,439,FALSE,3,1,0,0,0.3333333333333333,0.3333333333333333
aus.republican1,3842,440,FALSE,3,1,0,0,0.25,0.25
aus.republican1,3843,441,FALSE,1,2,1,1,1,1
aus.republican1,3844,442,FALSE,3,1,0,0,0.3333333333333333,0.3333333333333333
aus.republican1,3845,443,FALSE,1,3,0.5,0.5,0.75,0.75
aus.republican1,3846,444,FALSE,1,3,0.5,0.5,0.5833333333333334,0.5833333333333334
aus.republican1,3847,445,FALSE,1,2,1,1,1,1
aus.republican1,3848,446,FALSE,3,1,0,0,0.3333333333333333,0.3333333333333333
aus.republican1,3849,447,FALSE,3,1,0,0,0.6666666666666666,0.6666666666666666
aus.republican1,3850,448,FALSE,2,1,1,1,0.9166666666666666,0.9166666666666666
aus.republican1,3851,449,FALSE,3,2,0,0,0.4166666666666667,0.4166666666666667
aus.republican1,3852,450,FALSE,1,2,1,1,1,1
aus.republican1,3853,471,FALSE,3,1,0,0,0.3333333333333333,0.3333333333333333
aus.republican1,3854,472,FALSE,1,3,0.5,0.5,0.8333333333333334,0.8333333333333334
aus.republican1,3855,473,FALSE,1,2,1,1,0.9166666666666666,0.9166666666666666
aus.republican1,3856,474,FALSE,3,2,0,0,0.5833333333333334,0.5833333333333334
aus.republican1,3857,475,FALSE,3,1,0,0,0.5,0.5
aus.republican1,3858,476,FALSE,1,3,0.5,0.5,0.75,0.75
aus.republican1,3859,477,FALSE,2,3,0.5,0.5,0.5833333333333334,0.5833333333333334
aus.republican1,3860,478,FALSE,1,2,1,1,1,1
aus.republican1,3861,479,FALSE,1,2,1,1,1,1
aus.republican1,3862,480,TRUE,97,100,0.5,0.5,0.5833333333333334,0.5833333333333334
aus.republican1,3863,481,FALSE,3,2,0,0,0.25,0.25
aus.republican1,3864,482,TRUE,1,3,0.5,0.5,0.75,0.75
aus.republican1,3865,483,FALSE,2,1,1,1,0.9166666666666666,0.9166666666666666
aus.republican1,3866,484,TRUE,2,3,0.5,0.5,0.8333333333333334,0.8333333333333334
aus.republican1,3867,485,FALSE,2,1,1,1,0.6666666666666666,0.6666666666666666
aus.republican1,3868,486,FALSE,3,1,0,0,0.4166666666666667,0.4166666666666667
aus.republican1,3869,487,FALSE,3,2,0,0,0.3333333333333333,0.3333333333333333
aus.republican1,3870,488,FALSE,2,3,0.5,0.5,0.5833333333333334,0.5833333333333334
aus.republican1,3871,489,FALSE,2,1,1,1,0.75,0.75
aus.republican1,3872,490,FALSE,1,2,1,1,0.75,0.75
aus.republican1,3873,501,FALSE,3,1,0,0,0.6666666666666666,0.6666666666666666
aus.republican1,3874,502,FALSE,3,1,0,0,0.16666666666666666,0.16666666666666666
aus.republican1,3875,503,FALSE,3,1,0,0,0.4166666666666667,0.4166666666666667
aus.republican1,3876,504,TRUE,1,2,1,1,0.9166666666666666,0.9166666666666666
aus.republican1,3877,505,FALSE,3,1,0,0,0.5,0.5
aus.republican1,3878,506,FALSE,1,2,1,1,0.6666666666666666,0.6666666666666666
aus.republican1,3879,507,FALSE,2,3,0.5,0.5,0.5,0.5
aus.republican1,3880,508,FALSE,3,1,0,0,0.3333333333333333,0.3333333333333333
aus.republican1,3881,509,FALSE,1,2,1,1,1,1
aus.republican1,3882,510,FALSE,1,2,1,1,1,1
aus.republican1,3883,511,FALSE,1,3,0.5,0.5,0.5,0.5
aus.republican1,3884,512,TRUE,1,2,1,1,0.9166666666666666,0.9166666666666666
aus.republican1,3885,513,TRUE,1,2,1,1,0.9166666666666666,0.9166666666666666
aus.republican1,3886,514,TRUE,1,2,1,1,0.9166666666666666,0.9166666666666666
aus.republican1,3887,515,TRUE,2,3,0.5,0.5,0.75,0.75
aus.republican1,3888,516,FALSE,1,3,0.5,0.5,0.75,0.75
aus.republican1,3889,517,FALSE,2,1,1,1,0.75,0.75
aus.republican1,3890,518,FALSE,2,3,0.5,0.5,0.75,0.75
aus.republican1,3891,519,FALSE,3,1,0,0,0.3333333333333333,0.3333333333333333
aus.republican1,3892,520,TRUE,1,2,1,1,0.9166666666666666,0.9166666666666666
aus.republican1,3893,521,TRUE,1,3,0.5,0.5,0.5833333333333334,0.5833333333333334
aus.republican1,3894,522,TRUE,3,2,0,0,0.4166666666666667,0.4166666666666667
aus.republican1,3895,523,TRUE,1,3,0.5,0.5,0.8333333333333334,0.8333333333333334
aus.republican1,3896,524,FALSE,2,1,1,1,0.6666666666666666,0.6666666666666666
aus.republican1,3897,525,FALSE,1,3,0.5,0.5,0.5,0.5
aus.republican1,3898,526,FALSE,3,2,0,0,0.5,0.5
aus.republican1,3899,527,TRUE,3,1,0,0,0.3333333333333333,0.3333333333333333
aus.republican1,3900,528,TRUE,1,3,0.5,0.5,0.5833333333333334,0.5833333333333334
aus.republican1,3901,529,FALSE,2,1,1,1,1,1
aus.republican1,3902,530,TRUE,2,1,1,1,0.6666666666666666,0.6666666666666666
aus.republican1,3903,531,TRUE,1,97,0.5,0.5,0.8333333333333334,0.8333333333333334
aus.republican1,3904,532,TRUE,2,3,0.5,0.5,0.8333333333333334,0.8333333333333334
aus.republican1,3905,533,FALSE,1,2,1,1,0.6666666666666666,0.6666666666666666
aus.republican1,3906,534,FALSE,97,100,0.5,0.5,0.75,0.75
aus.republican1,3907,535,FALSE,3,1,0,0,0.3333333333333333,0.3333333333333333
aus.republican1,3908,536,FALSE,1,2,1,1,1,1
aus.republican1,3909,537,TRUE,1,2,1,1,1,1
aus.republican1,3910,538,TRUE,2,1,1,1,0.9166666666666666,0.9166666666666666
aus.republican1,3911,539,TRUE,2,1,1,1,0.6666666666666666,0.6666666666666666
aus.republican1,3912,540,FALSE,1,3,0.5,0.5,0.5,0.5
aus.republican1,3913,541,TRUE,1,2,1,1,1,1
aus.republican1,3914,542,TRUE,2,1,1,1,0.9166666666666666,0.9166666666666666
aus.republican1,3915,543,FALSE,97,100,0.5,0.5,0.8333333333333334,0.8333333333333334
aus.republican1,3916,544,FALSE,1,2,1,1,0.75,0.75
aus.republican1,3917,545,FALSE,1,2,1,1,1,1
aus.republican1,3918,546,FALSE,2,1,1,1,1,1
aus.republican1,3919,547,FALSE,2,1,1,1,0.9166666666666666,0.9166666666666666
aus.republican1,3920,548,FALSE,3,1,0,0,0.5833333333333334,0.5833333333333334
aus.republican1,3921,549,FALSE,1,97,0.5,0.5,0.8333333333333334,0.8333333333333334
aus.republican1,3922,550,FALSE,2,1,1,1,0.6666666666666666,0.6666666666666666
aus.republican1,3923,551,FALSE,3,1,0,0,0.4166666666666667,0.4166666666666667
aus.republican1,3924,552,FALSE,1,2,1,1,0.9166666666666666,0.9166666666666666
aus.republican1,3925,553,FALSE,3,97,0.5,0,0.5,0.3333333333333333
aus.republican1,3926,554,FALSE,97,100,0.5,0.5,0.5833333333333334,0.5833333333333334
aus.republican1,3927,555,FALSE,1,2,1,1,1,1
aus.republican1,3928,556,FALSE,2,1,1,1,1,1
aus.republican1,3929,557,TRUE,1,3,0.5,0.5,0.8333333333333334,0.8333333333333334
aus.republican1,3930,558,FALSE,1,2,1,1,1,1
aus.republican1,3931,559,FALSE,1,3,0.5,0.5,0.75,0.75
aus.republican1,3932,560,FALSE,1,3,0.5,0.5,0.5833333333333334,0.5833333333333334
aus.republican1,3933,561,FALSE,2,3,0.5,0.5,0.6666666666666666,0.6666666666666666
aus.republican1,3934,562,FALSE,3,1,0,0,0.16666666666666666,0.16666666666666666
aus.republican1,3935,563,FALSE,3,1,0,0,0.3333333333333333,0.3333333333333333
aus.republican1,3936,564,FALSE,3,1,0,0,0.4166666666666667,0.4166666666666667
aus.republican1,3937,565,TRUE,1,2,1,1,1,1
aus.republican1,3938,566,TRUE,1,3,0.5,0.5,0.5833333333333334,0.5833333333333334
aus.republican1,3939,567,FALSE,3,1,0,0,0.4166666666666667,0.4166666666666667
aus.republican1,3940,568,FALSE,1,2,1,1,1,1
aus.republican1,3941,569,TRUE,1,2,1,1,1,1
aus.republican1,3942,570,TRUE,1,2,1,1,0.6666666666666666,0.6666666666666666
aus.republican1,3943,571,TRUE,3,97,0.5,0,0.5,0.3333333333333333
aus.republican1,3944,572,TRUE,1,3,0.5,0.5,0.5,0.5
aus.republican1,3945,573,TRUE,1,2,1,1,1,1
aus.republican1,3946,574,FALSE,1,3,0.5,0.5,0.8333333333333334,0.8333333333333334
aus.republican1,3947,575,FALSE,3,1,0,0,0.25,0.25
aus.republican1,3948,576,FALSE,1,3,0.5,0.5,0.6666666666666666,0.6666666666666666
aus.republican1,3949,577,FALSE,3,1,0,0,0.5,0.5
aus.republican1,3950,578,FALSE,3,1,0,0,0.25,0.25
aus.republican1,3951,579,TRUE,2,3,0.5,0.5,0.8333333333333334,0.8333333333333334
aus.republican1,3952,580,FALSE,2,1,1,1,1,1
aus.republican1,3953,581,TRUE,2,1,1,1,1,1
aus.republican1,3954,582,TRUE,2,1,1,1,1,1
aus.republican1,3955,583,TRUE,1,2,1,1,0.9166666666666666,0.9166666666666666
aus.republican1,3956,584,FALSE,1,3,0.5,0.5,0.75,0.75
aus.republican1,3957,585,TRUE,3,1,0,0,0.4166666666666667,0.4166666666666667
aus.republican1,3958,586,FALSE,2,1,1,1,1,1
aus.republican1,3959,587,FALSE,3,1,0,0,0.3333333333333333,0.3333333333333333
aus.republican1,3960,588,FALSE,1,2,1,1,1,1
aus.republican1,3961,589,FALSE,1,3,0.5,0.5,0.75,0.75
aus.republican1,3962,590,FALSE,1,3,0.5,0.5,0.5833333333333334,0.5833333333333334
aus.republican1,3963,591,TRUE,2,3,0.5,0.5,0.75,0.75
aus.republican1,3964,592,TRUE,3,2,0,0,0.3333333333333333,0.3333333333333333
aus.republican1,3965,593,FALSE,1,3,0.5,0.5,0.75,0.75
aus.republican1,3966,594,FALSE,3,1,0,0,0.6666666666666666,0.6666666666666666
aus.republican1,3967,595,FALSE,1,2,1,1,0.8333333333333334,0.8333333333333334
aus.republican1,3968,596,TRUE,3,1,0,0,0.4166666666666667,0.4166666666666667
aus.republican1,3969,597,FALSE,3,1,0,0,0.5833333333333334,0.5833333333333334
aus.republican1,3970,598,FALSE,2,1,1,1,0.9166666666666666,0.9166666666666666
aus.republican1,3971,599,FALSE,1,2,1,1,1,1
aus.republican1,3972,600,TRUE,1,2,1,1,0.6666666666666666,0.6666666666666666
aus.republican1,3973,601,FALSE,1,2,1,1,0.8333333333333334,0.8333333333333334
aus.republican1,3974,602,TRUE,97,100,0.5,0.5,0.5,0.5
aus.republican1,3975,603,FALSE,1,3,0.5,0.5,0.5833333333333334,0.5833333333333334
aus.republican1,3976,604,FALSE,1,97,0.5,0.5,0.75,0.75
aus.republican1,3977,605,TRUE,3,1,0,0,0.3333333333333333,0.3333333333333333
aus.republican1,3978,606,FALSE,1,2,1,1,0.4166666666666667,0.4166666666666667
aus.republican1,3979,607,FALSE,1,2,1,1,1,1
aus.republican1,3980,608,FALSE,3,2,0,0,0.3333333333333333,0.3333333333333333
aus.republican1,3981,609,FALSE,2,1,1,1,0.9166666666666666,0.9166666666666666
aus.republican1,3982,610,FALSE,2,1,1,1,0.9166666666666666,0.9166666666666666
aus.republican1,3983,611,FALSE,1,2,1,1,0.75,0.75
aus.republican1,3984,612,FALSE,1,2,1,1,0.9166666666666666,0.9166666666666666
aus.republican1,3985,613,FALSE,2,1,1,1,0.9166666666666666,0.9166666666666666
aus.republican1,3986,614,TRUE,1,3,0.5,0.5,0.8333333333333334,0.8333333333333334
aus.republican1,3987,615,FALSE,3,2,0,0,0.4166666666666667,0.4166666666666667
aus.republican1,3988,616,FALSE,2,1,1,1,0.75,0.75
aus.republican1,3989,617,FALSE,1,2,1,1,1,1
aus.republican1,3990,618,FALSE,1,2,1,1,0.9166666666666666,0.9166666666666666
aus.republican1,3991,619,FALSE,1,3,0.5,0.5,0.75,0.75
aus.republican1,3992,620,FALSE,1,3,0.5,0.5,0.75,0.75
aus.republican1,3993,621,TRUE,2,1,1,1,1,1
aus.republican1,3994,622,TRUE,2,1,1,1,1,1
aus.republican1,3995,623,FALSE,1,2,1,1,0.9166666666666666,0.9166666666666666
aus.republican1,3996,624,TRUE,1,3,0.5,0.5,0.5833333333333334,0.5833333333333334
aus.republican1,3997,625,FALSE,3,1,0,0,0.3333333333333333,0.3333333333333333
aus.republican1,3998,626,FALSE,1,2,1,1,0.6666666666666666,0.6666666666666666
aus.republican1,3999,627,FALSE,3,1,0,0,0.5833333333333334,0.5833333333333334
aus.republican1,4000,628,FALSE,1,3,0.5,0.5,0.6666666666666666,0.6666666666666666
aus.republican1,4001,629,FALSE,1,2,1,1,0.9166666666666666,0.9166666666666666
aus.republican1,4002,630,FALSE,3,2,0,0,0.4166666666666667,0.4166666666666667
aus.republican1,4003,631,FALSE,1,2,1,1,0.9166666666666666,0.9166666666666666
aus.republican1,4004,632,TRUE,1,3,0.5,0.5,0.8333333333333334,0.8333333333333334
aus.republican1,4005,633,FALSE,1,3,0.5,0.5,0.5833333333333334,0.5833333333333334
aus.republican1,4006,634,FALSE,3,2,0,0,0.5833333333333334,0.5833333333333334
aus.republican1,4007,635,FALSE,1,2,1,1,1,1
aus.republican1,4008,636,FALSE,3,1,0,0,0.3333333333333333,0.3333333333333333
aus.republican1,4009,637,FALSE,3,2,0,0,0.4166666666666667,0.4166666666666667
aus.republican1,4010,638,FALSE,3,1,0,0,0.3333333333333333,0.3333333333333333
aus.republican1,4011,639,FALSE,1,3,0.5,0.5,0.8333333333333334,0.8333333333333334
aus.republican1,4012,640,TRUE,3,1,0,0,0.25,0.25
aus.republican1,4013,641,FALSE,1,2,1,1,0.8333333333333334,0.8333333333333334
aus.republican1,4014,642,TRUE,3,1,0,0,0.6666666666666666,0.6666666666666666
aus.republican1,4015,643,FALSE,97,100,0.5,0.5,0.5,0.5
aus.republican1,4016,644,TRUE,2,1,1,1,0.9166666666666666,0.9166666666666666
aus.republican1,4017,645,FALSE,1,97,0.5,0.5,0.75,0.75
aus.republican1,4018,646,FALSE,1,2,1,1,0.6666666666666666,0.6666666666666666
aus.republican1,4019,647,FALSE,3,1,0,0,0.25,0.25
aus.republican1,4020,648,TRUE,1,2,1,1,0.75,0.75
aus.republican1,4021,649,FALSE,3,1,0,0,0.5833333333333334,0.5833333333333334
aus.republican1,4022,650,TRUE,1,2,1,1,0.6666666666666666,0.6666666666666666
aus.republican1,4023,651,FALSE,1,2,1,1,0.9166666666666666,0.9166666666666666
aus.republican1,4024,652,FALSE,3,1,0,0,0.3333333333333333,0.3333333333333333
aus.republican1,4025,653,FALSE,97,100,0.5,0.5,0.5833333333333334,0.5833333333333334
aus.republican1,4026,654,FALSE,1,2,1,1,0.75,0.75
aus.republican1,4027,655,TRUE,1,2,1,1,1,1
aus.republican1,4028,656,FALSE,1,3,0.5,0.5,0.5,0.5
aus.republican1,4029,657,FALSE,3,1,0,0,0.6666666666666666,0.6666666666666666
aus.republican1,4030,658,TRUE,3,1,0,0,0.5,0.5
aus.republican1,4031,659,FALSE,2,97,0.5,0.5,0.75,0.75
aus.republican1,4032,660,FALSE,3,1,0,0,0.4166666666666667,0.4166666666666667
aus.republican1,4033,661,FALSE,1,2,1,1,0.6666666666666666,0.6666666666666666
aus.republican1,4034,662,FALSE,3,1,0,0,0.3333333333333333,0.3333333333333333
aus.republican1,4035,663,FALSE,2,1,1,1,0.6666666666666666,0.6666666666666666
aus.republican1,4036,664,TRUE,1,2,1,1,0.9166666666666666,0.9166666666666666
aus.republican1,4037,665,FALSE,3,2,0,0,0.3333333333333333,0.3333333333333333
aus.republican1,4038,666,FALSE,3,1,0,0,0.4166666666666667,0.4166666666666667
aus.republican1,4039,667,FALSE,3,1,0,0,0.25,0.25
aus.republican1,4040,668,TRUE,1,2,1,1,0.8333333333333334,0.8333333333333334
aus.republican1,4041,669,FALSE,97,100,0.5,0.5,0.5,0.5
aus.republican1,4042,670,FALSE,2,97,0.5,0.5,0.6666666666666666,0.6666666666666666
aus.republican1,4043,671,FALSE,1,3,0.5,0.5,0.75,0.75
aus.republican1,4044,672,FALSE,3,1,0,0,0.3333333333333333,0.3333333333333333
aus.republican1,4045,673,FALSE,1,97,0.5,0.5,0.5833333333333334,0.5833333333333334
aus.republican1,4046,674,FALSE,1,2,1,1,0.6666666666666666,0.6666666666666666
aus.republican1,4047,675,FALSE,1,2,1,1,1,1
aus.republican1,4048,676,FALSE,2,1,1,1,0.6666666666666666,0.6666666666666666
aus.republican1,4049,677,FALSE,1,3,0.5,0.5,0.375,0.375
aus.republican1,4050,678,FALSE,3,1,0,0,0.3333333333333333,0.3333333333333333
aus.republican1,4051,679,FALSE,3,2,0,0,0.3333333333333333,0.3333333333333333
aus.republican1,4052,680,FALSE,3,1,0,0,0.6666666666666666,0.6666666666666666
aus.republican1,4053,681,FALSE,1,3,0.5,0.5,0.8333333333333334,0.8333333333333334
aus.republican1,4054,682,FALSE,3,97,0.5,0,0.5,0.3333333333333333
aus.republican1,4055,683,TRUE,1,3,0.5,0.5,0.5833333333333334,0.5833333333333334
aus.republican1,4056,684,TRUE,1,2,1,1,1,1
aus.republican1,4057,685,TRUE,1,3,0.5,0.5,0.75,0.75
aus.republican1,4058,686,TRUE,1,2,1,1,0.75,0.75
aus.republican1,4059,687,TRUE,2,97,0.5,0.5,0.8333333333333334,0.8333333333333334
aus.republican1,4060,688,TRUE,2,1,1,1,0.5833333333333334,0.5833333333333334
aus.republican1,4061,689,TRUE,1,2,1,1,1,1
aus.republican1,4062,690,FALSE,1,2,1,1,1,1
aus.republican1,4063,691,FALSE,1,3,0.5,0.5,0.5833333333333334,0.5833333333333334
aus.republican1,4064,692,TRUE,1,2,1,1,1,1
aus.republican1,4065,693,TRUE,3,1,0,0,0.3333333333333333,0.3333333333333333
aus.republican1,4066,694,FALSE,3,1,0,0,0.3333333333333333,0.3333333333333333
aus.republican1,4067,695,FALSE,3,1,0,0,0.3333333333333333,0.3333333333333333
aus.republican1,4068,696,FALSE,1,2,1,1,0.9166666666666666,0.9166666666666666
aus.republican1,4069,697,FALSE,97,100,0.5,0.5,0.5833333333333334,0.5833333333333334
aus.republican1,4070,698,FALSE,3,1,0,0,0.6666666666666666,0.6666666666666666
aus.republican1,4071,699,TRUE,1,2,1,1,1,1
aus.republican1,4072,700,FALSE,1,2,1,1,0.9166666666666666,0.9166666666666666
aus.republican1,4073,701,FALSE,1,97,0.5,0.5,0.8333333333333334,0.8333333333333334
aus.republican1,4074,702,FALSE,3,2,0,0,0.5,0.5
aus.republican1,4075,703,FALSE,1,3,0.5,0.5,0.8333333333333334,0.8333333333333334
aus.republican1,4076,704,FALSE,1,3,0.5,0.5,0.5833333333333334,0.5833333333333334
aus.republican1,4077,705,FALSE,1,3,0.5,0.5,0.6666666666666666,0.6666666666666666
aus.republican1,4078,706,FALSE,1,3,0.5,0.5,0.5833333333333334,0.5833333333333334
aus.republican1,4079,707,FALSE,2,1,1,1,1,1
aus.republican1,4080,708,FALSE,1,2,1,1,1,1
aus.republican1,4081,709,FALSE,1,2,1,1,0.75,0.75
aus.republican1,4082,710,TRUE,2,1,1,1,1,1
aus.republican1,4083,711,FALSE,3,1,0,0,0.6666666666666666,0.6666666666666666
aus.republican1,4084,712,FALSE,1,2,1,1,0.9166666666666666,0.9166666666666666
aus.republican1,4085,713,FALSE,3,2,0,0,0.3333333333333333,0.3333333333333333
aus.republican1,4086,714,FALSE,1,3,0.5,0.5,0.8333333333333334,0.8333333333333334
aus.republican1,4087,715,FALSE,2,1,1,1,0.6666666666666666,0.6666666666666666
aus.republican1,4088,716,FALSE,3,2,0,0,0.5833333333333334,0.5833333333333334
aus.republican1,4089,717,TRUE,97,100,0.5,0.5,0.5833333333333334,0.5833333333333334
aus.republican1,4090,718,FALSE,2,1,1,1,0.9166666666666666,0.9166666666666666
aus.republican1,4091,719,TRUE,1,2,1,1,1,1
aus.republican1,4092,720,TRUE,1,3,0.5,0.5,0.5833333333333334,0.5833333333333334
aus.republican1,4093,721,TRUE,1,2,1,1,0.75,0.75
aus.republican1,4094,722,FALSE,3,1,0,0,0.3333333333333333,0.3333333333333333
aus.republican1,4095,723,TRUE,1,2,1,1,1,1
aus.republican1,4096,751,FALSE,3,97,0.5,0,0.5,0.3333333333333333
aus.republican1,4097,752,FALSE,3,1,0,0,0.3333333333333333,0.3333333333333333
aus.republican1,4098,753,FALSE,1,2,1,1,0.9166666666666666,0.9166666666666666
aus.republican1,4099,754,FALSE,1,3,0.5,0.5,0.5,0.5
aus.republican1,4100,755,FALSE,97,100,0.5,0.5,0.6666666666666666,0.6666666666666666
aus.republican1,4101,756,FALSE,3,97,0.5,0,0.5,0.3333333333333333
aus.republican1,4102,757,TRUE,1,3,0.5,0.5,0.5,0.5
aus.republican1,4103,758,TRUE,2,1,1,1,0.6666666666666666,0.6666666666666666
aus.republican1,4104,759,FALSE,97,100,0.5,0.5,0.6666666666666666,0.6666666666666666
aus.republican1,4105,760,FALSE,1,2,1,1,0.8333333333333334,0.8333333333333334
aus.republican1,4106,761,TRUE,1,2,1,1,0.75,0.75
aus.republican1,4107,762,FALSE,3,1,0,0,0.6666666666666666,0.6666666666666666
aus.republican1,4108,763,FALSE,1,2,1,1,0.6666666666666666,0.6666666666666666
aus.republican1,4109,764,TRUE,1,2,1,1,0.75,0.75
aus.republican1,4110,765,FALSE,1,2,1,1,0.9166666666666666,0.9166666666666666
aus.republican1,4111,766,FALSE,2,1,1,1,0.5833333333333334,0.5833333333333334
aus.republican1,4112,767,FALSE,3,1,0,0,0.5,0.5
aus.republican1,4113,768,FALSE,1,2,1,1,1,1
aus.republican1,4114,769,FALSE,3,1,0,0,0.5833333333333334,0.5833333333333334
aus.republican1,4115,770,FALSE,2,3,0.5,0.5,0.6666666666666666,0.6666666666666666
aus.republican1,4116,771,FALSE,1,3,0.5,0.5,0.5833333333333334,0.5833333333333334
aus.republican1,4117,772,TRUE,1,2,1,1,0.75,0.75
aus.republican1,4118,773,FALSE,1,3,0.5,0.5,0.5,0.5
aus.republican1,4119,774,FALSE,2,1,1,1,0.6666666666666666,0.6666666666666666
aus.republican1,4120,775,FALSE,2,1,1,1,1,1
aus.republican1,4121,776,FALSE,3,97,0.5,0,0.5,0.3333333333333333
aus.republican1,4122,777,FALSE,1,3,0.5,0.5,0.75,0.75
aus.republican1,4123,778,FALSE,1,3,0.5,0.5,0.6666666666666666,0.6666666666666666
aus.republican1,4124,779,TRUE,3,2,0,0,0,0
aus.republican1,4125,780,FALSE,2,1,1,1,0.6666666666666666,0.6666666666666666
aus.republican1,4126,781,FALSE,1,2,1,1,0.6666666666666666,0.6666666666666666
aus.republican1,4127,782,FALSE,1,2,1,1,0.6666666666666666,0.6666666666666666
aus.republican1,4128,783,FALSE,1,2,1,1,1,1
aus.republican1,4129,784,TRUE,97,100,0.5,0.5,0.75,0.75
aus.republican1,4130,785,FALSE,1,2,1,1,0.9166666666666666,0.9166666666666666
aus.republican1,4131,786,TRUE,3,97,0.5,0,0.5,0.3333333333333333
aus.republican1,4132,787,FALSE,2,1,1,1,1,1
aus.republican1,4133,788,TRUE,3,1,0,0,0.3333333333333333,0.3333333333333333
aus.republican1,4134,789,FALSE,3,1,0,0,0.5833333333333334,0.5833333333333334
aus.republican1,4135,790,TRUE,3,1,0,0,0.375,0.375
aus.republican1,4136,791,TRUE,1,3,0.5,0.5,0.5833333333333334,0.5833333333333334
aus.republican1,4137,792,FALSE,1,2,1,1,0.9166666666666666,0.9166666666666666
aus.republican1,4138,793,FALSE,2,1,1,1,1,1
aus.republican1,4139,794,FALSE,3,1,0,0,0.3333333333333333,0.3333333333333333
aus.republican1,4140,795,FALSE,3,97,0.5,0,0.4166666666666667,0.25
aus.republican1,4141,796,FALSE,1,2,1,1,0.6666666666666666,0.6666666666666666
aus.republican1,4142,797,FALSE,3,1,0,0,0.4166666666666667,0.4166666666666667
aus.republican1,4143,798,TRUE,1,2,1,1,0.75,0.75
aus.republican1,4144,799,FALSE,3,1,0,0,0.25,0.25
aus.republican1,4145,800,FALSE,3,1,0,0,0.4166666666666667,0.4166666666666667
aus.republican1,4146,801,FALSE,3,1,0,0,0.4166666666666667,0.4166666666666667
aus.republican1,4147,802,FALSE,3,1,0,0,0.16666666666666666,0.16666666666666666
aus.republican1,4148,803,TRUE,1,3,0.5,0.5,0.5,0.5
aus.republican1,4149,804,FALSE,1,3,0.5,0.5,0.5833333333333334,0.5833333333333334
aus.republican1,4150,805,TRUE,3,1,0,0,0.3333333333333333,0.3333333333333333
aus.republican1,4151,806,FALSE,1,2,1,1,1,1
aus.republican1,4152,807,FALSE,1,2,1,1,0.75,0.75
aus.republican1,4153,808,FALSE,97,100,0.5,0.5,0.5833333333333334,0.5833333333333334
aus.republican1,4154,809,FALSE,3,97,0.5,0,0.5,0.3333333333333333
aus.republican1,4155,810,FALSE,2,1,1,1,0.6666666666666666,0.6666666666666666
aus.republican1,4156,811,FALSE,1,2,1,1,0.9166666666666666,0.9166666666666666
aus.republican1,4157,812,TRUE,97,100,0.5,0.5,0.6666666666666666,0.6666666666666666
aus.republican1,4158,813,FALSE,1,2,1,1,1,1
aus.republican1,4159,814,FALSE,1,3,0.5,0.5,0.6666666666666666,0.6666666666666666
aus.republican1,4160,815,TRUE,1,3,0.5,0.5,0.6666666666666666,0.6666666666666666
aus.republican1,4161,816,TRUE,1,2,1,1,0.75,0.75
aus.republican1,4162,817,FALSE,2,1,1,1,0.8333333333333334,0.8333333333333334
aus.republican1,4163,818,TRUE,3,1,0,0,0,0
aus.republican1,4164,819,FALSE,1,3,0.5,0.5,0.5833333333333334,0.5833333333333334
aus.republican1,4165,820,TRUE,1,2,1,1,0.6666666666666666,0.6666666666666666
aus.republican1,4166,821,TRUE,1,3,0.5,0.5,0.6666666666666666,0.6666666666666666
aus.republican1,4167,822,TRUE,1,2,1,1,0.5,0.5
aus.republican1,4168,823,TRUE,1,2,1,1,0.75,0.75
aus.republican1,4169,824,FALSE,2,3,0.5,0.5,0.8333333333333334,0.8333333333333334
aus.republican1,4170,825,FALSE,3,1,0,0,0.4166666666666667,0.4166666666666667
aus.republican1,4171,826,FALSE,3,1,0,0,0.5,0.5
aus.republican1,4172,827,FALSE,3,1,0,0,0.4166666666666667,0.4166666666666667
aus.republican1,4173,828,TRUE,3,1,0,0,0.4166666666666667,0.4166666666666667
aus.republican1,4174,829,FALSE,97,100,0.5,0.5,0.5833333333333334,0.5833333333333334
aus.republican1,4175,830,TRUE,1,3,0.5,0.5,0.5,0.5
aus.republican1,4176,831,FALSE,1,3,0.5,0.5,0.5,0.5
aus.republican1,4177,832,FALSE,2,1,1,1,1,1
aus.republican1,4178,851,FALSE,2,1,1,1,0.6666666666666666,0.6666666666666666
aus.republican1,4179,852,FALSE,3,1,0,0,0.4166666666666667,0.4166666666666667
aus.republican1,4180,853,FALSE,3,2,0,0,0.6666666666666666,0.6666666666666666
aus.republican1,4181,854,TRUE,3,1,0,0,0.3333333333333333,0.3333333333333333
aus.republican1,4182,855,FALSE,1,3,0.5,0.5,0.6666666666666666,0.6666666666666666
aus.republican1,4183,856,FALSE,1,3,0.5,0.5,0.5,0.5
aus.republican1,4184,857,FALSE,1,3,0.5,0.5,0.5,0.5
aus.republican1,4185,858,TRUE,2,1,1,1,0.9166666666666666,0.9166666666666666
aus.republican1,4186,859,TRUE,2,3,0.5,0.5,0.75,0.75
aus.republican1,4187,860,FALSE,2,1,1,1,1,1
aus.republican1,4188,861,FALSE,2,1,1,1,0.6666666666666666,0.6666666666666666
aus.republican1,4189,862,FALSE,3,1,0,0,0.16666666666666666,0.16666666666666666
aus.republican1,4190,863,TRUE,1,2,1,1,1,1
aus.republican1,4191,864,FALSE,1,3,0.5,0.5,0.5,0.5
aus.republican1,4192,865,FALSE,1,3,0.5,0.5,0.75,0.75
aus.republican1,4193,866,TRUE,3,1,0,0,0.08333333333333333,0.08333333333333333
aus.republican1,4194,867,TRUE,1,3,0.5,0.5,0.5,0.5
aus.republican1,4195,868,TRUE,1,2,1,1,0.75,0.75
aus.republican1,4196,869,FALSE,2,1,1,1,1,1
aus.republican1,4197,870,FALSE,2,3,0.5,0.5,0.5,0.5
aus.republican1,4198,871,FALSE,1,3,0.5,0.5,0.8333333333333334,0.8333333333333334
aus.republican1,4199,872,FALSE,2,1,1,1,0.9166666666666666,0.9166666666666666
aus.republican1,4200,873,TRUE,1,2,1,1,0.6666666666666666,0.6666666666666666
aus.republican1,4201,874,TRUE,1,3,0.5,0.5,0.75,0.75
aus.republican1,4202,875,TRUE,3,1,0,0,0.4166666666666667,0.4166666666666667
aus.republican1,4203,876,FALSE,3,97,0.5,0,0.5,0.3333333333333333
aus.republican1,4204,877,TRUE,1,2,1,1,1,1
aus.republican1,4205,878,TRUE,2,3,0.5,0.5,0.5833333333333334,0.5833333333333334
aus.republican1,4206,879,FALSE,1,3,0.5,0.5,0.8333333333333334,0.8333333333333334
aus.republican1,4207,880,TRUE,1,3,0.5,0.5,0.5833333333333334,0.5833333333333334
aus.republican1,4208,881,TRUE,3,2,0,0,0.5,0.5
aus.republican1,4209,882,FALSE,1,2,1,1,0.9166666666666666,0.9166666666666666
aus.republican1,4210,883,FALSE,2,3,0.5,0.5,0.8333333333333334,0.8333333333333334
aus.republican1,4211,884,FALSE,97,100,0.5,0.5,0.625,0.625
aus.republican1,4212,885,FALSE,1,3,0.5,0.5,0.5,0.5
aus.republican1,4213,886,TRUE,2,1,1,1,0.9166666666666666,0.9166666666666666
aus.republican1,4214,887,FALSE,1,97,0.5,0.5,0.75,0.75
aus.republican1,4215,888,FALSE,2,1,1,1,1,1
aus.republican1,4216,889,FALSE,1,3,0.5,0.5,0.5,0.5
aus.republican1,4217,890,FALSE,1,97,0.5,0.5,0.6666666666666666,0.6666666666666666
aus.republican1,4218,891,FALSE,1,3,0.5,0.5,0.75,0.75
aus.republican1,4219,892,FALSE,1,3,0.5,0.5,0.6666666666666666,0.6666666666666666
aus.republican1,4220,893,FALSE,1,3,0.5,0.5,0.5,0.5
aus.republican1,4221,894,FALSE,3,1,0,0,0.5833333333333334,0.5833333333333334
aus.republican1,4222,895,FALSE,1,3,0.5,0.5,0.5,0.5
aus.republican1,4223,896,FALSE,3,1,0,0,0.4166666666666667,0.4166666666666667
aus.republican1,4224,897,FALSE,3,97,0.5,0,0.5,0.3333333333333333
aus.republican1,4225,898,FALSE,1,2,1,1,0.6666666666666666,0.6666666666666666
aus.republican1,4226,899,TRUE,2,1,1,1,0.75,0.75
aus.republican1,4227,900,FALSE,1,3,0.5,0.5,0.5833333333333334,0.5833333333333334
aus.republican1,4228,901,FALSE,1,2,1,1,0.75,0.75
aus.republican1,4229,902,FALSE,3,1,0,0,0.4166666666666667,0.4166666666666667
aus.republican1,4230,903,TRUE,1,3,0.5,0.5,0.5833333333333334,0.5833333333333334
aus.republican1,4231,904,FALSE,3,1,0,0,0.3333333333333333,0.3333333333333333
aus.republican1,4232,905,TRUE,1,2,1,1,0.9166666666666666,0.9166666666666666
aus.republican1,4233,906,FALSE,1,97,0.5,0.5,0.75,0.75
aus.republican1,4234,907,FALSE,3,1,0,0,0.3333333333333333,0.3333333333333333
aus.republican1,4235,908,FALSE,3,1,0,0,0.4166666666666667,0.4166666666666667
aus.republican1,4236,909,TRUE,2,1,1,1,1,1
aus.republican1,4237,910,FALSE,2,1,1,1,0.75,0.75
aus.republican1,4238,911,TRUE,1,3,0.5,0.5,0.75,0.75
aus.republican1,4239,912,FALSE,2,1,1,1,1,1
aus.republican1,4240,913,FALSE,2,1,1,1,0.875,0.875
aus.republican1,4241,914,FALSE,1,2,1,1,0.8333333333333334,0.8333333333333334
aus.republican1,4242,915,FALSE,3,97,0.5,0,0.4166666666666667,0.25
aus.republican1,4243,916,FALSE,3,1,0,0,0.3333333333333333,0.3333333333333333
aus.republican1,4244,917,FALSE,3,1,0,0,0.3333333333333333,0.3333333333333333
aus.republican1,4245,918,TRUE,1,3,0.5,0.5,0.6666666666666666,0.6666666666666666
aus.republican1,4246,919,FALSE,3,1,0,0,0.3333333333333333,0.3333333333333333
aus.republican1,4247,920,FALSE,1,2,1,1,0.9166666666666666,0.9166666666666666
aus.republican1,4248,921,FALSE,2,3,0.5,0.5,0.6666666666666666,0.6666666666666666
aus.republican1,4249,922,FALSE,1,3,0.5,0.5,0.5,0.5
aus.republican1,4250,951,FALSE,1,3,0.5,0.5,0.5833333333333334,0.5833333333333334
aus.republican1,4251,952,FALSE,1,2,1,1,1,1
aus.republican1,4252,953,FALSE,1,3,0.5,0.5,0.75,0.75
aus.republican1,4253,954,FALSE,1,3,0.5,0.5,0.5,0.5
aus.republican1,4254,955,FALSE,3,1,0,0,0.5,0.5
aus.republican1,4255,956,TRUE,3,1,0,0,0.3333333333333333,0.3333333333333333
aus.republican1,4256,957,FALSE,1,3,0.5,0.5,0.6666666666666666,0.6666666666666666
aus.republican1,4257,958,FALSE,1,3,0.5,0.5,0.5833333333333334,0.5833333333333334
aus.republican1,4258,959,FALSE,1,2,1,1,0.75,0.75
aus.republican1,4259,960,FALSE,3,2,0,0,0.4166666666666667,0.4166666666666667
aus.republican1,4260,961,FALSE,1,97,0.5,0.5,0.75,0.75
aus.republican1,4261,962,FALSE,1,3,0.5,0.5,0.5,0.5
aus.republican1,4262,963,FALSE,3,1,0,0,0.3333333333333333,0.3333333333333333
aus.republican1,4263,964,FALSE,3,1,0,0,0.3333333333333333,0.3333333333333333
aus.republican1,4264,965,FALSE,1,2,1,1,0.75,0.75
aus.republican1,4265,966,FALSE,1,3,0.5,0.5,0.6666666666666666,0.6666666666666666
aus.republican1,4266,967,FALSE,1,3,0.5,0.5,0.75,0.75
aus.republican1,4267,968,TRUE,1,3,0.5,0.5,0.8333333333333334,0.8333333333333334
aus.republican1,4268,969,FALSE,3,1,0,0,0.5,0.5
aus.republican1,4269,970,FALSE,3,1,0,0,0.3333333333333333,0.3333333333333333
aus.republican1,4270,971,FALSE,3,1,0,0,0.08333333333333333,0.08333333333333333
aus.republican1,4271,972,FALSE,2,1,1,1,0.9166666666666666,0.9166666666666666
aus.republican1,4272,973,FALSE,1,2,1,1,0.9166666666666666,0.9166666666666666
aus.republican1,4273,974,FALSE,1,2,1,1,0.6666666666666666,0.6666666666666666
aus.republican1,4274,975,TRUE,3,1,0,0,0.3333333333333333,0.3333333333333333
aus.republican1,4275,976,FALSE,3,1,0,0,0.4166666666666667,0.4166666666666667
aus.republican1,4276,1001,FALSE,1,3,0.5,0.5,0.5,0.5
aus.republican1,4277,1002,FALSE,97,100,0.5,0.5,0.8333333333333334,0.8333333333333334
aus.republican1,4278,1003,FALSE,1,2,1,1,0.75,0.75
aus.republican1,4279,1004,FALSE,1,2,1,1,0.6666666666666666,0.6666666666666666
aus.republican1,4280,1005,FALSE,97,100,0.5,0.5,0.75,0.75
aus.republican1,4281,1006,FALSE,1,2,1,1,1,1
aus.republican1,4282,1007,FALSE,1,2,1,1,1,1
aus.republican1,4283,1008,FALSE,97,100,0.5,0.5,0.5,0.5
aus.republican1,4284,1009,FALSE,3,1,0,0,0.3333333333333333,0.3333333333333333
aus.republican1,4285,1010,FALSE,1,3,0.5,0.5,0.5,0.5
aus.republican1,4286,1011,FALSE,1,3,0.5,0.5,0.75,0.75
aus.republican1,4287,1012,FALSE,1,97,0.5,0.5,0.5,0.5
aus.republican1,4288,1013,FALSE,2,3,0.5,0.5,0.6666666666666666,0.6666666666666666
aus.republican1,4289,1014,FALSE,1,3,0.5,0.5,0.5833333333333334,0.5833333333333334
aus.republican1,4290,1015,FALSE,2,3,0.5,0.5,0.5833333333333334,0.5833333333333334
aus.republican1,4291,1016,FALSE,1,3,0.5,0.5,0.8333333333333334,0.8333333333333334
aus.republican1,4292,1017,FALSE,1,3,0.5,0.5,0.4166666666666667,0.4166666666666667
aus.republican1,4293,1018,FALSE,1,2,1,1,0.9166666666666666,0.9166666666666666
aus.republican1,4294,1019,FALSE,2,1,1,1,1,1
aus.republican1,4295,1020,FALSE,3,1,0,0,0.5833333333333334,0.5833333333333334
aus.republican1,4296,1021,FALSE,1,2,1,1,0.9166666666666666,0.9166666666666666
aus.republican1,4297,1022,FALSE,1,2,1,1,0.9166666666666666,0.9166666666666666
aus.republican1,4298,1023,FALSE,2,3,0.5,0.5,0.8333333333333334,0.8333333333333334
aus.republican1,4299,1024,FALSE,1,3,0.5,0.5,0.8333333333333334,0.8333333333333334
aus.republican1,4300,1025,FALSE,1,3,0.5,0.5,0.6666666666666666,0.6666666666666666
aus.republican1,4301,1026,FALSE,1,3,0.5,0.5,0.5833333333333334,0.5833333333333334
aus.republican1,4302,1027,FALSE,1,2,1,1,0.6666666666666666,0.6666666666666666
aus.republican1,4303,1028,FALSE,2,3,0.5,0.5,0.75,0.75
aus.republican1,4304,1029,TRUE,2,1,1,1,1,1
aus.republican1,4305,1030,FALSE,3,1,0,0,0.3333333333333333,0.3333333333333333
aus.republican1,4306,1031,FALSE,2,1,1,1,1,1
aus.republican1,4307,1032,TRUE,1,2,1,1,0.6666666666666666,0.6666666666666666
aus.republican1,4308,1033,TRUE,1,2,1,1,1,1
aus.republican1,4309,1034,FALSE,97,100,0.5,0.5,0.75,0.75
aus.republican1,4310,1035,FALSE,3,2,0,0,0.4166666666666667,0.4166666666666667
aus.republican1,4311,1036,TRUE,1,2,1,1,0.9166666666666666,0.9166666666666666
aus.republican1,4312,1037,FALSE,1,3,0.5,0.5,0.8333333333333334,0.8333333333333334
aus.republican1,4313,1038,TRUE,1,2,1,1,0.75,0.75
aus.republican1,4314,1039,FALSE,3,1,0,0,0.3333333333333333,0.3333333333333333
aus.republican1,4315,1040,FALSE,1,2,1,1,0.6666666666666666,0.6666666666666666
aus.republican1,4316,1041,FALSE,2,1,1,1,1,1
aus.republican1,4317,1042,FALSE,97,100,0.5,0.5,0.8333333333333334,0.8333333333333334
aus.republican1,4318,1043,FALSE,3,1,0,0,0.5833333333333334,0.5833333333333334
aus.republican1,4319,1044,FALSE,97,100,0.5,0.5,0.5833333333333334,0.5833333333333334
aus.republican1,4320,1045,FALSE,1,3,0.5,0.5,0.75,0.75
aus.republican1,4321,1046,TRUE,2,1,1,1,1,1
aus.republican1,4322,1047,FALSE,3,1,0,0,0.5,0.5
aus.republican1,4323,1048,FALSE,1,3,0.5,0.5,0.5,0.5
aus.republican1,4324,1049,FALSE,3,1,0,0,0.6666666666666666,0.6666666666666666
aus.republican1,4325,1050,FALSE,1,3,0.5,0.5,0.5,0.5
aus.republican1,4326,1051,TRUE,1,3,0.5,0.5,0.6666666666666666,0.6666666666666666
aus.republican1,4327,1052,TRUE,3,97,0.5,0,0.5833333333333334,0.4166666666666667
aus.republican1,4328,1053,FALSE,1,3,0.5,0.5,0.8333333333333334,0.8333333333333334
aus.republican1,4329,1054,FALSE,97,100,0.5,0.5,0.75,0.75
aus.republican1,4330,1055,FALSE,2,1,1,1,0.9166666666666666,0.9166666666666666
aus.republican1,4331,1056,FALSE,1,2,1,1,0.6666666666666666,0.6666666666666666
aus.republican1,4332,1057,FALSE,3,1,0,0,0.4166666666666667,0.4166666666666667
aus.republican1,4333,1058,FALSE,1,3,0.5,0.5,0.5833333333333334,0.5833333333333334
aus.republican1,4334,1059,TRUE,1,3,0.5,0.5,0.5,0.5
aus.republican1,4335,1060,TRUE,1,2,1,1,0.75,0.75
aus.republican1,4336,1061,FALSE,2,3,0.5,0.5,0.5833333333333334,0.5833333333333334
aus.republican1,4337,1062,FALSE,1,2,1,1,0.6666666666666666,0.6666666666666666
aus.republican1,4338,1063,TRUE,1,97,0.5,0.5,0.75,0.75
aus.republican1,4339,1064,FALSE,3,97,0.5,0,0.75,0.5
aus.republican1,4340,1065,FALSE,1,3,0.5,0.5,0.5,0.5
aus.republican1,4341,1066,FALSE,3,1,0,0,0.3333333333333333,0.3333333333333333
aus.republican1,4342,1067,FALSE,3,97,0.5,0,0.16666666666666666,0
aus.republican1,4343,1068,FALSE,2,3,0.5,0.5,0.5833333333333334,0.5833333333333334
aus.republican1,4344,1069,TRUE,1,3,0.5,0.5,0.6666666666666666,0.6666666666666666
aus.republican1,4345,1070,FALSE,3,1,0,0,0.3333333333333333,0.3333333333333333
aus.republican1,4346,1071,TRUE,1,2,1,1,1,1
aus.republican1,4347,1072,FALSE,3,1,0,0,0.25,0.25
aus.republican1,4348,1073,FALSE,3,1,0,0,0.3333333333333333,0.3333333333333333
aus.republican1,4349,1074,FALSE,3,1,0,0,0.5,0.5
aus.republican1,4350,1075,TRUE,1,3,0.5,0.5,0.5,0.5
aus.republican1,4351,1076,FALSE,1,3,0.5,0.5,0.75,0.75
aus.republican1,4352,1077,FALSE,3,1,0,0,0.3333333333333333,0.3333333333333333
aus.republican1,4353,1078,FALSE,1,3,0.5,0.5,0.5,0.5
aus.republican1,4354,1079,FALSE,1,3,0.5,0.5,0.8333333333333334,0.8333333333333334
aus.republican1,4355,1080,FALSE,2,1,1,1,0.9166666666666666,0.9166666666666666
aus.republican1,4356,1081,TRUE,3,1,0,0,0.5,0.5
aus.republican1,4357,1082,TRUE,1,3,0.5,0.5,0.5833333333333334,0.5833333333333334
aus.republican1,4358,1083,FALSE,3,1,0,0,0.3333333333333333,0.3333333333333333
aus.republican1,4359,1084,TRUE,3,1,0,0,0.5833333333333334,0.5833333333333334
aus.republican1,4360,1085,TRUE,3,1,0,0,0.3333333333333333,0.3333333333333333
aus.republican1,4361,1086,FALSE,2,3,0.5,0.5,0.8333333333333334,0.8333333333333334
aus.republican1,4362,1087,TRUE,3,1,0,0,0.3333333333333333,0.3333333333333333
aus.republican1,4363,1088,FALSE,1,3,0.5,0.5,0.5833333333333334,0.5833333333333334
aus.republican1,4364,1101,TRUE,1,3,0.5,0.5,0.5833333333333334,0.5833333333333334
aus.republican1,4365,1102,FALSE,1,2,1,1,0.9166666666666666,0.9166666666666666
aus.republican1,4366,1103,FALSE,3,1,0,0,0.3333333333333333,0.3333333333333333
aus.republican1,4367,1104,FALSE,3,1,0,0,0.4166666666666667,0.4166666666666667
aus.republican1,4368,1105,FALSE,3,2,0,0,0.5833333333333334,0.5833333333333334
aus.republican1,4369,1106,TRUE,3,1,0,0,0.4166666666666667,0.4166666666666667
aus.republican1,4370,1107,TRUE,1,2,1,1,0.75,0.75
aus.republican1,4371,1108,TRUE,1,2,1,1,0.9166666666666666,0.9166666666666666
aus.republican1,4372,1109,FALSE,97,100,0.5,0.5,0.8333333333333334,0.8333333333333334
aus.republican1,4373,1110,TRUE,3,1,0,0,0.3333333333333333,0.3333333333333333
aus.republican1,4374,1111,TRUE,2,1,1,1,0.9166666666666666,0.9166666666666666
aus.republican1,4375,1112,TRUE,1,2,1,1,1,1
aus.republican1,4376,1113,TRUE,1,3,0.5,0.5,0.5,0.5
aus.republican1,4377,1114,FALSE,1,3,0.5,0.5,0.625,0.625
aus.republican1,4378,1115,TRUE,2,1,1,1,0.9166666666666666,0.9166666666666666
aus.republican1,4379,1116,FALSE,3,1,0,0,0.4166666666666667,0.4166666666666667
aus.republican1,4380,1117,TRUE,1,2,1,1,0.6666666666666666,0.6666666666666666
aus.republican1,4381,1118,TRUE,1,97,0.5,0.5,0.5833333333333334,0.5833333333333334
aus.republican1,4382,1119,TRUE,3,1,0,0,0.3333333333333333,0.3333333333333333
aus.republican1,4383,1120,FALSE,3,1,0,0,0.3333333333333333,0.3333333333333333
aus.republican1,4384,1121,FALSE,3,1,0,0,0.4166666666666667,0.4166666666666667
aus.republican1,4385,1122,FALSE,1,2,1,1,0.8333333333333334,0.8333333333333334
aus.republican1,4386,1123,FALSE,2,1,1,1,0.9166666666666666,0.9166666666666666
aus.republican1,4387,1124,TRUE,1,2,1,1,1,1
aus.republican1,4388,1125,FALSE,1,2,1,1,0.9166666666666666,0.9166666666666666
aus.republican1,4389,1126,FALSE,1,2,1,1,0.75,0.75
aus.republican1,4390,1127,FALSE,3,1,0,0,0.3333333333333333,0.3333333333333333
aus.republican1,4391,1128,FALSE,1,3,0.5,0.5,0.5,0.5
aus.republican1,4392,1129,FALSE,1,3,0.5,0.5,0.16666666666666666,0.16666666666666666
aus.republican1,4393,1130,TRUE,1,2,1,1,0.9166666666666666,0.9166666666666666
aus.republican1,4394,1201,TRUE,1,2,1,1,0.6666666666666666,0.6666666666666666
aus.republican1,4395,1202,TRUE,1,3,0.5,0.5,0.3333333333333333,0.3333333333333333
aus.republican1,4396,1203,TRUE,1,3,0.5,0.5,0.8333333333333334,0.8333333333333334
aus.republican1,4397,1204,TRUE,1,3,0.5,0.5,0.8333333333333334,0.8333333333333334
aus.republican1,4398,1205,FALSE,1,3,0.5,0.5,0.5,0.5
aus.republican1,4399,1206,FALSE,1,2,1,1,1,1
aus.republican1,4400,1207,TRUE,2,3,0.5,0.5,0.75,0.75
aus.republican1,4401,1208,FALSE,1,2,1,1,0.6666666666666666,0.6666666666666666
aus.republican1,4402,1209,FALSE,1,2,1,1,1,1
aus.republican1,4403,1210,FALSE,3,2,0,0,0.6666666666666666,0.6666666666666666
aus.republican1,4404,1211,FALSE,1,3,0.5,0.5,0.75,0.75
aus.republican1,4405,1212,TRUE,2,1,1,1,0.6666666666666666,0.6666666666666666
aus.republican1,4406,1213,FALSE,3,97,0.5,0,0.5,0.3333333333333333
aus.republican1,4407,1214,TRUE,2,1,1,1,0.9166666666666666,0.9166666666666666
aus.republican1,4408,1215,FALSE,3,1,0,0,0.4166666666666667,0.4166666666666667
aus.republican1,4409,1216,FALSE,3,1,0,0,0.3333333333333333,0.3333333333333333
aus.republican1,4410,1217,FALSE,3,1,0,0,0.3333333333333333,0.3333333333333333
aus.republican1,4411,1218,FALSE,1,3,0.5,0.5,0.75,0.75
aus.republican1,4412,1219,TRUE,3,1,0,0,0.5833333333333334,0.5833333333333334
aus.republican1,4413,1220,FALSE,1,2,1,1,0.9166666666666666,0.9166666666666666
aus.republican1,4414,1221,FALSE,1,3,0.5,0.5,0.75,0.75
aus.republican1,4415,1222,FALSE,1,3,0.5,0.5,0.5833333333333334,0.5833333333333334
aus.republican1,4416,1223,FALSE,3,1,0,0,0.4166666666666667,0.4166666666666667
aus.republican1,4417,1224,TRUE,97,100,0.5,0.5,0.8333333333333334,0.8333333333333334
aus.republican1,4418,1225,FALSE,1,3,0.5,0.5,0.75,0.75
aus.republican1,4419,1226,TRUE,3,2,0,0,0.3333333333333333,0.3333333333333333
aus.republican1,4420,1227,TRUE,3,1,0,0,0.5,0.5
aus.republican1,4421,1228,FALSE,1,2,1,1,0.9166666666666666,0.9166666666666666
aus.republican1,4422,1229,FALSE,3,1,0,0,0.4166666666666667,0.4166666666666667
aus.republican1,4423,1230,TRUE,2,3,0.5,0.5,0.5833333333333334,0.5833333333333334
aus.republican1,4424,1251,TRUE,2,3,0.5,0.5,0.8333333333333334,0.8333333333333334
aus.republican1,4425,1252,FALSE,97,100,0.5,0.5,0.5,0.5
aus.republican1,4426,1253,TRUE,1,3,0.5,0.5,0.5833333333333334,0.5833333333333334
aus.republican1,4427,1254,TRUE,1,3,0.5,0.5,0.6666666666666666,0.6666666666666666
aus.republican1,4428,1255,FALSE,2,1,1,1,0.9166666666666666,0.9166666666666666
aus.republican1,4429,1256,TRUE,3,1,0,0,0.08333333333333333,0.08333333333333333
aus.republican1,4430,1257,FALSE,2,1,1,1,0.9166666666666666,0.9166666666666666
aus.republican1,4431,1258,FALSE,3,1,0,0,0.3333333333333333,0.3333333333333333
aus.republican1,4432,1259,FALSE,1,3,0.5,0.5,0.5,0.5
aus.republican1,4433,1260,TRUE,3,1,0,0,0.3333333333333333,0.3333333333333333
aus.republican1,4434,1261,FALSE,97,100,0.5,0.5,0.6666666666666666,0.6666666666666666
aus.republican1,4435,1262,TRUE,1,2,1,1,1,1
aus.republican1,4436,1301,TRUE,2,3,0.5,0.5,0.5833333333333334,0.5833333333333334
aus.republican1,4437,1302,FALSE,2,3,0.5,0.5,0.6666666666666666,0.6666666666666666
aus.republican1,4438,1303,FALSE,1,2,1,1,0.75,0.75
aus.republican1,4439,1304,FALSE,1,2,1,1,0.9166666666666666,0.9166666666666666
aus.republican1,4440,1305,FALSE,1,2,1,1,0.6666666666666666,0.6666666666666666
aus.republican1,4441,1306,TRUE,2,3,0.5,0.5,0.75,0.75
aus.republican1,4442,1307,TRUE,2,1,1,1,0.6666666666666666,0.6666666666666666
aus.republican1,4443,1308,FALSE,1,2,1,1,0.6666666666666666,0.6666666666666666
aus.republican1,4444,1309,FALSE,3,1,0,0,0.4166666666666667,0.4166666666666667
aus.republican1,4445,1310,FALSE,2,1,1,1,1,1
aus.republican1,4446,1311,FALSE,97,100,0.5,0.5,0.5,0.5
aus.republican1,4447,1312,FALSE,3,1,0,0,0.4166666666666667,0.4166666666666667
aus.republican1,4448,1313,FALSE,1,2,1,1,1,1
aus.republican1,4449,1314,TRUE,1,3,0.5,0.5,0.5833333333333334,0.5833333333333334
aus.republican1,4450,1315,FALSE,1,2,1,1,1,1
aus.republican1,4451,1316,FALSE,1,3,0.5,0.5,0.25,0.25
aus.republican1,4452,1317,FALSE,3,1,0,0,0.4166666666666667,0.4166666666666667
aus.republican1,4453,1318,FALSE,3,1,0,0,0.4166666666666667,0.4166666666666667
aus.republican1,4454,1319,FALSE,1,2,1,1,0.9166666666666666,0.9166666666666666
aus.republican1,4455,1320,FALSE,1,3,0.5,0.5,0.75,0.75
aus.republican1,4456,1321,TRUE,1,3,0.5,0.5,0.5833333333333334,0.5833333333333334
aus.republican1,4457,1322,FALSE,1,2,1,1,0.9166666666666666,0.9166666666666666
aus.republican1,4458,1323,FALSE,1,2,1,1,0.75,0.75
aus.republican1,4459,1324,TRUE,3,2,0,0,0.5,0.5
aus.republican1,4460,1325,FALSE,1,2,1,1,0.9166666666666666,0.9166666666666666
aus.republican1,4461,1326,FALSE,1,3,0.5,0.5,0.5,0.5
aus.republican1,4462,1327,FALSE,1,3,0.5,0.5,0.75,0.75
aus.republican1,4463,1328,FALSE,1,2,1,1,0.75,0.75
aus.republican1,4464,1329,TRUE,1,3,0.5,0.5,0.75,0.75
aus.republican1,4465,1330,FALSE,1,2,1,1,1,1
aus.republican1,4466,1331,FALSE,2,1,1,1,1,1
aus.republican1,4467,1332,FALSE,1,2,1,1,0.8333333333333334,0.8333333333333334
aus.republican1,4468,1333,TRUE,2,3,0.5,0.5,0.5833333333333334,0.5833333333333334
aus.republican1,4469,1334,FALSE,3,1,0,0,0.3333333333333333,0.3333333333333333
aus.republican1,4470,1335,TRUE,2,1,1,1,0.6666666666666666,0.6666666666666666
aus.republican1,4471,1336,FALSE,3,1,0,0,0.3333333333333333,0.3333333333333333
aus.republican1,4472,1337,FALSE,1,2,1,1,0.6666666666666666,0.6666666666666666
aus.republican1,4473,1338,FALSE,1,2,1,1,1,1
aus.republican1,4474,1339,FALSE,1,2,1,1,1,1
aus.republican1,4475,1340,FALSE,1,2,1,1,0.9166666666666666,0.9166666666666666
aus.republican1,4476,1341,FALSE,1,3,0.5,0.5,0.75,0.75
aus.republican1,4477,1342,FALSE,1,3,0.5,0.5,0.4166666666666667,0.4166666666666667
aus.republican1,4478,1343,TRUE,1,3,0.5,0.5,0.5833333333333334,0.5833333333333334
aus.republican1,4479,1344,TRUE,1,3,0.5,0.5,0.5833333333333334,0.5833333333333334
aus.republican1,4480,1345,FALSE,1,3,0.5,0.5,0.5833333333333334,0.5833333333333334
aus.republican1,4481,1346,FALSE,1,3,0.5,0.5,0.4166666666666667,0.4166666666666667
aus.republican1,4482,1347,FALSE,97,100,0.5,0.5,0.5,0.5
aus.republican1,4483,1348,FALSE,1,3,0.5,0.5,0.8333333333333334,0.8333333333333334
aus.republican1,4484,1349,TRUE,1,2,1,1,0.6666666666666666,0.6666666666666666
aus.republican1,4485,1350,FALSE,1,97,0.5,0.5,0.5833333333333334,0.5833333333333334
aus.republican1,4486,1351,FALSE,1,2,1,1,1,1
aus.republican1,4487,1352,FALSE,2,1,1,1,0.8333333333333334,0.8333333333333334
aus.republican1,4488,1353,TRUE,1,3,0.5,0.5,0.8333333333333334,0.8333333333333334
aus.republican1,4489,1354,FALSE,3,1,0,0,0.4166666666666667,0.4166666666666667
aus.republican1,4490,1355,FALSE,1,2,1,1,0.9166666666666666,0.9166666666666666
aus.republican1,4491,1356,TRUE,1,3,0.5,0.5,0.5833333333333334,0.5833333333333334
aus.republican1,4492,1357,FALSE,1,3,0.5,0.5,0.5833333333333334,0.5833333333333334
aus.republican1,4493,1358,FALSE,3,1,0,0,0.3333333333333333,0.3333333333333333
aus.republican1,4494,1359,TRUE,3,1,0,0,0.3333333333333333,0.3333333333333333
aus.republican1,4495,1360,FALSE,1,3,0.5,0.5,0.6666666666666666,0.6666666666666666
aus.republican1,4496,1361,FALSE,1,3,0.5,0.5,0.6666666666666666,0.6666666666666666
aus.republican1,4497,1362,TRUE,3,1,0,0,0.4166666666666667,0.4166666666666667
aus.republican1,4498,1363,FALSE,3,1,0,0,0.25,0.25
aus.republican1,4499,1364,TRUE,1,3,0.5,0.5,0.75,0.75
aus.republican1,4500,1365,FALSE,1,2,1,1,0.75,0.75
aus.republican1,4501,1366,FALSE,3,1,0,0,0.3333333333333333,0.3333333333333333
aus.republican1,4502,1367,FALSE,1,2,1,1,0.75,0.75
aus.republican1,4503,1368,FALSE,3,1,0,0,0.4166666666666667,0.4166666666666667
aus.republican1,4504,1369,FALSE,1,2,1,1,1,1
aus.republican1,4505,1370,TRUE,3,1,0,0,0.4166666666666667,0.4166666666666667
aus.republican1,4506,1371,FALSE,1,2,1,1,0.9166666666666666,0.9166666666666666
aus.republican1,4507,1372,TRUE,97,100,0.5,0.5,0.6666666666666666,0.6666666666666666
aus.republican1,4508,1373,FALSE,1,2,1,1,0.75,0.75
aus.republican1,4509,1374,TRUE,3,1,0,0,0.3333333333333333,0.3333333333333333
aus.republican1,4510,1375,FALSE,3,1,0,0,0.3333333333333333,0.3333333333333333
aus.republican1,4511,1376,FALSE,3,2,0,0,0.3333333333333333,0.3333333333333333
aus.republican1,4512,1377,FALSE,3,1,0,0,0.4166666666666667,0.4166666666666667
aus.republican1,4513,1378,FALSE,2,1,1,1,0.6666666666666666,0.6666666666666666
aus.republican1,4514,1379,FALSE,2,1,1,1,0.9166666666666666,0.9166666666666666
aus.republican1,4515,1380,TRUE,3,1,0,0,0.3333333333333333,0.3333333333333333
aus.republican1,4516,1381,TRUE,1,3,0.5,0.5,0.5833333333333334,0.5833333333333334
aus.republican1,4517,1382,FALSE,1,3,0.5,0.5,0.5833333333333334,0.5833333333333334
aus.republican1,4518,1383,FALSE,2,3,0.5,0.5,0.6666666666666666,0.6666666666666666
aus.republican1,4519,1384,TRUE,1,3,0.5,0.5,0.5833333333333334,0.5833333333333334
aus.republican1,4520,1385,FALSE,3,1,0,0,0.3333333333333333,0.3333333333333333
aus.republican1,4521,1386,TRUE,1,3,0.5,0.5,0.5833333333333334,0.5833333333333334
aus.republican1,4522,1387,FALSE,3,1,0,0,0.3333333333333333,0.3333333333333333
aus.republican1,4523,1388,FALSE,1,2,1,1,0.9166666666666666,0.9166666666666666
aus.republican1,4524,1389,FALSE,3,1,0,0,0.3333333333333333,0.3333333333333333
aus.republican1,4525,1390,TRUE,2,1,1,1,1,1
aus.republican1,4526,1391,TRUE,1,3,0.5,0.5,0.75,0.75
aus.republican1,4527,1392,FALSE,3,1,0,0,0.08333333333333333,0.08333333333333333
aus.republican1,4528,1393,FALSE,3,1,0,0,0.3333333333333333,0.3333333333333333
aus.republican1,4529,1394,TRUE,3,1,0,0,0.4166666666666667,0.4166666666666667
aus.republican1,4530,1395,TRUE,3,1,0,0,0.5,0.5
aus.republican1,4531,1396,TRUE,1,2,1,1,1,1
aus.republican1,4532,1397,TRUE,1,2,1,1,1,1
aus.republican1,4533,1398,FALSE,2,3,0.5,0.5,0.5833333333333334,0.5833333333333334
aus.republican1,4534,1399,FALSE,2,1,1,1,0.9166666666666666,0.9166666666666666
aus.republican1,4535,1400,TRUE,97,100,0.5,0.5,0.5833333333333334,0.5833333333333334
aus.republican1,4536,1401,FALSE,1,3,0.5,0.5,0.5833333333333334,0.5833333333333334
aus.republican1,4537,1402,FALSE,1,2,1,1,0.75,0.75
aus.republican1,4538,1403,FALSE,1,2,1,1,0.9166666666666666,0.9166666666666666
aus.republican1,4539,1501,FALSE,1,3,0.5,0.5,0.5,0.5
aus.republican1,4540,1502,TRUE,3,1,0,0,0.3333333333333333,0.3333333333333333
aus.republican1,4541,1503,FALSE,1,3,0.5,0.5,0.5833333333333334,0.5833333333333334
aus.republican1,4542,1504,FALSE,3,97,0.5,0,0.5,0.3333333333333333
aus.republican1,4543,1505,TRUE,1,3,0.5,0.5,0.5833333333333334,0.5833333333333334
aus.republican1,4544,1506,FALSE,1,2,1,1,0.75,0.75
aus.republican1,4545,1507,FALSE,2,3,0.5,0.5,0.75,0.75
aus.republican1,4546,1508,FALSE,1,3,0.5,0.5,0.5,0.5
aus.republican1,4547,1509,FALSE,2,1,1,1,1,1
aus.republican1,4548,1510,FALSE,3,1,0,0,0.5,0.5
aus.republican1,4549,1511,TRUE,1,2,1,1,0.75,0.75
aus.republican1,4550,1512,TRUE,1,3,0.5,0.5,0.5833333333333334,0.5833333333333334
aus.republican1,4551,1513,TRUE,1,2,1,1,1,1
aus.republican1,4552,1514,FALSE,3,1,0,0,0.3333333333333333,0.3333333333333333
aus.republican1,4553,1515,TRUE,3,1,0,0,0.16666666666666666,0.16666666666666666
aus.republican1,4554,1516,TRUE,1,2,1,1,1,1
aus.republican1,4555,1517,FALSE,1,2,1,1,0.9166666666666666,0.9166666666666666
aus.republican1,4556,1518,TRUE,1,2,1,1,1,1
aus.republican1,4557,1519,FALSE,1,3,0.5,0.5,0.5833333333333334,0.5833333333333334
aus.republican1,4558,1520,TRUE,1,3,0.5,0.5,0.6666666666666666,0.6666666666666666
aus.republican1,4559,1521,FALSE,3,1,0,0,0.3333333333333333,0.3333333333333333
aus.republican1,4560,1522,FALSE,1,3,0.5,0.5,0.75,0.75
aus.republican1,4561,1523,TRUE,1,3,0.5,0.5,0.75,0.75
aus.republican1,4562,1524,FALSE,3,1,0,0,0.25,0.25
aus.republican1,4563,1525,TRUE,3,2,0,0,0.3333333333333333,0.3333333333333333
aus.republican1,4564,1526,TRUE,2,3,0.5,0.5,0.5,0.5
aus.republican1,4565,1527,TRUE,1,3,0.5,0.5,0.5833333333333334,0.5833333333333334
aus.republican1,4566,1528,FALSE,97,100,0.5,0.5,0.5833333333333334,0.5833333333333334
aus.republican1,4567,1529,FALSE,3,1,0,0,0.4166666666666667,0.4166666666666667
aus.republican1,4568,1530,FALSE,1,3,0.5,0.5,0.75,0.75
aus.republican1,4569,1531,FALSE,2,1,1,1,0.9166666666666666,0.9166666666666666
aus.republican1,4570,1532,FALSE,3,1,0,0,0.3333333333333333,0.3333333333333333
aus.republican1,4571,1533,TRUE,3,1,0,0,0.6666666666666666,0.6666666666666666
aus.republican1,4572,1534,FALSE,1,2,1,1,0.9166666666666666,0.9166666666666666
aus.republican1,4573,1535,FALSE,1,2,1,1,0.8333333333333334,0.8333333333333334
aus.republican1,4574,1536,TRUE,2,1,1,1,1,1
aus.republican1,4575,1537,TRUE,3,97,0.5,0,0.5,0.3333333333333333
aus.republican1,4576,1538,FALSE,1,2,1,1,1,1
aus.republican1,4577,1539,FALSE,1,3,0.5,0.5,0.75,0.75
aus.republican1,4578,1540,TRUE,2,1,1,1,1,1
aus.republican1,4579,1541,FALSE,3,1,0,0,0.3333333333333333,0.3333333333333333
aus.republican1,4580,1542,FALSE,1,3,0.5,0.5,0.5833333333333334,0.5833333333333334
aus.republican1,4581,1543,FALSE,1,3,0.5,0.5,0.6666666666666666,0.6666666666666666
aus.republican1,4582,1544,TRUE,1,3,0.5,0.5,0.75,0.75
aus.republican1,4583,1545,TRUE,2,1,1,1,0.9166666666666666,0.9166666666666666
aus.republican1,4584,1546,TRUE,1,2,1,1,0.9166666666666666,0.9166666666666666
aus.republican1,4585,1547,TRUE,3,97,0.5,0,0.5,0.3333333333333333
aus.republican1,4586,1548,FALSE,1,2,1,1,0.9166666666666666,0.9166666666666666
aus.republican1,4587,1549,FALSE,2,1,1,1,0.6666666666666666,0.6666666666666666
aus.republican1,4588,1550,FALSE,3,1,0,0,0.3333333333333333,0.3333333333333333
aus.republican1,4589,1551,FALSE,3,1,0,0,0.3333333333333333,0.3333333333333333
aus.republican1,4590,1552,FALSE,1,2,1,1,0.8333333333333334,0.8333333333333334
aus.republican1,4591,1553,TRUE,2,1,1,1,1,1
aus.republican1,4592,1554,TRUE,3,1,0,0,0.3333333333333333,0.3333333333333333
aus.republican1,4593,1555,FALSE,1,2,1,1,0.8333333333333334,0.8333333333333334
aus.republican1,4594,1556,FALSE,2,1,1,1,0.9166666666666666,0.9166666666666666
aus.republican1,4595,1557,FALSE,3,1,0,0,0.6666666666666666,0.6666666666666666
aus.republican1,4596,1558,TRUE,3,1,0,0,0.4166666666666667,0.4166666666666667
aus.republican1,4597,1559,FALSE,1,3,0.5,0.5,0.75,0.75
aus.republican1,4598,1560,TRUE,2,3,0.5,0.5,0.8333333333333334,0.8333333333333334
aus.republican1,4599,1561,TRUE,1,3,0.5,0.5,0.5833333333333334,0.5833333333333334
aus.republican1,4600,1562,FALSE,1,3,0.5,0.5,0.75,0.75
aus.republican1,4601,1563,FALSE,1,2,1,1,1,1
aus.republican1,4602,1564,FALSE,3,2,0,0,0.3333333333333333,0.3333333333333333
aus.republican1,4603,1565,TRUE,1,3,0.5,0.5,0.5,0.5
aus.republican1,4604,1566,FALSE,1,3,0.5,0.5,0.75,0.75
aus.republican1,4605,1567,FALSE,3,1,0,0,0.4166666666666667,0.4166666666666667
aus.republican1,4606,1568,FALSE,2,3,0.5,0.5,0.5833333333333334,0.5833333333333334
aus.republican1,4607,1569,FALSE,3,1,0,0,0.3333333333333333,0.3333333333333333
aus.republican1,4608,1570,FALSE,1,2,1,1,0.9166666666666666,0.9166666666666666
aus.republican1,4609,1571,FALSE,1,2,1,1,0.9166666666666666,0.9166666666666666
aus.republican1,4610,1572,TRUE,3,1,0,0,0.5,0.5
aus.republican1,4611,1573,FALSE,1,3,0.5,0.5,0.5833333333333334,0.5833333333333334
aus.republican1,4612,1574,FALSE,1,3,0.5,0.5,0.5833333333333334,0.5833333333333334
aus.republican1,4613,1575,FALSE,3,1,0,0,0.4166666666666667,0.4166666666666667
aus.republican1,4614,1576,FALSE,1,2,1,1,0.9166666666666666,0.9166666666666666
aus.republican1,4615,1577,FALSE,1,2,1,1,0.6666666666666666,0.6666666666666666
aus.republican1,4616,1578,TRUE,3,97,0.5,0,0.6666666666666666,0.5
aus.republican1,4617,1579,FALSE,3,1,0,0,0.5833333333333334,0.5833333333333334
aus.republican1,4618,1580,TRUE,2,1,1,1,0.6666666666666666,0.6666666666666666
aus.republican1,4619,1581,FALSE,1,3,0.5,0.5,0.5833333333333334,0.5833333333333334
aus.republican1,4620,1582,TRUE,2,3,0.5,0.5,0.8333333333333334,0.8333333333333334
aus.republican1,4621,1583,FALSE,3,2,0,0,0.6666666666666666,0.6666666666666666
aus.republican1,4622,1584,FALSE,3,1,0,0,0.4166666666666667,0.4166666666666667
aus.republican1,4623,1585,TRUE,1,3,0.5,0.5,0.5,0.5
aus.republican1,4624,1586,TRUE,3,1,0,0,0.3333333333333333,0.3333333333333333
aus.republican1,4625,1587,FALSE,1,3,0.5,0.5,0.6666666666666666,0.6666666666666666
aus.republican1,4626,1588,FALSE,1,3,0.5,0.5,0.75,0.75
aus.republican1,4627,1589,TRUE,1,2,1,1,0.9166666666666666,0.9166666666666666
aus.republican1,4628,1590,TRUE,3,1,0,0,0.16666666666666666,0.16666666666666666
aus.republican1,4629,1591,FALSE,1,3,0.5,0.5,0.5833333333333334,0.5833333333333334
aus.republican1,4630,1592,TRUE,1,3,0.5,0.5,0.5833333333333334,0.5833333333333334
aus.republican1,4631,1593,FALSE,3,1,0,0,0.4166666666666667,0.4166666666666667
aus.republican1,4632,1594,FALSE,1,3,0.5,0.5,0.5833333333333334,0.5833333333333334
aus.republican1,4633,1595,FALSE,1,2,1,1,1,1
aus.republican1,4634,1596,FALSE,3,1,0,0,0.4166666666666667,0.4166666666666667
aus.republican1,4635,1597,FALSE,1,2,1,1,0.9166666666666666,0.9166666666666666
aus.republican1,4636,1598,FALSE,3,1,0,0,0.3333333333333333,0.3333333333333333
aus.republican1,4637,1599,FALSE,3,1,0,0,0.4166666666666667,0.4166666666666667
aus.republican1,4638,1600,FALSE,1,3,0.5,0.5,0.5833333333333334,0.5833333333333334
aus.republican1,4639,1601,FALSE,3,1,0,0,0.5,0.5
aus.republican1,4640,1602,TRUE,3,97,0.5,0,0.75,0.5833333333333334
aus.republican1,4641,1603,FALSE,1,3,0.5,0.5,0.8333333333333334,0.8333333333333334
aus.republican1,4642,1604,TRUE,2,1,1,1,1,1
aus.republican1,4643,1605,FALSE,1,2,1,1,1,1
aus.republican1,4644,1606,FALSE,1,3,0.5,0.5,0.5833333333333334,0.5833333333333334
aus.republican1,4645,1607,FALSE,1,2,1,1,0.6666666666666666,0.6666666666666666
aus.republican1,4646,1608,TRUE,3,97,0.5,0,0.5,0.3333333333333333
aus.republican1,4647,1609,FALSE,1,2,1,1,1,1
aus.republican1,4648,1610,FALSE,3,97,0.5,0,0.5,0.3333333333333333
aus.republican1,4649,1611,FALSE,1,3,0.5,0.5,0.5,0.5
aus.republican1,4650,1612,FALSE,3,1,0,0,0.4166666666666667,0.4166666666666667
aus.republican1,4651,1613,FALSE,1,3,0.5,0.5,0.5833333333333334,0.5833333333333334
aus.republican1,4652,1614,FALSE,2,1,1,1,0.75,0.75
aus.republican1,4653,1615,FALSE,1,2,1,1,0.9166666666666666,0.9166666666666666
aus.republican1,4654,1616,FALSE,3,1,0,0,0.3333333333333333,0.3333333333333333
aus.republican1,4655,1617,FALSE,2,3,0.5,0.5,0.8333333333333334,0.8333333333333334
aus.republican1,4656,1618,FALSE,3,1,0,0,0.3333333333333333,0.3333333333333333
aus.republican1,4657,1619,FALSE,3,2,0,0,0.5,0.5
aus.republican1,4658,1620,FALSE,1,3,0.5,0.5,0.5833333333333334,0.5833333333333334
aus.republican1,4659,1621,FALSE,1,2,1,1,1,1
aus.republican2,1,NA,FALSE,NA,NA,NA,NA,NA,NA
aus.republican2,2,NA,FALSE,NA,NA,NA,NA,NA,NA
aus.republican2,3,NA,FALSE,NA,NA,NA,NA,NA,NA
aus.republican2,4,NA,FALSE,NA,NA,NA,NA,NA,NA
aus.republican2,5,NA,FALSE,NA,NA,NA,NA,NA,NA
aus.republican2,6,NA,FALSE,NA,NA,NA,NA,NA,NA
aus.republican2,7,NA,FALSE,NA,NA,NA,NA,NA,NA
aus.republican2,8,NA,FALSE,NA,NA,NA,NA,NA,NA
aus.republican2,9,NA,FALSE,NA,NA,NA,NA,NA,NA
aus.republican2,10,NA,FALSE,NA,NA,NA,NA,NA,NA
aus.republican2,11,NA,FALSE,NA,NA,NA,NA,NA,NA
aus.republican2,12,NA,FALSE,NA,NA,NA,NA,NA,NA
aus.republican2,13,NA,FALSE,NA,NA,NA,NA,NA,NA
aus.republican2,14,NA,FALSE,NA,NA,NA,NA,NA,NA
aus.republican2,15,NA,FALSE,NA,NA,NA,NA,NA,NA
aus.republican2,16,NA,FALSE,NA,NA,NA,NA,NA,NA
aus.republican2,17,NA,FALSE,NA,NA,NA,NA,NA,NA
aus.republican2,18,NA,FALSE,NA,NA,NA,NA,NA,NA
aus.republican2,19,NA,FALSE,NA,NA,NA,NA,NA,NA
aus.republican2,20,NA,FALSE,NA,NA,NA,NA,NA,NA
aus.republican2,21,NA,FALSE,NA,NA,NA,NA,NA,NA
aus.republican2,22,NA,FALSE,NA,NA,NA,NA,NA,NA
aus.republican2,23,NA,FALSE,NA,NA,NA,NA,NA,NA
aus.republican2,24,NA,FALSE,NA,NA,NA,NA,NA,NA
aus.republican2,25,NA,FALSE,NA,NA,NA,NA,NA,NA
aus.republican2,26,NA,FALSE,NA,NA,NA,NA,NA,NA
aus.republican2,27,NA,FALSE,NA,NA,NA,NA,NA,NA
aus.republican2,28,NA,FALSE,NA,NA,NA,NA,NA,NA
aus.republican2,29,NA,FALSE,NA,NA,NA,NA,NA,NA
aus.republican2,30,NA,FALSE,NA,NA,NA,NA,NA,NA
aus.republican2,31,NA,FALSE,NA,NA,NA,NA,NA,NA
aus.republican2,32,NA,FALSE,NA,NA,NA,NA,NA,NA
aus.republican2,33,NA,FALSE,NA,NA,NA,NA,NA,NA
aus.republican2,34,NA,FALSE,NA,NA,NA,NA,NA,NA
aus.republican2,35,NA,FALSE,NA,NA,NA,NA,NA,NA
aus.republican2,36,NA,FALSE,NA,NA,NA,NA,NA,NA
aus.republican2,37,NA,FALSE,NA,NA,NA,NA,NA,NA
aus.republican2,38,NA,FALSE,NA,NA,NA,NA,NA,NA
aus.republican2,39,NA,FALSE,NA,NA,NA,NA,NA,NA
aus.republican2,40,NA,FALSE,NA,NA,NA,NA,NA,NA
aus.republican2,41,NA,FALSE,NA,NA,NA,NA,NA,NA
aus.republican2,42,NA,FALSE,NA,NA,NA,NA,NA,NA
aus.republican2,43,NA,FALSE,NA,NA,NA,NA,NA,NA
aus.republican2,44,NA,FALSE,NA,NA,NA,NA,NA,NA
aus.republican2,45,NA,FALSE,NA,NA,NA,NA,NA,NA
aus.republican2,46,NA,FALSE,NA,NA,NA,NA,NA,NA
aus.republican2,47,NA,FALSE,NA,NA,NA,NA,NA,NA
aus.republican2,48,NA,FALSE,NA,NA,NA,NA,NA,NA
aus.republican2,49,NA,FALSE,NA,NA,NA,NA,NA,NA
aus.republican2,50,NA,FALSE,NA,NA,NA,NA,NA,NA
aus.republican2,51,NA,FALSE,NA,NA,NA,NA,NA,NA
aus.republican2,52,NA,FALSE,NA,NA,NA,NA,NA,NA
aus.republican2,53,NA,FALSE,NA,NA,NA,NA,NA,NA
aus.republican2,54,NA,FALSE,NA,NA,NA,NA,NA,NA
aus.republican2,55,NA,FALSE,NA,NA,NA,NA,NA,NA
aus.republican2,56,NA,FALSE,NA,NA,NA,NA,NA,NA
aus.republican2,57,NA,FALSE,NA,NA,NA,NA,NA,NA
aus.republican2,58,NA,FALSE,NA,NA,NA,NA,NA,NA
aus.republican2,59,NA,FALSE,NA,NA,NA,NA,NA,NA
aus.republican2,60,NA,FALSE,NA,NA,NA,NA,NA,NA
aus.republican2,61,NA,FALSE,NA,NA,NA,NA,NA,NA
aus.republican2,62,NA,FALSE,NA,NA,NA,NA,NA,NA
aus.republican2,63,NA,FALSE,NA,NA,NA,NA,NA,NA
aus.republican2,64,NA,FALSE,NA,NA,NA,NA,NA,NA
aus.republican2,65,NA,FALSE,NA,NA,NA,NA,NA,NA
aus.republican2,66,NA,FALSE,NA,NA,NA,NA,NA,NA
aus.republican2,67,NA,FALSE,NA,NA,NA,NA,NA,NA
aus.republican2,68,NA,FALSE,NA,NA,NA,NA,NA,NA
aus.republican2,69,NA,FALSE,NA,NA,NA,NA,NA,NA
aus.republican2,70,NA,FALSE,NA,NA,NA,NA,NA,NA
aus.republican2,71,NA,FALSE,NA,NA,NA,NA,NA,NA
aus.republican2,72,NA,FALSE,NA,NA,NA,NA,NA,NA
aus.republican2,73,NA,FALSE,NA,NA,NA,NA,NA,NA
aus.republican2,74,NA,FALSE,NA,NA,NA,NA,NA,NA
aus.republican2,75,NA,FALSE,NA,NA,NA,NA,NA,NA
aus.republican2,76,NA,FALSE,NA,NA,NA,NA,NA,NA
aus.republican2,77,NA,FALSE,NA,NA,NA,NA,NA,NA
aus.republican2,78,NA,FALSE,NA,NA,NA,NA,NA,NA
aus.republican2,79,NA,FALSE,NA,NA,NA,NA,NA,NA
aus.republican2,80,NA,FALSE,NA,NA,NA,NA,NA,NA
aus.republican2,81,NA,FALSE,NA,NA,NA,NA,NA,NA
aus.republican2,82,NA,FALSE,NA,NA,NA,NA,NA,NA
aus.republican2,83,NA,FALSE,NA,NA,NA,NA,NA,NA
aus.republican2,84,NA,FALSE,NA,NA,NA,NA,NA,NA
aus.republican2,85,NA,FALSE,NA,NA,NA,NA,NA,NA
aus.republican2,86,NA,FALSE,NA,NA,NA,NA,NA,NA
aus.republican2,87,NA,FALSE,NA,NA,NA,NA,NA,NA
aus.republican2,88,NA,FALSE,NA,NA,NA,NA,NA,NA
aus.republican2,89,NA,FALSE,NA,NA,NA,NA,NA,NA
aus.republican2,90,NA,FALSE,NA,NA,NA,NA,NA,NA
aus.republican2,91,NA,FALSE,NA,NA,NA,NA,NA,NA
aus.republican2,92,NA,FALSE,NA,NA,NA,NA,NA,NA
aus.republican2,93,NA,FALSE,NA,NA,NA,NA,NA,NA
aus.republican2,94,NA,FALSE,NA,NA,NA,NA,NA,NA
aus.republican2,95,NA,FALSE,NA,NA,NA,NA,NA,NA
aus.republican2,96,NA,FALSE,NA,NA,NA,NA,NA,NA
aus.republican2,97,NA,FALSE,NA,NA,NA,NA,NA,NA
aus.republican2,98,NA,FALSE,NA,NA,NA,NA,NA,NA
aus.republican2,99,NA,FALSE,NA,NA,NA,NA,NA,NA
aus.republican2,100,NA,FALSE,NA,NA,NA,NA,NA,NA
aus.republican2,101,NA,FALSE,NA,NA,NA,NA,NA,NA
aus.republican2,102,NA,FALSE,NA,NA,NA,NA,NA,NA
aus.republican2,103,NA,FALSE,NA,NA,NA,NA,NA,NA
aus.republican2,104,NA,FALSE,NA,NA,NA,NA,NA,NA
aus.republican2,105,NA,FALSE,NA,NA,NA,NA,NA,NA
aus.republican2,106,NA,FALSE,NA,NA,NA,NA,NA,NA
aus.republican2,107,NA,FALSE,NA,NA,NA,NA,NA,NA
aus.republican2,108,NA,FALSE,NA,NA,NA,NA,NA,NA
aus.republican2,109,NA,FALSE,NA,NA,NA,NA,NA,NA
aus.republican2,110,NA,FALSE,NA,NA,NA,NA,NA,NA
aus.republican2,111,NA,FALSE,NA,NA,NA,NA,NA,NA
aus.republican2,112,NA,FALSE,NA,NA,NA,NA,NA,NA
aus.republican2,113,NA,FALSE,NA,NA,NA,NA,NA,NA
aus.republican2,114,NA,FALSE,NA,NA,NA,NA,NA,NA
aus.republican2,115,NA,FALSE,NA,NA,NA,NA,NA,NA
aus.republican2,116,NA,FALSE,NA,NA,NA,NA,NA,NA
aus.republican2,117,NA,FALSE,NA,NA,NA,NA,NA,NA
aus.republican2,118,NA,FALSE,NA,NA,NA,NA,NA,NA
aus.republican2,119,NA,FALSE,NA,NA,NA,NA,NA,NA
aus.republican2,120,NA,FALSE,NA,NA,NA,NA,NA,NA
aus.republican2,121,NA,FALSE,NA,NA,NA,NA,NA,NA
aus.republican2,122,NA,FALSE,NA,NA,NA,NA,NA,NA
aus.republican2,123,NA,FALSE,NA,NA,NA,NA,NA,NA
aus.republican2,124,NA,FALSE,NA,NA,NA,NA,NA,NA
aus.republican2,125,NA,FALSE,NA,NA,NA,NA,NA,NA
aus.republican2,126,NA,FALSE,NA,NA,NA,NA,NA,NA
aus.republican2,127,NA,FALSE,NA,NA,NA,NA,NA,NA
aus.republican2,128,NA,FALSE,NA,NA,NA,NA,NA,NA
aus.republican2,129,NA,FALSE,NA,NA,NA,NA,NA,NA
aus.republican2,130,NA,FALSE,NA,NA,NA,NA,NA,NA
aus.republican2,131,NA,FALSE,NA,NA,NA,NA,NA,NA
aus.republican2,132,NA,FALSE,NA,NA,NA,NA,NA,NA
aus.republican2,133,NA,FALSE,NA,NA,NA,NA,NA,NA
aus.republican2,134,NA,FALSE,NA,NA,NA,NA,NA,NA
aus.republican2,135,NA,FALSE,NA,NA,NA,NA,NA,NA
aus.republican2,136,NA,FALSE,NA,NA,NA,NA,NA,NA
aus.republican2,137,NA,FALSE,NA,NA,NA,NA,NA,NA
aus.republican2,138,NA,FALSE,NA,NA,NA,NA,NA,NA
aus.republican2,139,NA,FALSE,NA,NA,NA,NA,NA,NA
aus.republican2,140,NA,FALSE,NA,NA,NA,NA,NA,NA
aus.republican2,141,NA,FALSE,NA,NA,NA,NA,NA,NA
aus.republican2,142,NA,FALSE,NA,NA,NA,NA,NA,NA
aus.republican2,143,NA,FALSE,NA,NA,NA,NA,NA,NA
aus.republican2,144,NA,FALSE,NA,NA,NA,NA,NA,NA
aus.republican2,145,NA,FALSE,NA,NA,NA,NA,NA,NA
aus.republican2,146,NA,FALSE,NA,NA,NA,NA,NA,NA
aus.republican2,147,NA,FALSE,NA,NA,NA,NA,NA,NA
aus.republican2,148,NA,FALSE,NA,NA,NA,NA,NA,NA
aus.republican2,149,NA,FALSE,NA,NA,NA,NA,NA,NA
aus.republican2,150,NA,FALSE,NA,NA,NA,NA,NA,NA
aus.republican2,151,NA,FALSE,NA,NA,NA,NA,NA,NA
aus.republican2,152,NA,FALSE,NA,NA,NA,NA,NA,NA
aus.republican2,153,NA,FALSE,NA,NA,NA,NA,NA,NA
aus.republican2,154,NA,FALSE,NA,NA,NA,NA,NA,NA
aus.republican2,155,NA,FALSE,NA,NA,NA,NA,NA,NA
aus.republican2,156,NA,FALSE,NA,NA,NA,NA,NA,NA
aus.republican2,157,NA,FALSE,NA,NA,NA,NA,NA,NA
aus.republican2,158,NA,FALSE,NA,NA,NA,NA,NA,NA
aus.republican2,159,NA,FALSE,NA,NA,NA,NA,NA,NA
aus.republican2,160,NA,FALSE,NA,NA,NA,NA,NA,NA
aus.republican2,161,NA,FALSE,NA,NA,NA,NA,NA,NA
aus.republican2,162,NA,FALSE,NA,NA,NA,NA,NA,NA
aus.republican2,163,NA,FALSE,NA,NA,NA,NA,NA,NA
aus.republican2,164,NA,FALSE,NA,NA,NA,NA,NA,NA
aus.republican2,165,NA,FALSE,NA,NA,NA,NA,NA,NA
aus.republican2,166,NA,FALSE,NA,NA,NA,NA,NA,NA
aus.republican2,167,NA,FALSE,NA,NA,NA,NA,NA,NA
aus.republican2,168,NA,FALSE,NA,NA,NA,NA,NA,NA
aus.republican2,169,NA,FALSE,NA,NA,NA,NA,NA,NA
aus.republican2,170,NA,FALSE,NA,NA,NA,NA,NA,NA
aus.republican2,171,NA,FALSE,NA,NA,NA,NA,NA,NA
aus.republican2,172,NA,FALSE,NA,NA,NA,NA,NA,NA
aus.republican2,173,NA,FALSE,NA,NA,NA,NA,NA,NA
aus.republican2,174,NA,FALSE,NA,NA,NA,NA,NA,NA
aus.republican2,175,NA,FALSE,NA,NA,NA,NA,NA,NA
aus.republican2,176,NA,FALSE,NA,NA,NA,NA,NA,NA
aus.republican2,177,NA,FALSE,NA,NA,NA,NA,NA,NA
aus.republican2,178,NA,FALSE,NA,NA,NA,NA,NA,NA
aus.republican2,179,NA,FALSE,NA,NA,NA,NA,NA,NA
aus.republican2,180,NA,FALSE,NA,NA,NA,NA,NA,NA
aus.republican2,181,NA,FALSE,NA,NA,NA,NA,NA,NA
aus.republican2,182,NA,FALSE,NA,NA,NA,NA,NA,NA
aus.republican2,183,NA,FALSE,NA,NA,NA,NA,NA,NA
aus.republican2,184,NA,FALSE,NA,NA,NA,NA,NA,NA
aus.republican2,185,NA,FALSE,NA,NA,NA,NA,NA,NA
aus.republican2,186,NA,FALSE,NA,NA,NA,NA,NA,NA
aus.republican2,187,NA,FALSE,NA,NA,NA,NA,NA,NA
aus.republican2,188,NA,FALSE,NA,NA,NA,NA,NA,NA
aus.republican2,189,NA,FALSE,NA,NA,NA,NA,NA,NA
aus.republican2,190,NA,FALSE,NA,NA,NA,NA,NA,NA
aus.republican2,191,NA,FALSE,NA,NA,NA,NA,NA,NA
aus.republican2,192,NA,FALSE,NA,NA,NA,NA,NA,NA
aus.republican2,193,NA,FALSE,NA,NA,NA,NA,NA,NA
aus.republican2,194,NA,FALSE,NA,NA,NA,NA,NA,NA
aus.republican2,195,NA,FALSE,NA,NA,NA,NA,NA,NA
aus.republican2,196,NA,FALSE,NA,NA,NA,NA,NA,NA
aus.republican2,197,NA,FALSE,NA,NA,NA,NA,NA,NA
aus.republican2,198,NA,FALSE,NA,NA,NA,NA,NA,NA
aus.republican2,199,NA,FALSE,NA,NA,NA,NA,NA,NA
aus.republican2,200,NA,FALSE,NA,NA,NA,NA,NA,NA
aus.republican2,201,NA,FALSE,NA,NA,NA,NA,NA,NA
aus.republican2,202,NA,FALSE,NA,NA,NA,NA,NA,NA
aus.republican2,203,NA,FALSE,NA,NA,NA,NA,NA,NA
aus.republican2,204,NA,FALSE,NA,NA,NA,NA,NA,NA
aus.republican2,205,NA,FALSE,NA,NA,NA,NA,NA,NA
aus.republican2,206,NA,FALSE,NA,NA,NA,NA,NA,NA
aus.republican2,207,NA,FALSE,NA,NA,NA,NA,NA,NA
aus.republican2,208,NA,FALSE,NA,NA,NA,NA,NA,NA
aus.republican2,209,NA,FALSE,NA,NA,NA,NA,NA,NA
aus.republican2,210,NA,FALSE,NA,NA,NA,NA,NA,NA
aus.republican2,211,NA,FALSE,NA,NA,NA,NA,NA,NA
aus.republican2,212,NA,FALSE,NA,NA,NA,NA,NA,NA
aus.republican2,213,NA,FALSE,NA,NA,NA,NA,NA,NA
aus.republican2,214,NA,FALSE,NA,NA,NA,NA,NA,NA
aus.republican2,215,NA,FALSE,NA,NA,NA,NA,NA,NA
aus.republican2,216,NA,FALSE,NA,NA,NA,NA,NA,NA
aus.republican2,217,NA,FALSE,NA,NA,NA,NA,NA,NA
aus.republican2,218,NA,FALSE,NA,NA,NA,NA,NA,NA
aus.republican2,219,NA,FALSE,NA,NA,NA,NA,NA,NA
aus.republican2,220,NA,FALSE,NA,NA,NA,NA,NA,NA
aus.republican2,221,NA,FALSE,NA,NA,NA,NA,NA,NA
aus.republican2,222,NA,FALSE,NA,NA,NA,NA,NA,NA
aus.republican2,223,NA,FALSE,NA,NA,NA,NA,NA,NA
aus.republican2,224,NA,FALSE,NA,NA,NA,NA,NA,NA
aus.republican2,225,NA,FALSE,NA,NA,NA,NA,NA,NA
aus.republican2,226,NA,FALSE,NA,NA,NA,NA,NA,NA
aus.republican2,227,NA,FALSE,NA,NA,NA,NA,NA,NA
aus.republican2,228,NA,FALSE,NA,NA,NA,NA,NA,NA
aus.republican2,229,NA,FALSE,NA,NA,NA,NA,NA,NA
aus.republican2,230,NA,FALSE,NA,NA,NA,NA,NA,NA
aus.republican2,231,NA,FALSE,NA,NA,NA,NA,NA,NA
aus.republican2,232,NA,FALSE,NA,NA,NA,NA,NA,NA
aus.republican2,233,NA,FALSE,NA,NA,NA,NA,NA,NA
aus.republican2,234,NA,FALSE,NA,NA,NA,NA,NA,NA
aus.republican2,235,NA,FALSE,NA,NA,NA,NA,NA,NA
aus.republican2,236,NA,FALSE,NA,NA,NA,NA,NA,NA
aus.republican2,237,NA,FALSE,NA,NA,NA,NA,NA,NA
aus.republican2,238,NA,FALSE,NA,NA,NA,NA,NA,NA
aus.republican2,239,NA,FALSE,NA,NA,NA,NA,NA,NA
aus.republican2,240,NA,FALSE,NA,NA,NA,NA,NA,NA
aus.republican2,241,NA,FALSE,NA,NA,NA,NA,NA,NA
aus.republican2,242,NA,FALSE,NA,NA,NA,NA,NA,NA
aus.republican2,243,NA,FALSE,NA,NA,NA,NA,NA,NA
aus.republican2,244,NA,FALSE,NA,NA,NA,NA,NA,NA
aus.republican2,245,NA,FALSE,NA,NA,NA,NA,NA,NA
aus.republican2,246,NA,FALSE,NA,NA,NA,NA,NA,NA
aus.republican2,247,NA,FALSE,NA,NA,NA,NA,NA,NA
aus.republican2,248,NA,FALSE,NA,NA,NA,NA,NA,NA
aus.republican2,249,NA,FALSE,NA,NA,NA,NA,NA,NA
aus.republican2,250,NA,FALSE,NA,NA,NA,NA,NA,NA
aus.republican2,251,NA,FALSE,NA,NA,NA,NA,NA,NA
aus.republican2,252,NA,FALSE,NA,NA,NA,NA,NA,NA
aus.republican2,253,NA,FALSE,NA,NA,NA,NA,NA,NA
aus.republican2,254,NA,FALSE,NA,NA,NA,NA,NA,NA
aus.republican2,255,NA,FALSE,NA,NA,NA,NA,NA,NA
aus.republican2,256,NA,FALSE,NA,NA,NA,NA,NA,NA
aus.republican2,257,NA,FALSE,NA,NA,NA,NA,NA,NA
aus.republican2,258,NA,FALSE,NA,NA,NA,NA,NA,NA
aus.republican2,259,NA,FALSE,NA,NA,NA,NA,NA,NA
aus.republican2,260,NA,FALSE,NA,NA,NA,NA,NA,NA
aus.republican2,261,NA,FALSE,NA,NA,NA,NA,NA,NA
aus.republican2,262,NA,FALSE,NA,NA,NA,NA,NA,NA
aus.republican2,263,NA,FALSE,NA,NA,NA,NA,NA,NA
aus.republican2,264,NA,FALSE,NA,NA,NA,NA,NA,NA
aus.republican2,265,NA,FALSE,NA,NA,NA,NA,NA,NA
aus.republican2,266,NA,FALSE,NA,NA,NA,NA,NA,NA
aus.republican2,267,NA,FALSE,NA,NA,NA,NA,NA,NA
aus.republican2,268,NA,FALSE,NA,NA,NA,NA,NA,NA
aus.republican2,269,NA,FALSE,NA,NA,NA,NA,NA,NA
aus.republican2,270,NA,FALSE,NA,NA,NA,NA,NA,NA
aus.republican2,271,NA,FALSE,NA,NA,NA,NA,NA,NA
aus.republican2,272,NA,FALSE,NA,NA,NA,NA,NA,NA
aus.republican2,273,NA,FALSE,NA,NA,NA,NA,NA,NA
aus.republican2,274,NA,FALSE,NA,NA,NA,NA,NA,NA
aus.republican2,275,NA,FALSE,NA,NA,NA,NA,NA,NA
aus.republican2,276,NA,FALSE,NA,NA,NA,NA,NA,NA
aus.republican2,277,NA,FALSE,NA,NA,NA,NA,NA,NA
aus.republican2,278,NA,FALSE,NA,NA,NA,NA,NA,NA
aus.republican2,279,NA,FALSE,NA,NA,NA,NA,NA,NA
aus.republican2,280,NA,FALSE,NA,NA,NA,NA,NA,NA
aus.republican2,281,NA,FALSE,NA,NA,NA,NA,NA,NA
aus.republican2,282,NA,FALSE,NA,NA,NA,NA,NA,NA
aus.republican2,283,NA,FALSE,NA,NA,NA,NA,NA,NA
aus.republican2,284,NA,FALSE,NA,NA,NA,NA,NA,NA
aus.republican2,285,NA,FALSE,NA,NA,NA,NA,NA,NA
aus.republican2,286,NA,FALSE,NA,NA,NA,NA,NA,NA
aus.republican2,287,NA,FALSE,NA,NA,NA,NA,NA,NA
aus.republican2,288,NA,FALSE,NA,NA,NA,NA,NA,NA
aus.republican2,289,NA,FALSE,NA,NA,NA,NA,NA,NA
aus.republican2,290,NA,FALSE,NA,NA,NA,NA,NA,NA
aus.republican2,291,NA,FALSE,NA,NA,NA,NA,NA,NA
aus.republican2,292,NA,FALSE,NA,NA,NA,NA,NA,NA
aus.republican2,293,NA,FALSE,NA,NA,NA,NA,NA,NA
aus.republican2,294,NA,FALSE,NA,NA,NA,NA,NA,NA
aus.republican2,295,NA,FALSE,NA,NA,NA,NA,NA,NA
aus.republican2,296,NA,FALSE,NA,NA,NA,NA,NA,NA
aus.republican2,297,NA,FALSE,NA,NA,NA,NA,NA,NA
aus.republican2,298,NA,FALSE,NA,NA,NA,NA,NA,NA
aus.republican2,299,NA,FALSE,NA,NA,NA,NA,NA,NA
aus.republican2,300,NA,FALSE,NA,NA,NA,NA,NA,NA
aus.republican2,301,NA,FALSE,NA,NA,NA,NA,NA,NA
aus.republican2,302,NA,FALSE,NA,NA,NA,NA,NA,NA
aus.republican2,303,NA,FALSE,NA,NA,NA,NA,NA,NA
aus.republican2,304,NA,FALSE,NA,NA,NA,NA,NA,NA
aus.republican2,305,NA,FALSE,NA,NA,NA,NA,NA,NA
aus.republican2,306,NA,FALSE,NA,NA,NA,NA,NA,NA
aus.republican2,307,NA,FALSE,NA,NA,NA,NA,NA,NA
aus.republican2,308,NA,FALSE,NA,NA,NA,NA,NA,NA
aus.republican2,309,NA,FALSE,NA,NA,NA,NA,NA,NA
aus.republican2,310,NA,FALSE,NA,NA,NA,NA,NA,NA
aus.republican2,311,NA,FALSE,NA,NA,NA,NA,NA,NA
aus.republican2,312,NA,FALSE,NA,NA,NA,NA,NA,NA
aus.republican2,313,NA,FALSE,NA,NA,NA,NA,NA,NA
aus.republican2,314,NA,FALSE,NA,NA,NA,NA,NA,NA
aus.republican2,315,NA,FALSE,NA,NA,NA,NA,NA,NA
aus.republican2,316,NA,FALSE,NA,NA,NA,NA,NA,NA
aus.republican2,317,NA,FALSE,NA,NA,NA,NA,NA,NA
aus.republican2,318,NA,FALSE,NA,NA,NA,NA,NA,NA
aus.republican2,319,NA,FALSE,NA,NA,NA,NA,NA,NA
aus.republican2,320,NA,FALSE,NA,NA,NA,NA,NA,NA
aus.republican2,321,NA,FALSE,NA,NA,NA,NA,NA,NA
aus.republican2,322,NA,FALSE,NA,NA,NA,NA,NA,NA
aus.republican2,323,NA,FALSE,NA,NA,NA,NA,NA,NA
aus.republican2,324,NA,FALSE,NA,NA,NA,NA,NA,NA
aus.republican2,325,NA,FALSE,NA,NA,NA,NA,NA,NA
aus.republican2,326,NA,FALSE,NA,NA,NA,NA,NA,NA
aus.republican2,327,NA,FALSE,NA,NA,NA,NA,NA,NA
aus.republican2,328,NA,FALSE,NA,NA,NA,NA,NA,NA
aus.republican2,329,NA,FALSE,NA,NA,NA,NA,NA,NA
aus.republican2,330,NA,FALSE,NA,NA,NA,NA,NA,NA
aus.republican2,331,NA,FALSE,NA,NA,NA,NA,NA,NA
aus.republican2,332,NA,FALSE,NA,NA,NA,NA,NA,NA
aus.republican2,333,NA,FALSE,NA,NA,NA,NA,NA,NA
aus.republican2,334,NA,FALSE,NA,NA,NA,NA,NA,NA
aus.republican2,335,NA,FALSE,NA,NA,NA,NA,NA,NA
aus.republican2,336,NA,FALSE,NA,NA,NA,NA,NA,NA
aus.republican2,337,NA,FALSE,NA,NA,NA,NA,NA,NA
aus.republican2,338,NA,FALSE,NA,NA,NA,NA,NA,NA
aus.republican2,339,NA,FALSE,NA,NA,NA,NA,NA,NA
aus.republican2,340,NA,FALSE,NA,NA,NA,NA,NA,NA
aus.republican2,341,NA,FALSE,NA,NA,NA,NA,NA,NA
aus.republican2,342,NA,FALSE,NA,NA,NA,NA,NA,NA
aus.republican2,343,NA,FALSE,NA,NA,NA,NA,NA,NA
aus.republican2,344,NA,FALSE,NA,NA,NA,NA,NA,NA
aus.republican2,345,NA,FALSE,NA,NA,NA,NA,NA,NA
aus.republican2,346,NA,FALSE,NA,NA,NA,NA,NA,NA
aus.republican2,347,NA,FALSE,NA,NA,NA,NA,NA,NA
aus.republican2,348,NA,FALSE,NA,NA,NA,NA,NA,NA
aus.republican2,349,NA,FALSE,NA,NA,NA,NA,NA,NA
aus.republican2,350,NA,FALSE,NA,NA,NA,NA,NA,NA
aus.republican2,351,NA,FALSE,NA,NA,NA,NA,NA,NA
aus.republican2,352,NA,FALSE,NA,NA,NA,NA,NA,NA
aus.republican2,353,NA,FALSE,NA,NA,NA,NA,NA,NA
aus.republican2,354,NA,FALSE,NA,NA,NA,NA,NA,NA
aus.republican2,355,NA,FALSE,NA,NA,NA,NA,NA,NA
aus.republican2,356,NA,FALSE,NA,NA,NA,NA,NA,NA
aus.republican2,357,NA,FALSE,NA,NA,NA,NA,NA,NA
aus.republican2,358,NA,FALSE,NA,NA,NA,NA,NA,NA
aus.republican2,359,NA,FALSE,NA,NA,NA,NA,NA,NA
aus.republican2,360,NA,FALSE,NA,NA,NA,NA,NA,NA
aus.republican2,361,NA,FALSE,NA,NA,NA,NA,NA,NA
aus.republican2,362,NA,FALSE,NA,NA,NA,NA,NA,NA
aus.republican2,363,NA,FALSE,NA,NA,NA,NA,NA,NA
aus.republican2,364,NA,FALSE,NA,NA,NA,NA,NA,NA
aus.republican2,365,NA,FALSE,NA,NA,NA,NA,NA,NA
aus.republican2,366,NA,FALSE,NA,NA,NA,NA,NA,NA
aus.republican2,367,NA,FALSE,NA,NA,NA,NA,NA,NA
aus.republican2,368,NA,FALSE,NA,NA,NA,NA,NA,NA
aus.republican2,369,NA,FALSE,NA,NA,NA,NA,NA,NA
aus.republican2,370,NA,FALSE,NA,NA,NA,NA,NA,NA
aus.republican2,371,NA,FALSE,NA,NA,NA,NA,NA,NA
aus.republican2,372,NA,FALSE,NA,NA,NA,NA,NA,NA
aus.republican2,373,NA,FALSE,NA,NA,NA,NA,NA,NA
aus.republican2,374,NA,FALSE,NA,NA,NA,NA,NA,NA
aus.republican2,375,NA,FALSE,NA,NA,NA,NA,NA,NA
aus.republican2,376,NA,FALSE,NA,NA,NA,NA,NA,NA
aus.republican2,377,NA,FALSE,NA,NA,NA,NA,NA,NA
aus.republican2,378,NA,FALSE,NA,NA,NA,NA,NA,NA
aus.republican2,379,NA,FALSE,NA,NA,NA,NA,NA,NA
aus.republican2,380,NA,FALSE,NA,NA,NA,NA,NA,NA
aus.republican2,381,NA,FALSE,NA,NA,NA,NA,NA,NA
aus.republican2,382,NA,FALSE,NA,NA,NA,NA,NA,NA
aus.republican2,383,NA,FALSE,NA,NA,NA,NA,NA,NA
aus.republican2,384,NA,FALSE,NA,NA,NA,NA,NA,NA
aus.republican2,385,NA,FALSE,NA,NA,NA,NA,NA,NA
aus.republican2,386,NA,FALSE,NA,NA,NA,NA,NA,NA
aus.republican2,387,NA,FALSE,NA,NA,NA,NA,NA,NA
aus.republican2,388,NA,FALSE,NA,NA,NA,NA,NA,NA
aus.republican2,389,NA,FALSE,NA,NA,NA,NA,NA,NA
aus.republican2,390,NA,FALSE,NA,NA,NA,NA,NA,NA
aus.republican2,391,NA,FALSE,NA,NA,NA,NA,NA,NA
aus.republican2,392,NA,FALSE,NA,NA,NA,NA,NA,NA
aus.republican2,393,NA,FALSE,NA,NA,NA,NA,NA,NA
aus.republican2,394,NA,FALSE,NA,NA,NA,NA,NA,NA
aus.republican2,395,NA,FALSE,NA,NA,NA,NA,NA,NA
aus.republican2,396,NA,FALSE,NA,NA,NA,NA,NA,NA
aus.republican2,397,NA,FALSE,NA,NA,NA,NA,NA,NA
aus.republican2,398,NA,FALSE,NA,NA,NA,NA,NA,NA
aus.republican2,399,NA,FALSE,NA,NA,NA,NA,NA,NA
aus.republican2,400,NA,FALSE,NA,NA,NA,NA,NA,NA
aus.republican2,401,NA,FALSE,NA,NA,NA,NA,NA,NA
aus.republican2,402,NA,FALSE,NA,NA,NA,NA,NA,NA
aus.republican2,403,NA,FALSE,NA,NA,NA,NA,NA,NA
aus.republican2,404,NA,FALSE,NA,NA,NA,NA,NA,NA
aus.republican2,405,NA,FALSE,NA,NA,NA,NA,NA,NA
aus.republican2,406,NA,FALSE,NA,NA,NA,NA,NA,NA
aus.republican2,407,NA,FALSE,NA,NA,NA,NA,NA,NA
aus.republican2,408,NA,FALSE,NA,NA,NA,NA,NA,NA
aus.republican2,409,NA,FALSE,NA,NA,NA,NA,NA,NA
aus.republican2,410,NA,FALSE,NA,NA,NA,NA,NA,NA
aus.republican2,411,NA,FALSE,NA,NA,NA,NA,NA,NA
aus.republican2,412,NA,FALSE,NA,NA,NA,NA,NA,NA
aus.republican2,413,NA,FALSE,NA,NA,NA,NA,NA,NA
aus.republican2,414,NA,FALSE,NA,NA,NA,NA,NA,NA
aus.republican2,415,NA,FALSE,NA,NA,NA,NA,NA,NA
aus.republican2,416,NA,FALSE,NA,NA,NA,NA,NA,NA
aus.republican2,417,NA,FALSE,NA,NA,NA,NA,NA,NA
aus.republican2,418,NA,FALSE,NA,NA,NA,NA,NA,NA
aus.republican2,419,NA,FALSE,NA,NA,NA,NA,NA,NA
aus.republican2,420,NA,FALSE,NA,NA,NA,NA,NA,NA
aus.republican2,421,NA,FALSE,NA,NA,NA,NA,NA,NA
aus.republican2,422,NA,FALSE,NA,NA,NA,NA,NA,NA
aus.republican2,423,NA,FALSE,NA,NA,NA,NA,NA,NA
aus.republican2,424,NA,FALSE,NA,NA,NA,NA,NA,NA
aus.republican2,425,NA,FALSE,NA,NA,NA,NA,NA,NA
aus.republican2,426,NA,FALSE,NA,NA,NA,NA,NA,NA
aus.republican2,427,NA,FALSE,NA,NA,NA,NA,NA,NA
aus.republican2,428,NA,FALSE,NA,NA,NA,NA,NA,NA
aus.republican2,429,NA,FALSE,NA,NA,NA,NA,NA,NA
aus.republican2,430,NA,FALSE,NA,NA,NA,NA,NA,NA
aus.republican2,431,NA,FALSE,NA,NA,NA,NA,NA,NA
aus.republican2,432,NA,FALSE,NA,NA,NA,NA,NA,NA
aus.republican2,433,NA,FALSE,NA,NA,NA,NA,NA,NA
aus.republican2,434,NA,FALSE,NA,NA,NA,NA,NA,NA
aus.republican2,435,NA,FALSE,NA,NA,NA,NA,NA,NA
aus.republican2,436,NA,FALSE,NA,NA,NA,NA,NA,NA
aus.republican2,437,NA,FALSE,NA,NA,NA,NA,NA,NA
aus.republican2,438,NA,FALSE,NA,NA,NA,NA,NA,NA
aus.republican2,439,NA,FALSE,NA,NA,NA,NA,NA,NA
aus.republican2,440,NA,FALSE,NA,NA,NA,NA,NA,NA
aus.republican2,441,NA,FALSE,NA,NA,NA,NA,NA,NA
aus.republican2,442,NA,FALSE,NA,NA,NA,NA,NA,NA
aus.republican2,443,NA,FALSE,NA,NA,NA,NA,NA,NA
aus.republican2,444,NA,FALSE,NA,NA,NA,NA,NA,NA
aus.republican2,445,NA,FALSE,NA,NA,NA,NA,NA,NA
aus.republican2,446,NA,FALSE,NA,NA,NA,NA,NA,NA
aus.republican2,447,NA,FALSE,NA,NA,NA,NA,NA,NA
aus.republican2,448,NA,FALSE,NA,NA,NA,NA,NA,NA
aus.republican2,449,NA,FALSE,NA,NA,NA,NA,NA,NA
aus.republican2,450,NA,FALSE,NA,NA,NA,NA,NA,NA
aus.republican2,451,NA,FALSE,NA,NA,NA,NA,NA,NA
aus.republican2,452,NA,FALSE,NA,NA,NA,NA,NA,NA
aus.republican2,453,NA,FALSE,NA,NA,NA,NA,NA,NA
aus.republican2,454,NA,FALSE,NA,NA,NA,NA,NA,NA
aus.republican2,455,NA,FALSE,NA,NA,NA,NA,NA,NA
aus.republican2,456,NA,FALSE,NA,NA,NA,NA,NA,NA
aus.republican2,457,NA,FALSE,NA,NA,NA,NA,NA,NA
aus.republican2,458,NA,FALSE,NA,NA,NA,NA,NA,NA
aus.republican2,459,NA,FALSE,NA,NA,NA,NA,NA,NA
aus.republican2,460,NA,FALSE,NA,NA,NA,NA,NA,NA
aus.republican2,461,NA,FALSE,NA,NA,NA,NA,NA,NA
aus.republican2,462,NA,FALSE,NA,NA,NA,NA,NA,NA
aus.republican2,463,NA,FALSE,NA,NA,NA,NA,NA,NA
aus.republican2,464,NA,FALSE,NA,NA,NA,NA,NA,NA
aus.republican2,465,NA,FALSE,NA,NA,NA,NA,NA,NA
aus.republican2,466,NA,FALSE,NA,NA,NA,NA,NA,NA
aus.republican2,467,NA,FALSE,NA,NA,NA,NA,NA,NA
aus.republican2,468,NA,FALSE,NA,NA,NA,NA,NA,NA
aus.republican2,469,NA,FALSE,NA,NA,NA,NA,NA,NA
aus.republican2,470,NA,FALSE,NA,NA,NA,NA,NA,NA
aus.republican2,471,NA,FALSE,NA,NA,NA,NA,NA,NA
aus.republican2,472,NA,FALSE,NA,NA,NA,NA,NA,NA
aus.republican2,473,NA,FALSE,NA,NA,NA,NA,NA,NA
aus.republican2,474,NA,FALSE,NA,NA,NA,NA,NA,NA
aus.republican2,475,NA,FALSE,NA,NA,NA,NA,NA,NA
aus.republican2,476,NA,FALSE,NA,NA,NA,NA,NA,NA
aus.republican2,477,NA,FALSE,NA,NA,NA,NA,NA,NA
aus.republican2,478,NA,FALSE,NA,NA,NA,NA,NA,NA
aus.republican2,479,NA,FALSE,NA,NA,NA,NA,NA,NA
aus.republican2,480,NA,FALSE,NA,NA,NA,NA,NA,NA
aus.republican2,481,NA,FALSE,NA,NA,NA,NA,NA,NA
aus.republican2,482,NA,FALSE,NA,NA,NA,NA,NA,NA
aus.republican2,483,NA,FALSE,NA,NA,NA,NA,NA,NA
aus.republican2,484,NA,FALSE,NA,NA,NA,NA,NA,NA
aus.republican2,485,NA,FALSE,NA,NA,NA,NA,NA,NA
aus.republican2,486,NA,FALSE,NA,NA,NA,NA,NA,NA
aus.republican2,487,NA,FALSE,NA,NA,NA,NA,NA,NA
aus.republican2,488,NA,FALSE,NA,NA,NA,NA,NA,NA
aus.republican2,489,NA,FALSE,NA,NA,NA,NA,NA,NA
aus.republican2,490,NA,FALSE,NA,NA,NA,NA,NA,NA
aus.republican2,491,NA,FALSE,NA,NA,NA,NA,NA,NA
aus.republican2,492,NA,FALSE,NA,NA,NA,NA,NA,NA
aus.republican2,493,NA,FALSE,NA,NA,NA,NA,NA,NA
aus.republican2,494,NA,FALSE,NA,NA,NA,NA,NA,NA
aus.republican2,495,NA,FALSE,NA,NA,NA,NA,NA,NA
aus.republican2,496,NA,FALSE,NA,NA,NA,NA,NA,NA
aus.republican2,497,NA,FALSE,NA,NA,NA,NA,NA,NA
aus.republican2,498,NA,FALSE,NA,NA,NA,NA,NA,NA
aus.republican2,499,NA,FALSE,NA,NA,NA,NA,NA,NA
aus.republican2,500,NA,FALSE,NA,NA,NA,NA,NA,NA
aus.republican2,501,NA,FALSE,NA,NA,NA,NA,NA,NA
aus.republican2,502,NA,FALSE,NA,NA,NA,NA,NA,NA
aus.republican2,503,NA,FALSE,NA,NA,NA,NA,NA,NA
aus.republican2,504,NA,FALSE,NA,NA,NA,NA,NA,NA
aus.republican2,505,NA,FALSE,NA,NA,NA,NA,NA,NA
aus.republican2,506,NA,FALSE,NA,NA,NA,NA,NA,NA
aus.republican2,507,NA,FALSE,NA,NA,NA,NA,NA,NA
aus.republican2,508,NA,FALSE,NA,NA,NA,NA,NA,NA
aus.republican2,509,NA,FALSE,NA,NA,NA,NA,NA,NA
aus.republican2,510,NA,FALSE,NA,NA,NA,NA,NA,NA
aus.republican2,511,NA,FALSE,NA,NA,NA,NA,NA,NA
aus.republican2,512,NA,FALSE,NA,NA,NA,NA,NA,NA
aus.republican2,513,NA,FALSE,NA,NA,NA,NA,NA,NA
aus.republican2,514,NA,FALSE,NA,NA,NA,NA,NA,NA
aus.republican2,515,NA,FALSE,NA,NA,NA,NA,NA,NA
aus.republican2,516,NA,FALSE,NA,NA,NA,NA,NA,NA
aus.republican2,517,NA,FALSE,NA,NA,NA,NA,NA,NA
aus.republican2,518,NA,FALSE,NA,NA,NA,NA,NA,NA
aus.republican2,519,NA,FALSE,NA,NA,NA,NA,NA,NA
aus.republican2,520,NA,FALSE,NA,NA,NA,NA,NA,NA
aus.republican2,521,NA,FALSE,NA,NA,NA,NA,NA,NA
aus.republican2,522,NA,FALSE,NA,NA,NA,NA,NA,NA
aus.republican2,523,NA,FALSE,NA,NA,NA,NA,NA,NA
aus.republican2,524,NA,FALSE,NA,NA,NA,NA,NA,NA
aus.republican2,525,NA,FALSE,NA,NA,NA,NA,NA,NA
aus.republican2,526,NA,FALSE,NA,NA,NA,NA,NA,NA
aus.republican2,527,NA,FALSE,NA,NA,NA,NA,NA,NA
aus.republican2,528,NA,FALSE,NA,NA,NA,NA,NA,NA
aus.republican2,529,NA,FALSE,NA,NA,NA,NA,NA,NA
aus.republican2,530,NA,FALSE,NA,NA,NA,NA,NA,NA
aus.republican2,531,NA,FALSE,NA,NA,NA,NA,NA,NA
aus.republican2,532,NA,FALSE,NA,NA,NA,NA,NA,NA
aus.republican2,533,NA,FALSE,NA,NA,NA,NA,NA,NA
aus.republican2,534,NA,FALSE,NA,NA,NA,NA,NA,NA
aus.republican2,535,NA,FALSE,NA,NA,NA,NA,NA,NA
aus.republican2,536,NA,FALSE,NA,NA,NA,NA,NA,NA
aus.republican2,537,NA,FALSE,NA,NA,NA,NA,NA,NA
aus.republican2,538,NA,FALSE,NA,NA,NA,NA,NA,NA
aus.republican2,539,NA,FALSE,NA,NA,NA,NA,NA,NA
aus.republican2,540,NA,FALSE,NA,NA,NA,NA,NA,NA
aus.republican2,541,NA,FALSE,NA,NA,NA,NA,NA,NA
aus.republican2,542,NA,FALSE,NA,NA,NA,NA,NA,NA
aus.republican2,543,NA,FALSE,NA,NA,NA,NA,NA,NA
aus.republican2,544,NA,FALSE,NA,NA,NA,NA,NA,NA
aus.republican2,545,NA,FALSE,NA,NA,NA,NA,NA,NA
aus.republican2,546,NA,FALSE,NA,NA,NA,NA,NA,NA
aus.republican2,547,NA,FALSE,NA,NA,NA,NA,NA,NA
aus.republican2,548,NA,FALSE,NA,NA,NA,NA,NA,NA
aus.republican2,549,NA,FALSE,NA,NA,NA,NA,NA,NA
aus.republican2,550,NA,FALSE,NA,NA,NA,NA,NA,NA
aus.republican2,551,NA,FALSE,NA,NA,NA,NA,NA,NA
aus.republican2,552,NA,FALSE,NA,NA,NA,NA,NA,NA
aus.republican2,553,NA,FALSE,NA,NA,NA,NA,NA,NA
aus.republican2,554,NA,FALSE,NA,NA,NA,NA,NA,NA
aus.republican2,555,NA,FALSE,NA,NA,NA,NA,NA,NA
aus.republican2,556,NA,FALSE,NA,NA,NA,NA,NA,NA
aus.republican2,557,NA,FALSE,NA,NA,NA,NA,NA,NA
aus.republican2,558,NA,FALSE,NA,NA,NA,NA,NA,NA
aus.republican2,559,NA,FALSE,NA,NA,NA,NA,NA,NA
aus.republican2,560,NA,FALSE,NA,NA,NA,NA,NA,NA
aus.republican2,561,NA,FALSE,NA,NA,NA,NA,NA,NA
aus.republican2,562,NA,FALSE,NA,NA,NA,NA,NA,NA
aus.republican2,563,NA,FALSE,NA,NA,NA,NA,NA,NA
aus.republican2,564,NA,FALSE,NA,NA,NA,NA,NA,NA
aus.republican2,565,NA,FALSE,NA,NA,NA,NA,NA,NA
aus.republican2,566,NA,FALSE,NA,NA,NA,NA,NA,NA
aus.republican2,567,NA,FALSE,NA,NA,NA,NA,NA,NA
aus.republican2,568,NA,FALSE,NA,NA,NA,NA,NA,NA
aus.republican2,569,NA,FALSE,NA,NA,NA,NA,NA,NA
aus.republican2,570,NA,FALSE,NA,NA,NA,NA,NA,NA
aus.republican2,571,NA,FALSE,NA,NA,NA,NA,NA,NA
aus.republican2,572,NA,FALSE,NA,NA,NA,NA,NA,NA
aus.republican2,573,NA,FALSE,NA,NA,NA,NA,NA,NA
aus.republican2,574,NA,FALSE,NA,NA,NA,NA,NA,NA
aus.republican2,575,NA,FALSE,NA,NA,NA,NA,NA,NA
aus.republican2,576,NA,FALSE,NA,NA,NA,NA,NA,NA
aus.republican2,577,NA,FALSE,NA,NA,NA,NA,NA,NA
aus.republican2,578,NA,FALSE,NA,NA,NA,NA,NA,NA
aus.republican2,579,NA,FALSE,NA,NA,NA,NA,NA,NA
aus.republican2,580,NA,FALSE,NA,NA,NA,NA,NA,NA
aus.republican2,581,NA,FALSE,NA,NA,NA,NA,NA,NA
aus.republican2,582,NA,FALSE,NA,NA,NA,NA,NA,NA
aus.republican2,583,NA,FALSE,NA,NA,NA,NA,NA,NA
aus.republican2,584,NA,FALSE,NA,NA,NA,NA,NA,NA
aus.republican2,585,NA,FALSE,NA,NA,NA,NA,NA,NA
aus.republican2,586,NA,FALSE,NA,NA,NA,NA,NA,NA
aus.republican2,587,NA,FALSE,NA,NA,NA,NA,NA,NA
aus.republican2,588,NA,FALSE,NA,NA,NA,NA,NA,NA
aus.republican2,589,NA,FALSE,NA,NA,NA,NA,NA,NA
aus.republican2,590,NA,FALSE,NA,NA,NA,NA,NA,NA
aus.republican2,591,NA,FALSE,NA,NA,NA,NA,NA,NA
aus.republican2,592,NA,FALSE,NA,NA,NA,NA,NA,NA
aus.republican2,593,NA,FALSE,NA,NA,NA,NA,NA,NA
aus.republican2,594,NA,FALSE,NA,NA,NA,NA,NA,NA
aus.republican2,595,NA,FALSE,NA,NA,NA,NA,NA,NA
aus.republican2,596,NA,FALSE,NA,NA,NA,NA,NA,NA
aus.republican2,597,NA,FALSE,NA,NA,NA,NA,NA,NA
aus.republican2,598,NA,FALSE,NA,NA,NA,NA,NA,NA
aus.republican2,599,NA,FALSE,NA,NA,NA,NA,NA,NA
aus.republican2,600,NA,FALSE,NA,NA,NA,NA,NA,NA
aus.republican2,601,NA,FALSE,NA,NA,NA,NA,NA,NA
aus.republican2,602,NA,FALSE,NA,NA,NA,NA,NA,NA
aus.republican2,603,NA,FALSE,NA,NA,NA,NA,NA,NA
aus.republican2,604,NA,FALSE,NA,NA,NA,NA,NA,NA
aus.republican2,605,NA,FALSE,NA,NA,NA,NA,NA,NA
aus.republican2,606,NA,FALSE,NA,NA,NA,NA,NA,NA
aus.republican2,607,NA,FALSE,NA,NA,NA,NA,NA,NA
aus.republican2,608,NA,FALSE,NA,NA,NA,NA,NA,NA
aus.republican2,609,NA,FALSE,NA,NA,NA,NA,NA,NA
aus.republican2,610,NA,FALSE,NA,NA,NA,NA,NA,NA
aus.republican2,611,NA,FALSE,NA,NA,NA,NA,NA,NA
aus.republican2,612,NA,FALSE,NA,NA,NA,NA,NA,NA
aus.republican2,613,NA,FALSE,NA,NA,NA,NA,NA,NA
aus.republican2,614,NA,FALSE,NA,NA,NA,NA,NA,NA
aus.republican2,615,NA,FALSE,NA,NA,NA,NA,NA,NA
aus.republican2,616,NA,FALSE,NA,NA,NA,NA,NA,NA
aus.republican2,617,NA,FALSE,NA,NA,NA,NA,NA,NA
aus.republican2,618,NA,FALSE,NA,NA,NA,NA,NA,NA
aus.republican2,619,NA,FALSE,NA,NA,NA,NA,NA,NA
aus.republican2,620,NA,FALSE,NA,NA,NA,NA,NA,NA
aus.republican2,621,NA,FALSE,NA,NA,NA,NA,NA,NA
aus.republican2,622,NA,FALSE,NA,NA,NA,NA,NA,NA
aus.republican2,623,NA,FALSE,NA,NA,NA,NA,NA,NA
aus.republican2,624,NA,FALSE,NA,NA,NA,NA,NA,NA
aus.republican2,625,NA,FALSE,NA,NA,NA,NA,NA,NA
aus.republican2,626,NA,FALSE,NA,NA,NA,NA,NA,NA
aus.republican2,627,NA,FALSE,NA,NA,NA,NA,NA,NA
aus.republican2,628,NA,FALSE,NA,NA,NA,NA,NA,NA
aus.republican2,629,NA,FALSE,NA,NA,NA,NA,NA,NA
aus.republican2,630,NA,FALSE,NA,NA,NA,NA,NA,NA
aus.republican2,631,NA,FALSE,NA,NA,NA,NA,NA,NA
aus.republican2,632,NA,FALSE,NA,NA,NA,NA,NA,NA
aus.republican2,633,NA,FALSE,NA,NA,NA,NA,NA,NA
aus.republican2,634,NA,FALSE,NA,NA,NA,NA,NA,NA
aus.republican2,635,NA,FALSE,NA,NA,NA,NA,NA,NA
aus.republican2,636,NA,FALSE,NA,NA,NA,NA,NA,NA
aus.republican2,637,NA,FALSE,NA,NA,NA,NA,NA,NA
aus.republican2,638,NA,FALSE,NA,NA,NA,NA,NA,NA
aus.republican2,639,NA,FALSE,NA,NA,NA,NA,NA,NA
aus.republican2,640,NA,FALSE,NA,NA,NA,NA,NA,NA
aus.republican2,641,NA,FALSE,NA,NA,NA,NA,NA,NA
aus.republican2,642,NA,FALSE,NA,NA,NA,NA,NA,NA
aus.republican2,643,NA,FALSE,NA,NA,NA,NA,NA,NA
aus.republican2,644,NA,FALSE,NA,NA,NA,NA,NA,NA
aus.republican2,645,NA,FALSE,NA,NA,NA,NA,NA,NA
aus.republican2,646,NA,FALSE,NA,NA,NA,NA,NA,NA
aus.republican2,647,NA,FALSE,NA,NA,NA,NA,NA,NA
aus.republican2,648,NA,FALSE,NA,NA,NA,NA,NA,NA
aus.republican2,649,NA,FALSE,NA,NA,NA,NA,NA,NA
aus.republican2,650,NA,FALSE,NA,NA,NA,NA,NA,NA
aus.republican2,651,NA,FALSE,NA,NA,NA,NA,NA,NA
aus.republican2,652,NA,FALSE,NA,NA,NA,NA,NA,NA
aus.republican2,653,NA,FALSE,NA,NA,NA,NA,NA,NA
aus.republican2,654,NA,FALSE,NA,NA,NA,NA,NA,NA
aus.republican2,655,NA,FALSE,NA,NA,NA,NA,NA,NA
aus.republican2,656,NA,FALSE,NA,NA,NA,NA,NA,NA
aus.republican2,657,NA,FALSE,NA,NA,NA,NA,NA,NA
aus.republican2,658,NA,FALSE,NA,NA,NA,NA,NA,NA
aus.republican2,659,NA,FALSE,NA,NA,NA,NA,NA,NA
aus.republican2,660,NA,FALSE,NA,NA,NA,NA,NA,NA
aus.republican2,661,NA,FALSE,NA,NA,NA,NA,NA,NA
aus.republican2,662,NA,FALSE,NA,NA,NA,NA,NA,NA
aus.republican2,663,NA,FALSE,NA,NA,NA,NA,NA,NA
aus.republican2,664,NA,FALSE,NA,NA,NA,NA,NA,NA
aus.republican2,665,NA,FALSE,NA,NA,NA,NA,NA,NA
aus.republican2,666,NA,FALSE,NA,NA,NA,NA,NA,NA
aus.republican2,667,NA,FALSE,NA,NA,NA,NA,NA,NA
aus.republican2,668,NA,FALSE,NA,NA,NA,NA,NA,NA
aus.republican2,669,NA,FALSE,NA,NA,NA,NA,NA,NA
aus.republican2,670,NA,FALSE,NA,NA,NA,NA,NA,NA
aus.republican2,671,NA,FALSE,NA,NA,NA,NA,NA,NA
aus.republican2,672,NA,FALSE,NA,NA,NA,NA,NA,NA
aus.republican2,673,NA,FALSE,NA,NA,NA,NA,NA,NA
aus.republican2,674,NA,FALSE,NA,NA,NA,NA,NA,NA
aus.republican2,675,NA,FALSE,NA,NA,NA,NA,NA,NA
aus.republican2,676,NA,FALSE,NA,NA,NA,NA,NA,NA
aus.republican2,677,NA,FALSE,NA,NA,NA,NA,NA,NA
aus.republican2,678,NA,FALSE,NA,NA,NA,NA,NA,NA
aus.republican2,679,NA,FALSE,NA,NA,NA,NA,NA,NA
aus.republican2,680,NA,FALSE,NA,NA,NA,NA,NA,NA
aus.republican2,681,NA,FALSE,NA,NA,NA,NA,NA,NA
aus.republican2,682,NA,FALSE,NA,NA,NA,NA,NA,NA
aus.republican2,683,NA,FALSE,NA,NA,NA,NA,NA,NA
aus.republican2,684,NA,FALSE,NA,NA,NA,NA,NA,NA
aus.republican2,685,NA,FALSE,NA,NA,NA,NA,NA,NA
aus.republican2,686,NA,FALSE,NA,NA,NA,NA,NA,NA
aus.republican2,687,NA,FALSE,NA,NA,NA,NA,NA,NA
aus.republican2,688,NA,FALSE,NA,NA,NA,NA,NA,NA
aus.republican2,689,NA,FALSE,NA,NA,NA,NA,NA,NA
aus.republican2,690,NA,FALSE,NA,NA,NA,NA,NA,NA
aus.republican2,691,NA,FALSE,NA,NA,NA,NA,NA,NA
aus.republican2,692,NA,FALSE,NA,NA,NA,NA,NA,NA
aus.republican2,693,NA,FALSE,NA,NA,NA,NA,NA,NA
aus.republican2,694,NA,FALSE,NA,NA,NA,NA,NA,NA
aus.republican2,695,NA,FALSE,NA,NA,NA,NA,NA,NA
aus.republican2,696,NA,FALSE,NA,NA,NA,NA,NA,NA
aus.republican2,697,NA,FALSE,NA,NA,NA,NA,NA,NA
aus.republican2,698,NA,FALSE,NA,NA,NA,NA,NA,NA
aus.republican2,699,NA,FALSE,NA,NA,NA,NA,NA,NA
aus.republican2,700,NA,FALSE,NA,NA,NA,NA,NA,NA
aus.republican2,701,NA,FALSE,NA,NA,NA,NA,NA,NA
aus.republican2,702,NA,FALSE,NA,NA,NA,NA,NA,NA
aus.republican2,703,NA,FALSE,NA,NA,NA,NA,NA,NA
aus.republican2,704,NA,FALSE,NA,NA,NA,NA,NA,NA
aus.republican2,705,NA,FALSE,NA,NA,NA,NA,NA,NA
aus.republican2,706,NA,FALSE,NA,NA,NA,NA,NA,NA
aus.republican2,707,NA,FALSE,NA,NA,NA,NA,NA,NA
aus.republican2,708,NA,FALSE,NA,NA,NA,NA,NA,NA
aus.republican2,709,NA,FALSE,NA,NA,NA,NA,NA,NA
aus.republican2,710,NA,FALSE,NA,NA,NA,NA,NA,NA
aus.republican2,711,NA,FALSE,NA,NA,NA,NA,NA,NA
aus.republican2,712,NA,FALSE,NA,NA,NA,NA,NA,NA
aus.republican2,713,NA,FALSE,NA,NA,NA,NA,NA,NA
aus.republican2,714,NA,FALSE,NA,NA,NA,NA,NA,NA
aus.republican2,715,NA,FALSE,NA,NA,NA,NA,NA,NA
aus.republican2,716,NA,FALSE,NA,NA,NA,NA,NA,NA
aus.republican2,717,NA,FALSE,NA,NA,NA,NA,NA,NA
aus.republican2,718,NA,FALSE,NA,NA,NA,NA,NA,NA
aus.republican2,719,NA,FALSE,NA,NA,NA,NA,NA,NA
aus.republican2,720,NA,FALSE,NA,NA,NA,NA,NA,NA
aus.republican2,721,NA,FALSE,NA,NA,NA,NA,NA,NA
aus.republican2,722,NA,FALSE,NA,NA,NA,NA,NA,NA
aus.republican2,723,NA,FALSE,NA,NA,NA,NA,NA,NA
aus.republican2,724,NA,FALSE,NA,NA,NA,NA,NA,NA
aus.republican2,725,NA,FALSE,NA,NA,NA,NA,NA,NA
aus.republican2,726,NA,FALSE,NA,NA,NA,NA,NA,NA
aus.republican2,727,NA,FALSE,NA,NA,NA,NA,NA,NA
aus.republican2,728,NA,FALSE,NA,NA,NA,NA,NA,NA
aus.republican2,729,NA,FALSE,NA,NA,NA,NA,NA,NA
aus.republican2,730,NA,FALSE,NA,NA,NA,NA,NA,NA
aus.republican2,731,NA,FALSE,NA,NA,NA,NA,NA,NA
aus.republican2,732,NA,FALSE,NA,NA,NA,NA,NA,NA
aus.republican2,733,NA,FALSE,NA,NA,NA,NA,NA,NA
aus.republican2,734,NA,FALSE,NA,NA,NA,NA,NA,NA
aus.republican2,735,NA,FALSE,NA,NA,NA,NA,NA,NA
aus.republican2,736,NA,FALSE,NA,NA,NA,NA,NA,NA
aus.republican2,737,NA,FALSE,NA,NA,NA,NA,NA,NA
aus.republican2,738,NA,FALSE,NA,NA,NA,NA,NA,NA
aus.republican2,739,NA,FALSE,NA,NA,NA,NA,NA,NA
aus.republican2,740,NA,FALSE,NA,NA,NA,NA,NA,NA
aus.republican2,741,NA,FALSE,NA,NA,NA,NA,NA,NA
aus.republican2,742,NA,FALSE,NA,NA,NA,NA,NA,NA
aus.republican2,743,NA,FALSE,NA,NA,NA,NA,NA,NA
aus.republican2,744,NA,FALSE,NA,NA,NA,NA,NA,NA
aus.republican2,745,NA,FALSE,NA,NA,NA,NA,NA,NA
aus.republican2,746,NA,FALSE,NA,NA,NA,NA,NA,NA
aus.republican2,747,NA,FALSE,NA,NA,NA,NA,NA,NA
aus.republican2,748,NA,FALSE,NA,NA,NA,NA,NA,NA
aus.republican2,749,NA,FALSE,NA,NA,NA,NA,NA,NA
aus.republican2,750,NA,FALSE,NA,NA,NA,NA,NA,NA
aus.republican2,751,NA,FALSE,NA,NA,NA,NA,NA,NA
aus.republican2,752,NA,FALSE,NA,NA,NA,NA,NA,NA
aus.republican2,753,NA,FALSE,NA,NA,NA,NA,NA,NA
aus.republican2,754,NA,FALSE,NA,NA,NA,NA,NA,NA
aus.republican2,755,NA,FALSE,NA,NA,NA,NA,NA,NA
aus.republican2,756,NA,FALSE,NA,NA,NA,NA,NA,NA
aus.republican2,757,NA,FALSE,NA,NA,NA,NA,NA,NA
aus.republican2,758,NA,FALSE,NA,NA,NA,NA,NA,NA
aus.republican2,759,NA,FALSE,NA,NA,NA,NA,NA,NA
aus.republican2,760,NA,FALSE,NA,NA,NA,NA,NA,NA
aus.republican2,761,NA,FALSE,NA,NA,NA,NA,NA,NA
aus.republican2,762,NA,FALSE,NA,NA,NA,NA,NA,NA
aus.republican2,763,NA,FALSE,NA,NA,NA,NA,NA,NA
aus.republican2,764,NA,FALSE,NA,NA,NA,NA,NA,NA
aus.republican2,765,NA,FALSE,NA,NA,NA,NA,NA,NA
aus.republican2,766,NA,FALSE,NA,NA,NA,NA,NA,NA
aus.republican2,767,NA,FALSE,NA,NA,NA,NA,NA,NA
aus.republican2,768,NA,FALSE,NA,NA,NA,NA,NA,NA
aus.republican2,769,NA,FALSE,NA,NA,NA,NA,NA,NA
aus.republican2,770,NA,FALSE,NA,NA,NA,NA,NA,NA
aus.republican2,771,NA,FALSE,NA,NA,NA,NA,NA,NA
aus.republican2,772,NA,FALSE,NA,NA,NA,NA,NA,NA
aus.republican2,773,NA,FALSE,NA,NA,NA,NA,NA,NA
aus.republican2,774,NA,FALSE,NA,NA,NA,NA,NA,NA
aus.republican2,775,NA,FALSE,NA,NA,NA,NA,NA,NA
aus.republican2,776,NA,FALSE,NA,NA,NA,NA,NA,NA
aus.republican2,777,NA,FALSE,NA,NA,NA,NA,NA,NA
aus.republican2,778,NA,FALSE,NA,NA,NA,NA,NA,NA
aus.republican2,779,NA,FALSE,NA,NA,NA,NA,NA,NA
aus.republican2,780,NA,FALSE,NA,NA,NA,NA,NA,NA
aus.republican2,781,NA,FALSE,NA,NA,NA,NA,NA,NA
aus.republican2,782,NA,FALSE,NA,NA,NA,NA,NA,NA
aus.republican2,783,NA,FALSE,NA,NA,NA,NA,NA,NA
aus.republican2,784,NA,FALSE,NA,NA,NA,NA,NA,NA
aus.republican2,785,NA,FALSE,NA,NA,NA,NA,NA,NA
aus.republican2,786,NA,FALSE,NA,NA,NA,NA,NA,NA
aus.republican2,787,NA,FALSE,NA,NA,NA,NA,NA,NA
aus.republican2,788,NA,FALSE,NA,NA,NA,NA,NA,NA
aus.republican2,789,NA,FALSE,NA,NA,NA,NA,NA,NA
aus.republican2,790,NA,FALSE,NA,NA,NA,NA,NA,NA
aus.republican2,791,NA,FALSE,NA,NA,NA,NA,NA,NA
aus.republican2,792,NA,FALSE,NA,NA,NA,NA,NA,NA
aus.republican2,793,NA,FALSE,NA,NA,NA,NA,NA,NA
aus.republican2,794,NA,FALSE,NA,NA,NA,NA,NA,NA
aus.republican2,795,NA,FALSE,NA,NA,NA,NA,NA,NA
aus.republican2,796,NA,FALSE,NA,NA,NA,NA,NA,NA
aus.republican2,797,NA,FALSE,NA,NA,NA,NA,NA,NA
aus.republican2,798,NA,FALSE,NA,NA,NA,NA,NA,NA
aus.republican2,799,NA,FALSE,NA,NA,NA,NA,NA,NA
aus.republican2,800,NA,FALSE,NA,NA,NA,NA,NA,NA
aus.republican2,801,NA,FALSE,NA,NA,NA,NA,NA,NA
aus.republican2,802,NA,FALSE,NA,NA,NA,NA,NA,NA
aus.republican2,803,NA,FALSE,NA,NA,NA,NA,NA,NA
aus.republican2,804,NA,FALSE,NA,NA,NA,NA,NA,NA
aus.republican2,805,NA,FALSE,NA,NA,NA,NA,NA,NA
aus.republican2,806,NA,FALSE,NA,NA,NA,NA,NA,NA
aus.republican2,807,NA,FALSE,NA,NA,NA,NA,NA,NA
aus.republican2,808,NA,FALSE,NA,NA,NA,NA,NA,NA
aus.republican2,809,NA,FALSE,NA,NA,NA,NA,NA,NA
aus.republican2,810,NA,FALSE,NA,NA,NA,NA,NA,NA
aus.republican2,811,NA,FALSE,NA,NA,NA,NA,NA,NA
aus.republican2,812,NA,FALSE,NA,NA,NA,NA,NA,NA
aus.republican2,813,NA,FALSE,NA,NA,NA,NA,NA,NA
aus.republican2,814,NA,FALSE,NA,NA,NA,NA,NA,NA
aus.republican2,815,NA,FALSE,NA,NA,NA,NA,NA,NA
aus.republican2,816,NA,FALSE,NA,NA,NA,NA,NA,NA
aus.republican2,817,NA,FALSE,NA,NA,NA,NA,NA,NA
aus.republican2,818,NA,FALSE,NA,NA,NA,NA,NA,NA
aus.republican2,819,NA,FALSE,NA,NA,NA,NA,NA,NA
aus.republican2,820,NA,FALSE,NA,NA,NA,NA,NA,NA
aus.republican2,821,NA,FALSE,NA,NA,NA,NA,NA,NA
aus.republican2,822,NA,FALSE,NA,NA,NA,NA,NA,NA
aus.republican2,823,NA,FALSE,NA,NA,NA,NA,NA,NA
aus.republican2,824,NA,FALSE,NA,NA,NA,NA,NA,NA
aus.republican2,825,NA,FALSE,NA,NA,NA,NA,NA,NA
aus.republican2,826,NA,FALSE,NA,NA,NA,NA,NA,NA
aus.republican2,827,NA,FALSE,NA,NA,NA,NA,NA,NA
aus.republican2,828,NA,FALSE,NA,NA,NA,NA,NA,NA
aus.republican2,829,NA,FALSE,NA,NA,NA,NA,NA,NA
aus.republican2,830,NA,FALSE,NA,NA,NA,NA,NA,NA
aus.republican2,831,NA,FALSE,NA,NA,NA,NA,NA,NA
aus.republican2,832,NA,FALSE,NA,NA,NA,NA,NA,NA
aus.republican2,833,NA,FALSE,NA,NA,NA,NA,NA,NA
aus.republican2,834,NA,FALSE,NA,NA,NA,NA,NA,NA
aus.republican2,835,NA,FALSE,NA,NA,NA,NA,NA,NA
aus.republican2,836,NA,FALSE,NA,NA,NA,NA,NA,NA
aus.republican2,837,NA,FALSE,NA,NA,NA,NA,NA,NA
aus.republican2,838,NA,FALSE,NA,NA,NA,NA,NA,NA
aus.republican2,839,NA,FALSE,NA,NA,NA,NA,NA,NA
aus.republican2,840,NA,FALSE,NA,NA,NA,NA,NA,NA
aus.republican2,841,NA,FALSE,NA,NA,NA,NA,NA,NA
aus.republican2,842,NA,FALSE,NA,NA,NA,NA,NA,NA
aus.republican2,843,NA,FALSE,NA,NA,NA,NA,NA,NA
aus.republican2,844,NA,FALSE,NA,NA,NA,NA,NA,NA
aus.republican2,845,NA,FALSE,NA,NA,NA,NA,NA,NA
aus.republican2,846,NA,FALSE,NA,NA,NA,NA,NA,NA
aus.republican2,847,NA,FALSE,NA,NA,NA,NA,NA,NA
aus.republican2,848,NA,FALSE,NA,NA,NA,NA,NA,NA
aus.republican2,849,NA,FALSE,NA,NA,NA,NA,NA,NA
aus.republican2,850,NA,FALSE,NA,NA,NA,NA,NA,NA
aus.republican2,851,NA,FALSE,NA,NA,NA,NA,NA,NA
aus.republican2,852,NA,FALSE,NA,NA,NA,NA,NA,NA
aus.republican2,853,NA,FALSE,NA,NA,NA,NA,NA,NA
aus.republican2,854,NA,FALSE,NA,NA,NA,NA,NA,NA
aus.republican2,855,NA,FALSE,NA,NA,NA,NA,NA,NA
aus.republican2,856,NA,FALSE,NA,NA,NA,NA,NA,NA
aus.republican2,857,NA,FALSE,NA,NA,NA,NA,NA,NA
aus.republican2,858,NA,FALSE,NA,NA,NA,NA,NA,NA
aus.republican2,859,NA,FALSE,NA,NA,NA,NA,NA,NA
aus.republican2,860,NA,FALSE,NA,NA,NA,NA,NA,NA
aus.republican2,861,NA,FALSE,NA,NA,NA,NA,NA,NA
aus.republican2,862,NA,FALSE,NA,NA,NA,NA,NA,NA
aus.republican2,863,NA,FALSE,NA,NA,NA,NA,NA,NA
aus.republican2,864,NA,FALSE,NA,NA,NA,NA,NA,NA
aus.republican2,865,NA,FALSE,NA,NA,NA,NA,NA,NA
aus.republican2,866,NA,FALSE,NA,NA,NA,NA,NA,NA
aus.republican2,867,NA,FALSE,NA,NA,NA,NA,NA,NA
aus.republican2,868,NA,FALSE,NA,NA,NA,NA,NA,NA
aus.republican2,869,NA,FALSE,NA,NA,NA,NA,NA,NA
aus.republican2,870,NA,FALSE,NA,NA,NA,NA,NA,NA
aus.republican2,871,NA,FALSE,NA,NA,NA,NA,NA,NA
aus.republican2,872,NA,FALSE,NA,NA,NA,NA,NA,NA
aus.republican2,873,NA,FALSE,NA,NA,NA,NA,NA,NA
aus.republican2,874,NA,FALSE,NA,NA,NA,NA,NA,NA
aus.republican2,875,NA,FALSE,NA,NA,NA,NA,NA,NA
aus.republican2,876,NA,FALSE,NA,NA,NA,NA,NA,NA
aus.republican2,877,NA,FALSE,NA,NA,NA,NA,NA,NA
aus.republican2,878,NA,FALSE,NA,NA,NA,NA,NA,NA
aus.republican2,879,NA,FALSE,NA,NA,NA,NA,NA,NA
aus.republican2,880,NA,FALSE,NA,NA,NA,NA,NA,NA
aus.republican2,881,NA,FALSE,NA,NA,NA,NA,NA,NA
aus.republican2,882,NA,FALSE,NA,NA,NA,NA,NA,NA
aus.republican2,883,NA,FALSE,NA,NA,NA,NA,NA,NA
aus.republican2,884,NA,FALSE,NA,NA,NA,NA,NA,NA
aus.republican2,885,NA,FALSE,NA,NA,NA,NA,NA,NA
aus.republican2,886,NA,FALSE,NA,NA,NA,NA,NA,NA
aus.republican2,887,NA,FALSE,NA,NA,NA,NA,NA,NA
aus.republican2,888,NA,FALSE,NA,NA,NA,NA,NA,NA
aus.republican2,889,NA,FALSE,NA,NA,NA,NA,NA,NA
aus.republican2,890,NA,FALSE,NA,NA,NA,NA,NA,NA
aus.republican2,891,NA,FALSE,NA,NA,NA,NA,NA,NA
aus.republican2,892,NA,FALSE,NA,NA,NA,NA,NA,NA
aus.republican2,893,NA,FALSE,NA,NA,NA,NA,NA,NA
aus.republican2,894,NA,FALSE,NA,NA,NA,NA,NA,NA
aus.republican2,895,NA,FALSE,NA,NA,NA,NA,NA,NA
aus.republican2,896,NA,FALSE,NA,NA,NA,NA,NA,NA
aus.republican2,897,NA,FALSE,NA,NA,NA,NA,NA,NA
aus.republican2,898,NA,FALSE,NA,NA,NA,NA,NA,NA
aus.republican2,899,NA,FALSE,NA,NA,NA,NA,NA,NA
aus.republican2,900,NA,FALSE,NA,NA,NA,NA,NA,NA
aus.republican2,901,NA,FALSE,NA,NA,NA,NA,NA,NA
aus.republican2,902,NA,FALSE,NA,NA,NA,NA,NA,NA
aus.republican2,903,NA,FALSE,NA,NA,NA,NA,NA,NA
aus.republican2,904,NA,FALSE,NA,NA,NA,NA,NA,NA
aus.republican2,905,NA,FALSE,NA,NA,NA,NA,NA,NA
aus.republican2,906,NA,FALSE,NA,NA,NA,NA,NA,NA
aus.republican2,907,NA,FALSE,NA,NA,NA,NA,NA,NA
aus.republican2,908,NA,FALSE,NA,NA,NA,NA,NA,NA
aus.republican2,909,NA,FALSE,NA,NA,NA,NA,NA,NA
aus.republican2,910,NA,FALSE,NA,NA,NA,NA,NA,NA
aus.republican2,911,NA,FALSE,NA,NA,NA,NA,NA,NA
aus.republican2,912,NA,FALSE,NA,NA,NA,NA,NA,NA
aus.republican2,913,NA,FALSE,NA,NA,NA,NA,NA,NA
aus.republican2,914,NA,FALSE,NA,NA,NA,NA,NA,NA
aus.republican2,915,NA,FALSE,NA,NA,NA,NA,NA,NA
aus.republican2,916,NA,FALSE,NA,NA,NA,NA,NA,NA
aus.republican2,917,NA,FALSE,NA,NA,NA,NA,NA,NA
aus.republican2,918,NA,FALSE,NA,NA,NA,NA,NA,NA
aus.republican2,919,NA,FALSE,NA,NA,NA,NA,NA,NA
aus.republican2,920,NA,FALSE,NA,NA,NA,NA,NA,NA
aus.republican2,921,NA,FALSE,NA,NA,NA,NA,NA,NA
aus.republican2,922,NA,FALSE,NA,NA,NA,NA,NA,NA
aus.republican2,923,NA,FALSE,NA,NA,NA,NA,NA,NA
aus.republican2,924,NA,FALSE,NA,NA,NA,NA,NA,NA
aus.republican2,925,NA,FALSE,NA,NA,NA,NA,NA,NA
aus.republican2,926,NA,FALSE,NA,NA,NA,NA,NA,NA
aus.republican2,927,NA,FALSE,NA,NA,NA,NA,NA,NA
aus.republican2,928,NA,FALSE,NA,NA,NA,NA,NA,NA
aus.republican2,929,NA,FALSE,NA,NA,NA,NA,NA,NA
aus.republican2,930,NA,FALSE,NA,NA,NA,NA,NA,NA
aus.republican2,931,NA,FALSE,NA,NA,NA,NA,NA,NA
aus.republican2,932,NA,FALSE,NA,NA,NA,NA,NA,NA
aus.republican2,933,NA,FALSE,NA,NA,NA,NA,NA,NA
aus.republican2,934,NA,FALSE,NA,NA,NA,NA,NA,NA
aus.republican2,935,NA,FALSE,NA,NA,NA,NA,NA,NA
aus.republican2,936,NA,FALSE,NA,NA,NA,NA,NA,NA
aus.republican2,937,NA,FALSE,NA,NA,NA,NA,NA,NA
aus.republican2,938,NA,FALSE,NA,NA,NA,NA,NA,NA
aus.republican2,939,NA,FALSE,NA,NA,NA,NA,NA,NA
aus.republican2,940,NA,FALSE,NA,NA,NA,NA,NA,NA
aus.republican2,941,NA,FALSE,NA,NA,NA,NA,NA,NA
aus.republican2,942,NA,FALSE,NA,NA,NA,NA,NA,NA
aus.republican2,943,NA,FALSE,NA,NA,NA,NA,NA,NA
aus.republican2,944,NA,FALSE,NA,NA,NA,NA,NA,NA
aus.republican2,945,NA,FALSE,NA,NA,NA,NA,NA,NA
aus.republican2,946,NA,FALSE,NA,NA,NA,NA,NA,NA
aus.republican2,947,NA,FALSE,NA,NA,NA,NA,NA,NA
aus.republican2,948,NA,FALSE,NA,NA,NA,NA,NA,NA
aus.republican2,949,NA,FALSE,NA,NA,NA,NA,NA,NA
aus.republican2,950,NA,FALSE,NA,NA,NA,NA,NA,NA
aus.republican2,951,NA,FALSE,NA,NA,NA,NA,NA,NA
aus.republican2,952,NA,FALSE,NA,NA,NA,NA,NA,NA
aus.republican2,953,NA,FALSE,NA,NA,NA,NA,NA,NA
aus.republican2,954,NA,FALSE,NA,NA,NA,NA,NA,NA
aus.republican2,955,NA,FALSE,NA,NA,NA,NA,NA,NA
aus.republican2,956,NA,FALSE,NA,NA,NA,NA,NA,NA
aus.republican2,957,NA,FALSE,NA,NA,NA,NA,NA,NA
aus.republican2,958,NA,FALSE,NA,NA,NA,NA,NA,NA
aus.republican2,959,NA,FALSE,NA,NA,NA,NA,NA,NA
aus.republican2,960,NA,FALSE,NA,NA,NA,NA,NA,NA
aus.republican2,961,NA,FALSE,NA,NA,NA,NA,NA,NA
aus.republican2,962,NA,FALSE,NA,NA,NA,NA,NA,NA
aus.republican2,963,NA,FALSE,NA,NA,NA,NA,NA,NA
aus.republican2,964,NA,FALSE,NA,NA,NA,NA,NA,NA
aus.republican2,965,NA,FALSE,NA,NA,NA,NA,NA,NA
aus.republican2,966,NA,FALSE,NA,NA,NA,NA,NA,NA
aus.republican2,967,NA,FALSE,NA,NA,NA,NA,NA,NA
aus.republican2,968,NA,FALSE,NA,NA,NA,NA,NA,NA
aus.republican2,969,NA,FALSE,NA,NA,NA,NA,NA,NA
aus.republican2,970,NA,FALSE,NA,NA,NA,NA,NA,NA
aus.republican2,971,NA,FALSE,NA,NA,NA,NA,NA,NA
aus.republican2,972,NA,FALSE,NA,NA,NA,NA,NA,NA
aus.republican2,973,NA,FALSE,NA,NA,NA,NA,NA,NA
aus.republican2,974,NA,FALSE,NA,NA,NA,NA,NA,NA
aus.republican2,975,NA,FALSE,NA,NA,NA,NA,NA,NA
aus.republican2,976,NA,FALSE,NA,NA,NA,NA,NA,NA
aus.republican2,977,NA,FALSE,NA,NA,NA,NA,NA,NA
aus.republican2,978,NA,FALSE,NA,NA,NA,NA,NA,NA
aus.republican2,979,NA,FALSE,NA,NA,NA,NA,NA,NA
aus.republican2,980,NA,FALSE,NA,NA,NA,NA,NA,NA
aus.republican2,981,NA,FALSE,NA,NA,NA,NA,NA,NA
aus.republican2,982,NA,FALSE,NA,NA,NA,NA,NA,NA
aus.republican2,983,NA,FALSE,NA,NA,NA,NA,NA,NA
aus.republican2,984,NA,FALSE,NA,NA,NA,NA,NA,NA
aus.republican2,985,NA,FALSE,NA,NA,NA,NA,NA,NA
aus.republican2,986,NA,FALSE,NA,NA,NA,NA,NA,NA
aus.republican2,987,NA,FALSE,NA,NA,NA,NA,NA,NA
aus.republican2,988,NA,FALSE,NA,NA,NA,NA,NA,NA
aus.republican2,989,NA,FALSE,NA,NA,NA,NA,NA,NA
aus.republican2,990,NA,FALSE,NA,NA,NA,NA,NA,NA
aus.republican2,991,NA,FALSE,NA,NA,NA,NA,NA,NA
aus.republican2,992,NA,FALSE,NA,NA,NA,NA,NA,NA
aus.republican2,993,NA,FALSE,NA,NA,NA,NA,NA,NA
aus.republican2,994,NA,FALSE,NA,NA,NA,NA,NA,NA
aus.republican2,995,NA,FALSE,NA,NA,NA,NA,NA,NA
aus.republican2,996,NA,FALSE,NA,NA,NA,NA,NA,NA
aus.republican2,997,NA,FALSE,NA,NA,NA,NA,NA,NA
aus.republican2,998,NA,FALSE,NA,NA,NA,NA,NA,NA
aus.republican2,999,NA,FALSE,NA,NA,NA,NA,NA,NA
aus.republican2,1000,NA,FALSE,NA,NA,NA,NA,NA,NA
aus.republican2,1001,NA,FALSE,NA,NA,NA,NA,NA,NA
aus.republican2,1002,NA,FALSE,NA,NA,NA,NA,NA,NA
aus.republican2,1003,NA,FALSE,NA,NA,NA,NA,NA,NA
aus.republican2,1004,NA,FALSE,NA,NA,NA,NA,NA,NA
aus.republican2,1005,NA,FALSE,NA,NA,NA,NA,NA,NA
aus.republican2,1006,NA,FALSE,NA,NA,NA,NA,NA,NA
aus.republican2,1007,NA,FALSE,NA,NA,NA,NA,NA,NA
aus.republican2,1008,NA,FALSE,NA,NA,NA,NA,NA,NA
aus.republican2,1009,NA,FALSE,NA,NA,NA,NA,NA,NA
aus.republican2,1010,NA,FALSE,NA,NA,NA,NA,NA,NA
aus.republican2,1011,NA,FALSE,NA,NA,NA,NA,NA,NA
aus.republican2,1012,NA,FALSE,NA,NA,NA,NA,NA,NA
aus.republican2,1013,NA,FALSE,NA,NA,NA,NA,NA,NA
aus.republican2,1014,NA,FALSE,NA,NA,NA,NA,NA,NA
aus.republican2,1015,NA,FALSE,NA,NA,NA,NA,NA,NA
aus.republican2,1016,NA,FALSE,NA,NA,NA,NA,NA,NA
aus.republican2,1017,NA,FALSE,NA,NA,NA,NA,NA,NA
aus.republican2,1018,NA,FALSE,NA,NA,NA,NA,NA,NA
aus.republican2,1019,NA,FALSE,NA,NA,NA,NA,NA,NA
aus.republican2,1020,NA,FALSE,NA,NA,NA,NA,NA,NA
aus.republican2,1021,NA,FALSE,NA,NA,NA,NA,NA,NA
aus.republican2,1022,NA,FALSE,NA,NA,NA,NA,NA,NA
aus.republican2,1023,NA,FALSE,NA,NA,NA,NA,NA,NA
aus.republican2,1024,NA,FALSE,NA,NA,NA,NA,NA,NA
aus.republican2,1025,NA,FALSE,NA,NA,NA,NA,NA,NA
aus.republican2,1026,NA,FALSE,NA,NA,NA,NA,NA,NA
aus.republican2,1027,NA,FALSE,NA,NA,NA,NA,NA,NA
aus.republican2,1028,NA,FALSE,NA,NA,NA,NA,NA,NA
aus.republican2,1029,NA,FALSE,NA,NA,NA,NA,NA,NA
aus.republican2,1030,NA,FALSE,NA,NA,NA,NA,NA,NA
aus.republican2,1031,NA,FALSE,NA,NA,NA,NA,NA,NA
aus.republican2,1032,NA,FALSE,NA,NA,NA,NA,NA,NA
aus.republican2,1033,NA,FALSE,NA,NA,NA,NA,NA,NA
aus.republican2,1034,NA,FALSE,NA,NA,NA,NA,NA,NA
aus.republican2,1035,NA,FALSE,NA,NA,NA,NA,NA,NA
aus.republican2,1036,NA,FALSE,NA,NA,NA,NA,NA,NA
aus.republican2,1037,NA,FALSE,NA,NA,NA,NA,NA,NA
aus.republican2,1038,NA,FALSE,NA,NA,NA,NA,NA,NA
aus.republican2,1039,NA,FALSE,NA,NA,NA,NA,NA,NA
aus.republican2,1040,NA,FALSE,NA,NA,NA,NA,NA,NA
aus.republican2,1041,NA,FALSE,NA,NA,NA,NA,NA,NA
aus.republican2,1042,NA,FALSE,NA,NA,NA,NA,NA,NA
aus.republican2,1043,NA,FALSE,NA,NA,NA,NA,NA,NA
aus.republican2,1044,NA,FALSE,NA,NA,NA,NA,NA,NA
aus.republican2,1045,NA,FALSE,NA,NA,NA,NA,NA,NA
aus.republican2,1046,NA,FALSE,NA,NA,NA,NA,NA,NA
aus.republican2,1047,NA,FALSE,NA,NA,NA,NA,NA,NA
aus.republican2,1048,NA,FALSE,NA,NA,NA,NA,NA,NA
aus.republican2,1049,NA,FALSE,NA,NA,NA,NA,NA,NA
aus.republican2,1050,NA,FALSE,NA,NA,NA,NA,NA,NA
aus.republican2,1051,NA,FALSE,NA,NA,NA,NA,NA,NA
aus.republican2,1052,NA,FALSE,NA,NA,NA,NA,NA,NA
aus.republican2,1053,NA,FALSE,NA,NA,NA,NA,NA,NA
aus.republican2,1054,NA,FALSE,NA,NA,NA,NA,NA,NA
aus.republican2,1055,NA,FALSE,NA,NA,NA,NA,NA,NA
aus.republican2,1056,NA,FALSE,NA,NA,NA,NA,NA,NA
aus.republican2,1057,NA,FALSE,NA,NA,NA,NA,NA,NA
aus.republican2,1058,NA,FALSE,NA,NA,NA,NA,NA,NA
aus.republican2,1059,NA,FALSE,NA,NA,NA,NA,NA,NA
aus.republican2,1060,NA,FALSE,NA,NA,NA,NA,NA,NA
aus.republican2,1061,NA,FALSE,NA,NA,NA,NA,NA,NA
aus.republican2,1062,NA,FALSE,NA,NA,NA,NA,NA,NA
aus.republican2,1063,NA,FALSE,NA,NA,NA,NA,NA,NA
aus.republican2,1064,NA,FALSE,NA,NA,NA,NA,NA,NA
aus.republican2,1065,NA,FALSE,NA,NA,NA,NA,NA,NA
aus.republican2,1066,NA,FALSE,NA,NA,NA,NA,NA,NA
aus.republican2,1067,NA,FALSE,NA,NA,NA,NA,NA,NA
aus.republican2,1068,NA,FALSE,NA,NA,NA,NA,NA,NA
aus.republican2,1069,NA,FALSE,NA,NA,NA,NA,NA,NA
aus.republican2,1070,NA,FALSE,NA,NA,NA,NA,NA,NA
aus.republican2,1071,NA,FALSE,NA,NA,NA,NA,NA,NA
aus.republican2,1072,NA,FALSE,NA,NA,NA,NA,NA,NA
aus.republican2,1073,NA,FALSE,NA,NA,NA,NA,NA,NA
aus.republican2,1074,NA,FALSE,NA,NA,NA,NA,NA,NA
aus.republican2,1075,NA,FALSE,NA,NA,NA,NA,NA,NA
aus.republican2,1076,NA,FALSE,NA,NA,NA,NA,NA,NA
aus.republican2,1077,NA,FALSE,NA,NA,NA,NA,NA,NA
aus.republican2,1078,NA,FALSE,NA,NA,NA,NA,NA,NA
aus.republican2,1079,NA,FALSE,NA,NA,NA,NA,NA,NA
aus.republican2,1080,NA,FALSE,NA,NA,NA,NA,NA,NA
aus.republican2,1081,NA,FALSE,NA,NA,NA,NA,NA,NA
aus.republican2,1082,NA,FALSE,NA,NA,NA,NA,NA,NA
aus.republican2,1083,NA,FALSE,NA,NA,NA,NA,NA,NA
aus.republican2,1084,NA,FALSE,NA,NA,NA,NA,NA,NA
aus.republican2,1085,NA,FALSE,NA,NA,NA,NA,NA,NA
aus.republican2,1086,NA,FALSE,NA,NA,NA,NA,NA,NA
aus.republican2,1087,NA,FALSE,NA,NA,NA,NA,NA,NA
aus.republican2,1088,NA,FALSE,NA,NA,NA,NA,NA,NA
aus.republican2,1089,NA,FALSE,NA,NA,NA,NA,NA,NA
aus.republican2,1090,NA,FALSE,NA,NA,NA,NA,NA,NA
aus.republican2,1091,NA,FALSE,NA,NA,NA,NA,NA,NA
aus.republican2,1092,NA,FALSE,NA,NA,NA,NA,NA,NA
aus.republican2,1093,NA,FALSE,NA,NA,NA,NA,NA,NA
aus.republican2,1094,NA,FALSE,NA,NA,NA,NA,NA,NA
aus.republican2,1095,NA,FALSE,NA,NA,NA,NA,NA,NA
aus.republican2,1096,NA,FALSE,NA,NA,NA,NA,NA,NA
aus.republican2,1097,NA,FALSE,NA,NA,NA,NA,NA,NA
aus.republican2,1098,NA,FALSE,NA,NA,NA,NA,NA,NA
aus.republican2,1099,NA,FALSE,NA,NA,NA,NA,NA,NA
aus.republican2,1100,NA,FALSE,NA,NA,NA,NA,NA,NA
aus.republican2,1101,NA,FALSE,NA,NA,NA,NA,NA,NA
aus.republican2,1102,NA,FALSE,NA,NA,NA,NA,NA,NA
aus.republican2,1103,NA,FALSE,NA,NA,NA,NA,NA,NA
aus.republican2,1104,NA,FALSE,NA,NA,NA,NA,NA,NA
aus.republican2,1105,NA,FALSE,NA,NA,NA,NA,NA,NA
aus.republican2,1106,NA,FALSE,NA,NA,NA,NA,NA,NA
aus.republican2,1107,NA,FALSE,NA,NA,NA,NA,NA,NA
aus.republican2,1108,NA,FALSE,NA,NA,NA,NA,NA,NA
aus.republican2,1109,NA,FALSE,NA,NA,NA,NA,NA,NA
aus.republican2,1110,NA,FALSE,NA,NA,NA,NA,NA,NA
aus.republican2,1111,NA,FALSE,NA,NA,NA,NA,NA,NA
aus.republican2,1112,NA,FALSE,NA,NA,NA,NA,NA,NA
aus.republican2,1113,NA,FALSE,NA,NA,NA,NA,NA,NA
aus.republican2,1114,NA,FALSE,NA,NA,NA,NA,NA,NA
aus.republican2,1115,NA,FALSE,NA,NA,NA,NA,NA,NA
aus.republican2,1116,NA,FALSE,NA,NA,NA,NA,NA,NA
aus.republican2,1117,NA,FALSE,NA,NA,NA,NA,NA,NA
aus.republican2,1118,NA,FALSE,NA,NA,NA,NA,NA,NA
aus.republican2,1119,NA,FALSE,NA,NA,NA,NA,NA,NA
aus.republican2,1120,NA,FALSE,NA,NA,NA,NA,NA,NA
aus.republican2,1121,NA,FALSE,NA,NA,NA,NA,NA,NA
aus.republican2,1122,NA,FALSE,NA,NA,NA,NA,NA,NA
aus.republican2,1123,NA,FALSE,NA,NA,NA,NA,NA,NA
aus.republican2,1124,NA,FALSE,NA,NA,NA,NA,NA,NA
aus.republican2,1125,NA,FALSE,NA,NA,NA,NA,NA,NA
aus.republican2,1126,NA,FALSE,NA,NA,NA,NA,NA,NA
aus.republican2,1127,NA,FALSE,NA,NA,NA,NA,NA,NA
aus.republican2,1128,NA,FALSE,NA,NA,NA,NA,NA,NA
aus.republican2,1129,NA,FALSE,NA,NA,NA,NA,NA,NA
aus.republican2,1130,NA,FALSE,NA,NA,NA,NA,NA,NA
aus.republican2,1131,NA,FALSE,NA,NA,NA,NA,NA,NA
aus.republican2,1132,NA,FALSE,NA,NA,NA,NA,NA,NA
aus.republican2,1133,NA,FALSE,NA,NA,NA,NA,NA,NA
aus.republican2,1134,NA,FALSE,NA,NA,NA,NA,NA,NA
aus.republican2,1135,NA,FALSE,NA,NA,NA,NA,NA,NA
aus.republican2,1136,NA,FALSE,NA,NA,NA,NA,NA,NA
aus.republican2,1137,NA,FALSE,NA,NA,NA,NA,NA,NA
aus.republican2,1138,NA,FALSE,NA,NA,NA,NA,NA,NA
aus.republican2,1139,NA,FALSE,NA,NA,NA,NA,NA,NA
aus.republican2,1140,NA,FALSE,NA,NA,NA,NA,NA,NA
aus.republican2,1141,NA,FALSE,NA,NA,NA,NA,NA,NA
aus.republican2,1142,NA,FALSE,NA,NA,NA,NA,NA,NA
aus.republican2,1143,NA,FALSE,NA,NA,NA,NA,NA,NA
aus.republican2,1144,NA,FALSE,NA,NA,NA,NA,NA,NA
aus.republican2,1145,NA,FALSE,NA,NA,NA,NA,NA,NA
aus.republican2,1146,NA,FALSE,NA,NA,NA,NA,NA,NA
aus.republican2,1147,NA,FALSE,NA,NA,NA,NA,NA,NA
aus.republican2,1148,NA,FALSE,NA,NA,NA,NA,NA,NA
aus.republican2,1149,NA,FALSE,NA,NA,NA,NA,NA,NA
aus.republican2,1150,NA,FALSE,NA,NA,NA,NA,NA,NA
aus.republican2,1151,NA,FALSE,NA,NA,NA,NA,NA,NA
aus.republican2,1152,NA,FALSE,NA,NA,NA,NA,NA,NA
aus.republican2,1153,NA,FALSE,NA,NA,NA,NA,NA,NA
aus.republican2,1154,NA,FALSE,NA,NA,NA,NA,NA,NA
aus.republican2,1155,NA,FALSE,NA,NA,NA,NA,NA,NA
aus.republican2,1156,NA,FALSE,NA,NA,NA,NA,NA,NA
aus.republican2,1157,NA,FALSE,NA,NA,NA,NA,NA,NA
aus.republican2,1158,NA,FALSE,NA,NA,NA,NA,NA,NA
aus.republican2,1159,NA,FALSE,NA,NA,NA,NA,NA,NA
aus.republican2,1160,NA,FALSE,NA,NA,NA,NA,NA,NA
aus.republican2,1161,NA,FALSE,NA,NA,NA,NA,NA,NA
aus.republican2,1162,NA,FALSE,NA,NA,NA,NA,NA,NA
aus.republican2,1163,NA,FALSE,NA,NA,NA,NA,NA,NA
aus.republican2,1164,NA,FALSE,NA,NA,NA,NA,NA,NA
aus.republican2,1165,NA,FALSE,NA,NA,NA,NA,NA,NA
aus.republican2,1166,NA,FALSE,NA,NA,NA,NA,NA,NA
aus.republican2,1167,NA,FALSE,NA,NA,NA,NA,NA,NA
aus.republican2,1168,NA,FALSE,NA,NA,NA,NA,NA,NA
aus.republican2,1169,NA,FALSE,NA,NA,NA,NA,NA,NA
aus.republican2,1170,NA,FALSE,NA,NA,NA,NA,NA,NA
aus.republican2,1171,NA,FALSE,NA,NA,NA,NA,NA,NA
aus.republican2,1172,NA,FALSE,NA,NA,NA,NA,NA,NA
aus.republican2,1173,NA,FALSE,NA,NA,NA,NA,NA,NA
aus.republican2,1174,NA,FALSE,NA,NA,NA,NA,NA,NA
aus.republican2,1175,NA,FALSE,NA,NA,NA,NA,NA,NA
aus.republican2,1176,NA,FALSE,NA,NA,NA,NA,NA,NA
aus.republican2,1177,NA,FALSE,NA,NA,NA,NA,NA,NA
aus.republican2,1178,NA,FALSE,NA,NA,NA,NA,NA,NA
aus.republican2,1179,NA,FALSE,NA,NA,NA,NA,NA,NA
aus.republican2,1180,NA,FALSE,NA,NA,NA,NA,NA,NA
aus.republican2,1181,NA,FALSE,NA,NA,NA,NA,NA,NA
aus.republican2,1182,NA,FALSE,NA,NA,NA,NA,NA,NA
aus.republican2,1183,NA,FALSE,NA,NA,NA,NA,NA,NA
aus.republican2,1184,NA,FALSE,NA,NA,NA,NA,NA,NA
aus.republican2,1185,NA,FALSE,NA,NA,NA,NA,NA,NA
aus.republican2,1186,NA,FALSE,NA,NA,NA,NA,NA,NA
aus.republican2,1187,NA,FALSE,NA,NA,NA,NA,NA,NA
aus.republican2,1188,NA,FALSE,NA,NA,NA,NA,NA,NA
aus.republican2,1189,NA,FALSE,NA,NA,NA,NA,NA,NA
aus.republican2,1190,NA,FALSE,NA,NA,NA,NA,NA,NA
aus.republican2,1191,NA,FALSE,NA,NA,NA,NA,NA,NA
aus.republican2,1192,NA,FALSE,NA,NA,NA,NA,NA,NA
aus.republican2,1193,NA,FALSE,NA,NA,NA,NA,NA,NA
aus.republican2,1194,NA,FALSE,NA,NA,NA,NA,NA,NA
aus.republican2,1195,NA,FALSE,NA,NA,NA,NA,NA,NA
aus.republican2,1196,NA,FALSE,NA,NA,NA,NA,NA,NA
aus.republican2,1197,NA,FALSE,NA,NA,NA,NA,NA,NA
aus.republican2,1198,NA,FALSE,NA,NA,NA,NA,NA,NA
aus.republican2,1199,NA,FALSE,NA,NA,NA,NA,NA,NA
aus.republican2,1200,NA,FALSE,NA,NA,NA,NA,NA,NA
aus.republican2,1201,NA,FALSE,NA,NA,NA,NA,NA,NA
aus.republican2,1202,NA,FALSE,NA,NA,NA,NA,NA,NA
aus.republican2,1203,NA,FALSE,NA,NA,NA,NA,NA,NA
aus.republican2,1204,NA,FALSE,NA,NA,NA,NA,NA,NA
aus.republican2,1205,NA,FALSE,NA,NA,NA,NA,NA,NA
aus.republican2,1206,NA,FALSE,NA,NA,NA,NA,NA,NA
aus.republican2,1207,NA,FALSE,NA,NA,NA,NA,NA,NA
aus.republican2,1208,NA,FALSE,NA,NA,NA,NA,NA,NA
aus.republican2,1209,NA,FALSE,NA,NA,NA,NA,NA,NA
aus.republican2,1210,NA,FALSE,NA,NA,NA,NA,NA,NA
aus.republican2,1211,NA,FALSE,NA,NA,NA,NA,NA,NA
aus.republican2,1212,NA,FALSE,NA,NA,NA,NA,NA,NA
aus.republican2,1213,NA,FALSE,NA,NA,NA,NA,NA,NA
aus.republican2,1214,NA,FALSE,NA,NA,NA,NA,NA,NA
aus.republican2,1215,NA,FALSE,NA,NA,NA,NA,NA,NA
aus.republican2,1216,NA,FALSE,NA,NA,NA,NA,NA,NA
aus.republican2,1217,NA,FALSE,NA,NA,NA,NA,NA,NA
aus.republican2,1218,NA,FALSE,NA,NA,NA,NA,NA,NA
aus.republican2,1219,NA,FALSE,NA,NA,NA,NA,NA,NA
aus.republican2,1220,NA,FALSE,NA,NA,NA,NA,NA,NA
aus.republican2,1221,NA,FALSE,NA,NA,NA,NA,NA,NA
aus.republican2,1222,NA,FALSE,NA,NA,NA,NA,NA,NA
aus.republican2,1223,NA,FALSE,NA,NA,NA,NA,NA,NA
aus.republican2,1224,NA,FALSE,NA,NA,NA,NA,NA,NA
aus.republican2,1225,NA,FALSE,NA,NA,NA,NA,NA,NA
aus.republican2,1226,NA,FALSE,NA,NA,NA,NA,NA,NA
aus.republican2,1227,NA,FALSE,NA,NA,NA,NA,NA,NA
aus.republican2,1228,NA,FALSE,NA,NA,NA,NA,NA,NA
aus.republican2,1229,NA,FALSE,NA,NA,NA,NA,NA,NA
aus.republican2,1230,NA,FALSE,NA,NA,NA,NA,NA,NA
aus.republican2,1231,NA,FALSE,NA,NA,NA,NA,NA,NA
aus.republican2,1232,NA,FALSE,NA,NA,NA,NA,NA,NA
aus.republican2,1233,NA,FALSE,NA,NA,NA,NA,NA,NA
aus.republican2,1234,NA,FALSE,NA,NA,NA,NA,NA,NA
aus.republican2,1235,NA,FALSE,NA,NA,NA,NA,NA,NA
aus.republican2,1236,NA,FALSE,NA,NA,NA,NA,NA,NA
aus.republican2,1237,NA,FALSE,NA,NA,NA,NA,NA,NA
aus.republican2,1238,NA,FALSE,NA,NA,NA,NA,NA,NA
aus.republican2,1239,NA,FALSE,NA,NA,NA,NA,NA,NA
aus.republican2,1240,NA,FALSE,NA,NA,NA,NA,NA,NA
aus.republican2,1241,NA,FALSE,NA,NA,NA,NA,NA,NA
aus.republican2,1242,NA,FALSE,NA,NA,NA,NA,NA,NA
aus.republican2,1243,NA,FALSE,NA,NA,NA,NA,NA,NA
aus.republican2,1244,NA,FALSE,NA,NA,NA,NA,NA,NA
aus.republican2,1245,NA,FALSE,NA,NA,NA,NA,NA,NA
aus.republican2,1246,NA,FALSE,NA,NA,NA,NA,NA,NA
aus.republican2,1247,NA,FALSE,NA,NA,NA,NA,NA,NA
aus.republican2,1248,NA,FALSE,NA,NA,NA,NA,NA,NA
aus.republican2,1249,NA,FALSE,NA,NA,NA,NA,NA,NA
aus.republican2,1250,NA,FALSE,NA,NA,NA,NA,NA,NA
aus.republican2,1251,NA,FALSE,NA,NA,NA,NA,NA,NA
aus.republican2,1252,NA,FALSE,NA,NA,NA,NA,NA,NA
aus.republican2,1253,NA,FALSE,NA,NA,NA,NA,NA,NA
aus.republican2,1254,NA,FALSE,NA,NA,NA,NA,NA,NA
aus.republican2,1255,NA,FALSE,NA,NA,NA,NA,NA,NA
aus.republican2,1256,NA,FALSE,NA,NA,NA,NA,NA,NA
aus.republican2,1257,NA,FALSE,NA,NA,NA,NA,NA,NA
aus.republican2,1258,NA,FALSE,NA,NA,NA,NA,NA,NA
aus.republican2,1259,NA,FALSE,NA,NA,NA,NA,NA,NA
aus.republican2,1260,NA,FALSE,NA,NA,NA,NA,NA,NA
aus.republican2,1261,NA,FALSE,NA,NA,NA,NA,NA,NA
aus.republican2,1262,NA,FALSE,NA,NA,NA,NA,NA,NA
aus.republican2,1263,NA,FALSE,NA,NA,NA,NA,NA,NA
aus.republican2,1264,NA,FALSE,NA,NA,NA,NA,NA,NA
aus.republican2,1265,NA,FALSE,NA,NA,NA,NA,NA,NA
aus.republican2,1266,NA,FALSE,NA,NA,NA,NA,NA,NA
aus.republican2,1267,NA,FALSE,NA,NA,NA,NA,NA,NA
aus.republican2,1268,NA,FALSE,NA,NA,NA,NA,NA,NA
aus.republican2,1269,NA,FALSE,NA,NA,NA,NA,NA,NA
aus.republican2,1270,NA,FALSE,NA,NA,NA,NA,NA,NA
aus.republican2,1271,NA,FALSE,NA,NA,NA,NA,NA,NA
aus.republican2,1272,NA,FALSE,NA,NA,NA,NA,NA,NA
aus.republican2,1273,NA,FALSE,NA,NA,NA,NA,NA,NA
aus.republican2,1274,NA,FALSE,NA,NA,NA,NA,NA,NA
aus.republican2,1275,NA,FALSE,NA,NA,NA,NA,NA,NA
aus.republican2,1276,NA,FALSE,NA,NA,NA,NA,NA,NA
aus.republican2,1277,NA,FALSE,NA,NA,NA,NA,NA,NA
aus.republican2,1278,NA,FALSE,NA,NA,NA,NA,NA,NA
aus.republican2,1279,NA,FALSE,NA,NA,NA,NA,NA,NA
aus.republican2,1280,NA,FALSE,NA,NA,NA,NA,NA,NA
aus.republican2,1281,NA,FALSE,NA,NA,NA,NA,NA,NA
aus.republican2,1282,NA,FALSE,NA,NA,NA,NA,NA,NA
aus.republican2,1283,NA,FALSE,NA,NA,NA,NA,NA,NA
aus.republican2,1284,NA,FALSE,NA,NA,NA,NA,NA,NA
aus.republican2,1285,NA,FALSE,NA,NA,NA,NA,NA,NA
aus.republican2,1286,NA,FALSE,NA,NA,NA,NA,NA,NA
aus.republican2,1287,NA,FALSE,NA,NA,NA,NA,NA,NA
aus.republican2,1288,NA,FALSE,NA,NA,NA,NA,NA,NA
aus.republican2,1289,NA,FALSE,NA,NA,NA,NA,NA,NA
aus.republican2,1290,NA,FALSE,NA,NA,NA,NA,NA,NA
aus.republican2,1291,NA,FALSE,NA,NA,NA,NA,NA,NA
aus.republican2,1292,NA,FALSE,NA,NA,NA,NA,NA,NA
aus.republican2,1293,NA,FALSE,NA,NA,NA,NA,NA,NA
aus.republican2,1294,NA,FALSE,NA,NA,NA,NA,NA,NA
aus.republican2,1295,NA,FALSE,NA,NA,NA,NA,NA,NA
aus.republican2,1296,NA,FALSE,NA,NA,NA,NA,NA,NA
aus.republican2,1297,NA,FALSE,NA,NA,NA,NA,NA,NA
aus.republican2,1298,NA,FALSE,NA,NA,NA,NA,NA,NA
aus.republican2,1299,NA,FALSE,NA,NA,NA,NA,NA,NA
aus.republican2,1300,NA,FALSE,NA,NA,NA,NA,NA,NA
aus.republican2,1301,NA,FALSE,NA,NA,NA,NA,NA,NA
aus.republican2,1302,NA,FALSE,NA,NA,NA,NA,NA,NA
aus.republican2,1303,NA,FALSE,NA,NA,NA,NA,NA,NA
aus.republican2,1304,NA,FALSE,NA,NA,NA,NA,NA,NA
aus.republican2,1305,NA,FALSE,NA,NA,NA,NA,NA,NA
aus.republican2,1306,NA,FALSE,NA,NA,NA,NA,NA,NA
aus.republican2,1307,NA,FALSE,NA,NA,NA,NA,NA,NA
aus.republican2,1308,NA,FALSE,NA,NA,NA,NA,NA,NA
aus.republican2,1309,NA,FALSE,NA,NA,NA,NA,NA,NA
aus.republican2,1310,NA,FALSE,NA,NA,NA,NA,NA,NA
aus.republican2,1311,NA,FALSE,NA,NA,NA,NA,NA,NA
aus.republican2,1312,NA,FALSE,NA,NA,NA,NA,NA,NA
aus.republican2,1313,NA,FALSE,NA,NA,NA,NA,NA,NA
aus.republican2,1314,NA,FALSE,NA,NA,NA,NA,NA,NA
aus.republican2,1315,NA,FALSE,NA,NA,NA,NA,NA,NA
aus.republican2,1316,NA,FALSE,NA,NA,NA,NA,NA,NA
aus.republican2,1317,NA,FALSE,NA,NA,NA,NA,NA,NA
aus.republican2,1318,NA,FALSE,NA,NA,NA,NA,NA,NA
aus.republican2,1319,NA,FALSE,NA,NA,NA,NA,NA,NA
aus.republican2,1320,NA,FALSE,NA,NA,NA,NA,NA,NA
aus.republican2,1321,NA,FALSE,NA,NA,NA,NA,NA,NA
aus.republican2,1322,NA,FALSE,NA,NA,NA,NA,NA,NA
aus.republican2,1323,NA,FALSE,NA,NA,NA,NA,NA,NA
aus.republican2,1324,NA,FALSE,NA,NA,NA,NA,NA,NA
aus.republican2,1325,NA,FALSE,NA,NA,NA,NA,NA,NA
aus.republican2,1326,NA,FALSE,NA,NA,NA,NA,NA,NA
aus.republican2,1327,NA,FALSE,NA,NA,NA,NA,NA,NA
aus.republican2,1328,NA,FALSE,NA,NA,NA,NA,NA,NA
aus.republican2,1329,NA,FALSE,NA,NA,NA,NA,NA,NA
aus.republican2,1330,NA,FALSE,NA,NA,NA,NA,NA,NA
aus.republican2,1331,NA,FALSE,NA,NA,NA,NA,NA,NA
aus.republican2,1332,NA,FALSE,NA,NA,NA,NA,NA,NA
aus.republican2,1333,NA,FALSE,NA,NA,NA,NA,NA,NA
aus.republican2,1334,NA,FALSE,NA,NA,NA,NA,NA,NA
aus.republican2,1335,NA,FALSE,NA,NA,NA,NA,NA,NA
aus.republican2,1336,NA,FALSE,NA,NA,NA,NA,NA,NA
aus.republican2,1337,NA,FALSE,NA,NA,NA,NA,NA,NA
aus.republican2,1338,NA,FALSE,NA,NA,NA,NA,NA,NA
aus.republican2,1339,NA,FALSE,NA,NA,NA,NA,NA,NA
aus.republican2,1340,NA,FALSE,NA,NA,NA,NA,NA,NA
aus.republican2,1341,NA,FALSE,NA,NA,NA,NA,NA,NA
aus.republican2,1342,NA,FALSE,NA,NA,NA,NA,NA,NA
aus.republican2,1343,NA,FALSE,NA,NA,NA,NA,NA,NA
aus.republican2,1344,NA,FALSE,NA,NA,NA,NA,NA,NA
aus.republican2,1345,NA,FALSE,NA,NA,NA,NA,NA,NA
aus.republican2,1346,NA,FALSE,NA,NA,NA,NA,NA,NA
aus.republican2,1347,NA,FALSE,NA,NA,NA,NA,NA,NA
aus.republican2,1348,NA,FALSE,NA,NA,NA,NA,NA,NA
aus.republican2,1349,NA,FALSE,NA,NA,NA,NA,NA,NA
aus.republican2,1350,NA,FALSE,NA,NA,NA,NA,NA,NA
aus.republican2,1351,NA,FALSE,NA,NA,NA,NA,NA,NA
aus.republican2,1352,NA,FALSE,NA,NA,NA,NA,NA,NA
aus.republican2,1353,NA,FALSE,NA,NA,NA,NA,NA,NA
aus.republican2,1354,NA,FALSE,NA,NA,NA,NA,NA,NA
aus.republican2,1355,NA,FALSE,NA,NA,NA,NA,NA,NA
aus.republican2,1356,NA,FALSE,NA,NA,NA,NA,NA,NA
aus.republican2,1357,NA,FALSE,NA,NA,NA,NA,NA,NA
aus.republican2,1358,NA,FALSE,NA,NA,NA,NA,NA,NA
aus.republican2,1359,NA,FALSE,NA,NA,NA,NA,NA,NA
aus.republican2,1360,NA,FALSE,NA,NA,NA,NA,NA,NA
aus.republican2,1361,NA,FALSE,NA,NA,NA,NA,NA,NA
aus.republican2,1362,NA,FALSE,NA,NA,NA,NA,NA,NA
aus.republican2,1363,NA,FALSE,NA,NA,NA,NA,NA,NA
aus.republican2,1364,NA,FALSE,NA,NA,NA,NA,NA,NA
aus.republican2,1365,NA,FALSE,NA,NA,NA,NA,NA,NA
aus.republican2,1366,NA,FALSE,NA,NA,NA,NA,NA,NA
aus.republican2,1367,NA,FALSE,NA,NA,NA,NA,NA,NA
aus.republican2,1368,NA,FALSE,NA,NA,NA,NA,NA,NA
aus.republican2,1369,NA,FALSE,NA,NA,NA,NA,NA,NA
aus.republican2,1370,NA,FALSE,NA,NA,NA,NA,NA,NA
aus.republican2,1371,NA,FALSE,NA,NA,NA,NA,NA,NA
aus.republican2,1372,NA,FALSE,NA,NA,NA,NA,NA,NA
aus.republican2,1373,NA,FALSE,NA,NA,NA,NA,NA,NA
aus.republican2,1374,NA,FALSE,NA,NA,NA,NA,NA,NA
aus.republican2,1375,NA,FALSE,NA,NA,NA,NA,NA,NA
aus.republican2,1376,NA,FALSE,NA,NA,NA,NA,NA,NA
aus.republican2,1377,NA,FALSE,NA,NA,NA,NA,NA,NA
aus.republican2,1378,NA,FALSE,NA,NA,NA,NA,NA,NA
aus.republican2,1379,NA,FALSE,NA,NA,NA,NA,NA,NA
aus.republican2,1380,NA,FALSE,NA,NA,NA,NA,NA,NA
aus.republican2,1381,NA,FALSE,NA,NA,NA,NA,NA,NA
aus.republican2,1382,NA,FALSE,NA,NA,NA,NA,NA,NA
aus.republican2,1383,NA,FALSE,NA,NA,NA,NA,NA,NA
aus.republican2,1384,NA,FALSE,NA,NA,NA,NA,NA,NA
aus.republican2,1385,NA,FALSE,NA,NA,NA,NA,NA,NA
aus.republican2,1386,NA,FALSE,NA,NA,NA,NA,NA,NA
aus.republican2,1387,NA,FALSE,NA,NA,NA,NA,NA,NA
aus.republican2,1388,NA,FALSE,NA,NA,NA,NA,NA,NA
aus.republican2,1389,NA,FALSE,NA,NA,NA,NA,NA,NA
aus.republican2,1390,NA,FALSE,NA,NA,NA,NA,NA,NA
aus.republican2,1391,NA,FALSE,NA,NA,NA,NA,NA,NA
aus.republican2,1392,NA,FALSE,NA,NA,NA,NA,NA,NA
aus.republican2,1393,NA,FALSE,NA,NA,NA,NA,NA,NA
aus.republican2,1394,NA,FALSE,NA,NA,NA,NA,NA,NA
aus.republican2,1395,NA,FALSE,NA,NA,NA,NA,NA,NA
aus.republican2,1396,NA,FALSE,NA,NA,NA,NA,NA,NA
aus.republican2,1397,NA,FALSE,NA,NA,NA,NA,NA,NA
aus.republican2,1398,NA,FALSE,NA,NA,NA,NA,NA,NA
aus.republican2,1399,NA,FALSE,NA,NA,NA,NA,NA,NA
aus.republican2,1400,NA,FALSE,NA,NA,NA,NA,NA,NA
aus.republican2,1401,NA,FALSE,NA,NA,NA,NA,NA,NA
aus.republican2,1402,NA,FALSE,NA,NA,NA,NA,NA,NA
aus.republican2,1403,NA,FALSE,NA,NA,NA,NA,NA,NA
aus.republican2,1404,NA,FALSE,NA,NA,NA,NA,NA,NA
aus.republican2,1405,NA,FALSE,NA,NA,NA,NA,NA,NA
aus.republican2,1406,NA,FALSE,NA,NA,NA,NA,NA,NA
aus.republican2,1407,NA,FALSE,NA,NA,NA,NA,NA,NA
aus.republican2,1408,NA,FALSE,NA,NA,NA,NA,NA,NA
aus.republican2,1409,NA,FALSE,NA,NA,NA,NA,NA,NA
aus.republican2,1410,NA,FALSE,NA,NA,NA,NA,NA,NA
aus.republican2,1411,NA,FALSE,NA,NA,NA,NA,NA,NA
aus.republican2,1412,NA,FALSE,NA,NA,NA,NA,NA,NA
aus.republican2,1413,NA,FALSE,NA,NA,NA,NA,NA,NA
aus.republican2,1414,NA,FALSE,NA,NA,NA,NA,NA,NA
aus.republican2,1415,NA,FALSE,NA,NA,NA,NA,NA,NA
aus.republican2,1416,NA,FALSE,NA,NA,NA,NA,NA,NA
aus.republican2,1417,NA,FALSE,NA,NA,NA,NA,NA,NA
aus.republican2,1418,NA,FALSE,NA,NA,NA,NA,NA,NA
aus.republican2,1419,NA,FALSE,NA,NA,NA,NA,NA,NA
aus.republican2,1420,NA,FALSE,NA,NA,NA,NA,NA,NA
aus.republican2,1421,NA,FALSE,NA,NA,NA,NA,NA,NA
aus.republican2,1422,NA,FALSE,NA,NA,NA,NA,NA,NA
aus.republican2,1423,NA,FALSE,NA,NA,NA,NA,NA,NA
aus.republican2,1424,NA,FALSE,NA,NA,NA,NA,NA,NA
aus.republican2,1425,NA,FALSE,NA,NA,NA,NA,NA,NA
aus.republican2,1426,NA,FALSE,NA,NA,NA,NA,NA,NA
aus.republican2,1427,NA,FALSE,NA,NA,NA,NA,NA,NA
aus.republican2,1428,NA,FALSE,NA,NA,NA,NA,NA,NA
aus.republican2,1429,NA,FALSE,NA,NA,NA,NA,NA,NA
aus.republican2,1430,NA,FALSE,NA,NA,NA,NA,NA,NA
aus.republican2,1431,NA,FALSE,NA,NA,NA,NA,NA,NA
aus.republican2,1432,NA,FALSE,NA,NA,NA,NA,NA,NA
aus.republican2,1433,NA,FALSE,NA,NA,NA,NA,NA,NA
aus.republican2,1434,NA,FALSE,NA,NA,NA,NA,NA,NA
aus.republican2,1435,NA,FALSE,NA,NA,NA,NA,NA,NA
aus.republican2,1436,NA,FALSE,NA,NA,NA,NA,NA,NA
aus.republican2,1437,NA,FALSE,NA,NA,NA,NA,NA,NA
aus.republican2,1438,NA,FALSE,NA,NA,NA,NA,NA,NA
aus.republican2,1439,NA,FALSE,NA,NA,NA,NA,NA,NA
aus.republican2,1440,NA,FALSE,NA,NA,NA,NA,NA,NA
aus.republican2,1441,NA,FALSE,NA,NA,NA,NA,NA,NA
aus.republican2,1442,NA,FALSE,NA,NA,NA,NA,NA,NA
aus.republican2,1443,NA,FALSE,NA,NA,NA,NA,NA,NA
aus.republican2,1444,NA,FALSE,NA,NA,NA,NA,NA,NA
aus.republican2,1445,NA,FALSE,NA,NA,NA,NA,NA,NA
aus.republican2,1446,NA,FALSE,NA,NA,NA,NA,NA,NA
aus.republican2,1447,NA,FALSE,NA,NA,NA,NA,NA,NA
aus.republican2,1448,NA,FALSE,NA,NA,NA,NA,NA,NA
aus.republican2,1449,NA,FALSE,NA,NA,NA,NA,NA,NA
aus.republican2,1450,NA,FALSE,NA,NA,NA,NA,NA,NA
aus.republican2,1451,NA,FALSE,NA,NA,NA,NA,NA,NA
aus.republican2,1452,NA,FALSE,NA,NA,NA,NA,NA,NA
aus.republican2,1453,NA,FALSE,NA,NA,NA,NA,NA,NA
aus.republican2,1454,NA,FALSE,NA,NA,NA,NA,NA,NA
aus.republican2,1455,NA,FALSE,NA,NA,NA,NA,NA,NA
aus.republican2,1456,NA,FALSE,NA,NA,NA,NA,NA,NA
aus.republican2,1457,NA,FALSE,NA,NA,NA,NA,NA,NA
aus.republican2,1458,NA,FALSE,NA,NA,NA,NA,NA,NA
aus.republican2,1459,NA,FALSE,NA,NA,NA,NA,NA,NA
aus.republican2,1460,NA,FALSE,NA,NA,NA,NA,NA,NA
aus.republican2,1461,NA,FALSE,NA,NA,NA,NA,NA,NA
aus.republican2,1462,NA,FALSE,NA,NA,NA,NA,NA,NA
aus.republican2,1463,NA,FALSE,NA,NA,NA,NA,NA,NA
aus.republican2,1464,NA,FALSE,NA,NA,NA,NA,NA,NA
aus.republican2,1465,NA,FALSE,NA,NA,NA,NA,NA,NA
aus.republican2,1466,NA,FALSE,NA,NA,NA,NA,NA,NA
aus.republican2,1467,NA,FALSE,NA,NA,NA,NA,NA,NA
aus.republican2,1468,NA,FALSE,NA,NA,NA,NA,NA,NA
aus.republican2,1469,NA,FALSE,NA,NA,NA,NA,NA,NA
aus.republican2,1470,NA,FALSE,NA,NA,NA,NA,NA,NA
aus.republican2,1471,NA,FALSE,NA,NA,NA,NA,NA,NA
aus.republican2,1472,NA,FALSE,NA,NA,NA,NA,NA,NA
aus.republican2,1473,NA,FALSE,NA,NA,NA,NA,NA,NA
aus.republican2,1474,NA,FALSE,NA,NA,NA,NA,NA,NA
aus.republican2,1475,NA,FALSE,NA,NA,NA,NA,NA,NA
aus.republican2,1476,NA,FALSE,NA,NA,NA,NA,NA,NA
aus.republican2,1477,NA,FALSE,NA,NA,NA,NA,NA,NA
aus.republican2,1478,NA,FALSE,NA,NA,NA,NA,NA,NA
aus.republican2,1479,NA,FALSE,NA,NA,NA,NA,NA,NA
aus.republican2,1480,NA,FALSE,NA,NA,NA,NA,NA,NA
aus.republican2,1481,NA,FALSE,NA,NA,NA,NA,NA,NA
aus.republican2,1482,NA,FALSE,NA,NA,NA,NA,NA,NA
aus.republican2,1483,NA,FALSE,NA,NA,NA,NA,NA,NA
aus.republican2,1484,NA,FALSE,NA,NA,NA,NA,NA,NA
aus.republican2,1485,NA,FALSE,NA,NA,NA,NA,NA,NA
aus.republican2,1486,NA,FALSE,NA,NA,NA,NA,NA,NA
aus.republican2,1487,NA,FALSE,NA,NA,NA,NA,NA,NA
aus.republican2,1488,NA,FALSE,NA,NA,NA,NA,NA,NA
aus.republican2,1489,NA,FALSE,NA,NA,NA,NA,NA,NA
aus.republican2,1490,NA,FALSE,NA,NA,NA,NA,NA,NA
aus.republican2,1491,NA,FALSE,NA,NA,NA,NA,NA,NA
aus.republican2,1492,NA,FALSE,NA,NA,NA,NA,NA,NA
aus.republican2,1493,NA,FALSE,NA,NA,NA,NA,NA,NA
aus.republican2,1494,NA,FALSE,NA,NA,NA,NA,NA,NA
aus.republican2,1495,NA,FALSE,NA,NA,NA,NA,NA,NA
aus.republican2,1496,NA,FALSE,NA,NA,NA,NA,NA,NA
aus.republican2,1497,NA,FALSE,NA,NA,NA,NA,NA,NA
aus.republican2,1498,NA,FALSE,NA,NA,NA,NA,NA,NA
aus.republican2,1499,NA,FALSE,NA,NA,NA,NA,NA,NA
aus.republican2,1500,NA,FALSE,NA,NA,NA,NA,NA,NA
aus.republican2,1501,NA,FALSE,NA,NA,NA,NA,NA,NA
aus.republican2,1502,NA,FALSE,NA,NA,NA,NA,NA,NA
aus.republican2,1503,NA,FALSE,NA,NA,NA,NA,NA,NA
aus.republican2,1504,NA,FALSE,NA,NA,NA,NA,NA,NA
aus.republican2,1505,NA,FALSE,NA,NA,NA,NA,NA,NA
aus.republican2,1506,NA,FALSE,NA,NA,NA,NA,NA,NA
aus.republican2,1507,NA,FALSE,NA,NA,NA,NA,NA,NA
aus.republican2,1508,NA,FALSE,NA,NA,NA,NA,NA,NA
aus.republican2,1509,NA,FALSE,NA,NA,NA,NA,NA,NA
aus.republican2,1510,NA,FALSE,NA,NA,NA,NA,NA,NA
aus.republican2,1511,NA,FALSE,NA,NA,NA,NA,NA,NA
aus.republican2,1512,NA,FALSE,NA,NA,NA,NA,NA,NA
aus.republican2,1513,NA,FALSE,NA,NA,NA,NA,NA,NA
aus.republican2,1514,NA,FALSE,NA,NA,NA,NA,NA,NA
aus.republican2,1515,NA,FALSE,NA,NA,NA,NA,NA,NA
aus.republican2,1516,NA,FALSE,NA,NA,NA,NA,NA,NA
aus.republican2,1517,NA,FALSE,NA,NA,NA,NA,NA,NA
aus.republican2,1518,NA,FALSE,NA,NA,NA,NA,NA,NA
aus.republican2,1519,NA,FALSE,NA,NA,NA,NA,NA,NA
aus.republican2,1520,NA,FALSE,NA,NA,NA,NA,NA,NA
aus.republican2,1521,NA,FALSE,NA,NA,NA,NA,NA,NA
aus.republican2,1522,NA,FALSE,NA,NA,NA,NA,NA,NA
aus.republican2,1523,NA,FALSE,NA,NA,NA,NA,NA,NA
aus.republican2,1524,NA,FALSE,NA,NA,NA,NA,NA,NA
aus.republican2,1525,NA,FALSE,NA,NA,NA,NA,NA,NA
aus.republican2,1526,NA,FALSE,NA,NA,NA,NA,NA,NA
aus.republican2,1527,NA,FALSE,NA,NA,NA,NA,NA,NA
aus.republican2,1528,NA,FALSE,NA,NA,NA,NA,NA,NA
aus.republican2,1529,NA,FALSE,NA,NA,NA,NA,NA,NA
aus.republican2,1530,NA,FALSE,NA,NA,NA,NA,NA,NA
aus.republican2,1531,NA,FALSE,NA,NA,NA,NA,NA,NA
aus.republican2,1532,NA,FALSE,NA,NA,NA,NA,NA,NA
aus.republican2,1533,NA,FALSE,NA,NA,NA,NA,NA,NA
aus.republican2,1534,NA,FALSE,NA,NA,NA,NA,NA,NA
aus.republican2,1535,NA,FALSE,NA,NA,NA,NA,NA,NA
aus.republican2,1536,NA,FALSE,NA,NA,NA,NA,NA,NA
aus.republican2,1537,NA,FALSE,NA,NA,NA,NA,NA,NA
aus.republican2,1538,NA,FALSE,NA,NA,NA,NA,NA,NA
aus.republican2,1539,NA,FALSE,NA,NA,NA,NA,NA,NA
aus.republican2,1540,NA,FALSE,NA,NA,NA,NA,NA,NA
aus.republican2,1541,NA,FALSE,NA,NA,NA,NA,NA,NA
aus.republican2,1542,NA,FALSE,NA,NA,NA,NA,NA,NA
aus.republican2,1543,NA,FALSE,NA,NA,NA,NA,NA,NA
aus.republican2,1544,NA,FALSE,NA,NA,NA,NA,NA,NA
aus.republican2,1545,NA,FALSE,NA,NA,NA,NA,NA,NA
aus.republican2,1546,NA,FALSE,NA,NA,NA,NA,NA,NA
aus.republican2,1547,NA,FALSE,NA,NA,NA,NA,NA,NA
aus.republican2,1548,NA,FALSE,NA,NA,NA,NA,NA,NA
aus.republican2,1549,NA,FALSE,NA,NA,NA,NA,NA,NA
aus.republican2,1550,NA,FALSE,NA,NA,NA,NA,NA,NA
aus.republican2,1551,NA,FALSE,NA,NA,NA,NA,NA,NA
aus.republican2,1552,NA,FALSE,NA,NA,NA,NA,NA,NA
aus.republican2,1553,NA,FALSE,NA,NA,NA,NA,NA,NA
aus.republican2,1554,NA,FALSE,NA,NA,NA,NA,NA,NA
aus.republican2,1555,NA,FALSE,NA,NA,NA,NA,NA,NA
aus.republican2,1556,NA,FALSE,NA,NA,NA,NA,NA,NA
aus.republican2,1557,NA,FALSE,NA,NA,NA,NA,NA,NA
aus.republican2,1558,NA,FALSE,NA,NA,NA,NA,NA,NA
aus.republican2,1559,NA,FALSE,NA,NA,NA,NA,NA,NA
aus.republican2,1560,NA,FALSE,NA,NA,NA,NA,NA,NA
aus.republican2,1561,NA,FALSE,NA,NA,NA,NA,NA,NA
aus.republican2,1562,NA,FALSE,NA,NA,NA,NA,NA,NA
aus.republican2,1563,NA,FALSE,NA,NA,NA,NA,NA,NA
aus.republican2,1564,NA,FALSE,NA,NA,NA,NA,NA,NA
aus.republican2,1565,NA,FALSE,NA,NA,NA,NA,NA,NA
aus.republican2,1566,NA,FALSE,NA,NA,NA,NA,NA,NA
aus.republican2,1567,NA,FALSE,NA,NA,NA,NA,NA,NA
aus.republican2,1568,NA,FALSE,NA,NA,NA,NA,NA,NA
aus.republican2,1569,NA,FALSE,NA,NA,NA,NA,NA,NA
aus.republican2,1570,NA,FALSE,NA,NA,NA,NA,NA,NA
aus.republican2,1571,NA,FALSE,NA,NA,NA,NA,NA,NA
aus.republican2,1572,NA,FALSE,NA,NA,NA,NA,NA,NA
aus.republican2,1573,NA,FALSE,NA,NA,NA,NA,NA,NA
aus.republican2,1574,NA,FALSE,NA,NA,NA,NA,NA,NA
aus.republican2,1575,NA,FALSE,NA,NA,NA,NA,NA,NA
aus.republican2,1576,NA,FALSE,NA,NA,NA,NA,NA,NA
aus.republican2,1577,NA,FALSE,NA,NA,NA,NA,NA,NA
aus.republican2,1578,NA,FALSE,NA,NA,NA,NA,NA,NA
aus.republican2,1579,NA,FALSE,NA,NA,NA,NA,NA,NA
aus.republican2,1580,NA,FALSE,NA,NA,NA,NA,NA,NA
aus.republican2,1581,NA,FALSE,NA,NA,NA,NA,NA,NA
aus.republican2,1582,NA,FALSE,NA,NA,NA,NA,NA,NA
aus.republican2,1583,NA,FALSE,NA,NA,NA,NA,NA,NA
aus.republican2,1584,NA,FALSE,NA,NA,NA,NA,NA,NA
aus.republican2,1585,NA,FALSE,NA,NA,NA,NA,NA,NA
aus.republican2,1586,NA,FALSE,NA,NA,NA,NA,NA,NA
aus.republican2,1587,NA,FALSE,NA,NA,NA,NA,NA,NA
aus.republican2,1588,NA,FALSE,NA,NA,NA,NA,NA,NA
aus.republican2,1589,NA,FALSE,NA,NA,NA,NA,NA,NA
aus.republican2,1590,NA,FALSE,NA,NA,NA,NA,NA,NA
aus.republican2,1591,NA,FALSE,NA,NA,NA,NA,NA,NA
aus.republican2,1592,NA,FALSE,NA,NA,NA,NA,NA,NA
aus.republican2,1593,NA,FALSE,NA,NA,NA,NA,NA,NA
aus.republican2,1594,NA,FALSE,NA,NA,NA,NA,NA,NA
aus.republican2,1595,NA,FALSE,NA,NA,NA,NA,NA,NA
aus.republican2,1596,NA,FALSE,NA,NA,NA,NA,NA,NA
aus.republican2,1597,NA,FALSE,NA,NA,NA,NA,NA,NA
aus.republican2,1598,NA,FALSE,NA,NA,NA,NA,NA,NA
aus.republican2,1599,NA,FALSE,NA,NA,NA,NA,NA,NA
aus.republican2,1600,NA,FALSE,NA,NA,NA,NA,NA,NA
aus.republican2,1601,NA,FALSE,NA,NA,NA,NA,NA,NA
aus.republican2,1602,NA,FALSE,NA,NA,NA,NA,NA,NA
aus.republican2,1603,NA,FALSE,NA,NA,NA,NA,NA,NA
aus.republican2,1604,NA,FALSE,NA,NA,NA,NA,NA,NA
aus.republican2,1605,NA,FALSE,NA,NA,NA,NA,NA,NA
aus.republican2,1606,NA,FALSE,NA,NA,NA,NA,NA,NA
aus.republican2,1607,NA,FALSE,NA,NA,NA,NA,NA,NA
aus.republican2,1608,NA,FALSE,NA,NA,NA,NA,NA,NA
aus.republican2,1609,NA,FALSE,NA,NA,NA,NA,NA,NA
aus.republican2,1610,NA,FALSE,NA,NA,NA,NA,NA,NA
aus.republican2,1611,NA,FALSE,NA,NA,NA,NA,NA,NA
aus.republican2,1612,NA,FALSE,NA,NA,NA,NA,NA,NA
aus.republican2,1613,NA,FALSE,NA,NA,NA,NA,NA,NA
aus.republican2,1614,NA,FALSE,NA,NA,NA,NA,NA,NA
aus.republican2,1615,NA,FALSE,NA,NA,NA,NA,NA,NA
aus.republican2,1616,NA,FALSE,NA,NA,NA,NA,NA,NA
aus.republican2,1617,NA,FALSE,NA,NA,NA,NA,NA,NA
aus.republican2,1618,NA,FALSE,NA,NA,NA,NA,NA,NA
aus.republican2,1619,NA,FALSE,NA,NA,NA,NA,NA,NA
aus.republican2,1620,NA,FALSE,NA,NA,NA,NA,NA,NA
aus.republican2,1621,NA,FALSE,NA,NA,NA,NA,NA,NA
aus.republican2,1622,NA,FALSE,NA,NA,NA,NA,NA,NA
aus.republican2,1623,NA,FALSE,NA,NA,NA,NA,NA,NA
aus.republican2,1624,NA,FALSE,NA,NA,NA,NA,NA,NA
aus.republican2,1625,NA,FALSE,NA,NA,NA,NA,NA,NA
aus.republican2,1626,NA,FALSE,NA,NA,NA,NA,NA,NA
aus.republican2,1627,NA,FALSE,NA,NA,NA,NA,NA,NA
aus.republican2,1628,NA,FALSE,NA,NA,NA,NA,NA,NA
aus.republican2,1629,NA,FALSE,NA,NA,NA,NA,NA,NA
aus.republican2,1630,NA,FALSE,NA,NA,NA,NA,NA,NA
aus.republican2,1631,NA,FALSE,NA,NA,NA,NA,NA,NA
aus.republican2,1632,NA,FALSE,NA,NA,NA,NA,NA,NA
aus.republican2,1633,NA,FALSE,NA,NA,NA,NA,NA,NA
aus.republican2,1634,NA,FALSE,NA,NA,NA,NA,NA,NA
aus.republican2,1635,NA,FALSE,NA,NA,NA,NA,NA,NA
aus.republican2,1636,NA,FALSE,NA,NA,NA,NA,NA,NA
aus.republican2,1637,NA,FALSE,NA,NA,NA,NA,NA,NA
aus.republican2,1638,NA,FALSE,NA,NA,NA,NA,NA,NA
aus.republican2,1639,NA,FALSE,NA,NA,NA,NA,NA,NA
aus.republican2,1640,NA,FALSE,NA,NA,NA,NA,NA,NA
aus.republican2,1641,NA,FALSE,NA,NA,NA,NA,NA,NA
aus.republican2,1642,NA,FALSE,NA,NA,NA,NA,NA,NA
aus.republican2,1643,NA,FALSE,NA,NA,NA,NA,NA,NA
aus.republican2,1644,NA,FALSE,NA,NA,NA,NA,NA,NA
aus.republican2,1645,NA,FALSE,NA,NA,NA,NA,NA,NA
aus.republican2,1646,NA,FALSE,NA,NA,NA,NA,NA,NA
aus.republican2,1647,NA,FALSE,NA,NA,NA,NA,NA,NA
aus.republican2,1648,NA,FALSE,NA,NA,NA,NA,NA,NA
aus.republican2,1649,NA,FALSE,NA,NA,NA,NA,NA,NA
aus.republican2,1650,NA,FALSE,NA,NA,NA,NA,NA,NA
aus.republican2,1651,NA,FALSE,NA,NA,NA,NA,NA,NA
aus.republican2,1652,NA,FALSE,NA,NA,NA,NA,NA,NA
aus.republican2,1653,NA,FALSE,NA,NA,NA,NA,NA,NA
aus.republican2,1654,NA,FALSE,NA,NA,NA,NA,NA,NA
aus.republican2,1655,NA,FALSE,NA,NA,NA,NA,NA,NA
aus.republican2,1656,NA,FALSE,NA,NA,NA,NA,NA,NA
aus.republican2,1657,NA,FALSE,NA,NA,NA,NA,NA,NA
aus.republican2,1658,NA,FALSE,NA,NA,NA,NA,NA,NA
aus.republican2,1659,NA,FALSE,NA,NA,NA,NA,NA,NA
aus.republican2,1660,NA,FALSE,NA,NA,NA,NA,NA,NA
aus.republican2,1661,NA,FALSE,NA,NA,NA,NA,NA,NA
aus.republican2,1662,NA,FALSE,NA,NA,NA,NA,NA,NA
aus.republican2,1663,NA,FALSE,NA,NA,NA,NA,NA,NA
aus.republican2,1664,NA,FALSE,NA,NA,NA,NA,NA,NA
aus.republican2,1665,NA,FALSE,NA,NA,NA,NA,NA,NA
aus.republican2,1666,NA,FALSE,NA,NA,NA,NA,NA,NA
aus.republican2,1667,NA,FALSE,NA,NA,NA,NA,NA,NA
aus.republican2,1668,NA,FALSE,NA,NA,NA,NA,NA,NA
aus.republican2,1669,NA,FALSE,NA,NA,NA,NA,NA,NA
aus.republican2,1670,NA,FALSE,NA,NA,NA,NA,NA,NA
aus.republican2,1671,NA,FALSE,NA,NA,NA,NA,NA,NA
aus.republican2,1672,NA,FALSE,NA,NA,NA,NA,NA,NA
aus.republican2,1673,NA,FALSE,NA,NA,NA,NA,NA,NA
aus.republican2,1674,NA,FALSE,NA,NA,NA,NA,NA,NA
aus.republican2,1675,NA,FALSE,NA,NA,NA,NA,NA,NA
aus.republican2,1676,NA,FALSE,NA,NA,NA,NA,NA,NA
aus.republican2,1677,NA,FALSE,NA,NA,NA,NA,NA,NA
aus.republican2,1678,NA,FALSE,NA,NA,NA,NA,NA,NA
aus.republican2,1679,NA,FALSE,NA,NA,NA,NA,NA,NA
aus.republican2,1680,NA,FALSE,NA,NA,NA,NA,NA,NA
aus.republican2,1681,NA,FALSE,NA,NA,NA,NA,NA,NA
aus.republican2,1682,NA,FALSE,NA,NA,NA,NA,NA,NA
aus.republican2,1683,NA,FALSE,NA,NA,NA,NA,NA,NA
aus.republican2,1684,NA,FALSE,NA,NA,NA,NA,NA,NA
aus.republican2,1685,NA,FALSE,NA,NA,NA,NA,NA,NA
aus.republican2,1686,NA,FALSE,NA,NA,NA,NA,NA,NA
aus.republican2,1687,NA,FALSE,NA,NA,NA,NA,NA,NA
aus.republican2,1688,NA,FALSE,NA,NA,NA,NA,NA,NA
aus.republican2,1689,NA,FALSE,NA,NA,NA,NA,NA,NA
aus.republican2,1690,NA,FALSE,NA,NA,NA,NA,NA,NA
aus.republican2,1691,NA,FALSE,NA,NA,NA,NA,NA,NA
aus.republican2,1692,NA,FALSE,NA,NA,NA,NA,NA,NA
aus.republican2,1693,NA,FALSE,NA,NA,NA,NA,NA,NA
aus.republican2,1694,NA,FALSE,NA,NA,NA,NA,NA,NA
aus.republican2,1695,NA,FALSE,NA,NA,NA,NA,NA,NA
aus.republican2,1696,NA,FALSE,NA,NA,NA,NA,NA,NA
aus.republican2,1697,NA,FALSE,NA,NA,NA,NA,NA,NA
aus.republican2,1698,NA,FALSE,NA,NA,NA,NA,NA,NA
aus.republican2,1699,NA,FALSE,NA,NA,NA,NA,NA,NA
aus.republican2,1700,NA,FALSE,NA,NA,NA,NA,NA,NA
aus.republican2,1701,NA,FALSE,NA,NA,NA,NA,NA,NA
aus.republican2,1702,NA,FALSE,NA,NA,NA,NA,NA,NA
aus.republican2,1703,NA,FALSE,NA,NA,NA,NA,NA,NA
aus.republican2,1704,NA,FALSE,NA,NA,NA,NA,NA,NA
aus.republican2,1705,NA,FALSE,NA,NA,NA,NA,NA,NA
aus.republican2,1706,NA,FALSE,NA,NA,NA,NA,NA,NA
aus.republican2,1707,NA,FALSE,NA,NA,NA,NA,NA,NA
aus.republican2,1708,NA,FALSE,NA,NA,NA,NA,NA,NA
aus.republican2,1709,NA,FALSE,NA,NA,NA,NA,NA,NA
aus.republican2,1710,NA,FALSE,NA,NA,NA,NA,NA,NA
aus.republican2,1711,NA,FALSE,NA,NA,NA,NA,NA,NA
aus.republican2,1712,NA,FALSE,NA,NA,NA,NA,NA,NA
aus.republican2,1713,NA,FALSE,NA,NA,NA,NA,NA,NA
aus.republican2,1714,NA,FALSE,NA,NA,NA,NA,NA,NA
aus.republican2,1715,NA,FALSE,NA,NA,NA,NA,NA,NA
aus.republican2,1716,NA,FALSE,NA,NA,NA,NA,NA,NA
aus.republican2,1717,NA,FALSE,NA,NA,NA,NA,NA,NA
aus.republican2,1718,NA,FALSE,NA,NA,NA,NA,NA,NA
aus.republican2,1719,NA,FALSE,NA,NA,NA,NA,NA,NA
aus.republican2,1720,NA,FALSE,NA,NA,NA,NA,NA,NA
aus.republican2,1721,NA,FALSE,NA,NA,NA,NA,NA,NA
aus.republican2,1722,NA,FALSE,NA,NA,NA,NA,NA,NA
aus.republican2,1723,NA,FALSE,NA,NA,NA,NA,NA,NA
aus.republican2,1724,NA,FALSE,NA,NA,NA,NA,NA,NA
aus.republican2,1725,NA,FALSE,NA,NA,NA,NA,NA,NA
aus.republican2,1726,NA,FALSE,NA,NA,NA,NA,NA,NA
aus.republican2,1727,NA,FALSE,NA,NA,NA,NA,NA,NA
aus.republican2,1728,NA,FALSE,NA,NA,NA,NA,NA,NA
aus.republican2,1729,NA,FALSE,NA,NA,NA,NA,NA,NA
aus.republican2,1730,NA,FALSE,NA,NA,NA,NA,NA,NA
aus.republican2,1731,NA,FALSE,NA,NA,NA,NA,NA,NA
aus.republican2,1732,NA,FALSE,NA,NA,NA,NA,NA,NA
aus.republican2,1733,NA,FALSE,NA,NA,NA,NA,NA,NA
aus.republican2,1734,NA,FALSE,NA,NA,NA,NA,NA,NA
aus.republican2,1735,NA,FALSE,NA,NA,NA,NA,NA,NA
aus.republican2,1736,NA,FALSE,NA,NA,NA,NA,NA,NA
aus.republican2,1737,NA,FALSE,NA,NA,NA,NA,NA,NA
aus.republican2,1738,NA,FALSE,NA,NA,NA,NA,NA,NA
aus.republican2,1739,NA,FALSE,NA,NA,NA,NA,NA,NA
aus.republican2,1740,NA,FALSE,NA,NA,NA,NA,NA,NA
aus.republican2,1741,NA,FALSE,NA,NA,NA,NA,NA,NA
aus.republican2,1742,NA,FALSE,NA,NA,NA,NA,NA,NA
aus.republican2,1743,NA,FALSE,NA,NA,NA,NA,NA,NA
aus.republican2,1744,NA,FALSE,NA,NA,NA,NA,NA,NA
aus.republican2,1745,NA,FALSE,NA,NA,NA,NA,NA,NA
aus.republican2,1746,NA,FALSE,NA,NA,NA,NA,NA,NA
aus.republican2,1747,NA,FALSE,NA,NA,NA,NA,NA,NA
aus.republican2,1748,NA,FALSE,NA,NA,NA,NA,NA,NA
aus.republican2,1749,NA,FALSE,NA,NA,NA,NA,NA,NA
aus.republican2,1750,NA,FALSE,NA,NA,NA,NA,NA,NA
aus.republican2,1751,NA,FALSE,NA,NA,NA,NA,NA,NA
aus.republican2,1752,NA,FALSE,NA,NA,NA,NA,NA,NA
aus.republican2,1753,NA,FALSE,NA,NA,NA,NA,NA,NA
aus.republican2,1754,NA,FALSE,NA,NA,NA,NA,NA,NA
aus.republican2,1755,NA,FALSE,NA,NA,NA,NA,NA,NA
aus.republican2,1756,NA,FALSE,NA,NA,NA,NA,NA,NA
aus.republican2,1757,NA,FALSE,NA,NA,NA,NA,NA,NA
aus.republican2,1758,NA,FALSE,NA,NA,NA,NA,NA,NA
aus.republican2,1759,NA,FALSE,NA,NA,NA,NA,NA,NA
aus.republican2,1760,NA,FALSE,NA,NA,NA,NA,NA,NA
aus.republican2,1761,NA,FALSE,NA,NA,NA,NA,NA,NA
aus.republican2,1762,NA,FALSE,NA,NA,NA,NA,NA,NA
aus.republican2,1763,NA,FALSE,NA,NA,NA,NA,NA,NA
aus.republican2,1764,NA,FALSE,NA,NA,NA,NA,NA,NA
aus.republican2,1765,NA,FALSE,NA,NA,NA,NA,NA,NA
aus.republican2,1766,NA,FALSE,NA,NA,NA,NA,NA,NA
aus.republican2,1767,NA,FALSE,NA,NA,NA,NA,NA,NA
aus.republican2,1768,NA,FALSE,NA,NA,NA,NA,NA,NA
aus.republican2,1769,NA,FALSE,NA,NA,NA,NA,NA,NA
aus.republican2,1770,NA,FALSE,NA,NA,NA,NA,NA,NA
aus.republican2,1771,NA,FALSE,NA,NA,NA,NA,NA,NA
aus.republican2,1772,NA,FALSE,NA,NA,NA,NA,NA,NA
aus.republican2,1773,NA,FALSE,NA,NA,NA,NA,NA,NA
aus.republican2,1774,NA,FALSE,NA,NA,NA,NA,NA,NA
aus.republican2,1775,NA,FALSE,NA,NA,NA,NA,NA,NA
aus.republican2,1776,NA,FALSE,NA,NA,NA,NA,NA,NA
aus.republican2,1777,NA,FALSE,NA,NA,NA,NA,NA,NA
aus.republican2,1778,NA,FALSE,NA,NA,NA,NA,NA,NA
aus.republican2,1779,NA,FALSE,NA,NA,NA,NA,NA,NA
aus.republican2,1780,NA,FALSE,NA,NA,NA,NA,NA,NA
aus.republican2,1781,NA,FALSE,NA,NA,NA,NA,NA,NA
aus.republican2,1782,NA,FALSE,NA,NA,NA,NA,NA,NA
aus.republican2,1783,NA,FALSE,NA,NA,NA,NA,NA,NA
aus.republican2,1784,NA,FALSE,NA,NA,NA,NA,NA,NA
aus.republican2,1785,NA,FALSE,NA,NA,NA,NA,NA,NA
aus.republican2,1786,NA,FALSE,NA,NA,NA,NA,NA,NA
aus.republican2,1787,NA,FALSE,NA,NA,NA,NA,NA,NA
aus.republican2,1788,NA,FALSE,NA,NA,NA,NA,NA,NA
aus.republican2,1789,NA,FALSE,NA,NA,NA,NA,NA,NA
aus.republican2,1790,NA,FALSE,NA,NA,NA,NA,NA,NA
aus.republican2,1791,NA,FALSE,NA,NA,NA,NA,NA,NA
aus.republican2,1792,NA,FALSE,NA,NA,NA,NA,NA,NA
aus.republican2,1793,NA,FALSE,NA,NA,NA,NA,NA,NA
aus.republican2,1794,NA,FALSE,NA,NA,NA,NA,NA,NA
aus.republican2,1795,NA,FALSE,NA,NA,NA,NA,NA,NA
aus.republican2,1796,NA,FALSE,NA,NA,NA,NA,NA,NA
aus.republican2,1797,NA,FALSE,NA,NA,NA,NA,NA,NA
aus.republican2,1798,NA,FALSE,NA,NA,NA,NA,NA,NA
aus.republican2,1799,NA,FALSE,NA,NA,NA,NA,NA,NA
aus.republican2,1800,NA,FALSE,NA,NA,NA,NA,NA,NA
aus.republican2,1801,NA,FALSE,NA,NA,NA,NA,NA,NA
aus.republican2,1802,NA,FALSE,NA,NA,NA,NA,NA,NA
aus.republican2,1803,NA,FALSE,NA,NA,NA,NA,NA,NA
aus.republican2,1804,NA,FALSE,NA,NA,NA,NA,NA,NA
aus.republican2,1805,NA,FALSE,NA,NA,NA,NA,NA,NA
aus.republican2,1806,NA,FALSE,NA,NA,NA,NA,NA,NA
aus.republican2,1807,NA,FALSE,NA,NA,NA,NA,NA,NA
aus.republican2,1808,NA,FALSE,NA,NA,NA,NA,NA,NA
aus.republican2,1809,NA,FALSE,NA,NA,NA,NA,NA,NA
aus.republican2,1810,NA,FALSE,NA,NA,NA,NA,NA,NA
aus.republican2,1811,NA,FALSE,NA,NA,NA,NA,NA,NA
aus.republican2,1812,NA,FALSE,NA,NA,NA,NA,NA,NA
aus.republican2,1813,NA,FALSE,NA,NA,NA,NA,NA,NA
aus.republican2,1814,NA,FALSE,NA,NA,NA,NA,NA,NA
aus.republican2,1815,NA,FALSE,NA,NA,NA,NA,NA,NA
aus.republican2,1816,NA,FALSE,NA,NA,NA,NA,NA,NA
aus.republican2,1817,NA,FALSE,NA,NA,NA,NA,NA,NA
aus.republican2,1818,NA,FALSE,NA,NA,NA,NA,NA,NA
aus.republican2,1819,NA,FALSE,NA,NA,NA,NA,NA,NA
aus.republican2,1820,NA,FALSE,NA,NA,NA,NA,NA,NA
aus.republican2,1821,NA,FALSE,NA,NA,NA,NA,NA,NA
aus.republican2,1822,NA,FALSE,NA,NA,NA,NA,NA,NA
aus.republican2,1823,NA,FALSE,NA,NA,NA,NA,NA,NA
aus.republican2,1824,NA,FALSE,NA,NA,NA,NA,NA,NA
aus.republican2,1825,NA,FALSE,NA,NA,NA,NA,NA,NA
aus.republican2,1826,NA,FALSE,NA,NA,NA,NA,NA,NA
aus.republican2,1827,NA,FALSE,NA,NA,NA,NA,NA,NA
aus.republican2,1828,NA,FALSE,NA,NA,NA,NA,NA,NA
aus.republican2,1829,NA,FALSE,NA,NA,NA,NA,NA,NA
aus.republican2,1830,NA,FALSE,NA,NA,NA,NA,NA,NA
aus.republican2,1831,NA,FALSE,NA,NA,NA,NA,NA,NA
aus.republican2,1832,NA,FALSE,NA,NA,NA,NA,NA,NA
aus.republican2,1833,NA,FALSE,NA,NA,NA,NA,NA,NA
aus.republican2,1834,NA,FALSE,NA,NA,NA,NA,NA,NA
aus.republican2,1835,NA,FALSE,NA,NA,NA,NA,NA,NA
aus.republican2,1836,NA,FALSE,NA,NA,NA,NA,NA,NA
aus.republican2,1837,NA,FALSE,NA,NA,NA,NA,NA,NA
aus.republican2,1838,NA,FALSE,NA,NA,NA,NA,NA,NA
aus.republican2,1839,NA,FALSE,NA,NA,NA,NA,NA,NA
aus.republican2,1840,NA,FALSE,NA,NA,NA,NA,NA,NA
aus.republican2,1841,NA,FALSE,NA,NA,NA,NA,NA,NA
aus.republican2,1842,NA,FALSE,NA,NA,NA,NA,NA,NA
aus.republican2,1843,NA,FALSE,NA,NA,NA,NA,NA,NA
aus.republican2,1844,NA,FALSE,NA,NA,NA,NA,NA,NA
aus.republican2,1845,NA,FALSE,NA,NA,NA,NA,NA,NA
aus.republican2,1846,NA,FALSE,NA,NA,NA,NA,NA,NA
aus.republican2,1847,NA,FALSE,NA,NA,NA,NA,NA,NA
aus.republican2,1848,NA,FALSE,NA,NA,NA,NA,NA,NA
aus.republican2,1849,NA,FALSE,NA,NA,NA,NA,NA,NA
aus.republican2,1850,NA,FALSE,NA,NA,NA,NA,NA,NA
aus.republican2,1851,NA,FALSE,NA,NA,NA,NA,NA,NA
aus.republican2,1852,NA,FALSE,NA,NA,NA,NA,NA,NA
aus.republican2,1853,NA,FALSE,NA,NA,NA,NA,NA,NA
aus.republican2,1854,NA,FALSE,NA,NA,NA,NA,NA,NA
aus.republican2,1855,NA,FALSE,NA,NA,NA,NA,NA,NA
aus.republican2,1856,NA,FALSE,NA,NA,NA,NA,NA,NA
aus.republican2,1857,NA,FALSE,NA,NA,NA,NA,NA,NA
aus.republican2,1858,NA,FALSE,NA,NA,NA,NA,NA,NA
aus.republican2,1859,NA,FALSE,NA,NA,NA,NA,NA,NA
aus.republican2,1860,NA,FALSE,NA,NA,NA,NA,NA,NA
aus.republican2,1861,NA,FALSE,NA,NA,NA,NA,NA,NA
aus.republican2,1862,NA,FALSE,NA,NA,NA,NA,NA,NA
aus.republican2,1863,NA,FALSE,NA,NA,NA,NA,NA,NA
aus.republican2,1864,NA,FALSE,NA,NA,NA,NA,NA,NA
aus.republican2,1865,NA,FALSE,NA,NA,NA,NA,NA,NA
aus.republican2,1866,NA,FALSE,NA,NA,NA,NA,NA,NA
aus.republican2,1867,NA,FALSE,NA,NA,NA,NA,NA,NA
aus.republican2,1868,NA,FALSE,NA,NA,NA,NA,NA,NA
aus.republican2,1869,NA,FALSE,NA,NA,NA,NA,NA,NA
aus.republican2,1870,NA,FALSE,NA,NA,NA,NA,NA,NA
aus.republican2,1871,NA,FALSE,NA,NA,NA,NA,NA,NA
aus.republican2,1872,NA,FALSE,NA,NA,NA,NA,NA,NA
aus.republican2,1873,NA,FALSE,NA,NA,NA,NA,NA,NA
aus.republican2,1874,NA,FALSE,NA,NA,NA,NA,NA,NA
aus.republican2,1875,NA,FALSE,NA,NA,NA,NA,NA,NA
aus.republican2,1876,NA,FALSE,NA,NA,NA,NA,NA,NA
aus.republican2,1877,NA,FALSE,NA,NA,NA,NA,NA,NA
aus.republican2,1878,NA,FALSE,NA,NA,NA,NA,NA,NA
aus.republican2,1879,NA,FALSE,NA,NA,NA,NA,NA,NA
aus.republican2,1880,NA,FALSE,NA,NA,NA,NA,NA,NA
aus.republican2,1881,NA,FALSE,NA,NA,NA,NA,NA,NA
aus.republican2,1882,NA,FALSE,NA,NA,NA,NA,NA,NA
aus.republican2,1883,NA,FALSE,NA,NA,NA,NA,NA,NA
aus.republican2,1884,NA,FALSE,NA,NA,NA,NA,NA,NA
aus.republican2,1885,NA,FALSE,NA,NA,NA,NA,NA,NA
aus.republican2,1886,NA,FALSE,NA,NA,NA,NA,NA,NA
aus.republican2,1887,NA,FALSE,NA,NA,NA,NA,NA,NA
aus.republican2,1888,NA,FALSE,NA,NA,NA,NA,NA,NA
aus.republican2,1889,NA,FALSE,NA,NA,NA,NA,NA,NA
aus.republican2,1890,NA,FALSE,NA,NA,NA,NA,NA,NA
aus.republican2,1891,NA,FALSE,NA,NA,NA,NA,NA,NA
aus.republican2,1892,NA,FALSE,NA,NA,NA,NA,NA,NA
aus.republican2,1893,NA,FALSE,NA,NA,NA,NA,NA,NA
aus.republican2,1894,NA,FALSE,NA,NA,NA,NA,NA,NA
aus.republican2,1895,NA,FALSE,NA,NA,NA,NA,NA,NA
aus.republican2,1896,NA,FALSE,NA,NA,NA,NA,NA,NA
aus.republican2,1897,NA,FALSE,NA,NA,NA,NA,NA,NA
aus.republican2,1898,NA,FALSE,NA,NA,NA,NA,NA,NA
aus.republican2,1899,NA,FALSE,NA,NA,NA,NA,NA,NA
aus.republican2,1900,NA,FALSE,NA,NA,NA,NA,NA,NA
aus.republican2,1901,NA,FALSE,NA,NA,NA,NA,NA,NA
aus.republican2,1902,NA,FALSE,NA,NA,NA,NA,NA,NA
aus.republican2,1903,NA,FALSE,NA,NA,NA,NA,NA,NA
aus.republican2,1904,NA,FALSE,NA,NA,NA,NA,NA,NA
aus.republican2,1905,NA,FALSE,NA,NA,NA,NA,NA,NA
aus.republican2,1906,NA,FALSE,NA,NA,NA,NA,NA,NA
aus.republican2,1907,NA,FALSE,NA,NA,NA,NA,NA,NA
aus.republican2,1908,NA,FALSE,NA,NA,NA,NA,NA,NA
aus.republican2,1909,NA,FALSE,NA,NA,NA,NA,NA,NA
aus.republican2,1910,NA,FALSE,NA,NA,NA,NA,NA,NA
aus.republican2,1911,NA,FALSE,NA,NA,NA,NA,NA,NA
aus.republican2,1912,NA,FALSE,NA,NA,NA,NA,NA,NA
aus.republican2,1913,NA,FALSE,NA,NA,NA,NA,NA,NA
aus.republican2,1914,NA,FALSE,NA,NA,NA,NA,NA,NA
aus.republican2,1915,NA,FALSE,NA,NA,NA,NA,NA,NA
aus.republican2,1916,NA,FALSE,NA,NA,NA,NA,NA,NA
aus.republican2,1917,NA,FALSE,NA,NA,NA,NA,NA,NA
aus.republican2,1918,NA,FALSE,NA,NA,NA,NA,NA,NA
aus.republican2,1919,NA,FALSE,NA,NA,NA,NA,NA,NA
aus.republican2,1920,NA,FALSE,NA,NA,NA,NA,NA,NA
aus.republican2,1921,NA,FALSE,NA,NA,NA,NA,NA,NA
aus.republican2,1922,NA,FALSE,NA,NA,NA,NA,NA,NA
aus.republican2,1923,NA,FALSE,NA,NA,NA,NA,NA,NA
aus.republican2,1924,NA,FALSE,NA,NA,NA,NA,NA,NA
aus.republican2,1925,NA,FALSE,NA,NA,NA,NA,NA,NA
aus.republican2,1926,NA,FALSE,NA,NA,NA,NA,NA,NA
aus.republican2,1927,NA,FALSE,NA,NA,NA,NA,NA,NA
aus.republican2,1928,NA,FALSE,NA,NA,NA,NA,NA,NA
aus.republican2,1929,NA,FALSE,NA,NA,NA,NA,NA,NA
aus.republican2,1930,NA,FALSE,NA,NA,NA,NA,NA,NA
aus.republican2,1931,NA,FALSE,NA,NA,NA,NA,NA,NA
aus.republican2,1932,NA,FALSE,NA,NA,NA,NA,NA,NA
aus.republican2,1933,NA,FALSE,NA,NA,NA,NA,NA,NA
aus.republican2,1934,NA,FALSE,NA,NA,NA,NA,NA,NA
aus.republican2,1935,NA,FALSE,NA,NA,NA,NA,NA,NA
aus.republican2,1936,NA,FALSE,NA,NA,NA,NA,NA,NA
aus.republican2,1937,NA,FALSE,NA,NA,NA,NA,NA,NA
aus.republican2,1938,NA,FALSE,NA,NA,NA,NA,NA,NA
aus.republican2,1939,NA,FALSE,NA,NA,NA,NA,NA,NA
aus.republican2,1940,NA,FALSE,NA,NA,NA,NA,NA,NA
aus.republican2,1941,NA,FALSE,NA,NA,NA,NA,NA,NA
aus.republican2,1942,NA,FALSE,NA,NA,NA,NA,NA,NA
aus.republican2,1943,NA,FALSE,NA,NA,NA,NA,NA,NA
aus.republican2,1944,NA,FALSE,NA,NA,NA,NA,NA,NA
aus.republican2,1945,NA,FALSE,NA,NA,NA,NA,NA,NA
aus.republican2,1946,NA,FALSE,NA,NA,NA,NA,NA,NA
aus.republican2,1947,NA,FALSE,NA,NA,NA,NA,NA,NA
aus.republican2,1948,NA,FALSE,NA,NA,NA,NA,NA,NA
aus.republican2,1949,NA,FALSE,NA,NA,NA,NA,NA,NA
aus.republican2,1950,NA,FALSE,NA,NA,NA,NA,NA,NA
aus.republican2,1951,NA,FALSE,NA,NA,NA,NA,NA,NA
aus.republican2,1952,NA,FALSE,NA,NA,NA,NA,NA,NA
aus.republican2,1953,NA,FALSE,NA,NA,NA,NA,NA,NA
aus.republican2,1954,NA,FALSE,NA,NA,NA,NA,NA,NA
aus.republican2,1955,NA,FALSE,NA,NA,NA,NA,NA,NA
aus.republican2,1956,NA,FALSE,NA,NA,NA,NA,NA,NA
aus.republican2,1957,NA,FALSE,NA,NA,NA,NA,NA,NA
aus.republican2,1958,NA,FALSE,NA,NA,NA,NA,NA,NA
aus.republican2,1959,NA,FALSE,NA,NA,NA,NA,NA,NA
aus.republican2,1960,NA,FALSE,NA,NA,NA,NA,NA,NA
aus.republican2,1961,NA,FALSE,NA,NA,NA,NA,NA,NA
aus.republican2,1962,NA,FALSE,NA,NA,NA,NA,NA,NA
aus.republican2,1963,NA,FALSE,NA,NA,NA,NA,NA,NA
aus.republican2,1964,NA,FALSE,NA,NA,NA,NA,NA,NA
aus.republican2,1965,NA,FALSE,NA,NA,NA,NA,NA,NA
aus.republican2,1966,NA,FALSE,NA,NA,NA,NA,NA,NA
aus.republican2,1967,NA,FALSE,NA,NA,NA,NA,NA,NA
aus.republican2,1968,NA,FALSE,NA,NA,NA,NA,NA,NA
aus.republican2,1969,NA,FALSE,NA,NA,NA,NA,NA,NA
aus.republican2,1970,NA,FALSE,NA,NA,NA,NA,NA,NA
aus.republican2,1971,NA,FALSE,NA,NA,NA,NA,NA,NA
aus.republican2,1972,NA,FALSE,NA,NA,NA,NA,NA,NA
aus.republican2,1973,NA,FALSE,NA,NA,NA,NA,NA,NA
aus.republican2,1974,NA,FALSE,NA,NA,NA,NA,NA,NA
aus.republican2,1975,NA,FALSE,NA,NA,NA,NA,NA,NA
aus.republican2,1976,NA,FALSE,NA,NA,NA,NA,NA,NA
aus.republican2,1977,NA,FALSE,NA,NA,NA,NA,NA,NA
aus.republican2,1978,NA,FALSE,NA,NA,NA,NA,NA,NA
aus.republican2,1979,NA,FALSE,NA,NA,NA,NA,NA,NA
aus.republican2,1980,NA,FALSE,NA,NA,NA,NA,NA,NA
aus.republican2,1981,NA,FALSE,NA,NA,NA,NA,NA,NA
aus.republican2,1982,NA,FALSE,NA,NA,NA,NA,NA,NA
aus.republican2,1983,NA,FALSE,NA,NA,NA,NA,NA,NA
aus.republican2,1984,NA,FALSE,NA,NA,NA,NA,NA,NA
aus.republican2,1985,NA,FALSE,NA,NA,NA,NA,NA,NA
aus.republican2,1986,NA,FALSE,NA,NA,NA,NA,NA,NA
aus.republican2,1987,NA,FALSE,NA,NA,NA,NA,NA,NA
aus.republican2,1988,NA,FALSE,NA,NA,NA,NA,NA,NA
aus.republican2,1989,NA,FALSE,NA,NA,NA,NA,NA,NA
aus.republican2,1990,NA,FALSE,NA,NA,NA,NA,NA,NA
aus.republican2,1991,NA,FALSE,NA,NA,NA,NA,NA,NA
aus.republican2,1992,NA,FALSE,NA,NA,NA,NA,NA,NA
aus.republican2,1993,NA,FALSE,NA,NA,NA,NA,NA,NA
aus.republican2,1994,NA,FALSE,NA,NA,NA,NA,NA,NA
aus.republican2,1995,NA,FALSE,NA,NA,NA,NA,NA,NA
aus.republican2,1996,NA,FALSE,NA,NA,NA,NA,NA,NA
aus.republican2,1997,NA,FALSE,NA,NA,NA,NA,NA,NA
aus.republican2,1998,NA,FALSE,NA,NA,NA,NA,NA,NA
aus.republican2,1999,NA,FALSE,NA,NA,NA,NA,NA,NA
aus.republican2,2000,NA,FALSE,NA,NA,NA,NA,NA,NA
aus.republican2,2001,NA,FALSE,NA,NA,NA,NA,NA,NA
aus.republican2,2002,NA,FALSE,NA,NA,NA,NA,NA,NA
aus.republican2,2003,NA,FALSE,NA,NA,NA,NA,NA,NA
aus.republican2,2004,NA,FALSE,NA,NA,NA,NA,NA,NA
aus.republican2,2005,NA,FALSE,NA,NA,NA,NA,NA,NA
aus.republican2,2006,NA,FALSE,NA,NA,NA,NA,NA,NA
aus.republican2,2007,NA,FALSE,NA,NA,NA,NA,NA,NA
aus.republican2,2008,NA,FALSE,NA,NA,NA,NA,NA,NA
aus.republican2,2009,NA,FALSE,NA,NA,NA,NA,NA,NA
aus.republican2,2010,NA,FALSE,NA,NA,NA,NA,NA,NA
aus.republican2,2011,NA,FALSE,NA,NA,NA,NA,NA,NA
aus.republican2,2012,NA,FALSE,NA,NA,NA,NA,NA,NA
aus.republican2,2013,NA,FALSE,NA,NA,NA,NA,NA,NA
aus.republican2,2014,NA,FALSE,NA,NA,NA,NA,NA,NA
aus.republican2,2015,NA,FALSE,NA,NA,NA,NA,NA,NA
aus.republican2,2016,NA,FALSE,NA,NA,NA,NA,NA,NA
aus.republican2,2017,NA,FALSE,NA,NA,NA,NA,NA,NA
aus.republican2,2018,NA,FALSE,NA,NA,NA,NA,NA,NA
aus.republican2,2019,NA,FALSE,NA,NA,NA,NA,NA,NA
aus.republican2,2020,NA,FALSE,NA,NA,NA,NA,NA,NA
aus.republican2,2021,NA,FALSE,NA,NA,NA,NA,NA,NA
aus.republican2,2022,NA,FALSE,NA,NA,NA,NA,NA,NA
aus.republican2,2023,NA,FALSE,NA,NA,NA,NA,NA,NA
aus.republican2,2024,NA,FALSE,NA,NA,NA,NA,NA,NA
aus.republican2,2025,NA,FALSE,NA,NA,NA,NA,NA,NA
aus.republican2,2026,NA,FALSE,NA,NA,NA,NA,NA,NA
aus.republican2,2027,NA,FALSE,NA,NA,NA,NA,NA,NA
aus.republican2,2028,NA,FALSE,NA,NA,NA,NA,NA,NA
aus.republican2,2029,NA,FALSE,NA,NA,NA,NA,NA,NA
aus.republican2,2030,NA,FALSE,NA,NA,NA,NA,NA,NA
aus.republican2,2031,NA,FALSE,NA,NA,NA,NA,NA,NA
aus.republican2,2032,NA,FALSE,NA,NA,NA,NA,NA,NA
aus.republican2,2033,NA,FALSE,NA,NA,NA,NA,NA,NA
aus.republican2,2034,NA,FALSE,NA,NA,NA,NA,NA,NA
aus.republican2,2035,NA,FALSE,NA,NA,NA,NA,NA,NA
aus.republican2,2036,NA,FALSE,NA,NA,NA,NA,NA,NA
aus.republican2,2037,NA,FALSE,NA,NA,NA,NA,NA,NA
aus.republican2,2038,NA,FALSE,NA,NA,NA,NA,NA,NA
aus.republican2,2039,NA,FALSE,NA,NA,NA,NA,NA,NA
aus.republican2,2040,NA,FALSE,NA,NA,NA,NA,NA,NA
aus.republican2,2041,NA,FALSE,NA,NA,NA,NA,NA,NA
aus.republican2,2042,NA,FALSE,NA,NA,NA,NA,NA,NA
aus.republican2,2043,NA,FALSE,NA,NA,NA,NA,NA,NA
aus.republican2,2044,NA,FALSE,NA,NA,NA,NA,NA,NA
aus.republican2,2045,NA,FALSE,NA,NA,NA,NA,NA,NA
aus.republican2,2046,NA,FALSE,NA,NA,NA,NA,NA,NA
aus.republican2,2047,NA,FALSE,NA,NA,NA,NA,NA,NA
aus.republican2,2048,NA,FALSE,NA,NA,NA,NA,NA,NA
aus.republican2,2049,NA,FALSE,NA,NA,NA,NA,NA,NA
aus.republican2,2050,NA,FALSE,NA,NA,NA,NA,NA,NA
aus.republican2,2051,NA,FALSE,NA,NA,NA,NA,NA,NA
aus.republican2,2052,NA,FALSE,NA,NA,NA,NA,NA,NA
aus.republican2,2053,NA,FALSE,NA,NA,NA,NA,NA,NA
aus.republican2,2054,NA,FALSE,NA,NA,NA,NA,NA,NA
aus.republican2,2055,NA,FALSE,NA,NA,NA,NA,NA,NA
aus.republican2,2056,NA,FALSE,NA,NA,NA,NA,NA,NA
aus.republican2,2057,NA,FALSE,NA,NA,NA,NA,NA,NA
aus.republican2,2058,NA,FALSE,NA,NA,NA,NA,NA,NA
aus.republican2,2059,NA,FALSE,NA,NA,NA,NA,NA,NA
aus.republican2,2060,NA,FALSE,NA,NA,NA,NA,NA,NA
aus.republican2,2061,NA,FALSE,NA,NA,NA,NA,NA,NA
aus.republican2,2062,NA,FALSE,NA,NA,NA,NA,NA,NA
aus.republican2,2063,NA,FALSE,NA,NA,NA,NA,NA,NA
aus.republican2,2064,NA,FALSE,NA,NA,NA,NA,NA,NA
aus.republican2,2065,NA,FALSE,NA,NA,NA,NA,NA,NA
aus.republican2,2066,NA,FALSE,NA,NA,NA,NA,NA,NA
aus.republican2,2067,NA,FALSE,NA,NA,NA,NA,NA,NA
aus.republican2,2068,NA,FALSE,NA,NA,NA,NA,NA,NA
aus.republican2,2069,NA,FALSE,NA,NA,NA,NA,NA,NA
aus.republican2,2070,NA,FALSE,NA,NA,NA,NA,NA,NA
aus.republican2,2071,NA,FALSE,NA,NA,NA,NA,NA,NA
aus.republican2,2072,NA,FALSE,NA,NA,NA,NA,NA,NA
aus.republican2,2073,NA,FALSE,NA,NA,NA,NA,NA,NA
aus.republican2,2074,NA,FALSE,NA,NA,NA,NA,NA,NA
aus.republican2,2075,NA,FALSE,NA,NA,NA,NA,NA,NA
aus.republican2,2076,NA,FALSE,NA,NA,NA,NA,NA,NA
aus.republican2,2077,NA,FALSE,NA,NA,NA,NA,NA,NA
aus.republican2,2078,NA,FALSE,NA,NA,NA,NA,NA,NA
aus.republican2,2079,NA,FALSE,NA,NA,NA,NA,NA,NA
aus.republican2,2080,NA,FALSE,NA,NA,NA,NA,NA,NA
aus.republican2,2081,NA,FALSE,NA,NA,NA,NA,NA,NA
aus.republican2,2082,NA,FALSE,NA,NA,NA,NA,NA,NA
aus.republican2,2083,NA,FALSE,NA,NA,NA,NA,NA,NA
aus.republican2,2084,NA,FALSE,NA,NA,NA,NA,NA,NA
aus.republican2,2085,NA,FALSE,NA,NA,NA,NA,NA,NA
aus.republican2,2086,NA,FALSE,NA,NA,NA,NA,NA,NA
aus.republican2,2087,NA,FALSE,NA,NA,NA,NA,NA,NA
aus.republican2,2088,NA,FALSE,NA,NA,NA,NA,NA,NA
aus.republican2,2089,NA,FALSE,NA,NA,NA,NA,NA,NA
aus.republican2,2090,NA,FALSE,NA,NA,NA,NA,NA,NA
aus.republican2,2091,NA,FALSE,NA,NA,NA,NA,NA,NA
aus.republican2,2092,NA,FALSE,NA,NA,NA,NA,NA,NA
aus.republican2,2093,NA,FALSE,NA,NA,NA,NA,NA,NA
aus.republican2,2094,NA,FALSE,NA,NA,NA,NA,NA,NA
aus.republican2,2095,NA,FALSE,NA,NA,NA,NA,NA,NA
aus.republican2,2096,NA,FALSE,NA,NA,NA,NA,NA,NA
aus.republican2,2097,NA,FALSE,NA,NA,NA,NA,NA,NA
aus.republican2,2098,NA,FALSE,NA,NA,NA,NA,NA,NA
aus.republican2,2099,NA,FALSE,NA,NA,NA,NA,NA,NA
aus.republican2,2100,NA,FALSE,NA,NA,NA,NA,NA,NA
aus.republican2,2101,NA,FALSE,NA,NA,NA,NA,NA,NA
aus.republican2,2102,NA,FALSE,NA,NA,NA,NA,NA,NA
aus.republican2,2103,NA,FALSE,NA,NA,NA,NA,NA,NA
aus.republican2,2104,NA,FALSE,NA,NA,NA,NA,NA,NA
aus.republican2,2105,NA,FALSE,NA,NA,NA,NA,NA,NA
aus.republican2,2106,NA,FALSE,NA,NA,NA,NA,NA,NA
aus.republican2,2107,NA,FALSE,NA,NA,NA,NA,NA,NA
aus.republican2,2108,NA,FALSE,NA,NA,NA,NA,NA,NA
aus.republican2,2109,NA,FALSE,NA,NA,NA,NA,NA,NA
aus.republican2,2110,NA,FALSE,NA,NA,NA,NA,NA,NA
aus.republican2,2111,NA,FALSE,NA,NA,NA,NA,NA,NA
aus.republican2,2112,NA,FALSE,NA,NA,NA,NA,NA,NA
aus.republican2,2113,NA,FALSE,NA,NA,NA,NA,NA,NA
aus.republican2,2114,NA,FALSE,NA,NA,NA,NA,NA,NA
aus.republican2,2115,NA,FALSE,NA,NA,NA,NA,NA,NA
aus.republican2,2116,NA,FALSE,NA,NA,NA,NA,NA,NA
aus.republican2,2117,NA,FALSE,NA,NA,NA,NA,NA,NA
aus.republican2,2118,NA,FALSE,NA,NA,NA,NA,NA,NA
aus.republican2,2119,NA,FALSE,NA,NA,NA,NA,NA,NA
aus.republican2,2120,NA,FALSE,NA,NA,NA,NA,NA,NA
aus.republican2,2121,NA,FALSE,NA,NA,NA,NA,NA,NA
aus.republican2,2122,NA,FALSE,NA,NA,NA,NA,NA,NA
aus.republican2,2123,NA,FALSE,NA,NA,NA,NA,NA,NA
aus.republican2,2124,NA,FALSE,NA,NA,NA,NA,NA,NA
aus.republican2,2125,NA,FALSE,NA,NA,NA,NA,NA,NA
aus.republican2,2126,NA,FALSE,NA,NA,NA,NA,NA,NA
aus.republican2,2127,NA,FALSE,NA,NA,NA,NA,NA,NA
aus.republican2,2128,NA,FALSE,NA,NA,NA,NA,NA,NA
aus.republican2,2129,NA,FALSE,NA,NA,NA,NA,NA,NA
aus.republican2,2130,NA,FALSE,NA,NA,NA,NA,NA,NA
aus.republican2,2131,NA,FALSE,NA,NA,NA,NA,NA,NA
aus.republican2,2132,NA,FALSE,NA,NA,NA,NA,NA,NA
aus.republican2,2133,NA,FALSE,NA,NA,NA,NA,NA,NA
aus.republican2,2134,NA,FALSE,NA,NA,NA,NA,NA,NA
aus.republican2,2135,NA,FALSE,NA,NA,NA,NA,NA,NA
aus.republican2,2136,NA,FALSE,NA,NA,NA,NA,NA,NA
aus.republican2,2137,NA,FALSE,NA,NA,NA,NA,NA,NA
aus.republican2,2138,NA,FALSE,NA,NA,NA,NA,NA,NA
aus.republican2,2139,NA,FALSE,NA,NA,NA,NA,NA,NA
aus.republican2,2140,NA,FALSE,NA,NA,NA,NA,NA,NA
aus.republican2,2141,NA,FALSE,NA,NA,NA,NA,NA,NA
aus.republican2,2142,NA,FALSE,NA,NA,NA,NA,NA,NA
aus.republican2,2143,NA,FALSE,NA,NA,NA,NA,NA,NA
aus.republican2,2144,NA,FALSE,NA,NA,NA,NA,NA,NA
aus.republican2,2145,NA,FALSE,NA,NA,NA,NA,NA,NA
aus.republican2,2146,NA,FALSE,NA,NA,NA,NA,NA,NA
aus.republican2,2147,NA,FALSE,NA,NA,NA,NA,NA,NA
aus.republican2,2148,NA,FALSE,NA,NA,NA,NA,NA,NA
aus.republican2,2149,NA,FALSE,NA,NA,NA,NA,NA,NA
aus.republican2,2150,NA,FALSE,NA,NA,NA,NA,NA,NA
aus.republican2,2151,NA,FALSE,NA,NA,NA,NA,NA,NA
aus.republican2,2152,NA,FALSE,NA,NA,NA,NA,NA,NA
aus.republican2,2153,NA,FALSE,NA,NA,NA,NA,NA,NA
aus.republican2,2154,NA,FALSE,NA,NA,NA,NA,NA,NA
aus.republican2,2155,NA,FALSE,NA,NA,NA,NA,NA,NA
aus.republican2,2156,NA,FALSE,NA,NA,NA,NA,NA,NA
aus.republican2,2157,NA,FALSE,NA,NA,NA,NA,NA,NA
aus.republican2,2158,NA,FALSE,NA,NA,NA,NA,NA,NA
aus.republican2,2159,NA,FALSE,NA,NA,NA,NA,NA,NA
aus.republican2,2160,NA,FALSE,NA,NA,NA,NA,NA,NA
aus.republican2,2161,NA,FALSE,NA,NA,NA,NA,NA,NA
aus.republican2,2162,NA,FALSE,NA,NA,NA,NA,NA,NA
aus.republican2,2163,NA,FALSE,NA,NA,NA,NA,NA,NA
aus.republican2,2164,NA,FALSE,NA,NA,NA,NA,NA,NA
aus.republican2,2165,NA,FALSE,NA,NA,NA,NA,NA,NA
aus.republican2,2166,NA,FALSE,NA,NA,NA,NA,NA,NA
aus.republican2,2167,NA,FALSE,NA,NA,NA,NA,NA,NA
aus.republican2,2168,NA,FALSE,NA,NA,NA,NA,NA,NA
aus.republican2,2169,NA,FALSE,NA,NA,NA,NA,NA,NA
aus.republican2,2170,NA,FALSE,NA,NA,NA,NA,NA,NA
aus.republican2,2171,NA,FALSE,NA,NA,NA,NA,NA,NA
aus.republican2,2172,NA,FALSE,NA,NA,NA,NA,NA,NA
aus.republican2,2173,NA,FALSE,NA,NA,NA,NA,NA,NA
aus.republican2,2174,NA,FALSE,NA,NA,NA,NA,NA,NA
aus.republican2,2175,NA,FALSE,NA,NA,NA,NA,NA,NA
aus.republican2,2176,NA,FALSE,NA,NA,NA,NA,NA,NA
aus.republican2,2177,NA,FALSE,NA,NA,NA,NA,NA,NA
aus.republican2,2178,NA,FALSE,NA,NA,NA,NA,NA,NA
aus.republican2,2179,NA,FALSE,NA,NA,NA,NA,NA,NA
aus.republican2,2180,NA,FALSE,NA,NA,NA,NA,NA,NA
aus.republican2,2181,NA,FALSE,NA,NA,NA,NA,NA,NA
aus.republican2,2182,NA,FALSE,NA,NA,NA,NA,NA,NA
aus.republican2,2183,NA,FALSE,NA,NA,NA,NA,NA,NA
aus.republican2,2184,NA,FALSE,NA,NA,NA,NA,NA,NA
aus.republican2,2185,NA,FALSE,NA,NA,NA,NA,NA,NA
aus.republican2,2186,NA,FALSE,NA,NA,NA,NA,NA,NA
aus.republican2,2187,NA,FALSE,NA,NA,NA,NA,NA,NA
aus.republican2,2188,NA,FALSE,NA,NA,NA,NA,NA,NA
aus.republican2,2189,NA,FALSE,NA,NA,NA,NA,NA,NA
aus.republican2,2190,NA,FALSE,NA,NA,NA,NA,NA,NA
aus.republican2,2191,NA,FALSE,NA,NA,NA,NA,NA,NA
aus.republican2,2192,NA,FALSE,NA,NA,NA,NA,NA,NA
aus.republican2,2193,NA,FALSE,NA,NA,NA,NA,NA,NA
aus.republican2,2194,NA,FALSE,NA,NA,NA,NA,NA,NA
aus.republican2,2195,NA,FALSE,NA,NA,NA,NA,NA,NA
aus.republican2,2196,NA,FALSE,NA,NA,NA,NA,NA,NA
aus.republican2,2197,NA,FALSE,NA,NA,NA,NA,NA,NA
aus.republican2,2198,NA,FALSE,NA,NA,NA,NA,NA,NA
aus.republican2,2199,NA,FALSE,NA,NA,NA,NA,NA,NA
aus.republican2,2200,NA,FALSE,NA,NA,NA,NA,NA,NA
aus.republican2,2201,NA,FALSE,NA,NA,NA,NA,NA,NA
aus.republican2,2202,NA,FALSE,NA,NA,NA,NA,NA,NA
aus.republican2,2203,NA,FALSE,NA,NA,NA,NA,NA,NA
aus.republican2,2204,NA,FALSE,NA,NA,NA,NA,NA,NA
aus.republican2,2205,NA,FALSE,NA,NA,NA,NA,NA,NA
aus.republican2,2206,NA,FALSE,NA,NA,NA,NA,NA,NA
aus.republican2,2207,NA,FALSE,NA,NA,NA,NA,NA,NA
aus.republican2,2208,NA,FALSE,NA,NA,NA,NA,NA,NA
aus.republican2,2209,NA,FALSE,NA,NA,NA,NA,NA,NA
aus.republican2,2210,NA,FALSE,NA,NA,NA,NA,NA,NA
aus.republican2,2211,NA,FALSE,NA,NA,NA,NA,NA,NA
aus.republican2,2212,NA,FALSE,NA,NA,NA,NA,NA,NA
aus.republican2,2213,NA,FALSE,NA,NA,NA,NA,NA,NA
aus.republican2,2214,NA,FALSE,NA,NA,NA,NA,NA,NA
aus.republican2,2215,NA,FALSE,NA,NA,NA,NA,NA,NA
aus.republican2,2216,NA,FALSE,NA,NA,NA,NA,NA,NA
aus.republican2,2217,NA,FALSE,NA,NA,NA,NA,NA,NA
aus.republican2,2218,NA,FALSE,NA,NA,NA,NA,NA,NA
aus.republican2,2219,NA,FALSE,NA,NA,NA,NA,NA,NA
aus.republican2,2220,NA,FALSE,NA,NA,NA,NA,NA,NA
aus.republican2,2221,NA,FALSE,NA,NA,NA,NA,NA,NA
aus.republican2,2222,NA,FALSE,NA,NA,NA,NA,NA,NA
aus.republican2,2223,NA,FALSE,NA,NA,NA,NA,NA,NA
aus.republican2,2224,NA,FALSE,NA,NA,NA,NA,NA,NA
aus.republican2,2225,NA,FALSE,NA,NA,NA,NA,NA,NA
aus.republican2,2226,NA,FALSE,NA,NA,NA,NA,NA,NA
aus.republican2,2227,NA,FALSE,NA,NA,NA,NA,NA,NA
aus.republican2,2228,NA,FALSE,NA,NA,NA,NA,NA,NA
aus.republican2,2229,NA,FALSE,NA,NA,NA,NA,NA,NA
aus.republican2,2230,NA,FALSE,NA,NA,NA,NA,NA,NA
aus.republican2,2231,NA,FALSE,NA,NA,NA,NA,NA,NA
aus.republican2,2232,NA,FALSE,NA,NA,NA,NA,NA,NA
aus.republican2,2233,NA,FALSE,NA,NA,NA,NA,NA,NA
aus.republican2,2234,NA,FALSE,NA,NA,NA,NA,NA,NA
aus.republican2,2235,NA,FALSE,NA,NA,NA,NA,NA,NA
aus.republican2,2236,NA,FALSE,NA,NA,NA,NA,NA,NA
aus.republican2,2237,NA,FALSE,NA,NA,NA,NA,NA,NA
aus.republican2,2238,NA,FALSE,NA,NA,NA,NA,NA,NA
aus.republican2,2239,NA,FALSE,NA,NA,NA,NA,NA,NA
aus.republican2,2240,NA,FALSE,NA,NA,NA,NA,NA,NA
aus.republican2,2241,NA,FALSE,NA,NA,NA,NA,NA,NA
aus.republican2,2242,NA,FALSE,NA,NA,NA,NA,NA,NA
aus.republican2,2243,NA,FALSE,NA,NA,NA,NA,NA,NA
aus.republican2,2244,NA,FALSE,NA,NA,NA,NA,NA,NA
aus.republican2,2245,NA,FALSE,NA,NA,NA,NA,NA,NA
aus.republican2,2246,NA,FALSE,NA,NA,NA,NA,NA,NA
aus.republican2,2247,NA,FALSE,NA,NA,NA,NA,NA,NA
aus.republican2,2248,NA,FALSE,NA,NA,NA,NA,NA,NA
aus.republican2,2249,NA,FALSE,NA,NA,NA,NA,NA,NA
aus.republican2,2250,NA,FALSE,NA,NA,NA,NA,NA,NA
aus.republican2,2251,NA,FALSE,NA,NA,NA,NA,NA,NA
aus.republican2,2252,NA,FALSE,NA,NA,NA,NA,NA,NA
aus.republican2,2253,NA,FALSE,NA,NA,NA,NA,NA,NA
aus.republican2,2254,NA,FALSE,NA,NA,NA,NA,NA,NA
aus.republican2,2255,NA,FALSE,NA,NA,NA,NA,NA,NA
aus.republican2,2256,NA,FALSE,NA,NA,NA,NA,NA,NA
aus.republican2,2257,NA,FALSE,NA,NA,NA,NA,NA,NA
aus.republican2,2258,NA,FALSE,NA,NA,NA,NA,NA,NA
aus.republican2,2259,NA,FALSE,NA,NA,NA,NA,NA,NA
aus.republican2,2260,NA,FALSE,NA,NA,NA,NA,NA,NA
aus.republican2,2261,NA,FALSE,NA,NA,NA,NA,NA,NA
aus.republican2,2262,NA,FALSE,NA,NA,NA,NA,NA,NA
aus.republican2,2263,NA,FALSE,NA,NA,NA,NA,NA,NA
aus.republican2,2264,NA,FALSE,NA,NA,NA,NA,NA,NA
aus.republican2,2265,NA,FALSE,NA,NA,NA,NA,NA,NA
aus.republican2,2266,NA,FALSE,NA,NA,NA,NA,NA,NA
aus.republican2,2267,NA,FALSE,NA,NA,NA,NA,NA,NA
aus.republican2,2268,NA,FALSE,NA,NA,NA,NA,NA,NA
aus.republican2,2269,NA,FALSE,NA,NA,NA,NA,NA,NA
aus.republican2,2270,NA,FALSE,NA,NA,NA,NA,NA,NA
aus.republican2,2271,NA,FALSE,NA,NA,NA,NA,NA,NA
aus.republican2,2272,NA,FALSE,NA,NA,NA,NA,NA,NA
aus.republican2,2273,NA,FALSE,NA,NA,NA,NA,NA,NA
aus.republican2,2274,NA,FALSE,NA,NA,NA,NA,NA,NA
aus.republican2,2275,NA,FALSE,NA,NA,NA,NA,NA,NA
aus.republican2,2276,NA,FALSE,NA,NA,NA,NA,NA,NA
aus.republican2,2277,NA,FALSE,NA,NA,NA,NA,NA,NA
aus.republican2,2278,NA,FALSE,NA,NA,NA,NA,NA,NA
aus.republican2,2279,NA,FALSE,NA,NA,NA,NA,NA,NA
aus.republican2,2280,NA,FALSE,NA,NA,NA,NA,NA,NA
aus.republican2,2281,NA,FALSE,NA,NA,NA,NA,NA,NA
aus.republican2,2282,NA,FALSE,NA,NA,NA,NA,NA,NA
aus.republican2,2283,NA,FALSE,NA,NA,NA,NA,NA,NA
aus.republican2,2284,NA,FALSE,NA,NA,NA,NA,NA,NA
aus.republican2,2285,NA,FALSE,NA,NA,NA,NA,NA,NA
aus.republican2,2286,NA,FALSE,NA,NA,NA,NA,NA,NA
aus.republican2,2287,NA,FALSE,NA,NA,NA,NA,NA,NA
aus.republican2,2288,NA,FALSE,NA,NA,NA,NA,NA,NA
aus.republican2,2289,NA,FALSE,NA,NA,NA,NA,NA,NA
aus.republican2,2290,NA,FALSE,NA,NA,NA,NA,NA,NA
aus.republican2,2291,NA,FALSE,NA,NA,NA,NA,NA,NA
aus.republican2,2292,NA,FALSE,NA,NA,NA,NA,NA,NA
aus.republican2,2293,NA,FALSE,NA,NA,NA,NA,NA,NA
aus.republican2,2294,NA,FALSE,NA,NA,NA,NA,NA,NA
aus.republican2,2295,NA,FALSE,NA,NA,NA,NA,NA,NA
aus.republican2,2296,NA,FALSE,NA,NA,NA,NA,NA,NA
aus.republican2,2297,NA,FALSE,NA,NA,NA,NA,NA,NA
aus.republican2,2298,NA,FALSE,NA,NA,NA,NA,NA,NA
aus.republican2,2299,NA,FALSE,NA,NA,NA,NA,NA,NA
aus.republican2,2300,NA,FALSE,NA,NA,NA,NA,NA,NA
aus.republican2,2301,NA,FALSE,NA,NA,NA,NA,NA,NA
aus.republican2,2302,NA,FALSE,NA,NA,NA,NA,NA,NA
aus.republican2,2303,NA,FALSE,NA,NA,NA,NA,NA,NA
aus.republican2,2304,NA,FALSE,NA,NA,NA,NA,NA,NA
aus.republican2,2305,NA,FALSE,NA,NA,NA,NA,NA,NA
aus.republican2,2306,NA,FALSE,NA,NA,NA,NA,NA,NA
aus.republican2,2307,NA,FALSE,NA,NA,NA,NA,NA,NA
aus.republican2,2308,NA,FALSE,NA,NA,NA,NA,NA,NA
aus.republican2,2309,NA,FALSE,NA,NA,NA,NA,NA,NA
aus.republican2,2310,NA,FALSE,NA,NA,NA,NA,NA,NA
aus.republican2,2311,NA,FALSE,NA,NA,NA,NA,NA,NA
aus.republican2,2312,NA,FALSE,NA,NA,NA,NA,NA,NA
aus.republican2,2313,NA,FALSE,NA,NA,NA,NA,NA,NA
aus.republican2,2314,NA,FALSE,NA,NA,NA,NA,NA,NA
aus.republican2,2315,NA,FALSE,NA,NA,NA,NA,NA,NA
aus.republican2,2316,NA,FALSE,NA,NA,NA,NA,NA,NA
aus.republican2,2317,NA,FALSE,NA,NA,NA,NA,NA,NA
aus.republican2,2318,NA,FALSE,NA,NA,NA,NA,NA,NA
aus.republican2,2319,NA,FALSE,NA,NA,NA,NA,NA,NA
aus.republican2,2320,NA,FALSE,NA,NA,NA,NA,NA,NA
aus.republican2,2321,NA,FALSE,NA,NA,NA,NA,NA,NA
aus.republican2,2322,NA,FALSE,NA,NA,NA,NA,NA,NA
aus.republican2,2323,NA,FALSE,NA,NA,NA,NA,NA,NA
aus.republican2,2324,NA,FALSE,NA,NA,NA,NA,NA,NA
aus.republican2,2325,NA,FALSE,NA,NA,NA,NA,NA,NA
aus.republican2,2326,NA,FALSE,NA,NA,NA,NA,NA,NA
aus.republican2,2327,NA,FALSE,NA,NA,NA,NA,NA,NA
aus.republican2,2328,NA,FALSE,NA,NA,NA,NA,NA,NA
aus.republican2,2329,NA,FALSE,NA,NA,NA,NA,NA,NA
aus.republican2,2330,NA,FALSE,NA,NA,NA,NA,NA,NA
aus.republican2,2331,NA,FALSE,NA,NA,NA,NA,NA,NA
aus.republican2,2332,NA,FALSE,NA,NA,NA,NA,NA,NA
aus.republican2,2333,NA,FALSE,NA,NA,NA,NA,NA,NA
aus.republican2,2334,NA,FALSE,NA,NA,NA,NA,NA,NA
aus.republican2,2335,NA,FALSE,NA,NA,NA,NA,NA,NA
aus.republican2,2336,NA,FALSE,NA,NA,NA,NA,NA,NA
aus.republican2,2337,NA,FALSE,NA,NA,NA,NA,NA,NA
aus.republican2,2338,NA,FALSE,NA,NA,NA,NA,NA,NA
aus.republican2,2339,NA,FALSE,NA,NA,NA,NA,NA,NA
aus.republican2,2340,NA,FALSE,NA,NA,NA,NA,NA,NA
aus.republican2,2341,NA,FALSE,NA,NA,NA,NA,NA,NA
aus.republican2,2342,NA,FALSE,NA,NA,NA,NA,NA,NA
aus.republican2,2343,NA,FALSE,NA,NA,NA,NA,NA,NA
aus.republican2,2344,NA,FALSE,NA,NA,NA,NA,NA,NA
aus.republican2,2345,NA,FALSE,NA,NA,NA,NA,NA,NA
aus.republican2,2346,NA,FALSE,NA,NA,NA,NA,NA,NA
aus.republican2,2347,NA,FALSE,NA,NA,NA,NA,NA,NA
aus.republican2,2348,NA,FALSE,NA,NA,NA,NA,NA,NA
aus.republican2,2349,NA,FALSE,NA,NA,NA,NA,NA,NA
aus.republican2,2350,NA,FALSE,NA,NA,NA,NA,NA,NA
aus.republican2,2351,NA,FALSE,NA,NA,NA,NA,NA,NA
aus.republican2,2352,NA,FALSE,NA,NA,NA,NA,NA,NA
aus.republican2,2353,NA,FALSE,NA,NA,NA,NA,NA,NA
aus.republican2,2354,NA,FALSE,NA,NA,NA,NA,NA,NA
aus.republican2,2355,NA,FALSE,NA,NA,NA,NA,NA,NA
aus.republican2,2356,NA,FALSE,NA,NA,NA,NA,NA,NA
aus.republican2,2357,NA,FALSE,NA,NA,NA,NA,NA,NA
aus.republican2,2358,NA,FALSE,NA,NA,NA,NA,NA,NA
aus.republican2,2359,NA,FALSE,NA,NA,NA,NA,NA,NA
aus.republican2,2360,NA,FALSE,NA,NA,NA,NA,NA,NA
aus.republican2,2361,NA,FALSE,NA,NA,NA,NA,NA,NA
aus.republican2,2362,NA,FALSE,NA,NA,NA,NA,NA,NA
aus.republican2,2363,NA,FALSE,NA,NA,NA,NA,NA,NA
aus.republican2,2364,NA,FALSE,NA,NA,NA,NA,NA,NA
aus.republican2,2365,NA,FALSE,NA,NA,NA,NA,NA,NA
aus.republican2,2366,NA,FALSE,NA,NA,NA,NA,NA,NA
aus.republican2,2367,NA,FALSE,NA,NA,NA,NA,NA,NA
aus.republican2,2368,NA,FALSE,NA,NA,NA,NA,NA,NA
aus.republican2,2369,NA,FALSE,NA,NA,NA,NA,NA,NA
aus.republican2,2370,NA,FALSE,NA,NA,NA,NA,NA,NA
aus.republican2,2371,NA,FALSE,NA,NA,NA,NA,NA,NA
aus.republican2,2372,NA,FALSE,NA,NA,NA,NA,NA,NA
aus.republican2,2373,NA,FALSE,NA,NA,NA,NA,NA,NA
aus.republican2,2374,NA,FALSE,NA,NA,NA,NA,NA,NA
aus.republican2,2375,NA,FALSE,NA,NA,NA,NA,NA,NA
aus.republican2,2376,NA,FALSE,NA,NA,NA,NA,NA,NA
aus.republican2,2377,NA,FALSE,NA,NA,NA,NA,NA,NA
aus.republican2,2378,NA,FALSE,NA,NA,NA,NA,NA,NA
aus.republican2,2379,NA,FALSE,NA,NA,NA,NA,NA,NA
aus.republican2,2380,NA,FALSE,NA,NA,NA,NA,NA,NA
aus.republican2,2381,NA,FALSE,NA,NA,NA,NA,NA,NA
aus.republican2,2382,NA,FALSE,NA,NA,NA,NA,NA,NA
aus.republican2,2383,NA,FALSE,NA,NA,NA,NA,NA,NA
aus.republican2,2384,NA,FALSE,NA,NA,NA,NA,NA,NA
aus.republican2,2385,NA,FALSE,NA,NA,NA,NA,NA,NA
aus.republican2,2386,NA,FALSE,NA,NA,NA,NA,NA,NA
aus.republican2,2387,NA,FALSE,NA,NA,NA,NA,NA,NA
aus.republican2,2388,NA,FALSE,NA,NA,NA,NA,NA,NA
aus.republican2,2389,NA,FALSE,NA,NA,NA,NA,NA,NA
aus.republican2,2390,NA,FALSE,NA,NA,NA,NA,NA,NA
aus.republican2,2391,NA,FALSE,NA,NA,NA,NA,NA,NA
aus.republican2,2392,NA,FALSE,NA,NA,NA,NA,NA,NA
aus.republican2,2393,NA,FALSE,NA,NA,NA,NA,NA,NA
aus.republican2,2394,NA,FALSE,NA,NA,NA,NA,NA,NA
aus.republican2,2395,NA,FALSE,NA,NA,NA,NA,NA,NA
aus.republican2,2396,NA,FALSE,NA,NA,NA,NA,NA,NA
aus.republican2,2397,NA,FALSE,NA,NA,NA,NA,NA,NA
aus.republican2,2398,NA,FALSE,NA,NA,NA,NA,NA,NA
aus.republican2,2399,NA,FALSE,NA,NA,NA,NA,NA,NA
aus.republican2,2400,NA,FALSE,NA,NA,NA,NA,NA,NA
aus.republican2,2401,NA,FALSE,NA,NA,NA,NA,NA,NA
aus.republican2,2402,NA,FALSE,NA,NA,NA,NA,NA,NA
aus.republican2,2403,NA,FALSE,NA,NA,NA,NA,NA,NA
aus.republican2,2404,NA,FALSE,NA,NA,NA,NA,NA,NA
aus.republican2,2405,NA,FALSE,NA,NA,NA,NA,NA,NA
aus.republican2,2406,NA,FALSE,NA,NA,NA,NA,NA,NA
aus.republican2,2407,NA,FALSE,NA,NA,NA,NA,NA,NA
aus.republican2,2408,NA,FALSE,NA,NA,NA,NA,NA,NA
aus.republican2,2409,NA,FALSE,NA,NA,NA,NA,NA,NA
aus.republican2,2410,NA,FALSE,NA,NA,NA,NA,NA,NA
aus.republican2,2411,NA,FALSE,NA,NA,NA,NA,NA,NA
aus.republican2,2412,NA,FALSE,NA,NA,NA,NA,NA,NA
aus.republican2,2413,NA,FALSE,NA,NA,NA,NA,NA,NA
aus.republican2,2414,NA,FALSE,NA,NA,NA,NA,NA,NA
aus.republican2,2415,NA,FALSE,NA,NA,NA,NA,NA,NA
aus.republican2,2416,NA,FALSE,NA,NA,NA,NA,NA,NA
aus.republican2,2417,NA,FALSE,NA,NA,NA,NA,NA,NA
aus.republican2,2418,NA,FALSE,NA,NA,NA,NA,NA,NA
aus.republican2,2419,NA,FALSE,NA,NA,NA,NA,NA,NA
aus.republican2,2420,NA,FALSE,NA,NA,NA,NA,NA,NA
aus.republican2,2421,NA,FALSE,NA,NA,NA,NA,NA,NA
aus.republican2,2422,NA,FALSE,NA,NA,NA,NA,NA,NA
aus.republican2,2423,NA,FALSE,NA,NA,NA,NA,NA,NA
aus.republican2,2424,NA,FALSE,NA,NA,NA,NA,NA,NA
aus.republican2,2425,NA,FALSE,NA,NA,NA,NA,NA,NA
aus.republican2,2426,NA,FALSE,NA,NA,NA,NA,NA,NA
aus.republican2,2427,NA,FALSE,NA,NA,NA,NA,NA,NA
aus.republican2,2428,NA,FALSE,NA,NA,NA,NA,NA,NA
aus.republican2,2429,NA,FALSE,NA,NA,NA,NA,NA,NA
aus.republican2,2430,NA,FALSE,NA,NA,NA,NA,NA,NA
aus.republican2,2431,NA,FALSE,NA,NA,NA,NA,NA,NA
aus.republican2,2432,NA,FALSE,NA,NA,NA,NA,NA,NA
aus.republican2,2433,NA,FALSE,NA,NA,NA,NA,NA,NA
aus.republican2,2434,NA,FALSE,NA,NA,NA,NA,NA,NA
aus.republican2,2435,NA,FALSE,NA,NA,NA,NA,NA,NA
aus.republican2,2436,NA,FALSE,NA,NA,NA,NA,NA,NA
aus.republican2,2437,NA,FALSE,NA,NA,NA,NA,NA,NA
aus.republican2,2438,NA,FALSE,NA,NA,NA,NA,NA,NA
aus.republican2,2439,NA,FALSE,NA,NA,NA,NA,NA,NA
aus.republican2,2440,NA,FALSE,NA,NA,NA,NA,NA,NA
aus.republican2,2441,NA,FALSE,NA,NA,NA,NA,NA,NA
aus.republican2,2442,NA,FALSE,NA,NA,NA,NA,NA,NA
aus.republican2,2443,NA,FALSE,NA,NA,NA,NA,NA,NA
aus.republican2,2444,NA,FALSE,NA,NA,NA,NA,NA,NA
aus.republican2,2445,NA,FALSE,NA,NA,NA,NA,NA,NA
aus.republican2,2446,NA,FALSE,NA,NA,NA,NA,NA,NA
aus.republican2,2447,NA,FALSE,NA,NA,NA,NA,NA,NA
aus.republican2,2448,NA,FALSE,NA,NA,NA,NA,NA,NA
aus.republican2,2449,NA,FALSE,NA,NA,NA,NA,NA,NA
aus.republican2,2450,NA,FALSE,NA,NA,NA,NA,NA,NA
aus.republican2,2451,NA,FALSE,NA,NA,NA,NA,NA,NA
aus.republican2,2452,NA,FALSE,NA,NA,NA,NA,NA,NA
aus.republican2,2453,NA,FALSE,NA,NA,NA,NA,NA,NA
aus.republican2,2454,NA,FALSE,NA,NA,NA,NA,NA,NA
aus.republican2,2455,NA,FALSE,NA,NA,NA,NA,NA,NA
aus.republican2,2456,NA,FALSE,NA,NA,NA,NA,NA,NA
aus.republican2,2457,NA,FALSE,NA,NA,NA,NA,NA,NA
aus.republican2,2458,NA,FALSE,NA,NA,NA,NA,NA,NA
aus.republican2,2459,NA,FALSE,NA,NA,NA,NA,NA,NA
aus.republican2,2460,NA,FALSE,NA,NA,NA,NA,NA,NA
aus.republican2,2461,NA,FALSE,NA,NA,NA,NA,NA,NA
aus.republican2,2462,NA,FALSE,NA,NA,NA,NA,NA,NA
aus.republican2,2463,NA,FALSE,NA,NA,NA,NA,NA,NA
aus.republican2,2464,NA,FALSE,NA,NA,NA,NA,NA,NA
aus.republican2,2465,NA,FALSE,NA,NA,NA,NA,NA,NA
aus.republican2,2466,NA,FALSE,NA,NA,NA,NA,NA,NA
aus.republican2,2467,NA,FALSE,NA,NA,NA,NA,NA,NA
aus.republican2,2468,NA,FALSE,NA,NA,NA,NA,NA,NA
aus.republican2,2469,NA,FALSE,NA,NA,NA,NA,NA,NA
aus.republican2,2470,NA,FALSE,NA,NA,NA,NA,NA,NA
aus.republican2,2471,NA,FALSE,NA,NA,NA,NA,NA,NA
aus.republican2,2472,NA,FALSE,NA,NA,NA,NA,NA,NA
aus.republican2,2473,NA,FALSE,NA,NA,NA,NA,NA,NA
aus.republican2,2474,NA,FALSE,NA,NA,NA,NA,NA,NA
aus.republican2,2475,NA,FALSE,NA,NA,NA,NA,NA,NA
aus.republican2,2476,NA,FALSE,NA,NA,NA,NA,NA,NA
aus.republican2,2477,NA,FALSE,NA,NA,NA,NA,NA,NA
aus.republican2,2478,NA,FALSE,NA,NA,NA,NA,NA,NA
aus.republican2,2479,NA,FALSE,NA,NA,NA,NA,NA,NA
aus.republican2,2480,NA,FALSE,NA,NA,NA,NA,NA,NA
aus.republican2,2481,NA,FALSE,NA,NA,NA,NA,NA,NA
aus.republican2,2482,NA,FALSE,NA,NA,NA,NA,NA,NA
aus.republican2,2483,NA,FALSE,NA,NA,NA,NA,NA,NA
aus.republican2,2484,NA,FALSE,NA,NA,NA,NA,NA,NA
aus.republican2,2485,NA,FALSE,NA,NA,NA,NA,NA,NA
aus.republican2,2486,NA,FALSE,NA,NA,NA,NA,NA,NA
aus.republican2,2487,NA,FALSE,NA,NA,NA,NA,NA,NA
aus.republican2,2488,NA,FALSE,NA,NA,NA,NA,NA,NA
aus.republican2,2489,NA,FALSE,NA,NA,NA,NA,NA,NA
aus.republican2,2490,NA,FALSE,NA,NA,NA,NA,NA,NA
aus.republican2,2491,NA,FALSE,NA,NA,NA,NA,NA,NA
aus.republican2,2492,NA,FALSE,NA,NA,NA,NA,NA,NA
aus.republican2,2493,NA,FALSE,NA,NA,NA,NA,NA,NA
aus.republican2,2494,NA,FALSE,NA,NA,NA,NA,NA,NA
aus.republican2,2495,NA,FALSE,NA,NA,NA,NA,NA,NA
aus.republican2,2496,NA,FALSE,NA,NA,NA,NA,NA,NA
aus.republican2,2497,NA,FALSE,NA,NA,NA,NA,NA,NA
aus.republican2,2498,NA,FALSE,NA,NA,NA,NA,NA,NA
aus.republican2,2499,NA,FALSE,NA,NA,NA,NA,NA,NA
aus.republican2,2500,NA,FALSE,NA,NA,NA,NA,NA,NA
aus.republican2,2501,NA,FALSE,NA,NA,NA,NA,NA,NA
aus.republican2,2502,NA,FALSE,NA,NA,NA,NA,NA,NA
aus.republican2,2503,NA,FALSE,NA,NA,NA,NA,NA,NA
aus.republican2,2504,NA,FALSE,NA,NA,NA,NA,NA,NA
aus.republican2,2505,NA,FALSE,NA,NA,NA,NA,NA,NA
aus.republican2,2506,NA,FALSE,NA,NA,NA,NA,NA,NA
aus.republican2,2507,NA,FALSE,NA,NA,NA,NA,NA,NA
aus.republican2,2508,NA,FALSE,NA,NA,NA,NA,NA,NA
aus.republican2,2509,NA,FALSE,NA,NA,NA,NA,NA,NA
aus.republican2,2510,NA,FALSE,NA,NA,NA,NA,NA,NA
aus.republican2,2511,NA,FALSE,NA,NA,NA,NA,NA,NA
aus.republican2,2512,NA,FALSE,NA,NA,NA,NA,NA,NA
aus.republican2,2513,NA,FALSE,NA,NA,NA,NA,NA,NA
aus.republican2,2514,NA,FALSE,NA,NA,NA,NA,NA,NA
aus.republican2,2515,NA,FALSE,NA,NA,NA,NA,NA,NA
aus.republican2,2516,NA,FALSE,NA,NA,NA,NA,NA,NA
aus.republican2,2517,NA,FALSE,NA,NA,NA,NA,NA,NA
aus.republican2,2518,NA,FALSE,NA,NA,NA,NA,NA,NA
aus.republican2,2519,NA,FALSE,NA,NA,NA,NA,NA,NA
aus.republican2,2520,NA,FALSE,NA,NA,NA,NA,NA,NA
aus.republican2,2521,NA,FALSE,NA,NA,NA,NA,NA,NA
aus.republican2,2522,NA,FALSE,NA,NA,NA,NA,NA,NA
aus.republican2,2523,NA,FALSE,NA,NA,NA,NA,NA,NA
aus.republican2,2524,NA,FALSE,NA,NA,NA,NA,NA,NA
aus.republican2,2525,NA,FALSE,NA,NA,NA,NA,NA,NA
aus.republican2,2526,NA,FALSE,NA,NA,NA,NA,NA,NA
aus.republican2,2527,NA,FALSE,NA,NA,NA,NA,NA,NA
aus.republican2,2528,NA,FALSE,NA,NA,NA,NA,NA,NA
aus.republican2,2529,NA,FALSE,NA,NA,NA,NA,NA,NA
aus.republican2,2530,NA,FALSE,NA,NA,NA,NA,NA,NA
aus.republican2,2531,NA,FALSE,NA,NA,NA,NA,NA,NA
aus.republican2,2532,NA,FALSE,NA,NA,NA,NA,NA,NA
aus.republican2,2533,NA,FALSE,NA,NA,NA,NA,NA,NA
aus.republican2,2534,NA,FALSE,NA,NA,NA,NA,NA,NA
aus.republican2,2535,NA,FALSE,NA,NA,NA,NA,NA,NA
aus.republican2,2536,NA,FALSE,NA,NA,NA,NA,NA,NA
aus.republican2,2537,NA,FALSE,NA,NA,NA,NA,NA,NA
aus.republican2,2538,NA,FALSE,NA,NA,NA,NA,NA,NA
aus.republican2,2539,NA,FALSE,NA,NA,NA,NA,NA,NA
aus.republican2,2540,NA,FALSE,NA,NA,NA,NA,NA,NA
aus.republican2,2541,NA,FALSE,NA,NA,NA,NA,NA,NA
aus.republican2,2542,NA,FALSE,NA,NA,NA,NA,NA,NA
aus.republican2,2543,NA,FALSE,NA,NA,NA,NA,NA,NA
aus.republican2,2544,NA,FALSE,NA,NA,NA,NA,NA,NA
aus.republican2,2545,NA,FALSE,NA,NA,NA,NA,NA,NA
aus.republican2,2546,NA,FALSE,NA,NA,NA,NA,NA,NA
aus.republican2,2547,NA,FALSE,NA,NA,NA,NA,NA,NA
aus.republican2,2548,NA,FALSE,NA,NA,NA,NA,NA,NA
aus.republican2,2549,NA,FALSE,NA,NA,NA,NA,NA,NA
aus.republican2,2550,NA,FALSE,NA,NA,NA,NA,NA,NA
aus.republican2,2551,NA,FALSE,NA,NA,NA,NA,NA,NA
aus.republican2,2552,NA,FALSE,NA,NA,NA,NA,NA,NA
aus.republican2,2553,NA,FALSE,NA,NA,NA,NA,NA,NA
aus.republican2,2554,NA,FALSE,NA,NA,NA,NA,NA,NA
aus.republican2,2555,NA,FALSE,NA,NA,NA,NA,NA,NA
aus.republican2,2556,NA,FALSE,NA,NA,NA,NA,NA,NA
aus.republican2,2557,NA,FALSE,NA,NA,NA,NA,NA,NA
aus.republican2,2558,NA,FALSE,NA,NA,NA,NA,NA,NA
aus.republican2,2559,NA,FALSE,NA,NA,NA,NA,NA,NA
aus.republican2,2560,NA,FALSE,NA,NA,NA,NA,NA,NA
aus.republican2,2561,NA,FALSE,NA,NA,NA,NA,NA,NA
aus.republican2,2562,NA,FALSE,NA,NA,NA,NA,NA,NA
aus.republican2,2563,NA,FALSE,NA,NA,NA,NA,NA,NA
aus.republican2,2564,NA,FALSE,NA,NA,NA,NA,NA,NA
aus.republican2,2565,NA,FALSE,NA,NA,NA,NA,NA,NA
aus.republican2,2566,NA,FALSE,NA,NA,NA,NA,NA,NA
aus.republican2,2567,NA,FALSE,NA,NA,NA,NA,NA,NA
aus.republican2,2568,NA,FALSE,NA,NA,NA,NA,NA,NA
aus.republican2,2569,NA,FALSE,NA,NA,NA,NA,NA,NA
aus.republican2,2570,NA,FALSE,NA,NA,NA,NA,NA,NA
aus.republican2,2571,NA,FALSE,NA,NA,NA,NA,NA,NA
aus.republican2,2572,NA,FALSE,NA,NA,NA,NA,NA,NA
aus.republican2,2573,NA,FALSE,NA,NA,NA,NA,NA,NA
aus.republican2,2574,NA,FALSE,NA,NA,NA,NA,NA,NA
aus.republican2,2575,NA,FALSE,NA,NA,NA,NA,NA,NA
aus.republican2,2576,NA,FALSE,NA,NA,NA,NA,NA,NA
aus.republican2,2577,NA,FALSE,NA,NA,NA,NA,NA,NA
aus.republican2,2578,NA,FALSE,NA,NA,NA,NA,NA,NA
aus.republican2,2579,NA,FALSE,NA,NA,NA,NA,NA,NA
aus.republican2,2580,NA,FALSE,NA,NA,NA,NA,NA,NA
aus.republican2,2581,NA,FALSE,NA,NA,NA,NA,NA,NA
aus.republican2,2582,NA,FALSE,NA,NA,NA,NA,NA,NA
aus.republican2,2583,NA,FALSE,NA,NA,NA,NA,NA,NA
aus.republican2,2584,NA,FALSE,NA,NA,NA,NA,NA,NA
aus.republican2,2585,NA,FALSE,NA,NA,NA,NA,NA,NA
aus.republican2,2586,NA,FALSE,NA,NA,NA,NA,NA,NA
aus.republican2,2587,NA,FALSE,NA,NA,NA,NA,NA,NA
aus.republican2,2588,NA,FALSE,NA,NA,NA,NA,NA,NA
aus.republican2,2589,NA,FALSE,NA,NA,NA,NA,NA,NA
aus.republican2,2590,NA,FALSE,NA,NA,NA,NA,NA,NA
aus.republican2,2591,NA,FALSE,NA,NA,NA,NA,NA,NA
aus.republican2,2592,NA,FALSE,NA,NA,NA,NA,NA,NA
aus.republican2,2593,NA,FALSE,NA,NA,NA,NA,NA,NA
aus.republican2,2594,NA,FALSE,NA,NA,NA,NA,NA,NA
aus.republican2,2595,NA,FALSE,NA,NA,NA,NA,NA,NA
aus.republican2,2596,NA,FALSE,NA,NA,NA,NA,NA,NA
aus.republican2,2597,NA,FALSE,NA,NA,NA,NA,NA,NA
aus.republican2,2598,NA,FALSE,NA,NA,NA,NA,NA,NA
aus.republican2,2599,NA,FALSE,NA,NA,NA,NA,NA,NA
aus.republican2,2600,NA,FALSE,NA,NA,NA,NA,NA,NA
aus.republican2,2601,NA,FALSE,NA,NA,NA,NA,NA,NA
aus.republican2,2602,NA,FALSE,NA,NA,NA,NA,NA,NA
aus.republican2,2603,NA,FALSE,NA,NA,NA,NA,NA,NA
aus.republican2,2604,NA,FALSE,NA,NA,NA,NA,NA,NA
aus.republican2,2605,NA,FALSE,NA,NA,NA,NA,NA,NA
aus.republican2,2606,NA,FALSE,NA,NA,NA,NA,NA,NA
aus.republican2,2607,NA,FALSE,NA,NA,NA,NA,NA,NA
aus.republican2,2608,NA,FALSE,NA,NA,NA,NA,NA,NA
aus.republican2,2609,NA,FALSE,NA,NA,NA,NA,NA,NA
aus.republican2,2610,NA,FALSE,NA,NA,NA,NA,NA,NA
aus.republican2,2611,NA,FALSE,NA,NA,NA,NA,NA,NA
aus.republican2,2612,NA,FALSE,NA,NA,NA,NA,NA,NA
aus.republican2,2613,NA,FALSE,NA,NA,NA,NA,NA,NA
aus.republican2,2614,NA,FALSE,NA,NA,NA,NA,NA,NA
aus.republican2,2615,NA,FALSE,NA,NA,NA,NA,NA,NA
aus.republican2,2616,NA,FALSE,NA,NA,NA,NA,NA,NA
aus.republican2,2617,NA,FALSE,NA,NA,NA,NA,NA,NA
aus.republican2,2618,NA,FALSE,NA,NA,NA,NA,NA,NA
aus.republican2,2619,NA,FALSE,NA,NA,NA,NA,NA,NA
aus.republican2,2620,NA,FALSE,NA,NA,NA,NA,NA,NA
aus.republican2,2621,NA,FALSE,NA,NA,NA,NA,NA,NA
aus.republican2,2622,NA,FALSE,NA,NA,NA,NA,NA,NA
aus.republican2,2623,NA,FALSE,NA,NA,NA,NA,NA,NA
aus.republican2,2624,NA,FALSE,NA,NA,NA,NA,NA,NA
aus.republican2,2625,NA,FALSE,NA,NA,NA,NA,NA,NA
aus.republican2,2626,NA,FALSE,NA,NA,NA,NA,NA,NA
aus.republican2,2627,NA,FALSE,NA,NA,NA,NA,NA,NA
aus.republican2,2628,NA,FALSE,NA,NA,NA,NA,NA,NA
aus.republican2,2629,NA,FALSE,NA,NA,NA,NA,NA,NA
aus.republican2,2630,NA,FALSE,NA,NA,NA,NA,NA,NA
aus.republican2,2631,NA,FALSE,NA,NA,NA,NA,NA,NA
aus.republican2,2632,NA,FALSE,NA,NA,NA,NA,NA,NA
aus.republican2,2633,NA,FALSE,NA,NA,NA,NA,NA,NA
aus.republican2,2634,NA,FALSE,NA,NA,NA,NA,NA,NA
aus.republican2,2635,NA,FALSE,NA,NA,NA,NA,NA,NA
aus.republican2,2636,NA,FALSE,NA,NA,NA,NA,NA,NA
aus.republican2,2637,NA,FALSE,NA,NA,NA,NA,NA,NA
aus.republican2,2638,NA,FALSE,NA,NA,NA,NA,NA,NA
aus.republican2,2639,NA,FALSE,NA,NA,NA,NA,NA,NA
aus.republican2,2640,NA,FALSE,NA,NA,NA,NA,NA,NA
aus.republican2,2641,NA,FALSE,NA,NA,NA,NA,NA,NA
aus.republican2,2642,NA,FALSE,NA,NA,NA,NA,NA,NA
aus.republican2,2643,NA,FALSE,NA,NA,NA,NA,NA,NA
aus.republican2,2644,NA,FALSE,NA,NA,NA,NA,NA,NA
aus.republican2,2645,NA,FALSE,NA,NA,NA,NA,NA,NA
aus.republican2,2646,NA,FALSE,NA,NA,NA,NA,NA,NA
aus.republican2,2647,NA,FALSE,NA,NA,NA,NA,NA,NA
aus.republican2,2648,NA,FALSE,NA,NA,NA,NA,NA,NA
aus.republican2,2649,NA,FALSE,NA,NA,NA,NA,NA,NA
aus.republican2,2650,NA,FALSE,NA,NA,NA,NA,NA,NA
aus.republican2,2651,NA,FALSE,NA,NA,NA,NA,NA,NA
aus.republican2,2652,NA,FALSE,NA,NA,NA,NA,NA,NA
aus.republican2,2653,NA,FALSE,NA,NA,NA,NA,NA,NA
aus.republican2,2654,NA,FALSE,NA,NA,NA,NA,NA,NA
aus.republican2,2655,NA,FALSE,NA,NA,NA,NA,NA,NA
aus.republican2,2656,NA,FALSE,NA,NA,NA,NA,NA,NA
aus.republican2,2657,NA,FALSE,NA,NA,NA,NA,NA,NA
aus.republican2,2658,NA,FALSE,NA,NA,NA,NA,NA,NA
aus.republican2,2659,NA,FALSE,NA,NA,NA,NA,NA,NA
aus.republican2,2660,NA,FALSE,NA,NA,NA,NA,NA,NA
aus.republican2,2661,NA,FALSE,NA,NA,NA,NA,NA,NA
aus.republican2,2662,NA,FALSE,NA,NA,NA,NA,NA,NA
aus.republican2,2663,NA,FALSE,NA,NA,NA,NA,NA,NA
aus.republican2,2664,NA,FALSE,NA,NA,NA,NA,NA,NA
aus.republican2,2665,NA,FALSE,NA,NA,NA,NA,NA,NA
aus.republican2,2666,NA,FALSE,NA,NA,NA,NA,NA,NA
aus.republican2,2667,NA,FALSE,NA,NA,NA,NA,NA,NA
aus.republican2,2668,NA,FALSE,NA,NA,NA,NA,NA,NA
aus.republican2,2669,NA,FALSE,NA,NA,NA,NA,NA,NA
aus.republican2,2670,NA,FALSE,NA,NA,NA,NA,NA,NA
aus.republican2,2671,NA,FALSE,NA,NA,NA,NA,NA,NA
aus.republican2,2672,NA,FALSE,NA,NA,NA,NA,NA,NA
aus.republican2,2673,NA,FALSE,NA,NA,NA,NA,NA,NA
aus.republican2,2674,NA,FALSE,NA,NA,NA,NA,NA,NA
aus.republican2,2675,NA,FALSE,NA,NA,NA,NA,NA,NA
aus.republican2,2676,NA,FALSE,NA,NA,NA,NA,NA,NA
aus.republican2,2677,NA,FALSE,NA,NA,NA,NA,NA,NA
aus.republican2,2678,NA,FALSE,NA,NA,NA,NA,NA,NA
aus.republican2,2679,NA,FALSE,NA,NA,NA,NA,NA,NA
aus.republican2,2680,NA,FALSE,NA,NA,NA,NA,NA,NA
aus.republican2,2681,NA,FALSE,NA,NA,NA,NA,NA,NA
aus.republican2,2682,NA,FALSE,NA,NA,NA,NA,NA,NA
aus.republican2,2683,NA,FALSE,NA,NA,NA,NA,NA,NA
aus.republican2,2684,NA,FALSE,NA,NA,NA,NA,NA,NA
aus.republican2,2685,NA,FALSE,NA,NA,NA,NA,NA,NA
aus.republican2,2686,NA,FALSE,NA,NA,NA,NA,NA,NA
aus.republican2,2687,NA,FALSE,NA,NA,NA,NA,NA,NA
aus.republican2,2688,NA,FALSE,NA,NA,NA,NA,NA,NA
aus.republican2,2689,NA,FALSE,NA,NA,NA,NA,NA,NA
aus.republican2,2690,NA,FALSE,NA,NA,NA,NA,NA,NA
aus.republican2,2691,NA,FALSE,NA,NA,NA,NA,NA,NA
aus.republican2,2692,NA,FALSE,NA,NA,NA,NA,NA,NA
aus.republican2,2693,NA,FALSE,NA,NA,NA,NA,NA,NA
aus.republican2,2694,NA,FALSE,NA,NA,NA,NA,NA,NA
aus.republican2,2695,NA,FALSE,NA,NA,NA,NA,NA,NA
aus.republican2,2696,NA,FALSE,NA,NA,NA,NA,NA,NA
aus.republican2,2697,NA,FALSE,NA,NA,NA,NA,NA,NA
aus.republican2,2698,NA,FALSE,NA,NA,NA,NA,NA,NA
aus.republican2,2699,NA,FALSE,NA,NA,NA,NA,NA,NA
aus.republican2,2700,NA,FALSE,NA,NA,NA,NA,NA,NA
aus.republican2,2701,NA,FALSE,NA,NA,NA,NA,NA,NA
aus.republican2,2702,NA,FALSE,NA,NA,NA,NA,NA,NA
aus.republican2,2703,NA,FALSE,NA,NA,NA,NA,NA,NA
aus.republican2,2704,NA,FALSE,NA,NA,NA,NA,NA,NA
aus.republican2,2705,NA,FALSE,NA,NA,NA,NA,NA,NA
aus.republican2,2706,NA,FALSE,NA,NA,NA,NA,NA,NA
aus.republican2,2707,NA,FALSE,NA,NA,NA,NA,NA,NA
aus.republican2,2708,NA,FALSE,NA,NA,NA,NA,NA,NA
aus.republican2,2709,NA,FALSE,NA,NA,NA,NA,NA,NA
aus.republican2,2710,NA,FALSE,NA,NA,NA,NA,NA,NA
aus.republican2,2711,NA,FALSE,NA,NA,NA,NA,NA,NA
aus.republican2,2712,NA,FALSE,NA,NA,NA,NA,NA,NA
aus.republican2,2713,NA,FALSE,NA,NA,NA,NA,NA,NA
aus.republican2,2714,NA,FALSE,NA,NA,NA,NA,NA,NA
aus.republican2,2715,NA,FALSE,NA,NA,NA,NA,NA,NA
aus.republican2,2716,NA,FALSE,NA,NA,NA,NA,NA,NA
aus.republican2,2717,NA,FALSE,NA,NA,NA,NA,NA,NA
aus.republican2,2718,NA,FALSE,NA,NA,NA,NA,NA,NA
aus.republican2,2719,NA,FALSE,NA,NA,NA,NA,NA,NA
aus.republican2,2720,NA,FALSE,NA,NA,NA,NA,NA,NA
aus.republican2,2721,NA,FALSE,NA,NA,NA,NA,NA,NA
aus.republican2,2722,NA,FALSE,NA,NA,NA,NA,NA,NA
aus.republican2,2723,NA,FALSE,NA,NA,NA,NA,NA,NA
aus.republican2,2724,NA,FALSE,NA,NA,NA,NA,NA,NA
aus.republican2,2725,NA,FALSE,NA,NA,NA,NA,NA,NA
aus.republican2,2726,NA,FALSE,NA,NA,NA,NA,NA,NA
aus.republican2,2727,NA,FALSE,NA,NA,NA,NA,NA,NA
aus.republican2,2728,NA,FALSE,NA,NA,NA,NA,NA,NA
aus.republican2,2729,NA,FALSE,NA,NA,NA,NA,NA,NA
aus.republican2,2730,NA,FALSE,NA,NA,NA,NA,NA,NA
aus.republican2,2731,NA,FALSE,NA,NA,NA,NA,NA,NA
aus.republican2,2732,NA,FALSE,NA,NA,NA,NA,NA,NA
aus.republican2,2733,NA,FALSE,NA,NA,NA,NA,NA,NA
aus.republican2,2734,NA,FALSE,NA,NA,NA,NA,NA,NA
aus.republican2,2735,NA,FALSE,NA,NA,NA,NA,NA,NA
aus.republican2,2736,NA,FALSE,NA,NA,NA,NA,NA,NA
aus.republican2,2737,NA,FALSE,NA,NA,NA,NA,NA,NA
aus.republican2,2738,NA,FALSE,NA,NA,NA,NA,NA,NA
aus.republican2,2739,NA,FALSE,NA,NA,NA,NA,NA,NA
aus.republican2,2740,NA,FALSE,NA,NA,NA,NA,NA,NA
aus.republican2,2741,NA,FALSE,NA,NA,NA,NA,NA,NA
aus.republican2,2742,NA,FALSE,NA,NA,NA,NA,NA,NA
aus.republican2,2743,NA,FALSE,NA,NA,NA,NA,NA,NA
aus.republican2,2744,NA,FALSE,NA,NA,NA,NA,NA,NA
aus.republican2,2745,NA,FALSE,NA,NA,NA,NA,NA,NA
aus.republican2,2746,NA,FALSE,NA,NA,NA,NA,NA,NA
aus.republican2,2747,NA,FALSE,NA,NA,NA,NA,NA,NA
aus.republican2,2748,NA,FALSE,NA,NA,NA,NA,NA,NA
aus.republican2,2749,NA,FALSE,NA,NA,NA,NA,NA,NA
aus.republican2,2750,NA,FALSE,NA,NA,NA,NA,NA,NA
aus.republican2,2751,NA,FALSE,NA,NA,NA,NA,NA,NA
aus.republican2,2752,NA,FALSE,NA,NA,NA,NA,NA,NA
aus.republican2,2753,NA,FALSE,NA,NA,NA,NA,NA,NA
aus.republican2,2754,NA,FALSE,NA,NA,NA,NA,NA,NA
aus.republican2,2755,NA,FALSE,NA,NA,NA,NA,NA,NA
aus.republican2,2756,NA,FALSE,NA,NA,NA,NA,NA,NA
aus.republican2,2757,NA,FALSE,NA,NA,NA,NA,NA,NA
aus.republican2,2758,NA,FALSE,NA,NA,NA,NA,NA,NA
aus.republican2,2759,NA,FALSE,NA,NA,NA,NA,NA,NA
aus.republican2,2760,NA,FALSE,NA,NA,NA,NA,NA,NA
aus.republican2,2761,NA,FALSE,NA,NA,NA,NA,NA,NA
aus.republican2,2762,NA,FALSE,NA,NA,NA,NA,NA,NA
aus.republican2,2763,NA,FALSE,NA,NA,NA,NA,NA,NA
aus.republican2,2764,NA,FALSE,NA,NA,NA,NA,NA,NA
aus.republican2,2765,NA,FALSE,NA,NA,NA,NA,NA,NA
aus.republican2,2766,NA,FALSE,NA,NA,NA,NA,NA,NA
aus.republican2,2767,NA,FALSE,NA,NA,NA,NA,NA,NA
aus.republican2,2768,NA,FALSE,NA,NA,NA,NA,NA,NA
aus.republican2,2769,NA,FALSE,NA,NA,NA,NA,NA,NA
aus.republican2,2770,NA,FALSE,NA,NA,NA,NA,NA,NA
aus.republican2,2771,NA,FALSE,NA,NA,NA,NA,NA,NA
aus.republican2,2772,NA,FALSE,NA,NA,NA,NA,NA,NA
aus.republican2,2773,NA,FALSE,NA,NA,NA,NA,NA,NA
aus.republican2,2774,NA,FALSE,NA,NA,NA,NA,NA,NA
aus.republican2,2775,NA,FALSE,NA,NA,NA,NA,NA,NA
aus.republican2,2776,NA,FALSE,NA,NA,NA,NA,NA,NA
aus.republican2,2777,NA,FALSE,NA,NA,NA,NA,NA,NA
aus.republican2,2778,NA,FALSE,NA,NA,NA,NA,NA,NA
aus.republican2,2779,NA,FALSE,NA,NA,NA,NA,NA,NA
aus.republican2,2780,NA,FALSE,NA,NA,NA,NA,NA,NA
aus.republican2,2781,NA,FALSE,NA,NA,NA,NA,NA,NA
aus.republican2,2782,NA,FALSE,NA,NA,NA,NA,NA,NA
aus.republican2,2783,NA,FALSE,NA,NA,NA,NA,NA,NA
aus.republican2,2784,NA,FALSE,NA,NA,NA,NA,NA,NA
aus.republican2,2785,NA,FALSE,NA,NA,NA,NA,NA,NA
aus.republican2,2786,NA,FALSE,NA,NA,NA,NA,NA,NA
aus.republican2,2787,NA,FALSE,NA,NA,NA,NA,NA,NA
aus.republican2,2788,NA,FALSE,NA,NA,NA,NA,NA,NA
aus.republican2,2789,NA,FALSE,NA,NA,NA,NA,NA,NA
aus.republican2,2790,NA,FALSE,NA,NA,NA,NA,NA,NA
aus.republican2,2791,NA,FALSE,NA,NA,NA,NA,NA,NA
aus.republican2,2792,NA,FALSE,NA,NA,NA,NA,NA,NA
aus.republican2,2793,NA,FALSE,NA,NA,NA,NA,NA,NA
aus.republican2,2794,NA,FALSE,NA,NA,NA,NA,NA,NA
aus.republican2,2795,NA,FALSE,NA,NA,NA,NA,NA,NA
aus.republican2,2796,NA,FALSE,NA,NA,NA,NA,NA,NA
aus.republican2,2797,NA,FALSE,NA,NA,NA,NA,NA,NA
aus.republican2,2798,NA,FALSE,NA,NA,NA,NA,NA,NA
aus.republican2,2799,NA,FALSE,NA,NA,NA,NA,NA,NA
aus.republican2,2800,NA,FALSE,NA,NA,NA,NA,NA,NA
aus.republican2,2801,NA,FALSE,NA,NA,NA,NA,NA,NA
aus.republican2,2802,NA,FALSE,NA,NA,NA,NA,NA,NA
aus.republican2,2803,NA,FALSE,NA,NA,NA,NA,NA,NA
aus.republican2,2804,NA,FALSE,NA,NA,NA,NA,NA,NA
aus.republican2,2805,NA,FALSE,NA,NA,NA,NA,NA,NA
aus.republican2,2806,NA,FALSE,NA,NA,NA,NA,NA,NA
aus.republican2,2807,NA,FALSE,NA,NA,NA,NA,NA,NA
aus.republican2,2808,NA,FALSE,NA,NA,NA,NA,NA,NA
aus.republican2,2809,NA,FALSE,NA,NA,NA,NA,NA,NA
aus.republican2,2810,NA,FALSE,NA,NA,NA,NA,NA,NA
aus.republican2,2811,NA,FALSE,NA,NA,NA,NA,NA,NA
aus.republican2,2812,NA,FALSE,NA,NA,NA,NA,NA,NA
aus.republican2,2813,NA,FALSE,NA,NA,NA,NA,NA,NA
aus.republican2,2814,NA,FALSE,NA,NA,NA,NA,NA,NA
aus.republican2,2815,NA,FALSE,NA,NA,NA,NA,NA,NA
aus.republican2,2816,NA,FALSE,NA,NA,NA,NA,NA,NA
aus.republican2,2817,NA,FALSE,NA,NA,NA,NA,NA,NA
aus.republican2,2818,NA,FALSE,NA,NA,NA,NA,NA,NA
aus.republican2,2819,NA,FALSE,NA,NA,NA,NA,NA,NA
aus.republican2,2820,NA,FALSE,NA,NA,NA,NA,NA,NA
aus.republican2,2821,NA,FALSE,NA,NA,NA,NA,NA,NA
aus.republican2,2822,NA,FALSE,NA,NA,NA,NA,NA,NA
aus.republican2,2823,NA,FALSE,NA,NA,NA,NA,NA,NA
aus.republican2,2824,NA,FALSE,NA,NA,NA,NA,NA,NA
aus.republican2,2825,NA,FALSE,NA,NA,NA,NA,NA,NA
aus.republican2,2826,NA,FALSE,NA,NA,NA,NA,NA,NA
aus.republican2,2827,NA,FALSE,NA,NA,NA,NA,NA,NA
aus.republican2,2828,NA,FALSE,NA,NA,NA,NA,NA,NA
aus.republican2,2829,NA,FALSE,NA,NA,NA,NA,NA,NA
aus.republican2,2830,NA,FALSE,NA,NA,NA,NA,NA,NA
aus.republican2,2831,NA,FALSE,NA,NA,NA,NA,NA,NA
aus.republican2,2832,NA,FALSE,NA,NA,NA,NA,NA,NA
aus.republican2,2833,NA,FALSE,NA,NA,NA,NA,NA,NA
aus.republican2,2834,NA,FALSE,NA,NA,NA,NA,NA,NA
aus.republican2,2835,NA,FALSE,NA,NA,NA,NA,NA,NA
aus.republican2,2836,NA,FALSE,NA,NA,NA,NA,NA,NA
aus.republican2,2837,NA,FALSE,NA,NA,NA,NA,NA,NA
aus.republican2,2838,NA,FALSE,NA,NA,NA,NA,NA,NA
aus.republican2,2839,NA,FALSE,NA,NA,NA,NA,NA,NA
aus.republican2,2840,NA,FALSE,NA,NA,NA,NA,NA,NA
aus.republican2,2841,NA,FALSE,NA,NA,NA,NA,NA,NA
aus.republican2,2842,NA,FALSE,NA,NA,NA,NA,NA,NA
aus.republican2,2843,NA,FALSE,NA,NA,NA,NA,NA,NA
aus.republican2,2844,NA,FALSE,NA,NA,NA,NA,NA,NA
aus.republican2,2845,NA,FALSE,NA,NA,NA,NA,NA,NA
aus.republican2,2846,NA,FALSE,NA,NA,NA,NA,NA,NA
aus.republican2,2847,NA,FALSE,NA,NA,NA,NA,NA,NA
aus.republican2,2848,NA,FALSE,NA,NA,NA,NA,NA,NA
aus.republican2,2849,NA,FALSE,NA,NA,NA,NA,NA,NA
aus.republican2,2850,NA,FALSE,NA,NA,NA,NA,NA,NA
aus.republican2,2851,NA,FALSE,NA,NA,NA,NA,NA,NA
aus.republican2,2852,NA,FALSE,NA,NA,NA,NA,NA,NA
aus.republican2,2853,NA,FALSE,NA,NA,NA,NA,NA,NA
aus.republican2,2854,NA,FALSE,NA,NA,NA,NA,NA,NA
aus.republican2,2855,NA,FALSE,NA,NA,NA,NA,NA,NA
aus.republican2,2856,NA,FALSE,NA,NA,NA,NA,NA,NA
aus.republican2,2857,NA,FALSE,NA,NA,NA,NA,NA,NA
aus.republican2,2858,NA,FALSE,NA,NA,NA,NA,NA,NA
aus.republican2,2859,NA,FALSE,NA,NA,NA,NA,NA,NA
aus.republican2,2860,NA,FALSE,NA,NA,NA,NA,NA,NA
aus.republican2,2861,NA,FALSE,NA,NA,NA,NA,NA,NA
aus.republican2,2862,NA,FALSE,NA,NA,NA,NA,NA,NA
aus.republican2,2863,NA,FALSE,NA,NA,NA,NA,NA,NA
aus.republican2,2864,NA,FALSE,NA,NA,NA,NA,NA,NA
aus.republican2,2865,NA,FALSE,NA,NA,NA,NA,NA,NA
aus.republican2,2866,NA,FALSE,NA,NA,NA,NA,NA,NA
aus.republican2,2867,NA,FALSE,NA,NA,NA,NA,NA,NA
aus.republican2,2868,NA,FALSE,NA,NA,NA,NA,NA,NA
aus.republican2,2869,NA,FALSE,NA,NA,NA,NA,NA,NA
aus.republican2,2870,NA,FALSE,NA,NA,NA,NA,NA,NA
aus.republican2,2871,NA,FALSE,NA,NA,NA,NA,NA,NA
aus.republican2,2872,NA,FALSE,NA,NA,NA,NA,NA,NA
aus.republican2,2873,NA,FALSE,NA,NA,NA,NA,NA,NA
aus.republican2,2874,NA,FALSE,NA,NA,NA,NA,NA,NA
aus.republican2,2875,NA,FALSE,NA,NA,NA,NA,NA,NA
aus.republican2,2876,NA,FALSE,NA,NA,NA,NA,NA,NA
aus.republican2,2877,NA,FALSE,NA,NA,NA,NA,NA,NA
aus.republican2,2878,NA,FALSE,NA,NA,NA,NA,NA,NA
aus.republican2,2879,NA,FALSE,NA,NA,NA,NA,NA,NA
aus.republican2,2880,NA,FALSE,NA,NA,NA,NA,NA,NA
aus.republican2,2881,NA,FALSE,NA,NA,NA,NA,NA,NA
aus.republican2,2882,NA,FALSE,NA,NA,NA,NA,NA,NA
aus.republican2,2883,NA,FALSE,NA,NA,NA,NA,NA,NA
aus.republican2,2884,NA,FALSE,NA,NA,NA,NA,NA,NA
aus.republican2,2885,NA,FALSE,NA,NA,NA,NA,NA,NA
aus.republican2,2886,NA,FALSE,NA,NA,NA,NA,NA,NA
aus.republican2,2887,NA,FALSE,NA,NA,NA,NA,NA,NA
aus.republican2,2888,NA,FALSE,NA,NA,NA,NA,NA,NA
aus.republican2,2889,NA,FALSE,NA,NA,NA,NA,NA,NA
aus.republican2,2890,NA,FALSE,NA,NA,NA,NA,NA,NA
aus.republican2,2891,NA,FALSE,NA,NA,NA,NA,NA,NA
aus.republican2,2892,NA,FALSE,NA,NA,NA,NA,NA,NA
aus.republican2,2893,NA,FALSE,NA,NA,NA,NA,NA,NA
aus.republican2,2894,NA,FALSE,NA,NA,NA,NA,NA,NA
aus.republican2,2895,NA,FALSE,NA,NA,NA,NA,NA,NA
aus.republican2,2896,NA,FALSE,NA,NA,NA,NA,NA,NA
aus.republican2,2897,NA,FALSE,NA,NA,NA,NA,NA,NA
aus.republican2,2898,NA,FALSE,NA,NA,NA,NA,NA,NA
aus.republican2,2899,NA,FALSE,NA,NA,NA,NA,NA,NA
aus.republican2,2900,NA,FALSE,NA,NA,NA,NA,NA,NA
aus.republican2,2901,NA,FALSE,NA,NA,NA,NA,NA,NA
aus.republican2,2902,NA,FALSE,NA,NA,NA,NA,NA,NA
aus.republican2,2903,NA,FALSE,NA,NA,NA,NA,NA,NA
aus.republican2,2904,NA,FALSE,NA,NA,NA,NA,NA,NA
aus.republican2,2905,NA,FALSE,NA,NA,NA,NA,NA,NA
aus.republican2,2906,NA,FALSE,NA,NA,NA,NA,NA,NA
aus.republican2,2907,NA,FALSE,NA,NA,NA,NA,NA,NA
aus.republican2,2908,NA,FALSE,NA,NA,NA,NA,NA,NA
aus.republican2,2909,NA,FALSE,NA,NA,NA,NA,NA,NA
aus.republican2,2910,NA,FALSE,NA,NA,NA,NA,NA,NA
aus.republican2,2911,NA,FALSE,NA,NA,NA,NA,NA,NA
aus.republican2,2912,NA,FALSE,NA,NA,NA,NA,NA,NA
aus.republican2,2913,NA,FALSE,NA,NA,NA,NA,NA,NA
aus.republican2,2914,NA,FALSE,NA,NA,NA,NA,NA,NA
aus.republican2,2915,NA,FALSE,NA,NA,NA,NA,NA,NA
aus.republican2,2916,NA,FALSE,NA,NA,NA,NA,NA,NA
aus.republican2,2917,NA,FALSE,NA,NA,NA,NA,NA,NA
aus.republican2,2918,NA,FALSE,NA,NA,NA,NA,NA,NA
aus.republican2,2919,NA,FALSE,NA,NA,NA,NA,NA,NA
aus.republican2,2920,NA,FALSE,NA,NA,NA,NA,NA,NA
aus.republican2,2921,NA,FALSE,NA,NA,NA,NA,NA,NA
aus.republican2,2922,NA,FALSE,NA,NA,NA,NA,NA,NA
aus.republican2,2923,NA,FALSE,NA,NA,NA,NA,NA,NA
aus.republican2,2924,NA,FALSE,NA,NA,NA,NA,NA,NA
aus.republican2,2925,NA,FALSE,NA,NA,NA,NA,NA,NA
aus.republican2,2926,NA,FALSE,NA,NA,NA,NA,NA,NA
aus.republican2,2927,NA,FALSE,NA,NA,NA,NA,NA,NA
aus.republican2,2928,NA,FALSE,NA,NA,NA,NA,NA,NA
aus.republican2,2929,NA,FALSE,NA,NA,NA,NA,NA,NA
aus.republican2,2930,NA,FALSE,NA,NA,NA,NA,NA,NA
aus.republican2,2931,NA,FALSE,NA,NA,NA,NA,NA,NA
aus.republican2,2932,NA,FALSE,NA,NA,NA,NA,NA,NA
aus.republican2,2933,NA,FALSE,NA,NA,NA,NA,NA,NA
aus.republican2,2934,NA,FALSE,NA,NA,NA,NA,NA,NA
aus.republican2,2935,NA,FALSE,NA,NA,NA,NA,NA,NA
aus.republican2,2936,NA,FALSE,NA,NA,NA,NA,NA,NA
aus.republican2,2937,NA,FALSE,NA,NA,NA,NA,NA,NA
aus.republican2,2938,NA,FALSE,NA,NA,NA,NA,NA,NA
aus.republican2,2939,NA,FALSE,NA,NA,NA,NA,NA,NA
aus.republican2,2940,NA,FALSE,NA,NA,NA,NA,NA,NA
aus.republican2,2941,NA,FALSE,NA,NA,NA,NA,NA,NA
aus.republican2,2942,NA,FALSE,NA,NA,NA,NA,NA,NA
aus.republican2,2943,NA,FALSE,NA,NA,NA,NA,NA,NA
aus.republican2,2944,NA,FALSE,NA,NA,NA,NA,NA,NA
aus.republican2,2945,NA,FALSE,NA,NA,NA,NA,NA,NA
aus.republican2,2946,NA,FALSE,NA,NA,NA,NA,NA,NA
aus.republican2,2947,NA,FALSE,NA,NA,NA,NA,NA,NA
aus.republican2,2948,NA,FALSE,NA,NA,NA,NA,NA,NA
aus.republican2,2949,NA,FALSE,NA,NA,NA,NA,NA,NA
aus.republican2,2950,NA,FALSE,NA,NA,NA,NA,NA,NA
aus.republican2,2951,NA,FALSE,NA,NA,NA,NA,NA,NA
aus.republican2,2952,NA,FALSE,NA,NA,NA,NA,NA,NA
aus.republican2,2953,NA,FALSE,NA,NA,NA,NA,NA,NA
aus.republican2,2954,NA,FALSE,NA,NA,NA,NA,NA,NA
aus.republican2,2955,NA,FALSE,NA,NA,NA,NA,NA,NA
aus.republican2,2956,NA,FALSE,NA,NA,NA,NA,NA,NA
aus.republican2,2957,NA,FALSE,NA,NA,NA,NA,NA,NA
aus.republican2,2958,NA,FALSE,NA,NA,NA,NA,NA,NA
aus.republican2,2959,NA,FALSE,NA,NA,NA,NA,NA,NA
aus.republican2,2960,NA,FALSE,NA,NA,NA,NA,NA,NA
aus.republican2,2961,NA,FALSE,NA,NA,NA,NA,NA,NA
aus.republican2,2962,NA,FALSE,NA,NA,NA,NA,NA,NA
aus.republican2,2963,NA,FALSE,NA,NA,NA,NA,NA,NA
aus.republican2,2964,NA,FALSE,NA,NA,NA,NA,NA,NA
aus.republican2,2965,NA,FALSE,NA,NA,NA,NA,NA,NA
aus.republican2,2966,NA,FALSE,NA,NA,NA,NA,NA,NA
aus.republican2,2967,NA,FALSE,NA,NA,NA,NA,NA,NA
aus.republican2,2968,NA,FALSE,NA,NA,NA,NA,NA,NA
aus.republican2,2969,NA,FALSE,NA,NA,NA,NA,NA,NA
aus.republican2,2970,NA,FALSE,NA,NA,NA,NA,NA,NA
aus.republican2,2971,NA,FALSE,NA,NA,NA,NA,NA,NA
aus.republican2,2972,NA,FALSE,NA,NA,NA,NA,NA,NA
aus.republican2,2973,NA,FALSE,NA,NA,NA,NA,NA,NA
aus.republican2,2974,NA,FALSE,NA,NA,NA,NA,NA,NA
aus.republican2,2975,NA,FALSE,NA,NA,NA,NA,NA,NA
aus.republican2,2976,NA,FALSE,NA,NA,NA,NA,NA,NA
aus.republican2,2977,NA,FALSE,NA,NA,NA,NA,NA,NA
aus.republican2,2978,NA,FALSE,NA,NA,NA,NA,NA,NA
aus.republican2,2979,NA,FALSE,NA,NA,NA,NA,NA,NA
aus.republican2,2980,NA,FALSE,NA,NA,NA,NA,NA,NA
aus.republican2,2981,NA,FALSE,NA,NA,NA,NA,NA,NA
aus.republican2,2982,NA,FALSE,NA,NA,NA,NA,NA,NA
aus.republican2,2983,NA,FALSE,NA,NA,NA,NA,NA,NA
aus.republican2,2984,NA,FALSE,NA,NA,NA,NA,NA,NA
aus.republican2,2985,NA,FALSE,NA,NA,NA,NA,NA,NA
aus.republican2,2986,NA,FALSE,NA,NA,NA,NA,NA,NA
aus.republican2,2987,NA,FALSE,NA,NA,NA,NA,NA,NA
aus.republican2,2988,NA,FALSE,NA,NA,NA,NA,NA,NA
aus.republican2,2989,NA,FALSE,NA,NA,NA,NA,NA,NA
aus.republican2,2990,NA,FALSE,NA,NA,NA,NA,NA,NA
aus.republican2,2991,NA,FALSE,NA,NA,NA,NA,NA,NA
aus.republican2,2992,NA,FALSE,NA,NA,NA,NA,NA,NA
aus.republican2,2993,NA,FALSE,NA,NA,NA,NA,NA,NA
aus.republican2,2994,NA,FALSE,NA,NA,NA,NA,NA,NA
aus.republican2,2995,NA,FALSE,NA,NA,NA,NA,NA,NA
aus.republican2,2996,NA,FALSE,NA,NA,NA,NA,NA,NA
aus.republican2,2997,NA,FALSE,NA,NA,NA,NA,NA,NA
aus.republican2,2998,NA,FALSE,NA,NA,NA,NA,NA,NA
aus.republican2,2999,NA,FALSE,NA,NA,NA,NA,NA,NA
aus.republican2,3000,NA,FALSE,NA,NA,NA,NA,NA,NA
aus.republican2,3001,NA,FALSE,NA,NA,NA,NA,NA,NA
aus.republican2,3002,NA,FALSE,NA,NA,NA,NA,NA,NA
aus.republican2,3003,NA,FALSE,NA,NA,NA,NA,NA,NA
aus.republican2,3004,NA,FALSE,NA,NA,NA,NA,NA,NA
aus.republican2,3005,NA,FALSE,NA,NA,NA,NA,NA,NA
aus.republican2,3006,NA,FALSE,NA,NA,NA,NA,NA,NA
aus.republican2,3007,NA,FALSE,NA,NA,NA,NA,NA,NA
aus.republican2,3008,NA,FALSE,NA,NA,NA,NA,NA,NA
aus.republican2,3009,NA,FALSE,NA,NA,NA,NA,NA,NA
aus.republican2,3010,NA,FALSE,NA,NA,NA,NA,NA,NA
aus.republican2,3011,NA,FALSE,NA,NA,NA,NA,NA,NA
aus.republican2,3012,NA,FALSE,NA,NA,NA,NA,NA,NA
aus.republican2,3013,NA,FALSE,NA,NA,NA,NA,NA,NA
aus.republican2,3014,NA,FALSE,NA,NA,NA,NA,NA,NA
aus.republican2,3015,NA,FALSE,NA,NA,NA,NA,NA,NA
aus.republican2,3016,NA,FALSE,NA,NA,NA,NA,NA,NA
aus.republican2,3017,NA,FALSE,NA,NA,NA,NA,NA,NA
aus.republican2,3018,NA,FALSE,NA,NA,NA,NA,NA,NA
aus.republican2,3019,NA,FALSE,NA,NA,NA,NA,NA,NA
aus.republican2,3020,NA,FALSE,NA,NA,NA,NA,NA,NA
aus.republican2,3021,NA,FALSE,NA,NA,NA,NA,NA,NA
aus.republican2,3022,NA,FALSE,NA,NA,NA,NA,NA,NA
aus.republican2,3023,NA,FALSE,NA,NA,NA,NA,NA,NA
aus.republican2,3024,NA,FALSE,NA,NA,NA,NA,NA,NA
aus.republican2,3025,NA,FALSE,NA,NA,NA,NA,NA,NA
aus.republican2,3026,NA,FALSE,NA,NA,NA,NA,NA,NA
aus.republican2,3027,NA,FALSE,NA,NA,NA,NA,NA,NA
aus.republican2,3028,NA,FALSE,NA,NA,NA,NA,NA,NA
aus.republican2,3029,NA,FALSE,NA,NA,NA,NA,NA,NA
aus.republican2,3030,NA,FALSE,NA,NA,NA,NA,NA,NA
aus.republican2,3031,NA,FALSE,NA,NA,NA,NA,NA,NA
aus.republican2,3032,NA,FALSE,NA,NA,NA,NA,NA,NA
aus.republican2,3033,NA,FALSE,NA,NA,NA,NA,NA,NA
aus.republican2,3034,NA,FALSE,NA,NA,NA,NA,NA,NA
aus.republican2,3035,NA,FALSE,NA,NA,NA,NA,NA,NA
aus.republican2,3036,NA,FALSE,NA,NA,NA,NA,NA,NA
aus.republican2,3037,NA,FALSE,NA,NA,NA,NA,NA,NA
aus.republican2,3038,NA,FALSE,NA,NA,NA,NA,NA,NA
aus.republican2,3039,NA,FALSE,NA,NA,NA,NA,NA,NA
aus.republican2,3040,NA,FALSE,NA,NA,NA,NA,NA,NA
aus.republican2,3041,NA,FALSE,NA,NA,NA,NA,NA,NA
aus.republican2,3042,NA,FALSE,NA,NA,NA,NA,NA,NA
aus.republican2,3043,NA,FALSE,NA,NA,NA,NA,NA,NA
aus.republican2,3044,NA,FALSE,NA,NA,NA,NA,NA,NA
aus.republican2,3045,NA,FALSE,NA,NA,NA,NA,NA,NA
aus.republican2,3046,NA,FALSE,NA,NA,NA,NA,NA,NA
aus.republican2,3047,NA,FALSE,NA,NA,NA,NA,NA,NA
aus.republican2,3048,NA,FALSE,NA,NA,NA,NA,NA,NA
aus.republican2,3049,NA,FALSE,NA,NA,NA,NA,NA,NA
aus.republican2,3050,NA,FALSE,NA,NA,NA,NA,NA,NA
aus.republican2,3051,NA,FALSE,NA,NA,NA,NA,NA,NA
aus.republican2,3052,NA,FALSE,NA,NA,NA,NA,NA,NA
aus.republican2,3053,NA,FALSE,NA,NA,NA,NA,NA,NA
aus.republican2,3054,NA,FALSE,NA,NA,NA,NA,NA,NA
aus.republican2,3055,NA,FALSE,NA,NA,NA,NA,NA,NA
aus.republican2,3056,NA,FALSE,NA,NA,NA,NA,NA,NA
aus.republican2,3057,NA,FALSE,NA,NA,NA,NA,NA,NA
aus.republican2,3058,NA,FALSE,NA,NA,NA,NA,NA,NA
aus.republican2,3059,NA,FALSE,NA,NA,NA,NA,NA,NA
aus.republican2,3060,NA,FALSE,NA,NA,NA,NA,NA,NA
aus.republican2,3061,NA,FALSE,NA,NA,NA,NA,NA,NA
aus.republican2,3062,NA,FALSE,NA,NA,NA,NA,NA,NA
aus.republican2,3063,NA,FALSE,NA,NA,NA,NA,NA,NA
aus.republican2,3064,NA,FALSE,NA,NA,NA,NA,NA,NA
aus.republican2,3065,NA,FALSE,NA,NA,NA,NA,NA,NA
aus.republican2,3066,NA,FALSE,NA,NA,NA,NA,NA,NA
aus.republican2,3067,NA,FALSE,NA,NA,NA,NA,NA,NA
aus.republican2,3068,NA,FALSE,NA,NA,NA,NA,NA,NA
aus.republican2,3069,NA,FALSE,NA,NA,NA,NA,NA,NA
aus.republican2,3070,NA,FALSE,NA,NA,NA,NA,NA,NA
aus.republican2,3071,NA,FALSE,NA,NA,NA,NA,NA,NA
aus.republican2,3072,NA,FALSE,NA,NA,NA,NA,NA,NA
aus.republican2,3073,NA,FALSE,NA,NA,NA,NA,NA,NA
aus.republican2,3074,NA,FALSE,NA,NA,NA,NA,NA,NA
aus.republican2,3075,NA,FALSE,NA,NA,NA,NA,NA,NA
aus.republican2,3076,NA,FALSE,NA,NA,NA,NA,NA,NA
aus.republican2,3077,NA,FALSE,NA,NA,NA,NA,NA,NA
aus.republican2,3078,NA,FALSE,NA,NA,NA,NA,NA,NA
aus.republican2,3079,NA,FALSE,NA,NA,NA,NA,NA,NA
aus.republican2,3080,NA,FALSE,NA,NA,NA,NA,NA,NA
aus.republican2,3081,NA,FALSE,NA,NA,NA,NA,NA,NA
aus.republican2,3082,NA,FALSE,NA,NA,NA,NA,NA,NA
aus.republican2,3083,NA,FALSE,NA,NA,NA,NA,NA,NA
aus.republican2,3084,NA,FALSE,NA,NA,NA,NA,NA,NA
aus.republican2,3085,NA,FALSE,NA,NA,NA,NA,NA,NA
aus.republican2,3086,NA,FALSE,NA,NA,NA,NA,NA,NA
aus.republican2,3087,NA,FALSE,NA,NA,NA,NA,NA,NA
aus.republican2,3088,NA,FALSE,NA,NA,NA,NA,NA,NA
aus.republican2,3089,NA,FALSE,NA,NA,NA,NA,NA,NA
aus.republican2,3090,NA,FALSE,NA,NA,NA,NA,NA,NA
aus.republican2,3091,NA,FALSE,NA,NA,NA,NA,NA,NA
aus.republican2,3092,NA,FALSE,NA,NA,NA,NA,NA,NA
aus.republican2,3093,NA,FALSE,NA,NA,NA,NA,NA,NA
aus.republican2,3094,NA,FALSE,NA,NA,NA,NA,NA,NA
aus.republican2,3095,NA,FALSE,NA,NA,NA,NA,NA,NA
aus.republican2,3096,NA,FALSE,NA,NA,NA,NA,NA,NA
aus.republican2,3097,NA,FALSE,NA,NA,NA,NA,NA,NA
aus.republican2,3098,NA,FALSE,NA,NA,NA,NA,NA,NA
aus.republican2,3099,NA,FALSE,NA,NA,NA,NA,NA,NA
aus.republican2,3100,NA,FALSE,NA,NA,NA,NA,NA,NA
aus.republican2,3101,NA,FALSE,NA,NA,NA,NA,NA,NA
aus.republican2,3102,NA,FALSE,NA,NA,NA,NA,NA,NA
aus.republican2,3103,NA,FALSE,NA,NA,NA,NA,NA,NA
aus.republican2,3104,NA,FALSE,NA,NA,NA,NA,NA,NA
aus.republican2,3105,NA,FALSE,NA,NA,NA,NA,NA,NA
aus.republican2,3106,NA,FALSE,NA,NA,NA,NA,NA,NA
aus.republican2,3107,NA,FALSE,NA,NA,NA,NA,NA,NA
aus.republican2,3108,NA,FALSE,NA,NA,NA,NA,NA,NA
aus.republican2,3109,NA,FALSE,NA,NA,NA,NA,NA,NA
aus.republican2,3110,NA,FALSE,NA,NA,NA,NA,NA,NA
aus.republican2,3111,NA,FALSE,NA,NA,NA,NA,NA,NA
aus.republican2,3112,NA,FALSE,NA,NA,NA,NA,NA,NA
aus.republican2,3113,NA,FALSE,NA,NA,NA,NA,NA,NA
aus.republican2,3114,NA,FALSE,NA,NA,NA,NA,NA,NA
aus.republican2,3115,NA,FALSE,NA,NA,NA,NA,NA,NA
aus.republican2,3116,NA,FALSE,NA,NA,NA,NA,NA,NA
aus.republican2,3117,NA,FALSE,NA,NA,NA,NA,NA,NA
aus.republican2,3118,NA,FALSE,NA,NA,NA,NA,NA,NA
aus.republican2,3119,NA,FALSE,NA,NA,NA,NA,NA,NA
aus.republican2,3120,NA,FALSE,NA,NA,NA,NA,NA,NA
aus.republican2,3121,NA,FALSE,NA,NA,NA,NA,NA,NA
aus.republican2,3122,NA,FALSE,NA,NA,NA,NA,NA,NA
aus.republican2,3123,NA,FALSE,NA,NA,NA,NA,NA,NA
aus.republican2,3124,NA,FALSE,NA,NA,NA,NA,NA,NA
aus.republican2,3125,NA,FALSE,NA,NA,NA,NA,NA,NA
aus.republican2,3126,NA,FALSE,NA,NA,NA,NA,NA,NA
aus.republican2,3127,NA,FALSE,NA,NA,NA,NA,NA,NA
aus.republican2,3128,NA,FALSE,NA,NA,NA,NA,NA,NA
aus.republican2,3129,NA,FALSE,NA,NA,NA,NA,NA,NA
aus.republican2,3130,NA,FALSE,NA,NA,NA,NA,NA,NA
aus.republican2,3131,NA,FALSE,NA,NA,NA,NA,NA,NA
aus.republican2,3132,NA,FALSE,NA,NA,NA,NA,NA,NA
aus.republican2,3133,NA,FALSE,NA,NA,NA,NA,NA,NA
aus.republican2,3134,NA,FALSE,NA,NA,NA,NA,NA,NA
aus.republican2,3135,NA,FALSE,NA,NA,NA,NA,NA,NA
aus.republican2,3136,NA,FALSE,NA,NA,NA,NA,NA,NA
aus.republican2,3137,NA,FALSE,NA,NA,NA,NA,NA,NA
aus.republican2,3138,NA,FALSE,NA,NA,NA,NA,NA,NA
aus.republican2,3139,NA,FALSE,NA,NA,NA,NA,NA,NA
aus.republican2,3140,NA,FALSE,NA,NA,NA,NA,NA,NA
aus.republican2,3141,NA,FALSE,NA,NA,NA,NA,NA,NA
aus.republican2,3142,NA,FALSE,NA,NA,NA,NA,NA,NA
aus.republican2,3143,NA,FALSE,NA,NA,NA,NA,NA,NA
aus.republican2,3144,NA,FALSE,NA,NA,NA,NA,NA,NA
aus.republican2,3145,NA,FALSE,NA,NA,NA,NA,NA,NA
aus.republican2,3146,NA,FALSE,NA,NA,NA,NA,NA,NA
aus.republican2,3147,NA,FALSE,NA,NA,NA,NA,NA,NA
aus.republican2,3148,NA,FALSE,NA,NA,NA,NA,NA,NA
aus.republican2,3149,NA,FALSE,NA,NA,NA,NA,NA,NA
aus.republican2,3150,NA,FALSE,NA,NA,NA,NA,NA,NA
aus.republican2,3151,NA,FALSE,NA,NA,NA,NA,NA,NA
aus.republican2,3152,NA,FALSE,NA,NA,NA,NA,NA,NA
aus.republican2,3153,NA,FALSE,NA,NA,NA,NA,NA,NA
aus.republican2,3154,NA,FALSE,NA,NA,NA,NA,NA,NA
aus.republican2,3155,NA,FALSE,NA,NA,NA,NA,NA,NA
aus.republican2,3156,NA,FALSE,NA,NA,NA,NA,NA,NA
aus.republican2,3157,NA,FALSE,NA,NA,NA,NA,NA,NA
aus.republican2,3158,NA,FALSE,NA,NA,NA,NA,NA,NA
aus.republican2,3159,NA,FALSE,NA,NA,NA,NA,NA,NA
aus.republican2,3160,NA,FALSE,NA,NA,NA,NA,NA,NA
aus.republican2,3161,NA,FALSE,NA,NA,NA,NA,NA,NA
aus.republican2,3162,NA,FALSE,NA,NA,NA,NA,NA,NA
aus.republican2,3163,NA,FALSE,NA,NA,NA,NA,NA,NA
aus.republican2,3164,NA,FALSE,NA,NA,NA,NA,NA,NA
aus.republican2,3165,NA,FALSE,NA,NA,NA,NA,NA,NA
aus.republican2,3166,NA,FALSE,NA,NA,NA,NA,NA,NA
aus.republican2,3167,NA,FALSE,NA,NA,NA,NA,NA,NA
aus.republican2,3168,NA,FALSE,NA,NA,NA,NA,NA,NA
aus.republican2,3169,NA,FALSE,NA,NA,NA,NA,NA,NA
aus.republican2,3170,NA,FALSE,NA,NA,NA,NA,NA,NA
aus.republican2,3171,NA,FALSE,NA,NA,NA,NA,NA,NA
aus.republican2,3172,NA,FALSE,NA,NA,NA,NA,NA,NA
aus.republican2,3173,NA,FALSE,NA,NA,NA,NA,NA,NA
aus.republican2,3174,NA,FALSE,NA,NA,NA,NA,NA,NA
aus.republican2,3175,NA,FALSE,NA,NA,NA,NA,NA,NA
aus.republican2,3176,NA,FALSE,NA,NA,NA,NA,NA,NA
aus.republican2,3177,NA,FALSE,NA,NA,NA,NA,NA,NA
aus.republican2,3178,NA,FALSE,NA,NA,NA,NA,NA,NA
aus.republican2,3179,NA,FALSE,NA,NA,NA,NA,NA,NA
aus.republican2,3180,NA,FALSE,NA,NA,NA,NA,NA,NA
aus.republican2,3181,NA,FALSE,NA,NA,NA,NA,NA,NA
aus.republican2,3182,NA,FALSE,NA,NA,NA,NA,NA,NA
aus.republican2,3183,NA,FALSE,NA,NA,NA,NA,NA,NA
aus.republican2,3184,NA,FALSE,NA,NA,NA,NA,NA,NA
aus.republican2,3185,NA,FALSE,NA,NA,NA,NA,NA,NA
aus.republican2,3186,NA,FALSE,NA,NA,NA,NA,NA,NA
aus.republican2,3187,NA,FALSE,NA,NA,NA,NA,NA,NA
aus.republican2,3188,NA,FALSE,NA,NA,NA,NA,NA,NA
aus.republican2,3189,NA,FALSE,NA,NA,NA,NA,NA,NA
aus.republican2,3190,NA,FALSE,NA,NA,NA,NA,NA,NA
aus.republican2,3191,NA,FALSE,NA,NA,NA,NA,NA,NA
aus.republican2,3192,NA,FALSE,NA,NA,NA,NA,NA,NA
aus.republican2,3193,NA,FALSE,NA,NA,NA,NA,NA,NA
aus.republican2,3194,NA,FALSE,NA,NA,NA,NA,NA,NA
aus.republican2,3195,NA,FALSE,NA,NA,NA,NA,NA,NA
aus.republican2,3196,NA,FALSE,NA,NA,NA,NA,NA,NA
aus.republican2,3197,NA,FALSE,NA,NA,NA,NA,NA,NA
aus.republican2,3198,NA,FALSE,NA,NA,NA,NA,NA,NA
aus.republican2,3199,NA,FALSE,NA,NA,NA,NA,NA,NA
aus.republican2,3200,NA,FALSE,NA,NA,NA,NA,NA,NA
aus.republican2,3201,NA,FALSE,NA,NA,NA,NA,NA,NA
aus.republican2,3202,NA,FALSE,NA,NA,NA,NA,NA,NA
aus.republican2,3203,NA,FALSE,NA,NA,NA,NA,NA,NA
aus.republican2,3204,NA,FALSE,NA,NA,NA,NA,NA,NA
aus.republican2,3205,NA,FALSE,NA,NA,NA,NA,NA,NA
aus.republican2,3206,NA,FALSE,NA,NA,NA,NA,NA,NA
aus.republican2,3207,NA,FALSE,NA,NA,NA,NA,NA,NA
aus.republican2,3208,NA,FALSE,NA,NA,NA,NA,NA,NA
aus.republican2,3209,NA,FALSE,NA,NA,NA,NA,NA,NA
aus.republican2,3210,NA,FALSE,NA,NA,NA,NA,NA,NA
aus.republican2,3211,NA,FALSE,NA,NA,NA,NA,NA,NA
aus.republican2,3212,NA,FALSE,NA,NA,NA,NA,NA,NA
aus.republican2,3213,NA,FALSE,NA,NA,NA,NA,NA,NA
aus.republican2,3214,NA,FALSE,NA,NA,NA,NA,NA,NA
aus.republican2,3215,NA,FALSE,NA,NA,NA,NA,NA,NA
aus.republican2,3216,NA,FALSE,NA,NA,NA,NA,NA,NA
aus.republican2,3217,NA,FALSE,NA,NA,NA,NA,NA,NA
aus.republican2,3218,NA,FALSE,NA,NA,NA,NA,NA,NA
aus.republican2,3219,NA,FALSE,NA,NA,NA,NA,NA,NA
aus.republican2,3220,NA,FALSE,NA,NA,NA,NA,NA,NA
aus.republican2,3221,NA,FALSE,NA,NA,NA,NA,NA,NA
aus.republican2,3222,NA,FALSE,NA,NA,NA,NA,NA,NA
aus.republican2,3223,NA,FALSE,NA,NA,NA,NA,NA,NA
aus.republican2,3224,NA,FALSE,NA,NA,NA,NA,NA,NA
aus.republican2,3225,NA,FALSE,NA,NA,NA,NA,NA,NA
aus.republican2,3226,NA,FALSE,NA,NA,NA,NA,NA,NA
aus.republican2,3227,NA,FALSE,NA,NA,NA,NA,NA,NA
aus.republican2,3228,NA,FALSE,NA,NA,NA,NA,NA,NA
aus.republican2,3229,NA,FALSE,NA,NA,NA,NA,NA,NA
aus.republican2,3230,NA,FALSE,NA,NA,NA,NA,NA,NA
aus.republican2,3231,NA,FALSE,NA,NA,NA,NA,NA,NA
aus.republican2,3232,NA,FALSE,NA,NA,NA,NA,NA,NA
aus.republican2,3233,NA,FALSE,NA,NA,NA,NA,NA,NA
aus.republican2,3234,NA,FALSE,NA,NA,NA,NA,NA,NA
aus.republican2,3235,NA,FALSE,NA,NA,NA,NA,NA,NA
aus.republican2,3236,NA,FALSE,NA,NA,NA,NA,NA,NA
aus.republican2,3237,NA,FALSE,NA,NA,NA,NA,NA,NA
aus.republican2,3238,NA,FALSE,NA,NA,NA,NA,NA,NA
aus.republican2,3239,NA,FALSE,NA,NA,NA,NA,NA,NA
aus.republican2,3240,NA,FALSE,NA,NA,NA,NA,NA,NA
aus.republican2,3241,NA,FALSE,NA,NA,NA,NA,NA,NA
aus.republican2,3242,NA,FALSE,NA,NA,NA,NA,NA,NA
aus.republican2,3243,NA,FALSE,NA,NA,NA,NA,NA,NA
aus.republican2,3244,NA,FALSE,NA,NA,NA,NA,NA,NA
aus.republican2,3245,NA,FALSE,NA,NA,NA,NA,NA,NA
aus.republican2,3246,NA,FALSE,NA,NA,NA,NA,NA,NA
aus.republican2,3247,NA,FALSE,NA,NA,NA,NA,NA,NA
aus.republican2,3248,NA,FALSE,NA,NA,NA,NA,NA,NA
aus.republican2,3249,NA,FALSE,NA,NA,NA,NA,NA,NA
aus.republican2,3250,NA,FALSE,NA,NA,NA,NA,NA,NA
aus.republican2,3251,NA,FALSE,NA,NA,NA,NA,NA,NA
aus.republican2,3252,NA,FALSE,NA,NA,NA,NA,NA,NA
aus.republican2,3253,NA,FALSE,NA,NA,NA,NA,NA,NA
aus.republican2,3254,NA,FALSE,NA,NA,NA,NA,NA,NA
aus.republican2,3255,NA,FALSE,NA,NA,NA,NA,NA,NA
aus.republican2,3256,NA,FALSE,NA,NA,NA,NA,NA,NA
aus.republican2,3257,NA,FALSE,NA,NA,NA,NA,NA,NA
aus.republican2,3258,NA,FALSE,NA,NA,NA,NA,NA,NA
aus.republican2,3259,NA,FALSE,NA,NA,NA,NA,NA,NA
aus.republican2,3260,NA,FALSE,NA,NA,NA,NA,NA,NA
aus.republican2,3261,NA,FALSE,NA,NA,NA,NA,NA,NA
aus.republican2,3262,NA,FALSE,NA,NA,NA,NA,NA,NA
aus.republican2,3263,NA,FALSE,NA,NA,NA,NA,NA,NA
aus.republican2,3264,NA,FALSE,NA,NA,NA,NA,NA,NA
aus.republican2,3265,NA,FALSE,NA,NA,NA,NA,NA,NA
aus.republican2,3266,NA,FALSE,NA,NA,NA,NA,NA,NA
aus.republican2,3267,NA,FALSE,NA,NA,NA,NA,NA,NA
aus.republican2,3268,NA,FALSE,NA,NA,NA,NA,NA,NA
aus.republican2,3269,NA,FALSE,NA,NA,NA,NA,NA,NA
aus.republican2,3270,NA,FALSE,NA,NA,NA,NA,NA,NA
aus.republican2,3271,NA,FALSE,NA,NA,NA,NA,NA,NA
aus.republican2,3272,NA,FALSE,NA,NA,NA,NA,NA,NA
aus.republican2,3273,NA,FALSE,NA,NA,NA,NA,NA,NA
aus.republican2,3274,NA,FALSE,NA,NA,NA,NA,NA,NA
aus.republican2,3275,NA,FALSE,NA,NA,NA,NA,NA,NA
aus.republican2,3276,NA,FALSE,NA,NA,NA,NA,NA,NA
aus.republican2,3277,NA,FALSE,NA,NA,NA,NA,NA,NA
aus.republican2,3278,NA,FALSE,NA,NA,NA,NA,NA,NA
aus.republican2,3279,NA,FALSE,NA,NA,NA,NA,NA,NA
aus.republican2,3280,NA,FALSE,NA,NA,NA,NA,NA,NA
aus.republican2,3281,NA,FALSE,NA,NA,NA,NA,NA,NA
aus.republican2,3282,NA,FALSE,NA,NA,NA,NA,NA,NA
aus.republican2,3283,NA,FALSE,NA,NA,NA,NA,NA,NA
aus.republican2,3284,NA,FALSE,NA,NA,NA,NA,NA,NA
aus.republican2,3285,NA,FALSE,NA,NA,NA,NA,NA,NA
aus.republican2,3286,NA,FALSE,NA,NA,NA,NA,NA,NA
aus.republican2,3287,NA,FALSE,NA,NA,NA,NA,NA,NA
aus.republican2,3288,NA,FALSE,NA,NA,NA,NA,NA,NA
aus.republican2,3289,NA,FALSE,NA,NA,NA,NA,NA,NA
aus.republican2,3290,NA,FALSE,NA,NA,NA,NA,NA,NA
aus.republican2,3291,NA,FALSE,NA,NA,NA,NA,NA,NA
aus.republican2,3292,NA,FALSE,NA,NA,NA,NA,NA,NA
aus.republican2,3293,NA,FALSE,NA,NA,NA,NA,NA,NA
aus.republican2,3294,NA,FALSE,NA,NA,NA,NA,NA,NA
aus.republican2,3295,NA,FALSE,NA,NA,NA,NA,NA,NA
aus.republican2,3296,NA,FALSE,NA,NA,NA,NA,NA,NA
aus.republican2,3297,NA,FALSE,NA,NA,NA,NA,NA,NA
aus.republican2,3298,NA,FALSE,NA,NA,NA,NA,NA,NA
aus.republican2,3299,NA,FALSE,NA,NA,NA,NA,NA,NA
aus.republican2,3300,NA,FALSE,NA,NA,NA,NA,NA,NA
aus.republican2,3301,NA,FALSE,NA,NA,NA,NA,NA,NA
aus.republican2,3302,NA,FALSE,NA,NA,NA,NA,NA,NA
aus.republican2,3303,NA,FALSE,NA,NA,NA,NA,NA,NA
aus.republican2,3304,NA,FALSE,NA,NA,NA,NA,NA,NA
aus.republican2,3305,NA,FALSE,NA,NA,NA,NA,NA,NA
aus.republican2,3306,NA,FALSE,NA,NA,NA,NA,NA,NA
aus.republican2,3307,NA,FALSE,NA,NA,NA,NA,NA,NA
aus.republican2,3308,NA,FALSE,NA,NA,NA,NA,NA,NA
aus.republican2,3309,NA,FALSE,NA,NA,NA,NA,NA,NA
aus.republican2,3310,NA,FALSE,NA,NA,NA,NA,NA,NA
aus.republican2,3311,NA,FALSE,NA,NA,NA,NA,NA,NA
aus.republican2,3312,NA,FALSE,NA,NA,NA,NA,NA,NA
aus.republican2,3313,NA,FALSE,NA,NA,NA,NA,NA,NA
aus.republican2,3314,NA,FALSE,NA,NA,NA,NA,NA,NA
aus.republican2,3315,NA,FALSE,NA,NA,NA,NA,NA,NA
aus.republican2,3316,NA,FALSE,NA,NA,NA,NA,NA,NA
aus.republican2,3317,NA,FALSE,NA,NA,NA,NA,NA,NA
aus.republican2,3318,NA,FALSE,NA,NA,NA,NA,NA,NA
aus.republican2,3319,NA,FALSE,NA,NA,NA,NA,NA,NA
aus.republican2,3320,NA,FALSE,NA,NA,NA,NA,NA,NA
aus.republican2,3321,NA,FALSE,NA,NA,NA,NA,NA,NA
aus.republican2,3322,NA,FALSE,NA,NA,NA,NA,NA,NA
aus.republican2,3323,NA,FALSE,NA,NA,NA,NA,NA,NA
aus.republican2,3324,NA,FALSE,NA,NA,NA,NA,NA,NA
aus.republican2,3325,NA,FALSE,NA,NA,NA,NA,NA,NA
aus.republican2,3326,NA,FALSE,NA,NA,NA,NA,NA,NA
aus.republican2,3327,NA,FALSE,NA,NA,NA,NA,NA,NA
aus.republican2,3328,NA,FALSE,NA,NA,NA,NA,NA,NA
aus.republican2,3329,NA,FALSE,NA,NA,NA,NA,NA,NA
aus.republican2,3330,NA,FALSE,NA,NA,NA,NA,NA,NA
aus.republican2,3331,NA,FALSE,NA,NA,NA,NA,NA,NA
aus.republican2,3332,NA,FALSE,NA,NA,NA,NA,NA,NA
aus.republican2,3333,NA,FALSE,NA,NA,NA,NA,NA,NA
aus.republican2,3334,NA,FALSE,NA,NA,NA,NA,NA,NA
aus.republican2,3335,NA,FALSE,NA,NA,NA,NA,NA,NA
aus.republican2,3336,NA,FALSE,NA,NA,NA,NA,NA,NA
aus.republican2,3337,NA,FALSE,NA,NA,NA,NA,NA,NA
aus.republican2,3338,NA,FALSE,NA,NA,NA,NA,NA,NA
aus.republican2,3339,NA,FALSE,NA,NA,NA,NA,NA,NA
aus.republican2,3340,NA,FALSE,NA,NA,NA,NA,NA,NA
aus.republican2,3341,NA,FALSE,NA,NA,NA,NA,NA,NA
aus.republican2,3342,NA,FALSE,NA,NA,NA,NA,NA,NA
aus.republican2,3343,NA,FALSE,NA,NA,NA,NA,NA,NA
aus.republican2,3344,NA,FALSE,NA,NA,NA,NA,NA,NA
aus.republican2,3345,NA,FALSE,NA,NA,NA,NA,NA,NA
aus.republican2,3346,NA,FALSE,NA,NA,NA,NA,NA,NA
aus.republican2,3347,NA,FALSE,NA,NA,NA,NA,NA,NA
aus.republican2,3348,NA,FALSE,NA,NA,NA,NA,NA,NA
aus.republican2,3349,NA,FALSE,NA,NA,NA,NA,NA,NA
aus.republican2,3350,NA,FALSE,NA,NA,NA,NA,NA,NA
aus.republican2,3351,NA,FALSE,NA,NA,NA,NA,NA,NA
aus.republican2,3352,NA,FALSE,NA,NA,NA,NA,NA,NA
aus.republican2,3353,NA,FALSE,NA,NA,NA,NA,NA,NA
aus.republican2,3354,NA,FALSE,NA,NA,NA,NA,NA,NA
aus.republican2,3355,NA,FALSE,NA,NA,NA,NA,NA,NA
aus.republican2,3356,NA,FALSE,NA,NA,NA,NA,NA,NA
aus.republican2,3357,NA,FALSE,NA,NA,NA,NA,NA,NA
aus.republican2,3358,NA,FALSE,NA,NA,NA,NA,NA,NA
aus.republican2,3359,NA,FALSE,NA,NA,NA,NA,NA,NA
aus.republican2,3360,NA,FALSE,NA,NA,NA,NA,NA,NA
aus.republican2,3361,NA,FALSE,NA,NA,NA,NA,NA,NA
aus.republican2,3362,NA,FALSE,NA,NA,NA,NA,NA,NA
aus.republican2,3363,NA,FALSE,NA,NA,NA,NA,NA,NA
aus.republican2,3364,NA,FALSE,NA,NA,NA,NA,NA,NA
aus.republican2,3365,NA,FALSE,NA,NA,NA,NA,NA,NA
aus.republican2,3366,NA,FALSE,NA,NA,NA,NA,NA,NA
aus.republican2,3367,NA,FALSE,NA,NA,NA,NA,NA,NA
aus.republican2,3368,NA,FALSE,NA,NA,NA,NA,NA,NA
aus.republican2,3369,NA,FALSE,NA,NA,NA,NA,NA,NA
aus.republican2,3370,NA,FALSE,NA,NA,NA,NA,NA,NA
aus.republican2,3371,NA,FALSE,NA,NA,NA,NA,NA,NA
aus.republican2,3372,NA,FALSE,NA,NA,NA,NA,NA,NA
aus.republican2,3373,NA,FALSE,NA,NA,NA,NA,NA,NA
aus.republican2,3374,NA,FALSE,NA,NA,NA,NA,NA,NA
aus.republican2,3375,NA,FALSE,NA,NA,NA,NA,NA,NA
aus.republican2,3376,NA,FALSE,NA,NA,NA,NA,NA,NA
aus.republican2,3377,NA,FALSE,NA,NA,NA,NA,NA,NA
aus.republican2,3378,NA,FALSE,NA,NA,NA,NA,NA,NA
aus.republican2,3379,NA,FALSE,NA,NA,NA,NA,NA,NA
aus.republican2,3380,NA,FALSE,NA,NA,NA,NA,NA,NA
aus.republican2,3381,NA,FALSE,NA,NA,NA,NA,NA,NA
aus.republican2,3382,NA,FALSE,NA,NA,NA,NA,NA,NA
aus.republican2,3383,NA,FALSE,NA,NA,NA,NA,NA,NA
aus.republican2,3384,NA,FALSE,NA,NA,NA,NA,NA,NA
aus.republican2,3385,NA,FALSE,NA,NA,NA,NA,NA,NA
aus.republican2,3386,NA,FALSE,NA,NA,NA,NA,NA,NA
aus.republican2,3387,NA,FALSE,NA,NA,NA,NA,NA,NA
aus.republican2,3388,NA,FALSE,NA,NA,NA,NA,NA,NA
aus.republican2,3389,NA,FALSE,NA,NA,NA,NA,NA,NA
aus.republican2,3390,NA,FALSE,NA,NA,NA,NA,NA,NA
aus.republican2,3391,NA,FALSE,NA,NA,NA,NA,NA,NA
aus.republican2,3392,NA,FALSE,NA,NA,NA,NA,NA,NA
aus.republican2,3393,NA,FALSE,NA,NA,NA,NA,NA,NA
aus.republican2,3394,NA,FALSE,NA,NA,NA,NA,NA,NA
aus.republican2,3395,NA,FALSE,NA,NA,NA,NA,NA,NA
aus.republican2,3396,NA,FALSE,NA,NA,NA,NA,NA,NA
aus.republican2,3397,NA,FALSE,NA,NA,NA,NA,NA,NA
aus.republican2,3398,NA,FALSE,NA,NA,NA,NA,NA,NA
aus.republican2,3399,NA,FALSE,NA,NA,NA,NA,NA,NA
aus.republican2,3400,NA,FALSE,NA,NA,NA,NA,NA,NA
aus.republican2,3401,NA,FALSE,NA,NA,NA,NA,NA,NA
aus.republican2,3402,NA,FALSE,NA,NA,NA,NA,NA,NA
aus.republican2,3403,NA,FALSE,NA,NA,NA,NA,NA,NA
aus.republican2,3404,NA,FALSE,NA,NA,NA,NA,NA,NA
aus.republican2,3405,NA,FALSE,NA,NA,NA,NA,NA,NA
aus.republican2,3406,NA,FALSE,NA,NA,NA,NA,NA,NA
aus.republican2,3407,NA,FALSE,NA,NA,NA,NA,NA,NA
aus.republican2,3408,NA,FALSE,NA,NA,NA,NA,NA,NA
aus.republican2,3409,NA,FALSE,NA,NA,NA,NA,NA,NA
aus.republican2,3410,NA,FALSE,NA,NA,NA,NA,NA,NA
aus.republican2,3411,NA,FALSE,NA,NA,NA,NA,NA,NA
aus.republican2,3412,NA,FALSE,NA,NA,NA,NA,NA,NA
aus.republican2,3413,NA,FALSE,NA,NA,NA,NA,NA,NA
aus.republican2,3414,NA,FALSE,NA,NA,NA,NA,NA,NA
aus.republican2,3415,NA,FALSE,NA,NA,NA,NA,NA,NA
aus.republican2,3416,NA,FALSE,NA,NA,NA,NA,NA,NA
aus.republican2,3417,NA,FALSE,NA,NA,NA,NA,NA,NA
aus.republican2,3418,NA,FALSE,NA,NA,NA,NA,NA,NA
aus.republican2,3419,NA,FALSE,NA,NA,NA,NA,NA,NA
aus.republican2,3420,NA,FALSE,NA,NA,NA,NA,NA,NA
aus.republican2,3421,NA,FALSE,NA,NA,NA,NA,NA,NA
aus.republican2,3422,NA,FALSE,NA,NA,NA,NA,NA,NA
aus.republican2,3423,NA,FALSE,NA,NA,NA,NA,NA,NA
aus.republican2,3424,NA,FALSE,NA,NA,NA,NA,NA,NA
aus.republican2,3425,NA,FALSE,NA,NA,NA,NA,NA,NA
aus.republican2,3426,NA,FALSE,NA,NA,NA,NA,NA,NA
aus.republican2,3427,NA,FALSE,NA,NA,NA,NA,NA,NA
aus.republican2,3428,NA,FALSE,NA,NA,NA,NA,NA,NA
aus.republican2,3429,NA,FALSE,NA,NA,NA,NA,NA,NA
aus.republican2,3430,NA,FALSE,NA,NA,NA,NA,NA,NA
aus.republican2,3431,NA,FALSE,NA,NA,NA,NA,NA,NA
aus.republican2,3432,NA,FALSE,NA,NA,NA,NA,NA,NA
aus.republican2,3433,NA,FALSE,NA,NA,NA,NA,NA,NA
aus.republican2,3434,NA,FALSE,NA,NA,NA,NA,NA,NA
aus.republican2,3435,NA,FALSE,NA,NA,NA,NA,NA,NA
aus.republican2,3436,NA,FALSE,NA,NA,NA,NA,NA,NA
aus.republican2,3437,NA,FALSE,NA,NA,NA,NA,NA,NA
aus.republican2,3438,NA,FALSE,NA,NA,NA,NA,NA,NA
aus.republican2,3439,NA,FALSE,NA,NA,NA,NA,NA,NA
aus.republican2,3440,1,TRUE,2,3,0.5,0.5,0.8333333333333334,0.8333333333333334
aus.republican2,3441,2,FALSE,100,100,NA,NA,NA,NA
aus.republican2,3442,3,FALSE,100,100,NA,NA,NA,NA
aus.republican2,3443,4,TRUE,2,99,0.5,0.5,0.8333333333333334,0.8333333333333334
aus.republican2,3444,5,TRUE,1,2,1,1,1,1
aus.republican2,3445,6,TRUE,1,2,1,1,0.6666666666666666,0.6666666666666666
aus.republican2,3446,7,FALSE,100,100,NA,NA,NA,NA
aus.republican2,3447,8,TRUE,2,99,0.5,0.5,0.5833333333333334,0.5833333333333334
aus.republican2,3448,9,FALSE,100,100,NA,NA,NA,NA
aus.republican2,3449,10,FALSE,100,100,NA,NA,NA,NA
aus.republican2,3450,11,TRUE,3,1,0,0,0.4166666666666667,0.4166666666666667
aus.republican2,3451,12,TRUE,3,2,0,0,0.4166666666666667,0.4166666666666667
aus.republican2,3452,13,FALSE,100,100,NA,NA,NA,NA
aus.republican2,3453,14,FALSE,100,100,NA,NA,NA,NA
aus.republican2,3454,15,FALSE,100,100,NA,NA,NA,NA
aus.republican2,3455,16,FALSE,100,100,NA,NA,NA,NA
aus.republican2,3456,17,TRUE,2,1,1,1,1,1
aus.republican2,3457,18,FALSE,100,100,NA,NA,NA,NA
aus.republican2,3458,19,FALSE,100,100,NA,NA,NA,NA
aus.republican2,3459,20,FALSE,100,100,NA,NA,NA,NA
aus.republican2,3460,21,FALSE,100,100,NA,NA,NA,NA
aus.republican2,3461,22,FALSE,100,100,NA,NA,NA,NA
aus.republican2,3462,23,FALSE,100,100,NA,NA,NA,NA
aus.republican2,3463,24,TRUE,1,2,1,1,0.9166666666666666,0.9166666666666666
aus.republican2,3464,25,TRUE,2,1,1,1,0.75,0.75
aus.republican2,3465,26,FALSE,100,100,NA,NA,NA,NA
aus.republican2,3466,27,FALSE,100,100,NA,NA,NA,NA
aus.republican2,3467,28,FALSE,100,100,NA,NA,NA,NA
aus.republican2,3468,29,FALSE,100,100,NA,NA,NA,NA
aus.republican2,3469,30,FALSE,100,100,NA,NA,NA,NA
aus.republican2,3470,31,TRUE,2,1,1,1,0.6666666666666666,0.6666666666666666
aus.republican2,3471,32,TRUE,2,99,0.5,0.5,0.75,0.75
aus.republican2,3472,33,FALSE,100,100,NA,NA,NA,NA
aus.republican2,3473,34,FALSE,100,100,NA,NA,NA,NA
aus.republican2,3474,35,FALSE,100,100,NA,NA,NA,NA
aus.republican2,3475,36,FALSE,100,100,NA,NA,NA,NA
aus.republican2,3476,37,FALSE,100,100,NA,NA,NA,NA
aus.republican2,3477,38,TRUE,2,1,1,1,1,1
aus.republican2,3478,39,TRUE,1,99,0.5,0.5,0.25,0.25
aus.republican2,3479,40,FALSE,100,100,NA,NA,NA,NA
aus.republican2,3480,41,FALSE,100,100,NA,NA,NA,NA
aus.republican2,3481,42,TRUE,2,3,0.5,0.5,0.75,0.75
aus.republican2,3482,43,TRUE,2,3,0.5,0.5,0.8333333333333334,0.8333333333333334
aus.republican2,3483,44,FALSE,100,100,NA,NA,NA,NA
aus.republican2,3484,45,FALSE,100,100,NA,NA,NA,NA
aus.republican2,3485,46,TRUE,2,1,1,1,1,1
aus.republican2,3486,47,FALSE,100,100,NA,NA,NA,NA
aus.republican2,3487,48,FALSE,100,100,NA,NA,NA,NA
aus.republican2,3488,49,TRUE,2,3,0.5,0.5,0.75,0.75
aus.republican2,3489,50,FALSE,100,100,NA,NA,NA,NA
aus.republican2,3490,51,FALSE,100,100,NA,NA,NA,NA
aus.republican2,3491,52,FALSE,100,100,NA,NA,NA,NA
aus.republican2,3492,53,FALSE,100,100,NA,NA,NA,NA
aus.republican2,3493,54,FALSE,100,100,NA,NA,NA,NA
aus.republican2,3494,55,FALSE,100,100,NA,NA,NA,NA
aus.republican2,3495,56,FALSE,100,100,NA,NA,NA,NA
aus.republican2,3496,57,TRUE,2,1,1,1,1,1
aus.republican2,3497,58,FALSE,100,100,NA,NA,NA,NA
aus.republican2,3498,59,FALSE,100,100,NA,NA,NA,NA
aus.republican2,3499,60,FALSE,100,100,NA,NA,NA,NA
aus.republican2,3500,61,TRUE,1,97,0.5,0.5,0.8333333333333334,0.8333333333333334
aus.republican2,3501,62,FALSE,100,100,NA,NA,NA,NA
aus.republican2,3502,63,FALSE,100,100,NA,NA,NA,NA
aus.republican2,3503,64,TRUE,3,1,0,0,0.16666666666666666,0.16666666666666666
aus.republican2,3504,65,FALSE,100,100,NA,NA,NA,NA
aus.republican2,3505,66,FALSE,100,100,NA,NA,NA,NA
aus.republican2,3506,67,FALSE,100,100,NA,NA,NA,NA
aus.republican2,3507,68,TRUE,1,99,0.5,0.5,0.75,0.75
aus.republican2,3508,69,FALSE,100,100,NA,NA,NA,NA
aus.republican2,3509,70,FALSE,100,100,NA,NA,NA,NA
aus.republican2,3510,71,FALSE,100,100,NA,NA,NA,NA
aus.republican2,3511,72,FALSE,100,100,NA,NA,NA,NA
aus.republican2,3512,73,FALSE,100,100,NA,NA,NA,NA
aus.republican2,3513,74,FALSE,100,100,NA,NA,NA,NA
aus.republican2,3514,75,FALSE,100,100,NA,NA,NA,NA
aus.republican2,3515,76,FALSE,100,100,NA,NA,NA,NA
aus.republican2,3516,77,FALSE,100,100,NA,NA,NA,NA
aus.republican2,3517,78,FALSE,100,100,NA,NA,NA,NA
aus.republican2,3518,79,TRUE,3,1,0,0,0.5,0.5
aus.republican2,3519,80,FALSE,100,100,NA,NA,NA,NA
aus.republican2,3520,81,FALSE,100,100,NA,NA,NA,NA
aus.republican2,3521,82,FALSE,100,100,NA,NA,NA,NA
aus.republican2,3522,83,TRUE,3,97,0.5,0,0.5,0.3333333333333333
aus.republican2,3523,84,FALSE,100,100,NA,NA,NA,NA
aus.republican2,3524,85,FALSE,100,100,NA,NA,NA,NA
aus.republican2,3525,86,TRUE,2,1,1,1,1,1
aus.republican2,3526,87,TRUE,1,2,1,1,0.9166666666666666,0.9166666666666666
aus.republican2,3527,88,TRUE,2,97,0.5,0.5,0.8333333333333334,0.8333333333333334
aus.republican2,3528,89,FALSE,100,100,NA,NA,NA,NA
aus.republican2,3529,90,TRUE,2,97,0.5,0.5,0.5,0.5
aus.republican2,3530,91,FALSE,100,100,NA,NA,NA,NA
aus.republican2,3531,92,FALSE,100,100,NA,NA,NA,NA
aus.republican2,3532,93,TRUE,2,1,1,1,1,1
aus.republican2,3533,94,FALSE,100,100,NA,NA,NA,NA
aus.republican2,3534,95,TRUE,2,97,0.5,0.5,0.8333333333333334,0.8333333333333334
aus.republican2,3535,96,FALSE,100,100,NA,NA,NA,NA
aus.republican2,3536,97,FALSE,100,100,NA,NA,NA,NA
aus.republican2,3537,98,FALSE,100,100,NA,NA,NA,NA
aus.republican2,3538,99,FALSE,100,100,NA,NA,NA,NA
aus.republican2,3539,100,FALSE,100,100,NA,NA,NA,NA
aus.republican2,3540,101,FALSE,100,100,NA,NA,NA,NA
aus.republican2,3541,102,FALSE,100,100,NA,NA,NA,NA
aus.republican2,3542,103,FALSE,100,100,NA,NA,NA,NA
aus.republican2,3543,104,FALSE,100,100,NA,NA,NA,NA
aus.republican2,3544,105,FALSE,100,100,NA,NA,NA,NA
aus.republican2,3545,106,FALSE,100,100,NA,NA,NA,NA
aus.republican2,3546,107,TRUE,1,2,1,1,0.75,0.75
aus.republican2,3547,108,TRUE,1,2,1,1,0.6666666666666666,0.6666666666666666
aus.republican2,3548,109,FALSE,100,100,NA,NA,NA,NA
aus.republican2,3549,110,TRUE,2,1,1,1,1,1
aus.republican2,3550,111,FALSE,100,100,NA,NA,NA,NA
aus.republican2,3551,112,FALSE,100,100,NA,NA,NA,NA
aus.republican2,3552,113,FALSE,100,100,NA,NA,NA,NA
aus.republican2,3553,114,FALSE,100,100,NA,NA,NA,NA
aus.republican2,3554,115,FALSE,100,100,NA,NA,NA,NA
aus.republican2,3555,116,FALSE,100,100,NA,NA,NA,NA
aus.republican2,3556,117,FALSE,100,100,NA,NA,NA,NA
aus.republican2,3557,118,FALSE,100,100,NA,NA,NA,NA
aus.republican2,3558,119,FALSE,100,100,NA,NA,NA,NA
aus.republican2,3559,120,FALSE,100,100,NA,NA,NA,NA
aus.republican2,3560,121,FALSE,100,100,NA,NA,NA,NA
aus.republican2,3561,122,FALSE,100,100,NA,NA,NA,NA
aus.republican2,3562,123,FALSE,100,100,NA,NA,NA,NA
aus.republican2,3563,124,FALSE,100,100,NA,NA,NA,NA
aus.republican2,3564,125,FALSE,100,100,NA,NA,NA,NA
aus.republican2,3565,126,TRUE,1,97,0.5,0.5,0.8333333333333334,0.8333333333333334
aus.republican2,3566,127,TRUE,2,1,1,1,1,1
aus.republican2,3567,128,FALSE,100,100,NA,NA,NA,NA
aus.republican2,3568,129,FALSE,100,100,NA,NA,NA,NA
aus.republican2,3569,130,TRUE,1,2,1,1,0.75,0.75
aus.republican2,3570,131,FALSE,100,100,NA,NA,NA,NA
aus.republican2,3571,132,FALSE,100,100,NA,NA,NA,NA
aus.republican2,3572,133,TRUE,2,99,0.5,0.5,0.8333333333333334,0.8333333333333334
aus.republican2,3573,134,FALSE,100,100,NA,NA,NA,NA
aus.republican2,3574,135,TRUE,2,1,1,1,1,1
aus.republican2,3575,136,FALSE,100,100,NA,NA,NA,NA
aus.republican2,3576,137,TRUE,2,1,1,1,1,1
aus.republican2,3577,138,FALSE,100,100,NA,NA,NA,NA
aus.republican2,3578,139,FALSE,100,100,NA,NA,NA,NA
aus.republican2,3579,140,FALSE,100,100,NA,NA,NA,NA
aus.republican2,3580,141,FALSE,100,100,NA,NA,NA,NA
aus.republican2,3581,142,TRUE,2,1,1,1,0.9166666666666666,0.9166666666666666
aus.republican2,3582,143,TRUE,2,97,0.5,0.5,0.5,0.5
aus.republican2,3583,144,FALSE,100,100,NA,NA,NA,NA
aus.republican2,3584,145,FALSE,100,100,NA,NA,NA,NA
aus.republican2,3585,146,TRUE,2,1,1,1,0.6666666666666666,0.6666666666666666
aus.republican2,3586,147,FALSE,100,100,NA,NA,NA,NA
aus.republican2,3587,148,FALSE,100,100,NA,NA,NA,NA
aus.republican2,3588,149,FALSE,100,100,NA,NA,NA,NA
aus.republican2,3589,150,FALSE,100,100,NA,NA,NA,NA
aus.republican2,3590,151,FALSE,100,100,NA,NA,NA,NA
aus.republican2,3591,152,TRUE,2,1,1,1,0.75,0.75
aus.republican2,3592,153,FALSE,100,100,NA,NA,NA,NA
aus.republican2,3593,154,TRUE,1,2,1,1,0.75,0.75
aus.republican2,3594,155,TRUE,3,97,0.5,0,0.5833333333333334,0.4166666666666667
aus.republican2,3595,156,FALSE,100,100,NA,NA,NA,NA
aus.republican2,3596,157,FALSE,100,100,NA,NA,NA,NA
aus.republican2,3597,158,TRUE,3,2,0,0,0.3333333333333333,0.3333333333333333
aus.republican2,3598,159,FALSE,100,100,NA,NA,NA,NA
aus.republican2,3599,160,FALSE,100,100,NA,NA,NA,NA
aus.republican2,3600,161,FALSE,100,100,NA,NA,NA,NA
aus.republican2,3601,162,FALSE,100,100,NA,NA,NA,NA
aus.republican2,3602,163,FALSE,100,100,NA,NA,NA,NA
aus.republican2,3603,164,TRUE,3,2,0,0,0.3333333333333333,0.3333333333333333
aus.republican2,3604,165,TRUE,2,3,0.5,0.5,0.8333333333333334,0.8333333333333334
aus.republican2,3605,166,FALSE,100,100,NA,NA,NA,NA
aus.republican2,3606,167,TRUE,1,2,1,1,1,1
aus.republican2,3607,168,FALSE,100,100,NA,NA,NA,NA
aus.republican2,3608,169,FALSE,100,100,NA,NA,NA,NA
aus.republican2,3609,170,TRUE,2,1,1,1,1,1
aus.republican2,3610,171,FALSE,100,100,NA,NA,NA,NA
aus.republican2,3611,172,FALSE,100,100,NA,NA,NA,NA
aus.republican2,3612,173,FALSE,100,100,NA,NA,NA,NA
aus.republican2,3613,174,TRUE,2,3,0.5,0.5,0.75,0.75
aus.republican2,3614,175,FALSE,100,100,NA,NA,NA,NA
aus.republican2,3615,176,FALSE,100,100,NA,NA,NA,NA
aus.republican2,3616,177,TRUE,2,1,1,1,0.6666666666666666,0.6666666666666666
aus.republican2,3617,178,TRUE,2,1,1,1,1,1
aus.republican2,3618,179,FALSE,100,100,NA,NA,NA,NA
aus.republican2,3619,180,TRUE,3,99,0.5,0,0.8333333333333334,0.6666666666666666
aus.republican2,3620,181,FALSE,100,100,NA,NA,NA,NA
aus.republican2,3621,182,TRUE,2,1,1,1,0.9166666666666666,0.9166666666666666
aus.republican2,3622,183,TRUE,2,3,0.5,0.5,0.75,0.75
aus.republican2,3623,184,FALSE,100,100,NA,NA,NA,NA
aus.republican2,3624,185,FALSE,100,100,NA,NA,NA,NA
aus.republican2,3625,186,TRUE,1,2,1,1,0.75,0.75
aus.republican2,3626,187,FALSE,100,100,NA,NA,NA,NA
aus.republican2,3627,188,FALSE,100,100,NA,NA,NA,NA
aus.republican2,3628,189,TRUE,1,99,0.5,0.5,0.75,0.75
aus.republican2,3629,190,FALSE,100,100,NA,NA,NA,NA
aus.republican2,3630,191,FALSE,100,100,NA,NA,NA,NA
aus.republican2,3631,192,FALSE,100,100,NA,NA,NA,NA
aus.republican2,3632,193,FALSE,100,100,NA,NA,NA,NA
aus.republican2,3633,194,FALSE,100,100,NA,NA,NA,NA
aus.republican2,3634,195,FALSE,100,100,NA,NA,NA,NA
aus.republican2,3635,196,FALSE,100,100,NA,NA,NA,NA
aus.republican2,3636,197,FALSE,100,100,NA,NA,NA,NA
aus.republican2,3637,198,FALSE,100,100,NA,NA,NA,NA
aus.republican2,3638,199,TRUE,3,2,0,0,0.6666666666666666,0.6666666666666666
aus.republican2,3639,200,TRUE,2,3,0.5,0.5,0.5,0.5
aus.republican2,3640,201,FALSE,100,100,NA,NA,NA,NA
aus.republican2,3641,202,FALSE,100,100,NA,NA,NA,NA
aus.republican2,3642,203,FALSE,100,100,NA,NA,NA,NA
aus.republican2,3643,204,FALSE,100,100,NA,NA,NA,NA
aus.republican2,3644,205,TRUE,2,3,0.5,0.5,0.6666666666666666,0.6666666666666666
aus.republican2,3645,206,FALSE,100,100,NA,NA,NA,NA
aus.republican2,3646,207,FALSE,100,100,NA,NA,NA,NA
aus.republican2,3647,208,TRUE,1,99,0.5,0.5,0.5,0.5
aus.republican2,3648,209,FALSE,100,100,NA,NA,NA,NA
aus.republican2,3649,210,TRUE,2,1,1,1,0.6666666666666666,0.6666666666666666
aus.republican2,3650,211,FALSE,100,100,NA,NA,NA,NA
aus.republican2,3651,212,FALSE,100,100,NA,NA,NA,NA
aus.republican2,3652,213,FALSE,100,100,NA,NA,NA,NA
aus.republican2,3653,214,FALSE,100,100,NA,NA,NA,NA
aus.republican2,3654,215,FALSE,100,100,NA,NA,NA,NA
aus.republican2,3655,216,TRUE,3,2,0,0,0.4166666666666667,0.4166666666666667
aus.republican2,3656,217,FALSE,100,100,NA,NA,NA,NA
aus.republican2,3657,218,FALSE,100,100,NA,NA,NA,NA
aus.republican2,3658,219,FALSE,100,100,NA,NA,NA,NA
aus.republican2,3659,220,FALSE,100,100,NA,NA,NA,NA
aus.republican2,3660,221,FALSE,100,100,NA,NA,NA,NA
aus.republican2,3661,222,FALSE,100,100,NA,NA,NA,NA
aus.republican2,3662,223,FALSE,100,100,NA,NA,NA,NA
aus.republican2,3663,224,TRUE,2,1,1,1,1,1
aus.republican2,3664,225,FALSE,100,100,NA,NA,NA,NA
aus.republican2,3665,226,TRUE,2,1,1,1,1,1
aus.republican2,3666,227,FALSE,100,100,NA,NA,NA,NA
aus.republican2,3667,228,FALSE,100,100,NA,NA,NA,NA
aus.republican2,3668,229,FALSE,100,100,NA,NA,NA,NA
aus.republican2,3669,230,FALSE,100,100,NA,NA,NA,NA
aus.republican2,3670,231,FALSE,100,100,NA,NA,NA,NA
aus.republican2,3671,232,FALSE,100,100,NA,NA,NA,NA
aus.republican2,3672,233,FALSE,100,100,NA,NA,NA,NA
aus.republican2,3673,234,FALSE,100,100,NA,NA,NA,NA
aus.republican2,3674,235,FALSE,100,100,NA,NA,NA,NA
aus.republican2,3675,236,FALSE,100,100,NA,NA,NA,NA
aus.republican2,3676,237,FALSE,100,100,NA,NA,NA,NA
aus.republican2,3677,238,FALSE,100,100,NA,NA,NA,NA
aus.republican2,3678,239,TRUE,3,1,0,0,0.4166666666666667,0.4166666666666667
aus.republican2,3679,240,TRUE,2,1,1,1,0.75,0.75
aus.republican2,3680,241,FALSE,100,100,NA,NA,NA,NA
aus.republican2,3681,242,FALSE,100,100,NA,NA,NA,NA
aus.republican2,3682,243,FALSE,100,100,NA,NA,NA,NA
aus.republican2,3683,244,TRUE,1,2,1,1,0.6666666666666666,0.6666666666666666
aus.republican2,3684,245,FALSE,100,100,NA,NA,NA,NA
aus.republican2,3685,246,FALSE,100,100,NA,NA,NA,NA
aus.republican2,3686,247,FALSE,100,100,NA,NA,NA,NA
aus.republican2,3687,248,TRUE,2,3,0.5,0.5,0.8333333333333334,0.8333333333333334
aus.republican2,3688,249,TRUE,3,1,0,0,0.3333333333333333,0.3333333333333333
aus.republican2,3689,250,FALSE,100,100,NA,NA,NA,NA
aus.republican2,3690,251,FALSE,100,100,NA,NA,NA,NA
aus.republican2,3691,252,TRUE,2,3,0.5,0.5,0.5,0.5
aus.republican2,3692,253,FALSE,100,100,NA,NA,NA,NA
aus.republican2,3693,254,FALSE,100,100,NA,NA,NA,NA
aus.republican2,3694,255,FALSE,100,100,NA,NA,NA,NA
aus.republican2,3695,256,TRUE,2,3,0.5,0.5,0.8333333333333334,0.8333333333333334
aus.republican2,3696,257,FALSE,100,100,NA,NA,NA,NA
aus.republican2,3697,258,FALSE,100,100,NA,NA,NA,NA
aus.republican2,3698,259,FALSE,100,100,NA,NA,NA,NA
aus.republican2,3699,260,TRUE,2,1,1,1,1,1
aus.republican2,3700,261,FALSE,100,100,NA,NA,NA,NA
aus.republican2,3701,262,TRUE,2,3,0.5,0.5,0.75,0.75
aus.republican2,3702,263,FALSE,100,100,NA,NA,NA,NA
aus.republican2,3703,301,FALSE,100,100,NA,NA,NA,NA
aus.republican2,3704,302,FALSE,100,100,NA,NA,NA,NA
aus.republican2,3705,303,FALSE,100,100,NA,NA,NA,NA
aus.republican2,3706,304,FALSE,100,100,NA,NA,NA,NA
aus.republican2,3707,305,FALSE,100,100,NA,NA,NA,NA
aus.republican2,3708,306,FALSE,100,100,NA,NA,NA,NA
aus.republican2,3709,307,TRUE,3,99,0.5,0,0.5,0
aus.republican2,3710,308,FALSE,100,100,NA,NA,NA,NA
aus.republican2,3711,309,TRUE,2,3,0.5,0.5,0.8333333333333334,0.8333333333333334
aus.republican2,3712,310,FALSE,100,100,NA,NA,NA,NA
aus.republican2,3713,311,FALSE,100,100,NA,NA,NA,NA
aus.republican2,3714,312,TRUE,1,97,0.5,0.5,0.75,0.75
aus.republican2,3715,313,TRUE,2,1,1,1,0.6666666666666666,0.6666666666666666
aus.republican2,3716,314,FALSE,100,100,NA,NA,NA,NA
aus.republican2,3717,315,TRUE,1,3,0.5,0.5,0.75,0.75
aus.republican2,3718,316,FALSE,100,100,NA,NA,NA,NA
aus.republican2,3719,317,FALSE,100,100,NA,NA,NA,NA
aus.republican2,3720,318,FALSE,100,100,NA,NA,NA,NA
aus.republican2,3721,319,FALSE,100,100,NA,NA,NA,NA
aus.republican2,3722,320,FALSE,100,100,NA,NA,NA,NA
aus.republican2,3723,321,TRUE,2,3,0.5,0.5,0.75,0.75
aus.republican2,3724,322,FALSE,100,100,NA,NA,NA,NA
aus.republican2,3725,323,FALSE,100,100,NA,NA,NA,NA
aus.republican2,3726,324,FALSE,100,100,NA,NA,NA,NA
aus.republican2,3727,325,FALSE,100,100,NA,NA,NA,NA
aus.republican2,3728,326,FALSE,100,100,NA,NA,NA,NA
aus.republican2,3729,327,TRUE,2,1,1,1,1,1
aus.republican2,3730,328,FALSE,100,100,NA,NA,NA,NA
aus.republican2,3731,329,TRUE,2,1,1,1,1,1
aus.republican2,3732,330,FALSE,100,100,NA,NA,NA,NA
aus.republican2,3733,331,FALSE,100,100,NA,NA,NA,NA
aus.republican2,3734,332,FALSE,100,100,NA,NA,NA,NA
aus.republican2,3735,333,FALSE,100,100,NA,NA,NA,NA
aus.republican2,3736,334,FALSE,100,100,NA,NA,NA,NA
aus.republican2,3737,335,FALSE,100,100,NA,NA,NA,NA
aus.republican2,3738,336,FALSE,100,100,NA,NA,NA,NA
aus.republican2,3739,337,FALSE,100,100,NA,NA,NA,NA
aus.republican2,3740,338,TRUE,2,1,1,1,0.6666666666666666,0.6666666666666666
aus.republican2,3741,339,FALSE,100,100,NA,NA,NA,NA
aus.republican2,3742,340,TRUE,2,3,0.5,0.5,0.8333333333333334,0.8333333333333334
aus.republican2,3743,341,FALSE,100,100,NA,NA,NA,NA
aus.republican2,3744,342,FALSE,100,100,NA,NA,NA,NA
aus.republican2,3745,343,TRUE,2,1,1,1,1,1
aus.republican2,3746,344,TRUE,99,99,0.5,0.5,0.5833333333333334,0.5833333333333334
aus.republican2,3747,345,FALSE,100,100,NA,NA,NA,NA
aus.republican2,3748,346,FALSE,100,100,NA,NA,NA,NA
aus.republican2,3749,347,FALSE,100,100,NA,NA,NA,NA
aus.republican2,3750,348,FALSE,100,100,NA,NA,NA,NA
aus.republican2,3751,349,FALSE,100,100,NA,NA,NA,NA
aus.republican2,3752,350,FALSE,100,100,NA,NA,NA,NA
aus.republican2,3753,351,FALSE,100,100,NA,NA,NA,NA
aus.republican2,3754,352,TRUE,2,1,1,1,0.9166666666666666,0.9166666666666666
aus.republican2,3755,353,TRUE,3,2,0,0,0.5,0.5
aus.republican2,3756,354,FALSE,100,100,NA,NA,NA,NA
aus.republican2,3757,355,FALSE,100,100,NA,NA,NA,NA
aus.republican2,3758,356,FALSE,100,100,NA,NA,NA,NA
aus.republican2,3759,357,TRUE,3,2,0,0,0.4166666666666667,0.4166666666666667
aus.republican2,3760,358,TRUE,2,1,1,1,0.9166666666666666,0.9166666666666666
aus.republican2,3761,359,FALSE,100,100,NA,NA,NA,NA
aus.republican2,3762,360,FALSE,100,100,NA,NA,NA,NA
aus.republican2,3763,361,TRUE,2,3,0.5,0.5,0.8333333333333334,0.8333333333333334
aus.republican2,3764,362,FALSE,100,100,NA,NA,NA,NA
aus.republican2,3765,363,FALSE,100,100,NA,NA,NA,NA
aus.republican2,3766,364,TRUE,2,1,1,1,0.75,0.75
aus.republican2,3767,365,FALSE,100,100,NA,NA,NA,NA
aus.republican2,3768,366,TRUE,1,2,1,1,0.8333333333333334,0.8333333333333334
aus.republican2,3769,367,FALSE,100,100,NA,NA,NA,NA
aus.republican2,3770,368,FALSE,100,100,NA,NA,NA,NA
aus.republican2,3771,369,FALSE,100,100,NA,NA,NA,NA
aus.republican2,3772,370,TRUE,2,1,1,1,1,1
aus.republican2,3773,371,FALSE,100,100,NA,NA,NA,NA
aus.republican2,3774,372,FALSE,100,100,NA,NA,NA,NA
aus.republican2,3775,373,FALSE,100,100,NA,NA,NA,NA
aus.republican2,3776,374,FALSE,100,100,NA,NA,NA,NA
aus.republican2,3777,375,FALSE,100,100,NA,NA,NA,NA
aus.republican2,3778,376,FALSE,100,100,NA,NA,NA,NA
aus.republican2,3779,377,FALSE,100,100,NA,NA,NA,NA
aus.republican2,3780,378,FALSE,100,100,NA,NA,NA,NA
aus.republican2,3781,379,FALSE,100,100,NA,NA,NA,NA
aus.republican2,3782,380,FALSE,100,100,NA,NA,NA,NA
aus.republican2,3783,381,FALSE,100,100,NA,NA,NA,NA
aus.republican2,3784,382,FALSE,100,100,NA,NA,NA,NA
aus.republican2,3785,383,FALSE,100,100,NA,NA,NA,NA
aus.republican2,3786,384,FALSE,100,100,NA,NA,NA,NA
aus.republican2,3787,385,FALSE,100,100,NA,NA,NA,NA
aus.republican2,3788,386,FALSE,100,100,NA,NA,NA,NA
aus.republican2,3789,387,FALSE,100,100,NA,NA,NA,NA
aus.republican2,3790,388,FALSE,100,100,NA,NA,NA,NA
aus.republican2,3791,389,FALSE,100,100,NA,NA,NA,NA
aus.republican2,3792,390,FALSE,100,100,NA,NA,NA,NA
aus.republican2,3793,391,FALSE,100,100,NA,NA,NA,NA
aus.republican2,3794,392,FALSE,100,100,NA,NA,NA,NA
aus.republican2,3795,393,FALSE,100,100,NA,NA,NA,NA
aus.republican2,3796,394,FALSE,100,100,NA,NA,NA,NA
aus.republican2,3797,395,FALSE,100,100,NA,NA,NA,NA
aus.republican2,3798,396,TRUE,2,3,0.5,0.5,0.8333333333333334,0.8333333333333334
aus.republican2,3799,397,TRUE,3,1,0,0,0.3333333333333333,0.3333333333333333
aus.republican2,3800,398,FALSE,100,100,NA,NA,NA,NA
aus.republican2,3801,399,TRUE,2,3,0.5,0.5,0.5833333333333334,0.5833333333333334
aus.republican2,3802,400,FALSE,100,100,NA,NA,NA,NA
aus.republican2,3803,401,FALSE,100,100,NA,NA,NA,NA
aus.republican2,3804,402,FALSE,100,100,NA,NA,NA,NA
aus.republican2,3805,403,TRUE,3,1,0,0,0.4166666666666667,0.4166666666666667
aus.republican2,3806,404,TRUE,2,3,0.5,0.5,0.6666666666666666,0.6666666666666666
aus.republican2,3807,405,FALSE,100,100,NA,NA,NA,NA
aus.republican2,3808,406,FALSE,100,100,NA,NA,NA,NA
aus.republican2,3809,407,FALSE,100,100,NA,NA,NA,NA
aus.republican2,3810,408,FALSE,100,100,NA,NA,NA,NA
aus.republican2,3811,409,FALSE,100,100,NA,NA,NA,NA
aus.republican2,3812,410,FALSE,100,100,NA,NA,NA,NA
aus.republican2,3813,411,FALSE,100,100,NA,NA,NA,NA
aus.republican2,3814,412,FALSE,100,100,NA,NA,NA,NA
aus.republican2,3815,413,FALSE,100,100,NA,NA,NA,NA
aus.republican2,3816,414,FALSE,100,100,NA,NA,NA,NA
aus.republican2,3817,415,FALSE,100,100,NA,NA,NA,NA
aus.republican2,3818,416,FALSE,100,100,NA,NA,NA,NA
aus.republican2,3819,417,TRUE,2,3,0.5,0.5,0.8333333333333334,0.8333333333333334
aus.republican2,3820,418,FALSE,100,100,NA,NA,NA,NA
aus.republican2,3821,419,TRUE,2,97,0.5,0.5,0.75,0.75
aus.republican2,3822,420,TRUE,99,99,0.5,0.5,0.6666666666666666,0.6666666666666666
aus.republican2,3823,421,FALSE,100,100,NA,NA,NA,NA
aus.republican2,3824,422,FALSE,100,100,NA,NA,NA,NA
aus.republican2,3825,423,FALSE,100,100,NA,NA,NA,NA
aus.republican2,3826,424,FALSE,100,100,NA,NA,NA,NA
aus.republican2,3827,425,TRUE,2,99,0.5,0.5,0.8333333333333334,0.8333333333333334
aus.republican2,3828,426,FALSE,100,100,NA,NA,NA,NA
aus.republican2,3829,427,FALSE,100,100,NA,NA,NA,NA
aus.republican2,3830,428,FALSE,100,100,NA,NA,NA,NA
aus.republican2,3831,429,FALSE,100,100,NA,NA,NA,NA
aus.republican2,3832,430,TRUE,2,1,1,1,0.8333333333333334,0.8333333333333334
aus.republican2,3833,431,FALSE,100,100,NA,NA,NA,NA
aus.republican2,3834,432,TRUE,1,2,1,1,0.6666666666666666,0.6666666666666666
aus.republican2,3835,433,TRUE,2,1,1,1,0.8333333333333334,0.8333333333333334
aus.republican2,3836,434,FALSE,100,100,NA,NA,NA,NA
aus.republican2,3837,435,FALSE,100,100,NA,NA,NA,NA
aus.republican2,3838,436,FALSE,100,100,NA,NA,NA,NA
aus.republican2,3839,437,FALSE,100,100,NA,NA,NA,NA
aus.republican2,3840,438,FALSE,100,100,NA,NA,NA,NA
aus.republican2,3841,439,FALSE,100,100,NA,NA,NA,NA
aus.republican2,3842,440,FALSE,100,100,NA,NA,NA,NA
aus.republican2,3843,441,FALSE,100,100,NA,NA,NA,NA
aus.republican2,3844,442,FALSE,100,100,NA,NA,NA,NA
aus.republican2,3845,443,FALSE,100,100,NA,NA,NA,NA
aus.republican2,3846,444,FALSE,100,100,NA,NA,NA,NA
aus.republican2,3847,445,FALSE,100,100,NA,NA,NA,NA
aus.republican2,3848,446,FALSE,100,100,NA,NA,NA,NA
aus.republican2,3849,447,FALSE,100,100,NA,NA,NA,NA
aus.republican2,3850,448,FALSE,100,100,NA,NA,NA,NA
aus.republican2,3851,449,FALSE,100,100,NA,NA,NA,NA
aus.republican2,3852,450,FALSE,100,100,NA,NA,NA,NA
aus.republican2,3853,471,FALSE,100,100,NA,NA,NA,NA
aus.republican2,3854,472,FALSE,100,100,NA,NA,NA,NA
aus.republican2,3855,473,FALSE,100,100,NA,NA,NA,NA
aus.republican2,3856,474,FALSE,100,100,NA,NA,NA,NA
aus.republican2,3857,475,FALSE,100,100,NA,NA,NA,NA
aus.republican2,3858,476,FALSE,100,100,NA,NA,NA,NA
aus.republican2,3859,477,FALSE,100,100,NA,NA,NA,NA
aus.republican2,3860,478,FALSE,100,100,NA,NA,NA,NA
aus.republican2,3861,479,FALSE,100,100,NA,NA,NA,NA
aus.republican2,3862,480,TRUE,3,2,0,0,0,0
aus.republican2,3863,481,FALSE,100,100,NA,NA,NA,NA
aus.republican2,3864,482,TRUE,1,99,0.5,0.5,0.8333333333333334,0.8333333333333334
aus.republican2,3865,483,FALSE,100,100,NA,NA,NA,NA
aus.republican2,3866,484,TRUE,2,97,0.5,0.5,0.5833333333333334,0.5833333333333334
aus.republican2,3867,485,FALSE,100,100,NA,NA,NA,NA
aus.republican2,3868,486,FALSE,100,100,NA,NA,NA,NA
aus.republican2,3869,487,FALSE,100,100,NA,NA,NA,NA
aus.republican2,3870,488,FALSE,100,100,NA,NA,NA,NA
aus.republican2,3871,489,FALSE,100,100,NA,NA,NA,NA
aus.republican2,3872,490,FALSE,100,100,NA,NA,NA,NA
aus.republican2,3873,501,FALSE,100,100,NA,NA,NA,NA
aus.republican2,3874,502,FALSE,100,100,NA,NA,NA,NA
aus.republican2,3875,503,FALSE,100,100,NA,NA,NA,NA
aus.republican2,3876,504,TRUE,2,3,0.5,0.5,0.75,0.75
aus.republican2,3877,505,FALSE,100,100,NA,NA,NA,NA
aus.republican2,3878,506,FALSE,100,100,NA,NA,NA,NA
aus.republican2,3879,507,FALSE,100,100,NA,NA,NA,NA
aus.republican2,3880,508,FALSE,100,100,NA,NA,NA,NA
aus.republican2,3881,509,FALSE,100,100,NA,NA,NA,NA
aus.republican2,3882,510,FALSE,100,100,NA,NA,NA,NA
aus.republican2,3883,511,FALSE,100,100,NA,NA,NA,NA
aus.republican2,3884,512,TRUE,2,99,0.5,0.5,0.8333333333333334,0.8333333333333334
aus.republican2,3885,513,TRUE,2,1,1,1,1,1
aus.republican2,3886,514,TRUE,2,1,1,1,1,1
aus.republican2,3887,515,TRUE,2,3,0.5,0.5,0.8333333333333334,0.8333333333333334
aus.republican2,3888,516,FALSE,100,100,NA,NA,NA,NA
aus.republican2,3889,517,FALSE,100,100,NA,NA,NA,NA
aus.republican2,3890,518,FALSE,100,100,NA,NA,NA,NA
aus.republican2,3891,519,FALSE,100,100,NA,NA,NA,NA
aus.republican2,3892,520,TRUE,2,1,1,1,1,1
aus.republican2,3893,521,TRUE,1,2,1,1,0.75,0.75
aus.republican2,3894,522,TRUE,2,3,0.5,0.5,0.6666666666666666,0.6666666666666666
aus.republican2,3895,523,TRUE,2,1,1,1,1,1
aus.republican2,3896,524,FALSE,100,100,NA,NA,NA,NA
aus.republican2,3897,525,FALSE,100,100,NA,NA,NA,NA
aus.republican2,3898,526,FALSE,100,100,NA,NA,NA,NA
aus.republican2,3899,527,TRUE,2,1,1,1,0.9166666666666666,0.9166666666666666
aus.republican2,3900,528,TRUE,2,1,1,1,0.6666666666666666,0.6666666666666666
aus.republican2,3901,529,FALSE,100,100,NA,NA,NA,NA
aus.republican2,3902,530,TRUE,2,1,1,1,1,1
aus.republican2,3903,531,TRUE,1,97,0.5,0.5,0.5,0.5
aus.republican2,3904,532,TRUE,2,3,0.5,0.5,0.8333333333333334,0.8333333333333334
aus.republican2,3905,533,FALSE,100,100,NA,NA,NA,NA
aus.republican2,3906,534,FALSE,100,100,NA,NA,NA,NA
aus.republican2,3907,535,FALSE,100,100,NA,NA,NA,NA
aus.republican2,3908,536,FALSE,100,100,NA,NA,NA,NA
aus.republican2,3909,537,TRUE,1,2,1,1,1,1
aus.republican2,3910,538,TRUE,3,2,0,0,0.4166666666666667,0.4166666666666667
aus.republican2,3911,539,TRUE,2,1,1,1,1,1
aus.republican2,3912,540,FALSE,100,100,NA,NA,NA,NA
aus.republican2,3913,541,TRUE,2,1,1,1,1,1
aus.republican2,3914,542,TRUE,2,1,1,1,1,1
aus.republican2,3915,543,FALSE,100,100,NA,NA,NA,NA
aus.republican2,3916,544,FALSE,100,100,NA,NA,NA,NA
aus.republican2,3917,545,FALSE,100,100,NA,NA,NA,NA
aus.republican2,3918,546,FALSE,100,100,NA,NA,NA,NA
aus.republican2,3919,547,FALSE,100,100,NA,NA,NA,NA
aus.republican2,3920,548,FALSE,100,100,NA,NA,NA,NA
aus.republican2,3921,549,FALSE,100,100,NA,NA,NA,NA
aus.republican2,3922,550,FALSE,100,100,NA,NA,NA,NA
aus.republican2,3923,551,FALSE,100,100,NA,NA,NA,NA
aus.republican2,3924,552,FALSE,100,100,NA,NA,NA,NA
aus.republican2,3925,553,FALSE,100,100,NA,NA,NA,NA
aus.republican2,3926,554,FALSE,100,100,NA,NA,NA,NA
aus.republican2,3927,555,FALSE,100,100,NA,NA,NA,NA
aus.republican2,3928,556,FALSE,100,100,NA,NA,NA,NA
aus.republican2,3929,557,TRUE,2,3,0.5,0.5,0.8333333333333334,0.8333333333333334
aus.republican2,3930,558,FALSE,100,100,NA,NA,NA,NA
aus.republican2,3931,559,FALSE,100,100,NA,NA,NA,NA
aus.republican2,3932,560,FALSE,100,100,NA,NA,NA,NA
aus.republican2,3933,561,FALSE,100,100,NA,NA,NA,NA
aus.republican2,3934,562,FALSE,100,100,NA,NA,NA,NA
aus.republican2,3935,563,FALSE,100,100,NA,NA,NA,NA
aus.republican2,3936,564,FALSE,100,100,NA,NA,NA,NA
aus.republican2,3937,565,TRUE,1,2,1,1,0.9166666666666666,0.9166666666666666
aus.republican2,3938,566,TRUE,2,1,1,1,0.75,0.75
aus.republican2,3939,567,FALSE,100,100,NA,NA,NA,NA
aus.republican2,3940,568,FALSE,100,100,NA,NA,NA,NA
aus.republican2,3941,569,TRUE,2,1,1,1,1,1
aus.republican2,3942,570,TRUE,2,1,1,1,1,1
aus.republican2,3943,571,TRUE,3,1,0,0,0.3333333333333333,0.3333333333333333
aus.republican2,3944,572,TRUE,2,3,0.5,0.5,0.5,0.5
aus.republican2,3945,573,TRUE,2,1,1,1,1,1
aus.republican2,3946,574,FALSE,100,100,NA,NA,NA,NA
aus.republican2,3947,575,FALSE,100,100,NA,NA,NA,NA
aus.republican2,3948,576,FALSE,100,100,NA,NA,NA,NA
aus.republican2,3949,577,FALSE,100,100,NA,NA,NA,NA
aus.republican2,3950,578,FALSE,100,100,NA,NA,NA,NA
aus.republican2,3951,579,TRUE,2,3,0.5,0.5,0.8333333333333334,0.8333333333333334
aus.republican2,3952,580,FALSE,100,100,NA,NA,NA,NA
aus.republican2,3953,581,TRUE,2,1,1,1,0.8333333333333334,0.8333333333333334
aus.republican2,3954,582,TRUE,2,1,1,1,0.6666666666666666,0.6666666666666666
aus.republican2,3955,583,TRUE,2,1,1,1,1,1
aus.republican2,3956,584,FALSE,100,100,NA,NA,NA,NA
aus.republican2,3957,585,TRUE,3,97,0.5,0,0.5,0.3333333333333333
aus.republican2,3958,586,FALSE,100,100,NA,NA,NA,NA
aus.republican2,3959,587,FALSE,100,100,NA,NA,NA,NA
aus.republican2,3960,588,FALSE,100,100,NA,NA,NA,NA
aus.republican2,3961,589,FALSE,100,100,NA,NA,NA,NA
aus.republican2,3962,590,FALSE,100,100,NA,NA,NA,NA
aus.republican2,3963,591,TRUE,2,3,0.5,0.5,0.6666666666666666,0.6666666666666666
aus.republican2,3964,592,TRUE,2,99,0.5,0.5,0.6666666666666666,0.6666666666666666
aus.republican2,3965,593,FALSE,100,100,NA,NA,NA,NA
aus.republican2,3966,594,FALSE,100,100,NA,NA,NA,NA
aus.republican2,3967,595,FALSE,100,100,NA,NA,NA,NA
aus.republican2,3968,596,TRUE,1,2,1,1,1,1
aus.republican2,3969,597,FALSE,100,100,NA,NA,NA,NA
aus.republican2,3970,598,FALSE,100,100,NA,NA,NA,NA
aus.republican2,3971,599,FALSE,100,100,NA,NA,NA,NA
aus.republican2,3972,600,TRUE,2,1,1,1,1,1
aus.republican2,3973,601,FALSE,100,100,NA,NA,NA,NA
aus.republican2,3974,602,TRUE,2,3,0.5,0.5,0.5,0.5
aus.republican2,3975,603,FALSE,100,100,NA,NA,NA,NA
aus.republican2,3976,604,FALSE,100,100,NA,NA,NA,NA
aus.republican2,3977,605,TRUE,3,99,0.5,0,0.6666666666666666,0.5
aus.republican2,3978,606,FALSE,100,100,NA,NA,NA,NA
aus.republican2,3979,607,FALSE,100,100,NA,NA,NA,NA
aus.republican2,3980,608,FALSE,100,100,NA,NA,NA,NA
aus.republican2,3981,609,FALSE,100,100,NA,NA,NA,NA
aus.republican2,3982,610,FALSE,100,100,NA,NA,NA,NA
aus.republican2,3983,611,FALSE,100,100,NA,NA,NA,NA
aus.republican2,3984,612,FALSE,100,100,NA,NA,NA,NA
aus.republican2,3985,613,FALSE,100,100,NA,NA,NA,NA
aus.republican2,3986,614,TRUE,2,97,0.5,0.5,0.6666666666666666,0.6666666666666666
aus.republican2,3987,615,FALSE,100,100,NA,NA,NA,NA
aus.republican2,3988,616,FALSE,100,100,NA,NA,NA,NA
aus.republican2,3989,617,FALSE,100,100,NA,NA,NA,NA
aus.republican2,3990,618,FALSE,100,100,NA,NA,NA,NA
aus.republican2,3991,619,FALSE,100,100,NA,NA,NA,NA
aus.republican2,3992,620,FALSE,100,100,NA,NA,NA,NA
aus.republican2,3993,621,TRUE,2,1,1,1,1,1
aus.republican2,3994,622,TRUE,2,1,1,1,1,1
aus.republican2,3995,623,FALSE,100,100,NA,NA,NA,NA
aus.republican2,3996,624,TRUE,3,1,0,0,0.4166666666666667,0.4166666666666667
aus.republican2,3997,625,FALSE,100,100,NA,NA,NA,NA
aus.republican2,3998,626,FALSE,100,100,NA,NA,NA,NA
aus.republican2,3999,627,FALSE,100,100,NA,NA,NA,NA
aus.republican2,4000,628,FALSE,100,100,NA,NA,NA,NA
aus.republican2,4001,629,FALSE,100,100,NA,NA,NA,NA
aus.republican2,4002,630,FALSE,100,100,NA,NA,NA,NA
aus.republican2,4003,631,FALSE,100,100,NA,NA,NA,NA
aus.republican2,4004,632,TRUE,3,1,0,0,0.3333333333333333,0.3333333333333333
aus.republican2,4005,633,FALSE,100,100,NA,NA,NA,NA
aus.republican2,4006,634,FALSE,100,100,NA,NA,NA,NA
aus.republican2,4007,635,FALSE,100,100,NA,NA,NA,NA
aus.republican2,4008,636,FALSE,100,100,NA,NA,NA,NA
aus.republican2,4009,637,FALSE,100,100,NA,NA,NA,NA
aus.republican2,4010,638,FALSE,100,100,NA,NA,NA,NA
aus.republican2,4011,639,FALSE,100,100,NA,NA,NA,NA
aus.republican2,4012,640,TRUE,2,1,1,1,1,1
aus.republican2,4013,641,FALSE,100,100,NA,NA,NA,NA
aus.republican2,4014,642,TRUE,3,1,0,0,0.3333333333333333,0.3333333333333333
aus.republican2,4015,643,FALSE,100,100,NA,NA,NA,NA
aus.republican2,4016,644,TRUE,2,3,0.5,0.5,0.8333333333333334,0.8333333333333334
aus.republican2,4017,645,FALSE,100,100,NA,NA,NA,NA
aus.republican2,4018,646,FALSE,100,100,NA,NA,NA,NA
aus.republican2,4019,647,FALSE,100,100,NA,NA,NA,NA
aus.republican2,4020,648,TRUE,2,1,1,1,0.9166666666666666,0.9166666666666666
aus.republican2,4021,649,FALSE,100,100,NA,NA,NA,NA
aus.republican2,4022,650,TRUE,2,97,0.5,0.5,0.8333333333333334,0.8333333333333334
aus.republican2,4023,651,FALSE,100,100,NA,NA,NA,NA
aus.republican2,4024,652,FALSE,100,100,NA,NA,NA,NA
aus.republican2,4025,653,FALSE,100,100,NA,NA,NA,NA
aus.republican2,4026,654,FALSE,100,100,NA,NA,NA,NA
aus.republican2,4027,655,TRUE,2,1,1,1,1,1
aus.republican2,4028,656,FALSE,100,100,NA,NA,NA,NA
aus.republican2,4029,657,FALSE,100,100,NA,NA,NA,NA
aus.republican2,4030,658,TRUE,3,1,0,0,0.3333333333333333,0.3333333333333333
aus.republican2,4031,659,FALSE,100,100,NA,NA,NA,NA
aus.republican2,4032,660,FALSE,100,100,NA,NA,NA,NA
aus.republican2,4033,661,FALSE,100,100,NA,NA,NA,NA
aus.republican2,4034,662,FALSE,100,100,NA,NA,NA,NA
aus.republican2,4035,663,FALSE,100,100,NA,NA,NA,NA
aus.republican2,4036,664,TRUE,2,1,1,1,1,1
aus.republican2,4037,665,FALSE,100,100,NA,NA,NA,NA
aus.republican2,4038,666,FALSE,100,100,NA,NA,NA,NA
aus.republican2,4039,667,FALSE,100,100,NA,NA,NA,NA
aus.republican2,4040,668,TRUE,2,1,1,1,1,1
aus.republican2,4041,669,FALSE,100,100,NA,NA,NA,NA
aus.republican2,4042,670,FALSE,100,100,NA,NA,NA,NA
aus.republican2,4043,671,FALSE,100,100,NA,NA,NA,NA
aus.republican2,4044,672,FALSE,100,100,NA,NA,NA,NA
aus.republican2,4045,673,FALSE,100,100,NA,NA,NA,NA
aus.republican2,4046,674,FALSE,100,100,NA,NA,NA,NA
aus.republican2,4047,675,FALSE,100,100,NA,NA,NA,NA
aus.republican2,4048,676,FALSE,100,100,NA,NA,NA,NA
aus.republican2,4049,677,FALSE,100,100,NA,NA,NA,NA
aus.republican2,4050,678,FALSE,100,100,NA,NA,NA,NA
aus.republican2,4051,679,FALSE,100,100,NA,NA,NA,NA
aus.republican2,4052,680,FALSE,100,100,NA,NA,NA,NA
aus.republican2,4053,681,FALSE,100,100,NA,NA,NA,NA
aus.republican2,4054,682,FALSE,100,100,NA,NA,NA,NA
aus.republican2,4055,683,TRUE,1,2,1,1,0.75,0.75
aus.republican2,4056,684,TRUE,2,1,1,1,0.8333333333333334,0.8333333333333334
aus.republican2,4057,685,TRUE,99,99,0.5,0.5,0.5,0.5
aus.republican2,4058,686,TRUE,1,2,1,1,0.75,0.75
aus.republican2,4059,687,TRUE,2,97,0.5,0.5,0.8333333333333334,0.8333333333333334
aus.republican2,4060,688,TRUE,2,1,1,1,0.8333333333333334,0.8333333333333334
aus.republican2,4061,689,TRUE,2,99,0.5,0.5,0.8333333333333334,0.8333333333333334
aus.republican2,4062,690,FALSE,100,100,NA,NA,NA,NA
aus.republican2,4063,691,FALSE,100,100,NA,NA,NA,NA
aus.republican2,4064,692,TRUE,2,99,0.5,0.5,0.75,0.75
aus.republican2,4065,693,TRUE,1,99,0.5,0.5,0.5,0.5
aus.republican2,4066,694,FALSE,100,100,NA,NA,NA,NA
aus.republican2,4067,695,FALSE,100,100,NA,NA,NA,NA
aus.republican2,4068,696,FALSE,100,100,NA,NA,NA,NA
aus.republican2,4069,697,FALSE,100,100,NA,NA,NA,NA
aus.republican2,4070,698,FALSE,100,100,NA,NA,NA,NA
aus.republican2,4071,699,TRUE,3,99,0.5,0,0.25,0
aus.republican2,4072,700,FALSE,100,100,NA,NA,NA,NA
aus.republican2,4073,701,FALSE,100,100,NA,NA,NA,NA
aus.republican2,4074,702,FALSE,100,100,NA,NA,NA,NA
aus.republican2,4075,703,FALSE,100,100,NA,NA,NA,NA
aus.republican2,4076,704,FALSE,100,100,NA,NA,NA,NA
aus.republican2,4077,705,FALSE,100,100,NA,NA,NA,NA
aus.republican2,4078,706,FALSE,100,100,NA,NA,NA,NA
aus.republican2,4079,707,FALSE,100,100,NA,NA,NA,NA
aus.republican2,4080,708,FALSE,100,100,NA,NA,NA,NA
aus.republican2,4081,709,FALSE,100,100,NA,NA,NA,NA
aus.republican2,4082,710,TRUE,1,99,0.5,0.5,0.5833333333333334,0.5833333333333334
aus.republican2,4083,711,FALSE,100,100,NA,NA,NA,NA
aus.republican2,4084,712,FALSE,100,100,NA,NA,NA,NA
aus.republican2,4085,713,FALSE,100,100,NA,NA,NA,NA
aus.republican2,4086,714,FALSE,100,100,NA,NA,NA,NA
aus.republican2,4087,715,FALSE,100,100,NA,NA,NA,NA
aus.republican2,4088,716,FALSE,100,100,NA,NA,NA,NA
aus.republican2,4089,717,TRUE,2,1,1,1,1,1
aus.republican2,4090,718,FALSE,100,100,NA,NA,NA,NA
aus.republican2,4091,719,TRUE,2,99,0.5,0.5,0.8333333333333334,0.8333333333333334
aus.republican2,4092,720,TRUE,1,2,1,1,1,1
aus.republican2,4093,721,TRUE,1,2,1,1,1,1
aus.republican2,4094,722,FALSE,100,100,NA,NA,NA,NA
aus.republican2,4095,723,TRUE,2,1,1,1,1,1
aus.republican2,4096,751,FALSE,100,100,NA,NA,NA,NA
aus.republican2,4097,752,FALSE,100,100,NA,NA,NA,NA
aus.republican2,4098,753,FALSE,100,100,NA,NA,NA,NA
aus.republican2,4099,754,FALSE,100,100,NA,NA,NA,NA
aus.republican2,4100,755,FALSE,100,100,NA,NA,NA,NA
aus.republican2,4101,756,FALSE,100,100,NA,NA,NA,NA
aus.republican2,4102,757,TRUE,1,99,0.5,0.5,0.8333333333333334,0.8333333333333334
aus.republican2,4103,758,TRUE,2,99,0.5,0.5,0.8333333333333334,0.8333333333333334
aus.republican2,4104,759,FALSE,100,100,NA,NA,NA,NA
aus.republican2,4105,760,FALSE,100,100,NA,NA,NA,NA
aus.republican2,4106,761,TRUE,2,97,0.5,0.5,0.8333333333333334,0.8333333333333334
aus.republican2,4107,762,FALSE,100,100,NA,NA,NA,NA
aus.republican2,4108,763,FALSE,100,100,NA,NA,NA,NA
aus.republican2,4109,764,TRUE,1,97,0.5,0.5,0.8333333333333334,0.8333333333333334
aus.republican2,4110,765,FALSE,100,100,NA,NA,NA,NA
aus.republican2,4111,766,FALSE,100,100,NA,NA,NA,NA
aus.republican2,4112,767,FALSE,100,100,NA,NA,NA,NA
aus.republican2,4113,768,FALSE,100,100,NA,NA,NA,NA
aus.republican2,4114,769,FALSE,100,100,NA,NA,NA,NA
aus.republican2,4115,770,FALSE,100,100,NA,NA,NA,NA
aus.republican2,4116,771,FALSE,100,100,NA,NA,NA,NA
aus.republican2,4117,772,TRUE,2,1,1,1,1,1
aus.republican2,4118,773,FALSE,100,100,NA,NA,NA,NA
aus.republican2,4119,774,FALSE,100,100,NA,NA,NA,NA
aus.republican2,4120,775,FALSE,100,100,NA,NA,NA,NA
aus.republican2,4121,776,FALSE,100,100,NA,NA,NA,NA
aus.republican2,4122,777,FALSE,100,100,NA,NA,NA,NA
aus.republican2,4123,778,FALSE,100,100,NA,NA,NA,NA
aus.republican2,4124,779,TRUE,3,2,0,0,0.3333333333333333,0.3333333333333333
aus.republican2,4125,780,FALSE,100,100,NA,NA,NA,NA
aus.republican2,4126,781,FALSE,100,100,NA,NA,NA,NA
aus.republican2,4127,782,FALSE,100,100,NA,NA,NA,NA
aus.republican2,4128,783,FALSE,100,100,NA,NA,NA,NA
aus.republican2,4129,784,TRUE,3,2,0,0,0.5833333333333334,0.5833333333333334
aus.republican2,4130,785,FALSE,100,100,NA,NA,NA,NA
aus.republican2,4131,786,TRUE,2,3,0.5,0.5,0.6666666666666666,0.6666666666666666
aus.republican2,4132,787,FALSE,100,100,NA,NA,NA,NA
aus.republican2,4133,788,TRUE,2,99,0.5,0.5,0.6666666666666666,0.6666666666666666
aus.republican2,4134,789,FALSE,100,100,NA,NA,NA,NA
aus.republican2,4135,790,TRUE,3,99,0.5,0,0.5833333333333334,0.4166666666666667
aus.republican2,4136,791,TRUE,2,1,1,1,1,1
aus.republican2,4137,792,FALSE,100,100,NA,NA,NA,NA
aus.republican2,4138,793,FALSE,100,100,NA,NA,NA,NA
aus.republican2,4139,794,FALSE,100,100,NA,NA,NA,NA
aus.republican2,4140,795,FALSE,100,100,NA,NA,NA,NA
aus.republican2,4141,796,FALSE,100,100,NA,NA,NA,NA
aus.republican2,4142,797,FALSE,100,100,NA,NA,NA,NA
aus.republican2,4143,798,TRUE,3,1,0,0,0.4166666666666667,0.4166666666666667
aus.republican2,4144,799,FALSE,100,100,NA,NA,NA,NA
aus.republican2,4145,800,FALSE,100,100,NA,NA,NA,NA
aus.republican2,4146,801,FALSE,100,100,NA,NA,NA,NA
aus.republican2,4147,802,FALSE,100,100,NA,NA,NA,NA
aus.republican2,4148,803,TRUE,99,99,0.5,0.5,0.5,0.5
aus.republican2,4149,804,FALSE,100,100,NA,NA,NA,NA
aus.republican2,4150,805,TRUE,3,2,0,0,0.3333333333333333,0.3333333333333333
aus.republican2,4151,806,FALSE,100,100,NA,NA,NA,NA
aus.republican2,4152,807,FALSE,100,100,NA,NA,NA,NA
aus.republican2,4153,808,FALSE,100,100,NA,NA,NA,NA
aus.republican2,4154,809,FALSE,100,100,NA,NA,NA,NA
aus.republican2,4155,810,FALSE,100,100,NA,NA,NA,NA
aus.republican2,4156,811,FALSE,100,100,NA,NA,NA,NA
aus.republican2,4157,812,TRUE,1,3,0.5,0.5,0.8333333333333334,0.8333333333333334
aus.republican2,4158,813,FALSE,100,100,NA,NA,NA,NA
aus.republican2,4159,814,FALSE,100,100,NA,NA,NA,NA
aus.republican2,4160,815,TRUE,2,1,1,1,1,1
aus.republican2,4161,816,TRUE,2,1,1,1,1,1
aus.republican2,4162,817,FALSE,100,100,NA,NA,NA,NA
aus.republican2,4163,818,TRUE,99,99,0.5,0.5,0.5,0.5
aus.republican2,4164,819,FALSE,100,100,NA,NA,NA,NA
aus.republican2,4165,820,TRUE,2,3,0.5,0.5,0.5,0.5
aus.republican2,4166,821,TRUE,1,2,1,1,0.9166666666666666,0.9166666666666666
aus.republican2,4167,822,TRUE,2,1,1,1,1,1
aus.republican2,4168,823,TRUE,2,1,1,1,0.8333333333333334,0.8333333333333334
aus.republican2,4169,824,FALSE,100,100,NA,NA,NA,NA
aus.republican2,4170,825,FALSE,100,100,NA,NA,NA,NA
aus.republican2,4171,826,FALSE,100,100,NA,NA,NA,NA
aus.republican2,4172,827,FALSE,100,100,NA,NA,NA,NA
aus.republican2,4173,828,TRUE,3,97,0.5,0,0.5,0.3333333333333333
aus.republican2,4174,829,FALSE,100,100,NA,NA,NA,NA
aus.republican2,4175,830,TRUE,2,97,0.5,0.5,0.5,0.5
aus.republican2,4176,831,FALSE,100,100,NA,NA,NA,NA
aus.republican2,4177,832,FALSE,100,100,NA,NA,NA,NA
aus.republican2,4178,851,FALSE,100,100,NA,NA,NA,NA
aus.republican2,4179,852,FALSE,100,100,NA,NA,NA,NA
aus.republican2,4180,853,FALSE,100,100,NA,NA,NA,NA
aus.republican2,4181,854,TRUE,2,3,0.5,0.5,0.5,0.5
aus.republican2,4182,855,FALSE,100,100,NA,NA,NA,NA
aus.republican2,4183,856,FALSE,100,100,NA,NA,NA,NA
aus.republican2,4184,857,FALSE,100,100,NA,NA,NA,NA
aus.republican2,4185,858,TRUE,2,99,0.5,0.5,0.8333333333333334,0.8333333333333334
aus.republican2,4186,859,TRUE,2,3,0.5,0.5,0.8333333333333334,0.8333333333333334
aus.republican2,4187,860,FALSE,100,100,NA,NA,NA,NA
aus.republican2,4188,861,FALSE,100,100,NA,NA,NA,NA
aus.republican2,4189,862,FALSE,100,100,NA,NA,NA,NA
aus.republican2,4190,863,TRUE,2,1,1,1,1,1
aus.republican2,4191,864,FALSE,100,100,NA,NA,NA,NA
aus.republican2,4192,865,FALSE,100,100,NA,NA,NA,NA
aus.republican2,4193,866,TRUE,1,3,0.5,0.5,0.6666666666666666,0.6666666666666666
aus.republican2,4194,867,TRUE,2,99,0.5,0.5,0.5833333333333334,0.5833333333333334
aus.republican2,4195,868,TRUE,2,1,1,1,1,1
aus.republican2,4196,869,FALSE,100,100,NA,NA,NA,NA
aus.republican2,4197,870,FALSE,100,100,NA,NA,NA,NA
aus.republican2,4198,871,FALSE,100,100,NA,NA,NA,NA
aus.republican2,4199,872,FALSE,100,100,NA,NA,NA,NA
aus.republican2,4200,873,TRUE,2,1,1,1,1,1
aus.republican2,4201,874,TRUE,2,3,0.5,0.5,0.8333333333333334,0.8333333333333334
aus.republican2,4202,875,TRUE,3,2,0,0,0.6666666666666666,0.6666666666666666
aus.republican2,4203,876,FALSE,100,100,NA,NA,NA,NA
aus.republican2,4204,877,TRUE,2,3,0.5,0.5,0.75,0.75
aus.republican2,4205,878,TRUE,2,3,0.5,0.5,0.8333333333333334,0.8333333333333334
aus.republican2,4206,879,FALSE,100,100,NA,NA,NA,NA
aus.republican2,4207,880,TRUE,3,2,0,0,0.3333333333333333,0.3333333333333333
aus.republican2,4208,881,TRUE,2,97,0.5,0.5,0.6666666666666666,0.6666666666666666
aus.republican2,4209,882,FALSE,100,100,NA,NA,NA,NA
aus.republican2,4210,883,FALSE,100,100,NA,NA,NA,NA
aus.republican2,4211,884,FALSE,100,100,NA,NA,NA,NA
aus.republican2,4212,885,FALSE,100,100,NA,NA,NA,NA
aus.republican2,4213,886,TRUE,2,1,1,1,1,1
aus.republican2,4214,887,FALSE,100,100,NA,NA,NA,NA
aus.republican2,4215,888,FALSE,100,100,NA,NA,NA,NA
aus.republican2,4216,889,FALSE,100,100,NA,NA,NA,NA
aus.republican2,4217,890,FALSE,100,100,NA,NA,NA,NA
aus.republican2,4218,891,FALSE,100,100,NA,NA,NA,NA
aus.republican2,4219,892,FALSE,100,100,NA,NA,NA,NA
aus.republican2,4220,893,FALSE,100,100,NA,NA,NA,NA
aus.republican2,4221,894,FALSE,100,100,NA,NA,NA,NA
aus.republican2,4222,895,FALSE,100,100,NA,NA,NA,NA
aus.republican2,4223,896,FALSE,100,100,NA,NA,NA,NA
aus.republican2,4224,897,FALSE,100,100,NA,NA,NA,NA
aus.republican2,4225,898,FALSE,100,100,NA,NA,NA,NA
aus.republican2,4226,899,TRUE,2,97,0.5,0.5,0.5833333333333334,0.5833333333333334
aus.republican2,4227,900,FALSE,100,100,NA,NA,NA,NA
aus.republican2,4228,901,FALSE,100,100,NA,NA,NA,NA
aus.republican2,4229,902,FALSE,100,100,NA,NA,NA,NA
aus.republican2,4230,903,TRUE,1,2,1,1,0.9166666666666666,0.9166666666666666
aus.republican2,4231,904,FALSE,100,100,NA,NA,NA,NA
aus.republican2,4232,905,TRUE,2,1,1,1,0.8333333333333334,0.8333333333333334
aus.republican2,4233,906,FALSE,100,100,NA,NA,NA,NA
aus.republican2,4234,907,FALSE,100,100,NA,NA,NA,NA
aus.republican2,4235,908,FALSE,100,100,NA,NA,NA,NA
aus.republican2,4236,909,TRUE,2,1,1,1,1,1
aus.republican2,4237,910,FALSE,100,100,NA,NA,NA,NA
aus.republican2,4238,911,TRUE,2,1,1,1,0.8333333333333334,0.8333333333333334
aus.republican2,4239,912,FALSE,100,100,NA,NA,NA,NA
aus.republican2,4240,913,FALSE,100,100,NA,NA,NA,NA
aus.republican2,4241,914,FALSE,100,100,NA,NA,NA,NA
aus.republican2,4242,915,FALSE,100,100,NA,NA,NA,NA
aus.republican2,4243,916,FALSE,100,100,NA,NA,NA,NA
aus.republican2,4244,917,FALSE,100,100,NA,NA,NA,NA
aus.republican2,4245,918,TRUE,1,2,1,1,1,1
aus.republican2,4246,919,FALSE,100,100,NA,NA,NA,NA
aus.republican2,4247,920,FALSE,100,100,NA,NA,NA,NA
aus.republican2,4248,921,FALSE,100,100,NA,NA,NA,NA
aus.republican2,4249,922,FALSE,100,100,NA,NA,NA,NA
aus.republican2,4250,951,FALSE,100,100,NA,NA,NA,NA
aus.republican2,4251,952,FALSE,100,100,NA,NA,NA,NA
aus.republican2,4252,953,FALSE,100,100,NA,NA,NA,NA
aus.republican2,4253,954,FALSE,100,100,NA,NA,NA,NA
aus.republican2,4254,955,FALSE,100,100,NA,NA,NA,NA
aus.republican2,4255,956,TRUE,1,3,0.5,0.5,0.5,0.5
aus.republican2,4256,957,FALSE,100,100,NA,NA,NA,NA
aus.republican2,4257,958,FALSE,100,100,NA,NA,NA,NA
aus.republican2,4258,959,FALSE,100,100,NA,NA,NA,NA
aus.republican2,4259,960,FALSE,100,100,NA,NA,NA,NA
aus.republican2,4260,961,FALSE,100,100,NA,NA,NA,NA
aus.republican2,4261,962,FALSE,100,100,NA,NA,NA,NA
aus.republican2,4262,963,FALSE,100,100,NA,NA,NA,NA
aus.republican2,4263,964,FALSE,100,100,NA,NA,NA,NA
aus.republican2,4264,965,FALSE,100,100,NA,NA,NA,NA
aus.republican2,4265,966,FALSE,100,100,NA,NA,NA,NA
aus.republican2,4266,967,FALSE,100,100,NA,NA,NA,NA
aus.republican2,4267,968,TRUE,1,2,1,1,0.9166666666666666,0.9166666666666666
aus.republican2,4268,969,FALSE,100,100,NA,NA,NA,NA
aus.republican2,4269,970,FALSE,100,100,NA,NA,NA,NA
aus.republican2,4270,971,FALSE,100,100,NA,NA,NA,NA
aus.republican2,4271,972,FALSE,100,100,NA,NA,NA,NA
aus.republican2,4272,973,FALSE,100,100,NA,NA,NA,NA
aus.republican2,4273,974,FALSE,100,100,NA,NA,NA,NA
aus.republican2,4274,975,TRUE,99,99,0.5,0.5,0.75,0.75
aus.republican2,4275,976,FALSE,100,100,NA,NA,NA,NA
aus.republican2,4276,1001,FALSE,100,100,NA,NA,NA,NA
aus.republican2,4277,1002,FALSE,100,100,NA,NA,NA,NA
aus.republican2,4278,1003,FALSE,100,100,NA,NA,NA,NA
aus.republican2,4279,1004,FALSE,100,100,NA,NA,NA,NA
aus.republican2,4280,1005,FALSE,100,100,NA,NA,NA,NA
aus.republican2,4281,1006,FALSE,100,100,NA,NA,NA,NA
aus.republican2,4282,1007,FALSE,100,100,NA,NA,NA,NA
aus.republican2,4283,1008,FALSE,100,100,NA,NA,NA,NA
aus.republican2,4284,1009,FALSE,100,100,NA,NA,NA,NA
aus.republican2,4285,1010,FALSE,100,100,NA,NA,NA,NA
aus.republican2,4286,1011,FALSE,100,100,NA,NA,NA,NA
aus.republican2,4287,1012,FALSE,100,100,NA,NA,NA,NA
aus.republican2,4288,1013,FALSE,100,100,NA,NA,NA,NA
aus.republican2,4289,1014,FALSE,100,100,NA,NA,NA,NA
aus.republican2,4290,1015,FALSE,100,100,NA,NA,NA,NA
aus.republican2,4291,1016,FALSE,100,100,NA,NA,NA,NA
aus.republican2,4292,1017,FALSE,100,100,NA,NA,NA,NA
aus.republican2,4293,1018,FALSE,100,100,NA,NA,NA,NA
aus.republican2,4294,1019,FALSE,100,100,NA,NA,NA,NA
aus.republican2,4295,1020,FALSE,100,100,NA,NA,NA,NA
aus.republican2,4296,1021,FALSE,100,100,NA,NA,NA,NA
aus.republican2,4297,1022,FALSE,100,100,NA,NA,NA,NA
aus.republican2,4298,1023,FALSE,100,100,NA,NA,NA,NA
aus.republican2,4299,1024,FALSE,100,100,NA,NA,NA,NA
aus.republican2,4300,1025,FALSE,100,100,NA,NA,NA,NA
aus.republican2,4301,1026,FALSE,100,100,NA,NA,NA,NA
aus.republican2,4302,1027,FALSE,100,100,NA,NA,NA,NA
aus.republican2,4303,1028,FALSE,100,100,NA,NA,NA,NA
aus.republican2,4304,1029,TRUE,2,1,1,1,1,1
aus.republican2,4305,1030,FALSE,100,100,NA,NA,NA,NA
aus.republican2,4306,1031,FALSE,100,100,NA,NA,NA,NA
aus.republican2,4307,1032,TRUE,2,1,1,1,0.9166666666666666,0.9166666666666666
aus.republican2,4308,1033,TRUE,2,1,1,1,0.6666666666666666,0.6666666666666666
aus.republican2,4309,1034,FALSE,100,100,NA,NA,NA,NA
aus.republican2,4310,1035,FALSE,100,100,NA,NA,NA,NA
aus.republican2,4311,1036,TRUE,1,3,0.5,0.5,0.5833333333333334,0.5833333333333334
aus.republican2,4312,1037,FALSE,100,100,NA,NA,NA,NA
aus.republican2,4313,1038,TRUE,2,1,1,1,0.6666666666666666,0.6666666666666666
aus.republican2,4314,1039,FALSE,100,100,NA,NA,NA,NA
aus.republican2,4315,1040,FALSE,100,100,NA,NA,NA,NA
aus.republican2,4316,1041,FALSE,100,100,NA,NA,NA,NA
aus.republican2,4317,1042,FALSE,100,100,NA,NA,NA,NA
aus.republican2,4318,1043,FALSE,100,100,NA,NA,NA,NA
aus.republican2,4319,1044,FALSE,100,100,NA,NA,NA,NA
aus.republican2,4320,1045,FALSE,100,100,NA,NA,NA,NA
aus.republican2,4321,1046,TRUE,1,2,1,1,1,1
aus.republican2,4322,1047,FALSE,100,100,NA,NA,NA,NA
aus.republican2,4323,1048,FALSE,100,100,NA,NA,NA,NA
aus.republican2,4324,1049,FALSE,100,100,NA,NA,NA,NA
aus.republican2,4325,1050,FALSE,100,100,NA,NA,NA,NA
aus.republican2,4326,1051,TRUE,3,1,0,0,0.3333333333333333,0.3333333333333333
aus.republican2,4327,1052,TRUE,3,2,0,0,0.3333333333333333,0.3333333333333333
aus.republican2,4328,1053,FALSE,100,100,NA,NA,NA,NA
aus.republican2,4329,1054,FALSE,100,100,NA,NA,NA,NA
aus.republican2,4330,1055,FALSE,100,100,NA,NA,NA,NA
aus.republican2,4331,1056,FALSE,100,100,NA,NA,NA,NA
aus.republican2,4332,1057,FALSE,100,100,NA,NA,NA,NA
aus.republican2,4333,1058,FALSE,100,100,NA,NA,NA,NA
aus.republican2,4334,1059,TRUE,2,1,1,1,0.6666666666666666,0.6666666666666666
aus.republican2,4335,1060,TRUE,2,1,1,1,1,1
aus.republican2,4336,1061,FALSE,100,100,NA,NA,NA,NA
aus.republican2,4337,1062,FALSE,100,100,NA,NA,NA,NA
aus.republican2,4338,1063,TRUE,2,1,1,1,1,1
aus.republican2,4339,1064,FALSE,100,100,NA,NA,NA,NA
aus.republican2,4340,1065,FALSE,100,100,NA,NA,NA,NA
aus.republican2,4341,1066,FALSE,100,100,NA,NA,NA,NA
aus.republican2,4342,1067,FALSE,100,100,NA,NA,NA,NA
aus.republican2,4343,1068,FALSE,100,100,NA,NA,NA,NA
aus.republican2,4344,1069,TRUE,1,2,1,1,1,1
aus.republican2,4345,1070,FALSE,100,100,NA,NA,NA,NA
aus.republican2,4346,1071,TRUE,1,99,0.5,0.5,0.5833333333333334,0.5833333333333334
aus.republican2,4347,1072,FALSE,100,100,NA,NA,NA,NA
aus.republican2,4348,1073,FALSE,100,100,NA,NA,NA,NA
aus.republican2,4349,1074,FALSE,100,100,NA,NA,NA,NA
aus.republican2,4350,1075,TRUE,1,3,0.5,0.5,0.5833333333333334,0.5833333333333334
aus.republican2,4351,1076,FALSE,100,100,NA,NA,NA,NA
aus.republican2,4352,1077,FALSE,100,100,NA,NA,NA,NA
aus.republican2,4353,1078,FALSE,100,100,NA,NA,NA,NA
aus.republican2,4354,1079,FALSE,100,100,NA,NA,NA,NA
aus.republican2,4355,1080,FALSE,100,100,NA,NA,NA,NA
aus.republican2,4356,1081,TRUE,2,1,1,1,1,1
aus.republican2,4357,1082,TRUE,2,3,0.5,0.5,0.8333333333333334,0.8333333333333334
aus.republican2,4358,1083,FALSE,100,100,NA,NA,NA,NA
aus.republican2,4359,1084,TRUE,3,2,0,0,0.4166666666666667,0.4166666666666667
aus.republican2,4360,1085,TRUE,3,99,0.5,0,0.75,0.5833333333333334
aus.republican2,4361,1086,FALSE,100,100,NA,NA,NA,NA
aus.republican2,4362,1087,TRUE,99,97,0.5,0.5,0.75,0.75
aus.republican2,4363,1088,FALSE,100,100,NA,NA,NA,NA
aus.republican2,4364,1101,TRUE,2,97,0.5,0.5,0.75,0.75
aus.republican2,4365,1102,FALSE,100,100,NA,NA,NA,NA
aus.republican2,4366,1103,FALSE,100,100,NA,NA,NA,NA
aus.republican2,4367,1104,FALSE,100,100,NA,NA,NA,NA
aus.republican2,4368,1105,FALSE,100,100,NA,NA,NA,NA
aus.republican2,4369,1106,TRUE,3,2,0,0,0.4166666666666667,0.4166666666666667
aus.republican2,4370,1107,TRUE,2,1,1,1,0.6666666666666666,0.6666666666666666
aus.republican2,4371,1108,TRUE,2,1,1,1,1,1
aus.republican2,4372,1109,FALSE,100,100,NA,NA,NA,NA
aus.republican2,4373,1110,TRUE,2,1,1,1,1,1
aus.republican2,4374,1111,TRUE,2,99,0.5,0.5,0.8333333333333334,0.8333333333333334
aus.republican2,4375,1112,TRUE,2,1,1,1,1,1
aus.republican2,4376,1113,TRUE,3,2,0,0,0.3333333333333333,0.3333333333333333
aus.republican2,4377,1114,FALSE,100,100,NA,NA,NA,NA
aus.republican2,4378,1115,TRUE,2,97,0.5,0.5,0.8333333333333334,0.8333333333333334
aus.republican2,4379,1116,FALSE,100,100,NA,NA,NA,NA
aus.republican2,4380,1117,TRUE,1,3,0.5,0.5,0.8333333333333334,0.8333333333333334
aus.republican2,4381,1118,TRUE,2,99,0.5,0.5,0.75,0.75
aus.republican2,4382,1119,TRUE,3,1,0,0,0.4166666666666667,0.4166666666666667
aus.republican2,4383,1120,FALSE,100,100,NA,NA,NA,NA
aus.republican2,4384,1121,FALSE,100,100,NA,NA,NA,NA
aus.republican2,4385,1122,FALSE,100,100,NA,NA,NA,NA
aus.republican2,4386,1123,FALSE,100,100,NA,NA,NA,NA
aus.republican2,4387,1124,TRUE,2,1,1,1,0.75,0.75
aus.republican2,4388,1125,FALSE,100,100,NA,NA,NA,NA
aus.republican2,4389,1126,FALSE,100,100,NA,NA,NA,NA
aus.republican2,4390,1127,FALSE,100,100,NA,NA,NA,NA
aus.republican2,4391,1128,FALSE,100,100,NA,NA,NA,NA
aus.republican2,4392,1129,FALSE,100,100,NA,NA,NA,NA
aus.republican2,4393,1130,TRUE,2,1,1,1,1,1
aus.republican2,4394,1201,TRUE,2,1,1,1,0.9166666666666666,0.9166666666666666
aus.republican2,4395,1202,TRUE,2,1,1,1,0.75,0.75
aus.republican2,4396,1203,TRUE,2,3,0.5,0.5,0.8333333333333334,0.8333333333333334
aus.republican2,4397,1204,TRUE,2,1,1,1,1,1
aus.republican2,4398,1205,FALSE,100,100,NA,NA,NA,NA
aus.republican2,4399,1206,FALSE,100,100,NA,NA,NA,NA
aus.republican2,4400,1207,TRUE,2,3,0.5,0.5,0.75,0.75
aus.republican2,4401,1208,FALSE,100,100,NA,NA,NA,NA
aus.republican2,4402,1209,FALSE,100,100,NA,NA,NA,NA
aus.republican2,4403,1210,FALSE,100,100,NA,NA,NA,NA
aus.republican2,4404,1211,FALSE,100,100,NA,NA,NA,NA
aus.republican2,4405,1212,TRUE,2,99,0.5,0.5,0.8333333333333334,0.8333333333333334
aus.republican2,4406,1213,FALSE,100,100,NA,NA,NA,NA
aus.republican2,4407,1214,TRUE,2,3,0.5,0.5,0.8333333333333334,0.8333333333333334
aus.republican2,4408,1215,FALSE,100,100,NA,NA,NA,NA
aus.republican2,4409,1216,FALSE,100,100,NA,NA,NA,NA
aus.republican2,4410,1217,FALSE,100,100,NA,NA,NA,NA
aus.republican2,4411,1218,FALSE,100,100,NA,NA,NA,NA
aus.republican2,4412,1219,TRUE,97,97,0.5,0.5,0.6666666666666666,0.6666666666666666
aus.republican2,4413,1220,FALSE,100,100,NA,NA,NA,NA
aus.republican2,4414,1221,FALSE,100,100,NA,NA,NA,NA
aus.republican2,4415,1222,FALSE,100,100,NA,NA,NA,NA
aus.republican2,4416,1223,FALSE,100,100,NA,NA,NA,NA
aus.republican2,4417,1224,TRUE,2,1,1,1,1,1
aus.republican2,4418,1225,FALSE,100,100,NA,NA,NA,NA
aus.republican2,4419,1226,TRUE,3,1,0,0,0.3333333333333333,0.3333333333333333
aus.republican2,4420,1227,TRUE,2,3,0.5,0.5,0.5,0.5
aus.republican2,4421,1228,FALSE,100,100,NA,NA,NA,NA
aus.republican2,4422,1229,FALSE,100,100,NA,NA,NA,NA
aus.republican2,4423,1230,TRUE,2,1,1,1,1,1
aus.republican2,4424,1251,TRUE,2,1,1,1,1,1
aus.republican2,4425,1252,FALSE,100,100,NA,NA,NA,NA
aus.republican2,4426,1253,TRUE,2,1,1,1,0.9166666666666666,0.9166666666666666
aus.republican2,4427,1254,TRUE,2,1,1,1,1,1
aus.republican2,4428,1255,FALSE,100,100,NA,NA,NA,NA
aus.republican2,4429,1256,TRUE,1,3,0.5,0.5,0.5833333333333334,0.5833333333333334
aus.republican2,4430,1257,FALSE,100,100,NA,NA,NA,NA
aus.republican2,4431,1258,FALSE,100,100,NA,NA,NA,NA
aus.republican2,4432,1259,FALSE,100,100,NA,NA,NA,NA
aus.republican2,4433,1260,TRUE,1,3,0.5,0.5,0.6666666666666666,0.6666666666666666
aus.republican2,4434,1261,FALSE,100,100,NA,NA,NA,NA
aus.republican2,4435,1262,TRUE,2,1,1,1,1,1
aus.republican2,4436,1301,TRUE,2,99,0.5,0.5,0.75,0.75
aus.republican2,4437,1302,FALSE,100,100,NA,NA,NA,NA
aus.republican2,4438,1303,FALSE,100,100,NA,NA,NA,NA
aus.republican2,4439,1304,FALSE,100,100,NA,NA,NA,NA
aus.republican2,4440,1305,FALSE,100,100,NA,NA,NA,NA
aus.republican2,4441,1306,TRUE,1,3,0.5,0.5,0.8333333333333334,0.8333333333333334
aus.republican2,4442,1307,TRUE,2,1,1,1,0.8333333333333334,0.8333333333333334
aus.republican2,4443,1308,FALSE,100,100,NA,NA,NA,NA
aus.republican2,4444,1309,FALSE,100,100,NA,NA,NA,NA
aus.republican2,4445,1310,FALSE,100,100,NA,NA,NA,NA
aus.republican2,4446,1311,FALSE,100,100,NA,NA,NA,NA
aus.republican2,4447,1312,FALSE,100,100,NA,NA,NA,NA
aus.republican2,4448,1313,FALSE,100,100,NA,NA,NA,NA
aus.republican2,4449,1314,TRUE,2,3,0.5,0.5,0.8333333333333334,0.8333333333333334
aus.republican2,4450,1315,FALSE,100,100,NA,NA,NA,NA
aus.republican2,4451,1316,FALSE,100,100,NA,NA,NA,NA
aus.republican2,4452,1317,FALSE,100,100,NA,NA,NA,NA
aus.republican2,4453,1318,FALSE,100,100,NA,NA,NA,NA
aus.republican2,4454,1319,FALSE,100,100,NA,NA,NA,NA
aus.republican2,4455,1320,FALSE,100,100,NA,NA,NA,NA
aus.republican2,4456,1321,TRUE,1,2,1,1,0.8333333333333334,0.8333333333333334
aus.republican2,4457,1322,FALSE,100,100,NA,NA,NA,NA
aus.republican2,4458,1323,FALSE,100,100,NA,NA,NA,NA
aus.republican2,4459,1324,TRUE,3,2,0,0,0.4166666666666667,0.4166666666666667
aus.republican2,4460,1325,FALSE,100,100,NA,NA,NA,NA
aus.republican2,4461,1326,FALSE,100,100,NA,NA,NA,NA
aus.republican2,4462,1327,FALSE,100,100,NA,NA,NA,NA
aus.republican2,4463,1328,FALSE,100,100,NA,NA,NA,NA
aus.republican2,4464,1329,TRUE,1,2,1,1,1,1
aus.republican2,4465,1330,FALSE,100,100,NA,NA,NA,NA
aus.republican2,4466,1331,FALSE,100,100,NA,NA,NA,NA
aus.republican2,4467,1332,FALSE,100,100,NA,NA,NA,NA
aus.republican2,4468,1333,TRUE,2,3,0.5,0.5,0.5833333333333334,0.5833333333333334
aus.republican2,4469,1334,FALSE,100,100,NA,NA,NA,NA
aus.republican2,4470,1335,TRUE,2,1,1,1,1,1
aus.republican2,4471,1336,FALSE,100,100,NA,NA,NA,NA
aus.republican2,4472,1337,FALSE,100,100,NA,NA,NA,NA
aus.republican2,4473,1338,FALSE,100,100,NA,NA,NA,NA
aus.republican2,4474,1339,FALSE,100,100,NA,NA,NA,NA
aus.republican2,4475,1340,FALSE,100,100,NA,NA,NA,NA
aus.republican2,4476,1341,FALSE,100,100,NA,NA,NA,NA
aus.republican2,4477,1342,FALSE,100,100,NA,NA,NA,NA
aus.republican2,4478,1343,TRUE,2,3,0.5,0.5,0.5833333333333334,0.5833333333333334
aus.republican2,4479,1344,TRUE,2,99,0.5,0.5,0.75,0.75
aus.republican2,4480,1345,FALSE,100,100,NA,NA,NA,NA
aus.republican2,4481,1346,FALSE,100,100,NA,NA,NA,NA
aus.republican2,4482,1347,FALSE,100,100,NA,NA,NA,NA
aus.republican2,4483,1348,FALSE,100,100,NA,NA,NA,NA
aus.republican2,4484,1349,TRUE,2,1,1,1,1,1
aus.republican2,4485,1350,FALSE,100,100,NA,NA,NA,NA
aus.republican2,4486,1351,FALSE,100,100,NA,NA,NA,NA
aus.republican2,4487,1352,FALSE,100,100,NA,NA,NA,NA
aus.republican2,4488,1353,TRUE,97,97,0.5,0.5,0.8333333333333334,0.8333333333333334
aus.republican2,4489,1354,FALSE,100,100,NA,NA,NA,NA
aus.republican2,4490,1355,FALSE,100,100,NA,NA,NA,NA
aus.republican2,4491,1356,TRUE,2,3,0.5,0.5,0.8333333333333334,0.8333333333333334
aus.republican2,4492,1357,FALSE,100,100,NA,NA,NA,NA
aus.republican2,4493,1358,FALSE,100,100,NA,NA,NA,NA
aus.republican2,4494,1359,TRUE,2,99,0.5,0.5,0.5833333333333334,0.5833333333333334
aus.republican2,4495,1360,FALSE,100,100,NA,NA,NA,NA
aus.republican2,4496,1361,FALSE,100,100,NA,NA,NA,NA
aus.republican2,4497,1362,TRUE,97,97,0.5,0.5,0.6666666666666666,0.6666666666666666
aus.republican2,4498,1363,FALSE,100,100,NA,NA,NA,NA
aus.republican2,4499,1364,TRUE,1,99,0.5,0.5,0.5,0.5
aus.republican2,4500,1365,FALSE,100,100,NA,NA,NA,NA
aus.republican2,4501,1366,FALSE,100,100,NA,NA,NA,NA
aus.republican2,4502,1367,FALSE,100,100,NA,NA,NA,NA
aus.republican2,4503,1368,FALSE,100,100,NA,NA,NA,NA
aus.republican2,4504,1369,FALSE,100,100,NA,NA,NA,NA
aus.republican2,4505,1370,TRUE,3,1,0,0,0.4166666666666667,0.4166666666666667
aus.republican2,4506,1371,FALSE,100,100,NA,NA,NA,NA
aus.republican2,4507,1372,TRUE,99,99,0.5,0.5,0.8333333333333334,0.8333333333333334
aus.republican2,4508,1373,FALSE,100,100,NA,NA,NA,NA
aus.republican2,4509,1374,TRUE,1,97,0.5,0.5,0.5,0.5
aus.republican2,4510,1375,FALSE,100,100,NA,NA,NA,NA
aus.republican2,4511,1376,FALSE,100,100,NA,NA,NA,NA
aus.republican2,4512,1377,FALSE,100,100,NA,NA,NA,NA
aus.republican2,4513,1378,FALSE,100,100,NA,NA,NA,NA
aus.republican2,4514,1379,FALSE,100,100,NA,NA,NA,NA
aus.republican2,4515,1380,TRUE,1,2,1,1,1,1
aus.republican2,4516,1381,TRUE,99,99,0.5,0.5,0.5,0.5
aus.republican2,4517,1382,FALSE,100,100,NA,NA,NA,NA
aus.republican2,4518,1383,FALSE,100,100,NA,NA,NA,NA
aus.republican2,4519,1384,TRUE,99,99,0.5,0.5,0.5833333333333334,0.5833333333333334
aus.republican2,4520,1385,FALSE,100,100,NA,NA,NA,NA
aus.republican2,4521,1386,TRUE,2,1,1,1,0.9166666666666666,0.9166666666666666
aus.republican2,4522,1387,FALSE,100,100,NA,NA,NA,NA
aus.republican2,4523,1388,FALSE,100,100,NA,NA,NA,NA
aus.republican2,4524,1389,FALSE,100,100,NA,NA,NA,NA
aus.republican2,4525,1390,TRUE,2,3,0.5,0.5,0.5833333333333334,0.5833333333333334
aus.republican2,4526,1391,TRUE,1,2,1,1,1,1
aus.republican2,4527,1392,FALSE,100,100,NA,NA,NA,NA
aus.republican2,4528,1393,FALSE,100,100,NA,NA,NA,NA
aus.republican2,4529,1394,TRUE,1,97,0.5,0.5,0.5833333333333334,0.5833333333333334
aus.republican2,4530,1395,TRUE,3,97,0.5,0,0.5,0.3333333333333333
aus.republican2,4531,1396,TRUE,2,1,1,1,1,1
aus.republican2,4532,1397,TRUE,2,1,1,1,0.6666666666666666,0.6666666666666666
aus.republican2,4533,1398,FALSE,100,100,NA,NA,NA,NA
aus.republican2,4534,1399,FALSE,100,100,NA,NA,NA,NA
aus.republican2,4535,1400,TRUE,2,1,1,1,0.9166666666666666,0.9166666666666666
aus.republican2,4536,1401,FALSE,100,100,NA,NA,NA,NA
aus.republican2,4537,1402,FALSE,100,100,NA,NA,NA,NA
aus.republican2,4538,1403,FALSE,100,100,NA,NA,NA,NA
aus.republican2,4539,1501,FALSE,100,100,NA,NA,NA,NA
aus.republican2,4540,1502,TRUE,1,2,1,1,0.75,0.75
aus.republican2,4541,1503,FALSE,100,100,NA,NA,NA,NA
aus.republican2,4542,1504,FALSE,100,100,NA,NA,NA,NA
aus.republican2,4543,1505,TRUE,2,3,0.5,0.5,0.5833333333333334,0.5833333333333334
aus.republican2,4544,1506,FALSE,100,100,NA,NA,NA,NA
aus.republican2,4545,1507,FALSE,100,100,NA,NA,NA,NA
aus.republican2,4546,1508,FALSE,100,100,NA,NA,NA,NA
aus.republican2,4547,1509,FALSE,100,100,NA,NA,NA,NA
aus.republican2,4548,1510,FALSE,100,100,NA,NA,NA,NA
aus.republican2,4549,1511,TRUE,1,2,1,1,0.75,0.75
aus.republican2,4550,1512,TRUE,2,1,1,1,0.75,0.75
aus.republican2,4551,1513,TRUE,2,1,1,1,0.75,0.75
aus.republican2,4552,1514,FALSE,100,100,NA,NA,NA,NA
aus.republican2,4553,1515,TRUE,99,99,0.5,0.5,0.5,0.5
aus.republican2,4554,1516,TRUE,2,1,1,1,1,1
aus.republican2,4555,1517,FALSE,100,100,NA,NA,NA,NA
aus.republican2,4556,1518,TRUE,2,1,1,1,1,1
aus.republican2,4557,1519,FALSE,100,100,NA,NA,NA,NA
aus.republican2,4558,1520,TRUE,2,3,0.5,0.5,0.8333333333333334,0.8333333333333334
aus.republican2,4559,1521,FALSE,100,100,NA,NA,NA,NA
aus.republican2,4560,1522,FALSE,100,100,NA,NA,NA,NA
aus.republican2,4561,1523,TRUE,2,3,0.5,0.5,0.5833333333333334,0.5833333333333334
aus.republican2,4562,1524,FALSE,100,100,NA,NA,NA,NA
aus.republican2,4563,1525,TRUE,1,2,1,1,0.9166666666666666,0.9166666666666666
aus.republican2,4564,1526,TRUE,3,1,0,0,0,0
aus.republican2,4565,1527,TRUE,2,99,0.5,0.5,0.8333333333333334,0.8333333333333334
aus.republican2,4566,1528,FALSE,100,100,NA,NA,NA,NA
aus.republican2,4567,1529,FALSE,100,100,NA,NA,NA,NA
aus.republican2,4568,1530,FALSE,100,100,NA,NA,NA,NA
aus.republican2,4569,1531,FALSE,100,100,NA,NA,NA,NA
aus.republican2,4570,1532,FALSE,100,100,NA,NA,NA,NA
aus.republican2,4571,1533,TRUE,3,1,0,0,0.5,0.5
aus.republican2,4572,1534,FALSE,100,100,NA,NA,NA,NA
aus.republican2,4573,1535,FALSE,100,100,NA,NA,NA,NA
aus.republican2,4574,1536,TRUE,2,1,1,1,1,1
aus.republican2,4575,1537,TRUE,3,97,0.5,0,0.3333333333333333,0.16666666666666666
aus.republican2,4576,1538,FALSE,100,100,NA,NA,NA,NA
aus.republican2,4577,1539,FALSE,100,100,NA,NA,NA,NA
aus.republican2,4578,1540,TRUE,2,99,0.5,0.5,0.8333333333333334,0.8333333333333334
aus.republican2,4579,1541,FALSE,100,100,NA,NA,NA,NA
aus.republican2,4580,1542,FALSE,100,100,NA,NA,NA,NA
aus.republican2,4581,1543,FALSE,100,100,NA,NA,NA,NA
aus.republican2,4582,1544,TRUE,1,2,1,1,1,1
aus.republican2,4583,1545,TRUE,2,1,1,1,1,1
aus.republican2,4584,1546,TRUE,2,3,0.5,0.5,0.8333333333333334,0.8333333333333334
aus.republican2,4585,1547,TRUE,1,99,0.5,0.5,0.5833333333333334,0.5833333333333334
aus.republican2,4586,1548,FALSE,100,100,NA,NA,NA,NA
aus.republican2,4587,1549,FALSE,100,100,NA,NA,NA,NA
aus.republican2,4588,1550,FALSE,100,100,NA,NA,NA,NA
aus.republican2,4589,1551,FALSE,100,100,NA,NA,NA,NA
aus.republican2,4590,1552,FALSE,100,100,NA,NA,NA,NA
aus.republican2,4591,1553,TRUE,2,1,1,1,1,1
aus.republican2,4592,1554,TRUE,1,3,0.5,0.5,0.5,0.5
aus.republican2,4593,1555,FALSE,100,100,NA,NA,NA,NA
aus.republican2,4594,1556,FALSE,100,100,NA,NA,NA,NA
aus.republican2,4595,1557,FALSE,100,100,NA,NA,NA,NA
aus.republican2,4596,1558,TRUE,99,99,0.5,0.5,0.8333333333333334,0.8333333333333334
aus.republican2,4597,1559,FALSE,100,100,NA,NA,NA,NA
aus.republican2,4598,1560,TRUE,2,1,1,1,1,1
aus.republican2,4599,1561,TRUE,1,3,0.5,0.5,0.5833333333333334,0.5833333333333334
aus.republican2,4600,1562,FALSE,100,100,NA,NA,NA,NA
aus.republican2,4601,1563,FALSE,100,100,NA,NA,NA,NA
aus.republican2,4602,1564,FALSE,100,100,NA,NA,NA,NA
aus.republican2,4603,1565,TRUE,2,97,0.5,0.5,0.8333333333333334,0.8333333333333334
aus.republican2,4604,1566,FALSE,100,100,NA,NA,NA,NA
aus.republican2,4605,1567,FALSE,100,100,NA,NA,NA,NA
aus.republican2,4606,1568,FALSE,100,100,NA,NA,NA,NA
aus.republican2,4607,1569,FALSE,100,100,NA,NA,NA,NA
aus.republican2,4608,1570,FALSE,100,100,NA,NA,NA,NA
aus.republican2,4609,1571,FALSE,100,100,NA,NA,NA,NA
aus.republican2,4610,1572,TRUE,3,2,0,0,0.5833333333333334,0.5833333333333334
aus.republican2,4611,1573,FALSE,100,100,NA,NA,NA,NA
aus.republican2,4612,1574,FALSE,100,100,NA,NA,NA,NA
aus.republican2,4613,1575,FALSE,100,100,NA,NA,NA,NA
aus.republican2,4614,1576,FALSE,100,100,NA,NA,NA,NA
aus.republican2,4615,1577,FALSE,100,100,NA,NA,NA,NA
aus.republican2,4616,1578,TRUE,97,97,0.5,0.5,0.6666666666666666,0.6666666666666666
aus.republican2,4617,1579,FALSE,100,100,NA,NA,NA,NA
aus.republican2,4618,1580,TRUE,2,99,0.5,0.5,0.5,0.5
aus.republican2,4619,1581,FALSE,100,100,NA,NA,NA,NA
aus.republican2,4620,1582,TRUE,1,2,1,1,1,1
aus.republican2,4621,1583,FALSE,100,100,NA,NA,NA,NA
aus.republican2,4622,1584,FALSE,100,100,NA,NA,NA,NA
aus.republican2,4623,1585,TRUE,2,3,0.5,0.5,0.5833333333333334,0.5833333333333334
aus.republican2,4624,1586,TRUE,1,2,1,1,0.9166666666666666,0.9166666666666666
aus.republican2,4625,1587,FALSE,100,100,NA,NA,NA,NA
aus.republican2,4626,1588,FALSE,100,100,NA,NA,NA,NA
aus.republican2,4627,1589,TRUE,2,1,1,1,0.6666666666666666,0.6666666666666666
aus.republican2,4628,1590,TRUE,3,99,0.5,0,0.16666666666666666,0
aus.republican2,4629,1591,FALSE,100,100,NA,NA,NA,NA
aus.republican2,4630,1592,TRUE,2,1,1,1,0.6666666666666666,0.6666666666666666
aus.republican2,4631,1593,FALSE,100,100,NA,NA,NA,NA
aus.republican2,4632,1594,FALSE,100,100,NA,NA,NA,NA
aus.republican2,4633,1595,FALSE,100,100,NA,NA,NA,NA
aus.republican2,4634,1596,FALSE,100,100,NA,NA,NA,NA
aus.republican2,4635,1597,FALSE,100,100,NA,NA,NA,NA
aus.republican2,4636,1598,FALSE,100,100,NA,NA,NA,NA
aus.republican2,4637,1599,FALSE,100,100,NA,NA,NA,NA
aus.republican2,4638,1600,FALSE,100,100,NA,NA,NA,NA
aus.republican2,4639,1601,FALSE,100,100,NA,NA,NA,NA
aus.republican2,4640,1602,TRUE,2,1,1,1,0.8333333333333334,0.8333333333333334
aus.republican2,4641,1603,FALSE,100,100,NA,NA,NA,NA
aus.republican2,4642,1604,TRUE,2,97,0.5,0.5,0.8333333333333334,0.8333333333333334
aus.republican2,4643,1605,FALSE,100,100,NA,NA,NA,NA
aus.republican2,4644,1606,FALSE,100,100,NA,NA,NA,NA
aus.republican2,4645,1607,FALSE,100,100,NA,NA,NA,NA
aus.republican2,4646,1608,TRUE,1,99,0.5,0.5,0.5833333333333334,0.5833333333333334
aus.republican2,4647,1609,FALSE,100,100,NA,NA,NA,NA
aus.republican2,4648,1610,FALSE,100,100,NA,NA,NA,NA
aus.republican2,4649,1611,FALSE,100,100,NA,NA,NA,NA
aus.republican2,4650,1612,FALSE,100,100,NA,NA,NA,NA
aus.republican2,4651,1613,FALSE,100,100,NA,NA,NA,NA
aus.republican2,4652,1614,FALSE,100,100,NA,NA,NA,NA
aus.republican2,4653,1615,FALSE,100,100,NA,NA,NA,NA
aus.republican2,4654,1616,FALSE,100,100,NA,NA,NA,NA
aus.republican2,4655,1617,FALSE,100,100,NA,NA,NA,NA
aus.republican2,4656,1618,FALSE,100,100,NA,NA,NA,NA
aus.republican2,4657,1619,FALSE,100,100,NA,NA,NA,NA
aus.republican2,4658,1620,FALSE,100,100,NA,NA,NA,NA
aus.republican2,4659,1621,FALSE,100,100,NA,NA,NA,NA
